{"type":"FeatureCollection","features":[{"type":"Feature","geometry":{"type":"Polygon","coordinates":[[[-119.087285,49.437731],[-119.086887,49.43764],[-119.086923,49.437576],[-119.087319,49.437667],[-119.087285,49.437731]]]},"properties":{"OBJECTID":23001,"PMBCParcelGUID":"{FAD08CCC-AD3A-4C57-A09C-A236CB08A402}","PMBC_PID":12654205,"PMBC_PIN":12654205,"PMBC_ParcelClass":"SUBDIVISION","PMBC_OwnerType":"CROWN PROVINCIAL","PMBC_LegalDescription":"LOT 48 BLOCK 3 DISTRICT LOT 1545 SIMILKAMEEN DIVISION YALE DISTRICT PLAN 94","Folio":"71300068105","FullAddress":"5873 HIGHWAY 33 ","apt_no":null,"street_no":"5873","street_direction_prefix":null,"street_name":"HIGHWAY 33","street_direction_suffix":null,"postal_code":null,"city":null,"province":"BC","AddressID":"A00000J6PK","TempKey":"FAD08CCC-AD3A-4C57-A09C-A236CB08A402A00000J6PK","GlobalID":"{39FB370A-F88C-4553-9476-24490A716F31}","Shape__Area":2.8768181817500007e-8,"Shape__Length":0.0009608711853856018}},{"type":"Feature","geometry":{"type":"Polygon","coordinates":[[[-117.790215,49.076654],[-117.790181,49.07697],[-117.790146,49.076969],[-117.790022,49.076963],[-117.789897,49.076957],[-117.789774,49.076952],[-117.78967,49.076947],[-117.789647,49.076946],[-117.789522,49.07694],[-117.7894,49.076935],[-117.789424,49.076706],[-117.789433,49.076618],[-117.789556,49.076624],[-117.789681,49.07663],[-117.789807,49.076635],[-117.78993,49.076641],[-117.790055,49.076647],[-117.79018,49.076652],[-117.790215,49.076654]]]},"properties":{"OBJECTID":23002,"PMBCParcelGUID":"{CEC0ABF9-EEA6-4506-941F-A23BEDC7CF2D}","PMBC_PID":30428874,"PMBC_PIN":30428874,"PMBC_ParcelClass":"SUBDIVISION","PMBC_OwnerType":"PRIVATE","PMBC_LegalDescription":"LOT A SECTION 35 TOWNSHIP 9A KOOTENAY DISTRICT PLAN EPP73335","Folio":"22900974090","FullAddress":"2670 COLUMBIA AVE , ROSSLAND","apt_no":null,"street_no":"2670","street_direction_prefix":null,"street_name":"COLUMBIA AVE","street_direction_suffix":null,"postal_code":null,"city":"ROSSLAND","province":"BC","AddressID":"D00000JQFN","TempKey":"CEC0ABF9-EEA6-4506-941F-A23BEDC7CF2DD00000JQFN","GlobalID":"{DC8A53FB-8A85-4A8F-82B2-C08CDABA5906}","Shape__Area":2.4828797785700007e-7,"Shape__Length":0.0022006926790893774}},{"type":"Feature","geometry":{"type":"Polygon","coordinates":[[[-118.239048,49.101874],[-118.239187,49.101886],[-118.239274,49.101769],[-118.2393,49.101736],[-118.239379,49.10163],[-118.239425,49.101569],[-118.239545,49.101557],[-118.23958,49.101549],[-118.239612,49.101539],[-118.239722,49.101493],[-118.23983,49.101471],[-118.23987,49.101459],[-118.239909,49.101451],[-118.239994,49.101436],[-118.240066,49.10141],[-118.240087,49.101401],[-118.24011,49.101395],[-118.240134,49.101391],[-118.24015,49.101398],[-118.240164,49.101407],[-118.240176,49.101417],[-118.240185,49.101429],[-118.240198,49.101449],[-118.240204,49.101526],[-118.240211,49.10155],[-118.240211,49.101657],[-118.240206,49.101681],[-118.2402,49.101696],[-118.240198,49.101712],[-118.240201,49.101728],[-118.240208,49.101743],[-118.240127,49.101763],[-118.239005,49.102042],[-118.239048,49.101874]]]},"properties":{"OBJECTID":23003,"PMBCParcelGUID":"{6E6B6412-4959-4DC1-AD76-A23D4162AA96}","PMBC_PID":4372905,"PMBC_PIN":4372905,"PMBC_ParcelClass":"SUBDIVISION","PMBC_OwnerType":"MIXED OWNERSHIP","PMBC_LegalDescription":"LOT 2 BLOCK 6 DISTRICT LOT 963 SIMILKAMEEN DIVISION YALE DISTRICT PLAN 6348","Folio":"71204301000","FullAddress":"187 ALPINE RD , CHRISTINA LAKE","apt_no":null,"street_no":"187","street_direction_prefix":null,"street_name":"ALPINE RD","street_direction_suffix":null,"postal_code":"V0H 1E1","city":"CHRISTINA LAKE","province":"BC","AddressID":"A00000J4UB","TempKey":"6E6B6412-4959-4DC1-AD76-A23D4162AA96A00000J4UB","GlobalID":"{808963C8-8AC2-4D15-8C6E-444EDED65C6E}","Shape__Area":3.606792243800001e-7,"Shape__Length":0.0030693144012540604}},{"type":"Feature","geometry":{"type":"Polygon","coordinates":[[[-118.239048,49.101874],[-118.239187,49.101886],[-118.239274,49.101769],[-118.2393,49.101736],[-118.239379,49.10163],[-118.239425,49.101569],[-118.239545,49.101557],[-118.23958,49.101549],[-118.239612,49.101539],[-118.239722,49.101493],[-118.23983,49.101471],[-118.23987,49.101459],[-118.239909,49.101451],[-118.239994,49.101436],[-118.240066,49.10141],[-118.240087,49.101401],[-118.24011,49.101395],[-118.240134,49.101391],[-118.24015,49.101398],[-118.240164,49.101407],[-118.240176,49.101417],[-118.240185,49.101429],[-118.240198,49.101449],[-118.240204,49.101526],[-118.240211,49.10155],[-118.240211,49.101657],[-118.240206,49.101681],[-118.2402,49.101696],[-118.240198,49.101712],[-118.240201,49.101728],[-118.240208,49.101743],[-118.240127,49.101763],[-118.239005,49.102042],[-118.239048,49.101874]]]},"properties":{"OBJECTID":23004,"PMBCParcelGUID":"{6E6B6412-4959-4DC1-AD76-A23D4162AA96}","PMBC_PID":4372905,"PMBC_PIN":4372905,"PMBC_ParcelClass":"SUBDIVISION","PMBC_OwnerType":"MIXED OWNERSHIP","PMBC_LegalDescription":"LOT 2 BLOCK 6 DISTRICT LOT 963 SIMILKAMEEN DIVISION YALE DISTRICT PLAN 6348","Folio":"71204301000","FullAddress":"183 ALPINE RD , CHRISTINA LAKE","apt_no":null,"street_no":"183","street_direction_prefix":null,"street_name":"ALPINE RD","street_direction_suffix":null,"postal_code":"V0H 1E1","city":"CHRISTINA LAKE","province":"BC","AddressID":"D00000KDJ4","TempKey":"6E6B6412-4959-4DC1-AD76-A23D4162AA96D00000KDJ4","GlobalID":"{1F22109C-1A66-4314-BFB6-CEE8CC07DE0B}","Shape__Area":3.606792243800001e-7,"Shape__Length":0.0030693144012540604}},{"type":"Feature","geometry":{"type":"Polygon","coordinates":[[[-118.239048,49.101874],[-118.239187,49.101886],[-118.239274,49.101769],[-118.2393,49.101736],[-118.239379,49.10163],[-118.239425,49.101569],[-118.239545,49.101557],[-118.23958,49.101549],[-118.239612,49.101539],[-118.239722,49.101493],[-118.23983,49.101471],[-118.23987,49.101459],[-118.239909,49.101451],[-118.239994,49.101436],[-118.240066,49.10141],[-118.240087,49.101401],[-118.24011,49.101395],[-118.240134,49.101391],[-118.24015,49.101398],[-118.240164,49.101407],[-118.240176,49.101417],[-118.240185,49.101429],[-118.240198,49.101449],[-118.240204,49.101526],[-118.240211,49.10155],[-118.240211,49.101657],[-118.240206,49.101681],[-118.2402,49.101696],[-118.240198,49.101712],[-118.240201,49.101728],[-118.240208,49.101743],[-118.240127,49.101763],[-118.239005,49.102042],[-118.239048,49.101874]]]},"properties":{"OBJECTID":23005,"PMBCParcelGUID":"{6E6B6412-4959-4DC1-AD76-A23D4162AA96}","PMBC_PID":4372905,"PMBC_PIN":4372905,"PMBC_ParcelClass":"SUBDIVISION","PMBC_OwnerType":"MIXED OWNERSHIP","PMBC_LegalDescription":"LOT 2 BLOCK 6 DISTRICT LOT 963 SIMILKAMEEN DIVISION YALE DISTRICT PLAN 6348","Folio":"71204301000","FullAddress":"185 ALPINE RD , CHRISTINA LAKE","apt_no":null,"street_no":"185","street_direction_prefix":null,"street_name":"ALPINE RD","street_direction_suffix":null,"postal_code":"V0H 1E1","city":"CHRISTINA LAKE","province":"BC","AddressID":"D00000KDJ5","TempKey":"6E6B6412-4959-4DC1-AD76-A23D4162AA96D00000KDJ5","GlobalID":"{94019715-A1CE-4086-BB0C-63F508D4B9D2}","Shape__Area":3.606792243800001e-7,"Shape__Length":0.0030693144012540604}},{"type":"Feature","geometry":{"type":"Polygon","coordinates":[[[-117.78321,49.081436],[-117.782341,49.081395],[-117.782404,49.080825],[-117.783273,49.080867],[-117.78321,49.081436]]]},"properties":{"OBJECTID":23006,"PMBCParcelGUID":"{93C39987-2FFE-45A1-A335-A23E57E117EB}","PMBC_PID":15993566,"PMBC_PIN":15993566,"PMBC_ParcelClass":"SUBDIVISION","PMBC_OwnerType":"PRIVATE","PMBC_LegalDescription":"LOT 10 TOWNSHIP 9A KOOTENAY DISTRICT PLAN 881","Folio":"22901751300","FullAddress":"MASCOT RD , ROSSLAND","apt_no":null,"street_no":null,"street_direction_prefix":null,"street_name":"MASCOT RD","street_direction_suffix":null,"postal_code":null,"city":"ROSSLAND","province":"BC","AddressID":"A000018QPA","TempKey":"93C39987-2FFE-45A1-A335-A23E57E117EBA000018QPA","GlobalID":"{1BEF5BA1-ACA0-487E-899F-CC9A4B155DF7}","Shape__Area":4.969787553210002e-7,"Shape__Length":0.002884411887646981}},{"type":"Feature","geometry":{"type":"Polygon","coordinates":[[[-117.715667,49.115948],[-117.715687,49.115875],[-117.716174,49.115791],[-117.71622,49.11591],[-117.715745,49.115991],[-117.715734,49.115991],[-117.715724,49.115991],[-117.715714,49.11599],[-117.715704,49.115987],[-117.715695,49.115984],[-117.715687,49.115979],[-117.71568,49.115974],[-117.715674,49.115968],[-117.71567,49.115962],[-117.715668,49.115955],[-117.715667,49.115948]]]},"properties":{"OBJECTID":23007,"PMBCParcelGUID":"{4E0698BA-8D15-4709-9D4E-A23F42C0CB9E}","PMBC_PID":13994468,"PMBC_PIN":13994468,"PMBC_ParcelClass":"SUBDIVISION","PMBC_OwnerType":"PRIVATE","PMBC_LegalDescription":"LOT 10 BLOCK 3 DISTRICT LOT 367 KOOTENAY DISTRICT PLAN 2011","Folio":"23202857000","FullAddress":"18 HILLSIDE DR , TRAIL","apt_no":null,"street_no":"18","street_direction_prefix":null,"street_name":"HILLSIDE DR","street_direction_suffix":null,"postal_code":"V1R 1G5","city":"TRAIL","province":"BC","AddressID":"A000018T2K","TempKey":"4E0698BA-8D15-4709-9D4E-A23F42C0CB9EA000018T2K","GlobalID":"{C675A27D-CF6D-43B7-97B9-3D406BEDA82C}","Shape__Area":6.498358204350001e-8,"Shape__Length":0.0012784388604609636}},{"type":"Feature","geometry":{"type":"Polygon","coordinates":[[[-118.468948,49.011051],[-118.47171,49.011048],[-118.471707,49.011934],[-118.468944,49.011935],[-118.468946,49.011501],[-118.468948,49.011051]]]},"properties":{"OBJECTID":23008,"PMBCParcelGUID":"{05BFE65B-25EF-4140-B76A-A23FD1096F42}","PMBC_PID":12753033,"PMBC_PIN":12753033,"PMBC_ParcelClass":"SUBDIVISION","PMBC_OwnerType":"PRIVATE","PMBC_LegalDescription":"LOT 6 DISTRICT LOT 500 SIMILKAMEEN DIVISION YALE DISTRICT PLAN 77 EXCEPT PLAN 21165","Folio":"71203024000","FullAddress":"5640 HUGHES RD , GRAND FORKS","apt_no":null,"street_no":"5640","street_direction_prefix":null,"street_name":"HUGHES RD","street_direction_suffix":null,"postal_code":"V0H 1H4","city":"GRAND FORKS","province":"BC","AddressID":"A00000J3QZ","TempKey":"05BFE65B-25EF-4140-B76A-A23FD1096F42A00000J3QZ","GlobalID":"{E378AB64-27C0-4FD1-96A3-CC70D1F0C25B}","Shape__Area":0.0000024448434375095007,"Shape__Length":0.007295290722769015}},{"type":"Feature","geometry":{"type":"Polygon","coordinates":[[[-118.941859,49.716824],[-118.942065,49.71677],[-118.94224,49.717053],[-118.942034,49.717107],[-118.941859,49.716824]]]},"properties":{"OBJECTID":23009,"PMBCParcelGUID":"{11848685-7FBF-450F-8085-A2430D5BF76E}","PMBC_PID":17446449,"PMBC_PIN":17446449,"PMBC_ParcelClass":"BARE LAND STRATA","PMBC_OwnerType":"PRIVATE","PMBC_LegalDescription":"STRATA LOT 67 DISTRICT LOT 4176S SIMILKAMEEN DIVISION YALE DISTRICT STRATA PLAN KAS938 TOGETHER WITH AN INTEREST IN THE COMMON PROPERTY IN PROPORTION TO THE UNIT ENTITLEMENT OF THE STRATA LOT AS SHOWN ON FORM V","Folio":"71307385330","FullAddress":"5857 SNOW PINES CRES , BIG WHITE","apt_no":null,"street_no":"5857","street_direction_prefix":null,"street_name":"SNOW PINES CRES","street_direction_suffix":null,"postal_code":null,"city":"BIG WHITE","province":"BC","AddressID":"A00000J8ZL","TempKey":"11848685-7FBF-450F-8085-A2430D5BF76EA00000J8ZL","GlobalID":"{C9B1669D-EA41-414C-8887-2CA65D067593}","Shape__Area":6.767023390700002e-8,"Shape__Length":0.0010915230141146305}},{"type":"Feature","geometry":{"type":"Polygon","coordinates":[[[-118.603879,49.10162],[-118.60376,49.101869],[-118.603661,49.101848],[-118.603779,49.101599],[-118.603879,49.10162]]]},"properties":{"OBJECTID":23010,"PMBCParcelGUID":"{A12D6A6F-C25A-4B53-B373-A244F992A282}","PMBC_PID":12350982,"PMBC_PIN":12350982,"PMBC_ParcelClass":"SUBDIVISION","PMBC_OwnerType":"PRIVATE","PMBC_LegalDescription":"LOT 7 BLOCK 2 DISTRICT LOT 980 SIMILKAMEEN DIVISION YALE DISTRICT PLAN 59","Folio":"71203492062","FullAddress":"","apt_no":null,"street_no":null,"street_direction_prefix":null,"street_name":null,"street_direction_suffix":null,"postal_code":null,"city":null,"province":"BC","AddressID":"D00000FRKH","TempKey":"A12D6A6F-C25A-4B53-B373-A244F992A282D00000FRKH","GlobalID":"{E35991E9-D4EC-4C91-837F-CF440ECCF7B0}","Shape__Area":2.7250220140000007e-8,"Shape__Length":0.0007548132763996642}},{"type":"Feature","geometry":{"type":"Polygon","coordinates":[[[-117.720828,49.098078],[-117.721093,49.097707],[-117.721207,49.097733],[-117.720936,49.098111],[-117.720828,49.098078]]]},"properties":{"OBJECTID":23011,"PMBCParcelGUID":"{CBB8E3B9-0AF4-47D7-9DDD-A2464159A17F}","PMBC_PID":12393452,"PMBC_PIN":12393452,"PMBC_ParcelClass":"SUBDIVISION","PMBC_OwnerType":"PRIVATE","PMBC_LegalDescription":"PARCEL A (SEE 27725I) LOT 90 DISTRICT LOT 1073 KOOTENAY DISTRICT PLAN 748","Folio":"23201469000","FullAddress":"486 ROSSLAND AVE , TRAIL","apt_no":null,"street_no":"486","street_direction_prefix":null,"street_name":"ROSSLAND AVE","street_direction_suffix":null,"postal_code":"V1R 3M8","city":"TRAIL","province":"BC","AddressID":"A000018S2Q","TempKey":"CBB8E3B9-0AF4-47D7-9DDD-A2464159A17FA000018S2Q","GlobalID":"{E983BAF0-2435-4F36-89E0-4F80F6279229}","Shape__Area":4.9589770450500014e-8,"Shape__Length":0.0011513526156226753}},{"type":"Feature","geometry":{"type":"Polygon","coordinates":[[[-118.231275,49.048402],[-118.231569,49.048213],[-118.231777,49.048041],[-118.231782,49.048048],[-118.23196,49.048415],[-118.231568,49.048578],[-118.231545,49.048587],[-118.231525,49.048596],[-118.23146,49.048534],[-118.23135,49.048504],[-118.231286,49.048482],[-118.231198,49.048451],[-118.231275,49.048402]]]},"properties":{"OBJECTID":23012,"PMBCParcelGUID":"{590B37EB-6672-4F56-B5C3-A2477094F121}","PMBC_PID":24363723,"PMBC_PIN":24363723,"PMBC_ParcelClass":"SUBDIVISION","PMBC_OwnerType":"PRIVATE","PMBC_LegalDescription":"LOT A DISTRICT LOT 1021S SIMILKAMEEN DIVISION YALE DISTRICT PLAN KAP63587","Folio":"71204533050","FullAddress":"1770 WEST LAKE DR , CHRISTINA LAKE","apt_no":null,"street_no":"1770","street_direction_prefix":null,"street_name":"WEST LAKE DR","street_direction_suffix":null,"postal_code":null,"city":"CHRISTINA LAKE","province":"BC","AddressID":"A00000J552","TempKey":"590B37EB-6672-4F56-B5C3-A2477094F121A00000J552","GlobalID":"{C1BB4FCD-96B8-4979-BCF5-29952B6EC2DB}","Shape__Area":1.9506014402550005e-7,"Shape__Length":0.0019618100134111125}},{"type":"Feature","geometry":{"type":"Polygon","coordinates":[[[-117.560561,49.089877],[-117.560296,49.089768],[-117.558862,49.089197],[-117.558875,49.089193],[-117.558887,49.089189],[-117.558898,49.089184],[-117.558908,49.089178],[-117.559084,49.089139],[-117.559109,49.089136],[-117.559133,49.089131],[-117.559155,49.089124],[-117.559211,49.089112],[-117.559265,49.089097],[-117.559321,49.089082],[-117.559373,49.089062],[-117.559438,49.089038],[-117.559505,49.089015],[-117.559553,49.088993],[-117.559603,49.088973],[-117.559677,49.088949],[-117.559713,49.088937],[-117.559786,49.088917],[-117.559817,49.088905],[-117.559852,49.088888],[-117.559925,49.088861],[-117.559956,49.088848],[-117.559986,49.088834],[-117.560019,49.088823],[-117.560054,49.088814],[-117.560103,49.088793],[-117.560151,49.088771],[-117.560215,49.088747],[-117.560273,49.088717],[-117.560292,49.088707],[-117.56031,49.088695],[-117.560324,49.088682],[-117.560354,49.088639],[-117.560368,49.088604],[-117.560387,49.08857],[-117.560391,49.088555],[-117.560398,49.088541],[-117.560408,49.088527],[-117.560469,49.0885],[-117.560506,49.088499],[-117.560542,49.088496],[-117.560561,49.088491],[-117.560581,49.088489],[-117.560601,49.088488],[-117.560621,49.088488],[-117.560639,49.088489],[-117.560657,49.088487],[-117.560675,49.088485],[-117.560692,49.08848],[-117.560769,49.088465],[-117.560847,49.088453],[-117.560882,49.088446],[-117.560918,49.088442],[-117.560972,49.088436],[-117.561026,49.088434],[-117.561065,49.088459],[-117.561096,49.088487],[-117.561106,49.0885],[-117.561119,49.088512],[-117.561135,49.088522],[-117.561153,49.088531],[-117.561173,49.088537],[-117.561273,49.088572],[-117.561302,49.088586],[-117.561334,49.088598],[-117.561351,49.088601],[-117.561367,49.088606],[-117.561421,49.088618],[-117.561472,49.088633],[-117.561541,49.088643],[-117.561606,49.08866],[-117.561625,49.088661],[-117.561643,49.088664],[-117.5617,49.088678],[-117.56176,49.088687],[-117.561832,49.088702],[-117.561886,49.088709],[-117.561939,49.088721],[-117.561975,49.088721],[-117.56201,49.088725],[-117.562068,49.088724],[-117.562126,49.088717],[-117.5622,49.088713],[-117.562275,49.088713],[-117.562313,49.088714],[-117.56235,49.088717],[-117.56238,49.088732],[-117.562409,49.088748],[-117.562434,49.088777],[-117.562462,49.088805],[-117.562499,49.088827],[-117.562529,49.088852],[-117.562552,49.088881],[-117.562577,49.088914],[-117.562605,49.088946],[-117.562628,49.088973],[-117.562646,49.089003],[-117.562659,49.089033],[-117.562671,49.089062],[-117.562689,49.089089],[-117.562714,49.089114],[-117.562745,49.089136],[-117.562781,49.089151],[-117.562707,49.090391],[-117.562477,49.090632],[-117.560561,49.089877]]]},"properties":{"OBJECTID":23013,"PMBCParcelGUID":"{537619C2-1B67-4516-BDB0-A2483DDBECC6}","PMBC_PID":17443989,"PMBC_PIN":17443989,"PMBC_ParcelClass":"SUBDIVISION","PMBC_OwnerType":"PRIVATE","PMBC_LegalDescription":"LOT A DISTRICT LOT 1236 KOOTENAY DISTRICT PLAN NEP19465","Folio":"71105286500","FullAddress":"1318 COLUMBIA GARDENS RD , FRUITVALE","apt_no":null,"street_no":"1318","street_direction_prefix":null,"street_name":"COLUMBIA GARDENS RD","street_direction_suffix":null,"postal_code":"V0G 1L1","city":"FRUITVALE","province":"BC","AddressID":"A000019M5N","TempKey":"537619C2-1B67-4516-BDB0-A2483DDBECC6A000019M5N","GlobalID":"{5C2AC604-A2B8-4CB3-B0A2-9EE1CDE63530}","Shape__Area":0.000004618483751662501,"Shape__Length":0.009841077918238607}},{"type":"Feature","geometry":{"type":"Polygon","coordinates":[[[-117.588981,49.080162],[-117.589286,49.080104],[-117.589401,49.080367],[-117.589096,49.080425],[-117.588981,49.080162]]]},"properties":{"OBJECTID":23014,"PMBCParcelGUID":"{C5F06B67-2407-4B0B-AF10-A249EEC08CCE}","PMBC_PID":15303284,"PMBC_PIN":15303284,"PMBC_ParcelClass":"SUBDIVISION","PMBC_OwnerType":"PRIVATE","PMBC_LegalDescription":"LOT 12 BLOCK 2 SECTION 32 TOWNSHIP 7A KOOTENAY DISTRICT PLAN 2352","Folio":"54800195000","FullAddress":"745 11TH AVE , MONTROSE","apt_no":null,"street_no":"745","street_direction_prefix":null,"street_name":"11TH AVE","street_direction_suffix":null,"postal_code":null,"city":"MONTROSE","province":"BC","AddressID":"A000018Z84","TempKey":"C5F06B67-2407-4B0B-AF10-A249EEC08CCEA000018Z84","GlobalID":"{6F820D76-0112-4132-8A29-317071BD9BA2}","Shape__Area":8.689503575700002e-8,"Shape__Length":0.0011950033001625088}},{"type":"Feature","geometry":{"type":"Polygon","coordinates":[[[-119.018068,49.226532],[-119.018051,49.226433],[-119.01803,49.226338],[-119.018007,49.226239],[-119.01798,49.226139],[-119.017253,49.222419],[-119.017675,49.22242],[-119.017803,49.223103],[-119.017824,49.223214],[-119.01839,49.226138],[-119.018417,49.226235],[-119.01844,49.226334],[-119.018463,49.226429],[-119.018482,49.226529],[-119.018501,49.226642],[-119.018509,49.226703],[-119.018514,49.226738],[-119.018518,49.226781],[-119.018525,49.226837],[-119.018533,49.226935],[-119.018539,49.227032],[-119.018541,49.227131],[-119.018543,49.22723],[-119.01854,49.227328],[-119.018535,49.227425],[-119.018528,49.227524],[-119.018518,49.227622],[-119.018505,49.227719],[-119.01849,49.227817],[-119.018472,49.227914],[-119.018451,49.228012],[-119.018428,49.228108],[-119.018402,49.228206],[-119.018375,49.228302],[-119.018343,49.228398],[-119.01831,49.228493],[-119.018274,49.228588],[-119.018236,49.228684],[-119.018178,49.228817],[-119.017012,49.232426],[-119.016956,49.2326],[-119.016534,49.233909],[-119.016492,49.234039],[-119.016107,49.235229],[-119.016048,49.235413],[-119.015553,49.236946],[-119.015102,49.236946],[-119.015602,49.235405],[-119.015659,49.23523],[-119.016048,49.234024],[-119.016084,49.233914],[-119.016509,49.232602],[-119.016565,49.232426],[-119.016872,49.23148],[-119.017719,49.228859],[-119.017763,49.228764],[-119.017805,49.228672],[-119.017845,49.228577],[-119.017881,49.228482],[-119.017915,49.228386],[-119.017946,49.228291],[-119.017974,49.228192],[-119.018001,49.228096],[-119.018024,49.228001],[-119.018047,49.227902],[-119.018064,49.227806],[-119.018081,49.227707],[-119.018094,49.227608],[-119.018104,49.227513],[-119.018114,49.227414],[-119.018119,49.227314],[-119.018121,49.227219],[-119.018121,49.22712],[-119.018119,49.227021],[-119.018114,49.226921],[-119.018106,49.226826],[-119.018104,49.226807],[-119.018096,49.226731],[-119.018083,49.226628],[-119.018068,49.226532]]]},"properties":{"OBJECTID":23015,"PMBCParcelGUID":"{BC4F46D4-DF42-4850-8509-A24ADA6A4788}","PMBC_PID":4265076,"PMBC_PIN":4265076,"PMBC_ParcelClass":"SUBDIVISION","PMBC_OwnerType":"CROWN PROVINCIAL","PMBC_LegalDescription":"PARCEL D (PLAN A165) OF DISTRICT LOT 1266S SIMILKAMEEN DIVISION YALE DISTRICT","Folio":"71304706005","FullAddress":"","apt_no":null,"street_no":null,"street_direction_prefix":null,"street_name":null,"street_direction_suffix":null,"postal_code":null,"city":null,"province":"BC","AddressID":"D00000FFL2","TempKey":"BC4F46D4-DF42-4850-8509-A24ADA6A4788D00000FFL2","GlobalID":"{6A3ACBB0-BE78-4FFA-BC33-466CF95924DF}","Shape__Area":0.000006312867383616502,"Shape__Length":0.031034229760714897}},{"type":"Feature","geometry":{"type":"Polygon","coordinates":[[[-119.018068,49.226532],[-119.018051,49.226433],[-119.01803,49.226338],[-119.018007,49.226239],[-119.01798,49.226139],[-119.017253,49.222419],[-119.017675,49.22242],[-119.017803,49.223103],[-119.017824,49.223214],[-119.01839,49.226138],[-119.018417,49.226235],[-119.01844,49.226334],[-119.018463,49.226429],[-119.018482,49.226529],[-119.018501,49.226642],[-119.018509,49.226703],[-119.018514,49.226738],[-119.018518,49.226781],[-119.018525,49.226837],[-119.018533,49.226935],[-119.018539,49.227032],[-119.018541,49.227131],[-119.018543,49.22723],[-119.01854,49.227328],[-119.018535,49.227425],[-119.018528,49.227524],[-119.018518,49.227622],[-119.018505,49.227719],[-119.01849,49.227817],[-119.018472,49.227914],[-119.018451,49.228012],[-119.018428,49.228108],[-119.018402,49.228206],[-119.018375,49.228302],[-119.018343,49.228398],[-119.01831,49.228493],[-119.018274,49.228588],[-119.018236,49.228684],[-119.018178,49.228817],[-119.017012,49.232426],[-119.016956,49.2326],[-119.016534,49.233909],[-119.016492,49.234039],[-119.016107,49.235229],[-119.016048,49.235413],[-119.015553,49.236946],[-119.015102,49.236946],[-119.015602,49.235405],[-119.015659,49.23523],[-119.016048,49.234024],[-119.016084,49.233914],[-119.016509,49.232602],[-119.016565,49.232426],[-119.016872,49.23148],[-119.017719,49.228859],[-119.017763,49.228764],[-119.017805,49.228672],[-119.017845,49.228577],[-119.017881,49.228482],[-119.017915,49.228386],[-119.017946,49.228291],[-119.017974,49.228192],[-119.018001,49.228096],[-119.018024,49.228001],[-119.018047,49.227902],[-119.018064,49.227806],[-119.018081,49.227707],[-119.018094,49.227608],[-119.018104,49.227513],[-119.018114,49.227414],[-119.018119,49.227314],[-119.018121,49.227219],[-119.018121,49.22712],[-119.018119,49.227021],[-119.018114,49.226921],[-119.018106,49.226826],[-119.018104,49.226807],[-119.018096,49.226731],[-119.018083,49.226628],[-119.018068,49.226532]]]},"properties":{"OBJECTID":23016,"PMBCParcelGUID":"{BC4F46D4-DF42-4850-8509-A24ADA6A4788}","PMBC_PID":4265076,"PMBC_PIN":4265076,"PMBC_ParcelClass":"SUBDIVISION","PMBC_OwnerType":"CROWN PROVINCIAL","PMBC_LegalDescription":"PARCEL D (PLAN A165) OF DISTRICT LOT 1266S SIMILKAMEEN DIVISION YALE DISTRICT","Folio":"71304706010","FullAddress":"","apt_no":null,"street_no":null,"street_direction_prefix":null,"street_name":null,"street_direction_suffix":null,"postal_code":null,"city":null,"province":"BC","AddressID":"D00000LSB6","TempKey":"BC4F46D4-DF42-4850-8509-A24ADA6A4788D00000LSB6","GlobalID":"{EEDCA09D-23D4-49E1-9759-59F1EE4F20CA}","Shape__Area":0.000006312867383616502,"Shape__Length":0.031034229760714897}},{"type":"Feature","geometry":{"type":"Polygon","coordinates":[[[-118.538192,49.116054],[-118.538318,49.116052],[-118.538317,49.116382],[-118.538192,49.116383],[-118.538192,49.116054]]]},"properties":{"OBJECTID":23017,"PMBCParcelGUID":"{FF2CE95C-6783-4BF3-B5C8-A24DDCCEC2A9}","PMBC_PID":14143119,"PMBC_PIN":14143119,"PMBC_ParcelClass":"SUBDIVISION","PMBC_OwnerType":"CROWN PROVINCIAL","PMBC_LegalDescription":"LOT 11 BLOCK 77 DISTRICT LOT 2005 SIMILKAMEEN DIVISION YALE DISTRICT PLAN 79","Folio":"71204852298","FullAddress":"","apt_no":null,"street_no":null,"street_direction_prefix":null,"street_name":null,"street_direction_suffix":null,"postal_code":null,"city":null,"province":"BC","AddressID":"D00000FXCG","TempKey":"FF2CE95C-6783-4BF3-B5C8-A24DDCCEC2A9D00000FXCG","GlobalID":"{E6ABC4D9-1B8F-4B14-904B-9EAE8607BA74}","Shape__Area":4.119447086600001e-8,"Shape__Length":0.0009090862005739488}},{"type":"Feature","geometry":{"type":"Polygon","coordinates":[[[-117.713211,49.090659],[-117.713761,49.090679],[-117.713754,49.09077],[-117.713203,49.09075],[-117.713211,49.090659]]]},"properties":{"OBJECTID":23018,"PMBCParcelGUID":"{19D71024-BEFA-4DAD-BD93-A24FCC64A05D}","PMBC_PID":15860167,"PMBC_PIN":15860167,"PMBC_ParcelClass":"SUBDIVISION","PMBC_OwnerType":"LOCAL GOVERNMENT","PMBC_LegalDescription":"LOT 34 DISTRICT LOT 230 KOOTENAY DISTRICT PLAN 1281","Folio":"23201018000","FullAddress":"NEILSON ST , TRAIL","apt_no":null,"street_no":null,"street_direction_prefix":null,"street_name":"NEILSON ST","street_direction_suffix":null,"postal_code":null,"city":"TRAIL","province":"BC","AddressID":"A000018RQX","TempKey":"19D71024-BEFA-4DAD-BD93-A24FCC64A05DA000018RQX","GlobalID":"{1623ED40-6BFE-4C19-8F2E-4F0DC8DA87FB}","Shape__Area":4.985936636500001e-8,"Shape__Length":0.001282493068022599}},{"type":"Feature","geometry":{"type":"Polygon","coordinates":[[[-117.808494,49.073825],[-117.808865,49.073909],[-117.80884,49.074151],[-117.80846,49.074132],[-117.808494,49.073825]]]},"properties":{"OBJECTID":23019,"PMBCParcelGUID":"{33EE94FB-74D4-4E02-9D2F-A25059CC7310}","PMBC_PID":10716769,"PMBC_PIN":10716769,"PMBC_ParcelClass":"SUBDIVISION","PMBC_OwnerType":"PRIVATE","PMBC_LegalDescription":"LOT 1 TOWNSHIP 9A KOOTENAY DISTRICT PLAN 9159","Folio":"22901809000","FullAddress":"1541 THOMPSON AVE , ROSSLAND","apt_no":null,"street_no":"1541","street_direction_prefix":null,"street_name":"THOMPSON AVE","street_direction_suffix":null,"postal_code":null,"city":"ROSSLAND","province":"BC","AddressID":"A000018QQW","TempKey":"33EE94FB-74D4-4E02-9D2F-A25059CC7310A000018QQW","GlobalID":"{71256CEB-5849-4121-AED0-B3AAD1555240}","Shape__Area":1.0437201533400002e-7,"Shape__Length":0.0013116552803858809}},{"type":"Feature","geometry":{"type":"Polygon","coordinates":[[[-117.614802,49.078986],[-117.614825,49.078978],[-117.614893,49.078953],[-117.615407,49.078767],[-117.61596,49.079267],[-117.615605,49.079497],[-117.615596,49.079503],[-117.615392,49.079635],[-117.615314,49.079568],[-117.615236,49.079499],[-117.615161,49.07943],[-117.615089,49.079362],[-117.615008,49.079282],[-117.614794,49.079066],[-117.614802,49.078986]]]},"properties":{"OBJECTID":23020,"PMBCParcelGUID":"{80E262A2-9B64-49AA-9006-A252ACB50DD5}","PMBC_PID":12097373,"PMBC_PIN":12097373,"PMBC_ParcelClass":"SUBDIVISION","PMBC_OwnerType":"PRIVATE","PMBC_LegalDescription":"LOT 1 TOWNSHIP 7A KOOTENAY DISTRICT PLAN 12475","Folio":"23204612000","FullAddress":"8515 HIGHWAY 22A , TRAIL","apt_no":null,"street_no":"8515","street_direction_prefix":null,"street_name":"HIGHWAY 22A","street_direction_suffix":null,"postal_code":"V1R 4W8","city":"TRAIL","province":"BC","AddressID":"A000018UJH","TempKey":"80E262A2-9B64-49AA-9006-A252ACB50DD5A000018UJH","GlobalID":"{07B65B44-C2D9-4977-AC40-790E5FA01FEC}","Shape__Area":5.363582485550001e-7,"Shape__Length":0.0029718872119019095}},{"type":"Feature","geometry":{"type":"Polygon","coordinates":[[[-118.531799,49.11927],[-118.531797,49.119598],[-118.531673,49.119599],[-118.531673,49.119271],[-118.531799,49.11927]]]},"properties":{"OBJECTID":23021,"PMBCParcelGUID":"{67ECF773-5E19-4733-BE9A-A252B332A35C}","PMBC_PID":12910414,"PMBC_PIN":12910414,"PMBC_ParcelClass":"SUBDIVISION","PMBC_OwnerType":"CROWN PROVINCIAL","PMBC_LegalDescription":"LOT 13 BLOCK 43 DISTRICT LOT 2005 SIMILKAMEEN DIVISION YALE DISTRICT PLAN 79","Folio":"71204850778","FullAddress":"","apt_no":null,"street_no":null,"street_direction_prefix":null,"street_name":null,"street_direction_suffix":null,"postal_code":null,"city":null,"province":"BC","AddressID":"D00000GB6Q","TempKey":"67ECF773-5E19-4733-BE9A-A252B332A35CD00000GB6Q","GlobalID":"{5427E2BB-9249-4DBD-9271-D72E878767FE}","Shape__Area":4.1103363234500013e-8,"Shape__Length":0.0009071738663861044}},{"type":"Feature","geometry":{"type":"Polygon","coordinates":[[[-117.550657,49.107131],[-117.55091,49.107234],[-117.550643,49.107522],[-117.550391,49.107417],[-117.550657,49.107131]]]},"properties":{"OBJECTID":23022,"PMBCParcelGUID":"{455D7774-C272-4432-B6DA-A2555A1E38E8}","PMBC_PID":8734208,"PMBC_PIN":8734208,"PMBC_ParcelClass":"SUBDIVISION","PMBC_OwnerType":"PRIVATE","PMBC_LegalDescription":"LOT 2 DISTRICT LOT 1236 KOOTENAY DISTRICT PLAN 10613","Folio":"52100266002","FullAddress":"75 WALNUT AVE , FRUITVALE","apt_no":null,"street_no":"75","street_direction_prefix":null,"street_name":"WALNUT AVE","street_direction_suffix":null,"postal_code":null,"city":"FRUITVALE","province":"BC","AddressID":"A000018XRH","TempKey":"455D7774-C272-4432-B6DA-A2555A1E38E8A000018XRH","GlobalID":"{D92E29DF-26F4-49FB-8DE2-08963F1A8264}","Shape__Area":1.0028702522450002e-7,"Shape__Length":0.001330103270049569}},{"type":"Feature","geometry":{"type":"Polygon","coordinates":[[[-117.803231,49.072029],[-117.803356,49.072035],[-117.803326,49.072308],[-117.803201,49.072302],[-117.803231,49.072029]]]},"properties":{"OBJECTID":23023,"PMBCParcelGUID":"{D5639FF1-0A86-4860-827C-A255E535C360}","PMBC_PID":16266897,"PMBC_PIN":16266897,"PMBC_ParcelClass":"SUBDIVISION","PMBC_OwnerType":"PRIVATE","PMBC_LegalDescription":"LOT 17 BLOCK 20 DISTRICT LOT 535 KOOTENAY DISTRICT PLAN 579A","Folio":"22900163000","FullAddress":"1867 UNION AVE , ROSSLAND","apt_no":null,"street_no":"1867","street_direction_prefix":null,"street_name":"UNION AVE","street_direction_suffix":null,"postal_code":null,"city":"ROSSLAND","province":"BC","AddressID":"A000018P02","TempKey":"D5639FF1-0A86-4860-827C-A255E535C360A000018P02","GlobalID":"{7582817B-B69C-4594-9383-532567B03805}","Shape__Area":3.429474748900001e-8,"Shape__Length":0.0007999555943173339}},{"type":"Feature","geometry":{"type":"Polygon","coordinates":[[[-118.466869,49.105719],[-118.467286,49.10571],[-118.46729,49.105802],[-118.466873,49.10581],[-118.466869,49.105719]]]},"properties":{"OBJECTID":23024,"PMBCParcelGUID":"{5430ADB6-6609-48EF-82AD-A25A3ECE42E5}","PMBC_PID":12501204,"PMBC_PIN":12501204,"PMBC_ParcelClass":"SUBDIVISION","PMBC_OwnerType":"CROWN PROVINCIAL","PMBC_LegalDescription":"LOT 1 BLOCK 5 DISTRICT LOT 1261 SIMILKAMEEN DIVISION YALE DISTRICT PLAN 53","Folio":"71204698086","FullAddress":"COLUMBIA ST ","apt_no":null,"street_no":null,"street_direction_prefix":null,"street_name":"COLUMBIA ST","street_direction_suffix":null,"postal_code":null,"city":null,"province":"BC","AddressID":"A00000J5HE","TempKey":"5430ADB6-6609-48EF-82AD-A25A3ECE42E5A00000J5HE","GlobalID":"{70EC9437-4B13-479D-8066-8277D9B95B3B}","Shape__Area":3.808505531150001e-8,"Shape__Length":0.0010171027346052937}},{"type":"Feature","geometry":{"type":"Polygon","coordinates":[[[-117.623219,49.08638],[-117.622902,49.086233],[-117.622761,49.086168],[-117.622629,49.086106],[-117.622384,49.085993],[-117.622461,49.085875],[-117.622736,49.085457],[-117.622758,49.085424],[-117.622848,49.085288],[-117.623148,49.08551],[-117.623486,49.08576],[-117.623668,49.085895],[-117.62362,49.085968],[-117.623603,49.085993],[-117.623329,49.086408],[-117.623219,49.08638]]]},"properties":{"OBJECTID":23025,"PMBCParcelGUID":"{C5BE2AD4-3D59-47FC-81A5-A25AF8280858}","PMBC_PID":9611517,"PMBC_PIN":9611517,"PMBC_ParcelClass":"SUBDIVISION","PMBC_OwnerType":"PRIVATE","PMBC_LegalDescription":"LOT 1 TOWNSHIP 7A KOOTENAY DISTRICT PLAN 14917","Folio":"23204624020","FullAddress":"8324 HIGHWAY 22A , TRAIL","apt_no":null,"street_no":"8324","street_direction_prefix":null,"street_name":"HIGHWAY 22A","street_direction_suffix":null,"postal_code":"V1R 4W4","city":"TRAIL","province":"BC","AddressID":"A000018UKT","TempKey":"C5BE2AD4-3D59-47FC-81A5-A25AF8280858A000018UKT","GlobalID":"{8EED7CE4-D1A3-46CF-B732-6D02DCF71595}","Shape__Area":7.527453317325002e-7,"Shape__Length":0.0035138419871262533}},{"type":"Feature","geometry":{"type":"Polygon","coordinates":[[[-118.369995,49.550095],[-118.370186,49.550179],[-118.364693,49.548409],[-118.367494,49.54472],[-118.373138,49.546539],[-118.373481,49.546666],[-118.369995,49.550095]]]},"properties":{"OBJECTID":23026,"PMBCParcelGUID":"{16386A38-A22A-4AE7-B533-A25FEA644F7E}","PMBC_PID":14926911,"PMBC_PIN":14926911,"PMBC_ParcelClass":"SUBDIVISION","PMBC_OwnerType":"CROWN PROVINCIAL","PMBC_LegalDescription":"THE SURFACE OF DISTRICT LOT 1017S SIMILKAMEEN DIVISION YALE DISTRICT SURVEYED AS THE \"NELLIE\" MINERAL CLAIM","Folio":"71204508000","FullAddress":"","apt_no":null,"street_no":null,"street_direction_prefix":null,"street_name":null,"street_direction_suffix":null,"postal_code":null,"city":null,"province":"BC","AddressID":"D00000G21Q","TempKey":"16386A38-A22A-4AE7-B533-A25FEA644F7ED00000G21Q","GlobalID":"{4B51174A-C49E-4015-9F95-A4C29D03C5DA}","Shape__Area":0.000025905923012046508,"Shape__Length":0.021797345365179605}},{"type":"Feature","geometry":{"type":"Polygon","coordinates":[[[-118.53256,49.124023],[-118.532434,49.124024],[-118.532442,49.123695],[-118.532567,49.123695],[-118.53256,49.124023]]]},"properties":{"OBJECTID":23027,"PMBCParcelGUID":"{6AA88B3A-DED9-42B7-8E56-A2617C61F5C9}","PMBC_PID":12740420,"PMBC_PIN":12740420,"PMBC_ParcelClass":"SUBDIVISION","PMBC_OwnerType":"CROWN PROVINCIAL","PMBC_LegalDescription":"LOT 18 BLOCK 18 DISTRICT LOT 1557 SIMILKAMEEN DIVISION YALE DISTRICT PLAN 79","Folio":"71204850356","FullAddress":"","apt_no":null,"street_no":null,"street_direction_prefix":null,"street_name":null,"street_direction_suffix":null,"postal_code":null,"city":null,"province":"BC","AddressID":"D00000GB66","TempKey":"6AA88B3A-DED9-42B7-8E56-A2617C61F5C9D00000GB66","GlobalID":"{04CB9C3F-87F0-4523-894D-49A9D11E41B0}","Shape__Area":4.116881285100001e-8,"Shape__Length":0.000907603460620434}},{"type":"Feature","geometry":{"type":"Polygon","coordinates":[[[-118.673973,49.107585],[-118.674521,49.107574],[-118.674525,49.107714],[-118.673977,49.107725],[-118.673973,49.107585]]]},"properties":{"OBJECTID":23028,"PMBCParcelGUID":"{45F71021-6EC9-45FB-A74D-A2634881B6AF}","PMBC_PID":9125931,"PMBC_PIN":9125931,"PMBC_ParcelClass":"SUBDIVISION","PMBC_OwnerType":"PRIVATE","PMBC_LegalDescription":"LOT 23 BLOCK 72 DISTRICT LOT 710 SIMILKAMEEN DIVISION YALE DISTRICT PLAN 364","Folio":"21100430000","FullAddress":"875 STRATHMORE AVE , GREENWOOD","apt_no":null,"street_no":"875","street_direction_prefix":null,"street_name":"STRATHMORE AVE","street_direction_suffix":null,"postal_code":"V0H 1J0","city":"GREENWOOD","province":"BC","AddressID":"A00000HA09","TempKey":"45F71021-6EC9-45FB-A74D-A2634881B6AFA00000HA09","GlobalID":"{EDEFBDB3-00B1-421D-8F6F-E4D60B246B05}","Shape__Area":7.699250460450003e-8,"Shape__Length":0.0013776605605198189}},{"type":"Feature","geometry":{"type":"Polygon","coordinates":[[[-118.459906,49.029195],[-118.459935,49.029159],[-118.46,49.029078],[-118.4601,49.02913],[-118.460049,49.029193],[-118.46,49.029194],[-118.459906,49.029195]]]},"properties":{"OBJECTID":23029,"PMBCParcelGUID":"{74C026B1-4666-40A4-ACE3-A2653FC14712}","PMBC_PID":4650620,"PMBC_PIN":4650620,"PMBC_ParcelClass":"SUBDIVISION","PMBC_OwnerType":"PRIVATE","PMBC_LegalDescription":"THAT PART OF LOT 5 BLOCK 38 SHOWN ON PLAN ATTACHED TO ABSOLUTE FEES PARCELS BOOK VOLUME 3 FOLIO 531 NO 3196A DISTRICT LOT 380 SIMILKAMEEN DIVISION YALE DISTRICT PLAN 35","Folio":"21000809045","FullAddress":"DONALDSON DR , GRAND FORKS","apt_no":null,"street_no":null,"street_direction_prefix":null,"street_name":"DONALDSON DR","street_direction_suffix":null,"postal_code":null,"city":"GRAND FORKS","province":"BC","AddressID":"A00000H7XB","TempKey":"74C026B1-4666-40A4-ACE3-A2653FC14712A00000H7XB","GlobalID":"{D636C35D-C723-4C8B-BE71-D14A6E451BDD}","Shape__Area":1.2724060193000004e-8,"Shape__Length":0.0004859529837002088}},{"type":"Feature","geometry":{"type":"MultiPolygon","coordinates":[[[[-117.605027,49.078194],[-117.609743,49.078178],[-117.609791,49.078203],[-117.609966,49.0783],[-117.610135,49.078401],[-117.610297,49.078507],[-117.610452,49.078617],[-117.610601,49.078731],[-117.610742,49.07885],[-117.610876,49.078972],[-117.611002,49.079097],[-117.61112,49.079226],[-117.611229,49.079357],[-117.611331,49.079492],[-117.612243,49.080767],[-117.604967,49.080804],[-117.605027,49.078194]]],[[[-117.612477,49.078752],[-117.612053,49.078435],[-117.611453,49.078406],[-117.611129,49.078303],[-117.610866,49.07817],[-117.612628,49.078142],[-117.613623,49.079284],[-117.614392,49.080173],[-117.614393,49.080291],[-117.614395,49.080548],[-117.614395,49.080565],[-117.614396,49.080753],[-117.61317,49.080761],[-117.613258,49.08065],[-117.613136,49.080541],[-117.612591,49.080092],[-117.612591,49.07982],[-117.612477,49.078752]]]]},"properties":{"OBJECTID":23030,"PMBCParcelGUID":"{CA8A4046-F13D-47FF-9C75-A2658A761262}","PMBC_PID":17060290,"PMBC_PIN":17060290,"PMBC_ParcelClass":"SUBDIVISION","PMBC_OwnerType":"CROWN PROVINCIAL","PMBC_LegalDescription":"THAT PART OF SUBLOT 30 TOWNSHIP 7A KOOTENAY DISTRICT PLAN X66 SHOWN PINK ON SKETCH PLAN 4694I, EXCEPT PART INCLUDED IN PLAN 12098","Folio":"23204605000","FullAddress":", TRAIL","apt_no":null,"street_no":null,"street_direction_prefix":null,"street_name":null,"street_direction_suffix":null,"postal_code":null,"city":"TRAIL","province":"BC","AddressID":"D00000EVNT","TempKey":"CA8A4046-F13D-47FF-9C75-A2658A761262D00000EVNT","GlobalID":"{B1A7D68E-15D6-4EE4-A1D8-B5F6DA13CA5E}","Shape__Area":0.000019425991262795504,"Shape__Length":0.02863087392542785}},{"type":"Feature","geometry":{"type":"MultiPolygon","coordinates":[[[[-117.605027,49.078194],[-117.609743,49.078178],[-117.609791,49.078203],[-117.609966,49.0783],[-117.610135,49.078401],[-117.610297,49.078507],[-117.610452,49.078617],[-117.610601,49.078731],[-117.610742,49.07885],[-117.610876,49.078972],[-117.611002,49.079097],[-117.61112,49.079226],[-117.611229,49.079357],[-117.611331,49.079492],[-117.612243,49.080767],[-117.604967,49.080804],[-117.605027,49.078194]]],[[[-117.612477,49.078752],[-117.612053,49.078435],[-117.611453,49.078406],[-117.611129,49.078303],[-117.610866,49.07817],[-117.612628,49.078142],[-117.613623,49.079284],[-117.614392,49.080173],[-117.614393,49.080291],[-117.614395,49.080548],[-117.614395,49.080565],[-117.614396,49.080753],[-117.61317,49.080761],[-117.613258,49.08065],[-117.613136,49.080541],[-117.612591,49.080092],[-117.612591,49.07982],[-117.612477,49.078752]]]]},"properties":{"OBJECTID":23031,"PMBCParcelGUID":"{CA8A4046-F13D-47FF-9C75-A2658A761262}","PMBC_PID":17060290,"PMBC_PIN":17060290,"PMBC_ParcelClass":"SUBDIVISION","PMBC_OwnerType":"CROWN PROVINCIAL","PMBC_LegalDescription":"THAT PART OF SUBLOT 30 TOWNSHIP 7A KOOTENAY DISTRICT PLAN X66 SHOWN PINK ON SKETCH PLAN 4694I, EXCEPT PART INCLUDED IN PLAN 12098","Folio":"71110531060","FullAddress":"","apt_no":null,"street_no":null,"street_direction_prefix":null,"street_name":null,"street_direction_suffix":null,"postal_code":null,"city":null,"province":"BC","AddressID":"D00000GA3N","TempKey":"CA8A4046-F13D-47FF-9C75-A2658A761262D00000GA3N","GlobalID":"{060851E9-C5ED-4F40-9065-258BB885BDB0}","Shape__Area":0.000019425991262795504,"Shape__Length":0.02863087392542785}},{"type":"Feature","geometry":{"type":"Polygon","coordinates":[[[-118.77803,49.004852],[-118.777825,49.004821],[-118.777984,49.004504],[-118.778183,49.004545],[-118.77803,49.004852]]]},"properties":{"OBJECTID":23032,"PMBCParcelGUID":"{D64A7319-1DA4-421B-BFB9-A26785B51514}","PMBC_PID":11352728,"PMBC_PIN":11352728,"PMBC_ParcelClass":"SUBDIVISION","PMBC_OwnerType":"PRIVATE","PMBC_LegalDescription":"LOT 6 BLOCK 3 DISTRICT LOT 781 SIMILKAMEEN DIVISION YALE DISTRICT PLAN 1771","Folio":"54700263005","FullAddress":"663 CENTRAL AVE , MIDWAY","apt_no":null,"street_no":"663","street_direction_prefix":null,"street_name":"CENTRAL AVE","street_direction_suffix":null,"postal_code":null,"city":"MIDWAY","province":"BC","AddressID":"A00000HVS2","TempKey":"D64A7319-1DA4-421B-BFB9-A26785B51514A00000HVS2","GlobalID":"{0FB9FB7E-876C-4F1E-B697-0F9F1877B131}","Shape__Area":6.880356192300002e-8,"Shape__Length":0.0011090817740695429}},{"type":"Feature","geometry":{"type":"Polygon","coordinates":[[[-117.692146,49.095874],[-117.692249,49.095862],[-117.692323,49.096132],[-117.69222,49.096144],[-117.692146,49.095874]]]},"properties":{"OBJECTID":23033,"PMBCParcelGUID":"{8FFE1F83-216F-4314-94A4-A26A9665784E}","PMBC_PID":13410512,"PMBC_PIN":13410512,"PMBC_ParcelClass":"SUBDIVISION","PMBC_OwnerType":"PRIVATE","PMBC_LegalDescription":"LOT 5 BLOCK 8 DISTRICT LOT 4598 KOOTENAY DISTRICT PLAN 1310","Folio":"23202495100","FullAddress":"1340 MCBETH ST , TRAIL","apt_no":null,"street_no":"1340","street_direction_prefix":null,"street_name":"MCBETH ST","street_direction_suffix":null,"postal_code":"V1R 1K8","city":"TRAIL","province":"BC","AddressID":"A000018SUG","TempKey":"8FFE1F83-216F-4314-94A4-A26A9665784EA000018SUG","GlobalID":"{251A0600-96C2-41D5-9D34-26E3A6EB93A5}","Shape__Area":2.8672953993000007e-8,"Shape__Length":0.0007673255916971711}},{"type":"Feature","geometry":{"type":"Polygon","coordinates":[[[-117.692146,49.095874],[-117.692249,49.095862],[-117.692323,49.096132],[-117.69222,49.096144],[-117.692146,49.095874]]]},"properties":{"OBJECTID":23034,"PMBCParcelGUID":"{8FFE1F83-216F-4314-94A4-A26A9665784E}","PMBC_PID":13410512,"PMBC_PIN":13410512,"PMBC_ParcelClass":"SUBDIVISION","PMBC_OwnerType":"PRIVATE","PMBC_LegalDescription":"LOT 5 BLOCK 8 DISTRICT LOT 4598 KOOTENAY DISTRICT PLAN 1310","Folio":"23202495100","FullAddress":"2121 COLUMBIA AVE , TRAIL","apt_no":null,"street_no":"2121","street_direction_prefix":null,"street_name":"COLUMBIA AVE","street_direction_suffix":null,"postal_code":"V1R 1K8","city":"TRAIL","province":"BC","AddressID":"J00003BWDM","TempKey":"8FFE1F83-216F-4314-94A4-A26A9665784EJ00003BWDM","GlobalID":"{2EAA9F06-7304-4FB2-B41B-063F4AFAA20F}","Shape__Area":2.8672953993000007e-8,"Shape__Length":0.0007673255916971711}},{"type":"Feature","geometry":{"type":"Polygon","coordinates":[[[-118.684329,49.079955],[-118.684443,49.079954],[-118.684445,49.080045],[-118.68419,49.080046],[-118.684329,49.079955]]]},"properties":{"OBJECTID":23035,"PMBCParcelGUID":"{5574CFFA-0DB8-462D-830A-A26C79F046FB}","PMBC_PID":17298288,"PMBC_PIN":17298288,"PMBC_ParcelClass":"SUBDIVISION","PMBC_OwnerType":"CROWN PROVINCIAL","PMBC_LegalDescription":"LOT 14 BLOCK 6 PLAN 24","Folio":"71300016103","FullAddress":"HIGHWAY 3 ","apt_no":null,"street_no":null,"street_direction_prefix":null,"street_name":"HIGHWAY 3","street_direction_suffix":null,"postal_code":null,"city":null,"province":"BC","AddressID":"A00000J6JK","TempKey":"5574CFFA-0DB8-462D-830A-A26C79F046FBA00000J6JK","GlobalID":"{309A93F0-A64D-4EA2-84C1-C34502221E2B}","Shape__Area":1.6686536742000005e-8,"Shape__Length":0.0006257145513194535}},{"type":"Feature","geometry":{"type":"MultiPolygon","coordinates":[[[[-118.234259,49.033386],[-118.23417,49.033323],[-118.234127,49.033279],[-118.234041,49.033239],[-118.2339,49.033224],[-118.233794,49.033229],[-118.233775,49.033224],[-118.233752,49.033199],[-118.233627,49.033166],[-118.233437,49.033025],[-118.23325,49.032971],[-118.233205,49.032971],[-118.233114,49.032963],[-118.233095,49.032951],[-118.233093,49.032937],[-118.233058,49.032886],[-118.233006,49.032856],[-118.23287,49.032823],[-118.23286,49.032813],[-118.232855,49.032794],[-118.232795,49.032754],[-118.232649,49.032724],[-118.232644,49.032761],[-118.232501,49.032745],[-118.232463,49.03275],[-118.232306,49.032808],[-118.232278,49.032808],[-118.232222,49.032782],[-118.232212,49.032738],[-118.231916,49.031514],[-118.232408,49.03149],[-118.232539,49.031404],[-118.23306,49.030394],[-118.233418,49.030536],[-118.233373,49.030571],[-118.233441,49.030623],[-118.234635,49.031546],[-118.234909,49.032161],[-118.235586,49.032528],[-118.235618,49.032546],[-118.235677,49.033466],[-118.235681,49.033528],[-118.235604,49.033513],[-118.235571,49.033519],[-118.235524,49.033515],[-118.235483,49.033486],[-118.235407,49.033458],[-118.235201,49.033498],[-118.235053,49.033544],[-118.23479,49.033528],[-118.23466,49.033506],[-118.234425,49.03345],[-118.234259,49.033386]]],[[[-118.232673,49.034649],[-118.23224,49.032855],[-118.232273,49.032859],[-118.232325,49.032854],[-118.232432,49.032813],[-118.232478,49.032796],[-118.232527,49.032796],[-118.232635,49.032814],[-118.232755,49.032818],[-118.232786,49.032843],[-118.232822,49.032865],[-118.232843,49.032867],[-118.232973,49.032896],[-118.233008,49.03292],[-118.233059,49.032998],[-118.233076,49.033008],[-118.233113,49.033009],[-118.233149,49.033012],[-118.233191,49.033007],[-118.233348,49.033048],[-118.233377,49.03305],[-118.233394,49.033065],[-118.233413,49.033079],[-118.233435,49.03309],[-118.233517,49.033149],[-118.233562,49.033186],[-118.233583,49.033201],[-118.23362,49.033215],[-118.233743,49.033242],[-118.233783,49.033262],[-118.233836,49.033273],[-118.233905,49.03327],[-118.234013,49.033283],[-118.234067,49.033306],[-118.234093,49.033327],[-118.234114,49.03335],[-118.234214,49.033421],[-118.2344,49.03349],[-118.234662,49.033553],[-118.234787,49.033571],[-118.235052,49.033591],[-118.23512,49.033575],[-118.235212,49.033545],[-118.235372,49.03351],[-118.235414,49.033512],[-118.235436,49.033521],[-118.235487,49.033555],[-118.235583,49.033565],[-118.235614,49.033562],[-118.235656,49.033573],[-118.235684,49.033573],[-118.235753,49.034638],[-118.232673,49.034649]]]]},"properties":{"OBJECTID":23036,"PMBCParcelGUID":"{85EFD12B-C335-46DF-8C83-A26D5068B333}","PMBC_PID":26964139,"PMBC_PIN":26964139,"PMBC_ParcelClass":"SUBDIVISION","PMBC_OwnerType":"PRIVATE","PMBC_LegalDescription":"LOT 1 DISTRICT LOT 2874S SIMILKAMEEN DIVISION YALE DISTRICT PLAN KAP83047","Folio":"71206916025","FullAddress":"1450 STEWART CREEK RD , CHRISTINA LAKE","apt_no":null,"street_no":"1450","street_direction_prefix":null,"street_name":"STEWART CREEK RD","street_direction_suffix":null,"postal_code":null,"city":"CHRISTINA LAKE","province":"BC","AddressID":"D000002R4W","TempKey":"85EFD12B-C335-46DF-8C83-A26D5068B333D000002R4W","GlobalID":"{8AB839E2-A848-4330-BE8C-75398F07AC27}","Shape__Area":0.000010915176680397002,"Shape__Length":0.021034766017535064}},{"type":"Feature","geometry":{"type":"Polygon","coordinates":[[[-117.672568,49.097244],[-117.672222,49.097191],[-117.672241,49.097138],[-117.672587,49.097191],[-117.672568,49.097244]]]},"properties":{"OBJECTID":23037,"PMBCParcelGUID":"{426E4583-BB2A-4EE4-B1D4-A2711C22D4F1}","PMBC_PID":13066579,"PMBC_PIN":13066579,"PMBC_ParcelClass":"SUBDIVISION","PMBC_OwnerType":"PRIVATE","PMBC_LegalDescription":"LOT 75 DISTRICT LOT 4598 KOOTENAY DISTRICT PLAN 9512","Folio":"23203479150","FullAddress":"1206 PRIMROSE ST , TRAIL","apt_no":null,"street_no":"1206","street_direction_prefix":null,"street_name":"PRIMROSE ST","street_direction_suffix":null,"postal_code":"V1R 4M7","city":"TRAIL","province":"BC","AddressID":"A000018TS3","TempKey":"426E4583-BB2A-4EE4-B1D4-A2711C22D4F1A000018TS3","GlobalID":"{C13AC732-C52E-4033-BE81-8AF164977845}","Shape__Area":1.9467127223500005e-8,"Shape__Length":0.0008127589143020492}},{"type":"Feature","geometry":{"type":"MultiPolygon","coordinates":[[[[-118.237161,49.109776],[-118.237437,49.109463],[-118.238084,49.109707],[-118.238352,49.109807],[-118.238184,49.10999],[-118.238033,49.110103],[-118.237592,49.109938],[-118.237161,49.109776]]],[[[-118.23835,49.110073],[-118.238518,49.10989],[-118.2386,49.109921],[-118.238662,49.109946],[-118.238617,49.109988],[-118.238542,49.110054],[-118.238438,49.110132],[-118.238369,49.110191],[-118.238347,49.110214],[-118.238331,49.110228],[-118.238308,49.11022],[-118.238207,49.110181],[-118.23835,49.110073]]]]},"properties":{"OBJECTID":23038,"PMBCParcelGUID":"{E31825D9-C93B-4BD8-B2EB-A27121CC4413}","PMBC_PID":11074400,"PMBC_PIN":11074400,"PMBC_ParcelClass":"SUBDIVISION","PMBC_OwnerType":"PRIVATE","PMBC_LegalDescription":"LOT 6 DISTRICT LOT 3063S SIMILKAMEEN DIVISION YALE DISTRICT PLAN 1919","Folio":"71207031000","FullAddress":"3139 EAST LAKE DR , CHRISTINA LAKE","apt_no":null,"street_no":"3139","street_direction_prefix":null,"street_name":"EAST LAKE DR","street_direction_suffix":null,"postal_code":"V0H 1E1","city":"CHRISTINA LAKE","province":"BC","AddressID":"A00000J61P","TempKey":"E31825D9-C93B-4BD8-B2EB-A27121CC4413A00000J61P","GlobalID":"{1EC12E9D-C02B-4DD9-A440-3AC48865E763}","Shape__Area":4.273209485680001e-7,"Shape__Length":0.003912600763438854}},{"type":"Feature","geometry":{"type":"Polygon","coordinates":[[[-119.009694,49.086674],[-119.009862,49.083005],[-119.010752,49.083002],[-119.015367,49.082987],[-119.018834,49.082976],[-119.018693,49.083805],[-119.01867,49.083863],[-119.018656,49.083923],[-119.018651,49.083983],[-119.018656,49.084043],[-119.01867,49.084103],[-119.018694,49.084161],[-119.018726,49.084217],[-119.018767,49.084271],[-119.018817,49.084322],[-119.018874,49.084369],[-119.017072,49.0847],[-119.01715,49.084822],[-119.017238,49.084942],[-119.017335,49.085059],[-119.017441,49.085172],[-119.017703,49.085435],[-119.017958,49.08589],[-119.017985,49.085948],[-119.018001,49.086008],[-119.018007,49.086068],[-119.018001,49.086128],[-119.017986,49.086188],[-119.017959,49.086246],[-119.017937,49.086295],[-119.017926,49.086346],[-119.017925,49.086398],[-119.017934,49.086449],[-119.017954,49.086499],[-119.017984,49.086546],[-119.018023,49.086591],[-119.018069,49.086641],[-119.018105,49.086694],[-119.018133,49.08675],[-119.01815,49.086807],[-119.018157,49.086866],[-119.018155,49.086924],[-119.018142,49.086982],[-119.01812,49.087039],[-119.018087,49.087093],[-119.018046,49.087145],[-119.017996,49.087194],[-119.017208,49.087871],[-119.017481,49.088327],[-119.017934,49.089235],[-119.018618,49.090223],[-119.011622,49.090228],[-119.009773,49.09023],[-119.009694,49.086674]]]},"properties":{"OBJECTID":23039,"PMBCParcelGUID":"{A058A48C-89F3-4B4B-80C2-A2723EE3045B}","PMBC_PID":15747573,"PMBC_PIN":15747573,"PMBC_ParcelClass":"SUBDIVISION","PMBC_OwnerType":"PRIVATE","PMBC_LegalDescription":"LOT A DISTRICT 790S SIMILKAMEEN DIVISION YALE DISTRICT PLAN 42610 EXCEPT PLAN EPP125081","Folio":"71304105015","FullAddress":"1920 HULME CREEK RD ","apt_no":null,"street_no":"1920","street_direction_prefix":null,"street_name":"HULME CREEK RD","street_direction_suffix":null,"postal_code":"V0H 1Y0","city":null,"province":"BC","AddressID":"A00000J7WJ","TempKey":"A058A48C-89F3-4B4B-80C2-A2723EE3045BA00000J7WJ","GlobalID":"{0E352546-BCF2-44CC-B761-58AEEC02BF35}","Shape__Area":0.000059592679951811016,"Shape__Length":0.035088229307950115}},{"type":"Feature","geometry":{"type":"Polygon","coordinates":[[[-117.544342,49.109867],[-117.544449,49.109912],[-117.544154,49.110229],[-117.543953,49.110139],[-117.544225,49.109817],[-117.544342,49.109867]]]},"properties":{"OBJECTID":23040,"PMBCParcelGUID":"{410A6866-4BB2-4004-861B-A276554A5BC6}","PMBC_PID":12570257,"PMBC_PIN":12570257,"PMBC_ParcelClass":"SUBDIVISION","PMBC_OwnerType":"PRIVATE","PMBC_LegalDescription":"LOT 5 DISTRICT LOT 1236 KOOTENAY DISTRICT PLAN 12203","Folio":"52100333005","FullAddress":"103 ROSEWOOD DR , FRUITVALE","apt_no":null,"street_no":"103","street_direction_prefix":null,"street_name":"ROSEWOOD DR","street_direction_suffix":null,"postal_code":null,"city":"FRUITVALE","province":"BC","AddressID":"A000018XUR","TempKey":"410A6866-4BB2-4004-861B-A276554A5BC6A000018XUR","GlobalID":"{8EDCFEEA-BCDE-4185-8AC8-06E32CE22C9A}","Shape__Area":9.416205109900003e-8,"Shape__Length":0.0013181937216315072}},{"type":"Feature","geometry":{"type":"Polygon","coordinates":[[[-117.707355,49.096201],[-117.707688,49.096035],[-117.70771,49.096054],[-117.70771,49.096054],[-117.707751,49.09609],[-117.707587,49.096172],[-117.707587,49.096172],[-117.707418,49.096256],[-117.707355,49.096201]]]},"properties":{"OBJECTID":23041,"PMBCParcelGUID":"{70C0FA6E-3503-402B-8131-A277A8F0DE9F}","PMBC_PID":12617831,"PMBC_PIN":12617831,"PMBC_ParcelClass":"SUBDIVISION","PMBC_OwnerType":"PRIVATE","PMBC_LegalDescription":"LOT 13 BLOCK 9 DISTRICT LOT 230 KOOTENAY DISTRICT PLAN 465","Folio":"23200129000","FullAddress":"1319 BAY AVE , TRAIL","apt_no":null,"street_no":"1319","street_direction_prefix":null,"street_name":"BAY AVE","street_direction_suffix":null,"postal_code":"V1R 4A7","city":"TRAIL","province":"BC","AddressID":"A000018R40","TempKey":"70C0FA6E-3503-402B-8131-A277A8F0DE9FA000018R40","GlobalID":"{67449E60-6193-42FD-88E0-095817CADDBC}","Shape__Area":2.8603200794500006e-8,"Shape__Length":0.0009097234602227929}},{"type":"Feature","geometry":{"type":"Polygon","coordinates":[[[-117.81187,49.07367],[-117.811884,49.073671],[-117.811896,49.073675],[-117.811908,49.073679],[-117.811919,49.073685],[-117.811927,49.073691],[-117.811935,49.073699],[-117.81194,49.073707],[-117.811943,49.073716],[-117.811944,49.073725],[-117.811917,49.073969],[-117.811419,49.073945],[-117.811421,49.073923],[-117.811451,49.073649],[-117.81187,49.07367]]]},"properties":{"OBJECTID":23042,"PMBCParcelGUID":"{B3764C96-9396-4F6B-B957-A2792051A1C0}","PMBC_PID":9736832,"PMBC_PIN":9736832,"PMBC_ParcelClass":"SUBDIVISION","PMBC_OwnerType":"PRIVATE","PMBC_LegalDescription":"LOT 40 SECTION 34 TOWNSHIP 9A KOOTENAY DISTRICT PLAN 14835","Folio":"22901900400","FullAddress":"1312 VICTORIA AVE , ROSSLAND","apt_no":null,"street_no":"1312","street_direction_prefix":null,"street_name":"VICTORIA AVE","street_direction_suffix":null,"postal_code":null,"city":"ROSSLAND","province":"BC","AddressID":"A000018QSB","TempKey":"B3764C96-9396-4F6B-B957-A2792051A1C0A000018QSB","GlobalID":"{AE4118FE-18C9-442C-8D5C-E4A94CDC1148}","Shape__Area":1.4692515425250005e-7,"Shape__Length":0.0015613662439165601}},{"type":"Feature","geometry":{"type":"Polygon","coordinates":[[[-118.677561,49.089083],[-118.677975,49.089083],[-118.677976,49.089119],[-118.677562,49.089118],[-118.677561,49.089083]]]},"properties":{"OBJECTID":23043,"PMBCParcelGUID":"{D3FDA7AF-224E-453D-BA1E-A279F35BE98B}","PMBC_PID":2663830,"PMBC_PIN":2663830,"PMBC_ParcelClass":"SUBDIVISION","PMBC_OwnerType":"PRIVATE","PMBC_LegalDescription":"THE NORTH 12 1/2 FEET OF LOT 20 BLOCK 12 DISTRICT LOT 597 SIMILKAMEEN DIVISION YALE DISTRICT PLAN 21","Folio":"21100080000","FullAddress":"S COPPER AVE , GREENWOOD","apt_no":null,"street_no":null,"street_direction_prefix":"S","street_name":"COPPER AVE","street_direction_suffix":null,"postal_code":"V0H 1J0","city":"GREENWOOD","province":"BC","AddressID":"A00000H9GL","TempKey":"D3FDA7AF-224E-453D-BA1E-A279F35BE98BA00000H9GL","GlobalID":"{297392EC-D5C5-405C-B03D-ACE6FDA00769}","Shape__Area":1.4713004635000004e-8,"Shape__Length":0.0008990516314923062}},{"type":"Feature","geometry":{"type":"Polygon","coordinates":[[[-117.542821,49.109231],[-117.542676,49.109171],[-117.54249,49.109093],[-117.542829,49.108713],[-117.543165,49.108847],[-117.542821,49.109231]]]},"properties":{"OBJECTID":23044,"PMBCParcelGUID":"{C7A0AC6C-BC19-457E-94F0-A27BA038755F}","PMBC_PID":12476196,"PMBC_PIN":12476196,"PMBC_ParcelClass":"SUBDIVISION","PMBC_OwnerType":"PRIVATE","PMBC_LegalDescription":"LOT 14 DISTRICT LOT 1236 KOOTENAY DISTRICT PLAN 2500","Folio":"52100331140","FullAddress":"116 BIRCH AVE , FRUITVALE","apt_no":null,"street_no":"116","street_direction_prefix":null,"street_name":"BIRCH AVE","street_direction_suffix":null,"postal_code":null,"city":"FRUITVALE","province":"BC","AddressID":"A000018XUK","TempKey":"C7A0AC6C-BC19-457E-94F0-A27BA038755FA000018XUK","GlobalID":"{96FE0CB5-2D53-4371-BC9B-4A144E4809B9}","Shape__Area":1.7393914142500004e-7,"Shape__Length":0.0017455777888180193}},{"type":"Feature","geometry":{"type":"Polygon","coordinates":[[[-118.454897,49.026295],[-118.454835,49.026223],[-118.455286,49.026052],[-118.455349,49.026123],[-118.455411,49.026193],[-118.45496,49.026365],[-118.454897,49.026295]]]},"properties":{"OBJECTID":23045,"PMBCParcelGUID":"{5364C6B7-B66E-4E0D-9359-A27E5B6F5585}","PMBC_PID":17221536,"PMBC_PIN":17221536,"PMBC_ParcelClass":"SUBDIVISION","PMBC_OwnerType":"PRIVATE","PMBC_LegalDescription":"PARCEL B (KE18373) BLOCK 5 DISTRICT LOT 380 SIMILKAMEEN DIVISION YALE DISTRICT PLAN 35","Folio":"21000689025","FullAddress":"6933 16TH ST , GRAND FORKS","apt_no":null,"street_no":"6933","street_direction_prefix":null,"street_name":"16TH ST","street_direction_suffix":null,"postal_code":null,"city":"GRAND FORKS","province":"BC","AddressID":"A00000H7QU","TempKey":"5364C6B7-B66E-4E0D-9359-A27E5B6F5585A00000H7QU","GlobalID":"{A492E4AD-A63E-4B9C-AAD8-2454D5B6B037}","Shape__Area":8.543309996100002e-8,"Shape__Length":0.0013429052912131863}},{"type":"Feature","geometry":{"type":"Polygon","coordinates":[[[-117.79396,49.080627],[-117.793836,49.080621],[-117.793866,49.080348],[-117.79399,49.080354],[-117.79396,49.080627]]]},"properties":{"OBJECTID":23046,"PMBCParcelGUID":"{DF183855-B402-4017-96B7-A27E5CC64BE1}","PMBC_PID":10930761,"PMBC_PIN":10930761,"PMBC_ParcelClass":"SUBDIVISION","PMBC_OwnerType":"PRIVATE","PMBC_LegalDescription":"LOT 13 BLOCK N TOWNSHIP 9A KOOTENAY DISTRICT PLAN 616","Folio":"22901164000","FullAddress":"2365 FOURTH AVE , ROSSLAND","apt_no":null,"street_no":"2365","street_direction_prefix":null,"street_name":"FOURTH AVE","street_direction_suffix":null,"postal_code":null,"city":"ROSSLAND","province":"BC","AddressID":"A000018Q4H","TempKey":"DF183855-B402-4017-96B7-A27E5CC64BE1A000018Q4H","GlobalID":"{79B18E47-ED1C-4ABF-B10C-7311F7D190F2}","Shape__Area":3.417049376700001e-8,"Shape__Length":0.0007982894974953829}},{"type":"Feature","geometry":{"type":"Polygon","coordinates":[[[-118.44535,49.033735],[-118.445262,49.033592],[-118.445405,49.033553],[-118.445431,49.033546],[-118.445454,49.033541],[-118.445456,49.033544],[-118.445543,49.033684],[-118.44563,49.033828],[-118.44561,49.033836],[-118.44544,49.033882],[-118.44535,49.033735]]]},"properties":{"OBJECTID":23047,"PMBCParcelGUID":"{1BDDDD62-9856-4B3B-984C-A27EC116C7EA}","PMBC_PID":4196210,"PMBC_PIN":4196210,"PMBC_ParcelClass":"SUBDIVISION","PMBC_OwnerType":"PRIVATE","PMBC_LegalDescription":"LOT C DISTRICT LOT 108 SIMILKAMEEN DIVISION YALE DISTRICT PLAN 36717","Folio":"21000278015","FullAddress":"7545 7TH ST , GRAND FORKS","apt_no":null,"street_no":"7545","street_direction_prefix":null,"street_name":"7TH ST","street_direction_suffix":null,"postal_code":"V0H 1H0","city":"GRAND FORKS","province":"BC","AddressID":"A00000H6ZR","TempKey":"1BDDDD62-9856-4B3B-984C-A27EC116C7EAA00000H6ZR","GlobalID":"{2E75006B-4BFD-4E7D-BBF1-3F8287DD674B}","Shape__Area":6.487246606400002e-8,"Shape__Length":0.001073470918324815}},{"type":"Feature","geometry":{"type":"Polygon","coordinates":[[[-117.626303,49.070257],[-117.626449,49.070361],[-117.626466,49.070383],[-117.626508,49.070457],[-117.626556,49.070529],[-117.626609,49.0706],[-117.625905,49.070859],[-117.625001,49.071191],[-117.620857,49.072713],[-117.620315,49.071457],[-117.620208,49.071207],[-117.620376,49.071181],[-117.626303,49.070257]]]},"properties":{"OBJECTID":23048,"PMBCParcelGUID":"{6BEFCE8C-B3CC-4256-A419-A27FD9B0FE16}","PMBC_PID":16654374,"PMBC_PIN":16654374,"PMBC_ParcelClass":"SUBDIVISION","PMBC_OwnerType":"PRIVATE","PMBC_LegalDescription":"LOT 51 SECTION 30 TOWNSHIP 7A KOOTENAY DISTRICT PLAN 941","Folio":"71110530245","FullAddress":"","apt_no":null,"street_no":null,"street_direction_prefix":null,"street_name":null,"street_direction_suffix":null,"postal_code":null,"city":null,"province":"BC","AddressID":"D00000F3HQ","TempKey":"6BEFCE8C-B3CC-4256-A419-A27FD9B0FE16D00000F3HQ","GlobalID":"{989D6789-4CBA-4AAD-9F02-CFECE5884CC1}","Shape__Area":0.000006218970684496502,"Shape__Length":0.014405077583610738}},{"type":"Feature","geometry":{"type":"Polygon","coordinates":[[[-117.547208,49.11648],[-117.547391,49.116644],[-117.547053,49.11681],[-117.546869,49.116644],[-117.547208,49.11648]]]},"properties":{"OBJECTID":23049,"PMBCParcelGUID":"{4FD8372D-740A-43B9-8225-A283948001BA}","PMBC_PID":15204537,"PMBC_PIN":15204537,"PMBC_ParcelClass":"SUBDIVISION","PMBC_OwnerType":"PRIVATE","PMBC_LegalDescription":"LOT 6 DISTRICT LOT 1236 KOOTENAY DISTRICT PLAN 2564","Folio":"52100074000","FullAddress":"25 KOOTENAY AVE N, FRUITVALE","apt_no":null,"street_no":"25","street_direction_prefix":null,"street_name":"KOOTENAY AVE","street_direction_suffix":"N","postal_code":null,"city":"FRUITVALE","province":"BC","AddressID":"A000018XC1","TempKey":"4FD8372D-740A-43B9-8225-A283948001BAA000018XC1","GlobalID":"{7FC6F67E-A935-424F-950F-596B47922515}","Shape__Area":8.626185547750003e-8,"Shape__Length":0.0012479314502594832}},{"type":"Feature","geometry":{"type":"Polygon","coordinates":[[[-118.215761,49.035842],[-118.216568,49.035834],[-118.216574,49.036099],[-118.215767,49.036103],[-118.215761,49.035842]]]},"properties":{"OBJECTID":23050,"PMBCParcelGUID":"{7B582107-2577-4553-84AE-A28639167E14}","PMBC_PID":7874481,"PMBC_PIN":7874481,"PMBC_ParcelClass":"SUBDIVISION","PMBC_OwnerType":"PRIVATE","PMBC_LegalDescription":"LOT 34 DISTRICT LOT 317 SIMILKAMEEN DIVISION YALE DISTRICT PLAN 20292","Folio":"71202535665","FullAddress":"1497 WOLVERTON RD , CHRISTINA LAKE","apt_no":null,"street_no":"1497","street_direction_prefix":null,"street_name":"WOLVERTON RD","street_direction_suffix":null,"postal_code":null,"city":"CHRISTINA LAKE","province":"BC","AddressID":"A00000J317","TempKey":"7B582107-2577-4553-84AE-A28639167E14A00000J317","GlobalID":"{481EC261-863A-4F0F-8041-AAB88045A565}","Shape__Area":2.1247884170000006e-7,"Shape__Length":0.0021411630759845734}},{"type":"Feature","geometry":{"type":"Polygon","coordinates":[[[-118.822389,49.012622],[-118.824757,49.012557],[-118.82516,49.012534],[-118.831034,49.012205],[-118.839266,49.011752],[-118.839577,49.011754],[-118.839888,49.011762],[-118.840198,49.011776],[-118.840508,49.011797],[-118.840816,49.011824],[-118.841124,49.011857],[-118.841429,49.011896],[-118.839499,49.012004],[-118.836426,49.012176],[-118.832774,49.012384],[-118.831064,49.012479],[-118.830648,49.012502],[-118.828056,49.012648],[-118.826655,49.012727],[-118.82239,49.012878],[-118.822389,49.012622]]]},"properties":{"OBJECTID":23051,"PMBCParcelGUID":"{A8269A05-5CDF-47CE-A83A-A28DDB1F3971}","PMBC_PID":12585092,"PMBC_PIN":12585092,"PMBC_ParcelClass":"SUBDIVISION","PMBC_OwnerType":"PRIVATE","PMBC_LegalDescription":"PARCEL C (PLAN A149) OF DISTRICT LOT 637 SIMILKAMEEN DIVISION YALE DISTRICT","Folio":"54700253060","FullAddress":"1162 HIGHWAY 3 , MIDWAY","apt_no":null,"street_no":"1162","street_direction_prefix":null,"street_name":"HIGHWAY 3","street_direction_suffix":null,"postal_code":null,"city":"MIDWAY","province":"BC","AddressID":"D000008HAY","TempKey":"A8269A05-5CDF-47CE-A83A-A28DDB1F3971D000008HAY","GlobalID":"{C629A824-77EB-4ECF-A6DE-E1F7359DAD0A}","Shape__Area":0.000004846703897617501,"Shape__Length":0.03839085711787287}},{"type":"Feature","geometry":{"type":"Polygon","coordinates":[[[-118.215234,49.041165],[-118.215304,49.041165],[-118.215525,49.041162],[-118.215527,49.041231],[-118.215533,49.04146],[-118.215242,49.041489],[-118.215234,49.041165]]]},"properties":{"OBJECTID":23052,"PMBCParcelGUID":"{94478513-43F9-4688-BC5C-A28EF00575CA}","PMBC_PID":6441963,"PMBC_PIN":6441963,"PMBC_ParcelClass":"SUBDIVISION","PMBC_OwnerType":"PRIVATE","PMBC_LegalDescription":"LOT 11 DISTRICT LOT 317 SIMILKAMEEN DIVISION YALE DISTRICT PLAN 23397","Folio":"71202578050","FullAddress":"93 PARK RD , CHRISTINA LAKE","apt_no":null,"street_no":"93","street_direction_prefix":null,"street_name":"PARK RD","street_direction_suffix":null,"postal_code":null,"city":"CHRISTINA LAKE","province":"BC","AddressID":"A00000J385","TempKey":"94478513-43F9-4688-BC5C-A28EF00575CAA00000J385","GlobalID":"{413E41A7-7039-4C7C-B997-AD0C5204C7A3}","Shape__Area":9.051574488650002e-8,"Shape__Length":0.0012049240196354515}},{"type":"Feature","geometry":{"type":"Polygon","coordinates":[[[-117.694729,49.095901],[-117.694832,49.095889],[-117.694904,49.096159],[-117.694801,49.096171],[-117.694729,49.095901]]]},"properties":{"OBJECTID":23053,"PMBCParcelGUID":"{6F0A8137-10DE-4A84-9CB9-A29166DB21D3}","PMBC_PID":15892093,"PMBC_PIN":15892093,"PMBC_ParcelClass":"SUBDIVISION","PMBC_OwnerType":"PRIVATE","PMBC_LegalDescription":"LOT 15 BLOCK 10 DISTRICT LOT 4598 KOOTENAY DISTRICT PLAN 1310","Folio":"23202558100","FullAddress":"1998 SECOND AVE , TRAIL","apt_no":null,"street_no":"1998","street_direction_prefix":null,"street_name":"SECOND AVE","street_direction_suffix":null,"postal_code":"V1R 1N2","city":"TRAIL","province":"BC","AddressID":"A000018SVT","TempKey":"6F0A8137-10DE-4A84-9CB9-A29166DB21D3A000018SVT","GlobalID":"{CEAE8A3D-45CC-4248-928C-969FDC7C756C}","Shape__Area":2.8614090128500006e-8,"Shape__Length":0.000766123088134968}},{"type":"Feature","geometry":{"type":"Polygon","coordinates":[[[-118.419801,49.015541],[-118.421051,49.015537],[-118.421107,49.015537],[-118.422221,49.015535],[-118.42222,49.01582],[-118.420584,49.015834],[-118.419798,49.015841],[-118.419801,49.015541]]]},"properties":{"OBJECTID":23054,"PMBCParcelGUID":"{1F67E3CD-847B-44E7-8B71-A296DC467E76}","PMBC_PID":9791710,"PMBC_PIN":9791710,"PMBC_ParcelClass":"SUBDIVISION","PMBC_OwnerType":"LOCAL GOVERNMENT","PMBC_LegalDescription":"LOT 5 DISTRICT LOT 534 SIMILKAMEEN DIVISION YALE DISTRICT PLAN 8735 EXCEPT THAT PART THEREOF LYING SOUTH OF A LINE DRAWN PARALLEL TO AND PERPENDICULARLY DISTANT 73.72 FEET FROM THE MOST SOUTHERLY BOUNDARY THEREOF","Folio":"21001627000","FullAddress":"5980 2ND ST , GRAND FORKS","apt_no":null,"street_no":"5980","street_direction_prefix":null,"street_name":"2ND ST","street_direction_suffix":null,"postal_code":"V0H 1H4","city":"GRAND FORKS","province":"BC","AddressID":"A00000H99J","TempKey":"1F67E3CD-847B-44E7-8B71-A296DC467E76A00000H99J","GlobalID":"{3303ADD6-06CA-44C1-85CB-4ED1D467E6CA}","Shape__Area":7.088975030705002e-7,"Shape__Length":0.005426011622658101}},{"type":"Feature","geometry":{"type":"Polygon","coordinates":[[[-118.480955,49.018846],[-118.481034,49.018674],[-118.481041,49.018663],[-118.48111,49.018537],[-118.481137,49.018468],[-118.481135,49.018495],[-118.481135,49.018548],[-118.481123,49.019228],[-118.481119,49.019358],[-118.48112,49.019369],[-118.481102,49.020243],[-118.481102,49.020258],[-118.480979,49.020288],[-118.480979,49.020273],[-118.480985,49.019948],[-118.480551,49.019945],[-118.480562,49.019343],[-118.480563,49.019322],[-118.480629,49.019262],[-118.48073,49.019182],[-118.480772,49.019125],[-118.480812,49.019071],[-118.480879,49.018972],[-118.48094,49.018881],[-118.480955,49.018846]]]},"properties":{"OBJECTID":23055,"PMBCParcelGUID":"{0BAD68B0-190F-4576-A468-A2971BB6F4CD}","PMBC_PID":9849696,"PMBC_PIN":9849696,"PMBC_ParcelClass":"SUBDIVISION","PMBC_OwnerType":"PRIVATE","PMBC_LegalDescription":"LOT 95 DISTRICT LOT 1699 SIMILKAMEEN DIVISION YALE DISTRICT PLAN 8515 EXCEPT PLAN KAP52704","Folio":"71203938100","FullAddress":"3270 HALL FRONTAGE RD , GRAND FORKS","apt_no":null,"street_no":"3270","street_direction_prefix":null,"street_name":"HALL FRONTAGE RD","street_direction_suffix":null,"postal_code":"V0H 1H5","city":"GRAND FORKS","province":"BC","AddressID":"A00000J4MB","TempKey":"0BAD68B0-190F-4576-A468-A2971BB6F4CDA00000J4MB","GlobalID":"{E4D19EC3-C5E2-418A-B32E-98BA3E6525CD}","Shape__Area":5.812418890640002e-7,"Shape__Length":0.004356756317573918}},{"type":"Feature","geometry":{"type":"Polygon","coordinates":[[[-117.538823,49.120954],[-117.538909,49.120702],[-117.538931,49.120691],[-117.539981,49.121631],[-117.539727,49.121753],[-117.538823,49.120954]]]},"properties":{"OBJECTID":23056,"PMBCParcelGUID":"{DFFBD860-773A-4655-A20E-A2988916A5EA}","PMBC_PID":6632581,"PMBC_PIN":6632581,"PMBC_ParcelClass":"SUBDIVISION","PMBC_OwnerType":"PRIVATE","PMBC_LegalDescription":"LOT 3 DISTRICT LOT 1236 KOOTENAY DISTRICT PLAN 2974","Folio":"71105019015","FullAddress":"2050 CAUGHLIN RD , FRUITVALE","apt_no":null,"street_no":"2050","street_direction_prefix":null,"street_name":"CAUGHLIN RD","street_direction_suffix":null,"postal_code":"V0G 1L0","city":"FRUITVALE","province":"BC","AddressID":"A000019M11","TempKey":"DFFBD860-773A-4655-A20E-A2988916A5EAA000019M11","GlobalID":"{8D29DE45-EEF5-4670-B7F3-C7A6F3BB8E5D}","Shape__Area":3.474429300475001e-7,"Shape__Length":0.0031876433667155928}},{"type":"Feature","geometry":{"type":"Polygon","coordinates":[[[-117.7264,49.098536],[-117.726556,49.098542],[-117.726537,49.098614],[-117.726483,49.098812],[-117.726325,49.09878],[-117.7264,49.098536]]]},"properties":{"OBJECTID":23057,"PMBCParcelGUID":"{2F54000A-8D39-42FC-B0FB-A299FF0D3C96}","PMBC_PID":12707732,"PMBC_PIN":12707732,"PMBC_ParcelClass":"SUBDIVISION","PMBC_OwnerType":"PRIVATE","PMBC_LegalDescription":"LOT 15 BLOCK 17 DISTRICT LOT 1073 KOOTENAY DISTRICT PLAN 1645","Folio":"23201286000","FullAddress":"240 BINNS ST , TRAIL","apt_no":null,"street_no":"240","street_direction_prefix":null,"street_name":"BINNS ST","street_direction_suffix":null,"postal_code":"V1R 3K8","city":"TRAIL","province":"BC","AddressID":"A000018RXN","TempKey":"2F54000A-8D39-42FC-B0FB-A299FF0D3C96A000018RXN","GlobalID":"{29754998-B950-4421-90CE-564FDC886584}","Shape__Area":4.173547310950001e-8,"Shape__Length":0.0008521989885815851}},{"type":"Feature","geometry":{"type":"Polygon","coordinates":[[[-117.733467,49.110985],[-117.734654,49.110197],[-117.736954,49.1102],[-117.73691,49.116495],[-117.736196,49.116216],[-117.735242,49.115398],[-117.7349,49.1153],[-117.732529,49.110982],[-117.733467,49.110985]]]},"properties":{"OBJECTID":23058,"PMBCParcelGUID":"{F6E2BCD6-6DF0-4BF5-8700-A29C426E8770}","PMBC_PID":15737276,"PMBC_PIN":15737276,"PMBC_ParcelClass":"SUBDIVISION","PMBC_OwnerType":"PRIVATE","PMBC_LegalDescription":"LOT 17 DISTRICT LOT 367 KOOTENAY DISTRICT PLAN 1425, EXCEPT PARTS INCLUDED IN PLANS 1609 AND RW 13","Folio":"23205000800","FullAddress":"DUNCAN FLATS , TRAIL","apt_no":null,"street_no":null,"street_direction_prefix":null,"street_name":"DUNCAN FLATS","street_direction_suffix":null,"postal_code":null,"city":"TRAIL","province":"BC","AddressID":"A000018UNL","TempKey":"F6E2BCD6-6DF0-4BF5-8700-A29C426E8770A000018UNL","GlobalID":"{E72DED19-7D6D-4CB0-B7B4-41735E845A34}","Shape__Area":0.000017420398046073505,"Shape__Length":0.01826396393209345}},{"type":"Feature","geometry":{"type":"Polygon","coordinates":[[[-117.710484,49.092311],[-117.710573,49.092387],[-117.71024,49.092553],[-117.710152,49.092476],[-117.710484,49.092311]]]},"properties":{"OBJECTID":23059,"PMBCParcelGUID":"{853247E4-EA9C-4E1F-96CC-A29FC0250D05}","PMBC_PID":16283767,"PMBC_PIN":16283767,"PMBC_ParcelClass":"SUBDIVISION","PMBC_OwnerType":"PRIVATE","PMBC_LegalDescription":"LOT 2 BLOCK 56 DISTRICT LOT 230 KOOTENAY DISTRICT PLAN 465D","Folio":"23200700000","FullAddress":"1482 GREEN AVENUE LANE , TRAIL","apt_no":null,"street_no":"1482","street_direction_prefix":null,"street_name":"GREEN AVENUE LANE","street_direction_suffix":null,"postal_code":"V1R 4K2","city":"TRAIL","province":"BC","AddressID":"A000018RHL","TempKey":"853247E4-EA9C-4E1F-96CC-A29FC0250D05A000018RHL","GlobalID":"{F5A7B375-663A-4BD6-BD33-8A5B413D63B2}","Shape__Area":4.004016902900001e-8,"Shape__Length":0.0009762772652179865}},{"type":"Feature","geometry":{"type":"Polygon","coordinates":[[[-118.486528,49.042687],[-118.487912,49.042669],[-118.487978,49.042669],[-118.48799,49.043317],[-118.486984,49.043321],[-118.486501,49.043323],[-118.486528,49.042687]]]},"properties":{"OBJECTID":23060,"PMBCParcelGUID":"{FC1A82CE-A46D-4DDC-BBF1-A29FF7D9B013}","PMBC_PID":9824481,"PMBC_PIN":9824481,"PMBC_ParcelClass":"SUBDIVISION","PMBC_OwnerType":"PRIVATE","PMBC_LegalDescription":"PARCEL A (DD B10602) OF LOT 16 DISTRICT LOT 334 SIMILKAMEEN DIVISION YALE DISTRICT PLAN 8423","Folio":"71203850010","FullAddress":"8381 OUTLOOK RD , GRAND FORKS","apt_no":null,"street_no":"8381","street_direction_prefix":null,"street_name":"OUTLOOK RD","street_direction_suffix":null,"postal_code":"V0H 1H2","city":"GRAND FORKS","province":"BC","AddressID":"A00000J4F3","TempKey":"FC1A82CE-A46D-4DDC-BBF1-A29FF7D9B013A00000J4F3","GlobalID":"{E647AA0D-8687-4381-AFEC-63A260C59768}","Shape__Area":9.432366185195002e-7,"Shape__Length":0.00422357223889263}},{"type":"Feature","geometry":{"type":"Polygon","coordinates":[[[-118.673827,49.09095],[-118.674265,49.090948],[-118.674266,49.091085],[-118.673829,49.091087],[-118.673827,49.09095]]]},"properties":{"OBJECTID":23061,"PMBCParcelGUID":"{D1D0758B-A1E5-4D15-96F2-A2A15F6085C9}","PMBC_PID":12877581,"PMBC_PIN":12877581,"PMBC_ParcelClass":"SUBDIVISION","PMBC_OwnerType":"LOCAL GOVERNMENT","PMBC_LegalDescription":"LOT 2 BLOCK 1 DISTRICT LOT 711 SIMILKAMEEN DIVISION YALE DISTRICT PLAN 34","Folio":"21100135020","FullAddress":"SUMMIT AVE , GREENWOOD","apt_no":null,"street_no":null,"street_direction_prefix":null,"street_name":"SUMMIT AVE","street_direction_suffix":null,"postal_code":"V0H 1J0","city":"GREENWOOD","province":"BC","AddressID":"D00000JL4G","TempKey":"D1D0758B-A1E5-4D15-96F2-A2A15F6085C9D00000JL4G","GlobalID":"{72218E83-33EE-4185-8772-0E4CA772BAF9}","Shape__Area":5.985752151950001e-8,"Shape__Length":0.0011484457665800359}},{"type":"Feature","geometry":{"type":"Polygon","coordinates":[[[-117.52523,49.109649],[-117.526363,49.108505],[-117.527819,49.1091],[-117.527149,49.109787],[-117.5269,49.110042],[-117.526718,49.110229],[-117.52523,49.109649]]]},"properties":{"OBJECTID":23062,"PMBCParcelGUID":"{04F57B91-316F-4177-AC76-A2A4215DF325}","PMBC_PID":10837833,"PMBC_PIN":10837833,"PMBC_ParcelClass":"SUBDIVISION","PMBC_OwnerType":"PRIVATE","PMBC_LegalDescription":"LOT B DISTRICT LOT 1236 KOOTENAY DISTRICT PLAN 13480","Folio":"71105436200","FullAddress":"266 STAATS RD , FRUITVALE","apt_no":null,"street_no":"266","street_direction_prefix":null,"street_name":"STAATS RD","street_direction_suffix":null,"postal_code":"V0G 1L1","city":"FRUITVALE","province":"BC","AddressID":"A000019MF6","TempKey":"04F57B91-316F-4177-AC76-A2A4215DF325A000019MF6","GlobalID":"{C33B0029-8FA9-4E4F-9EA8-7D58C3A8D22A}","Shape__Area":0.0000023299772739465006,"Shape__Length":0.006357146025661955}},{"type":"Feature","geometry":{"type":"Polygon","coordinates":[[[-118.234281,49.10938],[-118.234292,49.109333],[-118.234352,49.109074],[-118.234361,49.109034],[-118.2344,49.108863],[-118.234425,49.108763],[-118.234432,49.108724],[-118.235608,49.108876],[-118.235634,49.108879],[-118.236258,49.10896],[-118.237715,49.109148],[-118.237437,49.109463],[-118.237161,49.109776],[-118.236885,49.110088],[-118.236748,49.110244],[-118.234888,49.109592],[-118.234563,49.109478],[-118.234281,49.10938]]]},"properties":{"OBJECTID":23063,"PMBCParcelGUID":"{A6FD9C00-9BDE-47F5-9909-A2A437645050}","PMBC_PID":2583909,"PMBC_PIN":2583909,"PMBC_ParcelClass":"SUBDIVISION","PMBC_OwnerType":"PRIVATE","PMBC_LegalDescription":"LOT 2 DISTRICT LOT 4037S SIMILKAMEEN DIVISION YALE DISTRICT PLAN 31906","Folio":"71207285010","FullAddress":"3130 HAMA RD , CHRISTINA LAKE","apt_no":null,"street_no":"3130","street_direction_prefix":null,"street_name":"HAMA RD","street_direction_suffix":null,"postal_code":"V0H 1E1","city":"CHRISTINA LAKE","province":"BC","AddressID":"A00000J65V","TempKey":"A6FD9C00-9BDE-47F5-9909-A2A437645050A00000J65V","GlobalID":"{E64F9DEE-6BEC-4F26-B34C-E3B15F1E771E}","Shape__Area":0.0000028767570629975007,"Shape__Length":0.008057747147862964}},{"type":"Feature","geometry":{"type":"Polygon","coordinates":[[[-118.780091,49.009752],[-118.780299,49.009752],[-118.780306,49.010145],[-118.780098,49.010146],[-118.780091,49.009752]]]},"properties":{"OBJECTID":23064,"PMBCParcelGUID":"{73CB7C02-66E3-489B-969D-A2A571A23352}","PMBC_PID":8718822,"PMBC_PIN":8718822,"PMBC_ParcelClass":"SUBDIVISION","PMBC_OwnerType":"PRIVATE","PMBC_LegalDescription":"LOT 3 BLOCK 17 DISTRICT LOT 501 SIMILKAMEEN DIVISION YALE DISTRICT PLAN 3","Folio":"54700009000","FullAddress":"728 PALMERSTON AVE , MIDWAY","apt_no":null,"street_no":"728","street_direction_prefix":null,"street_name":"PALMERSTON AVE","street_direction_suffix":null,"postal_code":null,"city":"MIDWAY","province":"BC","AddressID":"A00000HVB4","TempKey":"73CB7C02-66E3-489B-969D-A2A571A23352A00000HVB4","GlobalID":"{652F241F-6863-47E0-A415-25370E5154B1}","Shape__Area":8.177502921600002e-8,"Shape__Length":0.0012025452138375579}},{"type":"Feature","geometry":{"type":"Polygon","coordinates":[[[-117.756224,49.096878],[-117.756319,49.096693],[-117.756521,49.096738],[-117.756399,49.096971],[-117.756224,49.096878]]]},"properties":{"OBJECTID":23065,"PMBCParcelGUID":"{E762B9D3-882A-45EE-AC97-A2A65151CF19}","PMBC_PID":15572617,"PMBC_PIN":15572617,"PMBC_ParcelClass":"SUBDIVISION","PMBC_OwnerType":"PRIVATE","PMBC_LegalDescription":"LOT 9 BLOCK 21 DISTRICT LOT 4597 KOOTENAY DISTRICT PLAN 1939","Folio":"58800263000","FullAddress":"601 JACOBS ST , WARFIELD","apt_no":null,"street_no":"601","street_direction_prefix":null,"street_name":"JACOBS ST","street_direction_suffix":null,"postal_code":"V1R 2C9","city":"WARFIELD","province":"BC","AddressID":"A0000192PD","TempKey":"E762B9D3-882A-45EE-AC97-A2A65151CF19A0000192PD","GlobalID":"{EB3FBD33-AACF-47D0-A15C-20DDBB185FA8}","Shape__Area":4.686202794000001e-8,"Shape__Length":0.0008758387885485575}},{"type":"Feature","geometry":{"type":"Polygon","coordinates":[[[-118.207547,49.015157],[-118.207778,49.015158],[-118.207778,49.015311],[-118.20778,49.015469],[-118.207548,49.015469],[-118.207547,49.015157]]]},"properties":{"OBJECTID":23066,"PMBCParcelGUID":"{0B5C511F-1D78-41EF-8DD7-A2A672D8D257}","PMBC_PID":12858587,"PMBC_PIN":12858587,"PMBC_ParcelClass":"SUBDIVISION","PMBC_OwnerType":"PRIVATE","PMBC_LegalDescription":"LOT 7 BLOCK 34 DISTRICT LOT 269 SIMILKAMEEN DIVISION YALE DISTRICT PLAN 8","Folio":"71200210100","FullAddress":"230 2ND AVE , CHRISTINA LAKE","apt_no":null,"street_no":"230","street_direction_prefix":null,"street_name":"2ND AVE","street_direction_suffix":null,"postal_code":null,"city":"CHRISTINA LAKE","province":"BC","AddressID":"A00000J2LJ","TempKey":"0B5C511F-1D78-41EF-8DD7-A2A672D8D257A00000J2LJ","GlobalID":"{564309A0-FDF8-4D8D-9014-A5623BBB5CB8}","Shape__Area":7.194690439750001e-8,"Shape__Length":0.0010859308531807003}},{"type":"Feature","geometry":{"type":"Polygon","coordinates":[[[-118.207547,49.015157],[-118.207778,49.015158],[-118.207778,49.015311],[-118.20778,49.015469],[-118.207548,49.015469],[-118.207547,49.015157]]]},"properties":{"OBJECTID":23067,"PMBCParcelGUID":"{0B5C511F-1D78-41EF-8DD7-A2A672D8D257}","PMBC_PID":12858587,"PMBC_PIN":12858587,"PMBC_ParcelClass":"SUBDIVISION","PMBC_OwnerType":"PRIVATE","PMBC_LegalDescription":"LOT 7 BLOCK 34 DISTRICT LOT 269 SIMILKAMEEN DIVISION YALE DISTRICT PLAN 8","Folio":"71200210100","FullAddress":"275 2ND AVE , CHRISTINA LAKE","apt_no":null,"street_no":"275","street_direction_prefix":null,"street_name":"2ND AVE","street_direction_suffix":null,"postal_code":null,"city":"CHRISTINA LAKE","province":"BC","AddressID":"A00000J2LH","TempKey":"0B5C511F-1D78-41EF-8DD7-A2A672D8D257A00000J2LH","GlobalID":"{4451C628-3D6A-4A93-BD07-C558A66B6009}","Shape__Area":7.194690439750001e-8,"Shape__Length":0.0010859308531807003}},{"type":"Feature","geometry":{"type":"Polygon","coordinates":[[[-117.793652,49.080019],[-117.793776,49.080025],[-117.793746,49.080298],[-117.793621,49.080292],[-117.793652,49.080019]]]},"properties":{"OBJECTID":23068,"PMBCParcelGUID":"{C2B82C82-0B54-4EF4-BE13-A2A7DEA06CE9}","PMBC_PID":5184193,"PMBC_PIN":5184193,"PMBC_ParcelClass":"SUBDIVISION","PMBC_OwnerType":"PRIVATE","PMBC_LegalDescription":"LOT 10 BLOCK N DISTRICT LOT 535 KOOTENAY DISTRICT PLAN 616","Folio":"22901162000","FullAddress":"2392 THIRD AVE , ROSSLAND","apt_no":null,"street_no":"2392","street_direction_prefix":null,"street_name":"THIRD AVE","street_direction_suffix":null,"postal_code":null,"city":"ROSSLAND","province":"BC","AddressID":"A000018Q4F","TempKey":"C2B82C82-0B54-4EF4-BE13-A2A7DEA06CE9A000018Q4F","GlobalID":"{6BF76059-85AA-4D07-BD16-E76360FDAF56}","Shape__Area":3.424548815400001e-8,"Shape__Length":0.0007995680733264161}},{"type":"Feature","geometry":{"type":"Polygon","coordinates":[[[-119.049715,49.419185],[-119.048936,49.416819],[-119.053012,49.417348],[-119.05337,49.416135],[-119.053577,49.415434],[-119.054903,49.415279],[-119.055474,49.41717],[-119.05613,49.419306],[-119.05503,49.419427],[-119.055024,49.41919],[-119.049729,49.419231],[-119.049715,49.419185]]]},"properties":{"OBJECTID":23069,"PMBCParcelGUID":"{FB84DC35-B60E-4D50-A1B7-A2A9B31C23E9}","PMBC_PID":14973430,"PMBC_PIN":14973430,"PMBC_ParcelClass":"SUBDIVISION","PMBC_OwnerType":"CROWN PROVINCIAL","PMBC_LegalDescription":"THE SURFACE OF DISTRICT LOT 1098S SIMILKAMEEN DIVISION YALE DISTRICT KNOWN AS THE BLACK DIAMOND MINERAL CLAIM","Folio":"71304608710","FullAddress":"","apt_no":null,"street_no":null,"street_direction_prefix":null,"street_name":null,"street_direction_suffix":null,"postal_code":null,"city":null,"province":"BC","AddressID":"D00000G1UX","TempKey":"FB84DC35-B60E-4D50-A1B7-A2A9B31C23E9D00000G1UX","GlobalID":"{D23ED603-04DC-4FCC-82DB-3D67FCB31454}","Shape__Area":0.000016944214411768006,"Shape__Length":0.020830221016979133}},{"type":"Feature","geometry":{"type":"Polygon","coordinates":[[[-118.533561,49.115752],[-118.533686,49.115749],[-118.533685,49.116078],[-118.53356,49.116081],[-118.533561,49.115752]]]},"properties":{"OBJECTID":23070,"PMBCParcelGUID":"{7864E271-9773-4C44-BE05-A2AA8A10CD18}","PMBC_PID":14141892,"PMBC_PIN":14141892,"PMBC_ParcelClass":"SUBDIVISION","PMBC_OwnerType":"CROWN PROVINCIAL","PMBC_LegalDescription":"LOT 14 BLOCK 75 DISTRICT LOT 2005 SIMILKAMEEN DIVISION YALE DISTRICT PLAN 79","Folio":"71204852208","FullAddress":"","apt_no":null,"street_no":null,"street_direction_prefix":null,"street_name":null,"street_direction_suffix":null,"postal_code":null,"city":null,"province":"BC","AddressID":"D00000FEZL","TempKey":"7864E271-9773-4C44-BE05-A2AA8A10CD18D00000FEZL","GlobalID":"{5FD95AD1-F8A7-430D-B041-2F75B00E0A64}","Shape__Area":4.118798783150001e-8,"Shape__Length":0.0009084287965169293}},{"type":"Feature","geometry":{"type":"MultiPolygon","coordinates":[[[[-118.442262,49.015208],[-118.442262,49.015208],[-118.442263,49.016219],[-118.442263,49.016304],[-118.442263,49.016523],[-118.44221,49.016704],[-118.442101,49.017033],[-118.441741,49.017033],[-118.441742,49.016621],[-118.441743,49.016466],[-118.441741,49.015208],[-118.442262,49.015208]]],[[[-118.441741,49.017214],[-118.442041,49.017214],[-118.441937,49.017526],[-118.441736,49.017524],[-118.441741,49.017214]]]]},"properties":{"OBJECTID":23071,"PMBCParcelGUID":"{0B45B26C-5C7D-4E1E-BFA4-A2AEC26A9B00}","PMBC_PID":15052401,"PMBC_PIN":15052401,"PMBC_ParcelClass":"SUBDIVISION","PMBC_OwnerType":"PRIVATE","PMBC_LegalDescription":"LOT A DISTRICT LOT 382 SIMILKAMEEN DIVISION YALE DISTRICT PLAN 41978","Folio":"71202748025","FullAddress":"5875 COMO RD , GRAND FORKS","apt_no":null,"street_no":"5875","street_direction_prefix":null,"street_name":"COMO RD","street_direction_suffix":null,"postal_code":"V0H 1H4","city":"GRAND FORKS","province":"BC","AddressID":"A00000J3KQ","TempKey":"0B45B26C-5C7D-4E1E-BFA4-A2AEC26A9B00A00000J3KQ","GlobalID":"{F801F90E-5A38-46E2-A250-44F8787DCD46}","Shape__Area":9.878687694950003e-7,"Shape__Length":0.0056959968886251}},{"type":"Feature","geometry":{"type":"Polygon","coordinates":[[[-117.710585,49.094762],[-117.710662,49.094724],[-117.710752,49.09468],[-117.710815,49.094735],[-117.71079,49.094747],[-117.710666,49.094808],[-117.710648,49.094817],[-117.710627,49.094799],[-117.710585,49.094762]]]},"properties":{"OBJECTID":23072,"PMBCParcelGUID":"{9C494A1E-19FD-4DBB-9E26-A2B1FC34A4CF}","PMBC_PID":16283279,"PMBC_PIN":16283279,"PMBC_ParcelClass":"SUBDIVISION","PMBC_OwnerType":"PRIVATE","PMBC_LegalDescription":"PARCEL A (SEE 8754I) OF LOT 11 BLOCK 26 DISTRICT LOT 230 KOOTENAY DISTRICT PLAN 465A","Folio":"23200354000","FullAddress":"1309 TAMARAC AVE , TRAIL","apt_no":null,"street_no":"1309","street_direction_prefix":null,"street_name":"TAMARAC AVE","street_direction_suffix":null,"postal_code":"V1R 4J2","city":"TRAIL","province":"BC","AddressID":"A000018RA2","TempKey":"9C494A1E-19FD-4DBB-9E26-A2B1FC34A4CFA000018RA2","GlobalID":"{B3A8D5AA-DDC1-49ED-AE19-D04736DB53D9}","Shape__Area":1.4339356643000003e-8,"Shape__Length":0.0005389740566133469}},{"type":"Feature","geometry":{"type":"Polygon","coordinates":[[[-117.810841,49.098354],[-117.810838,49.098032],[-117.810521,49.098035],[-117.810519,49.097591],[-117.810518,49.097372],[-117.810833,49.097371],[-117.811909,49.097508],[-117.81278,49.098354],[-117.812713,49.098736],[-117.812671,49.098977],[-117.812619,49.099276],[-117.810845,49.099142],[-117.810834,49.099136],[-117.810438,49.098931],[-117.810842,49.098595],[-117.810841,49.098354]]]},"properties":{"OBJECTID":23073,"PMBCParcelGUID":"{E2A6A950-286E-40A9-89AB-A2B2DEE30F9E}","PMBC_PID":32221649,"PMBC_PIN":32221649,"PMBC_ParcelClass":"SUBDIVISION","PMBC_OwnerType":"PRIVATE","PMBC_LegalDescription":"LOT 1 TOWNSHIP 28 KOOTENAY DISTRICT PLAN EPP134237","Folio":"22903009110","FullAddress":"3990 OLD RED MOUNTAIN RD , ROSSLAND","apt_no":null,"street_no":"3990","street_direction_prefix":null,"street_name":"OLD RED MOUNTAIN RD","street_direction_suffix":null,"postal_code":null,"city":"ROSSLAND","province":"BC","AddressID":"J00003AK1M","TempKey":"E2A6A950-286E-40A9-89AB-A2B2DEE30F9EJ00003AK1M","GlobalID":"{3D7D151E-62DE-426D-BE79-36CF3B036F5C}","Shape__Area":0.000003260448205140001,"Shape__Length":0.007855484897951528}},{"type":"Feature","geometry":{"type":"Polygon","coordinates":[[[-118.535802,49.120453],[-118.535928,49.120452],[-118.535927,49.120781],[-118.535801,49.120783],[-118.535802,49.120453]]]},"properties":{"OBJECTID":23074,"PMBCParcelGUID":"{23A0031E-6923-4284-9157-A2B2E8FD349F}","PMBC_PID":12903868,"PMBC_PIN":12903868,"PMBC_ParcelClass":"SUBDIVISION","PMBC_OwnerType":"PRIVATE","PMBC_LegalDescription":"LOT 6 BLOCK 40 DISTRICT LOT 2005 SIMILKAMEEN DIVISION YALE DISTRICT PLAN 79","Folio":"71204850696","FullAddress":"","apt_no":null,"street_no":null,"street_direction_prefix":null,"street_name":null,"street_direction_suffix":null,"postal_code":null,"city":null,"province":"BC","AddressID":"D00000G12H","TempKey":"23A0031E-6923-4284-9157-A2B2E8FD349FD00000G12H","GlobalID":"{C36F632A-E86C-477E-B932-022301466450}","Shape__Area":4.125896642750001e-8,"Shape__Length":0.0009089327776136414}},{"type":"Feature","geometry":{"type":"Polygon","coordinates":[[[-118.673874,49.094947],[-118.674408,49.094944],[-118.674408,49.094944],[-118.674776,49.094942],[-118.674777,49.095052],[-118.674257,49.095054],[-118.674257,49.095054],[-118.673876,49.095056],[-118.673874,49.094947]]]},"properties":{"OBJECTID":23075,"PMBCParcelGUID":"{233F25CC-A0F2-481E-961C-A2BC7901BBE7}","PMBC_PID":12876577,"PMBC_PIN":12876577,"PMBC_ParcelClass":"SUBDIVISION","PMBC_OwnerType":"PRIVATE","PMBC_LegalDescription":"LOT 2 BLOCK 10 DISTRICT LOT 711 SIMILKAMEEN DIVISION YALE DISTRICT PLAN 34","Folio":"21100167000","FullAddress":"246 CHURCH AVE , GREENWOOD","apt_no":null,"street_no":"246","street_direction_prefix":null,"street_name":"CHURCH AVE","street_direction_suffix":null,"postal_code":"V0H 1J0","city":"GREENWOOD","province":"BC","AddressID":"A00000H9L3","TempKey":"233F25CC-A0F2-481E-961C-A2BC7901BBE7A00000H9L3","GlobalID":"{2A5D3BCF-30B2-47E1-9B00-D106D2524E80}","Shape__Area":9.872181196800003e-8,"Shape__Length":0.002022229447580086}},{"type":"Feature","geometry":{"type":"Polygon","coordinates":[[[-117.690898,49.100514],[-117.69073,49.100763],[-117.690539,49.100708],[-117.690707,49.100458],[-117.690898,49.100514]]]},"properties":{"OBJECTID":23076,"PMBCParcelGUID":"{AEB36F8E-D484-4C66-91E6-A2BDAE2DAD4F}","PMBC_PID":12024449,"PMBC_PIN":12024449,"PMBC_ParcelClass":"SUBDIVISION","PMBC_OwnerType":"PRIVATE","PMBC_LegalDescription":"LOT 10 BLOCK 14 DISTRICT LOT 4598 KOOTENAY DISTRICT PLAN 1684","Folio":"23203266200","FullAddress":"2120 EIGHTH AVE , TRAIL","apt_no":null,"street_no":"2120","street_direction_prefix":null,"street_name":"EIGHTH AVE","street_direction_suffix":null,"postal_code":"V1R 3E2","city":"TRAIL","province":"BC","AddressID":"A000018TCY","TempKey":"AEB36F8E-D484-4C66-91E6-A2BDAE2DAD4FA000018TCY","GlobalID":"{AA09CB8B-75B8-4233-83C8-312BB3DD1245}","Shape__Area":5.694975085600001e-8,"Shape__Length":0.0009994023898335248}},{"type":"Feature","geometry":{"type":"Polygon","coordinates":[[[-118.532036,49.124947],[-118.532162,49.124947],[-118.532154,49.125275],[-118.532028,49.125278],[-118.532036,49.124947]]]},"properties":{"OBJECTID":23077,"PMBCParcelGUID":"{175F3A36-E7A0-4914-BCBB-A2BFEDB2002E}","PMBC_PID":12693961,"PMBC_PIN":12693961,"PMBC_ParcelClass":"SUBDIVISION","PMBC_OwnerType":"CROWN PROVINCIAL","PMBC_LegalDescription":"LOT 3 BLOCK 7 DISTRICT LOT 1557 SIMILKAMEEN DIVISION YALE DISTRICT PLAN 79","Folio":"71204850108","FullAddress":"","apt_no":null,"street_no":null,"street_direction_prefix":null,"street_name":null,"street_direction_suffix":null,"postal_code":null,"city":null,"province":"BC","AddressID":"D00000FRYQ","TempKey":"175F3A36-E7A0-4914-BCBB-A2BFEDB2002ED00000FRYQ","GlobalID":"{73EDE900-79C4-4E2A-B8F2-C383B12377A2}","Shape__Area":4.136047447150001e-8,"Shape__Length":0.0009103255203929641}},{"type":"Feature","geometry":{"type":"Polygon","coordinates":[[[-117.707513,49.095002],[-117.707845,49.094836],[-117.707908,49.09489],[-117.707576,49.095056],[-117.707513,49.095002]]]},"properties":{"OBJECTID":23078,"PMBCParcelGUID":"{266BD4E2-84A3-41C8-9EF3-A2C49D47DE32}","PMBC_PID":8844798,"PMBC_PIN":8844798,"PMBC_ParcelClass":"SUBDIVISION","PMBC_OwnerType":"LOCAL GOVERNMENT","PMBC_LegalDescription":"LOT 13 BLOCK 11 DISTRICT LOT 230 KOOTENAY DISTRICT PLAN 465","Folio":"23200156000","FullAddress":"900 SPOKANE ST , TRAIL","apt_no":null,"street_no":"900","street_direction_prefix":null,"street_name":"SPOKANE ST","street_direction_suffix":null,"postal_code":"V1R 4R8","city":"TRAIL","province":"BC","AddressID":"A000018R53","TempKey":"266BD4E2-84A3-41C8-9EF3-A2C49D47DE32A000018R53","GlobalID":"{94038540-826D-464B-B773-98016D6E080F}","Shape__Area":2.8481713640500008e-8,"Shape__Length":0.00090892015550921}},{"type":"Feature","geometry":{"type":"Polygon","coordinates":[[[-118.678988,49.086756],[-118.679406,49.086754],[-118.679408,49.086891],[-118.67899,49.086893],[-118.678988,49.086756]]]},"properties":{"OBJECTID":23079,"PMBCParcelGUID":"{6F2E1DBA-45C7-4B0C-A48B-A2C552DFA1D2}","PMBC_PID":7883480,"PMBC_PIN":7883480,"PMBC_ParcelClass":"SUBDIVISION","PMBC_OwnerType":"PRIVATE","PMBC_LegalDescription":"LOT 12 BLOCK 8 DISTRICT LOT 597 SIMILKAMEEN DIVISION YALE DISTRICT PLAN 21","Folio":"21100054000","FullAddress":"1575 WELLINGTON ST , GREENWOOD","apt_no":null,"street_no":"1575","street_direction_prefix":null,"street_name":"WELLINGTON ST","street_direction_suffix":null,"postal_code":"V0H 1J0","city":"GREENWOOD","province":"BC","AddressID":"A00000H9F4","TempKey":"6F2E1DBA-45C7-4B0C-A48B-A2C552DFA1D2A00000H9F4","GlobalID":"{06F5508F-627C-40B6-AF6C-FE2D8CA15159}","Shape__Area":5.7307321340500017e-8,"Shape__Length":0.0011100498028744847}},{"type":"Feature","geometry":{"type":"Polygon","coordinates":[[[-118.530308,49.114769],[-118.530309,49.11444],[-118.530434,49.114437],[-118.530433,49.114766],[-118.530308,49.114769]]]},"properties":{"OBJECTID":23080,"PMBCParcelGUID":"{409551D4-43FC-4E1C-8BBB-A2C581901BA4}","PMBC_PID":14174227,"PMBC_PIN":14174227,"PMBC_ParcelClass":"SUBDIVISION","PMBC_OwnerType":"CROWN PROVINCIAL","PMBC_LegalDescription":"LOT 4 BLOCK 89 DISTRICT LOT 2005 SIMILKAMEEN DIVISION YALE DISTRICT PLAN 79","Folio":"71204852860","FullAddress":"","apt_no":null,"street_no":null,"street_direction_prefix":null,"street_name":null,"street_direction_suffix":null,"postal_code":null,"city":null,"province":"BC","AddressID":"D00000FF2B","TempKey":"409551D4-43FC-4E1C-8BBB-A2C581901BA4D00000FF2B","GlobalID":"{59263F0F-DEA6-4187-B079-DF430D2C6BF1}","Shape__Area":4.112345957800001e-8,"Shape__Length":0.0009074654802847911}},{"type":"Feature","geometry":{"type":"Polygon","coordinates":[[[-117.565833,49.095134],[-117.566076,49.094876],[-117.566575,49.095079],[-117.566477,49.09518],[-117.56633,49.095336],[-117.565833,49.095134]]]},"properties":{"OBJECTID":23081,"PMBCParcelGUID":"{14A80F38-0DC7-46E8-BB1A-A2CC304380A8}","PMBC_PID":5430119,"PMBC_PIN":5430119,"PMBC_ParcelClass":"SUBDIVISION","PMBC_OwnerType":"PRIVATE","PMBC_LegalDescription":"LOT 1 DISTRICT LOT 1236 KOOTENAY DISTRICT PLAN 7214","Folio":"71105492020","FullAddress":"1380 HIGHWAY 3B , MONTROSE","apt_no":null,"street_no":"1380","street_direction_prefix":null,"street_name":"HIGHWAY 3B","street_direction_suffix":null,"postal_code":"V0G 1P0","city":"MONTROSE","province":"BC","AddressID":"A000019MJ8","TempKey":"14A80F38-0DC7-46E8-BB1A-A2CC304380A8A000019MJ8","GlobalID":"{82AE0EF8-81DD-47EB-9A95-7A711DB46EB7}","Shape__Area":1.7759928130750005e-7,"Shape__Length":0.0017855149621362504}},{"type":"Feature","geometry":{"type":"Polygon","coordinates":[[[-117.807409,49.073456],[-117.807677,49.073469],[-117.80765,49.073736],[-117.807382,49.073723],[-117.807409,49.073456]]]},"properties":{"OBJECTID":23082,"PMBCParcelGUID":"{F099621A-E435-4BA1-BBA5-A2CD230934F3}","PMBC_PID":12899909,"PMBC_PIN":12899909,"PMBC_ParcelClass":"SUBDIVISION","PMBC_OwnerType":"PRIVATE","PMBC_LegalDescription":"LOT 4 SECTION 34 TOWNSHIP 9A KOOTENAY DISTRICT PLAN 10946","Folio":"22901667030","FullAddress":"1590 VICTORIA AVE , ROSSLAND","apt_no":null,"street_no":"1590","street_direction_prefix":null,"street_name":"VICTORIA AVE","street_direction_suffix":null,"postal_code":null,"city":"ROSSLAND","province":"BC","AddressID":"A000018QL5","TempKey":"F099621A-E435-4BA1-BBA5-A2CD230934F3A000018QL5","GlobalID":"{D3EF61E2-EED4-4221-A138-FADF39588069}","Shape__Area":7.178917469300002e-8,"Shape__Length":0.0010724981075291395}},{"type":"Feature","geometry":{"type":"Polygon","coordinates":[[[-117.706911,49.095817],[-117.706846,49.09576],[-117.707178,49.095594],[-117.707244,49.095651],[-117.707246,49.095653],[-117.707309,49.095708],[-117.707372,49.095762],[-117.707436,49.095817],[-117.707103,49.095983],[-117.70704,49.095928],[-117.706977,49.095873],[-117.706914,49.095819],[-117.706911,49.095817]]]},"properties":{"OBJECTID":23083,"PMBCParcelGUID":"{F6A6F28A-AE81-468E-93C7-A2D0FC1C6A55}","PMBC_PID":31017592,"PMBC_PIN":31017592,"PMBC_ParcelClass":"SUBDIVISION","PMBC_OwnerType":"PRIVATE","PMBC_LegalDescription":"LOT A DISTRICT LOT 230 KOOTENAY DISTRICT PLAN EPP86316","Folio":"23200134020","FullAddress":"1389 BAY AVE , TRAIL","apt_no":null,"street_no":"1389","street_direction_prefix":null,"street_name":"BAY AVE","street_direction_suffix":null,"postal_code":"V1R 4A7","city":"TRAIL","province":"BC","AddressID":"D00000M5NS","TempKey":"F6A6F28A-AE81-468E-93C7-A2D0FC1C6A55D00000M5NS","GlobalID":"{A093A877-9EB6-4737-8151-553E8E8C89BF}","Shape__Area":1.1667908088650003e-7,"Shape__Length":0.0014237600997444918}},{"type":"Feature","geometry":{"type":"Polygon","coordinates":[[[-118.444966,49.02809],[-118.444947,49.028096],[-118.444803,49.027862],[-118.444857,49.027864],[-118.445031,49.027866],[-118.44514,49.028044],[-118.444966,49.02809]]]},"properties":{"OBJECTID":23084,"PMBCParcelGUID":"{393062DF-0E79-4F25-B7B3-A2D1C73E48EF}","PMBC_PID":12649945,"PMBC_PIN":12649945,"PMBC_ParcelClass":"SUBDIVISION","PMBC_OwnerType":"PRIVATE","PMBC_LegalDescription":"LOT 10 DISTRICT LOT 108 SIMILKAMEEN DIVISION YALE DISTRICT PLAN 91","Folio":"21000434500","FullAddress":"944 KETTLE RIVER DR , GRAND FORKS","apt_no":null,"street_no":"944","street_direction_prefix":null,"street_name":"KETTLE RIVER DR","street_direction_suffix":null,"postal_code":null,"city":"GRAND FORKS","province":"BC","AddressID":"A00000H775","TempKey":"393062DF-0E79-4F25-B7B3-A2D1C73E48EFA00000H775","GlobalID":"{95B2EAC0-10A4-40CC-96A0-BD9D921B1C18}","Shape__Area":4.615535390350001e-8,"Shape__Length":0.0009108299429736184}},{"type":"Feature","geometry":{"type":"Polygon","coordinates":[[[-119.103178,49.436473],[-119.103634,49.434934],[-119.103735,49.434942],[-119.103836,49.434943],[-119.103936,49.434937],[-119.104036,49.434925],[-119.104133,49.434907],[-119.104171,49.434897],[-119.104207,49.434885],[-119.104261,49.434862],[-119.104308,49.434834],[-119.104348,49.434801],[-119.104356,49.434793],[-119.104092,49.436474],[-119.104092,49.436475],[-119.103774,49.436474],[-119.103177,49.436474],[-119.103178,49.436473]]]},"properties":{"OBJECTID":23085,"PMBCParcelGUID":"{1C3A6645-2307-4806-AE47-A2D2293F4024}","PMBC_PID":29726531,"PMBC_PIN":29726531,"PMBC_ParcelClass":"BARE LAND STRATA","PMBC_OwnerType":"PRIVATE","PMBC_LegalDescription":"STRATA LOT 4 DISTRICT LOT 2764S SIMILKAMEEN DIVISION YALE DISTRICT STRATA PLAN EPS462 TOGETHER WITH AN INTEREST IN THE COMMON PROPERTY IN PROPORTION TO THE UNIT ENTITLEMENT OF THE STRATA LOT AS SHOWN ON FORM V","Folio":"71306857140","FullAddress":"307 BEAVERDELL STN , BEAVERDELL","apt_no":null,"street_no":"307","street_direction_prefix":null,"street_name":"BEAVERDELL STN","street_direction_suffix":null,"postal_code":null,"city":"BEAVERDELL","province":"BC","AddressID":"D00000D7Y6","TempKey":"1C3A6645-2307-4806-AE47-A2D2293F4024D00000D7Y6","GlobalID":"{497E58B4-2016-4113-A80A-B0E9B6885940}","Shape__Area":0.0000012577139902850003,"Shape__Length":0.004977710588293329}},{"type":"Feature","geometry":{"type":"Polygon","coordinates":[[[-117.754953,49.093364],[-117.755073,49.093252],[-117.755417,49.093411],[-117.755298,49.093523],[-117.754953,49.093364]]]},"properties":{"OBJECTID":23086,"PMBCParcelGUID":"{75755D3A-C381-488C-827B-A2D8E5A97CD7}","PMBC_PID":25404474,"PMBC_PIN":25404474,"PMBC_ParcelClass":"SUBDIVISION","PMBC_OwnerType":"PRIVATE","PMBC_LegalDescription":"LOT 3 DISTRICT LOT 4597 KOOTENAY DISTRICT PLAN NEP71003","Folio":"58800120000","FullAddress":"775 DICKENS ST , TRAIL","apt_no":null,"street_no":"775","street_direction_prefix":null,"street_name":"DICKENS ST","street_direction_suffix":null,"postal_code":"V1R 2B7","city":"TRAIL","province":"BC","AddressID":"A0000192KP","TempKey":"75755D3A-C381-488C-827B-A2D8E5A97CD7A0000192KP","GlobalID":"{CE67D5CF-9880-4BBC-9CEA-F615EE4A5F4A}","Shape__Area":5.746128949650001e-8,"Shape__Length":0.0010861262946477153}},{"type":"Feature","geometry":{"type":"Polygon","coordinates":[[[-119.242033,49.151413],[-119.242292,49.151676],[-119.242028,49.151787],[-119.24177,49.151527],[-119.242033,49.151413]]]},"properties":{"OBJECTID":23087,"PMBCParcelGUID":"{BE528CB6-AF63-4BFC-844D-A2D918EE9EFB}","PMBC_PID":23629941,"PMBC_PIN":23629941,"PMBC_ParcelClass":"BARE LAND STRATA","PMBC_OwnerType":"PRIVATE","PMBC_LegalDescription":"STRATA LOT 31 DISTRICT LOT 100S SIMILKAMEEN DIVISION YALE DISTRICT STRATA PLAN KAS1840 TOGETHER WITH AN INTEREST IN THE COMMON PROPERTY IN PROPORTION TO THE UNIT ENTITLEMENT OF THE STRATA LOT AS SHOWN ON FORM 1","Folio":"71301400150","FullAddress":"255 WHISKEY JACK RD ","apt_no":null,"street_no":"255","street_direction_prefix":null,"street_name":"WHISKEY JACK RD","street_direction_suffix":null,"postal_code":null,"city":null,"province":"BC","AddressID":"A00000J6ZH","TempKey":"BE528CB6-AF63-4BFC-844D-A2D918EE9EFBA00000J6ZH","GlobalID":"{EF3EF5D4-72F7-4944-8F44-B7889B3FC35F}","Shape__Area":9.782859904250002e-8,"Shape__Length":0.0013080457071299539}},{"type":"Feature","geometry":{"type":"Polygon","coordinates":[[[-118.678145,49.095583],[-118.678546,49.095581],[-118.678546,49.095649],[-118.678146,49.095651],[-118.678145,49.095583]]]},"properties":{"OBJECTID":23088,"PMBCParcelGUID":"{BCD60CBE-D1A8-4E03-8E38-A2DADE9F957D}","PMBC_PID":12541419,"PMBC_PIN":12541419,"PMBC_ParcelClass":"SUBDIVISION","PMBC_OwnerType":"LOCAL GOVERNMENT","PMBC_LegalDescription":"LOT 17 BLOCK 21 DISTRICT LOT 711 SIMILKAMEEN DIVISION YALE DISTRICT PLAN 70","Folio":"21100211000","FullAddress":"201 COPPER AVE N, GREENWOOD","apt_no":null,"street_no":"201","street_direction_prefix":null,"street_name":"COPPER AVE","street_direction_suffix":"N","postal_code":"V0H 1J0","city":"GREENWOOD","province":"BC","AddressID":"A00000H9MU","TempKey":"BCD60CBE-D1A8-4E03-8E38-A2DADE9F957DA00000H9MU","GlobalID":"{8241ADD5-59AE-4A40-9470-A5E970DE0DF5}","Shape__Area":2.7391016514000006e-8,"Shape__Length":0.0009373076102466498}},{"type":"Feature","geometry":{"type":"Polygon","coordinates":[[[-118.595633,49.097411],[-118.595706,49.097421],[-118.595592,49.097755],[-118.59547,49.097737],[-118.595583,49.097404],[-118.595633,49.097411]]]},"properties":{"OBJECTID":23089,"PMBCParcelGUID":"{3E7266FA-71D6-4099-B15F-A2DD883E95C5}","PMBC_PID":12253596,"PMBC_PIN":12253596,"PMBC_ParcelClass":"SUBDIVISION","PMBC_OwnerType":"PRIVATE","PMBC_LegalDescription":"LOT 13 BLOCK 10 DISTRICT LOT 894 SIMILKAMEEN DIVISION YALE DISTRICT PLAN 60","Folio":"71203494137","FullAddress":"","apt_no":null,"street_no":null,"street_direction_prefix":null,"street_name":null,"street_direction_suffix":null,"postal_code":null,"city":null,"province":"BC","AddressID":"D00000FRN7","TempKey":"3E7266FA-71D6-4099-B15F-A2DD883E95C5D00000FRN7","GlobalID":"{4E64DFE4-E700-49A5-82CF-D7B15D6D8C26}","Shape__Area":4.286200923900001e-8,"Shape__Length":0.0009532326665513468}},{"type":"Feature","geometry":{"type":"Polygon","coordinates":[[[-118.437449,49.033142],[-118.437816,49.032934],[-118.437913,49.033092],[-118.43796,49.033168],[-118.437535,49.033282],[-118.437488,49.033206],[-118.437449,49.033142]]]},"properties":{"OBJECTID":23090,"PMBCParcelGUID":"{FD5F9BEB-D1A8-45E0-BC7B-A2E5DC600654}","PMBC_PID":29666163,"PMBC_PIN":29666163,"PMBC_ParcelClass":"SUBDIVISION","PMBC_OwnerType":"PRIVATE","PMBC_LegalDescription":"PARCEL C (BEING A CONSOLIDATION OF LOTS 8 AND 9, SEE CA4708216) BLOCK 6DISTRICT LOT 108 SIMILKAMEEN DIVISION YALE DISTRICT PLAN 23","Folio":"21000059100","FullAddress":"7337 2ND ST , GRAND FORKS","apt_no":null,"street_no":"7337","street_direction_prefix":null,"street_name":"2ND ST","street_direction_suffix":null,"postal_code":null,"city":"GRAND FORKS","province":"BC","AddressID":"D00000CTF5","TempKey":"FD5F9BEB-D1A8-45E0-BC7B-A2E5DC600654D00000CTF5","GlobalID":"{E710346A-36A0-44E5-9B48-03EFD7D41725}","Shape__Area":9.263824628400003e-8,"Shape__Length":0.0013013019261258222}},{"type":"Feature","geometry":{"type":"Polygon","coordinates":[[[-118.437449,49.033142],[-118.437816,49.032934],[-118.437913,49.033092],[-118.43796,49.033168],[-118.437535,49.033282],[-118.437488,49.033206],[-118.437449,49.033142]]]},"properties":{"OBJECTID":23091,"PMBCParcelGUID":"{FD5F9BEB-D1A8-45E0-BC7B-A2E5DC600654}","PMBC_PID":29666163,"PMBC_PIN":29666163,"PMBC_ParcelClass":"SUBDIVISION","PMBC_OwnerType":"PRIVATE","PMBC_LegalDescription":"PARCEL C (BEING A CONSOLIDATION OF LOTS 8 AND 9, SEE CA4708216) BLOCK 6DISTRICT LOT 108 SIMILKAMEEN DIVISION YALE DISTRICT PLAN 23","Folio":"21000059100","FullAddress":"7347 2ND ST , GRAND FORKS","apt_no":null,"street_no":"7347","street_direction_prefix":null,"street_name":"2ND ST","street_direction_suffix":null,"postal_code":null,"city":"GRAND FORKS","province":"BC","AddressID":"D00000CTF6","TempKey":"FD5F9BEB-D1A8-45E0-BC7B-A2E5DC600654D00000CTF6","GlobalID":"{9A5976C5-9EFF-4E71-9870-4DECDDA14533}","Shape__Area":9.263824628400003e-8,"Shape__Length":0.0013013019261258222}},{"type":"Feature","geometry":{"type":"Polygon","coordinates":[[[-118.775836,49.007981],[-118.775841,49.008283],[-118.775737,49.008284],[-118.775732,49.007982],[-118.775836,49.007981]]]},"properties":{"OBJECTID":23092,"PMBCParcelGUID":"{D985FB53-0E68-4BAA-A06A-A2E880AB197C}","PMBC_PID":12846228,"PMBC_PIN":12846228,"PMBC_ParcelClass":"SUBDIVISION","PMBC_OwnerType":"CROWN PROVINCIAL","PMBC_LegalDescription":"LOT 2 BLOCK 31 DISTRICT LOT 501 SIMILKAMEEN DIVISION YALE DISTRICT PLAN 3","Folio":"54700057000","FullAddress":"580 FLORENCE ST , MIDWAY","apt_no":null,"street_no":"580","street_direction_prefix":null,"street_name":"FLORENCE ST","street_direction_suffix":null,"postal_code":null,"city":"MIDWAY","province":"BC","AddressID":"A00000HVE1","TempKey":"D985FB53-0E68-4BAA-A06A-A2E880AB197CA00000HVE1","GlobalID":"{E467A534-E7ED-4D9E-AF2D-83FDBC12B18B}","Shape__Area":3.1459789403000006e-8,"Shape__Length":0.0008123549768922963}},{"type":"Feature","geometry":{"type":"Polygon","coordinates":[[[-118.4764,49.05395],[-118.47669,49.053846],[-118.477435,49.05358],[-118.477894,49.0535],[-118.478194,49.054088],[-118.476701,49.054433],[-118.476457,49.05449],[-118.476456,49.05449],[-118.476454,49.054473],[-118.476426,49.054256],[-118.4764,49.05395]]]},"properties":{"OBJECTID":23093,"PMBCParcelGUID":"{6A828F92-4911-4ECE-B839-A2E897C37CFC}","PMBC_PID":4323157,"PMBC_PIN":4323157,"PMBC_ParcelClass":"SUBDIVISION","PMBC_OwnerType":"PRIVATE","PMBC_LegalDescription":"LOT 5 DISTRICT LOT 1605 SIMILKAMEEN DIVISION YALE DISTRICT PLAN 29416 EXCEPT PLAN 34036","Folio":"71204873025","FullAddress":"8805 NORTH FORK RD , GRAND FORKS","apt_no":null,"street_no":"8805","street_direction_prefix":null,"street_name":"NORTH FORK RD","street_direction_suffix":null,"postal_code":"V0H 1H2","city":"GRAND FORKS","province":"BC","AddressID":"A00000J5QH","TempKey":"6A828F92-4911-4ECE-B839-A2E897C37CFCA00000J5QH","GlobalID":"{E5218D72-68B3-4298-B181-908F2E25D8E5}","Shape__Area":0.0000010322233155485002,"Shape__Length":0.004551289592458823}},{"type":"Feature","geometry":{"type":"Polygon","coordinates":[[[-118.60522,49.101237],[-118.605148,49.101391],[-118.605028,49.101366],[-118.605093,49.101228],[-118.60522,49.101237]]]},"properties":{"OBJECTID":23094,"PMBCParcelGUID":"{E135C848-B029-4A26-87C2-A2ED63E34BC5}","PMBC_PID":12352608,"PMBC_PIN":12352608,"PMBC_ParcelClass":"SUBDIVISION","PMBC_OwnerType":"PRIVATE","PMBC_LegalDescription":"LOT 9 BLOCK 6 DISTRICT LOT 980 SIMILKAMEEN DIVISION YALE DISTRICT PLAN 59","Folio":"71203493205","FullAddress":"","apt_no":null,"street_no":null,"street_direction_prefix":null,"street_name":null,"street_direction_suffix":null,"postal_code":null,"city":null,"province":"BC","AddressID":"D00000F5D1","TempKey":"E135C848-B029-4A26-87C2-A2ED63E34BC5D00000F5D1","GlobalID":"{632F5FF2-319D-4006-9296-2793110F9707}","Shape__Area":1.9173505141000004e-8,"Shape__Length":0.0005727648212271806}},{"type":"Feature","geometry":{"type":"Polygon","coordinates":[[[-117.734028,49.160456],[-117.734038,49.158456],[-117.738828,49.158482],[-117.737804,49.160103],[-117.736697,49.16182],[-117.734098,49.165638],[-117.733995,49.16578],[-117.734028,49.160456]]]},"properties":{"OBJECTID":23095,"PMBCParcelGUID":"{04B50552-03B0-4F6C-81AE-A2EDC1A5044F}","PMBC_PID":16444701,"PMBC_PIN":16444701,"PMBC_ParcelClass":"SUBDIVISION","PMBC_OwnerType":"PRIVATE","PMBC_LegalDescription":"DISTRICT LOT 7197 KOOTENAY DISTRICT","Folio":"71108873000","FullAddress":"5545 HIGHWAY 22 , OASIS","apt_no":null,"street_no":"5545","street_direction_prefix":null,"street_name":"HIGHWAY 22","street_direction_suffix":null,"postal_code":null,"city":"OASIS","province":"BC","AddressID":"A000019N2Y","TempKey":"04B50552-03B0-4F6C-81AE-A2EDC1A5044FA000019N2Y","GlobalID":"{C306A1D1-E545-4011-8BF0-F7E6ADE8B97F}","Shape__Area":0.000017855979226178504,"Shape__Length":0.02086751026930878}},{"type":"Feature","geometry":{"type":"Polygon","coordinates":[[[-118.94098,49.717028],[-118.941168,49.717006],[-118.941242,49.716985],[-118.941417,49.717268],[-118.941334,49.717291],[-118.941247,49.717308],[-118.941157,49.717318],[-118.94098,49.717028]]]},"properties":{"OBJECTID":23096,"PMBCParcelGUID":"{70115678-5958-44E5-9394-A2EEF038F647}","PMBC_PID":17446481,"PMBC_PIN":17446481,"PMBC_ParcelClass":"BARE LAND STRATA","PMBC_OwnerType":"PRIVATE","PMBC_LegalDescription":"STRATA LOT 71 DISTRICT LOT 4176S SIMILKAMEEN DIVISION YALE DISTRICT STRATA PLAN KAS938 TOGETHER WITH AN INTEREST IN THE COMMON PROPERTY IN PROPORTION TO THE UNIT ENTITLEMENT OF THE STRATA LOT AS SHOWN ON FORM V","Folio":"71307385351","FullAddress":"A 5873 SNOW PINES CRES , BIG WHITE","apt_no":"A","street_no":"5873","street_direction_prefix":null,"street_name":"SNOW PINES CRES","street_direction_suffix":null,"postal_code":null,"city":"BIG WHITE","province":"BC","AddressID":"A00000J8ZT","TempKey":"70115678-5958-44E5-9394-A2EEF038F647A00000J8ZT","GlobalID":"{380D5411-CD46-4723-AE01-5853AB6C30DB}","Shape__Area":8.309057610450003e-8,"Shape__Length":0.001204997673753434}},{"type":"Feature","geometry":{"type":"Polygon","coordinates":[[[-118.94098,49.717028],[-118.941168,49.717006],[-118.941242,49.716985],[-118.941417,49.717268],[-118.941334,49.717291],[-118.941247,49.717308],[-118.941157,49.717318],[-118.94098,49.717028]]]},"properties":{"OBJECTID":23097,"PMBCParcelGUID":"{70115678-5958-44E5-9394-A2EEF038F647}","PMBC_PID":17446481,"PMBC_PIN":17446481,"PMBC_ParcelClass":"BARE LAND STRATA","PMBC_OwnerType":"PRIVATE","PMBC_LegalDescription":"STRATA LOT 71 DISTRICT LOT 4176S SIMILKAMEEN DIVISION YALE DISTRICT STRATA PLAN KAS938 TOGETHER WITH AN INTEREST IN THE COMMON PROPERTY IN PROPORTION TO THE UNIT ENTITLEMENT OF THE STRATA LOT AS SHOWN ON FORM V","Folio":"71307385353","FullAddress":"C 5873 SNOW PINES CRES , BIG WHITE","apt_no":"C","street_no":"5873","street_direction_prefix":null,"street_name":"SNOW PINES CRES","street_direction_suffix":null,"postal_code":"V1P 1T4","city":"BIG WHITE","province":"BC","AddressID":"A00000J8ZV","TempKey":"70115678-5958-44E5-9394-A2EEF038F647A00000J8ZV","GlobalID":"{AE2C6002-3419-4F43-9749-28A33C212C12}","Shape__Area":8.309057610450003e-8,"Shape__Length":0.001204997673753434}},{"type":"Feature","geometry":{"type":"Polygon","coordinates":[[[-118.94098,49.717028],[-118.941168,49.717006],[-118.941242,49.716985],[-118.941417,49.717268],[-118.941334,49.717291],[-118.941247,49.717308],[-118.941157,49.717318],[-118.94098,49.717028]]]},"properties":{"OBJECTID":23098,"PMBCParcelGUID":"{70115678-5958-44E5-9394-A2EEF038F647}","PMBC_PID":17446481,"PMBC_PIN":17446481,"PMBC_ParcelClass":"BARE LAND STRATA","PMBC_OwnerType":"PRIVATE","PMBC_LegalDescription":"STRATA LOT 71 DISTRICT LOT 4176S SIMILKAMEEN DIVISION YALE DISTRICT STRATA PLAN KAS938 TOGETHER WITH AN INTEREST IN THE COMMON PROPERTY IN PROPORTION TO THE UNIT ENTITLEMENT OF THE STRATA LOT AS SHOWN ON FORM V","Folio":"71307385352","FullAddress":"B 5873 SNOW PINES CRES , BIG WHITE","apt_no":"B","street_no":"5873","street_direction_prefix":null,"street_name":"SNOW PINES CRES","street_direction_suffix":null,"postal_code":null,"city":"BIG WHITE","province":"BC","AddressID":"A00000J8ZU","TempKey":"70115678-5958-44E5-9394-A2EEF038F647A00000J8ZU","GlobalID":"{8188171B-BA8C-4E56-9326-2A14438FC987}","Shape__Area":8.309057610450003e-8,"Shape__Length":0.001204997673753434}},{"type":"Feature","geometry":{"type":"Polygon","coordinates":[[[-118.94098,49.717028],[-118.941168,49.717006],[-118.941242,49.716985],[-118.941417,49.717268],[-118.941334,49.717291],[-118.941247,49.717308],[-118.941157,49.717318],[-118.94098,49.717028]]]},"properties":{"OBJECTID":23099,"PMBCParcelGUID":"{70115678-5958-44E5-9394-A2EEF038F647}","PMBC_PID":17446481,"PMBC_PIN":17446481,"PMBC_ParcelClass":"BARE LAND STRATA","PMBC_OwnerType":"PRIVATE","PMBC_LegalDescription":"STRATA LOT 71 DISTRICT LOT 4176S SIMILKAMEEN DIVISION YALE DISTRICT STRATA PLAN KAS938 TOGETHER WITH AN INTEREST IN THE COMMON PROPERTY IN PROPORTION TO THE UNIT ENTITLEMENT OF THE STRATA LOT AS SHOWN ON FORM V","Folio":"71307385354","FullAddress":"D 5873 SNOW PINES CRES , BIG WHITE","apt_no":"D","street_no":"5873","street_direction_prefix":null,"street_name":"SNOW PINES CRES","street_direction_suffix":null,"postal_code":"V1P 1T4","city":"BIG WHITE","province":"BC","AddressID":"A00000J8ZW","TempKey":"70115678-5958-44E5-9394-A2EEF038F647A00000J8ZW","GlobalID":"{3BFF8D5E-87E6-4BDF-9361-84C5AB259BFB}","Shape__Area":8.309057610450003e-8,"Shape__Length":0.001204997673753434}},{"type":"Feature","geometry":{"type":"Polygon","coordinates":[[[-118.491543,49.044906],[-118.486473,49.044975],[-118.486489,49.043779],[-118.491521,49.043718],[-118.491543,49.044906]]]},"properties":{"OBJECTID":23100,"PMBCParcelGUID":"{C510BE18-43FD-4262-B273-A2F013CB2ACD}","PMBC_PID":8820368,"PMBC_PIN":8820368,"PMBC_ParcelClass":"SUBDIVISION","PMBC_OwnerType":"PRIVATE","PMBC_LegalDescription":"LOT A DISTRICT LOT 333 SIMILKAMEEN DIVISION YALE DISTRICT PLAN 15464","Folio":"71203860110","FullAddress":"OUTLOOK RD , GRAND FORKS","apt_no":null,"street_no":null,"street_direction_prefix":null,"street_name":"OUTLOOK RD","street_direction_suffix":null,"postal_code":null,"city":"GRAND FORKS","province":"BC","AddressID":"A00000J4GK","TempKey":"C510BE18-43FD-4262-B273-A2F013CB2ACDA00000J4GK","GlobalID":"{0DF784B7-07FB-4125-998D-0C8C066B31C0}","Shape__Area":0.000006021745009792002,"Shape__Length":0.012487229529272116}},{"type":"Feature","geometry":{"type":"Polygon","coordinates":[[[-117.718925,49.119884],[-117.719207,49.119613],[-117.719207,49.119613],[-117.719311,49.119659],[-117.719369,49.119683],[-117.719429,49.119705],[-117.719194,49.119996],[-117.719111,49.119965],[-117.71903,49.119931],[-117.718925,49.119884]]]},"properties":{"OBJECTID":23101,"PMBCParcelGUID":"{85C7E99B-ECC8-4BF8-83F7-A2F0715782B9}","PMBC_PID":15276643,"PMBC_PIN":15276643,"PMBC_ParcelClass":"SUBDIVISION","PMBC_OwnerType":"PRIVATE","PMBC_LegalDescription":"LOT 3 BLOCK 3 DISTRICT LOT 367 KOOTENAY DISTRICT PLAN 2384","Folio":"23203036000","FullAddress":"1145 MARIANNA CRES , TRAIL","apt_no":null,"street_no":"1145","street_direction_prefix":null,"street_name":"MARIANNA CRES","street_direction_suffix":null,"postal_code":"V1R 1C9","city":"TRAIL","province":"BC","AddressID":"A000018T68","TempKey":"85C7E99B-ECC8-4BF8-83F7-A2F0715782B9A000018T68","GlobalID":"{D91BAF7B-89D8-4DE5-BB58-200671874797}","Shape__Area":9.569542839400002e-8,"Shape__Length":0.001297934017699094}},{"type":"Feature","geometry":{"type":"Polygon","coordinates":[[[-118.698951,49.040621],[-118.698979,49.04061],[-118.699078,49.040571],[-118.69935,49.040464],[-118.699359,49.040461],[-118.699393,49.040498],[-118.699402,49.040508],[-118.699412,49.040519],[-118.699406,49.040522],[-118.699138,49.040628],[-118.699034,49.040668],[-118.699012,49.040677],[-118.699012,49.040677],[-118.699011,49.040676],[-118.699011,49.040676],[-118.69901,49.040675],[-118.69901,49.040675],[-118.699009,49.040674],[-118.699009,49.040674],[-118.699008,49.040673],[-118.699008,49.040673],[-118.699008,49.040672],[-118.699007,49.040672],[-118.699007,49.040671],[-118.699006,49.040671],[-118.699006,49.04067],[-118.699005,49.04067],[-118.699005,49.040669],[-118.699004,49.040669],[-118.699004,49.040668],[-118.699003,49.040668],[-118.699003,49.040667],[-118.699002,49.040667],[-118.699002,49.040666],[-118.699001,49.040666],[-118.699001,49.040665],[-118.699,49.040665],[-118.699,49.040664],[-118.698999,49.040664],[-118.698999,49.040663],[-118.698998,49.040663],[-118.698998,49.040662],[-118.698997,49.040662],[-118.698997,49.040662],[-118.698996,49.040661],[-118.698996,49.040661],[-118.698995,49.04066],[-118.698995,49.04066],[-118.698994,49.040659],[-118.698994,49.040659],[-118.698993,49.040658],[-118.698993,49.040658],[-118.698992,49.040657],[-118.698992,49.040657],[-118.698991,49.040656],[-118.698991,49.040656],[-118.69899,49.040655],[-118.69899,49.040655],[-118.698989,49.040654],[-118.698989,49.040654],[-118.698988,49.040654],[-118.698988,49.040653],[-118.698987,49.040653],[-118.698987,49.040652],[-118.698986,49.040652],[-118.698985,49.040651],[-118.698985,49.040651],[-118.698984,49.04065],[-118.698984,49.04065],[-118.698983,49.040649],[-118.698983,49.040649],[-118.698982,49.040648],[-118.698982,49.040648],[-118.698981,49.040648],[-118.698981,49.040647],[-118.69898,49.040647],[-118.69898,49.040646],[-118.698979,49.040646],[-118.698979,49.040645],[-118.698978,49.040645],[-118.698977,49.040644],[-118.698977,49.040644],[-118.698976,49.040643],[-118.698976,49.040643],[-118.698975,49.040643],[-118.698975,49.040642],[-118.698974,49.040642],[-118.698974,49.040641],[-118.698973,49.040641],[-118.698973,49.04064],[-118.698972,49.04064],[-118.698972,49.040639],[-118.698971,49.040639],[-118.698971,49.040638],[-118.69897,49.040638],[-118.698969,49.040637],[-118.698969,49.040637],[-118.698968,49.040637],[-118.698968,49.040636],[-118.698967,49.040636],[-118.698967,49.040635],[-118.698966,49.040635],[-118.698966,49.040634],[-118.698965,49.040634],[-118.698965,49.040633],[-118.698964,49.040633],[-118.698964,49.040632],[-118.698963,49.040632],[-118.698963,49.040632],[-118.698962,49.040631],[-118.698962,49.040631],[-118.698961,49.04063],[-118.698961,49.04063],[-118.69896,49.040629],[-118.698959,49.040629],[-118.698959,49.040628],[-118.698958,49.040628],[-118.698958,49.040627],[-118.698957,49.040627],[-118.698957,49.040626],[-118.698956,49.040626],[-118.698956,49.040625],[-118.698955,49.040625],[-118.698955,49.040625],[-118.698954,49.040624],[-118.698954,49.040624],[-118.698953,49.040623],[-118.698953,49.040623],[-118.698952,49.040622],[-118.698952,49.040622],[-118.698951,49.040621]]]},"properties":{"OBJECTID":23102,"PMBCParcelGUID":"{5CA3E5AC-2A73-458B-8C22-A2F4353310DB}","PMBC_PID":4088123,"PMBC_PIN":4088123,"PMBC_ParcelClass":"SUBDIVISION","PMBC_OwnerType":"MIXED OWNERSHIP","PMBC_LegalDescription":"LOT 13 BLOCK 1 DISTRICT LOT 429 SIMILKAMEEN DIVISION YALE DISTRICT PLAN 19","Folio":"71302793075","FullAddress":"OLIVE ST ","apt_no":null,"street_no":null,"street_direction_prefix":null,"street_name":"OLIVE ST","street_direction_suffix":null,"postal_code":null,"city":null,"province":"BC","AddressID":"A00000J777","TempKey":"5CA3E5AC-2A73-458B-8C22-A2F4353310DBA00000J777","GlobalID":"{2933BEDD-7236-4CF1-8D6E-E7B4553D77E3}","Shape__Area":3.2218739155000007e-8,"Shape__Length":0.0010306734496891721}},{"type":"Feature","geometry":{"type":"Polygon","coordinates":[[[-117.718282,49.116224],[-117.71834,49.116183],[-117.718585,49.116411],[-117.718526,49.116451],[-117.718282,49.116224]]]},"properties":{"OBJECTID":23103,"PMBCParcelGUID":"{06F7A388-ACD5-40A7-BBCA-A2F5050B47AA}","PMBC_PID":5375568,"PMBC_PIN":5375568,"PMBC_ParcelClass":"SUBDIVISION","PMBC_OwnerType":"PRIVATE","PMBC_LegalDescription":"LOT 5 BLOCK 8 DISTRICT LOT 367 KOOTENAY DISTRICT PLAN 2011, EXCEPT PARCEL A (SEE 154717I)","Folio":"23202945100","FullAddress":"523 PORTIA CRES , TRAIL","apt_no":null,"street_no":"523","street_direction_prefix":null,"street_name":"PORTIA CRES","street_direction_suffix":null,"postal_code":"V1R 1A8","city":"TRAIL","province":"BC","AddressID":"A000018T4B","TempKey":"06F7A388-ACD5-40A7-BBCA-A2F5050B47AAA000018T4B","GlobalID":"{CE19EB32-45A3-473B-B968-BB6969168EEE}","Shape__Area":2.3262038953000007e-8,"Shape__Length":0.0008108289617464183}},{"type":"Feature","geometry":{"type":"Polygon","coordinates":[[[-118.296373,49.167294],[-118.29539,49.167935],[-118.295385,49.167919],[-118.295377,49.167904],[-118.295365,49.16789],[-118.295349,49.167877],[-118.295331,49.167866],[-118.295315,49.167859],[-118.295301,49.167851],[-118.295288,49.167842],[-118.295278,49.167832],[-118.295249,49.16779],[-118.295218,49.167774],[-118.295188,49.167756],[-118.295123,49.167727],[-118.295055,49.167702],[-118.294984,49.167672],[-118.294952,49.167659],[-118.294923,49.167645],[-118.294902,49.167623],[-118.294887,49.167599],[-118.294865,49.167591],[-118.294846,49.167581],[-118.29483,49.167569],[-118.2958,49.166916],[-118.296373,49.167294]]]},"properties":{"OBJECTID":23104,"PMBCParcelGUID":"{CEFD60E3-E5EA-459B-A2D8-A2F9C3385657}","PMBC_PID":19044402,"PMBC_PIN":19044402,"PMBC_ParcelClass":"SUBDIVISION","PMBC_OwnerType":"PRIVATE","PMBC_LegalDescription":"BLOCK D OF DISTRICT LOT 4060S SIMILKAMEEN DIVISION YALE DISTRICT (SEE CROWN GRANT KH116099 AS TO LIMITED ACCESS)","Folio":"71209124335","FullAddress":"4242 BOAT ACCESS WEST SIDE , CHRISTINA LAKE","apt_no":null,"street_no":"4242","street_direction_prefix":null,"street_name":"BOAT ACCESS WEST SIDE","street_direction_suffix":null,"postal_code":"V0H 1E0","city":"CHRISTINA LAKE","province":"BC","AddressID":"D0000011YG","TempKey":"CEFD60E3-E5EA-459B-A2D8-A2F9C3385657D0000011YG","GlobalID":"{238D5503-D65D-425B-8B9F-F6AAC7AEC897}","Shape__Area":7.186818848465002e-7,"Shape__Length":0.0037188209232702873}},{"type":"Feature","geometry":{"type":"Polygon","coordinates":[[[-117.700063,49.096184],[-117.699652,49.096135],[-117.699676,49.096046],[-117.700087,49.096095],[-117.700063,49.096184]]]},"properties":{"OBJECTID":23105,"PMBCParcelGUID":"{B1BFBEC0-1BF6-494B-9427-A2FB61A00D79}","PMBC_PID":15836738,"PMBC_PIN":15836738,"PMBC_ParcelClass":"SUBDIVISION","PMBC_OwnerType":"PRIVATE","PMBC_LegalDescription":"LOT 6 BLOCK 12 DISTRICT LOT 2919 KOOTENAY DISTRICT PLAN 1262","Folio":"23201921000","FullAddress":"1365 THOM ST , TRAIL","apt_no":null,"street_no":"1365","street_direction_prefix":null,"street_name":"THOM ST","street_direction_suffix":null,"postal_code":"V1R 1X7","city":"TRAIL","province":"BC","AddressID":"A000018SFE","TempKey":"B1BFBEC0-1BF6-494B-9427-A2FB61A00D79A000018SFE","GlobalID":"{B643189D-4AFC-40A7-91ED-414CBFF7613D}","Shape__Area":3.777363148200001e-8,"Shape__Length":0.001012885346402194}},{"type":"Feature","geometry":{"type":"Polygon","coordinates":[[[-117.812908,49.07372],[-117.812907,49.073741],[-117.812892,49.074015],[-117.81289,49.074059],[-117.812876,49.074312],[-117.812783,49.074307],[-117.812813,49.074034],[-117.812812,49.074034],[-117.812626,49.074025],[-117.812631,49.073981],[-117.812661,49.073708],[-117.812908,49.07372]]]},"properties":{"OBJECTID":23106,"PMBCParcelGUID":"{BAEF8301-0EBC-4168-93D0-A2FE4FABB45D}","PMBC_PID":19096291,"PMBC_PIN":19096291,"PMBC_ParcelClass":"SUBDIVISION","PMBC_OwnerType":"PRIVATE","PMBC_LegalDescription":"LOT A SECTION 34 TOWNSHIP 9A KOOTENAY DISTRICT PLAN NEP21876","Folio":"22901241100","FullAddress":"1275 BLACK BEAR DR , ROSSLAND","apt_no":null,"street_no":"1275","street_direction_prefix":null,"street_name":"BLACK BEAR DR","street_direction_suffix":null,"postal_code":null,"city":"ROSSLAND","province":"BC","AddressID":"A000018Q6J","TempKey":"BAEF8301-0EBC-4168-93D0-A2FE4FABB45DA000018Q6J","GlobalID":"{F2EC77D5-EB1F-44A2-B35A-D408344B3417}","Shape__Area":1.0514008254200003e-7,"Shape__Length":0.0017143939538331087}},{"type":"Feature","geometry":{"type":"Polygon","coordinates":[[[-118.353342,49.556889],[-118.353363,49.556838],[-118.353375,49.55681],[-118.353782,49.55688],[-118.35375,49.556959],[-118.353342,49.556889]]]},"properties":{"OBJECTID":23107,"PMBCParcelGUID":"{8147CBF2-1BE1-4FE8-8B14-A30164EBC8E7}","PMBC_PID":12529401,"PMBC_PIN":12529401,"PMBC_ParcelClass":"SUBDIVISION","PMBC_OwnerType":"CROWN PROVINCIAL","PMBC_LegalDescription":"LOT 12 BLOCK 6 DISTRICT LOT 3672 SIMILKAMEEN DIVISION YALE DISTRICT PLAN 323","Folio":"71207205132","FullAddress":"","apt_no":null,"street_no":null,"street_direction_prefix":null,"street_name":null,"street_direction_suffix":null,"postal_code":null,"city":null,"province":"BC","AddressID":"D00000H3MH","TempKey":"8147CBF2-1BE1-4FE8-8B14-A30164EBC8E7D00000H3MH","GlobalID":"{EB5A4407-13C7-43BE-BC06-4387BEB1D0C4}","Shape__Area":3.465399127550001e-8,"Shape__Length":0.0009983673877427838}},{"type":"Feature","geometry":{"type":"Polygon","coordinates":[[[-118.531686,49.114418],[-118.531812,49.114415],[-118.531811,49.114743],[-118.531685,49.114746],[-118.531686,49.114418]]]},"properties":{"OBJECTID":23108,"PMBCParcelGUID":"{93096275-C11D-47BC-8866-A301BE542168}","PMBC_PID":14175037,"PMBC_PIN":14175037,"PMBC_ParcelClass":"SUBDIVISION","PMBC_OwnerType":"CROWN PROVINCIAL","PMBC_LegalDescription":"LOT 1 BLOCK 90 DISTRICT LOT 2005 SIMILKAMEEN DIVISION YALE DISTRICT PLAN 79","Folio":"71204852902","FullAddress":"","apt_no":null,"street_no":null,"street_direction_prefix":null,"street_name":null,"street_direction_suffix":null,"postal_code":null,"city":null,"province":"BC","AddressID":"D00000FR80","TempKey":"93096275-C11D-47BC-8866-A301BE542168D00000FR80","GlobalID":"{38FDF9EF-0786-4FE1-833F-9BF47161D60D}","Shape__Area":4.123799762450001e-8,"Shape__Length":0.0009083020283522608}},{"type":"Feature","geometry":{"type":"Polygon","coordinates":[[[-119.240297,49.151432],[-119.240725,49.151207],[-119.240927,49.151388],[-119.240418,49.151631],[-119.240402,49.151607],[-119.240297,49.151432]]]},"properties":{"OBJECTID":23109,"PMBCParcelGUID":"{DD535AEF-FCAA-465D-AD96-A30383473311}","PMBC_PID":23630663,"PMBC_PIN":23630663,"PMBC_ParcelClass":"BARE LAND STRATA","PMBC_OwnerType":"PRIVATE","PMBC_LegalDescription":"STRATA LOT 75 DISTRICT LOT 100S SIMILKAMEEN DIVISION YALE DISTRICT STRATA PLAN KAS1840 TOGETHER WITH AN INTEREST IN THE COMMON PROPERTY IN PROPORTION TO THE UNIT ENTITLEMENT OF THE STRATA LOT AS SHOWN ON FORM 1","Folio":"71301400370","FullAddress":"PORCUPINE RD ","apt_no":null,"street_no":null,"street_direction_prefix":null,"street_name":"PORCUPINE RD","street_direction_suffix":null,"postal_code":null,"city":null,"province":"BC","AddressID":"A00000J70T","TempKey":"DD535AEF-FCAA-465D-AD96-A30383473311A00000J70T","GlobalID":"{C4912C14-1697-4369-8998-B2E1D5ADA4BE}","Shape__Area":1.2687271252300003e-7,"Shape__Length":0.001551858228165088}},{"type":"Feature","geometry":{"type":"Polygon","coordinates":[[[-117.661133,49.099125],[-117.660988,49.099439],[-117.660748,49.099392],[-117.660898,49.099068],[-117.660916,49.099073],[-117.661133,49.099125]]]},"properties":{"OBJECTID":23110,"PMBCParcelGUID":"{8D1B0FD5-B17F-4C21-88F8-A303930F7CF7}","PMBC_PID":14990954,"PMBC_PIN":14990954,"PMBC_ParcelClass":"SUBDIVISION","PMBC_OwnerType":"PRIVATE","PMBC_LegalDescription":"LOT 6 BLOCK 3 DISTRICT LOT 4598 KOOTENAY DISTRICT PLAN 4687","Folio":"23203822000","FullAddress":"3748 WOODLAND DR , TRAIL","apt_no":null,"street_no":"3748","street_direction_prefix":null,"street_name":"WOODLAND DR","street_direction_suffix":null,"postal_code":"V1R 2V7","city":"TRAIL","province":"BC","AddressID":"A000018U49","TempKey":"8D1B0FD5-B17F-4C21-88F8-A303930F7CF7A000018U49","GlobalID":"{31C5794E-9ADB-4793-A08E-FA5FFDC74853}","Shape__Area":8.345631692950002e-8,"Shape__Length":0.0011891316148002172}},{"type":"Feature","geometry":{"type":"Polygon","coordinates":[[[-117.691725,49.10041],[-117.691556,49.100662],[-117.691365,49.100607],[-117.691535,49.100355],[-117.691725,49.10041]]]},"properties":{"OBJECTID":23111,"PMBCParcelGUID":"{61675E69-E975-4A1E-BB45-A3059BFB40FE}","PMBC_PID":10616012,"PMBC_PIN":10616012,"PMBC_ParcelClass":"SUBDIVISION","PMBC_OwnerType":"PRIVATE","PMBC_LegalDescription":"LOT 1 BLOCK 15 DISTRICT LOT 4598 KOOTENAY DISTRICT PLN 1684","Folio":"23203273000","FullAddress":"2093 SEVENTH AVE , TRAIL","apt_no":null,"street_no":"2093","street_direction_prefix":null,"street_name":"SEVENTH AVE","street_direction_suffix":null,"postal_code":"V1R 3C4","city":"TRAIL","province":"BC","AddressID":"A000018TD5","TempKey":"61675E69-E975-4A1E-BB45-A3059BFB40FEA000018TD5","GlobalID":"{32879548-045A-4FB7-B773-5DD89A631C20}","Shape__Area":5.7488363160000016e-8,"Shape__Length":0.0010050892115207914}},{"type":"Feature","geometry":{"type":"MultiPolygon","coordinates":[[[[-118.250869,49.100362],[-118.251149,49.100364],[-118.25053,49.100807],[-118.249745,49.101002],[-118.249427,49.101259],[-118.248834,49.101287],[-118.248767,49.10129],[-118.248752,49.10129],[-118.248777,49.101223],[-118.248792,49.1012],[-118.248815,49.101151],[-118.248846,49.101101],[-118.248856,49.101075],[-118.248914,49.100978],[-118.248948,49.100933],[-118.24909,49.100849],[-118.24911,49.10083],[-118.249162,49.100788],[-118.249214,49.100754],[-118.249264,49.100719],[-118.249294,49.100701],[-118.249341,49.100663],[-118.249357,49.100642],[-118.249368,49.10062],[-118.249375,49.100595],[-118.249385,49.10057],[-118.249433,49.100502],[-118.249454,49.100483],[-118.249517,49.100388],[-118.24953,49.100361],[-118.250869,49.100362]]],[[[-118.251148,49.100529],[-118.251184,49.100529],[-118.251262,49.101172],[-118.249656,49.101248],[-118.249846,49.101094],[-118.25065,49.100899],[-118.251032,49.100543],[-118.251148,49.100529]]]]},"properties":{"OBJECTID":23112,"PMBCParcelGUID":"{A60DEC29-5F91-46FD-91FD-A30AC0C36499}","PMBC_PID":9774441,"PMBC_PIN":9774441,"PMBC_ParcelClass":"SUBDIVISION","PMBC_OwnerType":"PRIVATE","PMBC_LegalDescription":"LOT 11 DISTRICT LOT 768S SIMILKAMEEN DIVISION YALE DISTRICT PLAN 8884 EXCEPT PLAN 10342","Folio":"71204093000","FullAddress":"2980 BOAT ACCESS WEST SIDE , CHRISTINA LAKE","apt_no":null,"street_no":"2980","street_direction_prefix":null,"street_name":"BOAT ACCESS WEST SIDE","street_direction_suffix":null,"postal_code":null,"city":"CHRISTINA LAKE","province":"BC","AddressID":"D0000011UY","TempKey":"A60DEC29-5F91-46FD-91FD-A30AC0C36499D0000011UY","GlobalID":"{A18EA9BB-F1D9-4D73-98C0-88F0E948C3FC}","Shape__Area":0.0000015772648021410004,"Shape__Length":0.009522588065600504}},{"type":"Feature","geometry":{"type":"MultiPolygon","coordinates":[[[[-117.530097,49.11871],[-117.530666,49.118437],[-117.530906,49.118651],[-117.531253,49.118484],[-117.531679,49.118277],[-117.531759,49.118349],[-117.531908,49.118481],[-117.532118,49.118669],[-117.532341,49.118868],[-117.532431,49.118945],[-117.532162,49.119075],[-117.531136,49.119569],[-117.531075,49.119599],[-117.530097,49.11871]]],[[[-117.533858,49.120406],[-117.533992,49.120342],[-117.534041,49.120386],[-117.533537,49.12063],[-117.533319,49.120732],[-117.533098,49.120832],[-117.532874,49.120927],[-117.532646,49.121019],[-117.532597,49.120975],[-117.532799,49.120899],[-117.532973,49.120827],[-117.533143,49.12075],[-117.533308,49.12067],[-117.533487,49.120585],[-117.533858,49.120406]]]]},"properties":{"OBJECTID":23113,"PMBCParcelGUID":"{F6B9AF19-9F7F-426D-B145-A30B73E09EFC}","PMBC_PID":16038291,"PMBC_PIN":16038291,"PMBC_ParcelClass":"SUBDIVISION","PMBC_OwnerType":"PRIVATE","PMBC_LegalDescription":"LOT 85 DISTRICT LOT 1236 KOOTENAY DISTRICT PLAN 785B EXCEPT PARTS INCLUDED IN PLANS 2316 AND 7460","Folio":"71105222000","FullAddress":"2117 OLD SALMO RD , FRUITVALE","apt_no":null,"street_no":"2117","street_direction_prefix":null,"street_name":"OLD SALMO RD","street_direction_suffix":null,"postal_code":"V0G 1L1","city":"FRUITVALE","province":"BC","AddressID":"A000019M2U","TempKey":"F6B9AF19-9F7F-426D-B145-A30B73E09EFCA000019M2U","GlobalID":"{B4512639-2AB0-41F7-ABDF-B26BA133B3DD}","Shape__Area":0.0000016670776435610005,"Shape__Length":0.008842256592605506}},{"type":"Feature","geometry":{"type":"Polygon","coordinates":[[[-117.750689,49.097533],[-117.75145,49.09767],[-117.751353,49.097867],[-117.750626,49.097874],[-117.750689,49.097533]]]},"properties":{"OBJECTID":23114,"PMBCParcelGUID":"{F64BD769-3FB0-40D4-9135-A30E622CF4C1}","PMBC_PID":23537191,"PMBC_PIN":23537191,"PMBC_ParcelClass":"SUBDIVISION","PMBC_OwnerType":"PRIVATE","PMBC_LegalDescription":"LOT 17 DISTRICT LOT 4597 KOOTENAY DISTRICT PLAN NEP23347","Folio":"58800672517","FullAddress":"466 WHITMAN WAY , WARFIELD","apt_no":null,"street_no":"466","street_direction_prefix":null,"street_name":"WHITMAN WAY","street_direction_suffix":null,"postal_code":"V1R 4T9","city":"WARFIELD","province":"BC","AddressID":"A00001934R","TempKey":"F64BD769-3FB0-40D4-9135-A30E622CF4C1A00001934R","GlobalID":"{99F82AE8-96C7-4DD8-9960-9E372DF2E701}","Shape__Area":2.0553826676850006e-7,"Shape__Length":0.002067210204122728}},{"type":"Feature","geometry":{"type":"Polygon","coordinates":[[[-117.804329,49.075947],[-117.804204,49.075941],[-117.804228,49.075722],[-117.804353,49.075728],[-117.804329,49.075947]]]},"properties":{"OBJECTID":23115,"PMBCParcelGUID":"{FC5083D2-6C76-41D9-B8D7-A311652B4AE4}","PMBC_PID":13060155,"PMBC_PIN":13060155,"PMBC_ParcelClass":"SUBDIVISION","PMBC_OwnerType":"PRIVATE","PMBC_LegalDescription":"PARCEL A (SEE 21646I) LOT 11 BLOCK 12 DISTRICT LOT 535 KOOTENAY DISTRICT PLAN 579","Folio":"22900107000","FullAddress":"1790 KOOTENAY AVE , ROSSLAND","apt_no":null,"street_no":"1790","street_direction_prefix":null,"street_name":"KOOTENAY AVE","street_direction_suffix":null,"postal_code":null,"city":"ROSSLAND","province":"BC","AddressID":"A000018NXA","TempKey":"FC5083D2-6C76-41D9-B8D7-A311652B4AE4A000018NXA","GlobalID":"{1C1448F9-69F6-4B8B-831A-6748F60DDFE8}","Shape__Area":2.7437482957000006e-8,"Shape__Length":0.000689952834022906}},{"type":"Feature","geometry":{"type":"Polygon","coordinates":[[[-118.630865,49.14095],[-118.630704,49.14095],[-118.62179,49.140976],[-118.621854,49.13736],[-118.638316,49.13731],[-118.638482,49.13731],[-118.644054,49.137293],[-118.644043,49.140914],[-118.638557,49.14093],[-118.638393,49.14093],[-118.630865,49.14095]]]},"properties":{"OBJECTID":23116,"PMBCParcelGUID":"{8AD696E6-41FC-4AC4-A481-A315797CFB5F}","PMBC_PID":14867206,"PMBC_PIN":14867206,"PMBC_ParcelClass":"SUBDIVISION","PMBC_OwnerType":"PRIVATE","PMBC_LegalDescription":"DISTRICT LOT 746S SIMILKAMEEN DIVISION YALE DISTRICT","Folio":"71304028000","FullAddress":"","apt_no":null,"street_no":null,"street_direction_prefix":null,"street_name":null,"street_direction_suffix":null,"postal_code":null,"city":null,"province":"BC","AddressID":"D00000G7DG","TempKey":"8AD696E6-41FC-4AC4-A481-A315797CFB5FD00000G7DG","GlobalID":"{1C7EA5F0-A7B9-4329-B08C-24A9C69314F4}","Shape__Area":0.00008041610735650152,"Shape__Length":0.0516898227303725}},{"type":"Feature","geometry":{"type":"Polygon","coordinates":[[[-117.70797,49.093831],[-117.708136,49.093748],[-117.708198,49.093802],[-117.708032,49.093885],[-117.70797,49.093831]]]},"properties":{"OBJECTID":23117,"PMBCParcelGUID":"{927C6151-33E4-4BFC-9948-A31631625133}","PMBC_PID":16270711,"PMBC_PIN":16270711,"PMBC_ParcelClass":"SUBDIVISION","PMBC_OwnerType":"PRIVATE","PMBC_LegalDescription":"PARCEL A (SEE 23100I) LOT 11 BLOCK 13 DISTRICT LOT 230 KOOTENAY DISTRICT PLAN 465","Folio":"23200185000","FullAddress":"1505 PINE AVE , TRAIL","apt_no":null,"street_no":"1505","street_direction_prefix":null,"street_name":"PINE AVE","street_direction_suffix":null,"postal_code":"V1R 4G1","city":"TRAIL","province":"BC","AddressID":"A000018R5Q","TempKey":"927C6151-33E4-4BFC-9948-A31631625133A000018R5Q","GlobalID":"{25D7D1BA-6D36-4195-A76D-6604C9C3DB26}","Shape__Area":1.4121456109500003e-8,"Shape__Length":0.0005360586750263593}},{"type":"Feature","geometry":{"type":"Polygon","coordinates":[[[-118.531808,49.11578],[-118.531807,49.116109],[-118.531682,49.116112],[-118.531683,49.115783],[-118.531808,49.11578]]]},"properties":{"OBJECTID":23118,"PMBCParcelGUID":"{F27D6B12-733C-44BB-91E3-A3192082379A}","PMBC_PID":14140322,"PMBC_PIN":14140322,"PMBC_ParcelClass":"SUBDIVISION","PMBC_OwnerType":"CROWN PROVINCIAL","PMBC_LegalDescription":"LOT 13 BLOCK 74 DISTRICT LOT 2005 SIMILKAMEEN DIVISION YALE DISTRICT PLAN 79","Folio":"71204852158","FullAddress":"","apt_no":null,"street_no":null,"street_direction_prefix":null,"street_name":null,"street_direction_suffix":null,"postal_code":null,"city":null,"province":"BC","AddressID":"D00000G1B4","TempKey":"F27D6B12-733C-44BB-91E3-A3192082379AD00000G1B4","GlobalID":"{21C1B283-050F-4998-B78C-F191FE68F220}","Shape__Area":4.108247015550001e-8,"Shape__Length":0.0009073411744688981}},{"type":"Feature","geometry":{"type":"Polygon","coordinates":[[[-118.445427,49.006315],[-118.444542,49.006312],[-118.444544,49.005973],[-118.445428,49.005975],[-118.445427,49.006315]]]},"properties":{"OBJECTID":23119,"PMBCParcelGUID":"{FC9553A3-DA94-444E-B369-A31B404B52A5}","PMBC_PID":8945641,"PMBC_PIN":8945641,"PMBC_ParcelClass":"SUBDIVISION","PMBC_OwnerType":"PRIVATE","PMBC_LegalDescription":"LOT C DISTRICT LOT 535 SIMILKAMEEN DIVISION YALE DISTRICT PLAN 14435 EXCEPT THAT PART LYING TO THE NORTH OF A LINE DRAWN 110 FEET PERPENDICULARLY DISTANT FROM AND PARALLEL TO THE NORTH BOUNDARY THEREOF","Folio":"71203404010","FullAddress":"5275 SIMINOFF RD , GRAND FORKS","apt_no":null,"street_no":"5275","street_direction_prefix":null,"street_name":"SIMINOFF RD","street_direction_suffix":null,"postal_code":"V0H 1H4","city":"GRAND FORKS","province":"BC","AddressID":"A00000J430","TempKey":"FC9553A3-DA94-444E-B369-A31B404B52A5A00000J430","GlobalID":"{B60B47D2-1B7F-4F88-BC9A-4C8939469CEB}","Shape__Area":3.0020421160400006e-7,"Shape__Length":0.0024474061481698753}},{"type":"Feature","geometry":{"type":"Polygon","coordinates":[[[-117.75512,49.092084],[-117.755076,49.091931],[-117.755029,49.091767],[-117.755354,49.091686],[-117.755446,49.091837],[-117.755534,49.09198],[-117.75512,49.092084]]]},"properties":{"OBJECTID":23120,"PMBCParcelGUID":"{0AB88DA9-7E9E-48DC-85C8-A31CFC488947}","PMBC_PID":8548692,"PMBC_PIN":8548692,"PMBC_ParcelClass":"SUBDIVISION","PMBC_OwnerType":"PRIVATE","PMBC_LegalDescription":"PARCEL A (SEE J5013) BLOCK 14 DISTRICT LOTS 639 AND 4597 KOOTENAY DISTRICT PLAN 1939","Folio":"58800155000","FullAddress":"805 JEROME ST , WARFIELD","apt_no":null,"street_no":"805","street_direction_prefix":null,"street_name":"JEROME ST","street_direction_suffix":null,"postal_code":"V1R 2A7","city":"WARFIELD","province":"BC","AddressID":"A0000192LN","TempKey":"0AB88DA9-7E9E-48DC-85C8-A31CFC488947A0000192LN","GlobalID":"{8B996506-40F3-4019-BD68-C4345F61C2C9}","Shape__Area":1.2549660980850003e-7,"Shape__Length":0.0014364027568529042}},{"type":"Feature","geometry":{"type":"Polygon","coordinates":[[[-118.701544,49.040893],[-118.701634,49.040858],[-118.701702,49.040933],[-118.701624,49.040981],[-118.701544,49.040893]]]},"properties":{"OBJECTID":23121,"PMBCParcelGUID":"{B5043835-C8CB-46F4-A098-A31FC98CDF3E}","PMBC_PID":12859982,"PMBC_PIN":12859982,"PMBC_ParcelClass":"SUBDIVISION","PMBC_OwnerType":"CROWN PROVINCIAL","PMBC_LegalDescription":"THAT PART OF LOT 13 BLOCK 7 DISTRICT LOT 429 SIMILKAMEEN DIVISION YALE DISTRICT PLAN 19 SHOWN COLOURED RED ON PLAN ATTACHED TO ABSOLUTE FEES PARCELS BOOK VOLUME 3 FOLIO 427 NO. 2974A","Folio":"71302796525","FullAddress":"CENTRE ST ","apt_no":null,"street_no":null,"street_direction_prefix":null,"street_name":"CENTRE ST","street_direction_suffix":null,"postal_code":null,"city":null,"province":"BC","AddressID":"A00000J78P","TempKey":"B5043835-C8CB-46F4-A098-A31FC98CDF3EA00000J78P","GlobalID":"{748B79E3-9D85-4D4A-A75A-E978B48FBB59}","Shape__Area":9.866607826000003e-9,"Shape__Length":0.0004072272297988052}},{"type":"Feature","geometry":{"type":"Polygon","coordinates":[[[-118.440981,49.042454],[-118.441094,49.042542],[-118.440749,49.042735],[-118.440635,49.042647],[-118.440981,49.042454]]]},"properties":{"OBJECTID":23122,"PMBCParcelGUID":"{731F1D28-BEC0-4C85-9E0C-A31FEEA2D649}","PMBC_PID":2805146,"PMBC_PIN":2805146,"PMBC_ParcelClass":"SUBDIVISION","PMBC_OwnerType":"PRIVATE","PMBC_LegalDescription":"LOT 5 BLOCK 19 DISTRICT LOT 585 SIMILKAMEEN DIVISION YALE DISTRICT PLAN 52","Folio":"21000523000","FullAddress":"8284 RIVERSIDE DR , GRAND FORKS","apt_no":null,"street_no":"8284","street_direction_prefix":null,"street_name":"RIVERSIDE DR","street_direction_suffix":null,"postal_code":null,"city":"GRAND FORKS","province":"BC","AddressID":"A00000H7CN","TempKey":"731F1D28-BEC0-4C85-9E0C-A31FEEA2D649A00000H7CN","GlobalID":"{BC4C0111-DFCE-4922-9366-85AD9E0F5A82}","Shape__Area":5.224900221200001e-8,"Shape__Length":0.00107836901569616}},{"type":"Feature","geometry":{"type":"Polygon","coordinates":[[[-118.673603,49.1004],[-118.672579,49.100406],[-118.672578,49.100269],[-118.673601,49.100264],[-118.673603,49.1004]]]},"properties":{"OBJECTID":23123,"PMBCParcelGUID":"{CB22FEB5-1F71-4A52-A790-A322C6466611}","PMBC_PID":12536202,"PMBC_PIN":12536202,"PMBC_ParcelClass":"SUBDIVISION","PMBC_OwnerType":"PRIVATE","PMBC_LegalDescription":"LOT 13 BLOCK 52 DISTRICT LOT 711 SIMILKAMEEN DIVISION YALE DISTRICT PLAN 70","Folio":"21100323000","FullAddress":"1075 BERTA ST , GREENWOOD","apt_no":null,"street_no":"1075","street_direction_prefix":null,"street_name":"BERTA ST","street_direction_suffix":null,"postal_code":"V0H 1J0","city":"GREENWOOD","province":"BC","AddressID":"A00000H9U7","TempKey":"CB22FEB5-1F71-4A52-A790-A322C6466611A00000H9U7","GlobalID":"{EB706944-8675-4151-A09C-9B5F323B31C5}","Shape__Area":1.4023594191700002e-7,"Shape__Length":0.00232206411319807}},{"type":"Feature","geometry":{"type":"Polygon","coordinates":[[[-118.467632,49.189801],[-118.467632,49.190249],[-118.467607,49.190251],[-118.466672,49.190289],[-118.465503,49.190029],[-118.465778,49.189763],[-118.465803,49.189763],[-118.467632,49.189801]]]},"properties":{"OBJECTID":23124,"PMBCParcelGUID":"{372AACF3-6A6B-4FAB-8AC1-A326C6492EFB}","PMBC_PID":14767732,"PMBC_PIN":14767732,"PMBC_ParcelClass":"SUBDIVISION","PMBC_OwnerType":"PRIVATE","PMBC_LegalDescription":"BLOCK C OF DISTRICT LOT 403S SIMILKAMEEN DIVISION YALE DISTRICT","Folio":"71202760030","FullAddress":"3190 ROCK CANDY RD , GRAND FORKS","apt_no":null,"street_no":"3190","street_direction_prefix":null,"street_name":"ROCK CANDY RD","street_direction_suffix":null,"postal_code":"V0H 1H8","city":"GRAND FORKS","province":"BC","AddressID":"A00000J3KY","TempKey":"372AACF3-6A6B-4FAB-8AC1-A326C6492EFBA00000J3KY","GlobalID":"{AB13BF39-A7A4-4B69-99A3-9EC1A9C7BB1C}","Shape__Area":8.785100301950002e-7,"Shape__Length":0.004843429722693329}},{"type":"Feature","geometry":{"type":"Polygon","coordinates":[[[-118.53431,49.116447],[-118.534185,49.116448],[-118.534186,49.11612],[-118.534311,49.116118],[-118.53431,49.116447]]]},"properties":{"OBJECTID":23125,"PMBCParcelGUID":"{D9DBD186-2859-47B7-B227-A3290CB9639C}","PMBC_PID":14141795,"PMBC_PIN":14141795,"PMBC_ParcelClass":"SUBDIVISION","PMBC_OwnerType":"CROWN PROVINCIAL","PMBC_LegalDescription":"LOT 7 BLOCK 75 DISTRICT LOT 2005 SIMILKAMEEN DIVISION YALE DISTRICT PLAN 79","Folio":"71204852194","FullAddress":"","apt_no":null,"street_no":null,"street_direction_prefix":null,"street_name":null,"street_direction_suffix":null,"postal_code":null,"city":null,"province":"BC","AddressID":"D00000GBFZ","TempKey":"D9DBD186-2859-47B7-B227-A3290CB9639CD00000GBFZ","GlobalID":"{28EE59BC-5A2D-469E-96D1-0D6F44965061}","Shape__Area":4.123177659200001e-8,"Shape__Length":0.0009087426009495407}},{"type":"Feature","geometry":{"type":"Polygon","coordinates":[[[-117.527657,49.117293],[-117.528559,49.116858],[-117.528671,49.116958],[-117.529001,49.117249],[-117.528098,49.117685],[-117.527657,49.117293]]]},"properties":{"OBJECTID":23126,"PMBCParcelGUID":"{496F5613-CD1E-4F4A-AB46-A32B1DEAB9CA}","PMBC_PID":13123033,"PMBC_PIN":13123033,"PMBC_ParcelClass":"SUBDIVISION","PMBC_OwnerType":"PRIVATE","PMBC_LegalDescription":"LOT 10 DISTRICT LOT 1236 KOOTENAY DISTRICT PLAN 2936","Folio":"71105341036","FullAddress":"79 LODDEN RD , FRUITVALE","apt_no":null,"street_no":"79","street_direction_prefix":null,"street_name":"LODDEN RD","street_direction_suffix":null,"postal_code":"V0G 1L1","city":"FRUITVALE","province":"BC","AddressID":"A000019M8N","TempKey":"496F5613-CD1E-4F4A-AB46-A32B1DEAB9CAA000019M8N","GlobalID":"{EE3FC091-2AB0-40D5-B5D4-D8CD465FC00E}","Shape__Area":5.457514008135001e-7,"Shape__Length":0.0031847070665055655}},{"type":"Feature","geometry":{"type":"Polygon","coordinates":[[[-117.70369,49.10036],[-117.703304,49.100466],[-117.70325,49.100379],[-117.703636,49.100274],[-117.70369,49.10036]]]},"properties":{"OBJECTID":23127,"PMBCParcelGUID":"{75B5A87B-E5B6-4BCC-995A-A32E54B526C6}","PMBC_PID":11603844,"PMBC_PIN":11603844,"PMBC_ParcelClass":"SUBDIVISION","PMBC_OwnerType":"PRIVATE","PMBC_LegalDescription":"LOT B DISTRICT LOT 2919 KOOTENAY DISTRICT PLAN 2001","Folio":"23202056000","FullAddress":"1373 SECOND AVE , TRAIL","apt_no":null,"street_no":"1373","street_direction_prefix":null,"street_name":"SECOND AVE","street_direction_suffix":null,"postal_code":"V1R 1L8","city":"TRAIL","province":"BC","AddressID":"A000018SJF","TempKey":"75B5A87B-E5B6-4BCC-995A-A32E54B526C6A000018SJF","GlobalID":"{F6784DA7-96EA-4E05-BA37-4285B0013200}","Shape__Area":3.898152535500001e-8,"Shape__Length":0.0010042828710390547}},{"type":"Feature","geometry":{"type":"Polygon","coordinates":[[[-118.541561,49.120853],[-118.541561,49.121182],[-118.541435,49.121185],[-118.541436,49.120854],[-118.541561,49.120853]]]},"properties":{"OBJECTID":23128,"PMBCParcelGUID":"{EA251B14-9FCA-4F32-8FC0-A32EE87E3B0F}","PMBC_PID":12741825,"PMBC_PIN":12741825,"PMBC_ParcelClass":"SUBDIVISION","PMBC_OwnerType":"CROWN PROVINCIAL","PMBC_LegalDescription":"LOT 22 BLOCK 36 DISTRICT LOT 2005 SIMILKAMEEN DIVISION YALE DISTRICT PLAN 79","Folio":"71204850528","FullAddress":"","apt_no":null,"street_no":null,"street_direction_prefix":null,"street_name":null,"street_direction_suffix":null,"postal_code":null,"city":null,"province":"BC","AddressID":"D00000GM94","TempKey":"EA251B14-9FCA-4F32-8FC0-A32EE87E3B0FD00000GM94","GlobalID":"{0F448C88-43CA-45AE-A877-FE3766157CFD}","Shape__Area":4.124997794500001e-8,"Shape__Length":0.0009092156229626646}},{"type":"Feature","geometry":{"type":"Polygon","coordinates":[[[-118.589494,49.079583],[-118.589479,49.079564],[-118.589443,49.079514],[-118.588506,49.079228],[-118.588506,49.079182],[-118.588508,49.079152],[-118.588508,49.079136],[-118.588636,49.079174],[-118.588861,49.079247],[-118.589491,49.079441],[-118.58949,49.079494],[-118.589493,49.079546],[-118.589495,49.079564],[-118.589494,49.079583]]]},"properties":{"OBJECTID":23129,"PMBCParcelGUID":"{57D8F4E2-2CF3-4304-92A0-A33044CD4D86}","PMBC_PID":11758139,"PMBC_PIN":11758139,"PMBC_ParcelClass":"INTEREST","PMBC_OwnerType":"CROWN PROVINCIAL","PMBC_LegalDescription":"THAT PART OF THE SURFACE OF DISTRICT LOT 2701 SIMILKAMEEN DIVISION YALE DISTRICT SHOWN RED ON PLAN H17261 CONTAINING .3665 HECTARES","Folio":"71204848320","FullAddress":"","apt_no":null,"street_no":null,"street_direction_prefix":null,"street_name":null,"street_direction_suffix":null,"postal_code":null,"city":null,"province":"BC","AddressID":"D00000FRYG","TempKey":"57D8F4E2-2CF3-4304-92A0-A33044CD4D86D00000FRYG","GlobalID":"{2AE946FF-96F9-4EE7-B5F5-752A5FFC2E23}","Shape__Area":8.946322161200002e-8,"Shape__Length":0.00232767442154516}},{"type":"Feature","geometry":{"type":"Polygon","coordinates":[[[-117.65884,49.098782],[-117.658594,49.098754],[-117.658664,49.098484],[-117.658911,49.098512],[-117.65884,49.098782]]]},"properties":{"OBJECTID":23130,"PMBCParcelGUID":"{4C4BD2D1-D073-48FC-95F8-A336C82B54A8}","PMBC_PID":14401029,"PMBC_PIN":14401029,"PMBC_ParcelClass":"SUBDIVISION","PMBC_OwnerType":"PRIVATE","PMBC_LegalDescription":"LOT 24 BLOCK B DISTRICT LOT 4598 KOOTENAY DISTRICT PLAN 5725","Folio":"23203946000","FullAddress":"3817 DOGWOOD DR , TRAIL","apt_no":null,"street_no":"3817","street_direction_prefix":null,"street_name":"DOGWOOD DR","street_direction_suffix":null,"postal_code":"V1R 2V4","city":"TRAIL","province":"BC","AddressID":"A000018U7Z","TempKey":"4C4BD2D1-D073-48FC-95F8-A336C82B54A8A000018U7Z","GlobalID":"{7D18B736-C2F4-4D2A-97C5-1225FA3B7CD9}","Shape__Area":6.868452812150001e-8,"Shape__Length":0.0010555366923483708}},{"type":"Feature","geometry":{"type":"Polygon","coordinates":[[[-118.675658,49.095458],[-118.675694,49.095458],[-118.675781,49.095457],[-118.67581,49.095457],[-118.67594,49.095457],[-118.676095,49.095456],[-118.676096,49.095524],[-118.675929,49.095525],[-118.675794,49.095526],[-118.675764,49.095526],[-118.675673,49.095527],[-118.675659,49.095527],[-118.675658,49.095458]]]},"properties":{"OBJECTID":23131,"PMBCParcelGUID":"{6B717600-9A73-47A2-9C1B-A3396E3C2169}","PMBC_PID":12882887,"PMBC_PIN":12882887,"PMBC_ParcelClass":"SUBDIVISION","PMBC_OwnerType":"PRIVATE","PMBC_LegalDescription":"LOT 10 BLOCK 23 DISTRICT LOT 711 SIMILKAMEEN DIVISION YALE DISTRICT PLAN 34","Folio":"21100218000","FullAddress":"255 N KIMBERLEY AVE , GREENWOOD","apt_no":null,"street_no":"255","street_direction_prefix":"N","street_name":"KIMBERLEY AVE","street_direction_suffix":null,"postal_code":"V0H 1J0","city":"GREENWOOD","province":"BC","AddressID":"A00000H9N3","TempKey":"6B717600-9A73-47A2-9C1B-A3396E3C2169A00000H9N3","GlobalID":"{2E4FE2C2-846B-4B93-BDA0-8BF6F3706454}","Shape__Area":2.9923116696000005e-8,"Shape__Length":0.0010106454146923125}},{"type":"Feature","geometry":{"type":"Polygon","coordinates":[[[-117.789533,49.075757],[-117.789658,49.075762],[-117.789625,49.076035],[-117.7895,49.076029],[-117.789533,49.075757]]]},"properties":{"OBJECTID":23132,"PMBCParcelGUID":"{7C2A20B9-D8ED-4841-8ED7-A33B6E0975E1}","PMBC_PID":16194411,"PMBC_PIN":16194411,"PMBC_ParcelClass":"SUBDIVISION","PMBC_OwnerType":"LOCAL GOVERNMENT","PMBC_LegalDescription":"LOT 10 BLOCK 53 SECTION 35 TOWNSHIP 9A KOOTENAY DISTRICT PLAN 616C","Folio":"22900968000","FullAddress":"LEROI AVE , ROSSLAND","apt_no":null,"street_no":null,"street_direction_prefix":null,"street_name":"LEROI AVE","street_direction_suffix":null,"postal_code":null,"city":"ROSSLAND","province":"BC","AddressID":"A000018PY2","TempKey":"7C2A20B9-D8ED-4841-8ED7-A33B6E0975E1A000018PY2","GlobalID":"{B3D9F7D8-B8C9-422A-862A-EEF4AE998908}","Shape__Area":3.417237140100001e-8,"Shape__Length":0.0007986653211491895}},{"type":"Feature","geometry":{"type":"MultiPolygon","coordinates":[[[[-117.582976,49.078716],[-117.582963,49.077266],[-117.589375,49.077274],[-117.590617,49.07727],[-117.590761,49.077286],[-117.590814,49.077393],[-117.590678,49.077671],[-117.590051,49.077789],[-117.589785,49.0773],[-117.589601,49.077307],[-117.589349,49.077316],[-117.589188,49.077702],[-117.58892,49.077796],[-117.588567,49.077779],[-117.588301,49.077909],[-117.588208,49.077915],[-117.588168,49.077832],[-117.587991,49.077866],[-117.588023,49.077931],[-117.587757,49.077961],[-117.587497,49.077988],[-117.587235,49.078017],[-117.586975,49.078044],[-117.587119,49.078347],[-117.586959,49.078378],[-117.586412,49.078212],[-117.585574,49.078398],[-117.585643,49.078529],[-117.585714,49.079141],[-117.585382,49.07906],[-117.585181,49.079008],[-117.585059,49.078992],[-117.584836,49.078963],[-117.584592,49.07893],[-117.584308,49.078893],[-117.584015,49.078854],[-117.583621,49.078802],[-117.582976,49.078716]]],[[[-117.582989,49.079739],[-117.58298,49.078945],[-117.583298,49.079111],[-117.583875,49.079412],[-117.584251,49.079608],[-117.584381,49.079676],[-117.584161,49.079841],[-117.583725,49.079819],[-117.583349,49.079801],[-117.582989,49.079739]]]]},"properties":{"OBJECTID":23133,"PMBCParcelGUID":"{F27D5F25-B98E-45A7-B7F8-A33C29CC384C}","PMBC_PID":16328647,"PMBC_PIN":16328647,"PMBC_ParcelClass":"SUBDIVISION","PMBC_OwnerType":"LOCAL GOVERNMENT","PMBC_LegalDescription":"SUBLOT 36 TOWNSHIP 7A KOOTENAY DISTRICT PLAN X66 EXCEPT PARTS INCLUDED IN PLANS 2352, 2422, 2541, 2764, 4960, NEP23359 AND NEP73949 AND PARTS INCLUDED IN REFERENCE PLANS 101473I, 101474I, 101476I, 102758I, AND 117941I","Folio":"54800169000","FullAddress":"8TH AVE , MONTROSE","apt_no":null,"street_no":null,"street_direction_prefix":null,"street_name":"8TH AVE","street_direction_suffix":null,"postal_code":null,"city":"MONTROSE","province":"BC","AddressID":"A000018Z73","TempKey":"F27D5F25-B98E-45A7-B7F8-A33C29CC384CA000018Z73","GlobalID":"{31D9F7ED-377A-41E0-90AF-F0EB6E9B972B}","Shape__Area":0.000008265735773510503,"Shape__Length":0.02344679998900208}},{"type":"Feature","geometry":{"type":"Polygon","coordinates":[[[-117.555875,49.09761],[-117.55316,49.096478],[-117.552872,49.096359],[-117.551826,49.095928],[-117.55265,49.095066],[-117.554729,49.095923],[-117.554941,49.09601],[-117.55553,49.096253],[-117.556678,49.096726],[-117.556706,49.096738],[-117.555875,49.09761]]]},"properties":{"OBJECTID":23134,"PMBCParcelGUID":"{31A01832-3B0C-42F3-B7AE-A33EC81897C6}","PMBC_PID":16032608,"PMBC_PIN":16032608,"PMBC_ParcelClass":"SUBDIVISION","PMBC_OwnerType":"PRIVATE","PMBC_LegalDescription":"LOT 131 DISTRICT LOT 1236 KOOTENAY DISTRICT PLAN 785B EXCEPT PART INCLUDED IN SRW PLAN 13814","Folio":"71105293100","FullAddress":"1496 COLUMBIA GARDENS RD , FRUITVALE","apt_no":null,"street_no":"1496","street_direction_prefix":null,"street_name":"COLUMBIA GARDENS RD","street_direction_suffix":null,"postal_code":"V0G 1L1","city":"FRUITVALE","province":"BC","AddressID":"A000019M60","TempKey":"31A01832-3B0C-42F3-B7AE-A33EC81897C6A000019M60","GlobalID":"{3D5CB14A-B132-49D1-83AF-E36AC643404C}","Shape__Area":0.000004892917667907001,"Shape__Length":0.011169637261176679}},{"type":"Feature","geometry":{"type":"Polygon","coordinates":[[[-118.938358,49.718247],[-118.9384,49.718235],[-118.938483,49.718207],[-118.938564,49.718174],[-118.938734,49.718369],[-118.938793,49.71844],[-118.93868,49.718491],[-118.938615,49.718518],[-118.938524,49.718539],[-118.938461,49.718426],[-118.938358,49.718247]]]},"properties":{"OBJECTID":23135,"PMBCParcelGUID":"{08494404-0C4E-4EEA-81F5-A3417A5482F2}","PMBC_PID":17446635,"PMBC_PIN":17446635,"PMBC_ParcelClass":"BARE LAND STRATA","PMBC_OwnerType":"PRIVATE","PMBC_LegalDescription":"STRATA LOT 86 DISTRICT LOT 4176S SIMILKAMEEN DIVISION YALE DISTRICT STRATA PLAN KAS938 TOGETHER WITH AN INTEREST IN THE COMMON PROPERTY IN PROPORTION TO THE UNIT ENTITLEMENT OF THE STRATA LOT AS SHOWN ON FORM V","Folio":"71307385426","FullAddress":"A 5922 SNOW PINES CRES , BIG WHITE","apt_no":"A","street_no":"5922","street_direction_prefix":null,"street_name":"SNOW PINES CRES","street_direction_suffix":null,"postal_code":null,"city":"BIG WHITE","province":"BC","AddressID":"A00000J90U","TempKey":"08494404-0C4E-4EEA-81F5-A3417A5482F2A00000J90U","GlobalID":"{1A3A8770-21B8-4EEF-AF43-AE3D1C6D2967}","Shape__Area":8.453573731200002e-8,"Shape__Length":0.0011929108446441397}},{"type":"Feature","geometry":{"type":"Polygon","coordinates":[[[-118.938358,49.718247],[-118.9384,49.718235],[-118.938483,49.718207],[-118.938564,49.718174],[-118.938734,49.718369],[-118.938793,49.71844],[-118.93868,49.718491],[-118.938615,49.718518],[-118.938524,49.718539],[-118.938461,49.718426],[-118.938358,49.718247]]]},"properties":{"OBJECTID":23136,"PMBCParcelGUID":"{08494404-0C4E-4EEA-81F5-A3417A5482F2}","PMBC_PID":17446635,"PMBC_PIN":17446635,"PMBC_ParcelClass":"BARE LAND STRATA","PMBC_OwnerType":"PRIVATE","PMBC_LegalDescription":"STRATA LOT 86 DISTRICT LOT 4176S SIMILKAMEEN DIVISION YALE DISTRICT STRATA PLAN KAS938 TOGETHER WITH AN INTEREST IN THE COMMON PROPERTY IN PROPORTION TO THE UNIT ENTITLEMENT OF THE STRATA LOT AS SHOWN ON FORM V","Folio":"71307385428","FullAddress":"C 5922 SNOW PINES CRES , BIG WHITE","apt_no":"C","street_no":"5922","street_direction_prefix":null,"street_name":"SNOW PINES CRES","street_direction_suffix":null,"postal_code":null,"city":"BIG WHITE","province":"BC","AddressID":"A00000J90W","TempKey":"08494404-0C4E-4EEA-81F5-A3417A5482F2A00000J90W","GlobalID":"{A615CC18-CD8E-4DDD-8577-91C5B24502C4}","Shape__Area":8.453573731200002e-8,"Shape__Length":0.0011929108446441397}},{"type":"Feature","geometry":{"type":"Polygon","coordinates":[[[-118.938358,49.718247],[-118.9384,49.718235],[-118.938483,49.718207],[-118.938564,49.718174],[-118.938734,49.718369],[-118.938793,49.71844],[-118.93868,49.718491],[-118.938615,49.718518],[-118.938524,49.718539],[-118.938461,49.718426],[-118.938358,49.718247]]]},"properties":{"OBJECTID":23137,"PMBCParcelGUID":"{08494404-0C4E-4EEA-81F5-A3417A5482F2}","PMBC_PID":17446635,"PMBC_PIN":17446635,"PMBC_ParcelClass":"BARE LAND STRATA","PMBC_OwnerType":"PRIVATE","PMBC_LegalDescription":"STRATA LOT 86 DISTRICT LOT 4176S SIMILKAMEEN DIVISION YALE DISTRICT STRATA PLAN KAS938 TOGETHER WITH AN INTEREST IN THE COMMON PROPERTY IN PROPORTION TO THE UNIT ENTITLEMENT OF THE STRATA LOT AS SHOWN ON FORM V","Folio":"71307385427","FullAddress":"B 5922 SNOW PINES CRES , BIG WHITE","apt_no":"B","street_no":"5922","street_direction_prefix":null,"street_name":"SNOW PINES CRES","street_direction_suffix":null,"postal_code":null,"city":"BIG WHITE","province":"BC","AddressID":"A00000J90V","TempKey":"08494404-0C4E-4EEA-81F5-A3417A5482F2A00000J90V","GlobalID":"{983691C2-4BF5-408E-A197-7083FCE1FF57}","Shape__Area":8.453573731200002e-8,"Shape__Length":0.0011929108446441397}},{"type":"Feature","geometry":{"type":"Polygon","coordinates":[[[-118.938358,49.718247],[-118.9384,49.718235],[-118.938483,49.718207],[-118.938564,49.718174],[-118.938734,49.718369],[-118.938793,49.71844],[-118.93868,49.718491],[-118.938615,49.718518],[-118.938524,49.718539],[-118.938461,49.718426],[-118.938358,49.718247]]]},"properties":{"OBJECTID":23138,"PMBCParcelGUID":"{08494404-0C4E-4EEA-81F5-A3417A5482F2}","PMBC_PID":17446635,"PMBC_PIN":17446635,"PMBC_ParcelClass":"BARE LAND STRATA","PMBC_OwnerType":"PRIVATE","PMBC_LegalDescription":"STRATA LOT 86 DISTRICT LOT 4176S SIMILKAMEEN DIVISION YALE DISTRICT STRATA PLAN KAS938 TOGETHER WITH AN INTEREST IN THE COMMON PROPERTY IN PROPORTION TO THE UNIT ENTITLEMENT OF THE STRATA LOT AS SHOWN ON FORM V","Folio":"71307385429","FullAddress":"D 5922 SNOW PINES CRES , BIG WHITE","apt_no":"D","street_no":"5922","street_direction_prefix":null,"street_name":"SNOW PINES CRES","street_direction_suffix":null,"postal_code":null,"city":"BIG WHITE","province":"BC","AddressID":"A00000J90X","TempKey":"08494404-0C4E-4EEA-81F5-A3417A5482F2A00000J90X","GlobalID":"{43445143-D0E0-4391-BB59-A54E9244AC01}","Shape__Area":8.453573731200002e-8,"Shape__Length":0.0011929108446441397}},{"type":"Feature","geometry":{"type":"Polygon","coordinates":[[[-117.672069,49.096833],[-117.672115,49.096545],[-117.672198,49.09655],[-117.672149,49.096857],[-117.672069,49.096833]]]},"properties":{"OBJECTID":23139,"PMBCParcelGUID":"{8A3D7E9B-353C-417A-860F-A342FD7D83F9}","PMBC_PID":13068423,"PMBC_PIN":13068423,"PMBC_ParcelClass":"SUBDIVISION","PMBC_OwnerType":"PRIVATE","PMBC_LegalDescription":"LOT 18 DISTRICT LOT 4598 KOOTENAY DISTRICT PLAN 9512","Folio":"23203479036","FullAddress":"3358 LAUREL CRES , TRAIL","apt_no":null,"street_no":"3358","street_direction_prefix":null,"street_name":"LAUREL CRES","street_direction_suffix":null,"postal_code":"V1R 4M5","city":"TRAIL","province":"BC","AddressID":"A000018TQE","TempKey":"8A3D7E9B-353C-417A-860F-A342FD7D83F9A000018TQE","GlobalID":"{EC48DE9D-B676-4440-B3DD-18D974F6A7A9}","Shape__Area":2.4977757616000005e-8,"Shape__Length":0.0007692644013282343}},{"type":"Feature","geometry":{"type":"Polygon","coordinates":[[[-118.212538,49.063442],[-118.212587,49.063282],[-118.21268,49.062976],[-118.212961,49.062977],[-118.212781,49.063523],[-118.212537,49.063521],[-118.212538,49.063442]]]},"properties":{"OBJECTID":23140,"PMBCParcelGUID":"{BC07382E-A610-4A2A-BD01-A3444063E6BE}","PMBC_PID":18318649,"PMBC_PIN":18318649,"PMBC_ParcelClass":"SUBDIVISION","PMBC_OwnerType":"PRIVATE","PMBC_LegalDescription":"LOT 3 DISTRICT LOT 970 SIMILKAMEEN DIVISION YALE DISTRICT PLAN KAP50133","Folio":"71204489025","FullAddress":"7 WILKENSON RD , CHRISTINA LAKE","apt_no":null,"street_no":"7","street_direction_prefix":null,"street_name":"WILKENSON RD","street_direction_suffix":null,"postal_code":null,"city":"CHRISTINA LAKE","province":"BC","AddressID":"A00000J53Q","TempKey":"BC07382E-A610-4A2A-BD01-A3444063E6BEA00000J53Q","GlobalID":"{AE3BCA32-443B-4ACB-B72A-A7A4D13445D0}","Shape__Area":1.4876184527900004e-7,"Shape__Length":0.001665388525923176}},{"type":"Feature","geometry":{"type":"Polygon","coordinates":[[[-118.541929,49.123841],[-118.541929,49.124171],[-118.541803,49.124172],[-118.541805,49.123844],[-118.541828,49.123844],[-118.541929,49.123841]]]},"properties":{"OBJECTID":23141,"PMBCParcelGUID":"{717C4830-B337-4533-8166-A34710DC745C}","PMBC_PID":12737721,"PMBC_PIN":12737721,"PMBC_ParcelClass":"SUBDIVISION","PMBC_OwnerType":"CROWN PROVINCIAL","PMBC_LegalDescription":"LOT 12 BLOCK 13 DISTRICT LOT 1557 SIMILKAMEEN DIVISION YALE DISTRICT PLAN 79","Folio":"71204850278","FullAddress":"","apt_no":null,"street_no":null,"street_direction_prefix":null,"street_name":null,"street_direction_suffix":null,"postal_code":null,"city":null,"province":"BC","AddressID":"D00000H478","TempKey":"717C4830-B337-4533-8166-A34710DC745CD00000H478","GlobalID":"{EE125336-DF27-47F5-97CE-7D903225F257}","Shape__Area":4.116161652800001e-8,"Shape__Length":0.0009084836752222015}},{"type":"Feature","geometry":{"type":"Polygon","coordinates":[[[-118.533806,49.11787],[-118.533931,49.11787],[-118.53393,49.118198],[-118.533805,49.118199],[-118.533806,49.11787]]]},"properties":{"OBJECTID":23142,"PMBCParcelGUID":"{29B80856-A535-4B7E-A6C7-A34A14414574}","PMBC_PID":14119595,"PMBC_PIN":14119595,"PMBC_ParcelClass":"SUBDIVISION","PMBC_OwnerType":"CROWN PROVINCIAL","PMBC_LegalDescription":"LOT 4 BLOCK 58 DISTRICT LOT 2005 SIMILKAMEEN DIVISION YALE DISTRICT PLAN 79","Folio":"71204851450","FullAddress":"","apt_no":null,"street_no":null,"street_direction_prefix":null,"street_name":null,"street_direction_suffix":null,"postal_code":null,"city":null,"province":"BC","AddressID":"D00000FQZ4","TempKey":"29B80856-A535-4B7E-A6C7-A34A14414574D00000FQZ4","GlobalID":"{07C2572E-F71D-4F39-AF52-48F2B37478F3}","Shape__Area":4.106730105200001e-8,"Shape__Length":0.0009070142622956248}},{"type":"Feature","geometry":{"type":"Polygon","coordinates":[[[-118.444258,49.004404],[-118.444255,49.00572],[-118.443435,49.00572],[-118.443437,49.004403],[-118.444258,49.004404]]]},"properties":{"OBJECTID":23143,"PMBCParcelGUID":"{086D85D9-B5AB-469D-9A1E-A34B4B9D3C9A}","PMBC_PID":25215833,"PMBC_PIN":25215833,"PMBC_ParcelClass":"SUBDIVISION","PMBC_OwnerType":"PRIVATE","PMBC_LegalDescription":"LOT 1 DISTRICT LOT 535 SIMILKAMEEN DIVISION YALE DISTRICT PLAN KAP70484","Folio":"71203428010","FullAddress":"5150 SIMINOFF RD , GRAND FORKS","apt_no":null,"street_no":"5150","street_direction_prefix":null,"street_name":"SIMINOFF RD","street_direction_suffix":null,"postal_code":"V0H 1H4","city":"GRAND FORKS","province":"BC","AddressID":"A00000J43W","TempKey":"086D85D9-B5AB-469D-9A1E-A34B4B9D3C9AA00000J43W","GlobalID":"{2AD948AB-5160-4406-8451-8B8947ADFFE0}","Shape__Area":0.0000010796928823890003,"Shape__Length":0.004273092159611968}},{"type":"Feature","geometry":{"type":"Polygon","coordinates":[[[-117.718496,49.12412],[-117.725895,49.124168],[-117.726088,49.124937],[-117.718482,49.124891],[-117.718496,49.12412]]]},"properties":{"OBJECTID":23144,"PMBCParcelGUID":"{60C47F5B-34AF-436F-A957-A351AF6F0E28}","PMBC_PID":15700682,"PMBC_PIN":15700682,"PMBC_ParcelClass":"SUBDIVISION","PMBC_OwnerType":"LOCAL GOVERNMENT","PMBC_LegalDescription":"LOT 52 DISTRICT LOT 367 KOOTENAY DISTRICT PLAN 850","Folio":"23205000460","FullAddress":"SANDPIT RD , TRAIL","apt_no":null,"street_no":null,"street_direction_prefix":null,"street_name":"SANDPIT RD","street_direction_suffix":null,"postal_code":null,"city":"TRAIL","province":"BC","AddressID":"A000018UN2","TempKey":"60C47F5B-34AF-436F-A957-A351AF6F0E28A000018UN2","GlobalID":"{F9612BFA-392A-4A47-9CF3-143551610606}","Shape__Area":0.0000057742216013580015,"Shape__Length":0.01656917522742885}},{"type":"Feature","geometry":{"type":"Polygon","coordinates":[[[-117.540445,49.112989],[-117.540506,49.113018],[-117.54024,49.113146],[-117.539958,49.11328],[-117.539681,49.113409],[-117.539376,49.113552],[-117.539104,49.11368],[-117.538152,49.112801],[-117.539506,49.112154],[-117.539729,49.112338],[-117.539793,49.11243],[-117.539865,49.11252],[-117.539944,49.112606],[-117.54003,49.11269],[-117.540124,49.112771],[-117.540225,49.112848],[-117.540332,49.11292],[-117.540445,49.112989]]]},"properties":{"OBJECTID":23145,"PMBCParcelGUID":"{A8E98BC3-6BB1-40A9-9DF6-A3537BD25231}","PMBC_PID":16032535,"PMBC_PIN":16032535,"PMBC_ParcelClass":"SUBDIVISION","PMBC_OwnerType":"PRIVATE","PMBC_LegalDescription":"LOT 150 DISTRICT LOT 1236 KOOTENAY DISTRICT PLAN 785B EXCEPT PART INCLUDED IN PLAN 4854","Folio":"71105333000","FullAddress":"MILL RD , FRUITVALE","apt_no":null,"street_no":null,"street_direction_prefix":null,"street_name":"MILL RD","street_direction_suffix":null,"postal_code":null,"city":"FRUITVALE","province":"BC","AddressID":"A000019M7A","TempKey":"A8E98BC3-6BB1-40A9-9DF6-A3537BD25231A000019M7A","GlobalID":"{B7AC6E1C-646F-48E6-BC2C-E50C98B19778}","Shape__Area":0.0000017999654164730004,"Shape__Length":0.005679786252512642}},{"type":"Feature","geometry":{"type":"Polygon","coordinates":[[[-117.665971,49.097713],[-117.666247,49.097732],[-117.666243,49.097756],[-117.666243,49.097756],[-117.666212,49.097943],[-117.66621,49.097955],[-117.66621,49.097955],[-117.666208,49.09797],[-117.666185,49.098106],[-117.665978,49.098098],[-117.665907,49.098095],[-117.665928,49.097973],[-117.66593,49.097957],[-117.66593,49.097957],[-117.665932,49.097944],[-117.665966,49.097741],[-117.665966,49.097741],[-117.665971,49.097713]]]},"properties":{"OBJECTID":23146,"PMBCParcelGUID":"{E0170AD6-696A-4945-9DB9-A3555C61F518}","PMBC_PID":15035239,"PMBC_PIN":15035239,"PMBC_ParcelClass":"SUBDIVISION","PMBC_OwnerType":"PRIVATE","PMBC_LegalDescription":"LOT K BLOCK 2 DISTRICT LOT 4598 KOOTENAY DISTRICT PLAN 3035","Folio":"23203741000","FullAddress":"3501 HIGHWAY DR , TRAIL","apt_no":null,"street_no":"3501","street_direction_prefix":null,"street_name":"HIGHWAY DR","street_direction_suffix":null,"postal_code":"V1R 2T9","city":"TRAIL","province":"BC","AddressID":"A000018U27","TempKey":"E0170AD6-696A-4945-9DB9-A3555C61F518A000018U27","GlobalID":"{64B8130C-0443-4EA3-A24E-B8712B6BEF74}","Shape__Area":1.0566507359050003e-7,"Shape__Length":0.001321046652527348}},{"type":"Feature","geometry":{"type":"Polygon","coordinates":[[[-118.477609,49.035037],[-118.477621,49.035433],[-118.4771,49.035439],[-118.476613,49.035444],[-118.475144,49.035464],[-118.475132,49.035056],[-118.475971,49.03505],[-118.476802,49.035044],[-118.477609,49.035037]]]},"properties":{"OBJECTID":23147,"PMBCParcelGUID":"{41B47AA8-0B6D-4957-8A92-A355D2681D0F}","PMBC_PID":10000526,"PMBC_PIN":10000526,"PMBC_ParcelClass":"SUBDIVISION","PMBC_OwnerType":"PRIVATE","PMBC_LegalDescription":"LOT A DISTRICT LOT 700 SIMILKAMEEN DIVISION YALE DISTRICT PLAN 7378","Folio":"71203695000","FullAddress":"8125 NORTH FORK RD , GRAND FORKS","apt_no":null,"street_no":"8125","street_direction_prefix":null,"street_name":"NORTH FORK RD","street_direction_suffix":null,"postal_code":"V0H 1H2","city":"GRAND FORKS","province":"BC","AddressID":"A00000J4AU","TempKey":"41B47AA8-0B6D-4957-8A92-A355D2681D0FA00000J4AU","GlobalID":"{D140D776-DEAB-4618-9EB0-6003B691455A}","Shape__Area":9.927173230475002e-7,"Shape__Length":0.005757662744382555}},{"type":"Feature","geometry":{"type":"Polygon","coordinates":[[[-118.533678,49.124393],[-118.533686,49.124065],[-118.533811,49.124063],[-118.533803,49.124393],[-118.533678,49.124393]]]},"properties":{"OBJECTID":23148,"PMBCParcelGUID":"{96DC65D2-5849-4D0D-8C8A-A356428A26E3}","PMBC_PID":12737879,"PMBC_PIN":12737879,"PMBC_ParcelClass":"SUBDIVISION","PMBC_OwnerType":"CROWN PROVINCIAL","PMBC_LegalDescription":"LOT 2 BLOCK 17 DISTRICT LOT 1557 SIMILKAMEEN DIVISION YALE DISTRICT PLAN 79","Folio":"71204850300","FullAddress":"","apt_no":null,"street_no":null,"street_direction_prefix":null,"street_name":null,"street_direction_suffix":null,"postal_code":null,"city":null,"province":"BC","AddressID":"D00000GYP1","TempKey":"96DC65D2-5849-4D0D-8C8A-A356428A26E3D00000GYP1","GlobalID":"{CAF8441E-39C0-465A-BEF2-9F3E6811C7F6}","Shape__Area":4.127316324400001e-8,"Shape__Length":0.0009095377809256801}},{"type":"Feature","geometry":{"type":"Polygon","coordinates":[[[-118.925622,49.724502],[-118.925704,49.724398],[-118.925853,49.724213],[-118.925924,49.724128],[-118.925943,49.724089],[-118.925942,49.724169],[-118.925925,49.724202],[-118.92577,49.7244],[-118.925605,49.724605],[-118.925587,49.724605],[-118.925541,49.724603],[-118.925587,49.724546],[-118.925622,49.724502]]]},"properties":{"OBJECTID":23149,"PMBCParcelGUID":"{22358A7A-CD6F-4749-AA90-A357E81CCFEC}","PMBC_PID":25362488,"PMBC_PIN":25362488,"PMBC_ParcelClass":"INTEREST","PMBC_OwnerType":"CROWN PROVINCIAL","PMBC_LegalDescription":"THAT PORTION OF UNSURVEYED CROWN LAND SIMILKAMEEN DIVISION YALE DISTRICT SHOWN ON PLAN KAP70865","Folio":"71310293215","FullAddress":"","apt_no":null,"street_no":null,"street_direction_prefix":null,"street_name":null,"street_direction_suffix":null,"postal_code":null,"city":null,"province":"BC","AddressID":"D00000EVPX","TempKey":"22358A7A-CD6F-4749-AA90-A357E81CCFECD00000EVPX","GlobalID":"{493B376A-869A-4C57-9AD0-37A7549DA9D0}","Shape__Area":3.024941738450001e-8,"Shape__Length":0.001348657513126208}},{"type":"Feature","geometry":{"type":"Polygon","coordinates":[[[-118.455258,49.02129],[-118.455732,49.021109],[-118.455785,49.021089],[-118.455798,49.021109],[-118.455983,49.021289],[-118.456013,49.021312],[-118.455462,49.021522],[-118.455258,49.02129]]]},"properties":{"OBJECTID":23150,"PMBCParcelGUID":"{5D0E0CB6-3252-49CB-858B-A357FBB3235B}","PMBC_PID":4568575,"PMBC_PIN":4568575,"PMBC_ParcelClass":"SUBDIVISION","PMBC_OwnerType":"PRIVATE","PMBC_LegalDescription":"LOT 2 DISTRICT LOT 533 SIMILKAMEEN DIVISION YALE DISTRICT PLAN 12096","Folio":"21001112000","FullAddress":"6381 19TH ST , GRAND FORKS","apt_no":null,"street_no":"6381","street_direction_prefix":null,"street_name":"19TH ST","street_direction_suffix":null,"postal_code":null,"city":"GRAND FORKS","province":"BC","AddressID":"A00000H8GV","TempKey":"5D0E0CB6-3252-49CB-858B-A357FBB3235BA00000H8GV","GlobalID":"{F12A1A72-DDFC-46AC-86BA-38748249A625}","Shape__Area":1.6559584103850003e-7,"Shape__Length":0.0017820482288590951}},{"type":"Feature","geometry":{"type":"Polygon","coordinates":[[[-118.676937,49.094945],[-118.67734,49.094943],[-118.677341,49.095011],[-118.677342,49.09508],[-118.677343,49.095148],[-118.677045,49.09515],[-118.677033,49.09515],[-118.676897,49.09515],[-118.676896,49.095082],[-118.676895,49.095014],[-118.676894,49.094945],[-118.676937,49.094945]]]},"properties":{"OBJECTID":23151,"PMBCParcelGUID":"{DBA9950B-A328-4C7F-8FC9-A35C6610AD2E}","PMBC_PID":32510128,"PMBC_PIN":32510128,"PMBC_ParcelClass":"SUBDIVISION","PMBC_OwnerType":"PRIVATE","PMBC_LegalDescription":"LOT A DISTRICT LOT 711 SIMILKAMEEN DIVISION YALE DISTRICT PLAN EPP145268","Folio":"21100210100","FullAddress":"246 COPPER AVE N, GREENWOOD","apt_no":null,"street_no":"246","street_direction_prefix":null,"street_name":"COPPER AVE","street_direction_suffix":"N","postal_code":"V0H 1J0","city":"GREENWOOD","province":"BC","AddressID":"J00003C0PA","TempKey":"DBA9950B-A328-4C7F-8FC9-A35C6610AD2EJ00003C0PA","GlobalID":"{FD873E64-89B8-4053-B364-A01F3D99A6F3}","Shape__Area":9.166045340150003e-8,"Shape__Length":0.0013034356809851046}},{"type":"Feature","geometry":{"type":"MultiPolygon","coordinates":[[[[-117.720859,49.095374],[-117.720858,49.095197],[-117.72134,49.09536],[-117.721341,49.09578],[-117.721341,49.09583],[-117.721068,49.09583],[-117.721068,49.095775],[-117.720859,49.095775],[-117.720858,49.095649],[-117.720859,49.095429],[-117.720859,49.095374]]],[[[-117.72169,49.09583],[-117.72155,49.09583],[-117.721549,49.095431],[-117.72272,49.095827],[-117.722241,49.095831],[-117.72169,49.09583]]]]},"properties":{"OBJECTID":23152,"PMBCParcelGUID":"{AC57D56B-9A16-4203-B686-A35C91B81C81}","PMBC_PID":15799735,"PMBC_PIN":15799735,"PMBC_ParcelClass":"SUBDIVISION","PMBC_OwnerType":"PRIVATE","PMBC_LegalDescription":"LOT 22 DISTRICT LOT 6065 KOOTENAY DISTRICT PLAN 1351 EXCEPT PARCEL A (REFERENCE PLAN 42788I) AND (2) PARCEL B (SEE 35939I)","Folio":"23201122000","FullAddress":"616 HENDRY ST , TRAIL","apt_no":null,"street_no":"616","street_direction_prefix":null,"street_name":"HENDRY ST","street_direction_suffix":null,"postal_code":"V1R 3J3","city":"TRAIL","province":"BC","AddressID":"A000018RTK","TempKey":"AC57D56B-9A16-4203-B686-A35C91B81C81A000018RTK","GlobalID":"{5746A25C-3C1A-478F-A3FD-F4707E1F7CE3}","Shape__Area":4.890514586095001e-7,"Shape__Length":0.0048985613722566336}},{"type":"Feature","geometry":{"type":"Polygon","coordinates":[[[-117.553256,49.110687],[-117.552935,49.110983],[-117.552219,49.110682],[-117.55245,49.110455],[-117.552529,49.110379],[-117.553256,49.110687]]]},"properties":{"OBJECTID":23153,"PMBCParcelGUID":"{6029B753-93BA-4C8D-8B0D-A35CB44BE7D7}","PMBC_PID":7703643,"PMBC_PIN":7703643,"PMBC_ParcelClass":"SUBDIVISION","PMBC_OwnerType":"PRIVATE","PMBC_LegalDescription":"LOT B DISTRICT LOT 1236 KOOTENAY DISTRICT PLAN 5730 EXCEPT PART INCLUDED IN PLAN 8658","Folio":"52100213040","FullAddress":"1796 FIRST ST , FRUITVALE","apt_no":null,"street_no":"1796","street_direction_prefix":null,"street_name":"FIRST ST","street_direction_suffix":null,"postal_code":null,"city":"FRUITVALE","province":"BC","AddressID":"A000018XHF","TempKey":"6029B753-93BA-4C8D-8B0D-A35CB44BE7D7A000018XHF","GlobalID":"{86B43EB1-E30E-46F8-AA7E-72D465C58DDB}","Shape__Area":3.125389701275001e-7,"Shape__Length":0.0024376173427976744}},{"type":"Feature","geometry":{"type":"Polygon","coordinates":[[[-118.541801,49.12521],[-118.541927,49.125206],[-118.541925,49.125536],[-118.541801,49.125538],[-118.541801,49.12521]]]},"properties":{"OBJECTID":23154,"PMBCParcelGUID":"{213D4E05-2504-4E0B-9563-A35FA97FA8B5}","PMBC_PID":14184214,"PMBC_PIN":14184214,"PMBC_ParcelClass":"SUBDIVISION","PMBC_OwnerType":"CROWN PROVINCIAL","PMBC_LegalDescription":"LOT 5 BLOCK C DISTRICT LOT 1557 SIMILKAMEEN DIVISION YALE DISTRICT PLAN 79","Folio":"71204850012","FullAddress":"","apt_no":null,"street_no":null,"street_direction_prefix":null,"street_name":null,"street_direction_suffix":null,"postal_code":null,"city":null,"province":"BC","AddressID":"D00000FFTB","TempKey":"213D4E05-2504-4E0B-9563-A35FA97FA8B5D00000FFTB","GlobalID":"{D44FA26B-ECC2-4E41-A130-8D653CD4545C}","Shape__Area":4.116643235500001e-8,"Shape__Length":0.0009084346045062753}},{"type":"Feature","geometry":{"type":"Polygon","coordinates":[[[-117.524522,49.1386],[-117.524218,49.138604],[-117.524162,49.138669],[-117.523471,49.138668],[-117.523432,49.137872],[-117.52397,49.137845],[-117.523511,49.136384],[-117.521701,49.136353],[-117.523769,49.129638],[-117.523782,49.131378],[-117.523769,49.133966],[-117.523786,49.136381],[-117.524522,49.1386]]]},"properties":{"OBJECTID":23155,"PMBCParcelGUID":"{11771D67-D5F8-4B0F-BC09-A3619FEDB0C3}","PMBC_PID":11901292,"PMBC_PIN":11901292,"PMBC_ParcelClass":"SUBDIVISION","PMBC_OwnerType":"PRIVATE","PMBC_LegalDescription":"LOT B DISTRICT LOT 1236 KOOTENAY DISTRICT PLAN 12722","Folio":"71105532200","FullAddress":"109 ROGER RD , FRUITVALE","apt_no":null,"street_no":"109","street_direction_prefix":null,"street_name":"ROGER RD","street_direction_suffix":null,"postal_code":"V0G 1L1","city":"FRUITVALE","province":"BC","AddressID":"A000019MME","TempKey":"11771D67-D5F8-4B0F-BC09-A3619FEDB0C3A000019MME","GlobalID":"{82D9EAA8-7CBC-4A14-B515-483002913941}","Shape__Area":0.000008208977433745502,"Shape__Length":0.021867067546570636}},{"type":"Feature","geometry":{"type":"Polygon","coordinates":[[[-117.550085,49.116477],[-117.550296,49.116373],[-117.55056,49.116602],[-117.55035,49.116706],[-117.550085,49.116477]]]},"properties":{"OBJECTID":23156,"PMBCParcelGUID":"{391C40FC-17E6-4010-BF1B-A36C1E555970}","PMBC_PID":9695362,"PMBC_PIN":9695362,"PMBC_ParcelClass":"SUBDIVISION","PMBC_OwnerType":"PRIVATE","PMBC_LegalDescription":"LOT 2 DISTRICT LOT 1236 KOOTENAY DISTRICT PLAN 14851","Folio":"52100101065","FullAddress":"1892 MOUNTAIN ST , FRUITVALE","apt_no":null,"street_no":"1892","street_direction_prefix":null,"street_name":"MOUNTAIN ST","street_direction_suffix":null,"postal_code":null,"city":"FRUITVALE","province":"BC","AddressID":"A000018XD9","TempKey":"391C40FC-17E6-4010-BF1B-A36C1E555970A000018XD9","GlobalID":"{57CAF310-8908-486E-B417-A1AC2C66786E}","Shape__Area":7.563243318900002e-8,"Shape__Length":0.0011686061396620725}},{"type":"Feature","geometry":{"type":"Polygon","coordinates":[[[-118.592235,49.098607],[-118.592113,49.09859],[-118.592204,49.098323],[-118.592327,49.09834],[-118.592235,49.098607]]]},"properties":{"OBJECTID":23157,"PMBCParcelGUID":"{27C1AF16-A350-4F6B-9D67-A36F6DDD2496}","PMBC_PID":12257745,"PMBC_PIN":12257745,"PMBC_ParcelClass":"SUBDIVISION","PMBC_OwnerType":"PRIVATE","PMBC_LegalDescription":"LOT 8 BLOCK 21 DISTRICT LOT 922 SIMILKAMEEN DIVISION YALE DISTRICT PLAN 60","Folio":"71203502035","FullAddress":"","apt_no":null,"street_no":null,"street_direction_prefix":null,"street_name":null,"street_direction_suffix":null,"postal_code":null,"city":null,"province":"BC","AddressID":"D00000G1WC","TempKey":"27C1AF16-A350-4F6B-9D67-A36F6DDD2496D00000G1WC","GlobalID":"{9EBEE2A4-8C99-42A3-A732-9907244181CD}","Shape__Area":3.4216522538500006e-8,"Shape__Length":0.0008117116072319825}},{"type":"Feature","geometry":{"type":"Polygon","coordinates":[[[-117.806266,49.074534],[-117.806391,49.07454],[-117.806361,49.074814],[-117.806236,49.074808],[-117.806266,49.074534]]]},"properties":{"OBJECTID":23158,"PMBCParcelGUID":"{26C30249-47E1-442A-A872-A37069E93CA8}","PMBC_PID":10217592,"PMBC_PIN":10217592,"PMBC_ParcelClass":"SUBDIVISION","PMBC_OwnerType":"PRIVATE","PMBC_LegalDescription":"LOT 13 BLOCK 5 DISTRICT LOT 535 KOOTENAY DISTRICT PLAN 579","Folio":"22900029000","FullAddress":"1673 COOK AVE , ROSSLAND","apt_no":null,"street_no":"1673","street_direction_prefix":null,"street_name":"COOK AVE","street_direction_suffix":null,"postal_code":"V0G 1Y0","city":"ROSSLAND","province":"BC","AddressID":"A000018NUN","TempKey":"26C30249-47E1-442A-A872-A37069E93CA8A000018NUN","GlobalID":"{7AACEAA5-D302-4749-B2C9-8C2E5DBAEA8D}","Shape__Area":3.427605721500001e-8,"Shape__Length":0.0007998223014226998}},{"type":"Feature","geometry":{"type":"Polygon","coordinates":[[[-119.116964,49.501595],[-119.116783,49.501716],[-119.116669,49.501801],[-119.116553,49.501892],[-119.116442,49.50199],[-119.116344,49.502063],[-119.116236,49.50214],[-119.116094,49.502251],[-119.116003,49.50233],[-119.115917,49.502417],[-119.115795,49.50253],[-119.115665,49.502636],[-119.115444,49.502632],[-119.114504,49.502614],[-119.115143,49.501591],[-119.116546,49.501595],[-119.116964,49.501595]]]},"properties":{"OBJECTID":23159,"PMBCParcelGUID":"{277D6ED7-EF2C-4B24-8644-A3734260EC27}","PMBC_PID":25911414,"PMBC_PIN":25911414,"PMBC_ParcelClass":"SUBDIVISION","PMBC_OwnerType":"PRIVATE","PMBC_LegalDescription":"LOT A DISTRICT LOT 472S SIMILKAMEEN DIVISION YALE DISTRICT PLAN KAP75394","Folio":"71302942286","FullAddress":"125 SMOKER RD ","apt_no":null,"street_no":"125","street_direction_prefix":null,"street_name":"SMOKER RD","street_direction_suffix":null,"postal_code":null,"city":null,"province":"BC","AddressID":"A00000J7AS","TempKey":"277D6ED7-EF2C-4B24-8644-A3734260EC27A00000J7AS","GlobalID":"{3FCAD69D-0748-44FC-AB1B-0E861FECB949}","Shape__Area":0.0000015197863861455004,"Shape__Length":0.005854478871946668}},{"type":"Feature","geometry":{"type":"Polygon","coordinates":[[[-118.541828,49.126086],[-118.54192,49.126083],[-118.541933,49.126403],[-118.541828,49.126403],[-118.541792,49.126403],[-118.541777,49.126087],[-118.541828,49.126086]]]},"properties":{"OBJECTID":23160,"PMBCParcelGUID":"{9E1B5074-C2A6-4001-9734-A373763C3BD3}","PMBC_PID":14184001,"PMBC_PIN":14184001,"PMBC_ParcelClass":"SUBDIVISION","PMBC_OwnerType":"CROWN PROVINCIAL","PMBC_LegalDescription":"LOT 4 BLOCK B DISTRICT LOT 1557 SIMILKAMEEN DIVISION YALE DISTRICT PLAN 79","Folio":"71204850004","FullAddress":"","apt_no":null,"street_no":null,"street_direction_prefix":null,"street_name":null,"street_direction_suffix":null,"postal_code":null,"city":null,"province":"BC","AddressID":"D00000F5R0","TempKey":"9E1B5074-C2A6-4001-9734-A373763C3BD3D00000F5R0","GlobalID":"{7CA0D090-DAD0-4A24-96A3-E0632B67A23C}","Shape__Area":4.516809611000001e-8,"Shape__Length":0.0009207471138257972}},{"type":"Feature","geometry":{"type":"Polygon","coordinates":[[[-118.532926,49.119251],[-118.53305,49.119248],[-118.53305,49.119578],[-118.532924,49.119579],[-118.532926,49.119251]]]},"properties":{"OBJECTID":23161,"PMBCParcelGUID":"{D8BC1998-F870-41DA-9584-A3741E57EA56}","PMBC_PID":12912581,"PMBC_PIN":12912581,"PMBC_ParcelClass":"SUBDIVISION","PMBC_OwnerType":"CROWN PROVINCIAL","PMBC_LegalDescription":"LOT 23 BLOCK 43 DISTRICT LOT 2005 SIMILKAMEEN DIVISION YALE DISTRICT PLAN 79","Folio":"71204850798","FullAddress":"","apt_no":null,"street_no":null,"street_direction_prefix":null,"street_name":null,"street_direction_suffix":null,"postal_code":null,"city":null,"province":"BC","AddressID":"D00000GMBJ","TempKey":"D8BC1998-F870-41DA-9584-A3741E57EA56D00000GMBJ","GlobalID":"{CDE07F2A-B21F-4299-8F5D-A59EECE0FADE}","Shape__Area":4.117720852500001e-8,"Shape__Length":0.0009084426081992663}},{"type":"Feature","geometry":{"type":"Polygon","coordinates":[[[-118.207627,49.019483],[-118.207413,49.019484],[-118.207402,49.019157],[-118.207616,49.019154],[-118.207825,49.019153],[-118.20783,49.019481],[-118.207627,49.019483]]]},"properties":{"OBJECTID":23162,"PMBCParcelGUID":"{B16A4DFE-CF72-4715-8206-A3770FB83E75}","PMBC_PID":26674157,"PMBC_PIN":26674157,"PMBC_ParcelClass":"SUBDIVISION","PMBC_OwnerType":"PRIVATE","PMBC_LegalDescription":"LOT C (LA68012) BLOCK 10 DISTRICT LOT 269 SIMILKAMEEN DIVISION YALE DISTRICT PLAN 8","Folio":"71200191022","FullAddress":"1260 MAIN ST , CHRISTINA LAKE","apt_no":null,"street_no":"1260","street_direction_prefix":null,"street_name":"MAIN ST","street_direction_suffix":null,"postal_code":"V0H 1E0","city":"CHRISTINA LAKE","province":"BC","AddressID":"A00000J2K3","TempKey":"B16A4DFE-CF72-4715-8206-A3770FB83E75A00000J2K3","GlobalID":"{2554B2F8-7FC8-4170-94F0-4B03A2A9330C}","Shape__Area":1.3801249275750005e-7,"Shape__Length":0.0014963819092334535}},{"type":"Feature","geometry":{"type":"Polygon","coordinates":[[[-119.210346,49.102139],[-119.210332,49.102145],[-119.207569,49.103085],[-119.204683,49.099438],[-119.210233,49.097542],[-119.212846,49.100838],[-119.213123,49.101189],[-119.210346,49.102139]]]},"properties":{"OBJECTID":23163,"PMBCParcelGUID":"{184B9C12-5E5E-4430-BCB2-A37952878054}","PMBC_PID":14871068,"PMBC_PIN":14871068,"PMBC_ParcelClass":"SUBDIVISION","PMBC_OwnerType":"CROWN PROVINCIAL","PMBC_LegalDescription":"THE SURFACE OF THAT PART OF DISTRICT LOT 1585 SIMILKAMEEN DIVISION YALE DISTRICT KNOWN AS THE \"GRANITE\" MINERAL CLAIM","Folio":"71304874000","FullAddress":"","apt_no":null,"street_no":null,"street_direction_prefix":null,"street_name":null,"street_direction_suffix":null,"postal_code":null,"city":null,"province":"BC","AddressID":"D00000FRR8","TempKey":"184B9C12-5E5E-4430-BCB2-A37952878054D00000FRR8","GlobalID":"{F3DD1385-9C4C-4166-AFE5-C9E93E86C57E}","Shape__Area":0.000025733810728478006,"Shape__Length":0.02103765895416492}},{"type":"Feature","geometry":{"type":"Polygon","coordinates":[[[-118.451978,49.026815],[-118.45198,49.026541],[-118.452201,49.026541],[-118.452199,49.026815],[-118.451978,49.026815]]]},"properties":{"OBJECTID":23164,"PMBCParcelGUID":"{CE85292E-9EE7-491B-9405-A379735F8704}","PMBC_PID":29107270,"PMBC_PIN":29107270,"PMBC_ParcelClass":"SUBDIVISION","PMBC_OwnerType":"PRIVATE","PMBC_LegalDescription":"LOT 2 DISTRICT LOT 382 SIMILKAMEEN DIVISION YALE DISTRICT PLAN EPP31746","Folio":"21000624177","FullAddress":"1472 DONALDSON DR , GRAND FORKS","apt_no":null,"street_no":"1472","street_direction_prefix":null,"street_name":"DONALDSON DR","street_direction_suffix":null,"postal_code":null,"city":"GRAND FORKS","province":"BC","AddressID":"D00000A7LQ","TempKey":"CE85292E-9EE7-491B-9405-A379735F8704D00000A7LQ","GlobalID":"{7891EEC4-B1DA-4BAF-BE69-B5E474E4C125}","Shape__Area":6.064468572900001e-8,"Shape__Length":0.0009908107150093327}},{"type":"Feature","geometry":{"type":"Polygon","coordinates":[[[-117.787584,49.074523],[-117.788142,49.074335],[-117.788331,49.074579],[-117.787895,49.074921],[-117.787601,49.074545],[-117.787584,49.074523]]]},"properties":{"OBJECTID":23165,"PMBCParcelGUID":"{2AE603E7-956E-40EB-A6F4-A37BCD56DF2F}","PMBC_PID":9415149,"PMBC_PIN":9415149,"PMBC_ParcelClass":"SUBDIVISION","PMBC_OwnerType":"PRIVATE","PMBC_LegalDescription":"LOT A SECTION 35 TOWNSHIP 9A KOOTENAY DISTRICT PLAN 15981","Folio":"22901773100","FullAddress":"2810 CEDAR CRES , ROSSLAND","apt_no":null,"street_no":"2810","street_direction_prefix":null,"street_name":"CEDAR CRES","street_direction_suffix":null,"postal_code":"V0G 1Y0","city":"ROSSLAND","province":"BC","AddressID":"A000018QPU","TempKey":"2AE603E7-956E-40EB-A6F4-A37BCD56DF2FA000018QPU","GlobalID":"{6248BCF2-7A1D-42C0-A37E-839F8865D503}","Shape__Area":2.2587470336850005e-7,"Shape__Length":0.001957184065345194}},{"type":"Feature","geometry":{"type":"Polygon","coordinates":[[[-118.464285,49.034525],[-118.464285,49.034357],[-118.464285,49.034171],[-118.464619,49.03417],[-118.464619,49.034525],[-118.464285,49.034525]]]},"properties":{"OBJECTID":23166,"PMBCParcelGUID":"{08F6C930-0BEC-4EAB-BB6A-A381019D801B}","PMBC_PID":3396363,"PMBC_PIN":3396363,"PMBC_ParcelClass":"SUBDIVISION","PMBC_OwnerType":"PRIVATE","PMBC_LegalDescription":"LOT 1 DISTRICT LOT 520 SIMILKAMEEN DIVISION YALE DISTRICT PLAN 29455","Folio":"21001087070","FullAddress":"1841 78TH AVE , GRAND FORKS","apt_no":null,"street_no":"1841","street_direction_prefix":null,"street_name":"78TH AVE","street_direction_suffix":null,"postal_code":"V0H 1H2","city":"GRAND FORKS","province":"BC","AddressID":"A00000H8CB","TempKey":"08F6C930-0BEC-4EAB-BB6A-A381019D801BA00000H8CB","GlobalID":"{81D7EDA3-7CFE-416C-8B61-C235FBA13516}","Shape__Area":1.1842516985950004e-7,"Shape__Length":0.0013771254716949668}},{"type":"Feature","geometry":{"type":"Polygon","coordinates":[[[-118.224861,49.107525],[-118.224822,49.107546],[-118.224768,49.107573],[-118.224712,49.107603],[-118.224655,49.107633],[-118.224574,49.107629],[-118.224532,49.107625],[-118.224165,49.107343],[-118.22406,49.107255],[-118.22396,49.107164],[-118.223544,49.106745],[-118.22351,49.106705],[-118.223484,49.106663],[-118.223466,49.106619],[-118.223456,49.106574],[-118.223456,49.106529],[-118.223463,49.106484],[-118.22348,49.10644],[-118.223505,49.106397],[-118.223537,49.106357],[-118.223571,49.106325],[-118.223611,49.106296],[-118.223654,49.106269],[-118.223702,49.106246],[-118.223982,49.106126],[-118.225251,49.107289],[-118.225282,49.107318],[-118.225223,49.107347],[-118.225166,49.107374],[-118.225109,49.107401],[-118.22507,49.10742],[-118.225049,49.107431],[-118.224992,49.107459],[-118.224936,49.107488],[-118.22488,49.107516],[-118.224861,49.107525]]]},"properties":{"OBJECTID":23167,"PMBCParcelGUID":"{EC20736E-97F2-4166-9CFB-A383041F4AAA}","PMBC_PID":26838681,"PMBC_PIN":26838681,"PMBC_ParcelClass":"SUBDIVISION","PMBC_OwnerType":"PRIVATE","PMBC_LegalDescription":"LOT 1 DISTRICT LOT 963 SIMILKAMEEN DIVISION YALE DISTRICT PLAN KAP82119","Folio":"71204239200","FullAddress":"KENSINGTON PL , CHRISTINA LAKE","apt_no":null,"street_no":null,"street_direction_prefix":null,"street_name":"KENSINGTON PL","street_direction_suffix":null,"postal_code":null,"city":"CHRISTINA LAKE","province":"BC","AddressID":"D00000245L","TempKey":"EC20736E-97F2-4166-9CFB-A383041F4AAAD00000245L","GlobalID":"{ED7C2E4D-7B75-4119-BE09-CBF5BAD8AAFD}","Shape__Area":0.0000013097733185835004,"Shape__Length":0.004853705352851687}},{"type":"Feature","geometry":{"type":"Polygon","coordinates":[[[-118.448902,49.00398],[-118.448906,49.003809],[-118.449899,49.003807],[-118.449895,49.003978],[-118.448902,49.00398]]]},"properties":{"OBJECTID":23168,"PMBCParcelGUID":"{95DE9737-E9F9-4707-B08D-A384FEBAFB69}","PMBC_PID":5264201,"PMBC_PIN":5264201,"PMBC_ParcelClass":"SUBDIVISION","PMBC_OwnerType":"PRIVATE","PMBC_LegalDescription":"LOT 4 DISTRICT LOT 535 SIMILKAMEEN DIVISION YALE DISTRICT PLAN 26081 EXCEPT PLAN KAP45004","Folio":"71203399040","FullAddress":"5080 ESOULOFF RD , GRAND FORKS","apt_no":null,"street_no":"5080","street_direction_prefix":null,"street_name":"ESOULOFF RD","street_direction_suffix":null,"postal_code":"V0H 1H4","city":"GRAND FORKS","province":"BC","AddressID":"A00000J42P","TempKey":"95DE9737-E9F9-4707-B08D-A384FEBAFB69A00000J42P","GlobalID":"{52921777-E35D-4447-81A8-53F460D74C4C}","Shape__Area":1.6919699190800005e-7,"Shape__Length":0.0023274140352017593}},{"type":"Feature","geometry":{"type":"Polygon","coordinates":[[[-118.460173,49.030396],[-118.460454,49.030396],[-118.460454,49.030396],[-118.461037,49.030396],[-118.461187,49.030572],[-118.461226,49.030619],[-118.461261,49.03066],[-118.461343,49.030757],[-118.460178,49.030758],[-118.460178,49.030758],[-118.460174,49.030758],[-118.460173,49.030396]]]},"properties":{"OBJECTID":23169,"PMBCParcelGUID":"{19791488-5901-428D-93D1-A386788B1D7B}","PMBC_PID":12190772,"PMBC_PIN":12190772,"PMBC_ParcelClass":"SUBDIVISION","PMBC_OwnerType":"PRIVATE","PMBC_LegalDescription":"LOT 6 BLOCK 4 DISTRICT LOT 380 SIMILKAMEEN DIVISION YALE DISTRICT PLAN 586","Folio":"21001241200","FullAddress":"COLUMBIA DR , GRAND FORKS","apt_no":null,"street_no":null,"street_direction_prefix":null,"street_name":"COLUMBIA DR","street_direction_suffix":null,"postal_code":null,"city":"GRAND FORKS","province":"BC","AddressID":"A00000H8PC","TempKey":"19791488-5901-428D-93D1-A386788B1D7BA00000H8PC","GlobalID":"{A7DC52C0-496F-426A-A805-B4DA2697E0EC}","Shape__Area":3.675949569695001e-7,"Shape__Length":0.0028685190392841553}},{"type":"Feature","geometry":{"type":"Polygon","coordinates":[[[-118.999492,49.057863],[-118.999702,49.057798],[-118.999874,49.057899],[-118.999576,49.057986],[-118.999492,49.057863]]]},"properties":{"OBJECTID":23170,"PMBCParcelGUID":"{2AB8C019-D6D5-4E0E-8FCB-A3869A74037D}","PMBC_PID":14724766,"PMBC_PIN":14724766,"PMBC_ParcelClass":"SUBDIVISION","PMBC_OwnerType":"CROWN AGENCY","PMBC_LegalDescription":"THAT PART OF DISTRICT LOT 352 SHOWN RED ON PLAN B784 SIMILKAMEEN DIVISION YALE DISTRICT EXCEPT PLAN 36074","Folio":"71301082000","FullAddress":"","apt_no":null,"street_no":null,"street_direction_prefix":null,"street_name":null,"street_direction_suffix":null,"postal_code":null,"city":null,"province":"BC","AddressID":"D00000GMVP","TempKey":"2AB8C019-D6D5-4E0E-8FCB-A3869A74037DD00000GMVP","GlobalID":"{2F57D6BE-84E5-4221-BEE0-6D1577C9CC62}","Shape__Area":3.830129590200001e-8,"Shape__Length":0.0008792836347372396}},{"type":"Feature","geometry":{"type":"Polygon","coordinates":[[[-117.535646,49.108232],[-117.536024,49.108765],[-117.535384,49.108504],[-117.535646,49.108232]]]},"properties":{"OBJECTID":23171,"PMBCParcelGUID":"{5084142F-D1EB-40F4-8B15-A38C0DA7AA61}","PMBC_PID":9095608,"PMBC_PIN":9095608,"PMBC_ParcelClass":"SUBDIVISION","PMBC_OwnerType":"PRIVATE","PMBC_LegalDescription":"LOT 7 DISTRICT LOT 1236 KOOTENAY DISTRICT PLAN 1919","Folio":"71105366010","FullAddress":"1894 GALLOWAY RD , FRUITVALE","apt_no":null,"street_no":"1894","street_direction_prefix":null,"street_name":"GALLOWAY RD","street_direction_suffix":null,"postal_code":"V0G 1L1","city":"FRUITVALE","province":"BC","AddressID":"A000019MAU","TempKey":"5084142F-D1EB-40F4-8B15-A38C0DA7AA61A000019MAU","GlobalID":"{3F3DCA46-0B32-47D0-AFEC-B31B8AB68FD2}","Shape__Area":1.2125412104250003e-7,"Shape__Length":0.001721982456216404}},{"type":"Feature","geometry":{"type":"Polygon","coordinates":[[[-118.701397,49.041132],[-118.701472,49.04108],[-118.701633,49.041258],[-118.701544,49.041293],[-118.701397,49.041132]]]},"properties":{"OBJECTID":23172,"PMBCParcelGUID":"{C89846ED-DE28-457E-8E06-A38CE603F029}","PMBC_PID":13053981,"PMBC_PIN":13053981,"PMBC_ParcelClass":"SUBDIVISION","PMBC_OwnerType":"CROWN PROVINCIAL","PMBC_LegalDescription":"LOT 10 BLOCK 7 DISTRICT LOT 429 SIMILKAMEEN DIVISION YALE DISTRICT PLAN 19 EXCEPT THAT PART COLOURED RED ON PLAN ATTACHED TO ABSOLUTE FEES PARCELS BOOK VOLUME 3 FOLIO 427 NO. 2974A","Folio":"71302796518","FullAddress":"","apt_no":null,"street_no":null,"street_direction_prefix":null,"street_name":null,"street_direction_suffix":null,"postal_code":null,"city":null,"province":"BC","AddressID":"D00000GTHM","TempKey":"C89846ED-DE28-457E-8E06-A38CE603F029D00000GTHM","GlobalID":"{E0921C6D-CE67-4B44-AF30-3808ACB6E0B7}","Shape__Area":2.0544814741500004e-8,"Shape__Length":0.0006443444182553774}},{"type":"Feature","geometry":{"type":"Polygon","coordinates":[[[-118.535553,49.124545],[-118.535678,49.124543],[-118.535671,49.124873],[-118.535545,49.124873],[-118.535553,49.124545]]]},"properties":{"OBJECTID":23173,"PMBCParcelGUID":"{F3306C47-BA3D-4D59-808C-A38D4B869441}","PMBC_PID":12737097,"PMBC_PIN":12737097,"PMBC_ParcelClass":"SUBDIVISION","PMBC_OwnerType":"CROWN PROVINCIAL","PMBC_LegalDescription":"LOT 15 BLOCK 9 DISTRICT LOT 1557 SIMILKAMEEN DIVISION YALE DISTRICT PLAN 79","Folio":"71204850228","FullAddress":"","apt_no":null,"street_no":null,"street_direction_prefix":null,"street_name":null,"street_direction_suffix":null,"postal_code":null,"city":null,"province":"BC","AddressID":"D00000GTZD","TempKey":"F3306C47-BA3D-4D59-808C-A38D4B869441D00000GTZD","GlobalID":"{FFDDFFC3-0A17-420B-B978-18AC0440C80B}","Shape__Area":4.124071002900001e-8,"Shape__Length":0.0009089096424928835}},{"type":"Feature","geometry":{"type":"Polygon","coordinates":[[[-118.693051,49.082243],[-118.692991,49.082304],[-118.69266,49.08217],[-118.69272,49.082109],[-118.693051,49.082243]]]},"properties":{"OBJECTID":23174,"PMBCParcelGUID":"{1D2A9ADD-6AC5-44A5-86BC-A390D9308180}","PMBC_PID":12343862,"PMBC_PIN":12343862,"PMBC_ParcelClass":"SUBDIVISION","PMBC_OwnerType":"CROWN PROVINCIAL","PMBC_LegalDescription":"LOT 5 BLOCK 53 SECTION 32 TOWNSHIP 70 SIMILKAMEEN DIVISION YALE DISTRICT PLAN 97","Folio":"71308023304","FullAddress":"VIRDEN ST ","apt_no":null,"street_no":null,"street_direction_prefix":null,"street_name":"VIRDEN ST","street_direction_suffix":null,"postal_code":null,"city":null,"province":"BC","AddressID":"A00000JAZZ","TempKey":"1D2A9ADD-6AC5-44A5-86BC-A390D9308180A00000JAZZ","GlobalID":"{9022AC23-1284-4989-A6C3-4A141371EA0B}","Shape__Area":2.8435449595000008e-8,"Shape__Length":0.0008864218805152385}},{"type":"Feature","geometry":{"type":"Polygon","coordinates":[[[-118.538179,49.121238],[-118.538055,49.121239],[-118.538055,49.12091],[-118.538181,49.120908],[-118.538179,49.121238]]]},"properties":{"OBJECTID":23175,"PMBCParcelGUID":"{17B1C531-DD11-40D0-B124-A3924BC6AFA1}","PMBC_PID":12741167,"PMBC_PIN":12741167,"PMBC_ParcelClass":"SUBDIVISION","PMBC_OwnerType":"CROWN PROVINCIAL","PMBC_LegalDescription":"LOT 21 BLOCK 34 DISTRICT LOT 2005 SIMILKAMEEN DIVISION YALE DISTRICT PLAN 79","Folio":"71204850432","FullAddress":"","apt_no":null,"street_no":null,"street_direction_prefix":null,"street_name":null,"street_direction_suffix":null,"postal_code":null,"city":null,"province":"BC","AddressID":"D00000F4L7","TempKey":"17B1C531-DD11-40D0-B124-A3924BC6AFA1D00000F4L7","GlobalID":"{FA58D66F-96D2-4687-9578-EE3E9078B37D}","Shape__Area":4.120171420750001e-8,"Shape__Length":0.0009091409986922702}},{"type":"Feature","geometry":{"type":"Polygon","coordinates":[[[-117.717784,49.114964],[-117.717899,49.114884],[-117.718201,49.11507],[-117.718086,49.11515],[-117.717784,49.114964]]]},"properties":{"OBJECTID":23176,"PMBCParcelGUID":"{B3D6F6A9-D424-4DF6-8594-A395C5EDD45C}","PMBC_PID":11655518,"PMBC_PIN":11655518,"PMBC_ParcelClass":"SUBDIVISION","PMBC_OwnerType":"PRIVATE","PMBC_LegalDescription":"LOT 15 BLOCK 4 DISTRICT LOT 367 KOOTENAY DISTRICT PLAN 2011","Folio":"23202878100","FullAddress":"406 OLIVIA CRES , TRAIL","apt_no":null,"street_no":"406","street_direction_prefix":null,"street_name":"OLIVIA CRES","street_direction_suffix":null,"postal_code":"V1R 1A7","city":"TRAIL","province":"BC","AddressID":"A000018T31","TempKey":"B3D6F6A9-D424-4DF6-8594-A395C5EDD45CA000018T31","GlobalID":"{B0AB1127-7448-4D8B-8214-F4835D5FCA08}","Shape__Area":4.533126155400001e-8,"Shape__Length":0.000988074544641595}},{"type":"Feature","geometry":{"type":"Polygon","coordinates":[[[-117.716589,49.108254],[-117.716624,49.108247],[-117.716935,49.108183],[-117.717186,49.108131],[-117.717249,49.108261],[-117.717081,49.108296],[-117.716782,49.108357],[-117.716651,49.108384],[-117.716589,49.108254]]]},"properties":{"OBJECTID":23177,"PMBCParcelGUID":"{2A4E1584-DEAB-4080-B95A-A3982809A2C8}","PMBC_PID":15652181,"PMBC_PIN":15652181,"PMBC_ParcelClass":"SUBDIVISION","PMBC_OwnerType":"PRIVATE","PMBC_LegalDescription":"LOT 28 DISTRICT LOT 367 KOOTENAY DISTRICT PLAN 1644","Folio":"23204015000","FullAddress":"101 RITCHIE AVE , TRAIL","apt_no":null,"street_no":"101","street_direction_prefix":null,"street_name":"RITCHIE AVE","street_direction_suffix":null,"postal_code":"V1R 1G8","city":"TRAIL","province":"BC","AddressID":"A000018U9Q","TempKey":"2A4E1584-DEAB-4080-B95A-A3982809A2C8A000018U9Q","GlobalID":"{6FBAD871-1B6B-4F28-B7BA-0EE6FE35B9FE}","Shape__Area":8.554947928100003e-8,"Shape__Length":0.001509485382917355}},{"type":"Feature","geometry":{"type":"Polygon","coordinates":[[[-117.709718,49.096999],[-117.709781,49.097053],[-117.709449,49.097219],[-117.709386,49.097164],[-117.709718,49.096999]]]},"properties":{"OBJECTID":23178,"PMBCParcelGUID":"{53410D4A-85BF-4420-8A9E-A39A2622FF5A}","PMBC_PID":16314255,"PMBC_PIN":16314255,"PMBC_ParcelClass":"SUBDIVISION","PMBC_OwnerType":"PRIVATE","PMBC_LegalDescription":"LOT 5 BLOCK 4 DISTRICT LOT 230 KOOTENAY DISTRICT PLAN 465","Folio":"23200053100","FullAddress":"1174 BAY AVE , TRAIL","apt_no":null,"street_no":"1174","street_direction_prefix":null,"street_name":"BAY AVE","street_direction_suffix":null,"postal_code":null,"city":"TRAIL","province":"BC","AddressID":"A000018R1X","TempKey":"53410D4A-85BF-4420-8A9E-A39A2622FF5AA000018R1X","GlobalID":"{2261EE2B-1054-4846-9695-BC59659AA513}","Shape__Area":2.8552362510500007e-8,"Shape__Length":0.0009090817607885031}},{"type":"Feature","geometry":{"type":"Polygon","coordinates":[[[-117.709718,49.096999],[-117.709781,49.097053],[-117.709449,49.097219],[-117.709386,49.097164],[-117.709718,49.096999]]]},"properties":{"OBJECTID":23179,"PMBCParcelGUID":"{53410D4A-85BF-4420-8A9E-A39A2622FF5A}","PMBC_PID":16314255,"PMBC_PIN":16314255,"PMBC_ParcelClass":"SUBDIVISION","PMBC_OwnerType":"PRIVATE","PMBC_LegalDescription":"LOT 5 BLOCK 4 DISTRICT LOT 230 KOOTENAY DISTRICT PLAN 465","Folio":"23200053100","FullAddress":"1150 BAY AVE , TRAIL","apt_no":null,"street_no":"1150","street_direction_prefix":null,"street_name":"BAY AVE","street_direction_suffix":null,"postal_code":"V1R 4A3","city":"TRAIL","province":"BC","AddressID":"A000018R1W","TempKey":"53410D4A-85BF-4420-8A9E-A39A2622FF5AA000018R1W","GlobalID":"{543DDEBD-0ED7-4A7B-B81C-346A9E8141E0}","Shape__Area":2.8552362510500007e-8,"Shape__Length":0.0009090817607885031}},{"type":"Feature","geometry":{"type":"Polygon","coordinates":[[[-117.686989,49.098496],[-117.687318,49.098284],[-117.687509,49.098339],[-117.68718,49.098551],[-117.686989,49.098496]]]},"properties":{"OBJECTID":23180,"PMBCParcelGUID":"{393EB88F-0DEE-4CC0-A736-A39BED688FDD}","PMBC_PID":15649954,"PMBC_PIN":15649954,"PMBC_ParcelClass":"SUBDIVISION","PMBC_OwnerType":"LOCAL GOVERNMENT","PMBC_LegalDescription":"LOT 6 BLOCK 20 DISTRICT LOT 4598 KOOTENAY DISTRICT PLAN 1684","Folio":"23203340000","FullAddress":"SIXTH AVE , TRAIL","apt_no":null,"street_no":null,"street_direction_prefix":null,"street_name":"SIXTH AVE","street_direction_suffix":null,"postal_code":null,"city":"TRAIL","province":"BC","AddressID":"A000018TFH","TempKey":"393EB88F-0DEE-4CC0-A736-A39BED688FDDA000018TFH","GlobalID":"{B600DA90-8B26-4A82-AFD1-18B9F82A38F9}","Shape__Area":5.876591590800002e-8,"Shape__Length":0.0011807579164526917}},{"type":"Feature","geometry":{"type":"Polygon","coordinates":[[[-117.813307,49.101269],[-117.813459,49.101087],[-117.813575,49.100947],[-117.813727,49.10091],[-117.813585,49.100715],[-117.813558,49.100676],[-117.81347,49.100688],[-117.813385,49.100705],[-117.813303,49.100729],[-117.813225,49.100757],[-117.813152,49.100791],[-117.813085,49.100829],[-117.813024,49.100872],[-117.812967,49.10092],[-117.812817,49.101064],[-117.812792,49.101054],[-117.812789,49.101053],[-117.812789,49.101053],[-117.812744,49.101033],[-117.812755,49.101022],[-117.812755,49.101022],[-117.812894,49.100887],[-117.812945,49.100844],[-117.813001,49.100804],[-117.813063,49.100768],[-117.813136,49.10073],[-117.813214,49.100698],[-117.813296,49.10067],[-117.813376,49.100649],[-117.813459,49.100633],[-117.813543,49.100622],[-117.813603,49.100615],[-117.813662,49.100606],[-117.813647,49.100567],[-117.813553,49.100312],[-117.813096,49.10036],[-117.81266,49.100405],[-117.812504,49.100421],[-117.812484,49.100423],[-117.81236,49.100531],[-117.812275,49.100607],[-117.812275,49.100608],[-117.812171,49.100702],[-117.812145,49.100672],[-117.812122,49.100641],[-117.812218,49.100559],[-117.812219,49.100559],[-117.81222,49.100558],[-117.812237,49.100544],[-117.812405,49.100402],[-117.812422,49.1004],[-117.812535,49.100388],[-117.812536,49.100388],[-117.812553,49.100386],[-117.813507,49.100287],[-117.81351,49.100287],[-117.814608,49.100173],[-117.814821,49.100151],[-117.814846,49.100167],[-117.81462,49.10019],[-117.814071,49.100246],[-117.81375,49.100274],[-117.813754,49.100289],[-117.813812,49.100529],[-117.813822,49.10057],[-117.813885,49.100552],[-117.813945,49.10053],[-117.814001,49.100504],[-117.814011,49.100496],[-117.814019,49.100487],[-117.814025,49.100477],[-117.814029,49.100467],[-117.814034,49.100457],[-117.814041,49.100447],[-117.81405,49.100438],[-117.814062,49.100431],[-117.814075,49.100424],[-117.81409,49.10042],[-117.814106,49.100416],[-117.814122,49.100415],[-117.814137,49.100415],[-117.814152,49.100417],[-117.814166,49.10042],[-117.81418,49.100425],[-117.814192,49.100431],[-117.814204,49.100439],[-117.814213,49.100448],[-117.814221,49.100458],[-117.814225,49.100469],[-117.814227,49.10048],[-117.814226,49.100489],[-117.814223,49.100499],[-117.814218,49.100508],[-117.814211,49.100516],[-117.814201,49.100524],[-117.81419,49.100532],[-117.814177,49.100538],[-117.814162,49.100542],[-117.814147,49.100545],[-117.814131,49.100546],[-117.814115,49.100546],[-117.814096,49.100545],[-117.814076,49.100546],[-117.814056,49.10055],[-117.814038,49.100555],[-117.814022,49.100563],[-117.813945,49.100592],[-117.813866,49.100618],[-117.813894,49.100654],[-117.814065,49.10087],[-117.814514,49.100792],[-117.814515,49.100724],[-117.814598,49.100698],[-117.814595,49.100833],[-117.814061,49.100927],[-117.81356,49.10108],[-117.813379,49.101298],[-117.813307,49.101269]]]},"properties":{"OBJECTID":23181,"PMBCParcelGUID":"{D86E01C3-1F9C-4187-839A-A39D1FD32E66}","PMBC_PID":null,"PMBC_PIN":null,"PMBC_ParcelClass":"COMMON OWNERSHIP","PMBC_OwnerType":"UNCLASS","PMBC_LegalDescription":null,"Folio":"22903010102","FullAddress":"106 CEDAR CREEK PL , ROSSLAND","apt_no":null,"street_no":"106","street_direction_prefix":null,"street_name":"CEDAR CREEK PL","street_direction_suffix":null,"postal_code":null,"city":"ROSSLAND","province":"BC","AddressID":"D00000630M","TempKey":"D86E01C3-1F9C-4187-839A-A39D1FD32E66D00000630M","GlobalID":"{ABE59D19-9D1C-4DF8-B4C3-B5D509466B73}","Shape__Area":4.4502669667550013e-7,"Shape__Length":0.012347796909382617}},{"type":"Feature","geometry":{"type":"Polygon","coordinates":[[[-117.813307,49.101269],[-117.813459,49.101087],[-117.813575,49.100947],[-117.813727,49.10091],[-117.813585,49.100715],[-117.813558,49.100676],[-117.81347,49.100688],[-117.813385,49.100705],[-117.813303,49.100729],[-117.813225,49.100757],[-117.813152,49.100791],[-117.813085,49.100829],[-117.813024,49.100872],[-117.812967,49.10092],[-117.812817,49.101064],[-117.812792,49.101054],[-117.812789,49.101053],[-117.812789,49.101053],[-117.812744,49.101033],[-117.812755,49.101022],[-117.812755,49.101022],[-117.812894,49.100887],[-117.812945,49.100844],[-117.813001,49.100804],[-117.813063,49.100768],[-117.813136,49.10073],[-117.813214,49.100698],[-117.813296,49.10067],[-117.813376,49.100649],[-117.813459,49.100633],[-117.813543,49.100622],[-117.813603,49.100615],[-117.813662,49.100606],[-117.813647,49.100567],[-117.813553,49.100312],[-117.813096,49.10036],[-117.81266,49.100405],[-117.812504,49.100421],[-117.812484,49.100423],[-117.81236,49.100531],[-117.812275,49.100607],[-117.812275,49.100608],[-117.812171,49.100702],[-117.812145,49.100672],[-117.812122,49.100641],[-117.812218,49.100559],[-117.812219,49.100559],[-117.81222,49.100558],[-117.812237,49.100544],[-117.812405,49.100402],[-117.812422,49.1004],[-117.812535,49.100388],[-117.812536,49.100388],[-117.812553,49.100386],[-117.813507,49.100287],[-117.81351,49.100287],[-117.814608,49.100173],[-117.814821,49.100151],[-117.814846,49.100167],[-117.81462,49.10019],[-117.814071,49.100246],[-117.81375,49.100274],[-117.813754,49.100289],[-117.813812,49.100529],[-117.813822,49.10057],[-117.813885,49.100552],[-117.813945,49.10053],[-117.814001,49.100504],[-117.814011,49.100496],[-117.814019,49.100487],[-117.814025,49.100477],[-117.814029,49.100467],[-117.814034,49.100457],[-117.814041,49.100447],[-117.81405,49.100438],[-117.814062,49.100431],[-117.814075,49.100424],[-117.81409,49.10042],[-117.814106,49.100416],[-117.814122,49.100415],[-117.814137,49.100415],[-117.814152,49.100417],[-117.814166,49.10042],[-117.81418,49.100425],[-117.814192,49.100431],[-117.814204,49.100439],[-117.814213,49.100448],[-117.814221,49.100458],[-117.814225,49.100469],[-117.814227,49.10048],[-117.814226,49.100489],[-117.814223,49.100499],[-117.814218,49.100508],[-117.814211,49.100516],[-117.814201,49.100524],[-117.81419,49.100532],[-117.814177,49.100538],[-117.814162,49.100542],[-117.814147,49.100545],[-117.814131,49.100546],[-117.814115,49.100546],[-117.814096,49.100545],[-117.814076,49.100546],[-117.814056,49.10055],[-117.814038,49.100555],[-117.814022,49.100563],[-117.813945,49.100592],[-117.813866,49.100618],[-117.813894,49.100654],[-117.814065,49.10087],[-117.814514,49.100792],[-117.814515,49.100724],[-117.814598,49.100698],[-117.814595,49.100833],[-117.814061,49.100927],[-117.81356,49.10108],[-117.813379,49.101298],[-117.813307,49.101269]]]},"properties":{"OBJECTID":23182,"PMBCParcelGUID":"{D86E01C3-1F9C-4187-839A-A39D1FD32E66}","PMBC_PID":null,"PMBC_PIN":null,"PMBC_ParcelClass":"COMMON OWNERSHIP","PMBC_OwnerType":"UNCLASS","PMBC_LegalDescription":null,"Folio":"22903010101","FullAddress":"102 CEDAR CREEK PL , ROSSLAND","apt_no":null,"street_no":"102","street_direction_prefix":null,"street_name":"CEDAR CREEK PL","street_direction_suffix":null,"postal_code":null,"city":"ROSSLAND","province":"BC","AddressID":"D00000630L","TempKey":"D86E01C3-1F9C-4187-839A-A39D1FD32E66D00000630L","GlobalID":"{608D10BC-E3D9-48D7-800F-6768C791BD80}","Shape__Area":4.4502669667550013e-7,"Shape__Length":0.012347796909382617}},{"type":"Feature","geometry":{"type":"Polygon","coordinates":[[[-117.813307,49.101269],[-117.813459,49.101087],[-117.813575,49.100947],[-117.813727,49.10091],[-117.813585,49.100715],[-117.813558,49.100676],[-117.81347,49.100688],[-117.813385,49.100705],[-117.813303,49.100729],[-117.813225,49.100757],[-117.813152,49.100791],[-117.813085,49.100829],[-117.813024,49.100872],[-117.812967,49.10092],[-117.812817,49.101064],[-117.812792,49.101054],[-117.812789,49.101053],[-117.812789,49.101053],[-117.812744,49.101033],[-117.812755,49.101022],[-117.812755,49.101022],[-117.812894,49.100887],[-117.812945,49.100844],[-117.813001,49.100804],[-117.813063,49.100768],[-117.813136,49.10073],[-117.813214,49.100698],[-117.813296,49.10067],[-117.813376,49.100649],[-117.813459,49.100633],[-117.813543,49.100622],[-117.813603,49.100615],[-117.813662,49.100606],[-117.813647,49.100567],[-117.813553,49.100312],[-117.813096,49.10036],[-117.81266,49.100405],[-117.812504,49.100421],[-117.812484,49.100423],[-117.81236,49.100531],[-117.812275,49.100607],[-117.812275,49.100608],[-117.812171,49.100702],[-117.812145,49.100672],[-117.812122,49.100641],[-117.812218,49.100559],[-117.812219,49.100559],[-117.81222,49.100558],[-117.812237,49.100544],[-117.812405,49.100402],[-117.812422,49.1004],[-117.812535,49.100388],[-117.812536,49.100388],[-117.812553,49.100386],[-117.813507,49.100287],[-117.81351,49.100287],[-117.814608,49.100173],[-117.814821,49.100151],[-117.814846,49.100167],[-117.81462,49.10019],[-117.814071,49.100246],[-117.81375,49.100274],[-117.813754,49.100289],[-117.813812,49.100529],[-117.813822,49.10057],[-117.813885,49.100552],[-117.813945,49.10053],[-117.814001,49.100504],[-117.814011,49.100496],[-117.814019,49.100487],[-117.814025,49.100477],[-117.814029,49.100467],[-117.814034,49.100457],[-117.814041,49.100447],[-117.81405,49.100438],[-117.814062,49.100431],[-117.814075,49.100424],[-117.81409,49.10042],[-117.814106,49.100416],[-117.814122,49.100415],[-117.814137,49.100415],[-117.814152,49.100417],[-117.814166,49.10042],[-117.81418,49.100425],[-117.814192,49.100431],[-117.814204,49.100439],[-117.814213,49.100448],[-117.814221,49.100458],[-117.814225,49.100469],[-117.814227,49.10048],[-117.814226,49.100489],[-117.814223,49.100499],[-117.814218,49.100508],[-117.814211,49.100516],[-117.814201,49.100524],[-117.81419,49.100532],[-117.814177,49.100538],[-117.814162,49.100542],[-117.814147,49.100545],[-117.814131,49.100546],[-117.814115,49.100546],[-117.814096,49.100545],[-117.814076,49.100546],[-117.814056,49.10055],[-117.814038,49.100555],[-117.814022,49.100563],[-117.813945,49.100592],[-117.813866,49.100618],[-117.813894,49.100654],[-117.814065,49.10087],[-117.814514,49.100792],[-117.814515,49.100724],[-117.814598,49.100698],[-117.814595,49.100833],[-117.814061,49.100927],[-117.81356,49.10108],[-117.813379,49.101298],[-117.813307,49.101269]]]},"properties":{"OBJECTID":23183,"PMBCParcelGUID":"{D86E01C3-1F9C-4187-839A-A39D1FD32E66}","PMBC_PID":null,"PMBC_PIN":null,"PMBC_ParcelClass":"COMMON OWNERSHIP","PMBC_OwnerType":"UNCLASS","PMBC_LegalDescription":null,"Folio":"22903010105","FullAddress":"118 CEDAR CREEK PL , ROSSLAND","apt_no":null,"street_no":"118","street_direction_prefix":null,"street_name":"CEDAR CREEK PL","street_direction_suffix":null,"postal_code":null,"city":"ROSSLAND","province":"BC","AddressID":"D00000630Q","TempKey":"D86E01C3-1F9C-4187-839A-A39D1FD32E66D00000630Q","GlobalID":"{8C6ABA9D-9D3E-4A71-AF9A-635D53C64A0C}","Shape__Area":4.4502669667550013e-7,"Shape__Length":0.012347796909382617}},{"type":"Feature","geometry":{"type":"Polygon","coordinates":[[[-117.813307,49.101269],[-117.813459,49.101087],[-117.813575,49.100947],[-117.813727,49.10091],[-117.813585,49.100715],[-117.813558,49.100676],[-117.81347,49.100688],[-117.813385,49.100705],[-117.813303,49.100729],[-117.813225,49.100757],[-117.813152,49.100791],[-117.813085,49.100829],[-117.813024,49.100872],[-117.812967,49.10092],[-117.812817,49.101064],[-117.812792,49.101054],[-117.812789,49.101053],[-117.812789,49.101053],[-117.812744,49.101033],[-117.812755,49.101022],[-117.812755,49.101022],[-117.812894,49.100887],[-117.812945,49.100844],[-117.813001,49.100804],[-117.813063,49.100768],[-117.813136,49.10073],[-117.813214,49.100698],[-117.813296,49.10067],[-117.813376,49.100649],[-117.813459,49.100633],[-117.813543,49.100622],[-117.813603,49.100615],[-117.813662,49.100606],[-117.813647,49.100567],[-117.813553,49.100312],[-117.813096,49.10036],[-117.81266,49.100405],[-117.812504,49.100421],[-117.812484,49.100423],[-117.81236,49.100531],[-117.812275,49.100607],[-117.812275,49.100608],[-117.812171,49.100702],[-117.812145,49.100672],[-117.812122,49.100641],[-117.812218,49.100559],[-117.812219,49.100559],[-117.81222,49.100558],[-117.812237,49.100544],[-117.812405,49.100402],[-117.812422,49.1004],[-117.812535,49.100388],[-117.812536,49.100388],[-117.812553,49.100386],[-117.813507,49.100287],[-117.81351,49.100287],[-117.814608,49.100173],[-117.814821,49.100151],[-117.814846,49.100167],[-117.81462,49.10019],[-117.814071,49.100246],[-117.81375,49.100274],[-117.813754,49.100289],[-117.813812,49.100529],[-117.813822,49.10057],[-117.813885,49.100552],[-117.813945,49.10053],[-117.814001,49.100504],[-117.814011,49.100496],[-117.814019,49.100487],[-117.814025,49.100477],[-117.814029,49.100467],[-117.814034,49.100457],[-117.814041,49.100447],[-117.81405,49.100438],[-117.814062,49.100431],[-117.814075,49.100424],[-117.81409,49.10042],[-117.814106,49.100416],[-117.814122,49.100415],[-117.814137,49.100415],[-117.814152,49.100417],[-117.814166,49.10042],[-117.81418,49.100425],[-117.814192,49.100431],[-117.814204,49.100439],[-117.814213,49.100448],[-117.814221,49.100458],[-117.814225,49.100469],[-117.814227,49.10048],[-117.814226,49.100489],[-117.814223,49.100499],[-117.814218,49.100508],[-117.814211,49.100516],[-117.814201,49.100524],[-117.81419,49.100532],[-117.814177,49.100538],[-117.814162,49.100542],[-117.814147,49.100545],[-117.814131,49.100546],[-117.814115,49.100546],[-117.814096,49.100545],[-117.814076,49.100546],[-117.814056,49.10055],[-117.814038,49.100555],[-117.814022,49.100563],[-117.813945,49.100592],[-117.813866,49.100618],[-117.813894,49.100654],[-117.814065,49.10087],[-117.814514,49.100792],[-117.814515,49.100724],[-117.814598,49.100698],[-117.814595,49.100833],[-117.814061,49.100927],[-117.81356,49.10108],[-117.813379,49.101298],[-117.813307,49.101269]]]},"properties":{"OBJECTID":23184,"PMBCParcelGUID":"{D86E01C3-1F9C-4187-839A-A39D1FD32E66}","PMBC_PID":null,"PMBC_PIN":null,"PMBC_ParcelClass":"COMMON OWNERSHIP","PMBC_OwnerType":"UNCLASS","PMBC_LegalDescription":null,"Folio":"22903010103","FullAddress":"110 CEDAR CREEK PL , ROSSLAND","apt_no":null,"street_no":"110","street_direction_prefix":null,"street_name":"CEDAR CREEK PL","street_direction_suffix":null,"postal_code":null,"city":"ROSSLAND","province":"BC","AddressID":"D00000630N","TempKey":"D86E01C3-1F9C-4187-839A-A39D1FD32E66D00000630N","GlobalID":"{CF172D8C-5F5B-4015-B647-8514193DE9BD}","Shape__Area":4.4502669667550013e-7,"Shape__Length":0.012347796909382617}},{"type":"Feature","geometry":{"type":"Polygon","coordinates":[[[-117.813307,49.101269],[-117.813459,49.101087],[-117.813575,49.100947],[-117.813727,49.10091],[-117.813585,49.100715],[-117.813558,49.100676],[-117.81347,49.100688],[-117.813385,49.100705],[-117.813303,49.100729],[-117.813225,49.100757],[-117.813152,49.100791],[-117.813085,49.100829],[-117.813024,49.100872],[-117.812967,49.10092],[-117.812817,49.101064],[-117.812792,49.101054],[-117.812789,49.101053],[-117.812789,49.101053],[-117.812744,49.101033],[-117.812755,49.101022],[-117.812755,49.101022],[-117.812894,49.100887],[-117.812945,49.100844],[-117.813001,49.100804],[-117.813063,49.100768],[-117.813136,49.10073],[-117.813214,49.100698],[-117.813296,49.10067],[-117.813376,49.100649],[-117.813459,49.100633],[-117.813543,49.100622],[-117.813603,49.100615],[-117.813662,49.100606],[-117.813647,49.100567],[-117.813553,49.100312],[-117.813096,49.10036],[-117.81266,49.100405],[-117.812504,49.100421],[-117.812484,49.100423],[-117.81236,49.100531],[-117.812275,49.100607],[-117.812275,49.100608],[-117.812171,49.100702],[-117.812145,49.100672],[-117.812122,49.100641],[-117.812218,49.100559],[-117.812219,49.100559],[-117.81222,49.100558],[-117.812237,49.100544],[-117.812405,49.100402],[-117.812422,49.1004],[-117.812535,49.100388],[-117.812536,49.100388],[-117.812553,49.100386],[-117.813507,49.100287],[-117.81351,49.100287],[-117.814608,49.100173],[-117.814821,49.100151],[-117.814846,49.100167],[-117.81462,49.10019],[-117.814071,49.100246],[-117.81375,49.100274],[-117.813754,49.100289],[-117.813812,49.100529],[-117.813822,49.10057],[-117.813885,49.100552],[-117.813945,49.10053],[-117.814001,49.100504],[-117.814011,49.100496],[-117.814019,49.100487],[-117.814025,49.100477],[-117.814029,49.100467],[-117.814034,49.100457],[-117.814041,49.100447],[-117.81405,49.100438],[-117.814062,49.100431],[-117.814075,49.100424],[-117.81409,49.10042],[-117.814106,49.100416],[-117.814122,49.100415],[-117.814137,49.100415],[-117.814152,49.100417],[-117.814166,49.10042],[-117.81418,49.100425],[-117.814192,49.100431],[-117.814204,49.100439],[-117.814213,49.100448],[-117.814221,49.100458],[-117.814225,49.100469],[-117.814227,49.10048],[-117.814226,49.100489],[-117.814223,49.100499],[-117.814218,49.100508],[-117.814211,49.100516],[-117.814201,49.100524],[-117.81419,49.100532],[-117.814177,49.100538],[-117.814162,49.100542],[-117.814147,49.100545],[-117.814131,49.100546],[-117.814115,49.100546],[-117.814096,49.100545],[-117.814076,49.100546],[-117.814056,49.10055],[-117.814038,49.100555],[-117.814022,49.100563],[-117.813945,49.100592],[-117.813866,49.100618],[-117.813894,49.100654],[-117.814065,49.10087],[-117.814514,49.100792],[-117.814515,49.100724],[-117.814598,49.100698],[-117.814595,49.100833],[-117.814061,49.100927],[-117.81356,49.10108],[-117.813379,49.101298],[-117.813307,49.101269]]]},"properties":{"OBJECTID":23185,"PMBCParcelGUID":"{D86E01C3-1F9C-4187-839A-A39D1FD32E66}","PMBC_PID":null,"PMBC_PIN":null,"PMBC_ParcelClass":"COMMON OWNERSHIP","PMBC_OwnerType":"UNCLASS","PMBC_LegalDescription":null,"Folio":"22903010104","FullAddress":"114 CEDAR CREEK PL , ROSSLAND","apt_no":null,"street_no":"114","street_direction_prefix":null,"street_name":"CEDAR CREEK PL","street_direction_suffix":null,"postal_code":null,"city":"ROSSLAND","province":"BC","AddressID":"D00000630P","TempKey":"D86E01C3-1F9C-4187-839A-A39D1FD32E66D00000630P","GlobalID":"{AC242D6A-B63E-433C-A14A-A401DE54C90A}","Shape__Area":4.4502669667550013e-7,"Shape__Length":0.012347796909382617}},{"type":"Feature","geometry":{"type":"Polygon","coordinates":[[[-117.813307,49.101269],[-117.813459,49.101087],[-117.813575,49.100947],[-117.813727,49.10091],[-117.813585,49.100715],[-117.813558,49.100676],[-117.81347,49.100688],[-117.813385,49.100705],[-117.813303,49.100729],[-117.813225,49.100757],[-117.813152,49.100791],[-117.813085,49.100829],[-117.813024,49.100872],[-117.812967,49.10092],[-117.812817,49.101064],[-117.812792,49.101054],[-117.812789,49.101053],[-117.812789,49.101053],[-117.812744,49.101033],[-117.812755,49.101022],[-117.812755,49.101022],[-117.812894,49.100887],[-117.812945,49.100844],[-117.813001,49.100804],[-117.813063,49.100768],[-117.813136,49.10073],[-117.813214,49.100698],[-117.813296,49.10067],[-117.813376,49.100649],[-117.813459,49.100633],[-117.813543,49.100622],[-117.813603,49.100615],[-117.813662,49.100606],[-117.813647,49.100567],[-117.813553,49.100312],[-117.813096,49.10036],[-117.81266,49.100405],[-117.812504,49.100421],[-117.812484,49.100423],[-117.81236,49.100531],[-117.812275,49.100607],[-117.812275,49.100608],[-117.812171,49.100702],[-117.812145,49.100672],[-117.812122,49.100641],[-117.812218,49.100559],[-117.812219,49.100559],[-117.81222,49.100558],[-117.812237,49.100544],[-117.812405,49.100402],[-117.812422,49.1004],[-117.812535,49.100388],[-117.812536,49.100388],[-117.812553,49.100386],[-117.813507,49.100287],[-117.81351,49.100287],[-117.814608,49.100173],[-117.814821,49.100151],[-117.814846,49.100167],[-117.81462,49.10019],[-117.814071,49.100246],[-117.81375,49.100274],[-117.813754,49.100289],[-117.813812,49.100529],[-117.813822,49.10057],[-117.813885,49.100552],[-117.813945,49.10053],[-117.814001,49.100504],[-117.814011,49.100496],[-117.814019,49.100487],[-117.814025,49.100477],[-117.814029,49.100467],[-117.814034,49.100457],[-117.814041,49.100447],[-117.81405,49.100438],[-117.814062,49.100431],[-117.814075,49.100424],[-117.81409,49.10042],[-117.814106,49.100416],[-117.814122,49.100415],[-117.814137,49.100415],[-117.814152,49.100417],[-117.814166,49.10042],[-117.81418,49.100425],[-117.814192,49.100431],[-117.814204,49.100439],[-117.814213,49.100448],[-117.814221,49.100458],[-117.814225,49.100469],[-117.814227,49.10048],[-117.814226,49.100489],[-117.814223,49.100499],[-117.814218,49.100508],[-117.814211,49.100516],[-117.814201,49.100524],[-117.81419,49.100532],[-117.814177,49.100538],[-117.814162,49.100542],[-117.814147,49.100545],[-117.814131,49.100546],[-117.814115,49.100546],[-117.814096,49.100545],[-117.814076,49.100546],[-117.814056,49.10055],[-117.814038,49.100555],[-117.814022,49.100563],[-117.813945,49.100592],[-117.813866,49.100618],[-117.813894,49.100654],[-117.814065,49.10087],[-117.814514,49.100792],[-117.814515,49.100724],[-117.814598,49.100698],[-117.814595,49.100833],[-117.814061,49.100927],[-117.81356,49.10108],[-117.813379,49.101298],[-117.813307,49.101269]]]},"properties":{"OBJECTID":23186,"PMBCParcelGUID":"{D86E01C3-1F9C-4187-839A-A39D1FD32E66}","PMBC_PID":null,"PMBC_PIN":null,"PMBC_ParcelClass":"COMMON OWNERSHIP","PMBC_OwnerType":"UNCLASS","PMBC_LegalDescription":null,"Folio":"22903010106","FullAddress":"122 CEDAR CREEK PL , ROSSLAND","apt_no":null,"street_no":"122","street_direction_prefix":null,"street_name":"CEDAR CREEK PL","street_direction_suffix":null,"postal_code":null,"city":"ROSSLAND","province":"BC","AddressID":"D00000630R","TempKey":"D86E01C3-1F9C-4187-839A-A39D1FD32E66D00000630R","GlobalID":"{B3F35189-44A9-456B-9B85-F110421170BE}","Shape__Area":4.4502669667550013e-7,"Shape__Length":0.012347796909382617}},{"type":"Feature","geometry":{"type":"Polygon","coordinates":[[[-117.813307,49.101269],[-117.813459,49.101087],[-117.813575,49.100947],[-117.813727,49.10091],[-117.813585,49.100715],[-117.813558,49.100676],[-117.81347,49.100688],[-117.813385,49.100705],[-117.813303,49.100729],[-117.813225,49.100757],[-117.813152,49.100791],[-117.813085,49.100829],[-117.813024,49.100872],[-117.812967,49.10092],[-117.812817,49.101064],[-117.812792,49.101054],[-117.812789,49.101053],[-117.812789,49.101053],[-117.812744,49.101033],[-117.812755,49.101022],[-117.812755,49.101022],[-117.812894,49.100887],[-117.812945,49.100844],[-117.813001,49.100804],[-117.813063,49.100768],[-117.813136,49.10073],[-117.813214,49.100698],[-117.813296,49.10067],[-117.813376,49.100649],[-117.813459,49.100633],[-117.813543,49.100622],[-117.813603,49.100615],[-117.813662,49.100606],[-117.813647,49.100567],[-117.813553,49.100312],[-117.813096,49.10036],[-117.81266,49.100405],[-117.812504,49.100421],[-117.812484,49.100423],[-117.81236,49.100531],[-117.812275,49.100607],[-117.812275,49.100608],[-117.812171,49.100702],[-117.812145,49.100672],[-117.812122,49.100641],[-117.812218,49.100559],[-117.812219,49.100559],[-117.81222,49.100558],[-117.812237,49.100544],[-117.812405,49.100402],[-117.812422,49.1004],[-117.812535,49.100388],[-117.812536,49.100388],[-117.812553,49.100386],[-117.813507,49.100287],[-117.81351,49.100287],[-117.814608,49.100173],[-117.814821,49.100151],[-117.814846,49.100167],[-117.81462,49.10019],[-117.814071,49.100246],[-117.81375,49.100274],[-117.813754,49.100289],[-117.813812,49.100529],[-117.813822,49.10057],[-117.813885,49.100552],[-117.813945,49.10053],[-117.814001,49.100504],[-117.814011,49.100496],[-117.814019,49.100487],[-117.814025,49.100477],[-117.814029,49.100467],[-117.814034,49.100457],[-117.814041,49.100447],[-117.81405,49.100438],[-117.814062,49.100431],[-117.814075,49.100424],[-117.81409,49.10042],[-117.814106,49.100416],[-117.814122,49.100415],[-117.814137,49.100415],[-117.814152,49.100417],[-117.814166,49.10042],[-117.81418,49.100425],[-117.814192,49.100431],[-117.814204,49.100439],[-117.814213,49.100448],[-117.814221,49.100458],[-117.814225,49.100469],[-117.814227,49.10048],[-117.814226,49.100489],[-117.814223,49.100499],[-117.814218,49.100508],[-117.814211,49.100516],[-117.814201,49.100524],[-117.81419,49.100532],[-117.814177,49.100538],[-117.814162,49.100542],[-117.814147,49.100545],[-117.814131,49.100546],[-117.814115,49.100546],[-117.814096,49.100545],[-117.814076,49.100546],[-117.814056,49.10055],[-117.814038,49.100555],[-117.814022,49.100563],[-117.813945,49.100592],[-117.813866,49.100618],[-117.813894,49.100654],[-117.814065,49.10087],[-117.814514,49.100792],[-117.814515,49.100724],[-117.814598,49.100698],[-117.814595,49.100833],[-117.814061,49.100927],[-117.81356,49.10108],[-117.813379,49.101298],[-117.813307,49.101269]]]},"properties":{"OBJECTID":23187,"PMBCParcelGUID":"{D86E01C3-1F9C-4187-839A-A39D1FD32E66}","PMBC_PID":null,"PMBC_PIN":null,"PMBC_ParcelClass":"COMMON OWNERSHIP","PMBC_OwnerType":"UNCLASS","PMBC_LegalDescription":null,"Folio":"22903010107","FullAddress":"126 CEDAR CREEK PL , ROSSLAND","apt_no":null,"street_no":"126","street_direction_prefix":null,"street_name":"CEDAR CREEK PL","street_direction_suffix":null,"postal_code":"V0G 1Y0","city":"ROSSLAND","province":"BC","AddressID":"D00000630S","TempKey":"D86E01C3-1F9C-4187-839A-A39D1FD32E66D00000630S","GlobalID":"{1FF2DEB2-4BCB-4CD1-BA18-AC5A6DAB75FE}","Shape__Area":4.4502669667550013e-7,"Shape__Length":0.012347796909382617}},{"type":"Feature","geometry":{"type":"Polygon","coordinates":[[[-117.813307,49.101269],[-117.813459,49.101087],[-117.813575,49.100947],[-117.813727,49.10091],[-117.813585,49.100715],[-117.813558,49.100676],[-117.81347,49.100688],[-117.813385,49.100705],[-117.813303,49.100729],[-117.813225,49.100757],[-117.813152,49.100791],[-117.813085,49.100829],[-117.813024,49.100872],[-117.812967,49.10092],[-117.812817,49.101064],[-117.812792,49.101054],[-117.812789,49.101053],[-117.812789,49.101053],[-117.812744,49.101033],[-117.812755,49.101022],[-117.812755,49.101022],[-117.812894,49.100887],[-117.812945,49.100844],[-117.813001,49.100804],[-117.813063,49.100768],[-117.813136,49.10073],[-117.813214,49.100698],[-117.813296,49.10067],[-117.813376,49.100649],[-117.813459,49.100633],[-117.813543,49.100622],[-117.813603,49.100615],[-117.813662,49.100606],[-117.813647,49.100567],[-117.813553,49.100312],[-117.813096,49.10036],[-117.81266,49.100405],[-117.812504,49.100421],[-117.812484,49.100423],[-117.81236,49.100531],[-117.812275,49.100607],[-117.812275,49.100608],[-117.812171,49.100702],[-117.812145,49.100672],[-117.812122,49.100641],[-117.812218,49.100559],[-117.812219,49.100559],[-117.81222,49.100558],[-117.812237,49.100544],[-117.812405,49.100402],[-117.812422,49.1004],[-117.812535,49.100388],[-117.812536,49.100388],[-117.812553,49.100386],[-117.813507,49.100287],[-117.81351,49.100287],[-117.814608,49.100173],[-117.814821,49.100151],[-117.814846,49.100167],[-117.81462,49.10019],[-117.814071,49.100246],[-117.81375,49.100274],[-117.813754,49.100289],[-117.813812,49.100529],[-117.813822,49.10057],[-117.813885,49.100552],[-117.813945,49.10053],[-117.814001,49.100504],[-117.814011,49.100496],[-117.814019,49.100487],[-117.814025,49.100477],[-117.814029,49.100467],[-117.814034,49.100457],[-117.814041,49.100447],[-117.81405,49.100438],[-117.814062,49.100431],[-117.814075,49.100424],[-117.81409,49.10042],[-117.814106,49.100416],[-117.814122,49.100415],[-117.814137,49.100415],[-117.814152,49.100417],[-117.814166,49.10042],[-117.81418,49.100425],[-117.814192,49.100431],[-117.814204,49.100439],[-117.814213,49.100448],[-117.814221,49.100458],[-117.814225,49.100469],[-117.814227,49.10048],[-117.814226,49.100489],[-117.814223,49.100499],[-117.814218,49.100508],[-117.814211,49.100516],[-117.814201,49.100524],[-117.81419,49.100532],[-117.814177,49.100538],[-117.814162,49.100542],[-117.814147,49.100545],[-117.814131,49.100546],[-117.814115,49.100546],[-117.814096,49.100545],[-117.814076,49.100546],[-117.814056,49.10055],[-117.814038,49.100555],[-117.814022,49.100563],[-117.813945,49.100592],[-117.813866,49.100618],[-117.813894,49.100654],[-117.814065,49.10087],[-117.814514,49.100792],[-117.814515,49.100724],[-117.814598,49.100698],[-117.814595,49.100833],[-117.814061,49.100927],[-117.81356,49.10108],[-117.813379,49.101298],[-117.813307,49.101269]]]},"properties":{"OBJECTID":23188,"PMBCParcelGUID":"{D86E01C3-1F9C-4187-839A-A39D1FD32E66}","PMBC_PID":null,"PMBC_PIN":null,"PMBC_ParcelClass":"COMMON OWNERSHIP","PMBC_OwnerType":"UNCLASS","PMBC_LegalDescription":null,"Folio":"22903010108","FullAddress":"202 CEDAR CREEK PL , ROSSLAND","apt_no":null,"street_no":"202","street_direction_prefix":null,"street_name":"CEDAR CREEK PL","street_direction_suffix":null,"postal_code":null,"city":"ROSSLAND","province":"BC","AddressID":"D00000630T","TempKey":"D86E01C3-1F9C-4187-839A-A39D1FD32E66D00000630T","GlobalID":"{C5131FAB-8F57-4C10-A123-BB182E1DC13E}","Shape__Area":4.4502669667550013e-7,"Shape__Length":0.012347796909382617}},{"type":"Feature","geometry":{"type":"Polygon","coordinates":[[[-117.813307,49.101269],[-117.813459,49.101087],[-117.813575,49.100947],[-117.813727,49.10091],[-117.813585,49.100715],[-117.813558,49.100676],[-117.81347,49.100688],[-117.813385,49.100705],[-117.813303,49.100729],[-117.813225,49.100757],[-117.813152,49.100791],[-117.813085,49.100829],[-117.813024,49.100872],[-117.812967,49.10092],[-117.812817,49.101064],[-117.812792,49.101054],[-117.812789,49.101053],[-117.812789,49.101053],[-117.812744,49.101033],[-117.812755,49.101022],[-117.812755,49.101022],[-117.812894,49.100887],[-117.812945,49.100844],[-117.813001,49.100804],[-117.813063,49.100768],[-117.813136,49.10073],[-117.813214,49.100698],[-117.813296,49.10067],[-117.813376,49.100649],[-117.813459,49.100633],[-117.813543,49.100622],[-117.813603,49.100615],[-117.813662,49.100606],[-117.813647,49.100567],[-117.813553,49.100312],[-117.813096,49.10036],[-117.81266,49.100405],[-117.812504,49.100421],[-117.812484,49.100423],[-117.81236,49.100531],[-117.812275,49.100607],[-117.812275,49.100608],[-117.812171,49.100702],[-117.812145,49.100672],[-117.812122,49.100641],[-117.812218,49.100559],[-117.812219,49.100559],[-117.81222,49.100558],[-117.812237,49.100544],[-117.812405,49.100402],[-117.812422,49.1004],[-117.812535,49.100388],[-117.812536,49.100388],[-117.812553,49.100386],[-117.813507,49.100287],[-117.81351,49.100287],[-117.814608,49.100173],[-117.814821,49.100151],[-117.814846,49.100167],[-117.81462,49.10019],[-117.814071,49.100246],[-117.81375,49.100274],[-117.813754,49.100289],[-117.813812,49.100529],[-117.813822,49.10057],[-117.813885,49.100552],[-117.813945,49.10053],[-117.814001,49.100504],[-117.814011,49.100496],[-117.814019,49.100487],[-117.814025,49.100477],[-117.814029,49.100467],[-117.814034,49.100457],[-117.814041,49.100447],[-117.81405,49.100438],[-117.814062,49.100431],[-117.814075,49.100424],[-117.81409,49.10042],[-117.814106,49.100416],[-117.814122,49.100415],[-117.814137,49.100415],[-117.814152,49.100417],[-117.814166,49.10042],[-117.81418,49.100425],[-117.814192,49.100431],[-117.814204,49.100439],[-117.814213,49.100448],[-117.814221,49.100458],[-117.814225,49.100469],[-117.814227,49.10048],[-117.814226,49.100489],[-117.814223,49.100499],[-117.814218,49.100508],[-117.814211,49.100516],[-117.814201,49.100524],[-117.81419,49.100532],[-117.814177,49.100538],[-117.814162,49.100542],[-117.814147,49.100545],[-117.814131,49.100546],[-117.814115,49.100546],[-117.814096,49.100545],[-117.814076,49.100546],[-117.814056,49.10055],[-117.814038,49.100555],[-117.814022,49.100563],[-117.813945,49.100592],[-117.813866,49.100618],[-117.813894,49.100654],[-117.814065,49.10087],[-117.814514,49.100792],[-117.814515,49.100724],[-117.814598,49.100698],[-117.814595,49.100833],[-117.814061,49.100927],[-117.81356,49.10108],[-117.813379,49.101298],[-117.813307,49.101269]]]},"properties":{"OBJECTID":23189,"PMBCParcelGUID":"{D86E01C3-1F9C-4187-839A-A39D1FD32E66}","PMBC_PID":null,"PMBC_PIN":null,"PMBC_ParcelClass":"COMMON OWNERSHIP","PMBC_OwnerType":"UNCLASS","PMBC_LegalDescription":null,"Folio":"22903010115","FullAddress":"223 CEDAR CREEK PL , ROSSLAND","apt_no":null,"street_no":"223","street_direction_prefix":null,"street_name":"CEDAR CREEK PL","street_direction_suffix":null,"postal_code":null,"city":"ROSSLAND","province":"BC","AddressID":"D000006310","TempKey":"D86E01C3-1F9C-4187-839A-A39D1FD32E66D000006310","GlobalID":"{838FD6CC-B625-4C91-8EA7-983B5D0CCF2A}","Shape__Area":4.4502669667550013e-7,"Shape__Length":0.012347796909382617}},{"type":"Feature","geometry":{"type":"Polygon","coordinates":[[[-117.813307,49.101269],[-117.813459,49.101087],[-117.813575,49.100947],[-117.813727,49.10091],[-117.813585,49.100715],[-117.813558,49.100676],[-117.81347,49.100688],[-117.813385,49.100705],[-117.813303,49.100729],[-117.813225,49.100757],[-117.813152,49.100791],[-117.813085,49.100829],[-117.813024,49.100872],[-117.812967,49.10092],[-117.812817,49.101064],[-117.812792,49.101054],[-117.812789,49.101053],[-117.812789,49.101053],[-117.812744,49.101033],[-117.812755,49.101022],[-117.812755,49.101022],[-117.812894,49.100887],[-117.812945,49.100844],[-117.813001,49.100804],[-117.813063,49.100768],[-117.813136,49.10073],[-117.813214,49.100698],[-117.813296,49.10067],[-117.813376,49.100649],[-117.813459,49.100633],[-117.813543,49.100622],[-117.813603,49.100615],[-117.813662,49.100606],[-117.813647,49.100567],[-117.813553,49.100312],[-117.813096,49.10036],[-117.81266,49.100405],[-117.812504,49.100421],[-117.812484,49.100423],[-117.81236,49.100531],[-117.812275,49.100607],[-117.812275,49.100608],[-117.812171,49.100702],[-117.812145,49.100672],[-117.812122,49.100641],[-117.812218,49.100559],[-117.812219,49.100559],[-117.81222,49.100558],[-117.812237,49.100544],[-117.812405,49.100402],[-117.812422,49.1004],[-117.812535,49.100388],[-117.812536,49.100388],[-117.812553,49.100386],[-117.813507,49.100287],[-117.81351,49.100287],[-117.814608,49.100173],[-117.814821,49.100151],[-117.814846,49.100167],[-117.81462,49.10019],[-117.814071,49.100246],[-117.81375,49.100274],[-117.813754,49.100289],[-117.813812,49.100529],[-117.813822,49.10057],[-117.813885,49.100552],[-117.813945,49.10053],[-117.814001,49.100504],[-117.814011,49.100496],[-117.814019,49.100487],[-117.814025,49.100477],[-117.814029,49.100467],[-117.814034,49.100457],[-117.814041,49.100447],[-117.81405,49.100438],[-117.814062,49.100431],[-117.814075,49.100424],[-117.81409,49.10042],[-117.814106,49.100416],[-117.814122,49.100415],[-117.814137,49.100415],[-117.814152,49.100417],[-117.814166,49.10042],[-117.81418,49.100425],[-117.814192,49.100431],[-117.814204,49.100439],[-117.814213,49.100448],[-117.814221,49.100458],[-117.814225,49.100469],[-117.814227,49.10048],[-117.814226,49.100489],[-117.814223,49.100499],[-117.814218,49.100508],[-117.814211,49.100516],[-117.814201,49.100524],[-117.81419,49.100532],[-117.814177,49.100538],[-117.814162,49.100542],[-117.814147,49.100545],[-117.814131,49.100546],[-117.814115,49.100546],[-117.814096,49.100545],[-117.814076,49.100546],[-117.814056,49.10055],[-117.814038,49.100555],[-117.814022,49.100563],[-117.813945,49.100592],[-117.813866,49.100618],[-117.813894,49.100654],[-117.814065,49.10087],[-117.814514,49.100792],[-117.814515,49.100724],[-117.814598,49.100698],[-117.814595,49.100833],[-117.814061,49.100927],[-117.81356,49.10108],[-117.813379,49.101298],[-117.813307,49.101269]]]},"properties":{"OBJECTID":23190,"PMBCParcelGUID":"{D86E01C3-1F9C-4187-839A-A39D1FD32E66}","PMBC_PID":null,"PMBC_PIN":null,"PMBC_ParcelClass":"COMMON OWNERSHIP","PMBC_OwnerType":"UNCLASS","PMBC_LegalDescription":null,"Folio":"22903010112","FullAddress":"218 CEDAR CREEK PL , ROSSLAND","apt_no":null,"street_no":"218","street_direction_prefix":null,"street_name":"CEDAR CREEK PL","street_direction_suffix":null,"postal_code":null,"city":"ROSSLAND","province":"BC","AddressID":"D00000630X","TempKey":"D86E01C3-1F9C-4187-839A-A39D1FD32E66D00000630X","GlobalID":"{AF9FCD5E-801F-4F3A-9DB5-1556A7A94095}","Shape__Area":4.4502669667550013e-7,"Shape__Length":0.012347796909382617}},{"type":"Feature","geometry":{"type":"Polygon","coordinates":[[[-117.813307,49.101269],[-117.813459,49.101087],[-117.813575,49.100947],[-117.813727,49.10091],[-117.813585,49.100715],[-117.813558,49.100676],[-117.81347,49.100688],[-117.813385,49.100705],[-117.813303,49.100729],[-117.813225,49.100757],[-117.813152,49.100791],[-117.813085,49.100829],[-117.813024,49.100872],[-117.812967,49.10092],[-117.812817,49.101064],[-117.812792,49.101054],[-117.812789,49.101053],[-117.812789,49.101053],[-117.812744,49.101033],[-117.812755,49.101022],[-117.812755,49.101022],[-117.812894,49.100887],[-117.812945,49.100844],[-117.813001,49.100804],[-117.813063,49.100768],[-117.813136,49.10073],[-117.813214,49.100698],[-117.813296,49.10067],[-117.813376,49.100649],[-117.813459,49.100633],[-117.813543,49.100622],[-117.813603,49.100615],[-117.813662,49.100606],[-117.813647,49.100567],[-117.813553,49.100312],[-117.813096,49.10036],[-117.81266,49.100405],[-117.812504,49.100421],[-117.812484,49.100423],[-117.81236,49.100531],[-117.812275,49.100607],[-117.812275,49.100608],[-117.812171,49.100702],[-117.812145,49.100672],[-117.812122,49.100641],[-117.812218,49.100559],[-117.812219,49.100559],[-117.81222,49.100558],[-117.812237,49.100544],[-117.812405,49.100402],[-117.812422,49.1004],[-117.812535,49.100388],[-117.812536,49.100388],[-117.812553,49.100386],[-117.813507,49.100287],[-117.81351,49.100287],[-117.814608,49.100173],[-117.814821,49.100151],[-117.814846,49.100167],[-117.81462,49.10019],[-117.814071,49.100246],[-117.81375,49.100274],[-117.813754,49.100289],[-117.813812,49.100529],[-117.813822,49.10057],[-117.813885,49.100552],[-117.813945,49.10053],[-117.814001,49.100504],[-117.814011,49.100496],[-117.814019,49.100487],[-117.814025,49.100477],[-117.814029,49.100467],[-117.814034,49.100457],[-117.814041,49.100447],[-117.81405,49.100438],[-117.814062,49.100431],[-117.814075,49.100424],[-117.81409,49.10042],[-117.814106,49.100416],[-117.814122,49.100415],[-117.814137,49.100415],[-117.814152,49.100417],[-117.814166,49.10042],[-117.81418,49.100425],[-117.814192,49.100431],[-117.814204,49.100439],[-117.814213,49.100448],[-117.814221,49.100458],[-117.814225,49.100469],[-117.814227,49.10048],[-117.814226,49.100489],[-117.814223,49.100499],[-117.814218,49.100508],[-117.814211,49.100516],[-117.814201,49.100524],[-117.81419,49.100532],[-117.814177,49.100538],[-117.814162,49.100542],[-117.814147,49.100545],[-117.814131,49.100546],[-117.814115,49.100546],[-117.814096,49.100545],[-117.814076,49.100546],[-117.814056,49.10055],[-117.814038,49.100555],[-117.814022,49.100563],[-117.813945,49.100592],[-117.813866,49.100618],[-117.813894,49.100654],[-117.814065,49.10087],[-117.814514,49.100792],[-117.814515,49.100724],[-117.814598,49.100698],[-117.814595,49.100833],[-117.814061,49.100927],[-117.81356,49.10108],[-117.813379,49.101298],[-117.813307,49.101269]]]},"properties":{"OBJECTID":23191,"PMBCParcelGUID":"{D86E01C3-1F9C-4187-839A-A39D1FD32E66}","PMBC_PID":null,"PMBC_PIN":null,"PMBC_ParcelClass":"COMMON OWNERSHIP","PMBC_OwnerType":"UNCLASS","PMBC_LegalDescription":null,"Folio":"22903010113","FullAddress":"222 CEDAR CREEK PL , ROSSLAND","apt_no":null,"street_no":"222","street_direction_prefix":null,"street_name":"CEDAR CREEK PL","street_direction_suffix":null,"postal_code":null,"city":"ROSSLAND","province":"BC","AddressID":"D00000630Y","TempKey":"D86E01C3-1F9C-4187-839A-A39D1FD32E66D00000630Y","GlobalID":"{F4D3FDEC-5CCC-4B6D-8DBD-21EE6227924E}","Shape__Area":4.4502669667550013e-7,"Shape__Length":0.012347796909382617}},{"type":"Feature","geometry":{"type":"Polygon","coordinates":[[[-117.813307,49.101269],[-117.813459,49.101087],[-117.813575,49.100947],[-117.813727,49.10091],[-117.813585,49.100715],[-117.813558,49.100676],[-117.81347,49.100688],[-117.813385,49.100705],[-117.813303,49.100729],[-117.813225,49.100757],[-117.813152,49.100791],[-117.813085,49.100829],[-117.813024,49.100872],[-117.812967,49.10092],[-117.812817,49.101064],[-117.812792,49.101054],[-117.812789,49.101053],[-117.812789,49.101053],[-117.812744,49.101033],[-117.812755,49.101022],[-117.812755,49.101022],[-117.812894,49.100887],[-117.812945,49.100844],[-117.813001,49.100804],[-117.813063,49.100768],[-117.813136,49.10073],[-117.813214,49.100698],[-117.813296,49.10067],[-117.813376,49.100649],[-117.813459,49.100633],[-117.813543,49.100622],[-117.813603,49.100615],[-117.813662,49.100606],[-117.813647,49.100567],[-117.813553,49.100312],[-117.813096,49.10036],[-117.81266,49.100405],[-117.812504,49.100421],[-117.812484,49.100423],[-117.81236,49.100531],[-117.812275,49.100607],[-117.812275,49.100608],[-117.812171,49.100702],[-117.812145,49.100672],[-117.812122,49.100641],[-117.812218,49.100559],[-117.812219,49.100559],[-117.81222,49.100558],[-117.812237,49.100544],[-117.812405,49.100402],[-117.812422,49.1004],[-117.812535,49.100388],[-117.812536,49.100388],[-117.812553,49.100386],[-117.813507,49.100287],[-117.81351,49.100287],[-117.814608,49.100173],[-117.814821,49.100151],[-117.814846,49.100167],[-117.81462,49.10019],[-117.814071,49.100246],[-117.81375,49.100274],[-117.813754,49.100289],[-117.813812,49.100529],[-117.813822,49.10057],[-117.813885,49.100552],[-117.813945,49.10053],[-117.814001,49.100504],[-117.814011,49.100496],[-117.814019,49.100487],[-117.814025,49.100477],[-117.814029,49.100467],[-117.814034,49.100457],[-117.814041,49.100447],[-117.81405,49.100438],[-117.814062,49.100431],[-117.814075,49.100424],[-117.81409,49.10042],[-117.814106,49.100416],[-117.814122,49.100415],[-117.814137,49.100415],[-117.814152,49.100417],[-117.814166,49.10042],[-117.81418,49.100425],[-117.814192,49.100431],[-117.814204,49.100439],[-117.814213,49.100448],[-117.814221,49.100458],[-117.814225,49.100469],[-117.814227,49.10048],[-117.814226,49.100489],[-117.814223,49.100499],[-117.814218,49.100508],[-117.814211,49.100516],[-117.814201,49.100524],[-117.81419,49.100532],[-117.814177,49.100538],[-117.814162,49.100542],[-117.814147,49.100545],[-117.814131,49.100546],[-117.814115,49.100546],[-117.814096,49.100545],[-117.814076,49.100546],[-117.814056,49.10055],[-117.814038,49.100555],[-117.814022,49.100563],[-117.813945,49.100592],[-117.813866,49.100618],[-117.813894,49.100654],[-117.814065,49.10087],[-117.814514,49.100792],[-117.814515,49.100724],[-117.814598,49.100698],[-117.814595,49.100833],[-117.814061,49.100927],[-117.81356,49.10108],[-117.813379,49.101298],[-117.813307,49.101269]]]},"properties":{"OBJECTID":23192,"PMBCParcelGUID":"{D86E01C3-1F9C-4187-839A-A39D1FD32E66}","PMBC_PID":null,"PMBC_PIN":null,"PMBC_ParcelClass":"COMMON OWNERSHIP","PMBC_OwnerType":"UNCLASS","PMBC_LegalDescription":null,"Folio":"22903010114","FullAddress":"227 CEDAR CREEK PL , ROSSLAND","apt_no":null,"street_no":"227","street_direction_prefix":null,"street_name":"CEDAR CREEK PL","street_direction_suffix":null,"postal_code":null,"city":"ROSSLAND","province":"BC","AddressID":"D00000630Z","TempKey":"D86E01C3-1F9C-4187-839A-A39D1FD32E66D00000630Z","GlobalID":"{5E557E91-2C8F-40CA-A218-7A7C192EE986}","Shape__Area":4.4502669667550013e-7,"Shape__Length":0.012347796909382617}},{"type":"Feature","geometry":{"type":"Polygon","coordinates":[[[-117.813307,49.101269],[-117.813459,49.101087],[-117.813575,49.100947],[-117.813727,49.10091],[-117.813585,49.100715],[-117.813558,49.100676],[-117.81347,49.100688],[-117.813385,49.100705],[-117.813303,49.100729],[-117.813225,49.100757],[-117.813152,49.100791],[-117.813085,49.100829],[-117.813024,49.100872],[-117.812967,49.10092],[-117.812817,49.101064],[-117.812792,49.101054],[-117.812789,49.101053],[-117.812789,49.101053],[-117.812744,49.101033],[-117.812755,49.101022],[-117.812755,49.101022],[-117.812894,49.100887],[-117.812945,49.100844],[-117.813001,49.100804],[-117.813063,49.100768],[-117.813136,49.10073],[-117.813214,49.100698],[-117.813296,49.10067],[-117.813376,49.100649],[-117.813459,49.100633],[-117.813543,49.100622],[-117.813603,49.100615],[-117.813662,49.100606],[-117.813647,49.100567],[-117.813553,49.100312],[-117.813096,49.10036],[-117.81266,49.100405],[-117.812504,49.100421],[-117.812484,49.100423],[-117.81236,49.100531],[-117.812275,49.100607],[-117.812275,49.100608],[-117.812171,49.100702],[-117.812145,49.100672],[-117.812122,49.100641],[-117.812218,49.100559],[-117.812219,49.100559],[-117.81222,49.100558],[-117.812237,49.100544],[-117.812405,49.100402],[-117.812422,49.1004],[-117.812535,49.100388],[-117.812536,49.100388],[-117.812553,49.100386],[-117.813507,49.100287],[-117.81351,49.100287],[-117.814608,49.100173],[-117.814821,49.100151],[-117.814846,49.100167],[-117.81462,49.10019],[-117.814071,49.100246],[-117.81375,49.100274],[-117.813754,49.100289],[-117.813812,49.100529],[-117.813822,49.10057],[-117.813885,49.100552],[-117.813945,49.10053],[-117.814001,49.100504],[-117.814011,49.100496],[-117.814019,49.100487],[-117.814025,49.100477],[-117.814029,49.100467],[-117.814034,49.100457],[-117.814041,49.100447],[-117.81405,49.100438],[-117.814062,49.100431],[-117.814075,49.100424],[-117.81409,49.10042],[-117.814106,49.100416],[-117.814122,49.100415],[-117.814137,49.100415],[-117.814152,49.100417],[-117.814166,49.10042],[-117.81418,49.100425],[-117.814192,49.100431],[-117.814204,49.100439],[-117.814213,49.100448],[-117.814221,49.100458],[-117.814225,49.100469],[-117.814227,49.10048],[-117.814226,49.100489],[-117.814223,49.100499],[-117.814218,49.100508],[-117.814211,49.100516],[-117.814201,49.100524],[-117.81419,49.100532],[-117.814177,49.100538],[-117.814162,49.100542],[-117.814147,49.100545],[-117.814131,49.100546],[-117.814115,49.100546],[-117.814096,49.100545],[-117.814076,49.100546],[-117.814056,49.10055],[-117.814038,49.100555],[-117.814022,49.100563],[-117.813945,49.100592],[-117.813866,49.100618],[-117.813894,49.100654],[-117.814065,49.10087],[-117.814514,49.100792],[-117.814515,49.100724],[-117.814598,49.100698],[-117.814595,49.100833],[-117.814061,49.100927],[-117.81356,49.10108],[-117.813379,49.101298],[-117.813307,49.101269]]]},"properties":{"OBJECTID":23193,"PMBCParcelGUID":"{D86E01C3-1F9C-4187-839A-A39D1FD32E66}","PMBC_PID":null,"PMBC_PIN":null,"PMBC_ParcelClass":"COMMON OWNERSHIP","PMBC_OwnerType":"UNCLASS","PMBC_LegalDescription":null,"Folio":"22903010111","FullAddress":"214 CEDAR CREEK PL , ROSSLAND","apt_no":null,"street_no":"214","street_direction_prefix":null,"street_name":"CEDAR CREEK PL","street_direction_suffix":null,"postal_code":null,"city":"ROSSLAND","province":"BC","AddressID":"D00000630W","TempKey":"D86E01C3-1F9C-4187-839A-A39D1FD32E66D00000630W","GlobalID":"{F1A6ABE1-76C9-4CA8-8835-416E0F2F4447}","Shape__Area":4.4502669667550013e-7,"Shape__Length":0.012347796909382617}},{"type":"Feature","geometry":{"type":"Polygon","coordinates":[[[-117.813307,49.101269],[-117.813459,49.101087],[-117.813575,49.100947],[-117.813727,49.10091],[-117.813585,49.100715],[-117.813558,49.100676],[-117.81347,49.100688],[-117.813385,49.100705],[-117.813303,49.100729],[-117.813225,49.100757],[-117.813152,49.100791],[-117.813085,49.100829],[-117.813024,49.100872],[-117.812967,49.10092],[-117.812817,49.101064],[-117.812792,49.101054],[-117.812789,49.101053],[-117.812789,49.101053],[-117.812744,49.101033],[-117.812755,49.101022],[-117.812755,49.101022],[-117.812894,49.100887],[-117.812945,49.100844],[-117.813001,49.100804],[-117.813063,49.100768],[-117.813136,49.10073],[-117.813214,49.100698],[-117.813296,49.10067],[-117.813376,49.100649],[-117.813459,49.100633],[-117.813543,49.100622],[-117.813603,49.100615],[-117.813662,49.100606],[-117.813647,49.100567],[-117.813553,49.100312],[-117.813096,49.10036],[-117.81266,49.100405],[-117.812504,49.100421],[-117.812484,49.100423],[-117.81236,49.100531],[-117.812275,49.100607],[-117.812275,49.100608],[-117.812171,49.100702],[-117.812145,49.100672],[-117.812122,49.100641],[-117.812218,49.100559],[-117.812219,49.100559],[-117.81222,49.100558],[-117.812237,49.100544],[-117.812405,49.100402],[-117.812422,49.1004],[-117.812535,49.100388],[-117.812536,49.100388],[-117.812553,49.100386],[-117.813507,49.100287],[-117.81351,49.100287],[-117.814608,49.100173],[-117.814821,49.100151],[-117.814846,49.100167],[-117.81462,49.10019],[-117.814071,49.100246],[-117.81375,49.100274],[-117.813754,49.100289],[-117.813812,49.100529],[-117.813822,49.10057],[-117.813885,49.100552],[-117.813945,49.10053],[-117.814001,49.100504],[-117.814011,49.100496],[-117.814019,49.100487],[-117.814025,49.100477],[-117.814029,49.100467],[-117.814034,49.100457],[-117.814041,49.100447],[-117.81405,49.100438],[-117.814062,49.100431],[-117.814075,49.100424],[-117.81409,49.10042],[-117.814106,49.100416],[-117.814122,49.100415],[-117.814137,49.100415],[-117.814152,49.100417],[-117.814166,49.10042],[-117.81418,49.100425],[-117.814192,49.100431],[-117.814204,49.100439],[-117.814213,49.100448],[-117.814221,49.100458],[-117.814225,49.100469],[-117.814227,49.10048],[-117.814226,49.100489],[-117.814223,49.100499],[-117.814218,49.100508],[-117.814211,49.100516],[-117.814201,49.100524],[-117.81419,49.100532],[-117.814177,49.100538],[-117.814162,49.100542],[-117.814147,49.100545],[-117.814131,49.100546],[-117.814115,49.100546],[-117.814096,49.100545],[-117.814076,49.100546],[-117.814056,49.10055],[-117.814038,49.100555],[-117.814022,49.100563],[-117.813945,49.100592],[-117.813866,49.100618],[-117.813894,49.100654],[-117.814065,49.10087],[-117.814514,49.100792],[-117.814515,49.100724],[-117.814598,49.100698],[-117.814595,49.100833],[-117.814061,49.100927],[-117.81356,49.10108],[-117.813379,49.101298],[-117.813307,49.101269]]]},"properties":{"OBJECTID":23194,"PMBCParcelGUID":"{D86E01C3-1F9C-4187-839A-A39D1FD32E66}","PMBC_PID":null,"PMBC_PIN":null,"PMBC_ParcelClass":"COMMON OWNERSHIP","PMBC_OwnerType":"UNCLASS","PMBC_LegalDescription":null,"Folio":"22903010109","FullAddress":"206 CEDAR CREEK PL , ROSSLAND","apt_no":null,"street_no":"206","street_direction_prefix":null,"street_name":"CEDAR CREEK PL","street_direction_suffix":null,"postal_code":null,"city":"ROSSLAND","province":"BC","AddressID":"D00000630U","TempKey":"D86E01C3-1F9C-4187-839A-A39D1FD32E66D00000630U","GlobalID":"{BE415BCF-D30D-4855-BF1E-1942F6420DB0}","Shape__Area":4.4502669667550013e-7,"Shape__Length":0.012347796909382617}},{"type":"Feature","geometry":{"type":"Polygon","coordinates":[[[-117.813307,49.101269],[-117.813459,49.101087],[-117.813575,49.100947],[-117.813727,49.10091],[-117.813585,49.100715],[-117.813558,49.100676],[-117.81347,49.100688],[-117.813385,49.100705],[-117.813303,49.100729],[-117.813225,49.100757],[-117.813152,49.100791],[-117.813085,49.100829],[-117.813024,49.100872],[-117.812967,49.10092],[-117.812817,49.101064],[-117.812792,49.101054],[-117.812789,49.101053],[-117.812789,49.101053],[-117.812744,49.101033],[-117.812755,49.101022],[-117.812755,49.101022],[-117.812894,49.100887],[-117.812945,49.100844],[-117.813001,49.100804],[-117.813063,49.100768],[-117.813136,49.10073],[-117.813214,49.100698],[-117.813296,49.10067],[-117.813376,49.100649],[-117.813459,49.100633],[-117.813543,49.100622],[-117.813603,49.100615],[-117.813662,49.100606],[-117.813647,49.100567],[-117.813553,49.100312],[-117.813096,49.10036],[-117.81266,49.100405],[-117.812504,49.100421],[-117.812484,49.100423],[-117.81236,49.100531],[-117.812275,49.100607],[-117.812275,49.100608],[-117.812171,49.100702],[-117.812145,49.100672],[-117.812122,49.100641],[-117.812218,49.100559],[-117.812219,49.100559],[-117.81222,49.100558],[-117.812237,49.100544],[-117.812405,49.100402],[-117.812422,49.1004],[-117.812535,49.100388],[-117.812536,49.100388],[-117.812553,49.100386],[-117.813507,49.100287],[-117.81351,49.100287],[-117.814608,49.100173],[-117.814821,49.100151],[-117.814846,49.100167],[-117.81462,49.10019],[-117.814071,49.100246],[-117.81375,49.100274],[-117.813754,49.100289],[-117.813812,49.100529],[-117.813822,49.10057],[-117.813885,49.100552],[-117.813945,49.10053],[-117.814001,49.100504],[-117.814011,49.100496],[-117.814019,49.100487],[-117.814025,49.100477],[-117.814029,49.100467],[-117.814034,49.100457],[-117.814041,49.100447],[-117.81405,49.100438],[-117.814062,49.100431],[-117.814075,49.100424],[-117.81409,49.10042],[-117.814106,49.100416],[-117.814122,49.100415],[-117.814137,49.100415],[-117.814152,49.100417],[-117.814166,49.10042],[-117.81418,49.100425],[-117.814192,49.100431],[-117.814204,49.100439],[-117.814213,49.100448],[-117.814221,49.100458],[-117.814225,49.100469],[-117.814227,49.10048],[-117.814226,49.100489],[-117.814223,49.100499],[-117.814218,49.100508],[-117.814211,49.100516],[-117.814201,49.100524],[-117.81419,49.100532],[-117.814177,49.100538],[-117.814162,49.100542],[-117.814147,49.100545],[-117.814131,49.100546],[-117.814115,49.100546],[-117.814096,49.100545],[-117.814076,49.100546],[-117.814056,49.10055],[-117.814038,49.100555],[-117.814022,49.100563],[-117.813945,49.100592],[-117.813866,49.100618],[-117.813894,49.100654],[-117.814065,49.10087],[-117.814514,49.100792],[-117.814515,49.100724],[-117.814598,49.100698],[-117.814595,49.100833],[-117.814061,49.100927],[-117.81356,49.10108],[-117.813379,49.101298],[-117.813307,49.101269]]]},"properties":{"OBJECTID":23195,"PMBCParcelGUID":"{D86E01C3-1F9C-4187-839A-A39D1FD32E66}","PMBC_PID":null,"PMBC_PIN":null,"PMBC_ParcelClass":"COMMON OWNERSHIP","PMBC_OwnerType":"UNCLASS","PMBC_LegalDescription":null,"Folio":"22903010110","FullAddress":"210 CEDAR CREEK PL , ROSSLAND","apt_no":null,"street_no":"210","street_direction_prefix":null,"street_name":"CEDAR CREEK PL","street_direction_suffix":null,"postal_code":null,"city":"ROSSLAND","province":"BC","AddressID":"D00000630V","TempKey":"D86E01C3-1F9C-4187-839A-A39D1FD32E66D00000630V","GlobalID":"{751CA1D5-8835-4B5A-9147-22CBB143ECCC}","Shape__Area":4.4502669667550013e-7,"Shape__Length":0.012347796909382617}},{"type":"Feature","geometry":{"type":"Polygon","coordinates":[[[-117.813307,49.101269],[-117.813459,49.101087],[-117.813575,49.100947],[-117.813727,49.10091],[-117.813585,49.100715],[-117.813558,49.100676],[-117.81347,49.100688],[-117.813385,49.100705],[-117.813303,49.100729],[-117.813225,49.100757],[-117.813152,49.100791],[-117.813085,49.100829],[-117.813024,49.100872],[-117.812967,49.10092],[-117.812817,49.101064],[-117.812792,49.101054],[-117.812789,49.101053],[-117.812789,49.101053],[-117.812744,49.101033],[-117.812755,49.101022],[-117.812755,49.101022],[-117.812894,49.100887],[-117.812945,49.100844],[-117.813001,49.100804],[-117.813063,49.100768],[-117.813136,49.10073],[-117.813214,49.100698],[-117.813296,49.10067],[-117.813376,49.100649],[-117.813459,49.100633],[-117.813543,49.100622],[-117.813603,49.100615],[-117.813662,49.100606],[-117.813647,49.100567],[-117.813553,49.100312],[-117.813096,49.10036],[-117.81266,49.100405],[-117.812504,49.100421],[-117.812484,49.100423],[-117.81236,49.100531],[-117.812275,49.100607],[-117.812275,49.100608],[-117.812171,49.100702],[-117.812145,49.100672],[-117.812122,49.100641],[-117.812218,49.100559],[-117.812219,49.100559],[-117.81222,49.100558],[-117.812237,49.100544],[-117.812405,49.100402],[-117.812422,49.1004],[-117.812535,49.100388],[-117.812536,49.100388],[-117.812553,49.100386],[-117.813507,49.100287],[-117.81351,49.100287],[-117.814608,49.100173],[-117.814821,49.100151],[-117.814846,49.100167],[-117.81462,49.10019],[-117.814071,49.100246],[-117.81375,49.100274],[-117.813754,49.100289],[-117.813812,49.100529],[-117.813822,49.10057],[-117.813885,49.100552],[-117.813945,49.10053],[-117.814001,49.100504],[-117.814011,49.100496],[-117.814019,49.100487],[-117.814025,49.100477],[-117.814029,49.100467],[-117.814034,49.100457],[-117.814041,49.100447],[-117.81405,49.100438],[-117.814062,49.100431],[-117.814075,49.100424],[-117.81409,49.10042],[-117.814106,49.100416],[-117.814122,49.100415],[-117.814137,49.100415],[-117.814152,49.100417],[-117.814166,49.10042],[-117.81418,49.100425],[-117.814192,49.100431],[-117.814204,49.100439],[-117.814213,49.100448],[-117.814221,49.100458],[-117.814225,49.100469],[-117.814227,49.10048],[-117.814226,49.100489],[-117.814223,49.100499],[-117.814218,49.100508],[-117.814211,49.100516],[-117.814201,49.100524],[-117.81419,49.100532],[-117.814177,49.100538],[-117.814162,49.100542],[-117.814147,49.100545],[-117.814131,49.100546],[-117.814115,49.100546],[-117.814096,49.100545],[-117.814076,49.100546],[-117.814056,49.10055],[-117.814038,49.100555],[-117.814022,49.100563],[-117.813945,49.100592],[-117.813866,49.100618],[-117.813894,49.100654],[-117.814065,49.10087],[-117.814514,49.100792],[-117.814515,49.100724],[-117.814598,49.100698],[-117.814595,49.100833],[-117.814061,49.100927],[-117.81356,49.10108],[-117.813379,49.101298],[-117.813307,49.101269]]]},"properties":{"OBJECTID":23196,"PMBCParcelGUID":"{D86E01C3-1F9C-4187-839A-A39D1FD32E66}","PMBC_PID":null,"PMBC_PIN":null,"PMBC_ParcelClass":"COMMON OWNERSHIP","PMBC_OwnerType":"UNCLASS","PMBC_LegalDescription":null,"Folio":"22903010116","FullAddress":"219 CEDAR CREEK PL , ROSSLAND","apt_no":null,"street_no":"219","street_direction_prefix":null,"street_name":"CEDAR CREEK PL","street_direction_suffix":null,"postal_code":null,"city":"ROSSLAND","province":"BC","AddressID":"D000006311","TempKey":"D86E01C3-1F9C-4187-839A-A39D1FD32E66D000006311","GlobalID":"{0E6004E9-47F2-48DD-9595-8B8545A69DC9}","Shape__Area":4.4502669667550013e-7,"Shape__Length":0.012347796909382617}},{"type":"Feature","geometry":{"type":"Polygon","coordinates":[[[-117.813307,49.101269],[-117.813459,49.101087],[-117.813575,49.100947],[-117.813727,49.10091],[-117.813585,49.100715],[-117.813558,49.100676],[-117.81347,49.100688],[-117.813385,49.100705],[-117.813303,49.100729],[-117.813225,49.100757],[-117.813152,49.100791],[-117.813085,49.100829],[-117.813024,49.100872],[-117.812967,49.10092],[-117.812817,49.101064],[-117.812792,49.101054],[-117.812789,49.101053],[-117.812789,49.101053],[-117.812744,49.101033],[-117.812755,49.101022],[-117.812755,49.101022],[-117.812894,49.100887],[-117.812945,49.100844],[-117.813001,49.100804],[-117.813063,49.100768],[-117.813136,49.10073],[-117.813214,49.100698],[-117.813296,49.10067],[-117.813376,49.100649],[-117.813459,49.100633],[-117.813543,49.100622],[-117.813603,49.100615],[-117.813662,49.100606],[-117.813647,49.100567],[-117.813553,49.100312],[-117.813096,49.10036],[-117.81266,49.100405],[-117.812504,49.100421],[-117.812484,49.100423],[-117.81236,49.100531],[-117.812275,49.100607],[-117.812275,49.100608],[-117.812171,49.100702],[-117.812145,49.100672],[-117.812122,49.100641],[-117.812218,49.100559],[-117.812219,49.100559],[-117.81222,49.100558],[-117.812237,49.100544],[-117.812405,49.100402],[-117.812422,49.1004],[-117.812535,49.100388],[-117.812536,49.100388],[-117.812553,49.100386],[-117.813507,49.100287],[-117.81351,49.100287],[-117.814608,49.100173],[-117.814821,49.100151],[-117.814846,49.100167],[-117.81462,49.10019],[-117.814071,49.100246],[-117.81375,49.100274],[-117.813754,49.100289],[-117.813812,49.100529],[-117.813822,49.10057],[-117.813885,49.100552],[-117.813945,49.10053],[-117.814001,49.100504],[-117.814011,49.100496],[-117.814019,49.100487],[-117.814025,49.100477],[-117.814029,49.100467],[-117.814034,49.100457],[-117.814041,49.100447],[-117.81405,49.100438],[-117.814062,49.100431],[-117.814075,49.100424],[-117.81409,49.10042],[-117.814106,49.100416],[-117.814122,49.100415],[-117.814137,49.100415],[-117.814152,49.100417],[-117.814166,49.10042],[-117.81418,49.100425],[-117.814192,49.100431],[-117.814204,49.100439],[-117.814213,49.100448],[-117.814221,49.100458],[-117.814225,49.100469],[-117.814227,49.10048],[-117.814226,49.100489],[-117.814223,49.100499],[-117.814218,49.100508],[-117.814211,49.100516],[-117.814201,49.100524],[-117.81419,49.100532],[-117.814177,49.100538],[-117.814162,49.100542],[-117.814147,49.100545],[-117.814131,49.100546],[-117.814115,49.100546],[-117.814096,49.100545],[-117.814076,49.100546],[-117.814056,49.10055],[-117.814038,49.100555],[-117.814022,49.100563],[-117.813945,49.100592],[-117.813866,49.100618],[-117.813894,49.100654],[-117.814065,49.10087],[-117.814514,49.100792],[-117.814515,49.100724],[-117.814598,49.100698],[-117.814595,49.100833],[-117.814061,49.100927],[-117.81356,49.10108],[-117.813379,49.101298],[-117.813307,49.101269]]]},"properties":{"OBJECTID":23197,"PMBCParcelGUID":"{D86E01C3-1F9C-4187-839A-A39D1FD32E66}","PMBC_PID":null,"PMBC_PIN":null,"PMBC_ParcelClass":"COMMON OWNERSHIP","PMBC_OwnerType":"UNCLASS","PMBC_LegalDescription":null,"Folio":"22903010117","FullAddress":"211 CEDAR CREEK PL , ROSSLAND","apt_no":null,"street_no":"211","street_direction_prefix":null,"street_name":"CEDAR CREEK PL","street_direction_suffix":null,"postal_code":null,"city":"ROSSLAND","province":"BC","AddressID":"D000006312","TempKey":"D86E01C3-1F9C-4187-839A-A39D1FD32E66D000006312","GlobalID":"{1833132D-A3A2-498F-A9E7-A4D5E16A2C7E}","Shape__Area":4.4502669667550013e-7,"Shape__Length":0.012347796909382617}},{"type":"Feature","geometry":{"type":"Polygon","coordinates":[[[-117.813307,49.101269],[-117.813459,49.101087],[-117.813575,49.100947],[-117.813727,49.10091],[-117.813585,49.100715],[-117.813558,49.100676],[-117.81347,49.100688],[-117.813385,49.100705],[-117.813303,49.100729],[-117.813225,49.100757],[-117.813152,49.100791],[-117.813085,49.100829],[-117.813024,49.100872],[-117.812967,49.10092],[-117.812817,49.101064],[-117.812792,49.101054],[-117.812789,49.101053],[-117.812789,49.101053],[-117.812744,49.101033],[-117.812755,49.101022],[-117.812755,49.101022],[-117.812894,49.100887],[-117.812945,49.100844],[-117.813001,49.100804],[-117.813063,49.100768],[-117.813136,49.10073],[-117.813214,49.100698],[-117.813296,49.10067],[-117.813376,49.100649],[-117.813459,49.100633],[-117.813543,49.100622],[-117.813603,49.100615],[-117.813662,49.100606],[-117.813647,49.100567],[-117.813553,49.100312],[-117.813096,49.10036],[-117.81266,49.100405],[-117.812504,49.100421],[-117.812484,49.100423],[-117.81236,49.100531],[-117.812275,49.100607],[-117.812275,49.100608],[-117.812171,49.100702],[-117.812145,49.100672],[-117.812122,49.100641],[-117.812218,49.100559],[-117.812219,49.100559],[-117.81222,49.100558],[-117.812237,49.100544],[-117.812405,49.100402],[-117.812422,49.1004],[-117.812535,49.100388],[-117.812536,49.100388],[-117.812553,49.100386],[-117.813507,49.100287],[-117.81351,49.100287],[-117.814608,49.100173],[-117.814821,49.100151],[-117.814846,49.100167],[-117.81462,49.10019],[-117.814071,49.100246],[-117.81375,49.100274],[-117.813754,49.100289],[-117.813812,49.100529],[-117.813822,49.10057],[-117.813885,49.100552],[-117.813945,49.10053],[-117.814001,49.100504],[-117.814011,49.100496],[-117.814019,49.100487],[-117.814025,49.100477],[-117.814029,49.100467],[-117.814034,49.100457],[-117.814041,49.100447],[-117.81405,49.100438],[-117.814062,49.100431],[-117.814075,49.100424],[-117.81409,49.10042],[-117.814106,49.100416],[-117.814122,49.100415],[-117.814137,49.100415],[-117.814152,49.100417],[-117.814166,49.10042],[-117.81418,49.100425],[-117.814192,49.100431],[-117.814204,49.100439],[-117.814213,49.100448],[-117.814221,49.100458],[-117.814225,49.100469],[-117.814227,49.10048],[-117.814226,49.100489],[-117.814223,49.100499],[-117.814218,49.100508],[-117.814211,49.100516],[-117.814201,49.100524],[-117.81419,49.100532],[-117.814177,49.100538],[-117.814162,49.100542],[-117.814147,49.100545],[-117.814131,49.100546],[-117.814115,49.100546],[-117.814096,49.100545],[-117.814076,49.100546],[-117.814056,49.10055],[-117.814038,49.100555],[-117.814022,49.100563],[-117.813945,49.100592],[-117.813866,49.100618],[-117.813894,49.100654],[-117.814065,49.10087],[-117.814514,49.100792],[-117.814515,49.100724],[-117.814598,49.100698],[-117.814595,49.100833],[-117.814061,49.100927],[-117.81356,49.10108],[-117.813379,49.101298],[-117.813307,49.101269]]]},"properties":{"OBJECTID":23198,"PMBCParcelGUID":"{D86E01C3-1F9C-4187-839A-A39D1FD32E66}","PMBC_PID":null,"PMBC_PIN":null,"PMBC_ParcelClass":"COMMON OWNERSHIP","PMBC_OwnerType":"UNCLASS","PMBC_LegalDescription":null,"Folio":"22903010118","FullAddress":"203 CEDAR CREEK PL , ROSSLAND","apt_no":null,"street_no":"203","street_direction_prefix":null,"street_name":"CEDAR CREEK PL","street_direction_suffix":null,"postal_code":null,"city":"ROSSLAND","province":"BC","AddressID":"D000006313","TempKey":"D86E01C3-1F9C-4187-839A-A39D1FD32E66D000006313","GlobalID":"{DBAAA96F-4DA3-48E8-93DA-702AB03A9C60}","Shape__Area":4.4502669667550013e-7,"Shape__Length":0.012347796909382617}},{"type":"Feature","geometry":{"type":"Polygon","coordinates":[[[-118.468365,49.047046],[-118.468299,49.047174],[-118.468237,49.047304],[-118.46818,49.047434],[-118.467832,49.047369],[-118.467641,49.047334],[-118.467812,49.046888],[-118.468365,49.047046]]]},"properties":{"OBJECTID":23199,"PMBCParcelGUID":"{35CA5C8C-B691-40B9-9DB8-A3A476FE1491}","PMBC_PID":24813796,"PMBC_PIN":24813796,"PMBC_ParcelClass":"SUBDIVISION","PMBC_OwnerType":"PRIVATE","PMBC_LegalDescription":"LOT 2 DISTRICT LOT 1494 SIMILKAMEEN DIVISION YALE DISTRICT PLAN KAP66951","Folio":"71204833410","FullAddress":"375 PROSPECT DR , GRAND FORKS","apt_no":null,"street_no":"375","street_direction_prefix":null,"street_name":"PROSPECT DR","street_direction_suffix":null,"postal_code":"V0H 1H2","city":"GRAND FORKS","province":"BC","AddressID":"A00000J5NN","TempKey":"35CA5C8C-B691-40B9-9DB8-A3A476FE1491A00000J5NN","GlobalID":"{64A71E88-4102-4415-BF0B-0D26F46B09A5}","Shape__Area":2.497726174465001e-7,"Shape__Length":0.002033199640728137}},{"type":"Feature","geometry":{"type":"Polygon","coordinates":[[[-117.810828,49.07362],[-117.810952,49.073626],[-117.810922,49.073899],[-117.810798,49.073893],[-117.810828,49.07362]]]},"properties":{"OBJECTID":23200,"PMBCParcelGUID":"{E8BCA61F-B7CF-45EC-BFD4-A3A88338386A}","PMBC_PID":13353331,"PMBC_PIN":13353331,"PMBC_ParcelClass":"SUBDIVISION","PMBC_OwnerType":"PRIVATE","PMBC_LegalDescription":"LOT 9 BLOCK B SECTION 34 TOWNSHIP 9A KOOTENAY DISTRICT PLAN 706","Folio":"22901247000","FullAddress":"1398 VICTORIA AVE , ROSSLAND","apt_no":null,"street_no":"1398","street_direction_prefix":null,"street_name":"VICTORIA AVE","street_direction_suffix":null,"postal_code":null,"city":"ROSSLAND","province":"BC","AddressID":"A000018Q6U","TempKey":"E8BCA61F-B7CF-45EC-BFD4-A3A88338386AA000018Q6U","GlobalID":"{C825C78C-EAD6-4C86-9029-1B5ACC9F3F60}","Shape__Area":3.427214190300001e-8,"Shape__Length":0.0007996941565537962}},{"type":"Feature","geometry":{"type":"Polygon","coordinates":[[[-118.676208,49.104468],[-118.67621,49.104605],[-118.675771,49.104608],[-118.67577,49.104471],[-118.676208,49.104468]]]},"properties":{"OBJECTID":23201,"PMBCParcelGUID":"{50CC2ABA-0F43-467E-AA31-A3ADE8DDB18A}","PMBC_PID":12537047,"PMBC_PIN":12537047,"PMBC_ParcelClass":"SUBDIVISION","PMBC_OwnerType":"PRIVATE","PMBC_LegalDescription":"LOT 4 BLOCK 63 DISTRICT LOT 711 SIMILKAMEEN DIVISION YALE DISTRICT PLAN 70","Folio":"21100359000","FullAddress":"GOVERNMENT AVE N, GREENWOOD","apt_no":null,"street_no":null,"street_direction_prefix":null,"street_name":"GOVERNMENT AVE","street_direction_suffix":"N","postal_code":"V0H 1J0","city":"GREENWOOD","province":"BC","AddressID":"A00000H9X1","TempKey":"50CC2ABA-0F43-467E-AA31-A3ADE8DDB18AA00000H9X1","GlobalID":"{6164C949-2C13-4DEC-BC31-0635DCB73246}","Shape__Area":5.998409419800001e-8,"Shape__Length":0.0011502654174200347}},{"type":"Feature","geometry":{"type":"Polygon","coordinates":[[[-117.808698,49.077969],[-117.809334,49.077999],[-117.809119,49.078072],[-117.808689,49.078051],[-117.808698,49.077969]]]},"properties":{"OBJECTID":23202,"PMBCParcelGUID":"{3A3706E4-A1F1-456E-9C5E-A3AE654861FF}","PMBC_PID":16927770,"PMBC_PIN":16927770,"PMBC_ParcelClass":"SUBDIVISION","PMBC_OwnerType":"LOCAL GOVERNMENT","PMBC_LegalDescription":"LOT 12 BLOCK 9 SECTION 35 TOWNSHIP 9A KOOTENAY DISTRICT PLAN 616","Folio":"22900545200","FullAddress":"MONITA ST , ROSSLAND","apt_no":null,"street_no":null,"street_direction_prefix":null,"street_name":"MONITA ST","street_direction_suffix":null,"postal_code":null,"city":"ROSSLAND","province":"BC","AddressID":"A000018PJ3","TempKey":"3A3706E4-A1F1-456E-9C5E-A3AE654861FFA000018PJ3","GlobalID":"{B25A7DBA-DDE8-4E08-9C8A-8039395841B5}","Shape__Area":4.400786128900001e-8,"Shape__Length":0.0013761494077137472}},{"type":"Feature","geometry":{"type":"Polygon","coordinates":[[[-117.806594,49.076099],[-117.806719,49.076105],[-117.806715,49.076141],[-117.806689,49.076377],[-117.806689,49.076379],[-117.806683,49.076378],[-117.806564,49.076373],[-117.806585,49.076179],[-117.806594,49.076099]]]},"properties":{"OBJECTID":23203,"PMBCParcelGUID":"{759C8C66-8440-4AE6-A205-A3AF39F495BD}","PMBC_PID":11094851,"PMBC_PIN":11094851,"PMBC_ParcelClass":"SUBDIVISION","PMBC_OwnerType":"PRIVATE","PMBC_LegalDescription":"LOT 17 BLOCK 7 DISTRICT LOT 535 KOOTENAY DISTRICT PLAN 579","Folio":"22900053000","FullAddress":"1633 LEROI AVE , ROSSLAND","apt_no":null,"street_no":"1633","street_direction_prefix":null,"street_name":"LEROI AVE","street_direction_suffix":null,"postal_code":null,"city":"ROSSLAND","province":"BC","AddressID":"A000018NVD","TempKey":"759C8C66-8440-4AE6-A205-A3AF39F495BDA000018NVD","GlobalID":"{7468625C-A755-4FC9-8D4C-8480E82C6ABA}","Shape__Area":3.425881132600001e-8,"Shape__Length":0.0007994714953062475}},{"type":"Feature","geometry":{"type":"Polygon","coordinates":[[[-118.53569,49.115223],[-118.535816,49.115222],[-118.535815,49.11555],[-118.53569,49.115552],[-118.53569,49.115223]]]},"properties":{"OBJECTID":23204,"PMBCParcelGUID":"{709E70E0-202A-4937-86FF-A3B230085758}","PMBC_PID":14164981,"PMBC_PIN":14164981,"PMBC_ParcelClass":"SUBDIVISION","PMBC_OwnerType":"PRIVATE","PMBC_LegalDescription":"LOT 5 BLOCK 81 DISTRICT LOT 2005 SIMILKAMEEN DIVISION YALE DISTRICT PLAN 79","Folio":"71204852478","FullAddress":"","apt_no":null,"street_no":null,"street_direction_prefix":null,"street_name":null,"street_direction_suffix":null,"postal_code":null,"city":null,"province":"BC","AddressID":"D00000GMKR","TempKey":"709E70E0-202A-4937-86FF-A3B230085758D00000GMKR","GlobalID":"{8EB0D0E8-3DFD-4EF7-A16A-4A49F76B7F92}","Shape__Area":4.121226906400001e-8,"Shape__Length":0.0009079253204158384}},{"type":"Feature","geometry":{"type":"Polygon","coordinates":[[[-117.696822,49.092882],[-117.696953,49.092896],[-117.696937,49.092958],[-117.696841,49.092954],[-117.696822,49.092952],[-117.696822,49.092882]]]},"properties":{"OBJECTID":23205,"PMBCParcelGUID":"{6274699F-47A3-4CCF-B545-A3B2D58BC366}","PMBC_PID":13921070,"PMBC_PIN":13921070,"PMBC_ParcelClass":"SUBDIVISION","PMBC_OwnerType":"LOCAL GOVERNMENT","PMBC_LegalDescription":"LOT A DISTRICT LOT 4598 KOOTENAY DISTRICT PLAN 1272, EXCEPT (1) PARCEL 1 (SEE 5044I) AND (2) PARCEL 2 (SEE 28706I)","Folio":"23201635000","FullAddress":"2209 RIVERSIDE AVE , TRAIL","apt_no":null,"street_no":"2209","street_direction_prefix":null,"street_name":"RIVERSIDE AVE","street_direction_suffix":null,"postal_code":null,"city":"TRAIL","province":"BC","AddressID":"A000018S7D","TempKey":"6274699F-47A3-4CCF-B545-A3B2D58BC366A000018S7D","GlobalID":"{845F7359-77BE-44B8-BCA6-9AF38E27192A}","Shape__Area":8.268280145500003e-9,"Shape__Length":0.0003816404343308852}},{"type":"Feature","geometry":{"type":"Polygon","coordinates":[[[-117.632674,49.093229],[-117.633829,49.092713],[-117.633879,49.092733],[-117.633927,49.092752],[-117.63508,49.093868],[-117.634735,49.094022],[-117.634899,49.094181],[-117.635086,49.094362],[-117.634895,49.094428],[-117.634767,49.094632],[-117.634526,49.095015],[-117.632674,49.093229]]]},"properties":{"OBJECTID":23206,"PMBCParcelGUID":"{5171D0F8-FA4E-48D2-B83C-A3B3E80ADB6B}","PMBC_PID":31403689,"PMBC_PIN":31403689,"PMBC_ParcelClass":"SUBDIVISION","PMBC_OwnerType":"PRIVATE","PMBC_LegalDescription":"LOT 1 DISTRICT LOT 4598 KOOTENAY DISTRICT PLAN EPP111259","Folio":"23204507112","FullAddress":"DEVITO DR , TRAIL","apt_no":null,"street_no":null,"street_direction_prefix":null,"street_name":"DEVITO DR","street_direction_suffix":null,"postal_code":null,"city":"TRAIL","province":"BC","AddressID":"D00000NNQQ","TempKey":"5171D0F8-FA4E-48D2-B83C-A3B3E80ADB6BD00000NNQQ","GlobalID":"{2928CE9C-23DA-40D3-A871-88E95EC98922}","Shape__Area":0.0000025904714337375006,"Shape__Length":0.007311443796450593}},{"type":"Feature","geometry":{"type":"Polygon","coordinates":[[[-117.704995,49.103252],[-117.705048,49.103335],[-117.704663,49.10344],[-117.70461,49.103357],[-117.704995,49.103252]]]},"properties":{"OBJECTID":23207,"PMBCParcelGUID":"{F6B53F03-FED4-4AAF-AD3B-A3B430485AF9}","PMBC_PID":15579115,"PMBC_PIN":15579115,"PMBC_ParcelClass":"SUBDIVISION","PMBC_OwnerType":"PRIVATE","PMBC_LegalDescription":"LOT 24 DISTRICT LOT 367 KOOTENAY DISTRICT PLAN 1948","Folio":"23202798000","FullAddress":"1180 THIRD AVE , TRAIL","apt_no":null,"street_no":"1180","street_direction_prefix":null,"street_name":"THIRD AVE","street_direction_suffix":null,"postal_code":"V1R 1N9","city":"TRAIL","province":"BC","AddressID":"A000018T16","TempKey":"F6B53F03-FED4-4AAF-AD3B-A3B430485AF9A000018T16","GlobalID":"{1BEA2A2C-400F-4D0A-8236-173FA5780FE3}","Shape__Area":3.776823123950001e-8,"Shape__Length":0.0009969692860944837}},{"type":"Feature","geometry":{"type":"Polygon","coordinates":[[[-118.213647,49.041052],[-118.214024,49.041036],[-118.214146,49.041036],[-118.214151,49.041185],[-118.21403,49.041185],[-118.21365,49.041189],[-118.213647,49.041052]]]},"properties":{"OBJECTID":23208,"PMBCParcelGUID":"{562C5125-7884-465A-AB67-A3B662CE784B}","PMBC_PID":4487290,"PMBC_PIN":4487290,"PMBC_ParcelClass":"SUBDIVISION","PMBC_OwnerType":"PRIVATE","PMBC_LegalDescription":"LOT 4 BLOCK 22 DISTRICT LOT 317 SIMILKAMEEN DIVISION YALE DISTRICT PLAN 50","Folio":"71200307100","FullAddress":"NEIMI RD , CHRISTINA LAKE","apt_no":null,"street_no":null,"street_direction_prefix":null,"street_name":"NEIMI RD","street_direction_suffix":null,"postal_code":null,"city":"CHRISTINA LAKE","province":"BC","AddressID":"A00000J2RH","TempKey":"562C5125-7884-465A-AB67-A3B662CE784BA00000J2RH","GlobalID":"{A40F776E-41A5-40B0-8C7D-E833CCFF8F06}","Shape__Area":7.219530810400001e-8,"Shape__Length":0.0012859796499473585}},{"type":"Feature","geometry":{"type":"Polygon","coordinates":[[[-119.111567,49.492138],[-119.111532,49.492179],[-119.111508,49.492223],[-119.111493,49.492269],[-119.111489,49.492316],[-119.111412,49.493053],[-119.108087,49.493047],[-119.10808,49.492217],[-119.108079,49.492139],[-119.111567,49.492138]]]},"properties":{"OBJECTID":23209,"PMBCParcelGUID":"{707C386F-0278-4935-94BD-A3B6C6430A9D}","PMBC_PID":27960692,"PMBC_PIN":27960692,"PMBC_ParcelClass":"SUBDIVISION","PMBC_OwnerType":"PRIVATE","PMBC_LegalDescription":"LOT B DISTRICT LOT 472S SIMILKAMEEN DIVISION YALE DISTRICT PLAN KAP89349","Folio":"71302942085","FullAddress":"50 BEACON RD ","apt_no":null,"street_no":"50","street_direction_prefix":null,"street_name":"BEACON RD","street_direction_suffix":null,"postal_code":null,"city":null,"province":"BC","AddressID":"D000006C8D","TempKey":"707C386F-0278-4935-94BD-A3B6C6430A9DD000006C8D","GlobalID":"{E2DA5B1F-B255-47EF-8F29-E2C2B6A90D77}","Shape__Area":0.000003079013442221001,"Shape__Length":0.008660180766515889}},{"type":"Feature","geometry":{"type":"Polygon","coordinates":[[[-118.530056,49.115315],[-118.530181,49.115314],[-118.53018,49.115642],[-118.530055,49.115646],[-118.530056,49.115315]]]},"properties":{"OBJECTID":23210,"PMBCParcelGUID":"{89C70768-B884-4060-B631-A3B8FF1998DB}","PMBC_PID":14171473,"PMBC_PIN":14171473,"PMBC_ParcelClass":"SUBDIVISION","PMBC_OwnerType":"CROWN PROVINCIAL","PMBC_LegalDescription":"LOT 2 BLOCK 84 DISTRICT LOT 2005 SIMILKAMEEN DIVISION YALE DISTRICT PLAN 79","Folio":"71204852616","FullAddress":"","apt_no":null,"street_no":null,"street_direction_prefix":null,"street_name":null,"street_direction_suffix":null,"postal_code":null,"city":null,"province":"BC","AddressID":"D00000EUYG","TempKey":"89C70768-B884-4060-B631-A3B8FF1998DBD00000EUYG","GlobalID":"{BAE29743-B3B8-4101-A76F-D08FA8B9091E}","Shape__Area":4.120277002650001e-8,"Shape__Length":0.0009089135435059193}},{"type":"Feature","geometry":{"type":"Polygon","coordinates":[[[-118.678525,49.093335],[-118.678526,49.093404],[-118.678122,49.093406],[-118.678122,49.093337],[-118.678525,49.093335]]]},"properties":{"OBJECTID":23211,"PMBCParcelGUID":"{56F46CD0-8016-4534-BB81-A3BA968389C9}","PMBC_PID":12534676,"PMBC_PIN":12534676,"PMBC_ParcelClass":"SUBDIVISION","PMBC_OwnerType":"LOCAL GOVERNMENT","PMBC_LegalDescription":"LOT 13 BLOCK 15 DISTRICT LOT 711 SIMILKAMEEN DIVISION YALE DISTRICT PLAN 70","Folio":"21100189210","FullAddress":"BOUNDARY AVE , GREENWOOD","apt_no":null,"street_no":null,"street_direction_prefix":null,"street_name":"BOUNDARY AVE","street_direction_suffix":null,"postal_code":"V0H 1J0","city":"GREENWOOD","province":"BC","AddressID":"D00000E4J4","TempKey":"56F46CD0-8016-4534-BB81-A3BA968389C9D00000E4J4","GlobalID":"{CE845DA7-DE16-4C0E-B0B3-2693229B7A80}","Shape__Area":2.7809986631000008e-8,"Shape__Length":0.0009444287681786555}},{"type":"Feature","geometry":{"type":"Polygon","coordinates":[[[-117.700185,49.095739],[-117.699773,49.09569],[-117.699808,49.095561],[-117.700211,49.095643],[-117.700185,49.095739]]]},"properties":{"OBJECTID":23212,"PMBCParcelGUID":"{6912886F-D44B-4822-8B14-A3BC7186F34B}","PMBC_PID":15899071,"PMBC_PIN":15899071,"PMBC_ParcelClass":"SUBDIVISION","PMBC_OwnerType":"PRIVATE","PMBC_LegalDescription":"LOT 1 BLOCK 12 DISTRICT LOT 2919 KOOTENAY DISTRICT PLAN 1262","Folio":"23201917000","FullAddress":"1 1797 COLUMBIA AVE , TRAIL","apt_no":"1","street_no":"1797","street_direction_prefix":null,"street_name":"COLUMBIA AVE","street_direction_suffix":null,"postal_code":"V1R 1K4","city":"TRAIL","province":"BC","AddressID":"A000018SFA","TempKey":"6912886F-D44B-4822-8B14-A3BC7186F34BA000018SFA","GlobalID":"{0EE88624-883A-4B90-8D65-7B157EA4DB45}","Shape__Area":4.764084261500001e-8,"Shape__Length":0.0010576505942231783}},{"type":"Feature","geometry":{"type":"Polygon","coordinates":[[[-117.700185,49.095739],[-117.699773,49.09569],[-117.699808,49.095561],[-117.700211,49.095643],[-117.700185,49.095739]]]},"properties":{"OBJECTID":23213,"PMBCParcelGUID":"{6912886F-D44B-4822-8B14-A3BC7186F34B}","PMBC_PID":15899071,"PMBC_PIN":15899071,"PMBC_ParcelClass":"SUBDIVISION","PMBC_OwnerType":"PRIVATE","PMBC_LegalDescription":"LOT 1 BLOCK 12 DISTRICT LOT 2919 KOOTENAY DISTRICT PLAN 1262","Folio":"23201917000","FullAddress":"2 1797 COLUMBIA AVE , TRAIL","apt_no":"2","street_no":"1797","street_direction_prefix":null,"street_name":"COLUMBIA AVE","street_direction_suffix":null,"postal_code":"V1R 1K4","city":"TRAIL","province":"BC","AddressID":"J00003BWE5","TempKey":"6912886F-D44B-4822-8B14-A3BC7186F34BJ00003BWE5","GlobalID":"{5104315F-3AFE-4773-9AF4-EC856FDB90FF}","Shape__Area":4.764084261500001e-8,"Shape__Length":0.0010576505942231783}},{"type":"Feature","geometry":{"type":"Polygon","coordinates":[[[-117.700185,49.095739],[-117.699773,49.09569],[-117.699808,49.095561],[-117.700211,49.095643],[-117.700185,49.095739]]]},"properties":{"OBJECTID":23214,"PMBCParcelGUID":"{6912886F-D44B-4822-8B14-A3BC7186F34B}","PMBC_PID":15899071,"PMBC_PIN":15899071,"PMBC_ParcelClass":"SUBDIVISION","PMBC_OwnerType":"PRIVATE","PMBC_LegalDescription":"LOT 1 BLOCK 12 DISTRICT LOT 2919 KOOTENAY DISTRICT PLAN 1262","Folio":"23201917000","FullAddress":"3 1797 COLUMBIA AVE , TRAIL","apt_no":"3","street_no":"1797","street_direction_prefix":null,"street_name":"COLUMBIA AVE","street_direction_suffix":null,"postal_code":"V1R 1K4","city":"TRAIL","province":"BC","AddressID":"J00003BWF0","TempKey":"6912886F-D44B-4822-8B14-A3BC7186F34BJ00003BWF0","GlobalID":"{006F4351-86B2-49CC-8D29-0731AFCE9D55}","Shape__Area":4.764084261500001e-8,"Shape__Length":0.0010576505942231783}},{"type":"Feature","geometry":{"type":"Polygon","coordinates":[[[-117.700185,49.095739],[-117.699773,49.09569],[-117.699808,49.095561],[-117.700211,49.095643],[-117.700185,49.095739]]]},"properties":{"OBJECTID":23215,"PMBCParcelGUID":"{6912886F-D44B-4822-8B14-A3BC7186F34B}","PMBC_PID":15899071,"PMBC_PIN":15899071,"PMBC_ParcelClass":"SUBDIVISION","PMBC_OwnerType":"PRIVATE","PMBC_LegalDescription":"LOT 1 BLOCK 12 DISTRICT LOT 2919 KOOTENAY DISTRICT PLAN 1262","Folio":"23201917000","FullAddress":"4 1797 COLUMBIA AVE , TRAIL","apt_no":"4","street_no":"1797","street_direction_prefix":null,"street_name":"COLUMBIA AVE","street_direction_suffix":null,"postal_code":"V1R 1K4","city":"TRAIL","province":"BC","AddressID":"J00003BWJQ","TempKey":"6912886F-D44B-4822-8B14-A3BC7186F34BJ00003BWJQ","GlobalID":"{44434E19-E928-4EC2-A628-BC3BF2FA8AE0}","Shape__Area":4.764084261500001e-8,"Shape__Length":0.0010576505942231783}},{"type":"Feature","geometry":{"type":"Polygon","coordinates":[[[-117.700185,49.095739],[-117.699773,49.09569],[-117.699808,49.095561],[-117.700211,49.095643],[-117.700185,49.095739]]]},"properties":{"OBJECTID":23216,"PMBCParcelGUID":"{6912886F-D44B-4822-8B14-A3BC7186F34B}","PMBC_PID":15899071,"PMBC_PIN":15899071,"PMBC_ParcelClass":"SUBDIVISION","PMBC_OwnerType":"PRIVATE","PMBC_LegalDescription":"LOT 1 BLOCK 12 DISTRICT LOT 2919 KOOTENAY DISTRICT PLAN 1262","Folio":"23201917000","FullAddress":"5 1797 COLUMBIA AVE , TRAIL","apt_no":"5","street_no":"1797","street_direction_prefix":null,"street_name":"COLUMBIA AVE","street_direction_suffix":null,"postal_code":"V1R 1K4","city":"TRAIL","province":"BC","AddressID":"J00003BWJ4","TempKey":"6912886F-D44B-4822-8B14-A3BC7186F34BJ00003BWJ4","GlobalID":"{B11ECC66-E092-4493-A029-060C9808E3B4}","Shape__Area":4.764084261500001e-8,"Shape__Length":0.0010576505942231783}},{"type":"Feature","geometry":{"type":"Polygon","coordinates":[[[-117.700185,49.095739],[-117.699773,49.09569],[-117.699808,49.095561],[-117.700211,49.095643],[-117.700185,49.095739]]]},"properties":{"OBJECTID":23217,"PMBCParcelGUID":"{6912886F-D44B-4822-8B14-A3BC7186F34B}","PMBC_PID":15899071,"PMBC_PIN":15899071,"PMBC_ParcelClass":"SUBDIVISION","PMBC_OwnerType":"PRIVATE","PMBC_LegalDescription":"LOT 1 BLOCK 12 DISTRICT LOT 2919 KOOTENAY DISTRICT PLAN 1262","Folio":"23201917000","FullAddress":"1795 COLUMBIA AVE , TRAIL","apt_no":null,"street_no":"1795","street_direction_prefix":null,"street_name":"COLUMBIA AVE","street_direction_suffix":null,"postal_code":"V1R 1K4","city":"TRAIL","province":"BC","AddressID":"J00003BWH7","TempKey":"6912886F-D44B-4822-8B14-A3BC7186F34BJ00003BWH7","GlobalID":"{C8EBF081-C980-42A1-8D74-373B494C1029}","Shape__Area":4.764084261500001e-8,"Shape__Length":0.0010576505942231783}},{"type":"Feature","geometry":{"type":"Polygon","coordinates":[[[-119.003373,49.060381],[-119.003422,49.060231],[-119.003426,49.060218],[-119.0036,49.060133],[-119.003665,49.060188],[-119.003709,49.060227],[-119.003708,49.060229],[-119.003695,49.060251],[-119.003693,49.060255],[-119.0034,49.060405],[-119.003373,49.060381]]]},"properties":{"OBJECTID":23218,"PMBCParcelGUID":"{2937330E-34E2-4A1D-BCE7-A3BCBCC1F1C8}","PMBC_PID":10332987,"PMBC_PIN":10332987,"PMBC_ParcelClass":"SUBDIVISION","PMBC_OwnerType":"CROWN PROVINCIAL","PMBC_LegalDescription":"THAT PART OF LOT 15 SHOWN ON PLAN H82 DISTRICT LOT 352 SIMILKAMEEN DIVISION YALE DISTRICT PLAN 5150","Folio":"71301098055","FullAddress":"ROCK CREEK CUTOFF RD , ROCK CREEK","apt_no":null,"street_no":null,"street_direction_prefix":null,"street_name":"ROCK CREEK CUTOFF RD","street_direction_suffix":null,"postal_code":"V0H 1Y0","city":"ROCK CREEK","province":"BC","AddressID":"A00000J6UM","TempKey":"2937330E-34E2-4A1D-BCE7-A3BCBCC1F1C8A00000J6UM","GlobalID":"{E6901A03-56D0-4474-A6EB-B716B3475E99}","Shape__Area":4.5009811877500014e-8,"Shape__Length":0.0009061398578784415}},{"type":"Feature","geometry":{"type":"Polygon","coordinates":[[[-117.656399,49.09823],[-117.656069,49.098036],[-117.656393,49.097941],[-117.656563,49.098161],[-117.656504,49.098179],[-117.656449,49.098202],[-117.656399,49.09823]]]},"properties":{"OBJECTID":23219,"PMBCParcelGUID":"{8BDA36CD-210D-48C2-8163-A3BDE1439D0A}","PMBC_PID":14413965,"PMBC_PIN":14413965,"PMBC_ParcelClass":"SUBDIVISION","PMBC_OwnerType":"PRIVATE","PMBC_LegalDescription":"LOT 11 BLOCK C DISTRICT LOT 4598 KOOTENAY DISTRICT PLAN 5725","Folio":"23203957000","FullAddress":"3880 DOGWOOD DR , TRAIL","apt_no":null,"street_no":"3880","street_direction_prefix":null,"street_name":"DOGWOOD DR","street_direction_suffix":null,"postal_code":"V1R 2V5","city":"TRAIL","province":"BC","AddressID":"A000018U8A","TempKey":"8BDA36CD-210D-48C2-8163-A3BDE1439D0AA000018U8A","GlobalID":"{3693F937-AECF-4713-8FA0-6B94A9E5E9F6}","Shape__Area":7.034759698900002e-8,"Shape__Length":0.0011764757956793162}},{"type":"Feature","geometry":{"type":"Polygon","coordinates":[[[-117.703223,49.092852],[-117.703299,49.092583],[-117.70343,49.092599],[-117.703354,49.092868],[-117.703223,49.092852]]]},"properties":{"OBJECTID":23220,"PMBCParcelGUID":"{26477178-E1F3-4B21-AED0-A3BE50334FD3}","PMBC_PID":6444857,"PMBC_PIN":6444857,"PMBC_ParcelClass":"SUBDIVISION","PMBC_OwnerType":"PRIVATE","PMBC_LegalDescription":"PARCEL A (EXPLANATORY PLAN 36691I) OF LOT 3 BLOCK 44 DISTRICT LOT 230 KOOTENAY DISTRICT PLAN 465D","Folio":"23200540000","FullAddress":"1870 OAK ST , TRAIL","apt_no":null,"street_no":"1870","street_direction_prefix":null,"street_name":"OAK ST","street_direction_suffix":null,"postal_code":"V1R 3Z6","city":"TRAIL","province":"BC","AddressID":"A000018REE","TempKey":"26477178-E1F3-4B21-AED0-A3BE50334FD3A000018REE","GlobalID":"{1229EEE2-649B-4D06-96A7-D1038665108E}","Shape__Area":3.662295058950001e-8,"Shape__Length":0.000824682729223389}},{"type":"Feature","geometry":{"type":"Polygon","coordinates":[[[-117.794655,49.07658],[-117.794685,49.076308],[-117.795001,49.076322],[-117.794989,49.076459],[-117.794977,49.076595],[-117.794655,49.07658]]]},"properties":{"OBJECTID":23221,"PMBCParcelGUID":"{E3DABDB4-9DD2-44CB-A011-A3BE5AE71675}","PMBC_PID":null,"PMBC_PIN":null,"PMBC_ParcelClass":"BUILDING STRATA","PMBC_OwnerType":"UNCLASS","PMBC_LegalDescription":null,"Folio":"22900807081","FullAddress":"2331 COLUMBIA AVE , ROSSLAND","apt_no":null,"street_no":"2331","street_direction_prefix":null,"street_name":"COLUMBIA AVE","street_direction_suffix":null,"postal_code":null,"city":"ROSSLAND","province":"BC","AddressID":"A000018PTB","TempKey":"E3DABDB4-9DD2-44CB-A011-A3BE5AE71675A000018PTB","GlobalID":"{F2F7D646-B26F-4D44-82F4-A86C483A2966}","Shape__Area":8.730477015300002e-8,"Shape__Length":0.0011862890573244367}},{"type":"Feature","geometry":{"type":"Polygon","coordinates":[[[-117.794655,49.07658],[-117.794685,49.076308],[-117.795001,49.076322],[-117.794989,49.076459],[-117.794977,49.076595],[-117.794655,49.07658]]]},"properties":{"OBJECTID":23222,"PMBCParcelGUID":"{E3DABDB4-9DD2-44CB-A011-A3BE5AE71675}","PMBC_PID":null,"PMBC_PIN":null,"PMBC_ParcelClass":"BUILDING STRATA","PMBC_OwnerType":"UNCLASS","PMBC_LegalDescription":null,"Folio":"22900807082","FullAddress":"2341 COLUMBIA AVE , ROSSLAND","apt_no":null,"street_no":"2341","street_direction_prefix":null,"street_name":"COLUMBIA AVE","street_direction_suffix":null,"postal_code":"V0G 1Y0","city":"ROSSLAND","province":"BC","AddressID":"A000018PTC","TempKey":"E3DABDB4-9DD2-44CB-A011-A3BE5AE71675A000018PTC","GlobalID":"{2B0E1CEC-9B57-4B62-9EF2-3D157D93285D}","Shape__Area":8.730477015300002e-8,"Shape__Length":0.0011862890573244367}},{"type":"Feature","geometry":{"type":"Polygon","coordinates":[[[-117.794655,49.07658],[-117.794685,49.076308],[-117.795001,49.076322],[-117.794989,49.076459],[-117.794977,49.076595],[-117.794655,49.07658]]]},"properties":{"OBJECTID":23223,"PMBCParcelGUID":"{E3DABDB4-9DD2-44CB-A011-A3BE5AE71675}","PMBC_PID":null,"PMBC_PIN":null,"PMBC_ParcelClass":"BUILDING STRATA","PMBC_OwnerType":"UNCLASS","PMBC_LegalDescription":null,"Folio":"22900807083","FullAddress":"2351 COLUMBIA AVE , ROSSLAND","apt_no":null,"street_no":"2351","street_direction_prefix":null,"street_name":"COLUMBIA AVE","street_direction_suffix":null,"postal_code":"V0G 1Y0","city":"ROSSLAND","province":"BC","AddressID":"A000018PTD","TempKey":"E3DABDB4-9DD2-44CB-A011-A3BE5AE71675A000018PTD","GlobalID":"{6E27F4AA-43BB-461C-9F6A-655EC57C8375}","Shape__Area":8.730477015300002e-8,"Shape__Length":0.0011862890573244367}},{"type":"Feature","geometry":{"type":"Polygon","coordinates":[[[-118.217703,49.062505],[-118.217373,49.062314],[-118.217725,49.062066],[-118.218363,49.062439],[-118.218224,49.062498],[-118.218131,49.062551],[-118.218063,49.0626],[-118.217783,49.062448],[-118.217703,49.062505]]]},"properties":{"OBJECTID":23224,"PMBCParcelGUID":"{F4379A4E-8095-4883-B15D-A3C3AA69C1DA}","PMBC_PID":8533873,"PMBC_PIN":8533873,"PMBC_ParcelClass":"SUBDIVISION","PMBC_OwnerType":"PRIVATE","PMBC_LegalDescription":"LOT A DISTRICT LOT 970 SIMILKAMEEN DIVISION YALE DISTRICT PLAN 16806","Folio":"71204476000","FullAddress":"2079 MASSIE RD , CHRISTINA LAKE","apt_no":null,"street_no":"2079","street_direction_prefix":null,"street_name":"MASSIE RD","street_direction_suffix":null,"postal_code":"V0H 1E2","city":"CHRISTINA LAKE","province":"BC","AddressID":"A00000J533","TempKey":"F4379A4E-8095-4883-B15D-A3C3AA69C1DAA00000J533","GlobalID":"{4267FE2F-E9DB-45B2-BD81-8BC37AF50797}","Shape__Area":2.4507714719550007e-7,"Shape__Length":0.0023085838049535425}},{"type":"Feature","geometry":{"type":"Polygon","coordinates":[[[-119.015341,49.079036],[-119.019478,49.079038],[-119.019804,49.079038],[-119.019946,49.079038],[-119.020022,49.079038],[-119.020106,49.079038],[-119.020177,49.079038],[-119.020154,49.07912],[-119.020118,49.079213],[-119.020071,49.079304],[-119.020015,49.079393],[-119.019949,49.079479],[-119.019892,49.07956],[-119.019842,49.079643],[-119.0198,49.079728],[-119.019766,49.079814],[-119.019635,49.080159],[-119.01957,49.080331],[-119.018839,49.080329],[-119.015349,49.080322],[-119.015341,49.079036]]]},"properties":{"OBJECTID":23225,"PMBCParcelGUID":"{64E97022-4574-4973-86D8-A3C6543B6C90}","PMBC_PID":27860019,"PMBC_PIN":27860019,"PMBC_ParcelClass":"SUBDIVISION","PMBC_OwnerType":"PRIVATE","PMBC_LegalDescription":"LOT 3 DISTRICT LOT 987 SIMILKAMEEN DIVISION YALE DISTRICT PLAN KAP88806","Folio":"71304500110","FullAddress":"HULME CREEK RD ","apt_no":null,"street_no":null,"street_direction_prefix":null,"street_name":"HULME CREEK RD","street_direction_suffix":null,"postal_code":null,"city":null,"province":"BC","AddressID":"D000006199","TempKey":"64E97022-4574-4973-86D8-A3C6543B6C90D000006199","GlobalID":"{F4888EA0-431E-496E-882C-74DC9E40C511}","Shape__Area":0.000005819250881504002,"Shape__Length":0.011780511176115888}},{"type":"Feature","geometry":{"type":"Polygon","coordinates":[[[-117.597939,49.057325],[-117.597936,49.057677],[-117.597366,49.057679],[-117.597363,49.057288],[-117.597939,49.057325]]]},"properties":{"OBJECTID":23226,"PMBCParcelGUID":"{CC433159-5F1E-4149-AC93-A3C711DBFF9E}","PMBC_PID":12758841,"PMBC_PIN":12758841,"PMBC_ParcelClass":"SUBDIVISION","PMBC_OwnerType":"PRIVATE","PMBC_LegalDescription":"LOT 41 (EXPLANATORY PLAN 34810I) TOWNSHIP 7A DISTRICT LOT 205A KOOTENAY DISTRICT PLAN 800","Folio":"71100932025","FullAddress":"393 COLUMBIA GARDENS RD , FRUITVALE","apt_no":null,"street_no":"393","street_direction_prefix":null,"street_name":"COLUMBIA GARDENS RD","street_direction_suffix":null,"postal_code":"V1R 4W6","city":"FRUITVALE","province":"BC","AddressID":"A000019LT4","TempKey":"CC433159-5F1E-4149-AC93-A3C711DBFF9EA000019LT4","GlobalID":"{06075700-AE1E-4ACD-AF2A-6557B451FA2D}","Shape__Area":2.1281747383150004e-7,"Shape__Length":0.0018899172119111454}},{"type":"Feature","geometry":{"type":"Polygon","coordinates":[[[-117.75174,49.092403],[-117.752052,49.092576],[-117.751928,49.092676],[-117.751614,49.092504],[-117.75174,49.092403]]]},"properties":{"OBJECTID":23227,"PMBCParcelGUID":"{3064872A-4700-4DAB-97AE-A3C875E9EE2B}","PMBC_PID":8746087,"PMBC_PIN":8746087,"PMBC_ParcelClass":"SUBDIVISION","PMBC_OwnerType":"PRIVATE","PMBC_LegalDescription":"LOT 10 BLOCK 2 DISTRICT LOT 4597 KOOTENAY DISTRICT PLAN 1939","Folio":"58800020000","FullAddress":"710 KIPLING ST , WARFIELD","apt_no":null,"street_no":"710","street_direction_prefix":null,"street_name":"KIPLING ST","street_direction_suffix":null,"postal_code":"V1R 2A4","city":"WARFIELD","province":"BC","AddressID":"A0000192GQ","TempKey":"3064872A-4700-4DAB-97AE-A3C875E9EE2BA0000192GQ","GlobalID":"{F7043DB5-EE69-4566-BA06-6F28D22F1891}","Shape__Area":5.319496647500001e-8,"Shape__Length":0.0010374424583281384}},{"type":"Feature","geometry":{"type":"Polygon","coordinates":[[[-118.537947,49.114265],[-118.537822,49.114266],[-118.537822,49.113991],[-118.537948,49.113988],[-118.537947,49.114265]]]},"properties":{"OBJECTID":23228,"PMBCParcelGUID":"{CFFE4B95-73A4-415F-A46F-A3CBE2B8B5EA}","PMBC_PID":14182939,"PMBC_PIN":14182939,"PMBC_ParcelClass":"SUBDIVISION","PMBC_OwnerType":"CROWN PROVINCIAL","PMBC_LegalDescription":"LOT 20 BLOCK 93 DISTRICT LOT 2005 SIMILKAMEEN DIVISION YALE DISTRICT PLAN 79","Folio":"71204853084","FullAddress":"","apt_no":null,"street_no":null,"street_direction_prefix":null,"street_name":null,"street_direction_suffix":null,"postal_code":null,"city":null,"province":"BC","AddressID":"D00000EV13","TempKey":"CFFE4B95-73A4-415F-A46F-A3CBE2B8B5EAD00000EV13","GlobalID":"{E8603D2B-329F-4D35-B7AE-B28714F9D357}","Shape__Area":3.459106472250001e-8,"Shape__Length":0.0008033248205757156}},{"type":"Feature","geometry":{"type":"Polygon","coordinates":[[[-117.797253,49.079724],[-117.79726,49.079724],[-117.79726,49.079724],[-117.797378,49.07973],[-117.797347,49.080003],[-117.797222,49.079997],[-117.797251,49.079742],[-117.797251,49.079741],[-117.797253,49.079724]]]},"properties":{"OBJECTID":23229,"PMBCParcelGUID":"{4E83345A-FEAC-4AD2-AC58-A3CCE49FF7ED}","PMBC_PID":16199812,"PMBC_PIN":16199812,"PMBC_ParcelClass":"SUBDIVISION","PMBC_OwnerType":"PRIVATE","PMBC_LegalDescription":"LOT 15 SECTION 35 TOWNSHIP 9A KOOTENAY DISTRICT PLAN 616","Folio":"22900675100","FullAddress":"THIRD AVE , ROSSLAND","apt_no":null,"street_no":null,"street_direction_prefix":null,"street_name":"THIRD AVE","street_direction_suffix":null,"postal_code":null,"city":"ROSSLAND","province":"BC","AddressID":"A000018PNV","TempKey":"4E83345A-FEAC-4AD2-AC58-A3CCE49FF7EDA000018PNV","GlobalID":"{B71D414D-55F8-4D15-AF4E-32CD567C9F01}","Shape__Area":3.426339826100001e-8,"Shape__Length":0.000799433578382687}},{"type":"Feature","geometry":{"type":"Polygon","coordinates":[[[-119.08707,49.434879],[-119.087105,49.434814],[-119.087502,49.434905],[-119.087467,49.43497],[-119.08707,49.434879]]]},"properties":{"OBJECTID":23230,"PMBCParcelGUID":"{013AFE7C-11CA-4976-BB88-A3CD5CB0957C}","PMBC_PID":3720501,"PMBC_PIN":3720501,"PMBC_ParcelClass":"SUBDIVISION","PMBC_OwnerType":"PRIVATE","PMBC_LegalDescription":"LOT 10 BLOCK 4 DISTRICT LOT 1545 SIMILKAMEEN DIVISION YALE DISTRICT PLAN 94","Folio":"71300088000","FullAddress":"5842 KIRSCHNER LANE ","apt_no":null,"street_no":"5842","street_direction_prefix":null,"street_name":"KIRSCHNER LANE","street_direction_suffix":null,"postal_code":"V0H 1A0","city":null,"province":"BC","AddressID":"A00000J6PZ","TempKey":"013AFE7C-11CA-4976-BB88-A3CD5CB0957CA00000J6PZ","GlobalID":"{BAFDE2CB-3A1D-4F08-B8D0-442950F6704F}","Shape__Area":2.879949184350001e-8,"Shape__Length":0.000961536661914857}},{"type":"Feature","geometry":{"type":"Polygon","coordinates":[[[-119.089381,49.438727],[-119.088986,49.438636],[-119.089021,49.438572],[-119.089416,49.438663],[-119.089381,49.438727]]]},"properties":{"OBJECTID":23231,"PMBCParcelGUID":"{C3AC6A26-57FE-4A15-BBD6-A3CFCAECB362}","PMBC_PID":12651010,"PMBC_PIN":12651010,"PMBC_ParcelClass":"SUBDIVISION","PMBC_OwnerType":"CROWN PROVINCIAL","PMBC_LegalDescription":"LOT 55 BLOCK 1 DISTRICT LOT 1545 SIMILKAMEEN DIVISION YALE DISTRICT PLAN 94","Folio":"71300045250","FullAddress":"","apt_no":null,"street_no":null,"street_direction_prefix":null,"street_name":null,"street_direction_suffix":null,"postal_code":null,"city":null,"province":"BC","AddressID":"D00000GMVC","TempKey":"C3AC6A26-57FE-4A15-BBD6-A3CFCAECB362D00000GMVC","GlobalID":"{559A2B1D-A33C-4563-A07C-16BC933E1772}","Shape__Area":2.8638929580000007e-8,"Shape__Length":0.0009579314160319229}},{"type":"Feature","geometry":{"type":"Polygon","coordinates":[[[-118.37627,49.566575],[-118.375528,49.568001],[-118.374826,49.569348],[-118.374528,49.56992],[-118.374513,49.569951],[-118.374374,49.56992],[-118.373211,49.569662],[-118.3703,49.569016],[-118.369598,49.56886],[-118.371318,49.56543],[-118.371555,49.564957],[-118.373142,49.565308],[-118.374029,49.567055],[-118.37627,49.566575]]]},"properties":{"OBJECTID":23232,"PMBCParcelGUID":"{693108DE-0515-46C1-A800-A3D06C0C2E16}","PMBC_PID":14983273,"PMBC_PIN":14983273,"PMBC_ParcelClass":"SUBDIVISION","PMBC_OwnerType":"CROWN PROVINCIAL","PMBC_LegalDescription":"THE SURFACE OF DISTRICT LOT 1204 SIMILKAMEEN DIVISION YALE DISTRICT KNOWN AS THE 'ALPHA' MINERAL CLAIM","Folio":"71204661000","FullAddress":"","apt_no":null,"street_no":null,"street_direction_prefix":null,"street_name":null,"street_direction_suffix":null,"postal_code":null,"city":null,"province":"BC","AddressID":"D00000GYLG","TempKey":"693108DE-0515-46C1-A800-A3D06C0C2E16D00000GYLG","GlobalID":"{425B1126-C320-4A10-A269-28E1EEF2E2AD}","Shape__Area":0.000018324135162105506,"Shape__Length":0.01908289367544828}},{"type":"Feature","geometry":{"type":"Polygon","coordinates":[[[-117.714542,49.095739],[-117.714559,49.095731],[-117.714595,49.095735],[-117.714757,49.095752],[-117.714677,49.095791],[-117.71463,49.095815],[-117.714573,49.095766],[-117.714542,49.095739]]]},"properties":{"OBJECTID":23233,"PMBCParcelGUID":"{F039C706-EB62-4DA7-A4CD-A3D2925D1EBE}","PMBC_PID":5269741,"PMBC_PIN":5269741,"PMBC_ParcelClass":"SUBDIVISION","PMBC_OwnerType":"PRIVATE","PMBC_LegalDescription":"LOT 4 BLOCK 64 DISTRICT LOT 230 KOOTENAY DISTRICT PLAN 1119 EXCEPT PLAN R122","Folio":"23200802200","FullAddress":"1021 BIRCH AVE , TRAIL","apt_no":null,"street_no":"1021","street_direction_prefix":null,"street_name":"BIRCH AVE","street_direction_suffix":null,"postal_code":"V1R 4K4","city":"TRAIL","province":"BC","AddressID":"A000018RL6","TempKey":"F039C706-EB62-4DA7-A4CD-A3D2925D1EBEA000018RL6","GlobalID":"{DA3B32E6-14B6-46AE-A726-09BC64B6688A}","Shape__Area":8.515903454000002e-9,"Shape__Length":0.0004765216852570359}},{"type":"Feature","geometry":{"type":"MultiPolygon","coordinates":[[[[-117.513894,49.144301],[-117.513854,49.14432],[-117.513812,49.144339],[-117.51378,49.144355],[-117.513482,49.144507],[-117.513343,49.144576],[-117.513156,49.144671],[-117.512998,49.144751],[-117.512908,49.144797],[-117.512431,49.144805],[-117.512443,49.145041],[-117.512426,49.145053],[-117.512328,49.145106],[-117.512235,49.145163],[-117.512142,49.14522],[-117.512048,49.145278],[-117.511941,49.145346],[-117.51181,49.145434],[-117.511709,49.145507],[-117.511588,49.14559],[-117.511501,49.145659],[-117.511413,49.145728],[-117.511318,49.145804],[-117.511205,49.145896],[-117.511135,49.145892],[-117.511153,49.143916],[-117.51448,49.143923],[-117.514453,49.143946],[-117.514423,49.143969],[-117.514392,49.143996],[-117.514358,49.144023],[-117.514295,49.144068],[-117.514261,49.144091],[-117.514224,49.144114],[-117.51416,49.144156],[-117.514123,49.144179],[-117.514085,49.144198],[-117.514015,49.14424],[-117.513973,49.14426],[-117.513934,49.144282],[-117.513894,49.144301]]],[[[-117.511956,49.145752],[-117.512004,49.145714],[-117.512053,49.145679],[-117.512133,49.145622],[-117.512215,49.145565],[-117.512299,49.145508],[-117.512383,49.14545],[-117.51244,49.145412],[-117.512498,49.145378],[-117.512507,49.145832],[-117.511851,49.145832],[-117.511903,49.145794],[-117.511956,49.145752]]],[[[-117.514744,49.144163],[-117.514784,49.144132],[-117.514823,49.144102],[-117.51487,49.144063],[-117.514905,49.14403],[-117.514943,49.143999],[-117.515078,49.143861],[-117.515458,49.143876],[-117.515469,49.144754],[-117.513663,49.144731],[-117.513703,49.144709],[-117.513811,49.14467],[-117.513888,49.14464],[-117.513966,49.144609],[-117.514042,49.144575],[-117.514105,49.144548],[-117.514155,49.144525],[-117.514204,49.144499],[-117.514275,49.144464],[-117.514322,49.144438],[-117.514399,49.144396],[-117.514445,49.144369],[-117.514489,49.144342],[-117.514574,49.144285],[-117.51464,49.144243],[-117.5147,49.144197],[-117.514744,49.144163]]]]},"properties":{"OBJECTID":23234,"PMBCParcelGUID":"{D523E2B2-5E55-4C34-B49B-A3D4E4D79726}","PMBC_PID":16039351,"PMBC_PIN":16039351,"PMBC_ParcelClass":"SUBDIVISION","PMBC_OwnerType":"PRIVATE","PMBC_LegalDescription":"LOT 279 DISTRICT LOT 1236 KOOTENAY DISTRICT PLAN 785D EXCEPT PLAN R193","Folio":"71105469000","FullAddress":"HIGHWAY 3B , FRUITVALE","apt_no":null,"street_no":null,"street_direction_prefix":null,"street_name":"HIGHWAY 3B","street_direction_suffix":null,"postal_code":null,"city":"FRUITVALE","province":"BC","AddressID":"A000019MHE","TempKey":"D523E2B2-5E55-4C34-B49B-A3D4E4D79726A000019MHE","GlobalID":"{49AD73D8-333B-462E-808A-B8F9F81F32C4}","Shape__Area":0.000004168150986468501,"Shape__Length":0.016040241905550475}},{"type":"Feature","geometry":{"type":"Polygon","coordinates":[[[-118.475146,49.043053],[-118.475291,49.042947],[-118.475385,49.042822],[-118.475485,49.042747],[-118.475564,49.042701],[-118.475644,49.042666],[-118.47571,49.042625],[-118.475828,49.04254],[-118.475886,49.042506],[-118.475956,49.042479],[-118.475994,49.042464],[-118.476288,49.042381],[-118.476271,49.042178],[-118.476271,49.042132],[-118.476267,49.04209],[-118.47625,49.042059],[-118.476229,49.042013],[-118.476221,49.041972],[-118.476214,49.041919],[-118.476206,49.041853],[-118.476196,49.04178],[-118.476181,49.041704],[-118.476161,49.041631],[-118.47616,49.041564],[-118.476156,49.041499],[-118.476156,49.041442],[-118.476602,49.040892],[-118.476684,49.040775],[-118.476812,49.040797],[-118.476993,49.040809],[-118.47708,49.04082],[-118.47728,49.040852],[-118.477408,49.040871],[-118.477643,49.040916],[-118.477779,49.040971],[-118.477913,49.041025],[-118.47798,49.041044],[-118.478039,49.041061],[-118.478227,49.041118],[-118.478463,49.041206],[-118.478567,49.041239],[-118.478633,49.041259],[-118.478658,49.041281],[-118.478574,49.041367],[-118.478463,49.04153],[-118.478428,49.041582],[-118.478359,49.04165],[-118.47832,49.041716],[-118.478231,49.041938],[-118.478175,49.042033],[-118.478075,49.04216],[-118.478016,49.042272],[-118.478017,49.042425],[-118.478031,49.042466],[-118.478031,49.042513],[-118.478031,49.042559],[-118.477792,49.042938],[-118.477778,49.043011],[-118.477746,49.043076],[-118.477715,49.043126],[-118.477684,49.043185],[-118.477653,49.04325],[-118.477628,49.043308],[-118.477607,49.043365],[-118.477586,49.043428],[-118.477555,49.0435],[-118.477517,49.04357],[-118.477496,49.043616],[-118.477468,49.043658],[-118.477422,49.0437],[-118.477381,49.043728],[-118.477313,49.043761],[-118.47725,49.043796],[-118.47719,49.043835],[-118.477033,49.043896],[-118.476692,49.044071],[-118.475817,49.044094],[-118.475631,49.044087],[-118.475465,49.044102],[-118.475297,49.044125],[-118.475203,49.044136],[-118.475177,49.044136],[-118.475089,49.044125],[-118.475013,49.044106],[-118.47495,49.044083],[-118.474481,49.043865],[-118.474462,49.043832],[-118.474448,49.043797],[-118.474461,49.043764],[-118.474477,49.043732],[-118.47486,49.043377],[-118.475146,49.043068],[-118.475146,49.043053]]]},"properties":{"OBJECTID":23235,"PMBCParcelGUID":"{AF96E7C7-E097-472C-9770-A3DBF4CB355E}","PMBC_PID":9825827,"PMBC_PIN":9825827,"PMBC_ParcelClass":"SUBDIVISION","PMBC_OwnerType":"CROWN AGENCY","PMBC_LegalDescription":"LOT 30 DISTRICT LOT 334 SIMILKAMEEN DIVISION YALE DISTRICT PLAN 8423","Folio":"71203861500","FullAddress":"","apt_no":null,"street_no":null,"street_direction_prefix":null,"street_name":null,"street_direction_suffix":null,"postal_code":null,"city":null,"province":"BC","AddressID":"D00000F5N1","TempKey":"AF96E7C7-E097-472C-9770-A3DBF4CB355ED00000F5N1","GlobalID":"{0E37FE17-9C83-4B4A-8267-21A23B302717}","Shape__Area":0.000007280704196111502,"Shape__Length":0.012190507566079931}},{"type":"Feature","geometry":{"type":"Polygon","coordinates":[[[-118.54341,49.077349],[-118.543457,49.077645],[-118.543513,49.07794],[-118.54358,49.078234],[-118.543658,49.078527],[-118.543745,49.078819],[-118.543843,49.07911],[-118.543952,49.079399],[-118.544061,49.079668],[-118.545222,49.082431],[-118.540405,49.082463],[-118.54034,49.078152],[-118.540294,49.075217],[-118.543164,49.075197],[-118.543126,49.075418],[-118.543219,49.075688],[-118.543376,49.077071],[-118.54341,49.077349]]]},"properties":{"OBJECTID":23236,"PMBCParcelGUID":"{1E15DF80-E97D-44AB-9609-A3DC3B8F7898}","PMBC_PID":3638910,"PMBC_PIN":3638910,"PMBC_ParcelClass":"SUBDIVISION","PMBC_OwnerType":"PRIVATE","PMBC_LegalDescription":"LOT A DISTRICT LOT 3231S SIMILKAMEEN DIVISION YALE DISTRICT PLAN 31607 EXCEPT PLAN 31956","Folio":"71207116051","FullAddress":"9800 HIGHWAY 3 ","apt_no":null,"street_no":"9800","street_direction_prefix":null,"street_name":"HIGHWAY 3","street_direction_suffix":null,"postal_code":null,"city":null,"province":"BC","AddressID":"A00000J63J","TempKey":"1E15DF80-E97D-44AB-9609-A3DC3B8F7898A00000J63J","GlobalID":"{4D9756F0-C015-4848-A821-16EF72914E95}","Shape__Area":0.000025934884316327508,"Shape__Length":0.022527075344939324}},{"type":"Feature","geometry":{"type":"Polygon","coordinates":[[[-117.717798,49.096531],[-117.717981,49.096568],[-117.717798,49.096572],[-117.717798,49.096531]]]},"properties":{"OBJECTID":23237,"PMBCParcelGUID":"{94A56A5F-5851-4637-867F-A3DCC5E28F4E}","PMBC_PID":13944231,"PMBC_PIN":13944231,"PMBC_ParcelClass":"SUBDIVISION","PMBC_OwnerType":"PRIVATE","PMBC_LegalDescription":"PARCEL 1 (SEE 108052I) OF PARCEL A (SEE 7798I) LOT 10 DISTRICT LOT 1073 KOOTENAY DISTRICT PLAN 748","Folio":"23201064010","FullAddress":"865 BELL PL , TRAIL","apt_no":null,"street_no":"865","street_direction_prefix":null,"street_name":"BELL PL","street_direction_suffix":null,"postal_code":"V1R 3K2","city":"TRAIL","province":"BC","AddressID":"D00000NPV1","TempKey":"94A56A5F-5851-4637-867F-A3DCC5E28F4ED00000NPV1","GlobalID":"{21FB2C40-4DCC-466B-AF0D-DDF56AB48B76}","Shape__Area":3.707170016500001e-9,"Shape__Length":0.00040945469390437093}},{"type":"Feature","geometry":{"type":"Polygon","coordinates":[[[-118.880195,49.33258],[-118.880269,49.332585],[-118.880407,49.332595],[-118.880611,49.33262],[-118.880913,49.332704],[-118.881145,49.332735],[-118.881273,49.332775],[-118.881418,49.332834],[-118.881517,49.332852],[-118.881609,49.332839],[-118.881695,49.332816],[-118.881745,49.332762],[-118.88176,49.332664],[-118.881781,49.332585],[-118.881821,49.332566],[-118.88197,49.332534],[-118.882142,49.33249],[-118.882348,49.332424],[-118.882628,49.332345],[-118.882777,49.332329],[-118.882887,49.332331],[-118.882992,49.332375],[-118.883155,49.332415],[-118.883328,49.332443],[-118.883393,49.332492],[-118.883528,49.332562],[-118.883708,49.33262],[-118.883928,49.332633],[-118.884106,49.332616],[-118.884608,49.33261],[-118.884786,49.332574],[-118.884876,49.332487],[-118.88496,49.33241],[-118.885029,49.332379],[-118.885098,49.332394],[-118.885163,49.332438],[-118.885251,49.332482],[-118.885378,49.332485],[-118.88546,49.332537],[-118.885496,49.3326],[-118.885568,49.332701],[-118.885702,49.332768],[-118.885813,49.332793],[-118.885981,49.332832],[-118.886143,49.332849],[-118.886285,49.33286],[-118.886297,49.336178],[-118.881719,49.336186],[-118.881584,49.336186],[-118.881252,49.33596],[-118.880312,49.335857],[-118.880311,49.335819],[-118.880199,49.332711],[-118.880196,49.332621],[-118.880195,49.33258]]]},"properties":{"OBJECTID":23238,"PMBCParcelGUID":"{0A163CFE-C784-442E-A999-A3DE23153EC0}","PMBC_PID":1747223,"PMBC_PIN":1747223,"PMBC_ParcelClass":"SUBDIVISION","PMBC_OwnerType":"PRIVATE","PMBC_LegalDescription":"LOT B DISTRICT LOT 2312 SIMILKAMEEN DIVISION YALE DISTRICT PLAN 32904 EXCEPT PLAN 39982","Folio":"71305105075","FullAddress":"5755 CHRISTIAN VALLEY RD ","apt_no":null,"street_no":"5755","street_direction_prefix":null,"street_name":"CHRISTIAN VALLEY RD","street_direction_suffix":null,"postal_code":null,"city":null,"province":"BC","AddressID":"A00000J8DC","TempKey":"0A163CFE-C784-442E-A999-A3DE23153EC0A00000J8DC","GlobalID":"{AAF4F026-9E5A-4C38-88E1-76665F7920C2}","Shape__Area":0.000021357837200275006,"Shape__Length":0.019278890532813918}},{"type":"Feature","geometry":{"type":"Polygon","coordinates":[[[-118.880195,49.33258],[-118.880269,49.332585],[-118.880407,49.332595],[-118.880611,49.33262],[-118.880913,49.332704],[-118.881145,49.332735],[-118.881273,49.332775],[-118.881418,49.332834],[-118.881517,49.332852],[-118.881609,49.332839],[-118.881695,49.332816],[-118.881745,49.332762],[-118.88176,49.332664],[-118.881781,49.332585],[-118.881821,49.332566],[-118.88197,49.332534],[-118.882142,49.33249],[-118.882348,49.332424],[-118.882628,49.332345],[-118.882777,49.332329],[-118.882887,49.332331],[-118.882992,49.332375],[-118.883155,49.332415],[-118.883328,49.332443],[-118.883393,49.332492],[-118.883528,49.332562],[-118.883708,49.33262],[-118.883928,49.332633],[-118.884106,49.332616],[-118.884608,49.33261],[-118.884786,49.332574],[-118.884876,49.332487],[-118.88496,49.33241],[-118.885029,49.332379],[-118.885098,49.332394],[-118.885163,49.332438],[-118.885251,49.332482],[-118.885378,49.332485],[-118.88546,49.332537],[-118.885496,49.3326],[-118.885568,49.332701],[-118.885702,49.332768],[-118.885813,49.332793],[-118.885981,49.332832],[-118.886143,49.332849],[-118.886285,49.33286],[-118.886297,49.336178],[-118.881719,49.336186],[-118.881584,49.336186],[-118.881252,49.33596],[-118.880312,49.335857],[-118.880311,49.335819],[-118.880199,49.332711],[-118.880196,49.332621],[-118.880195,49.33258]]]},"properties":{"OBJECTID":23239,"PMBCParcelGUID":"{0A163CFE-C784-442E-A999-A3DE23153EC0}","PMBC_PID":1747223,"PMBC_PIN":1747223,"PMBC_ParcelClass":"SUBDIVISION","PMBC_OwnerType":"PRIVATE","PMBC_LegalDescription":"LOT B DISTRICT LOT 2312 SIMILKAMEEN DIVISION YALE DISTRICT PLAN 32904 EXCEPT PLAN 39982","Folio":"71305105075","FullAddress":"5751 CHRISTIAN VALLEY RD ","apt_no":null,"street_no":"5751","street_direction_prefix":null,"street_name":"CHRISTIAN VALLEY RD","street_direction_suffix":null,"postal_code":null,"city":null,"province":"BC","AddressID":"A00000J8DD","TempKey":"0A163CFE-C784-442E-A999-A3DE23153EC0A00000J8DD","GlobalID":"{32A7A53E-61C9-44B5-A8B2-D2857D00D847}","Shape__Area":0.000021357837200275006,"Shape__Length":0.019278890532813918}},{"type":"Feature","geometry":{"type":"Polygon","coordinates":[[[-117.813096,49.10036],[-117.813553,49.100312],[-117.813647,49.100567],[-117.813662,49.100606],[-117.813603,49.100615],[-117.813543,49.100622],[-117.813459,49.100633],[-117.813376,49.100649],[-117.813296,49.10067],[-117.813096,49.10036]]]},"properties":{"OBJECTID":23240,"PMBCParcelGUID":"{6AD40089-0397-4496-86B2-A3E3A327AB5A}","PMBC_PID":27899721,"PMBC_PIN":27899721,"PMBC_ParcelClass":"BARE LAND STRATA","PMBC_OwnerType":"PRIVATE","PMBC_LegalDescription":"STRATA LOT 11 TOWNSHIP 28 KOOTENAY DISTRICT STRATA PLAN NES3660 TOGETHER WITH AN INTEREST IN THE COMMON PROPERTY IN PROPORTION TO THE UNIT ENTITLEMENT OF THE STRATA LOT AS SHOWN ON FORM V","Folio":"22903010111","FullAddress":"214 CEDAR CREEK PL , ROSSLAND","apt_no":null,"street_no":"214","street_direction_prefix":null,"street_name":"CEDAR CREEK PL","street_direction_suffix":null,"postal_code":null,"city":"ROSSLAND","province":"BC","AddressID":"D00000630W","TempKey":"6AD40089-0397-4496-86B2-A3E3A327AB5AD00000630W","GlobalID":"{0D9180AB-5069-4282-8EE0-0233219650A4}","Shape__Area":1.3125415701100003e-7,"Shape__Length":0.0015138587604489296}},{"type":"Feature","geometry":{"type":"Polygon","coordinates":[[[-118.527305,49.114162],[-118.52743,49.11416],[-118.527429,49.114437],[-118.527304,49.11444],[-118.527305,49.114162]]]},"properties":{"OBJECTID":23241,"PMBCParcelGUID":"{68724262-1CCE-414A-9727-A3E460E26F38}","PMBC_PID":14173697,"PMBC_PIN":14173697,"PMBC_ParcelClass":"SUBDIVISION","PMBC_OwnerType":"CROWN PROVINCIAL","PMBC_LegalDescription":"LOT 20 BLOCK 87 DISTRICT LOT 2005 SIMILKAMEEN DIVISION YALE DISTRICT PLAN 79","Folio":"71204852796","FullAddress":"","apt_no":null,"street_no":null,"street_direction_prefix":null,"street_name":null,"street_direction_suffix":null,"postal_code":null,"city":null,"province":"BC","AddressID":"D00000FF29","TempKey":"68724262-1CCE-414A-9727-A3E460E26F38D00000FF29","GlobalID":"{1696E2F6-80BD-444E-8A36-9544A072522D}","Shape__Area":3.477852167300001e-8,"Shape__Length":0.0008056005985173805}},{"type":"Feature","geometry":{"type":"Polygon","coordinates":[[[-118.115394,49.018093],[-118.115395,49.018111],[-118.104586,49.019866],[-118.10457,49.019585],[-118.104537,49.018999],[-118.110348,49.018334],[-118.115356,49.017437],[-118.115363,49.017555],[-118.115394,49.018093]]]},"properties":{"OBJECTID":23242,"PMBCParcelGUID":"{C5F4D254-79E3-45BF-80F7-A3E509E8CC02}","PMBC_PID":18070825,"PMBC_PIN":18070825,"PMBC_ParcelClass":"INTEREST","PMBC_OwnerType":"CROWN PROVINCIAL","PMBC_LegalDescription":"THAT PART DISTRICT LOT 748 SIMILKAMEEN DIVISION YALE DISTRICT SHOWN ON PLAN 36150","Folio":"71204028005","FullAddress":"","apt_no":null,"street_no":null,"street_direction_prefix":null,"street_name":null,"street_direction_suffix":null,"postal_code":null,"city":null,"province":"BC","AddressID":"D00000EVLL","TempKey":"C5F4D254-79E3-45BF-80F7-A3E509E8CC02D00000EVLL","GlobalID":"{FC2E7AEF-1A04-49A2-989C-66EC25B75580}","Shape__Area":0.000007468467903301502,"Shape__Length":0.02343175008876276}},{"type":"Feature","geometry":{"type":"Polygon","coordinates":[[[-118.596127,49.097314],[-118.596218,49.097047],[-118.59634,49.097065],[-118.59625,49.097332],[-118.596127,49.097314]]]},"properties":{"OBJECTID":23243,"PMBCParcelGUID":"{387D50EE-C53D-4ECB-A9F2-A3E55A2C376B}","PMBC_PID":12251518,"PMBC_PIN":12251518,"PMBC_ParcelClass":"SUBDIVISION","PMBC_OwnerType":"PRIVATE","PMBC_LegalDescription":"LOT 4 BLOCK 2 DISTRICT LOT 933 SIMILKAMEEN DIVISION YALE DISTRICT PLAN 60","Folio":"71203494013","FullAddress":"","apt_no":null,"street_no":null,"street_direction_prefix":null,"street_name":null,"street_direction_suffix":null,"postal_code":null,"city":null,"province":"BC","AddressID":"D00000GYC9","TempKey":"387D50EE-C53D-4ECB-A9F2-A3E55A2C376BD00000GYC9","GlobalID":"{E71F9927-D5F2-401A-8A45-82A28C21E191}","Shape__Area":3.441537908900001e-8,"Shape__Length":0.0008125445166713875}},{"type":"Feature","geometry":{"type":"Polygon","coordinates":[[[-118.227768,49.101087],[-118.227895,49.10092],[-118.227903,49.100908],[-118.227989,49.100937],[-118.228105,49.100977],[-118.228196,49.101014],[-118.228186,49.101028],[-118.228118,49.101119],[-118.228069,49.101184],[-118.227876,49.101121],[-118.227768,49.101087]]]},"properties":{"OBJECTID":23244,"PMBCParcelGUID":"{18654470-D6E2-4783-8F71-A3E5854A1FBC}","PMBC_PID":10149082,"PMBC_PIN":10149082,"PMBC_ParcelClass":"SUBDIVISION","PMBC_OwnerType":"PRIVATE","PMBC_LegalDescription":"LOT 3 BLOCK 1 DISTRICT LOT 963 SIMILKAMEEN DIVISION YALE DISTRICT PLAN 6348","Folio":"71204241000","FullAddress":"161 BROWN RD , CHRISTINA LAKE","apt_no":null,"street_no":"161","street_direction_prefix":null,"street_name":"BROWN RD","street_direction_suffix":null,"postal_code":"V0H 1E1","city":"CHRISTINA LAKE","province":"BC","AddressID":"A00000J4SB","TempKey":"18654470-D6E2-4783-8F71-A3E5854A1FBCA00000J4SB","GlobalID":"{E5B8826B-FB06-47F7-A6A5-98D25D628407}","Shape__Area":6.562936256300001e-8,"Shape__Length":0.001064556016095362}},{"type":"Feature","geometry":{"type":"Polygon","coordinates":[[[-118.353483,49.55365],[-118.353504,49.553599],[-118.353911,49.553669],[-118.353879,49.553749],[-118.353471,49.553679],[-118.353483,49.55365]]]},"properties":{"OBJECTID":23245,"PMBCParcelGUID":"{6D4D60D5-5D94-4D78-A213-A3E6BF69A80E}","PMBC_PID":12528692,"PMBC_PIN":12528692,"PMBC_ParcelClass":"SUBDIVISION","PMBC_OwnerType":"CROWN PROVINCIAL","PMBC_LegalDescription":"LOT 7 BLOCK 2 DISTRICT LOT 3672 SIMILKAMEEN DIVISION YALE DISTRICT PLAN 323","Folio":"71207205042","FullAddress":"","apt_no":null,"street_no":null,"street_direction_prefix":null,"street_name":null,"street_direction_suffix":null,"postal_code":null,"city":null,"province":"BC","AddressID":"D00000FRC9","TempKey":"6D4D60D5-5D94-4D78-A213-A3E6BF69A80ED00000FRC9","GlobalID":"{89562D59-8C43-4E68-B9A7-D1F496947909}","Shape__Area":3.465158557000001e-8,"Shape__Length":0.000998313538433323}},{"type":"Feature","geometry":{"type":"Polygon","coordinates":[[[-118.210009,49.040953],[-118.21051,49.040948],[-118.210513,49.041085],[-118.210012,49.04109],[-118.210009,49.040953]]]},"properties":{"OBJECTID":23246,"PMBCParcelGUID":"{1CF9AB73-D648-4912-A5C4-A3E83D7E16DF}","PMBC_PID":12512877,"PMBC_PIN":12512877,"PMBC_ParcelClass":"SUBDIVISION","PMBC_OwnerType":"PRIVATE","PMBC_LegalDescription":"LOT 8 BLOCK 5 DISTRICT LOT 317 SIMILKAMEEN DIVISION YALE DISTRICT PLAN 50","Folio":"71200224000","FullAddress":"1608 BENNIGER RD , CHRISTINA LAKE","apt_no":null,"street_no":"1608","street_direction_prefix":null,"street_name":"BENNIGER RD","street_direction_suffix":null,"postal_code":"V0H 1E0","city":"CHRISTINA LAKE","province":"BC","AddressID":"A00000J2MY","TempKey":"1CF9AB73-D648-4912-A5C4-A3E83D7E16DFA00000J2MY","GlobalID":"{267EE53D-B7F7-4E0C-BBB4-6712540ADBCE}","Shape__Area":6.862700133200002e-8,"Shape__Length":0.0012750364273461}},{"type":"Feature","geometry":{"type":"Polygon","coordinates":[[[-117.69679,49.096254],[-117.696715,49.096524],[-117.696703,49.096522],[-117.696777,49.096253],[-117.69679,49.096254]]]},"properties":{"OBJECTID":23247,"PMBCParcelGUID":"{45A05D26-F516-42A3-AC81-A3E9E1A9D33A}","PMBC_PID":15866581,"PMBC_PIN":15866581,"PMBC_ParcelClass":"SUBDIVISION","PMBC_OwnerType":"PRIVATE","PMBC_LegalDescription":"LOT 10 BLOCK 14 DISTRICT LOT 2919 KOOTENAY DISTRICT PLAN 1262, EXCEPT PARCEL A (SEE 24202I)","Folio":"23201945000","FullAddress":"1865 SECOND AVE , TRAIL","apt_no":null,"street_no":"1865","street_direction_prefix":null,"street_name":"SECOND AVE","street_direction_suffix":null,"postal_code":"V1R 1M8","city":"TRAIL","province":"BC","AddressID":"A000018SG5","TempKey":"45A05D26-F516-42A3-AC81-A3E9E1A9D33AA000018SG5","GlobalID":"{8EFB8D7E-D4DB-4184-88D6-B84776299075}","Shape__Area":3.423686416000001e-9,"Shape__Length":0.0005835507508476038}},{"type":"Feature","geometry":{"type":"Polygon","coordinates":[[[-118.44391,49.023572],[-118.44391,49.023556],[-118.443928,49.023564],[-118.443996,49.023595],[-118.444154,49.02367],[-118.44426,49.023714],[-118.444436,49.023778],[-118.444471,49.023794],[-118.444538,49.023823],[-118.444592,49.023842],[-118.444532,49.023842],[-118.443919,49.023843],[-118.443913,49.023843],[-118.44391,49.023763],[-118.44391,49.023744],[-118.44391,49.023572]]]},"properties":{"OBJECTID":23248,"PMBCParcelGUID":"{2CE77D9A-676B-44C3-929A-A3EF522EFB74}","PMBC_PID":3473121,"PMBC_PIN":3473121,"PMBC_ParcelClass":"SUBDIVISION","PMBC_OwnerType":"LOCAL GOVERNMENT","PMBC_LegalDescription":"LOT A DISTRICT LOT 382 SIMILKAMEEN DIVISION YALE DISTRICT PLAN 32377","Folio":"21001407000","FullAddress":"66TH AVE , GRAND FORKS","apt_no":null,"street_no":null,"street_direction_prefix":null,"street_name":"66TH AVE","street_direction_suffix":null,"postal_code":null,"city":"GRAND FORKS","province":"BC","AddressID":"A00000H902","TempKey":"2CE77D9A-676B-44C3-929A-A3EF522EFB74A00000H902","GlobalID":"{B8ACB0E6-E8BF-4C64-AC0A-64758C2CC26F}","Shape__Area":9.359650595950003e-8,"Shape__Length":0.001706395568940638}},{"type":"Feature","geometry":{"type":"Polygon","coordinates":[[[-119.089441,49.438742],[-119.089476,49.438678],[-119.089868,49.438768],[-119.089833,49.438833],[-119.089441,49.438742]]]},"properties":{"OBJECTID":23249,"PMBCParcelGUID":"{E9B03C94-BC63-43FF-A3D6-A3F08929445B}","PMBC_PID":12651061,"PMBC_PIN":12651061,"PMBC_ParcelClass":"SUBDIVISION","PMBC_OwnerType":"CROWN PROVINCIAL","PMBC_LegalDescription":"LOT 60 BLOCK 1 DISTRICT LOT 1545 SIMILKAMEEN DIVISION YALE DISTRICT PLAN 94","Folio":"71300045255","FullAddress":"","apt_no":null,"street_no":null,"street_direction_prefix":null,"street_name":null,"street_direction_suffix":null,"postal_code":null,"city":null,"province":"BC","AddressID":"D00000FRET","TempKey":"E9B03C94-BC63-43FF-A3D6-A3F08929445BD00000FRET","GlobalID":"{5B5481A0-B1B4-461B-AA39-A8E1A9312005}","Shape__Area":2.8449411847500007e-8,"Shape__Length":0.0009514433398852517}},{"type":"Feature","geometry":{"type":"Polygon","coordinates":[[[-118.470306,49.083968],[-118.470245,49.080117],[-118.471029,49.080123],[-118.474235,49.08302],[-118.473191,49.084873],[-118.473024,49.084785],[-118.47167,49.084071],[-118.470745,49.083874],[-118.470306,49.083968]]]},"properties":{"OBJECTID":23250,"PMBCParcelGUID":"{E4FF202B-A649-4EFD-819D-A3F315A37DCE}","PMBC_PID":3151581,"PMBC_PIN":3151581,"PMBC_ParcelClass":"SUBDIVISION","PMBC_OwnerType":"PRIVATE","PMBC_LegalDescription":"LOT 3 DISTRICT LOT 594S SIMILKAMEEN DIVISION YALE DISTRICT PLAN 33534","Folio":"71203518070","FullAddress":"9775 OLD NORTH FORK RD , GRAND FORKS","apt_no":null,"street_no":"9775","street_direction_prefix":null,"street_name":"OLD NORTH FORK RD","street_direction_suffix":null,"postal_code":"V0H 1H2","city":"GRAND FORKS","province":"BC","AddressID":"A00000J46S","TempKey":"E4FF202B-A649-4EFD-819D-A3F315A37DCEA00000J46S","GlobalID":"{12D2224E-896E-4711-9BF7-4A6BFE886748}","Shape__Area":0.000011311078251743004,"Shape__Length":0.014198217319905044}},{"type":"Feature","geometry":{"type":"Polygon","coordinates":[[[-118.905229,49.109897],[-118.905597,49.109897],[-118.907574,49.109894],[-118.9095,49.10978],[-118.909509,49.11045],[-118.909511,49.110631],[-118.909748,49.113196],[-118.898488,49.11332],[-118.898283,49.109902],[-118.905229,49.109897]]]},"properties":{"OBJECTID":23251,"PMBCParcelGUID":"{7FE768C6-B761-46A0-8772-A3F3C1D16CEA}","PMBC_PID":15047831,"PMBC_PIN":15047831,"PMBC_ParcelClass":"SUBDIVISION","PMBC_OwnerType":"CROWN PROVINCIAL","PMBC_LegalDescription":"DISTRICT LOT 1721S SIMILKAMEEN DIVISION YALE DISTRICT","Folio":"71304908500","FullAddress":"","apt_no":null,"street_no":null,"street_direction_prefix":null,"street_name":null,"street_direction_suffix":null,"postal_code":null,"city":null,"province":"BC","AddressID":"D00000FRR9","TempKey":"7FE768C6-B761-46A0-8772-A3F3C1D16CEAD00000FRR9","GlobalID":"{80F77527-9AA1-4C55-A58E-17ADCE1917B2}","Shape__Area":0.00003781493032131401,"Shape__Length":0.029331653302475384}},{"type":"Feature","geometry":{"type":"Polygon","coordinates":[[[-117.69063,49.099894],[-117.690763,49.099696],[-117.6908,49.09964],[-117.69097,49.099689],[-117.690991,49.099695],[-117.690821,49.09995],[-117.69063,49.099894]]]},"properties":{"OBJECTID":23252,"PMBCParcelGUID":"{48EDD976-8B4E-4C22-8E43-A3F5671C05DC}","PMBC_PID":15683494,"PMBC_PIN":15683494,"PMBC_ParcelClass":"SUBDIVISION","PMBC_OwnerType":"PRIVATE","PMBC_LegalDescription":"LOT 12 BLOCK 18 DISTRICT LOT 4598 KOOTENAY DISTRICT PLAN 1684","Folio":"23203317000","FullAddress":"2142 SEVENTH AVE , TRAIL","apt_no":null,"street_no":"2142","street_direction_prefix":null,"street_name":"SEVENTH AVE","street_direction_suffix":null,"postal_code":null,"city":"TRAIL","province":"BC","AddressID":"A000018TES","TempKey":"48EDD976-8B4E-4C22-8E43-A3F5671C05DCA000018TES","GlobalID":"{C128C0BB-59AB-4570-B333-45691DB70602}","Shape__Area":5.794932171150002e-8,"Shape__Length":0.0010094315404487607}},{"type":"Feature","geometry":{"type":"Polygon","coordinates":[[[-118.213673,49.036134],[-118.213673,49.036153],[-118.21407,49.036149],[-118.214073,49.036302],[-118.213677,49.036306],[-118.213531,49.036308],[-118.213673,49.036134]]]},"properties":{"OBJECTID":23253,"PMBCParcelGUID":"{ECE28444-8637-407D-98E4-A3F91A1CB658}","PMBC_PID":29776031,"PMBC_PIN":29776031,"PMBC_ParcelClass":"BARE LAND STRATA","PMBC_OwnerType":"PRIVATE","PMBC_LegalDescription":"STRATA LOT 37 DISTRICT LOT 317 SIMILKAMEEN DIVISION YALE DISTRICT STRATA PLAN KAS1647 TOGETHER WITH AN INTEREST IN THE COMMON PROPERTY IN PROPORTION TO THE UNIT ENTITLEMENT OF THE STRATA LOT AS SHOWN ON FORM V","Folio":"71202536670","FullAddress":"29 1500 NEIMI RD , CHRISTINA LAKE","apt_no":"29","street_no":"1500","street_direction_prefix":null,"street_name":"NEIMI RD","street_direction_suffix":null,"postal_code":"V0H 1E2","city":"CHRISTINA LAKE","province":"BC","AddressID":"D00000DAH7","TempKey":"ECE28444-8637-407D-98E4-A3F91A1CB658D00000DAH7","GlobalID":"{875CAFA5-3911-4E5B-A150-0273FF0F081D}","Shape__Area":7.318270411250002e-8,"Shape__Length":0.001335500048983151}},{"type":"Feature","geometry":{"type":"MultiPolygon","coordinates":[[[[-118.614642,49.034484],[-118.618117,49.036553],[-118.622855,49.036692],[-118.625304,49.036653],[-118.625313,49.036696],[-118.622987,49.036767],[-118.618212,49.036652],[-118.614738,49.034598],[-118.614642,49.034484]]],[[[-118.614143,49.034246],[-118.614087,49.034198],[-118.614151,49.034198],[-118.614143,49.034246]]]]},"properties":{"OBJECTID":23254,"PMBCParcelGUID":"{5F3AAA89-D60E-4AAE-B869-A3F9879DE73F}","PMBC_PID":25654489,"PMBC_PIN":25654489,"PMBC_ParcelClass":"INTEREST","PMBC_OwnerType":"CROWN PROVINCIAL","PMBC_LegalDescription":"THAT PORTION OF DISTRICT LOT 1580S SIMILKAMEEN DIVISION YALE DISTRICT SHOWN ON PLAN KAP73482","Folio":"71304873010","FullAddress":"","apt_no":null,"street_no":null,"street_direction_prefix":null,"street_name":null,"street_direction_suffix":null,"postal_code":null,"city":null,"province":"BC","AddressID":"D00000FM4T","TempKey":"5F3AAA89-D60E-4AAE-B869-A3F9879DE73FD00000FM4T","GlobalID":"{85DD3F6C-630B-41BC-80FD-8726A8736C94}","Shape__Area":7.145257121060002e-7,"Shape__Length":0.022749624599561216}},{"type":"Feature","geometry":{"type":"Polygon","coordinates":[[[-118.715979,49.03648],[-118.713727,49.03622],[-118.712981,49.036184],[-118.712986,49.036008],[-118.71373,49.03604],[-118.714913,49.036178],[-118.716025,49.036314],[-118.716171,49.036335],[-118.716303,49.03635],[-118.716344,49.036355],[-118.716427,49.036365],[-118.716413,49.036417],[-118.716398,49.036472],[-118.716383,49.036527],[-118.716338,49.036521],[-118.716192,49.036504],[-118.71613,49.036497],[-118.715979,49.03648]]]},"properties":{"OBJECTID":23255,"PMBCParcelGUID":"{77D0CEE2-B8FD-441B-A5D0-A3FA809E69C9}","PMBC_PID":25656694,"PMBC_PIN":25656694,"PMBC_ParcelClass":"INTEREST","PMBC_OwnerType":"CROWN PROVINCIAL","PMBC_LegalDescription":"THAT PART OF UNSURVEYED CROWN LAND SIMILKAMEEN DIVISION YALE DISTRICT SHOWN ON PLAN KAP73503","Folio":"71304131050","FullAddress":"","apt_no":null,"street_no":null,"street_direction_prefix":null,"street_name":null,"street_direction_suffix":null,"postal_code":null,"city":null,"province":"BC","AddressID":"D00000EVCZ","TempKey":"77D0CEE2-B8FD-441B-A5D0-A3FA809E69C9D00000EVCZ","GlobalID":"{6A481F09-208E-4911-ACA7-126CC94DEACB}","Shape__Area":6.039902510655002e-7,"Shape__Length":0.007225848338245816}},{"type":"Feature","geometry":{"type":"Polygon","coordinates":[[[-117.792194,49.068732],[-117.792321,49.069082],[-117.792018,49.069121],[-117.791868,49.06914],[-117.791766,49.068799],[-117.7919,49.068769],[-117.791923,49.068764],[-117.792003,49.068749],[-117.792084,49.068739],[-117.792167,49.068733],[-117.792194,49.068732]]]},"properties":{"OBJECTID":23256,"PMBCParcelGUID":"{0345913E-4C95-4217-B49F-A3FA8F23F671}","PMBC_PID":30278597,"PMBC_PIN":30278597,"PMBC_ParcelClass":"SUBDIVISION","PMBC_OwnerType":"PRIVATE","PMBC_LegalDescription":"LOT A SECTION 26 TOWNSHIP 9A KOOTENAY DISTRICT PLAN EPP73543","Folio":"22901609555","FullAddress":"1026 SILVERTIP RD , ROSSLAND","apt_no":null,"street_no":"1026","street_direction_prefix":null,"street_name":"SILVERTIP RD","street_direction_suffix":null,"postal_code":"V0G 1Y0","city":"ROSSLAND","province":"BC","AddressID":"D00000HW0Y","TempKey":"0345913E-4C95-4217-B49F-A3FA8F23F671D00000HW0Y","GlobalID":"{548AC4A1-5195-4E4B-A59E-4FC5E4A55242}","Shape__Area":1.6266361794400003e-7,"Shape__Length":0.0016194416235670215}},{"type":"Feature","geometry":{"type":"Polygon","coordinates":[[[-117.717834,49.108111],[-117.71785,49.108145],[-117.717333,49.108252],[-117.717316,49.108219],[-117.717834,49.108111]]]},"properties":{"OBJECTID":23257,"PMBCParcelGUID":"{32136A4D-9BE2-4DC1-90EE-A3FBC4156234}","PMBC_PID":15690865,"PMBC_PIN":15690865,"PMBC_ParcelClass":"SUBDIVISION","PMBC_OwnerType":"PRIVATE","PMBC_LegalDescription":"PARCEL 1 (SEE 160126I) OF LOT 109 DISTRICT LOT 367 KOOTENAY DISTRICT PLAN 1644","Folio":"23204056000","FullAddress":"104 KOOTENAY AVE , TRAIL","apt_no":null,"street_no":"104","street_direction_prefix":null,"street_name":"KOOTENAY AVE","street_direction_suffix":null,"postal_code":"V1R 1H4","city":"TRAIL","province":"BC","AddressID":"A000018UAY","TempKey":"32136A4D-9BE2-4DC1-90EE-A3FBC4156234A000018UAY","GlobalID":"{934CE749-4B74-495E-A4D2-09A0C5C7802A}","Shape__Area":1.9333332040000004e-8,"Shape__Length":0.0011323862241598439}},{"type":"Feature","geometry":{"type":"Polygon","coordinates":[[[-118.438095,49.034193],[-118.438079,49.034197],[-118.437995,49.034061],[-118.437936,49.033965],[-118.437903,49.03391],[-118.437918,49.033907],[-118.438101,49.033858],[-118.438277,49.034144],[-118.438095,49.034193]]]},"properties":{"OBJECTID":23258,"PMBCParcelGUID":"{FD0A00B9-7F25-4592-84BE-A3FE2EE1193E}","PMBC_PID":17403944,"PMBC_PIN":17403944,"PMBC_ParcelClass":"SUBDIVISION","PMBC_OwnerType":"PRIVATE","PMBC_LegalDescription":"LOT A DISTRICT LOT 108 SIMILKAMEEN DIVISION YALE DISTRICT PLAN KAP45378","Folio":"21000041005","FullAddress":"7431 2ND ST , GRAND FORKS","apt_no":null,"street_no":"7431","street_direction_prefix":null,"street_name":"2ND ST","street_direction_suffix":null,"postal_code":"V0H 1H4","city":"GRAND FORKS","province":"BC","AddressID":"A00000H6NM","TempKey":"FD0A00B9-7F25-4592-84BE-A3FE2EE1193EA00000H6NM","GlobalID":"{C0B0B6CE-0DCB-491B-BF41-331DE75AAB18}","Shape__Area":6.615885146450002e-8,"Shape__Length":0.0010832480902839244}},{"type":"Feature","geometry":{"type":"Polygon","coordinates":[[[-118.438095,49.034193],[-118.438079,49.034197],[-118.437995,49.034061],[-118.437936,49.033965],[-118.437903,49.03391],[-118.437918,49.033907],[-118.438101,49.033858],[-118.438277,49.034144],[-118.438095,49.034193]]]},"properties":{"OBJECTID":23259,"PMBCParcelGUID":"{FD0A00B9-7F25-4592-84BE-A3FE2EE1193E}","PMBC_PID":17403944,"PMBC_PIN":17403944,"PMBC_ParcelClass":"SUBDIVISION","PMBC_OwnerType":"PRIVATE","PMBC_LegalDescription":"LOT A DISTRICT LOT 108 SIMILKAMEEN DIVISION YALE DISTRICT PLAN KAP45378","Folio":"21000041005","FullAddress":"221 CENTRAL AVE , GRAND FORKS","apt_no":null,"street_no":"221","street_direction_prefix":null,"street_name":"CENTRAL AVE","street_direction_suffix":null,"postal_code":"V0H 1H2","city":"GRAND FORKS","province":"BC","AddressID":"A00000H6NN","TempKey":"FD0A00B9-7F25-4592-84BE-A3FE2EE1193EA00000H6NN","GlobalID":"{BE01DAE7-028D-4708-9CB6-323FD0579DC4}","Shape__Area":6.615885146450002e-8,"Shape__Length":0.0010832480902839244}},{"type":"Feature","geometry":{"type":"Polygon","coordinates":[[[-118.449306,49.030881],[-118.449689,49.03078],[-118.449859,49.031054],[-118.449731,49.031089],[-118.449603,49.031123],[-118.449475,49.031156],[-118.449306,49.030881]]]},"properties":{"OBJECTID":23260,"PMBCParcelGUID":"{02FE39C1-0446-4AC6-9D70-A3FF4CB9EEA9}","PMBC_PID":29411441,"PMBC_PIN":29411441,"PMBC_ParcelClass":"SUBDIVISION","PMBC_OwnerType":"PRIVATE","PMBC_LegalDescription":"PARCEL C (BEING A CONSOLIDATION OF LOTS 1, 2 AND 3 SEE CA4003691) BLOCK 41 DISTRICT LOT 381 SIMILKAMEEN DIVISION YALE DISTRICT PLAN 72","Folio":"21000378005","FullAddress":"1121 CENTRAL AVE , GRAND FORKS","apt_no":null,"street_no":"1121","street_direction_prefix":null,"street_name":"CENTRAL AVE","street_direction_suffix":null,"postal_code":"V0H 1H2","city":"GRAND FORKS","province":"BC","AddressID":"A00000H749","TempKey":"02FE39C1-0446-4AC6-9D70-A3FF4CB9EEA9A00000H749","GlobalID":"{38C28381-A863-4A8E-A597-99932B22765D}","Shape__Area":1.2268157267800003e-7,"Shape__Length":0.001438746639953126}},{"type":"Feature","geometry":{"type":"Polygon","coordinates":[[[-118.21139,49.042953],[-118.210889,49.042958],[-118.210888,49.042917],[-118.211389,49.042912],[-118.21139,49.042953]]]},"properties":{"OBJECTID":23261,"PMBCParcelGUID":"{7CD1AB7F-2203-4B54-9D87-A400D8D003CA}","PMBC_PID":12513563,"PMBC_PIN":12513563,"PMBC_ParcelClass":"SUBDIVISION","PMBC_OwnerType":"PRIVATE","PMBC_LegalDescription":"THE SOUTHERLY 15 FEET OF LOT 4 BLOCK 10 MEASURED ALONG THE EASTERLY AND WESTERLY BOUNDARIES THEREOF; DISTRICT LOT 317 SIMILKAMEEN DIVISION YALE DISTRICT PLAN 50","Folio":"71200253000","FullAddress":"1651 BENNIGER RD , CHRISTINA LAKE","apt_no":null,"street_no":"1651","street_direction_prefix":null,"street_name":"BENNIGER RD","street_direction_suffix":null,"postal_code":null,"city":"CHRISTINA LAKE","province":"BC","AddressID":"A00000J2PG","TempKey":"7CD1AB7F-2203-4B54-9D87-A400D8D003CAA00000J2PG","GlobalID":"{EA9087C3-356D-4E84-AC01-2A7808237964}","Shape__Area":2.0589660632000007e-8,"Shape__Length":0.0010838900391464449}},{"type":"Feature","geometry":{"type":"Polygon","coordinates":[[[-118.439152,49.039996],[-118.439218,49.039959],[-118.439537,49.040197],[-118.43947,49.040234],[-118.439152,49.039996]]]},"properties":{"OBJECTID":23262,"PMBCParcelGUID":"{4708C35F-6F07-4165-8DB0-A4019F071620}","PMBC_PID":4013182,"PMBC_PIN":4013182,"PMBC_ParcelClass":"SUBDIVISION","PMBC_OwnerType":"PRIVATE","PMBC_LegalDescription":"LOT 14 BLOCK 9 DISTRICT LOT 585 SIMILKAMEEN DIVISION YALE DISTRICT PLAN 52 EXCEPT THAT PART THEREOF LYING TO THE NORTH EAST OF A BOUNDARY PARALLEL TO AND PERPENDICULARLY DISTANT 21 FEET FROM THE NORTH EAST BOUNDARY OF THE SAID LOT","Folio":"21000511130","FullAddress":"178 80TH AVE , GRAND FORKS","apt_no":null,"street_no":"178","street_direction_prefix":null,"street_name":"80TH AVE","street_direction_suffix":null,"postal_code":null,"city":"GRAND FORKS","province":"BC","AddressID":"A00000H7AF","TempKey":"4708C35F-6F07-4165-8DB0-A4019F071620A00000H7AF","GlobalID":"{0DDD04B4-D4E0-4767-92B8-2E74585CC72A}","Shape__Area":2.7615670639000006e-8,"Shape__Length":0.0009469629958408667}},{"type":"Feature","geometry":{"type":"Polygon","coordinates":[[[-117.673759,49.097166],[-117.673759,49.097159],[-117.674155,49.097158],[-117.674154,49.097213],[-117.673755,49.097213],[-117.673759,49.097166]]]},"properties":{"OBJECTID":23263,"PMBCParcelGUID":"{87DAB604-F9AE-4222-BCBE-A401E7BFD133}","PMBC_PID":12256528,"PMBC_PIN":12256528,"PMBC_ParcelClass":"SUBDIVISION","PMBC_OwnerType":"PRIVATE","PMBC_LegalDescription":"LOT 41 DISTRICT LOT 4598 KOOTENAY DISTRICT PLAN 9512","Folio":"23203479082","FullAddress":"3318 LAUREL CRES , TRAIL","apt_no":null,"street_no":"3318","street_direction_prefix":null,"street_name":"LAUREL CRES","street_direction_suffix":null,"postal_code":"V1R 4M5","city":"TRAIL","province":"BC","AddressID":"A000018TR3","TempKey":"87DAB604-F9AE-4222-BCBE-A401E7BFD133A000018TR3","GlobalID":"{CCC2DC93-048B-4AB2-82FB-AB3A68F418E9}","Shape__Area":2.1801186949500006e-8,"Shape__Length":0.0009053039642921485}},{"type":"Feature","geometry":{"type":"Polygon","coordinates":[[[-118.771885,49.003212],[-118.771557,49.003511],[-118.771227,49.003512],[-118.771213,49.003234],[-118.771732,49.002994],[-118.771828,49.003145],[-118.771872,49.003196],[-118.771885,49.003212]]]},"properties":{"OBJECTID":23264,"PMBCParcelGUID":"{6FCFFBCF-5581-413E-BDF3-A40302AF099B}","PMBC_PID":9454781,"PMBC_PIN":9454781,"PMBC_ParcelClass":"SUBDIVISION","PMBC_OwnerType":"PRIVATE","PMBC_LegalDescription":"LOT 2 DISTRICT LOT 501 SIMILKAMEEN DIVISION YALE DISTRICT PLAN 11835","Folio":"54700173000","FullAddress":"307 HAYNES ST , MIDWAY","apt_no":null,"street_no":"307","street_direction_prefix":null,"street_name":"HAYNES ST","street_direction_suffix":null,"postal_code":null,"city":"MIDWAY","province":"BC","AddressID":"A00000HVLF","TempKey":"6FCFFBCF-5581-413E-BDF3-A40302AF099BA00000HVLF","GlobalID":"{84DE3056-8808-4AA8-8F6E-E78FADDC739B}","Shape__Area":2.1694255332400006e-7,"Shape__Length":0.001892457154868083}},{"type":"Feature","geometry":{"type":"Polygon","coordinates":[[[-118.471696,49.010146],[-118.471378,49.010146],[-118.46895,49.010145],[-118.468954,49.009901],[-118.468956,49.009738],[-118.468954,49.009693],[-118.468954,49.00924],[-118.470867,49.009237],[-118.470864,49.009148],[-118.471697,49.009136],[-118.471696,49.009951],[-118.471696,49.010013],[-118.471696,49.010146]]]},"properties":{"OBJECTID":23265,"PMBCParcelGUID":"{EEA38AEC-D620-4D13-BC2A-A4067FE53795}","PMBC_PID":6285295,"PMBC_PIN":6285295,"PMBC_ParcelClass":"SUBDIVISION","PMBC_OwnerType":"PRIVATE","PMBC_LegalDescription":"LOT A DISTRICT 500 SIMILKAMEEN DIVISION YALE DISTRICT PLAN 23637","Folio":"71203025000","FullAddress":"5520 HUGHES RD , GRAND FORKS","apt_no":null,"street_no":"5520","street_direction_prefix":null,"street_name":"HUGHES RD","street_direction_suffix":null,"postal_code":"V0H 1H4","city":"GRAND FORKS","province":"BC","AddressID":"A00000J3R1","TempKey":"EEA38AEC-D620-4D13-BC2A-A4067FE53795A00000J3R1","GlobalID":"{DD283709-A3C6-47A0-8357-00F970E68CB8}","Shape__Area":0.0000025672308803150005,"Shape__Length":0.007495283089791597}},{"type":"Feature","geometry":{"type":"Polygon","coordinates":[[[-117.710387,49.093565],[-117.710475,49.093642],[-117.710143,49.093808],[-117.710055,49.093731],[-117.710387,49.093565]]]},"properties":{"OBJECTID":23266,"PMBCParcelGUID":"{B18EDEA7-426A-445E-B6C4-A40C4B763859}","PMBC_PID":8845000,"PMBC_PIN":8845000,"PMBC_ParcelClass":"SUBDIVISION","PMBC_OwnerType":"PRIVATE","PMBC_LegalDescription":"LOT 22 BLOCK 53 DISTRICT LOT 230 KOOTENAY DISTRICT PLAN 465D","Folio":"23200676000","FullAddress":"1402 TAMARAC AVE , TRAIL","apt_no":null,"street_no":"1402","street_direction_prefix":null,"street_name":"TAMARAC AVE","street_direction_suffix":null,"postal_code":"V1R 4J3","city":"TRAIL","province":"BC","AddressID":"A000018RH9","TempKey":"B18EDEA7-426A-445E-B6C4-A40C4B763859A000018RH9","GlobalID":"{144EA80A-82E7-4BED-8786-31B4C74D1D63}","Shape__Area":4.006620964200001e-8,"Shape__Length":0.0009765747280593997}},{"type":"Feature","geometry":{"type":"Polygon","coordinates":[[[-117.709585,49.094119],[-117.709751,49.094036],[-117.709827,49.094101],[-117.709661,49.094184],[-117.709585,49.094119]]]},"properties":{"OBJECTID":23267,"PMBCParcelGUID":"{9196BF2B-6B47-44F4-A81A-A41549E7EDC9}","PMBC_PID":16284372,"PMBC_PIN":16284372,"PMBC_ParcelClass":"SUBDIVISION","PMBC_OwnerType":"PRIVATE","PMBC_LegalDescription":"PARCEL B (SEE 137348I) OF LOT 1 BLOCK 52 DISTRICT LOT 230 KOOTENAY DISTRICT PLAN 465D","Folio":"23200645000","FullAddress":"748 SPOKANE ST , TRAIL","apt_no":null,"street_no":"748","street_direction_prefix":null,"street_name":"SPOKANE ST","street_direction_suffix":null,"postal_code":"V1R 3W2","city":"TRAIL","province":"BC","AddressID":"A000018RGR","TempKey":"9196BF2B-6B47-44F4-A81A-A41549E7EDC9A000018RGR","GlobalID":"{D8C06774-C415-46CA-B02E-6318183A86A7}","Shape__Area":1.7167562753000003e-8,"Shape__Length":0.0005718057140031897}},{"type":"Feature","geometry":{"type":"Polygon","coordinates":[[[-117.799666,49.070763],[-117.799791,49.070769],[-117.799761,49.071042],[-117.799636,49.071036],[-117.799666,49.070763]]]},"properties":{"OBJECTID":23268,"PMBCParcelGUID":"{00650D87-7554-4B47-8ED9-A4186AEEFE2D}","PMBC_PID":16233841,"PMBC_PIN":16233841,"PMBC_ParcelClass":"SUBDIVISION","PMBC_OwnerType":"LOCAL GOVERNMENT","PMBC_LegalDescription":"LOT 9 BLOCK 61 DISTRICT LOT 535 KOOTENAY DISTRICT PLAN 579A","Folio":"22900478020","FullAddress":"PRINCESS AVE , ROSSLAND","apt_no":null,"street_no":null,"street_direction_prefix":null,"street_name":"PRINCESS AVE","street_direction_suffix":null,"postal_code":null,"city":"ROSSLAND","province":"BC","AddressID":"A000018PEM","TempKey":"00650D87-7554-4B47-8ED9-A4186AEEFE2DA000018PEM","GlobalID":"{08E627BC-966E-4679-8188-7674FCDDE8A3}","Shape__Area":3.427127556500001e-8,"Shape__Length":0.0007996288327886925}},{"type":"Feature","geometry":{"type":"MultiPolygon","coordinates":[[[[-118.167949,49.075271],[-118.16795,49.074056],[-118.168493,49.074132],[-118.168512,49.074134],[-118.168643,49.074148],[-118.168776,49.074155],[-118.168909,49.074155],[-118.169042,49.074148],[-118.169174,49.074134],[-118.169304,49.074113],[-118.16943,49.074086],[-118.169553,49.074053],[-118.169672,49.074013],[-118.169786,49.073967],[-118.169893,49.073915],[-118.169908,49.073907],[-118.170359,49.073668],[-118.170707,49.073483],[-118.170706,49.073498],[-118.170699,49.073615],[-118.170715,49.074255],[-118.17044,49.074437],[-118.170018,49.074458],[-118.16961,49.074657],[-118.169054,49.074928],[-118.168979,49.074967],[-118.168949,49.074984],[-118.168865,49.075036],[-118.168786,49.075092],[-118.168714,49.075151],[-118.168675,49.075187],[-118.168673,49.075188],[-118.168668,49.075194],[-118.168617,49.075246],[-118.167949,49.075271]]],[[[-118.170168,49.074721],[-118.170719,49.074668],[-118.170726,49.075237],[-118.16913,49.075244],[-118.169211,49.075192],[-118.169299,49.075145],[-118.169838,49.074881],[-118.170168,49.074721]]],[[[-118.167944,49.073441],[-118.170153,49.073431],[-118.170153,49.073431],[-118.16965,49.073698],[-118.169644,49.073701],[-118.169553,49.073745],[-118.169457,49.073783],[-118.169356,49.073815],[-118.169251,49.073842],[-118.169143,49.073862],[-118.169033,49.073876],[-118.168921,49.073884],[-118.168809,49.073886],[-118.168697,49.07388],[-118.168586,49.073869],[-118.168577,49.073868],[-118.167947,49.073781],[-118.167944,49.073441],[-118.167944,49.073441]]]]},"properties":{"OBJECTID":23269,"PMBCParcelGUID":"{B756EBF8-4423-4F62-BD7D-A41979756712}","PMBC_PID":14605244,"PMBC_PIN":14605244,"PMBC_ParcelClass":"SUBDIVISION","PMBC_OwnerType":"PRIVATE","PMBC_LegalDescription":"THE WEST 1/2 OF THE EAST 1/2 OF DISTRICT LOT 96S SIMILKAMEEN DIVISION YALE DISTRICT EXCEPT PLANS B4721 AND H14269","Folio":"71201367000","FullAddress":"550 CLARKSTON RD , CHRISTINA LAKE","apt_no":null,"street_no":"550","street_direction_prefix":null,"street_name":"CLARKSTON RD","street_direction_suffix":null,"postal_code":"V0H 1E3","city":"CHRISTINA LAKE","province":"BC","AddressID":"A00000J2RV","TempKey":"B756EBF8-4423-4F62-BD7D-A41979756712A00000J2RV","GlobalID":"{B58553C6-7E74-4C4E-8E31-E6E337524F6A}","Shape__Area":0.000003637327316375001,"Shape__Length":0.016673773808650247}},{"type":"Feature","geometry":{"type":"Polygon","coordinates":[[[-117.707088,49.09384],[-117.707421,49.093674],[-117.707485,49.093729],[-117.707365,49.093788],[-117.707348,49.093773],[-117.707134,49.09388],[-117.707088,49.09384]]]},"properties":{"OBJECTID":23270,"PMBCParcelGUID":"{2EFB5EBF-E601-4AE2-ABB7-A419F87221C6}","PMBC_PID":10946233,"PMBC_PIN":10946233,"PMBC_ParcelClass":"SUBDIVISION","PMBC_OwnerType":"LOCAL GOVERNMENT","PMBC_LegalDescription":"PARCEL A (SEE 134816I) OF LOT 5 BLOCK 13 DISTRICT LOT 230 KOOTENAY DISTRICT PLAN 465","Folio":"23200182200","FullAddress":"CEDAR AVE , TRAIL","apt_no":null,"street_no":null,"street_direction_prefix":null,"street_name":"CEDAR AVE","street_direction_suffix":null,"postal_code":null,"city":"TRAIL","province":"BC","AddressID":"A000018R5L","TempKey":"2EFB5EBF-E601-4AE2-ABB7-A419F87221C6A000018R5L","GlobalID":"{D34F47CC-94E7-4F68-8C50-D793E687ADD0}","Shape__Area":2.3521573417500005e-8,"Shape__Length":0.0009112860115386141}},{"type":"Feature","geometry":{"type":"Polygon","coordinates":[[[-118.596681,49.098307],[-118.596794,49.097973],[-118.596916,49.097991],[-118.596803,49.098324],[-118.596681,49.098307]]]},"properties":{"OBJECTID":23271,"PMBCParcelGUID":"{3C09C27D-B431-46AD-83D5-A41AE72F9EF7}","PMBC_PID":12254053,"PMBC_PIN":12254053,"PMBC_ParcelClass":"SUBDIVISION","PMBC_OwnerType":"PRIVATE","PMBC_LegalDescription":"LOT 9 BLOCK 11 DISTRICT LOT 894 SIMILKAMEEN DIVISION YALE DISTRICT PLAN 60","Folio":"71203494153","FullAddress":"","apt_no":null,"street_no":null,"street_direction_prefix":null,"street_name":null,"street_direction_suffix":null,"postal_code":null,"city":null,"province":"BC","AddressID":"D00000FRNA","TempKey":"3C09C27D-B431-46AD-83D5-A41AE72F9EF7D00000FRNA","GlobalID":"{94E05FFB-EBB3-4246-89F0-316EA35C4586}","Shape__Area":4.276222533550001e-8,"Shape__Length":0.000951600896815316}},{"type":"Feature","geometry":{"type":"Polygon","coordinates":[[[-118.536187,49.116909],[-118.536062,49.116912],[-118.536063,49.116584],[-118.536188,49.116581],[-118.536187,49.116909]]]},"properties":{"OBJECTID":23272,"PMBCParcelGUID":"{9DE57B61-4E5D-4EB9-94D8-A41C02FE615F}","PMBC_PID":14130831,"PMBC_PIN":14130831,"PMBC_ParcelClass":"SUBDIVISION","PMBC_OwnerType":"PRIVATE","PMBC_LegalDescription":"LOT 20 BLOCK 65 DISTRICT LOT 2005 SIMILKAMEEN DIVISION YALE DISTRICT PLAN 79","Folio":"71204851800","FullAddress":"","apt_no":null,"street_no":null,"street_direction_prefix":null,"street_name":null,"street_direction_suffix":null,"postal_code":null,"city":null,"province":"BC","AddressID":"D00000FEXM","TempKey":"9DE57B61-4E5D-4EB9-94D8-A41C02FE615FD00000FEXM","GlobalID":"{5B9DE794-D351-497A-B5A3-6CD9CE4FF5A0}","Shape__Area":4.115196674850001e-8,"Shape__Length":0.0009074248202917006}},{"type":"Feature","geometry":{"type":"Polygon","coordinates":[[[-117.792913,49.079658],[-117.792975,49.079665],[-117.793038,49.079671],[-117.793024,49.079796],[-117.792899,49.07979],[-117.792913,49.079658]]]},"properties":{"OBJECTID":23273,"PMBCParcelGUID":"{4853D1D6-5ED2-4861-A22F-A41D0B3034B5}","PMBC_PID":13089099,"PMBC_PIN":13089099,"PMBC_ParcelClass":"SUBDIVISION","PMBC_OwnerType":"LOCAL GOVERNMENT","PMBC_LegalDescription":"LOT 17 BLOCK 26 DISTRICT LOT 535 KOOTENAY DISTRICT PLAN 616 EXCEPT (1) PART INCLUDED IN RW PLAN 1450","Folio":"22900762175","FullAddress":"THIRD AVE , ROSSLAND","apt_no":null,"street_no":null,"street_direction_prefix":null,"street_name":"THIRD AVE","street_direction_suffix":null,"postal_code":null,"city":"ROSSLAND","province":"BC","AddressID":"A000018PRX","TempKey":"4853D1D6-5ED2-4861-A22F-A41D0B3034B5A000018PRX","GlobalID":"{C1AA1244-B536-40F7-8FAE-AAC7BAEC6E1C}","Shape__Area":1.6078846996500006e-8,"Shape__Length":0.0005085199030816582}},{"type":"Feature","geometry":{"type":"MultiPolygon","coordinates":[[[[-118.537105,49.139836],[-118.53741,49.1398],[-118.537601,49.139955],[-118.537177,49.139956],[-118.537105,49.139836]]],[[[-118.537598,49.139779],[-118.537739,49.139762],[-118.537875,49.139955],[-118.537812,49.139955],[-118.537598,49.139779]]]]},"properties":{"OBJECTID":23274,"PMBCParcelGUID":"{8E0F5EA7-C287-4FA0-A991-A4251A67A093}","PMBC_PID":8205302,"PMBC_PIN":8205302,"PMBC_ParcelClass":"SUBDIVISION","PMBC_OwnerType":"PRIVATE","PMBC_LegalDescription":"LOT 1 DISTRICT LOT 327S SIMILKAMEEN DIVISION YALE DISTRICT PLAN 4198","Folio":"71202599000","FullAddress":"WILGRESS SOUTH RD ","apt_no":null,"street_no":null,"street_direction_prefix":null,"street_name":"WILGRESS SOUTH RD","street_direction_suffix":null,"postal_code":null,"city":null,"province":"BC","AddressID":"A00000J3D2","TempKey":"8E0F5EA7-C287-4FA0-A991-A4251A67A093A00000J3D2","GlobalID":"{67788C27-0476-42B5-AB24-18B3438B0176}","Shape__Area":7.287556595250002e-8,"Shape__Length":0.0018369045812524547}},{"type":"Feature","geometry":{"type":"Polygon","coordinates":[[[-118.536314,49.116036],[-118.536189,49.116039],[-118.53619,49.115708],[-118.536206,49.115708],[-118.536315,49.115707],[-118.536315,49.11596],[-118.536314,49.116036]]]},"properties":{"OBJECTID":23275,"PMBCParcelGUID":"{B5F642AC-7C49-4556-A2AF-A427BA42D38F}","PMBC_PID":14142422,"PMBC_PIN":14142422,"PMBC_ParcelClass":"SUBDIVISION","PMBC_OwnerType":"PRIVATE","PMBC_LegalDescription":"LOT 21 BLOCK 76 DISTRICT LOT 2005 SIMILKAMEEN DIVISION YALE DISTRICT PLAN 79","Folio":"71204852270","FullAddress":"","apt_no":null,"street_no":null,"street_direction_prefix":null,"street_name":null,"street_direction_suffix":null,"postal_code":null,"city":null,"province":"BC","AddressID":"D00000FEZW","TempKey":"B5F642AC-7C49-4556-A2AF-A427BA42D38FD00000FEZW","GlobalID":"{A57BA39B-3E28-4F37-8B36-F5943CFEAC62}","Shape__Area":4.126362946700001e-8,"Shape__Length":0.0009089272809954166}},{"type":"Feature","geometry":{"type":"Polygon","coordinates":[[[-118.438115,49.012196],[-118.43764,49.012195],[-118.435347,49.012195],[-118.435369,49.011077],[-118.438126,49.011077],[-118.438115,49.012196]]]},"properties":{"OBJECTID":23276,"PMBCParcelGUID":"{D042F953-28A8-49A5-8314-A429D4382448}","PMBC_PID":14782227,"PMBC_PIN":14782227,"PMBC_ParcelClass":"SUBDIVISION","PMBC_OwnerType":"PRIVATE","PMBC_LegalDescription":"THAT PART OF DISTRICT LOT 519 CONTAINING 6.13 ACRES MORE OR LESS AS SHOWN ON PLAN B3483; SIMILKAMEEN DIVISION YALE DISTRICT","Folio":"71203176010","FullAddress":"5695 INTERNATIONAL RD , GRAND FORKS","apt_no":null,"street_no":"5695","street_direction_prefix":null,"street_name":"INTERNATIONAL RD","street_direction_suffix":null,"postal_code":"V0H 1H4","city":"GRAND FORKS","province":"BC","AddressID":"A00000J3YJ","TempKey":"D042F953-28A8-49A5-8314-A429D4382448A00000J3YJ","GlobalID":"{A17B3211-FBF4-487C-8141-B8684177D882}","Shape__Area":0.0000030887737567045007,"Shape__Length":0.007761308253807347}},{"type":"Feature","geometry":{"type":"Polygon","coordinates":[[[-117.80016,49.063697],[-117.801042,49.06375],[-117.801102,49.063846],[-117.801136,49.063892],[-117.801178,49.063934],[-117.801228,49.063973],[-117.801284,49.064008],[-117.801347,49.064037],[-117.801414,49.064062],[-117.801486,49.064081],[-117.80156,49.064094],[-117.801636,49.064101],[-117.801713,49.064102],[-117.802161,49.064089],[-117.802229,49.06409],[-117.802296,49.064097],[-117.802361,49.064109],[-117.802423,49.064127],[-117.802481,49.06415],[-117.802534,49.064178],[-117.802581,49.064211],[-117.802621,49.064247],[-117.802932,49.064571],[-117.802927,49.064632],[-117.801264,49.064632],[-117.801163,49.064632],[-117.801053,49.064608],[-117.800946,49.064578],[-117.800844,49.064542],[-117.800747,49.0645],[-117.800657,49.064453],[-117.800573,49.0644],[-117.800497,49.064343],[-117.800429,49.064281],[-117.800369,49.064216],[-117.800313,49.064148],[-117.800266,49.064077],[-117.800227,49.064003],[-117.800196,49.063928],[-117.800175,49.063852],[-117.800163,49.063774],[-117.80016,49.063697]]]},"properties":{"OBJECTID":23277,"PMBCParcelGUID":"{96DEBA79-9129-42DE-8135-A42CF8BCF72A}","PMBC_PID":5588880,"PMBC_PIN":5588880,"PMBC_ParcelClass":"SUBDIVISION","PMBC_OwnerType":"PRIVATE","PMBC_LegalDescription":"SUBLOT 54 TOWNSHIP 9A KOOTENAY DISTRICT PLAN X62, EXCEPT PART INCLUDED IN SRW PLAN 17069","Folio":"71110879100","FullAddress":"776 DRAKE'S RD , ROSSLAND","apt_no":null,"street_no":"776","street_direction_prefix":null,"street_name":"DRAKE'S RD","street_direction_suffix":null,"postal_code":"V0G 1Y0","city":"ROSSLAND","province":"BC","AddressID":"A000019NKH","TempKey":"96DEBA79-9129-42DE-8135-A42CF8BCF72AA000019NKH","GlobalID":"{9D390BA1-D7F2-4299-B067-3572A5CB0B78}","Shape__Area":0.0000015145907630675004,"Shape__Length":0.006395611745396519}},{"type":"Feature","geometry":{"type":"Polygon","coordinates":[[[-117.548123,49.116041],[-117.548336,49.115938],[-117.548572,49.116148],[-117.548439,49.11632],[-117.548123,49.116041]]]},"properties":{"OBJECTID":23278,"PMBCParcelGUID":"{DC5257AA-2DBB-4636-A4F6-A4301C2F474E}","PMBC_PID":15196259,"PMBC_PIN":15196259,"PMBC_ParcelClass":"SUBDIVISION","PMBC_OwnerType":"PRIVATE","PMBC_LegalDescription":"LOT 10 DISTRICT LOT 1236 KOOTENAY DISTRICT PLAN 2564","Folio":"52100078000","FullAddress":"20 SHORT ST , FRUITVALE","apt_no":null,"street_no":"20","street_direction_prefix":null,"street_name":"SHORT ST","street_direction_suffix":null,"postal_code":null,"city":"FRUITVALE","province":"BC","AddressID":"A000018XC9","TempKey":"DC5257AA-2DBB-4636-A4F6-A4301C2F474EA000018XC9","GlobalID":"{2C3D8A9B-E0D9-45BC-9475-7BB3A053BA59}","Shape__Area":8.011341206700002e-8,"Shape__Length":0.0011903424952839905}},{"type":"Feature","geometry":{"type":"Polygon","coordinates":[[[-117.815859,49.077376],[-117.815165,49.076659],[-117.813342,49.076587],[-117.813424,49.076856],[-117.812775,49.076918],[-117.81189,49.077035],[-117.811868,49.076902],[-117.812094,49.076858],[-117.813022,49.076666],[-117.813157,49.076627],[-117.813288,49.076582],[-117.813413,49.07653],[-117.813531,49.076473],[-117.813644,49.07641],[-117.813748,49.076342],[-117.813845,49.076269],[-117.813933,49.076191],[-117.814013,49.07611],[-117.814195,49.075905],[-117.814264,49.075823],[-117.814325,49.075738],[-117.814378,49.075651],[-117.814424,49.075562],[-117.814461,49.075471],[-117.814762,49.075518],[-117.815009,49.075556],[-117.815009,49.075666],[-117.815259,49.075666],[-117.815525,49.075666],[-117.815739,49.075737],[-117.816147,49.075763],[-117.816184,49.07575],[-117.816441,49.075661],[-117.816682,49.075417],[-117.816259,49.075355],[-117.816263,49.075341],[-117.816264,49.075328],[-117.816743,49.075327],[-117.816678,49.075079],[-117.81682,49.075058],[-117.816904,49.075153],[-117.817048,49.075292],[-117.817275,49.075512],[-117.817361,49.075564],[-117.817281,49.07579],[-117.817391,49.075857],[-117.817728,49.075788],[-117.819695,49.076986],[-117.820258,49.07709],[-117.820445,49.076957],[-117.820526,49.07703],[-117.820599,49.077107],[-117.820664,49.077187],[-117.82072,49.077269],[-117.820345,49.077252],[-117.820273,49.077194],[-117.819905,49.077177],[-117.819847,49.077182],[-117.819713,49.077436],[-117.820006,49.077503],[-117.820097,49.077798],[-117.820242,49.078279],[-117.820122,49.078368],[-117.82002,49.078445],[-117.820098,49.078621],[-117.820108,49.078643],[-117.819918,49.078678],[-117.819725,49.078706],[-117.819531,49.078728],[-117.819335,49.078744],[-117.819138,49.078753],[-117.81894,49.078755],[-117.818743,49.07875],[-117.818546,49.078739],[-117.817694,49.078675],[-117.817569,49.078662],[-117.817447,49.078644],[-117.817326,49.078619],[-117.817209,49.078589],[-117.817096,49.078552],[-117.816987,49.078511],[-117.816883,49.078464],[-117.816785,49.078412],[-117.816694,49.078355],[-117.816609,49.078294],[-117.816531,49.078229],[-117.816461,49.07816],[-117.816367,49.07806],[-117.816103,49.07778],[-117.816178,49.077707],[-117.815871,49.07739],[-117.815859,49.077376]]]},"properties":{"OBJECTID":23279,"PMBCParcelGUID":"{8C589638-4FF5-4861-8CBD-A436A443CB93}","PMBC_PID":9702814,"PMBC_PIN":9702814,"PMBC_ParcelClass":"SUBDIVISION","PMBC_OwnerType":"LOCAL GOVERNMENT","PMBC_LegalDescription":"LOT 11 DISTRICT LOTS 538 AND 1173 AND SECTION 34 TOWNSHIP 9A KOOTENAY DISTRICT PLAN 14835, EXCEPT PART INCLUDED IN PLAN 16001","Folio":"22901900110","FullAddress":"932 BLACK BEAR DR , ROSSLAND","apt_no":null,"street_no":"932","street_direction_prefix":null,"street_name":"BLACK BEAR DR","street_direction_suffix":null,"postal_code":null,"city":"ROSSLAND","province":"BC","AddressID":"A000018QR8","TempKey":"8C589638-4FF5-4861-8CBD-A436A443CB93A000018QR8","GlobalID":"{589E91A8-1D03-4F64-BA77-5080C522C35C}","Shape__Area":0.000012872846636970503,"Shape__Length":0.02434432387793603}},{"type":"Feature","geometry":{"type":"Polygon","coordinates":[[[-117.691677,49.21312],[-117.691951,49.212907],[-117.692583,49.213251],[-117.692314,49.213459],[-117.691677,49.21312]]]},"properties":{"OBJECTID":23280,"PMBCParcelGUID":"{6E5B1011-A74A-432D-922F-A4385C942D9F}","PMBC_PID":15260356,"PMBC_PIN":15260356,"PMBC_ParcelClass":"SUBDIVISION","PMBC_OwnerType":"PRIVATE","PMBC_LegalDescription":"LOT 7 BLOCK 2 DISTRICT LOT 2404 KOOTENAY DISTRICT PLAN 2423","Folio":"71106277000","FullAddress":"501 12TH AVE , GENELLE","apt_no":null,"street_no":"501","street_direction_prefix":null,"street_name":"12TH AVE","street_direction_suffix":null,"postal_code":"V0G 1G0","city":"GENELLE","province":"BC","AddressID":"A000019MV0","TempKey":"6E5B1011-A74A-432D-922F-A4385C942D9FA000019MV0","GlobalID":"{87A5E69A-909E-4FAE-9A2F-98DEF10E23B0}","Shape__Area":2.2660752689200006e-7,"Shape__Length":0.0021292480971111666}},{"type":"Feature","geometry":{"type":"Polygon","coordinates":[[[-117.546061,49.11574],[-117.545777,49.115486],[-117.546087,49.115335],[-117.546374,49.115594],[-117.546442,49.115657],[-117.546281,49.115734],[-117.546132,49.115806],[-117.546061,49.11574]]]},"properties":{"OBJECTID":23281,"PMBCParcelGUID":"{E272576C-C812-4ECB-A784-A4389F6F581A}","PMBC_PID":17432910,"PMBC_PIN":17432910,"PMBC_ParcelClass":"SUBDIVISION","PMBC_OwnerType":"PRIVATE","PMBC_LegalDescription":"PARCEL B (SEE XE18414) BLOCK J DISTRICT LOT 1236 KOOTENAY DISTRICT PLAN 785C","Folio":"52100060200","FullAddress":"1921 HIGHWAY 3B , FRUITVALE","apt_no":null,"street_no":"1921","street_direction_prefix":null,"street_name":"HIGHWAY 3B","street_direction_suffix":null,"postal_code":null,"city":"FRUITVALE","province":"BC","AddressID":"A000018X8F","TempKey":"E272576C-C812-4ECB-A784-A4389F6F581AA000018X8F","GlobalID":"{300E0809-9520-491A-8D5C-B3EC55BB5792}","Shape__Area":1.5263712953150003e-7,"Shape__Length":0.0016463613297883714}},{"type":"Feature","geometry":{"type":"Polygon","coordinates":[[[-118.693952,49.046822],[-118.693955,49.046821],[-118.693967,49.046888],[-118.693966,49.046888],[-118.693719,49.046917],[-118.693736,49.046875],[-118.69375,49.046845],[-118.693952,49.046822]]]},"properties":{"OBJECTID":23282,"PMBCParcelGUID":"{FF49E733-4564-4B0C-84C5-A438FEB30D9F}","PMBC_PID":11541270,"PMBC_PIN":11541270,"PMBC_ParcelClass":"SUBDIVISION","PMBC_OwnerType":"PRIVATE","PMBC_LegalDescription":"LOT 15 BLOCK 3 DISTRICT LOT 1012 SIMILKAMEEN DIVISION YALE DISTRICT PLAN 90 EXCEPT PLAN H731","Folio":"71302806100","FullAddress":"","apt_no":null,"street_no":null,"street_direction_prefix":null,"street_name":null,"street_direction_suffix":null,"postal_code":null,"city":null,"province":"BC","AddressID":"D00000GMYV","TempKey":"FF49E733-4564-4B0C-84C5-A438FEB30D9FD00000GMYV","GlobalID":"{74E21E1F-0ADC-486D-8584-E535300A1A53}","Shape__Area":1.5435910812000003e-8,"Shape__Length":0.0006011120159947704}},{"type":"Feature","geometry":{"type":"Polygon","coordinates":[[[-118.447351,49.029235],[-118.447393,49.029224],[-118.44778,49.02912],[-118.447846,49.029227],[-118.447362,49.029356],[-118.447328,49.0293],[-118.44732,49.029287],[-118.447297,49.029249],[-118.447351,49.029235]]]},"properties":{"OBJECTID":23283,"PMBCParcelGUID":"{8530BFF3-279F-4827-9208-A43BC468AC65}","PMBC_PID":12761460,"PMBC_PIN":12761460,"PMBC_ParcelClass":"SUBDIVISION","PMBC_OwnerType":"LOCAL GOVERNMENT","PMBC_LegalDescription":"LOT 21 BLOCK 38 DISTRICT LOT 108 SIMILKAMEEN DIVISION YALE DISTRICT PLAN 72","Folio":"21000349100","FullAddress":"11TH ST , GRAND FORKS","apt_no":null,"street_no":null,"street_direction_prefix":null,"street_name":"11TH ST","street_direction_suffix":null,"postal_code":null,"city":"GRAND FORKS","province":"BC","AddressID":"A00000H72W","TempKey":"8530BFF3-279F-4827-9208-A43BC468AC65A00000H72W","GlobalID":"{888891E3-D637-4C25-9160-D51271266AC2}","Shape__Area":6.003433163900002e-8,"Shape__Length":0.0012511072812764472}},{"type":"Feature","geometry":{"type":"Polygon","coordinates":[[[-119.086926,49.43609],[-119.087103,49.435767],[-119.087499,49.43586],[-119.087323,49.436182],[-119.086926,49.43609]]]},"properties":{"OBJECTID":23284,"PMBCParcelGUID":"{0374CC83-B7E0-4671-9586-A43F47559876}","PMBC_PID":23160802,"PMBC_PIN":23160802,"PMBC_ParcelClass":"SUBDIVISION","PMBC_OwnerType":"PRIVATE","PMBC_LegalDescription":"PARCEL C (KJ67826) BLOCK 4 DISTRICT LOT 1545 SIMILKAMEEN DIVISION YALE DISTRICT PLAN 94","Folio":"71300104005","FullAddress":"5852 HIGHWAY 33 ","apt_no":null,"street_no":"5852","street_direction_prefix":null,"street_name":"HIGHWAY 33","street_direction_suffix":null,"postal_code":null,"city":null,"province":"BC","AddressID":"A00000J6QA","TempKey":"0374CC83-B7E0-4671-9586-A43F47559876A00000J6QA","GlobalID":"{C0320803-6141-4739-8FF4-CCC1AC25D3C6}","Shape__Area":1.4424349001900004e-7,"Shape__Length":0.0015498307082300203}},{"type":"Feature","geometry":{"type":"Polygon","coordinates":[[[-117.550224,49.116947],[-117.550203,49.116923],[-117.550388,49.116834],[-117.552864,49.119076],[-117.552429,49.119286],[-117.551121,49.117909],[-117.55055,49.117311],[-117.550224,49.116947]]]},"properties":{"OBJECTID":23285,"PMBCParcelGUID":"{126FCD4C-8BDE-4582-A788-A445A42C714A}","PMBC_PID":5184347,"PMBC_PIN":5184347,"PMBC_ParcelClass":"SUBDIVISION","PMBC_OwnerType":"PRIVATE","PMBC_LegalDescription":"PARCEL A (REFERENCE PLAN 96439I) OF BLOCK 69 DISTRICT LOT 1236 KOOTENAY DISTRICT PLAN 785A","Folio":"52100226605","FullAddress":"1895 MOUNTAIN ST , FRUITVALE","apt_no":null,"street_no":"1895","street_direction_prefix":null,"street_name":"MOUNTAIN ST","street_direction_suffix":null,"postal_code":null,"city":"FRUITVALE","province":"BC","AddressID":"A000018XKH","TempKey":"126FCD4C-8BDE-4582-A788-A445A42C714AA000018XKH","GlobalID":"{9F96237D-B009-4A72-9A81-78568652A952}","Shape__Area":0.0000010854350047645003,"Shape__Length":0.007275809425213533}},{"type":"Feature","geometry":{"type":"Polygon","coordinates":[[[-118.678518,49.084421],[-118.678019,49.084366],[-118.678015,49.084295],[-118.678528,49.084353],[-118.678518,49.084421]]]},"properties":{"OBJECTID":23286,"PMBCParcelGUID":"{1BB07CDB-F2F7-431D-A7DA-A446F931D659}","PMBC_PID":13000021,"PMBC_PIN":13000021,"PMBC_ParcelClass":"SUBDIVISION","PMBC_OwnerType":"CROWN PROVINCIAL","PMBC_LegalDescription":"SOUTH 1/2 LOT 16 BLOCK D DISTRICT LOT 601 SIMILKAMEEN DIVISION YALE DISTRICT PLAN 28","Folio":"21100488020","FullAddress":"S SILVER AVE , GREENWOOD","apt_no":null,"street_no":null,"street_direction_prefix":"S","street_name":"SILVER AVE","street_direction_suffix":null,"postal_code":"V0H 1J0","city":"GREENWOOD","province":"BC","AddressID":"D00000E54A","TempKey":"1BB07CDB-F2F7-431D-A7DA-A446F931D659D00000E54A","GlobalID":"{9BCD3F45-F8BA-42EF-8801-80F4BCA569EB}","Shape__Area":3.515161667200001e-8,"Shape__Length":0.0011564847472122254}},{"type":"Feature","geometry":{"type":"Polygon","coordinates":[[[-117.847235,49.028061],[-117.847252,49.030872],[-117.846916,49.029118],[-117.846796,49.028495],[-117.846672,49.027847],[-117.847233,49.027844],[-117.847235,49.028061]]]},"properties":{"OBJECTID":23287,"PMBCParcelGUID":"{7B2875E7-61B9-4142-9040-A44A38D92696}","PMBC_PID":14463679,"PMBC_PIN":14463679,"PMBC_ParcelClass":"SUBDIVISION","PMBC_OwnerType":"PRIVATE","PMBC_LegalDescription":"LOT 1 DISTRICT LOT 4664 KOOTENAY DISTRICT PLAN 5396","Folio":"71107741100","FullAddress":"605 HIGHWAY 22 , ROSSLAND","apt_no":null,"street_no":"605","street_direction_prefix":null,"street_name":"HIGHWAY 22","street_direction_suffix":null,"postal_code":"V0G 1Y0","city":"ROSSLAND","province":"BC","AddressID":"A000019N15","TempKey":"7B2875E7-61B9-4142-9040-A44A38D92696A000019N15","GlobalID":"{AA550A70-D4BC-4C8A-B392-787FEE54D097}","Shape__Area":8.502321545600003e-7,"Shape__Length":0.006668938200643354}},{"type":"Feature","geometry":{"type":"Polygon","coordinates":[[[-118.533683,49.116951],[-118.533558,49.116953],[-118.533558,49.116623],[-118.533684,49.116622],[-118.533683,49.116951]]]},"properties":{"OBJECTID":23288,"PMBCParcelGUID":"{279F2335-E6CC-4C0F-A687-A44AA5FC3BD2}","PMBC_PID":14130971,"PMBC_PIN":14130971,"PMBC_ParcelClass":"SUBDIVISION","PMBC_OwnerType":"CROWN PROVINCIAL","PMBC_LegalDescription":"LOT 14 BLOCK 66 DISTRICT LOT 2005 SIMILKAMEEN DIVISION YALE DISTRICT PLAN 79","Folio":"71204851836","FullAddress":"","apt_no":null,"street_no":null,"street_direction_prefix":null,"street_name":null,"street_direction_suffix":null,"postal_code":null,"city":null,"province":"BC","AddressID":"D00000F4UR","TempKey":"279F2335-E6CC-4C0F-A687-A44AA5FC3BD2D00000F4UR","GlobalID":"{2E4144E8-7D13-4106-BFB5-5D8D0F17CC6B}","Shape__Area":4.131542195300001e-8,"Shape__Length":0.0009094176556089325}},{"type":"Feature","geometry":{"type":"Polygon","coordinates":[[[-118.53256,49.124023],[-118.532567,49.123695],[-118.532692,49.123692],[-118.532684,49.124023],[-118.53256,49.124023]]]},"properties":{"OBJECTID":23289,"PMBCParcelGUID":"{CA6875A9-5E49-4C46-BE13-A44AD331AA57}","PMBC_PID":12740446,"PMBC_PIN":12740446,"PMBC_ParcelClass":"SUBDIVISION","PMBC_OwnerType":"CROWN PROVINCIAL","PMBC_LegalDescription":"LOT 19 BLOCK 18 DISTRICT LOT 1557 SIMILKAMEEN DIVISION YALE DISTRICT PLAN 79","Folio":"71204850358","FullAddress":"","apt_no":null,"street_no":null,"street_direction_prefix":null,"street_name":null,"street_direction_suffix":null,"postal_code":null,"city":null,"province":"BC","AddressID":"D00000GB67","TempKey":"CA6875A9-5E49-4C46-BE13-A44AD331AA57D00000GB67","GlobalID":"{BBC344BD-C5D5-47A3-9DC0-595D5AF52F5E}","Shape__Area":4.106279086500001e-8,"Shape__Length":0.0009082611110360023}},{"type":"Feature","geometry":{"type":"Polygon","coordinates":[[[-117.68616,49.101122],[-117.686266,49.100854],[-117.686478,49.100909],[-117.686396,49.10111],[-117.686368,49.101176],[-117.68616,49.101122]]]},"properties":{"OBJECTID":23290,"PMBCParcelGUID":"{32295FCC-3EE8-48EF-BB4E-A44B7BFBD0B8}","PMBC_PID":15259706,"PMBC_PIN":15259706,"PMBC_ParcelClass":"SUBDIVISION","PMBC_OwnerType":"PRIVATE","PMBC_LegalDescription":"LOT 2 BLOCK 3 DISTRICT LOT 4598 KOOTENAY DISTRICT PLAN 2361","Folio":"23203444000","FullAddress":"2135 MCBRIDE ST , TRAIL","apt_no":null,"street_no":"2135","street_direction_prefix":null,"street_name":"MCBRIDE ST","street_direction_suffix":null,"postal_code":"V1R 3A6","city":"TRAIL","province":"BC","AddressID":"A000018TK6","TempKey":"32295FCC-3EE8-48EF-BB4E-A44B7BFBD0B8A000018TK6","GlobalID":"{23F8BA8E-4FBD-482B-AED1-1F2F8EE4034E}","Shape__Area":6.209848724150001e-8,"Shape__Length":0.0010112642981989516}},{"type":"Feature","geometry":{"type":"Polygon","coordinates":[[[-118.924451,49.720748],[-118.924695,49.720925],[-118.924684,49.720949],[-118.924677,49.720972],[-118.924657,49.721018],[-118.924636,49.721048],[-118.92461,49.721077],[-118.924579,49.721104],[-118.924511,49.721154],[-118.924255,49.720982],[-118.924348,49.720795],[-118.924451,49.720748]]]},"properties":{"OBJECTID":23291,"PMBCParcelGUID":"{8BA07A4A-948B-44B3-ACCF-A44D7755914B}","PMBC_PID":24665444,"PMBC_PIN":24665444,"PMBC_ParcelClass":"BARE LAND STRATA","PMBC_OwnerType":"PRIVATE","PMBC_LegalDescription":"STRATA LOT 9 DISTRICT LOT 4203 SIMILKAMEEN DIVISION YALE DISTRICT STRATA PLAN KAS2211 TOGETHER WITH AN INTEREST IN THE COMMON PROPERTY IN PROPORTION TO THE UNIT ENTITLEMENT OF THE STRATA LOT AS SHOWN ON FORM V","Folio":"71307909240","FullAddress":"325 BEAR FOOT LANE , BIG WHITE","apt_no":null,"street_no":"325","street_direction_prefix":null,"street_name":"BEAR FOOT LANE","street_direction_suffix":null,"postal_code":null,"city":"BIG WHITE","province":"BC","AddressID":"A00000JAFP","TempKey":"8BA07A4A-948B-44B3-ACCF-A44D7755914BA00000JAFP","GlobalID":"{3685E4A0-6DB5-4A66-86C5-06F25C63C23E}","Shape__Area":1.0394119243100002e-7,"Shape__Length":0.00123250675562561}},{"type":"Feature","geometry":{"type":"Polygon","coordinates":[[[-117.79916,49.074195],[-117.799285,49.074201],[-117.799255,49.074474],[-117.79913,49.074468],[-117.79916,49.074195]]]},"properties":{"OBJECTID":23292,"PMBCParcelGUID":"{438BD4A2-00C4-4BBB-8E98-A450B94D9D78}","PMBC_PID":16219546,"PMBC_PIN":16219546,"PMBC_ParcelClass":"SUBDIVISION","PMBC_OwnerType":"PRIVATE","PMBC_LegalDescription":"LOT 15 BLOCK 37 DISTRICT LOT 535 KOOTENAY DISTRICT PLAN 579","Folio":"22900313000","FullAddress":"1687 QUEEN ST , ROSSLAND","apt_no":null,"street_no":"1687","street_direction_prefix":null,"street_name":"QUEEN ST","street_direction_suffix":null,"postal_code":null,"city":"ROSSLAND","province":"BC","AddressID":"A000018P69","TempKey":"438BD4A2-00C4-4BBB-8E98-A450B94D9D78A000018P69","GlobalID":"{7729A4FF-A96C-4E0B-8282-2BB5ED86B983}","Shape__Area":3.431705296000001e-8,"Shape__Length":0.0008001081177441941}},{"type":"Feature","geometry":{"type":"Polygon","coordinates":[[[-117.705601,49.103382],[-117.705654,49.103465],[-117.705268,49.103569],[-117.705216,49.103486],[-117.705601,49.103382]]]},"properties":{"OBJECTID":23293,"PMBCParcelGUID":"{CD76AE84-5D9D-4117-B04B-A452FBB4A19C}","PMBC_PID":15580547,"PMBC_PIN":15580547,"PMBC_ParcelClass":"SUBDIVISION","PMBC_OwnerType":"PRIVATE","PMBC_LegalDescription":"LOT 17 DISTRICT LOT 367 KOOTENAY DISTRICT PLAN 1948","Folio":"23202791000","FullAddress":"1167 SECOND AVE , TRAIL","apt_no":null,"street_no":"1167","street_direction_prefix":null,"street_name":"SECOND AVE","street_direction_suffix":null,"postal_code":"V1R 1L5","city":"TRAIL","province":"BC","AddressID":"A000018T11","TempKey":"CD76AE84-5D9D-4117-B04B-A452FBB4A19CA000018T11","GlobalID":"{71A9189E-5666-4750-A199-7503FE576BBB}","Shape__Area":3.773414072200001e-8,"Shape__Length":0.0009967973217387932}},{"type":"Feature","geometry":{"type":"Polygon","coordinates":[[[-117.704667,49.099889],[-117.704281,49.099994],[-117.704201,49.099868],[-117.704587,49.099762],[-117.704667,49.099889]]]},"properties":{"OBJECTID":23294,"PMBCParcelGUID":"{259946D2-6916-4F42-9DE0-A45597866F9C}","PMBC_PID":12940046,"PMBC_PIN":12940046,"PMBC_ParcelClass":"SUBDIVISION","PMBC_OwnerType":"PRIVATE","PMBC_LegalDescription":"LOT 10 BLOCK 8 DISTRICT LOT 2919 KOOTENAY DISTRICT PLAN 1262","Folio":"23201830000","FullAddress":"1379 COLUMBIA AVE , TRAIL","apt_no":null,"street_no":"1379","street_direction_prefix":null,"street_name":"COLUMBIA AVE","street_direction_suffix":null,"postal_code":"V1R 1J5","city":"TRAIL","province":"BC","AddressID":"A000018SD0","TempKey":"259946D2-6916-4F42-9DE0-A45597866F9CA000018SD0","GlobalID":"{A7590CE3-896B-4FCA-8E6C-E3C0E8C190C4}","Shape__Area":5.7284519958000016e-8,"Shape__Length":0.0010993961258033368}},{"type":"Feature","geometry":{"type":"Polygon","coordinates":[[[-117.541322,49.119958],[-117.541946,49.119656],[-117.542025,49.119727],[-117.541401,49.120029],[-117.541322,49.119958]]]},"properties":{"OBJECTID":23295,"PMBCParcelGUID":"{312A79F9-8F3E-4010-980C-A455E86A1759}","PMBC_PID":27452018,"PMBC_PIN":27452018,"PMBC_ParcelClass":"BARE LAND STRATA","PMBC_OwnerType":"PRIVATE","PMBC_LegalDescription":"STRATA LOT 15 DISTRICT LOT 1236 KOOTENAY DISTRICT STRATA PLAN NES3426 TOGETHER WITH AN INTEREST IN THE COMMON PROPERTY IN PROPORTION TO THE UNIT ENTITLEMENT OF THE STRATA LOT AS SHOWN ON FORM V","Folio":"52100066415","FullAddress":"110 MOUNTAIN SIDE DR , FRUITVALE","apt_no":null,"street_no":"110","street_direction_prefix":null,"street_name":"MOUNTAIN SIDE DR","street_direction_suffix":null,"postal_code":null,"city":"FRUITVALE","province":"BC","AddressID":"D000004CSZ","TempKey":"312A79F9-8F3E-4010-980C-A455E86A1759D000004CSZ","GlobalID":"{AF3FC745-CE8A-4745-8595-A801A5C4661B}","Shape__Area":6.779083385150002e-8,"Shape__Length":0.0015976826774277326}},{"type":"Feature","geometry":{"type":"Polygon","coordinates":[[[-118.461291,49.012593],[-118.461218,49.012592],[-118.460228,49.01259],[-118.460229,49.01195],[-118.461215,49.011954],[-118.461291,49.011955],[-118.461291,49.012554],[-118.461291,49.012593]]]},"properties":{"OBJECTID":23296,"PMBCParcelGUID":"{8D5623F9-9B6F-451D-A0D9-A456A4C8510C}","PMBC_PID":1738399,"PMBC_PIN":1738399,"PMBC_ParcelClass":"SUBDIVISION","PMBC_OwnerType":"PRIVATE","PMBC_LegalDescription":"LOT 1 DISTRICT LOT 500 SIMILKAMEEN DIVISION YALE DISTRICT PLAN 14098","Folio":"71203052000","FullAddress":"2315 KONKIN RD , GRAND FORKS","apt_no":null,"street_no":"2315","street_direction_prefix":null,"street_name":"KONKIN RD","street_direction_suffix":null,"postal_code":"V0H 1H4","city":"GRAND FORKS","province":"BC","AddressID":"A00000J3S0","TempKey":"8D5623F9-9B6F-451D-A0D9-A456A4C8510CA00000J3S0","GlobalID":"{6B951E78-06E3-413E-A56D-290434C20068}","Shape__Area":6.787628009560002e-7,"Shape__Length":0.0034040915396244967}},{"type":"Feature","geometry":{"type":"Polygon","coordinates":[[[-118.981786,49.048208],[-118.981786,49.048208],[-118.98228,49.048255],[-118.982196,49.048628],[-118.98219,49.048655],[-118.982168,49.048755],[-118.982168,49.048755],[-118.982011,49.048748],[-118.98197,49.048746],[-118.981667,49.048739],[-118.981667,49.048739],[-118.981786,49.048208]]]},"properties":{"OBJECTID":23297,"PMBCParcelGUID":"{D76CF92F-FAA8-44DE-8FEA-A457C272B739}","PMBC_PID":5960975,"PMBC_PIN":5960975,"PMBC_ParcelClass":"SUBDIVISION","PMBC_OwnerType":"LOCAL GOVERNMENT","PMBC_LegalDescription":"LOT 8 BLOCK 3 DISTRICT LOT 862 SIMILKAMEEN DIVISION YALE DISTRICT PLAN 2033 EXCEPT PART SHOWN AS PARCEL 79 ON PLAN H1","Folio":"71304182000","FullAddress":"3990 HIGHWAY 3 ","apt_no":null,"street_no":"3990","street_direction_prefix":null,"street_name":"HIGHWAY 3","street_direction_suffix":null,"postal_code":null,"city":null,"province":"BC","AddressID":"A00000J7ZG","TempKey":"D76CF92F-FAA8-44DE-8FEA-A457C272B739A00000J7ZG","GlobalID":"{F50865B7-CA14-4506-9E93-4EB107D58772}","Shape__Area":2.595313508110001e-7,"Shape__Length":0.00205375048377379}},{"type":"Feature","geometry":{"type":"Polygon","coordinates":[[[-118.981786,49.048208],[-118.981786,49.048208],[-118.98228,49.048255],[-118.982196,49.048628],[-118.98219,49.048655],[-118.982168,49.048755],[-118.982168,49.048755],[-118.982011,49.048748],[-118.98197,49.048746],[-118.981667,49.048739],[-118.981667,49.048739],[-118.981786,49.048208]]]},"properties":{"OBJECTID":23298,"PMBCParcelGUID":"{D76CF92F-FAA8-44DE-8FEA-A457C272B739}","PMBC_PID":5960975,"PMBC_PIN":5960975,"PMBC_ParcelClass":"SUBDIVISION","PMBC_OwnerType":"LOCAL GOVERNMENT","PMBC_LegalDescription":"LOT 8 BLOCK 3 DISTRICT LOT 862 SIMILKAMEEN DIVISION YALE DISTRICT PLAN 2033 EXCEPT PART SHOWN AS PARCEL 79 ON PLAN H1","Folio":"71304182000","FullAddress":"3984 HIGHWAY 3 ","apt_no":null,"street_no":"3984","street_direction_prefix":null,"street_name":"HIGHWAY 3","street_direction_suffix":null,"postal_code":null,"city":null,"province":"BC","AddressID":"A00000J7ZH","TempKey":"D76CF92F-FAA8-44DE-8FEA-A457C272B739A00000J7ZH","GlobalID":"{E97191D3-3C9B-409D-B534-AB3AF3AEBE4A}","Shape__Area":2.595313508110001e-7,"Shape__Length":0.00205375048377379}},{"type":"Feature","geometry":{"type":"Polygon","coordinates":[[[-118.701849,49.041225],[-118.701939,49.041189],[-118.701971,49.041225],[-118.701982,49.041237],[-118.702206,49.041482],[-118.702117,49.041517],[-118.7019,49.04128],[-118.70189,49.041269],[-118.701849,49.041225]]]},"properties":{"OBJECTID":23299,"PMBCParcelGUID":"{04C158C6-920E-41DC-8952-A45ADD091AB8}","PMBC_PID":12860204,"PMBC_PIN":12860204,"PMBC_ParcelClass":"SUBDIVISION","PMBC_OwnerType":"CROWN PROVINCIAL","PMBC_LegalDescription":"LOT 34 BLOCK 7 DISTRICT LOT 429 SIMILKAMEEN DIVISION YALE DISTRICT PLAN 19","Folio":"71302796566","FullAddress":"","apt_no":null,"street_no":null,"street_direction_prefix":null,"street_name":null,"street_direction_suffix":null,"postal_code":null,"city":null,"province":"BC","AddressID":"D00000FRHD","TempKey":"04C158C6-920E-41DC-8952-A45ADD091AB8D00000FRHD","GlobalID":"{ABA130AB-AF69-4439-AC35-3AF2374FD8E6}","Shape__Area":3.557620067650001e-8,"Shape__Length":0.000984844087445323}},{"type":"Feature","geometry":{"type":"Polygon","coordinates":[[[-118.993126,49.08663],[-118.997475,49.08393],[-118.998559,49.083031],[-118.998833,49.083027],[-118.998817,49.086471],[-119.002075,49.086466],[-119.002056,49.086647],[-118.99883,49.086636],[-118.993126,49.08663]]]},"properties":{"OBJECTID":23300,"PMBCParcelGUID":"{D2670079-58A2-4F49-8880-A45C258FCFA2}","PMBC_PID":8910944,"PMBC_PIN":8910944,"PMBC_ParcelClass":"SUBDIVISION","PMBC_OwnerType":"PRIVATE","PMBC_LegalDescription":"LOT A DISTRICT LOT 231 AND OF SECTION 36 TOWNSHIP 67 SIMILKAMEEN DIVISION YALE DISTRICT PLAN 15014","Folio":"71302347005","FullAddress":"","apt_no":null,"street_no":null,"street_direction_prefix":null,"street_name":null,"street_direction_suffix":null,"postal_code":null,"city":null,"province":"BC","AddressID":"D00000F592","TempKey":"D2670079-58A2-4F49-8880-A45C258FCFA2D00000F592","GlobalID":"{A9A84F90-7E9B-469F-BCE1-5CBE4B9FA988}","Shape__Area":0.000010821653106129003,"Shape__Length":0.02261691498883889}},{"type":"Feature","geometry":{"type":"MultiPolygon","coordinates":[[[[-117.626653,49.068986],[-117.626302,49.069061],[-117.625499,49.068916],[-117.623687,49.067627],[-117.626966,49.068223],[-117.626653,49.068986]]],[[[-117.624065,49.068658],[-117.621417,49.068183],[-117.621235,49.068073],[-117.621581,49.067243],[-117.622254,49.067366],[-117.624065,49.068658]]]]},"properties":{"OBJECTID":23301,"PMBCParcelGUID":"{490203EC-8C27-4166-B942-A45F68ED8160}","PMBC_PID":16653742,"PMBC_PIN":16653742,"PMBC_ParcelClass":"SUBDIVISION","PMBC_OwnerType":"PRIVATE","PMBC_LegalDescription":"LOT 54 SECTIONS 30 AND 31 TOWNSHIP 7A AND SECTIONS 25 35 AND 36 TOWNSHIP 8A KOOTENAY DISTRICT PLAN 941 EXCEPT PART INCLUDED IN PLAN RW 115","Folio":"71110530260","FullAddress":"","apt_no":null,"street_no":null,"street_direction_prefix":null,"street_name":null,"street_direction_suffix":null,"postal_code":null,"city":null,"province":"BC","AddressID":"D00000GR9Y","TempKey":"490203EC-8C27-4166-B942-A45F68ED8160D00000GR9Y","GlobalID":"{70E4EBAD-B419-4A9D-A657-B039D4789EAE}","Shape__Area":0.000003781141765990501,"Shape__Length":0.014267471426021803}},{"type":"Feature","geometry":{"type":"Polygon","coordinates":[[[-118.68844,49.077096],[-118.68884,49.077093],[-118.688843,49.077184],[-118.688426,49.077187],[-118.688426,49.077143],[-118.68844,49.077096]]]},"properties":{"OBJECTID":23302,"PMBCParcelGUID":"{8207485C-249C-41F7-A9AE-A461C1192AAD}","PMBC_PID":12814466,"PMBC_PIN":12814466,"PMBC_ParcelClass":"SUBDIVISION","PMBC_OwnerType":"CROWN PROVINCIAL","PMBC_LegalDescription":"LOT 5 BLOCK 27 SECTION 32 TOWNSHIP 70 SIMILKAMEEN DIVISION YALE DISTRICT PLAN 24 EXCEPT PLAN B8332","Folio":"71300027050","FullAddress":"","apt_no":null,"street_no":null,"street_direction_prefix":null,"street_name":null,"street_direction_suffix":null,"postal_code":null,"city":null,"province":"BC","AddressID":"D00000FREQ","TempKey":"8207485C-249C-41F7-A9AE-A461C1192AADD00000FREQ","GlobalID":"{58FC9281-899F-4929-9209-5F246805B3C1}","Shape__Area":3.734779540150001e-8,"Shape__Length":0.000999589663014642}},{"type":"Feature","geometry":{"type":"Polygon","coordinates":[[[-118.47798,49.041044],[-118.478739,49.040795],[-118.478921,49.040735],[-118.479,49.040845],[-118.479069,49.040957],[-118.479129,49.041072],[-118.479179,49.041189],[-118.479219,49.041307],[-118.479249,49.041427],[-118.479269,49.041547],[-118.479279,49.041668],[-118.479278,49.041789],[-118.479239,49.04195],[-118.479189,49.04211],[-118.47913,49.042269],[-118.479061,49.042426],[-118.478982,49.04258],[-118.478895,49.042733],[-118.478798,49.042883],[-118.478692,49.043031],[-118.478577,49.043176],[-118.478453,49.043317],[-118.478321,49.043456],[-118.478181,49.04359],[-118.478032,49.043721],[-118.477381,49.043728],[-118.477422,49.0437],[-118.477468,49.043658],[-118.477496,49.043616],[-118.477517,49.04357],[-118.477555,49.0435],[-118.477586,49.043428],[-118.477607,49.043365],[-118.477628,49.043308],[-118.477653,49.04325],[-118.477684,49.043185],[-118.477715,49.043126],[-118.477746,49.043076],[-118.477778,49.043011],[-118.477792,49.042938],[-118.478031,49.042559],[-118.478031,49.042513],[-118.478031,49.042466],[-118.478017,49.042425],[-118.478016,49.042272],[-118.478075,49.04216],[-118.478175,49.042033],[-118.478231,49.041938],[-118.47832,49.041716],[-118.478359,49.04165],[-118.478428,49.041582],[-118.478463,49.04153],[-118.478574,49.041367],[-118.478658,49.041281],[-118.478633,49.041259],[-118.478567,49.041239],[-118.478463,49.041206],[-118.478227,49.041118],[-118.478039,49.041061],[-118.47798,49.041044]]]},"properties":{"OBJECTID":23303,"PMBCParcelGUID":"{017BBC01-D0ED-4851-AEF1-A4627AD02F4D}","PMBC_PID":9825487,"PMBC_PIN":9825487,"PMBC_ParcelClass":"SUBDIVISION","PMBC_OwnerType":"PRIVATE","PMBC_LegalDescription":"LOT 23 DISTRICT LOT 334 SIMILKAMEEN DIVISION YALE DISTRICT PLAN 8423","Folio":"71203856000","FullAddress":"3195 WARD RD , GRAND FORKS","apt_no":null,"street_no":"3195","street_direction_prefix":null,"street_name":"WARD RD","street_direction_suffix":null,"postal_code":"V0H 1H2","city":"GRAND FORKS","province":"BC","AddressID":"A00000J4FC","TempKey":"017BBC01-D0ED-4851-AEF1-A4627AD02F4DA00000J4FC","GlobalID":"{76CD7678-4808-4D16-B571-5559C68323DD}","Shape__Area":0.0000025826919000300008,"Shape__Length":0.008674741638553952}},{"type":"Feature","geometry":{"type":"Polygon","coordinates":[[[-118.532432,49.116642],[-118.532557,49.116641],[-118.532556,49.116969],[-118.53243,49.116971],[-118.532432,49.116642]]]},"properties":{"OBJECTID":23304,"PMBCParcelGUID":"{AFC12B4D-0790-43D3-9417-A4629AA56A98}","PMBC_PID":14133750,"PMBC_PIN":14133750,"PMBC_ParcelClass":"SUBDIVISION","PMBC_OwnerType":"CROWN PROVINCIAL","PMBC_LegalDescription":"LOT 19 BLOCK 67 DISTRICT LOT 2005 SIMILKAMEEN DIVISION YALE DISTRICT PLAN 79","Folio":"71204851894","FullAddress":"","apt_no":null,"street_no":null,"street_direction_prefix":null,"street_name":null,"street_direction_suffix":null,"postal_code":null,"city":null,"province":"BC","AddressID":"D00000G18Z","TempKey":"AFC12B4D-0790-43D3-9417-A4629AA56A98D00000G18Z","GlobalID":"{22589502-2EC0-45C5-80F5-52BD4E606D1F}","Shape__Area":4.111963210950001e-8,"Shape__Length":0.0009073521809956919}},{"type":"Feature","geometry":{"type":"Polygon","coordinates":[[[-117.808961,49.077855],[-117.808997,49.077538],[-117.809121,49.077544],[-117.809086,49.077861],[-117.808961,49.077855]]]},"properties":{"OBJECTID":23305,"PMBCParcelGUID":"{5C80E4CE-1A16-4D33-8B7A-A4631A2D4363}","PMBC_PID":15207897,"PMBC_PIN":15207897,"PMBC_ParcelClass":"SUBDIVISION","PMBC_OwnerType":"PRIVATE","PMBC_LegalDescription":"LOT 8 BLOCK 9 SECTION 35 TOWNSHIP 7A KOOTENAY DISTRICT PLAN 616","Folio":"22900543000","FullAddress":"1480 COLUMBIA AVE , ROSSLAND","apt_no":null,"street_no":"1480","street_direction_prefix":null,"street_name":"COLUMBIA AVE","street_direction_suffix":null,"postal_code":null,"city":"ROSSLAND","province":"BC","AddressID":"A000018PJ0","TempKey":"5C80E4CE-1A16-4D33-8B7A-A4631A2D4363A000018PJ0","GlobalID":"{4004486F-54F7-45D6-8C42-0B13F2AEC4C7}","Shape__Area":3.982602447800001e-8,"Shape__Length":0.0008883522371938435}},{"type":"Feature","geometry":{"type":"Polygon","coordinates":[[[-118.504789,49.020711],[-118.506324,49.02072],[-118.506362,49.021335],[-118.506398,49.021924],[-118.504874,49.021917],[-118.504789,49.020711]]]},"properties":{"OBJECTID":23306,"PMBCParcelGUID":"{A0661BB2-263C-4E3A-95C4-A464B360BE37}","PMBC_PID":9847502,"PMBC_PIN":9847502,"PMBC_ParcelClass":"SUBDIVISION","PMBC_OwnerType":"PRIVATE","PMBC_LegalDescription":"LOT 24 DISTRICT LOT 453 SIMILKAMEEN DIVISION YALE DISTRICT PLAN 8515","Folio":"71203885000","FullAddress":"6500 RESERVOIR RD , GRAND FORKS","apt_no":null,"street_no":"6500","street_direction_prefix":null,"street_name":"RESERVOIR RD","street_direction_suffix":null,"postal_code":"V0H 1H5","city":"GRAND FORKS","province":"BC","AddressID":"A00000J4HJ","TempKey":"A0661BB2-263C-4E3A-95C4-A464B360BE37A00000J4HJ","GlobalID":"{BF226E6C-F0F2-49E8-BF53-9F37723DDFD2}","Shape__Area":0.0000018426370129320005,"Shape__Length":0.005474434737532499}},{"type":"Feature","geometry":{"type":"Polygon","coordinates":[[[-118.464384,49.028048],[-118.464838,49.027876],[-118.464859,49.0279],[-118.464979,49.028036],[-118.464995,49.028055],[-118.46454,49.028224],[-118.464489,49.028166],[-118.464436,49.028106],[-118.464412,49.028079],[-118.464384,49.028048]]]},"properties":{"OBJECTID":23307,"PMBCParcelGUID":"{ED10A4E4-753D-4D9E-B3AD-A46736086E1A}","PMBC_PID":10708952,"PMBC_PIN":10708952,"PMBC_ParcelClass":"SUBDIVISION","PMBC_OwnerType":"PRIVATE","PMBC_LegalDescription":"PARCEL A (X253237) BLOCK 48 DISTRICT LOT 520 SIMILKAMEEN DIVISION YALE DISTRICT PLAN 83","Folio":"21000950005","FullAddress":"7485 21ST ST , GRAND FORKS","apt_no":null,"street_no":"7485","street_direction_prefix":null,"street_name":"21ST ST","street_direction_suffix":null,"postal_code":"V0H 1H2","city":"GRAND FORKS","province":"BC","AddressID":"A00000H85R","TempKey":"ED10A4E4-753D-4D9E-B3AD-A46736086E1AA00000H85R","GlobalID":"{CE9DD47A-01F5-44CB-AF55-7ABD908D22A0}","Shape__Area":1.0730652204950003e-7,"Shape__Length":0.0014433490335051587}},{"type":"Feature","geometry":{"type":"Polygon","coordinates":[[[-117.718313,49.114761],[-117.718249,49.114734],[-117.718474,49.114504],[-117.718538,49.114532],[-117.718313,49.114761]]]},"properties":{"OBJECTID":23308,"PMBCParcelGUID":"{27B99F93-A3D9-46FB-9330-A4679CD5F713}","PMBC_PID":7090919,"PMBC_PIN":7090919,"PMBC_ParcelClass":"SUBDIVISION","PMBC_OwnerType":"PRIVATE","PMBC_LegalDescription":"PARCEL A (SEE 78430I) LOT 2 BLOCK 4 DISTRICT LOT 367 KOOTENAY DISTRICT PLAN 2011","Folio":"23202865000","FullAddress":"23 HAZLEWOOD DR , TRAIL","apt_no":null,"street_no":"23","street_direction_prefix":null,"street_name":"HAZLEWOOD DR","street_direction_suffix":null,"postal_code":"V1R 1E5","city":"TRAIL","province":"BC","AddressID":"A000018T2S","TempKey":"27B99F93-A3D9-46FB-9330-A4679CD5F713A000018T2S","GlobalID":"{9AC614A7-E456-49EA-B66D-E96AAB4E23D7}","Shape__Area":2.0879965177500007e-8,"Shape__Length":0.0007823210016390498}},{"type":"Feature","geometry":{"type":"Polygon","coordinates":[[[-117.703937,49.09895],[-117.703922,49.098956],[-117.703581,49.099092],[-117.703509,49.099015],[-117.703862,49.098874],[-117.703937,49.09895]]]},"properties":{"OBJECTID":23309,"PMBCParcelGUID":"{D46512A0-60C4-44B4-B2EB-A46B579CA14A}","PMBC_PID":15156141,"PMBC_PIN":15156141,"PMBC_ParcelClass":"SUBDIVISION","PMBC_OwnerType":"PRIVATE","PMBC_LegalDescription":"LOT 6 BLOCK 9 DISTRICT LOT 2919 KOOTENAY DISTRICT PLAN 1262","Folio":"23201851000","FullAddress":"1453 COLUMBIA AVE , TRAIL","apt_no":null,"street_no":"1453","street_direction_prefix":null,"street_name":"COLUMBIA AVE","street_direction_suffix":null,"postal_code":"V1R 1J7","city":"TRAIL","province":"BC","AddressID":"A000018SDK","TempKey":"D46512A0-60C4-44B4-B2EB-A46B579CA14AA000018SDK","GlobalID":"{DFB277C5-A95F-4DBA-9C87-72ED87AAFA32}","Shape__Area":3.761933493000001e-8,"Shape__Length":0.0009766689660226755}},{"type":"Feature","geometry":{"type":"MultiPolygon","coordinates":[[[[-118.458991,49.016589],[-118.458861,49.016259],[-118.457257,49.016532],[-118.457237,49.014827],[-118.45762,49.01469],[-118.459361,49.014696],[-118.459325,49.018268],[-118.459203,49.018361],[-118.459076,49.018483],[-118.45903,49.018541],[-118.458967,49.018598],[-118.458868,49.018693],[-118.458784,49.018773],[-118.458687,49.018865],[-118.45861,49.018945],[-118.458551,49.019006],[-118.458479,49.019063],[-118.458385,49.019128],[-118.458307,49.019185],[-118.458246,49.019239],[-118.458204,49.019284],[-118.458187,49.019307],[-118.457933,49.019494],[-118.457867,49.019521],[-118.457739,49.019551],[-118.45769,49.019547],[-118.457625,49.019509],[-118.457473,49.019437],[-118.457351,49.019315],[-118.457334,49.019304],[-118.457084,49.01917],[-118.456995,49.01906],[-118.456928,49.018942],[-118.45686,49.01882],[-118.456848,49.018797],[-118.456814,49.018744],[-118.456776,49.018653],[-118.456745,49.01858],[-118.456725,49.018493],[-118.456715,49.018374],[-118.456677,49.01826],[-118.456664,49.018222],[-118.456629,49.018135],[-118.456652,49.018081],[-118.456704,49.01794],[-118.456725,49.017803],[-118.456719,49.017559],[-118.45674,49.017467],[-118.456854,49.017322],[-118.456877,49.017162],[-118.456881,49.017071],[-118.456899,49.016944],[-118.456931,49.016938],[-118.458991,49.016589]]],[[[-118.457016,49.014678],[-118.45725,49.01468],[-118.457075,49.014756],[-118.457093,49.01656],[-118.456923,49.016589],[-118.456916,49.016526],[-118.456914,49.016491],[-118.456897,49.016431],[-118.456872,49.016351],[-118.456855,49.015996],[-118.456931,49.01566],[-118.456928,49.015183],[-118.456926,49.015039],[-118.456926,49.015023],[-118.456909,49.014947],[-118.456897,49.014924],[-118.456936,49.014905],[-118.456957,49.014867],[-118.456987,49.01481],[-118.457006,49.014753],[-118.457016,49.014678]]]]},"properties":{"OBJECTID":23310,"PMBCParcelGUID":"{AD9B7CEF-965E-454E-9DF3-A46F678D465C}","PMBC_PID":9547690,"PMBC_PIN":9547690,"PMBC_ParcelClass":"SUBDIVISION","PMBC_OwnerType":"PRIVATE","PMBC_LegalDescription":"LOT 2 DISTRICT LOT 533 SIMILKAMEEN DIVISION YALE DISTRICT PLAN 10666 EXCEPT PARCEL A (V81883)","Folio":"71203224115","FullAddress":"2225 ALMOND GARDENS RD E, GRAND FORKS","apt_no":null,"street_no":"2225","street_direction_prefix":null,"street_name":"ALMOND GARDENS RD","street_direction_suffix":"E","postal_code":"V0H 1H4","city":"GRAND FORKS","province":"BC","AddressID":"A00000J401","TempKey":"AD9B7CEF-965E-454E-9DF3-A46F678D465CA00000J401","GlobalID":"{B074484B-9297-4B47-B7BE-64CFE68C9260}","Shape__Area":0.000009941999681904003,"Shape__Length":0.021133137288416218}},{"type":"Feature","geometry":{"type":"Polygon","coordinates":[[[-118.490974,49.01631],[-118.490976,49.016332],[-118.491016,49.016976],[-118.49048,49.01677],[-118.490666,49.016444],[-118.490774,49.016255],[-118.490819,49.016257],[-118.490865,49.016256],[-118.490887,49.016273],[-118.490913,49.016288],[-118.490943,49.0163],[-118.490974,49.01631]]]},"properties":{"OBJECTID":23311,"PMBCParcelGUID":"{C740750B-72FC-49A8-8503-A4716740E369}","PMBC_PID":8800961,"PMBC_PIN":8800961,"PMBC_ParcelClass":"SUBDIVISION","PMBC_OwnerType":"PRIVATE","PMBC_LegalDescription":"LOT A DISTRICT LOT 453 SIMILKAMEEN DIVISION YALE DISTRICT PLAN 15571","Folio":"71203908005","FullAddress":"3620 MILL RD , GRAND FORKS","apt_no":null,"street_no":"3620","street_direction_prefix":null,"street_name":"MILL RD","street_direction_suffix":null,"postal_code":"V0H 1H5","city":"GRAND FORKS","province":"BC","AddressID":"A00000J4JN","TempKey":"C740750B-72FC-49A8-8503-A4716740E369A00000J4JN","GlobalID":"{D1A4A7F2-1F17-4A8D-BB25-4336B64435A0}","Shape__Area":2.3567313073900005e-7,"Shape__Length":0.0020491075559685473}},{"type":"Feature","geometry":{"type":"Polygon","coordinates":[[[-117.614381,49.078187],[-117.614478,49.078154],[-117.615191,49.078546],[-117.614578,49.078714],[-117.614477,49.078742],[-117.614386,49.07865],[-117.614043,49.078306],[-117.614381,49.078187]]]},"properties":{"OBJECTID":23312,"PMBCParcelGUID":"{BE361CA3-7504-40BF-8713-A471C7E88766}","PMBC_PID":6566022,"PMBC_PIN":6566022,"PMBC_ParcelClass":"SUBDIVISION","PMBC_OwnerType":"PRIVATE","PMBC_LegalDescription":"LOT 2 TOWNSHIP 7A AND DISTRICT LOT 5596 KOOTENAY DISTRICT PLAN 16729","Folio":"23204611200","FullAddress":"8535 HIGHWAY 22A , TRAIL","apt_no":null,"street_no":"8535","street_direction_prefix":null,"street_name":"HIGHWAY 22A","street_direction_suffix":null,"postal_code":"V1R 4W8","city":"TRAIL","province":"BC","AddressID":"A000018UJG","TempKey":"BE361CA3-7504-40BF-8713-A471C7E88766A000018UJG","GlobalID":"{5A954579-79A8-447E-85CE-E82CC61E918D}","Shape__Area":3.373922832470001e-7,"Shape__Length":0.0026290016328423755}},{"type":"Feature","geometry":{"type":"Polygon","coordinates":[[[-117.547164,49.110105],[-117.547361,49.109882],[-117.547592,49.109976],[-117.547626,49.109991],[-117.547424,49.110209],[-117.547164,49.110105]]]},"properties":{"OBJECTID":23313,"PMBCParcelGUID":"{11E48E0A-1171-4028-B709-A4749E08A02F}","PMBC_PID":14804841,"PMBC_PIN":14804841,"PMBC_ParcelClass":"SUBDIVISION","PMBC_OwnerType":"PRIVATE","PMBC_LegalDescription":"LOT G DISTRICT LOT 1236 KOOTENAY DISTRICT PLAN 4745","Folio":"52100258030","FullAddress":"77 ELM AVE , FRUITVALE","apt_no":null,"street_no":"77","street_direction_prefix":null,"street_name":"ELM AVE","street_direction_suffix":null,"postal_code":null,"city":"FRUITVALE","province":"BC","AddressID":"A000018XNS","TempKey":"11E48E0A-1171-4028-B709-A4749E08A02FA000018XNS","GlobalID":"{C51CDC33-1717-4329-8986-41B4372F4A72}","Shape__Area":7.938969237700002e-8,"Shape__Length":0.001162548851048139}},{"type":"Feature","geometry":{"type":"Polygon","coordinates":[[[-117.71495,49.116267],[-117.715368,49.116268],[-117.715396,49.11662],[-117.714978,49.116635],[-117.71495,49.116267]]]},"properties":{"OBJECTID":23314,"PMBCParcelGUID":"{3AFAC48A-5F4F-4CDF-B62E-A47691100C4C}","PMBC_PID":15328503,"PMBC_PIN":15328503,"PMBC_ParcelClass":"SUBDIVISION","PMBC_OwnerType":"PRIVATE","PMBC_LegalDescription":"LOT 8 BLOCK 2 DISTRICT LOT 367 KOOTENAY DISTRICT PLAN 2384 EXCEPT PLAN NEP59626","Folio":"23203033100","FullAddress":"25 HILLSIDE DR , TRAIL","apt_no":null,"street_no":"25","street_direction_prefix":null,"street_name":"HILLSIDE DR","street_direction_suffix":null,"postal_code":"V1R 1G7","city":"TRAIL","province":"BC","AddressID":"A000018T63","TempKey":"3AFAC48A-5F4F-4CDF-B62E-A47691100C4CA000018T63","GlobalID":"{3CA147C4-C89F-4FB0-9D4E-9ABB6A6AC812}","Shape__Area":1.5058743548300004e-7,"Shape__Length":0.0015579809529055798}},{"type":"Feature","geometry":{"type":"Polygon","coordinates":[[[-117.744559,49.0946],[-117.744232,49.094892],[-117.744071,49.094799],[-117.744417,49.094493],[-117.744559,49.0946]]]},"properties":{"OBJECTID":23315,"PMBCParcelGUID":"{17A5BAA7-4613-4C23-A298-A47839C560C4}","PMBC_PID":15725901,"PMBC_PIN":15725901,"PMBC_ParcelClass":"SUBDIVISION","PMBC_OwnerType":"PRIVATE","PMBC_LegalDescription":"LOT 25 DISTRICT LOT 6063 KOOTENAY DISTRICT PLAN 1830","Folio":"58800586000","FullAddress":"370 SCHOFIELD HWY , WARFIELD","apt_no":null,"street_no":"370","street_direction_prefix":null,"street_name":"SCHOFIELD HWY","street_direction_suffix":null,"postal_code":"V1R 2G4","city":"WARFIELD","province":"BC","AddressID":"A000019309","TempKey":"17A5BAA7-4613-4C23-A298-A47839C560C4A000019309","GlobalID":"{0E28C945-EBC3-4839-B72B-9ECE57467F78}","Shape__Area":7.892206306400002e-8,"Shape__Length":0.0012642793758466798}},{"type":"Feature","geometry":{"type":"Polygon","coordinates":[[[-117.815525,49.075666],[-117.815504,49.075283],[-117.815566,49.075284],[-117.815626,49.075291],[-117.815684,49.075305],[-117.815738,49.075325],[-117.815968,49.075428],[-117.815995,49.075438],[-117.816023,49.075446],[-117.816053,49.07545],[-117.816084,49.07545],[-117.816114,49.075448],[-117.816143,49.075442],[-117.816171,49.075434],[-117.816196,49.075422],[-117.816218,49.075408],[-117.816236,49.075392],[-117.81625,49.075374],[-117.816259,49.075355],[-117.816682,49.075417],[-117.816441,49.075661],[-117.816184,49.07575],[-117.816147,49.075763],[-117.815739,49.075737],[-117.815525,49.075666]]]},"properties":{"OBJECTID":23316,"PMBCParcelGUID":"{6D74708B-82A1-47C5-B2D7-A4804859F289}","PMBC_PID":9702865,"PMBC_PIN":9702865,"PMBC_ParcelClass":"SUBDIVISION","PMBC_OwnerType":"PRIVATE","PMBC_LegalDescription":"LOT 12 SECTION 34 TOWNSHIP 9A AND DISTRICT LOT 538 KOOTENAY DISTRICT PLAN 14835 EXCEPT PLAN EPP137508","Folio":"22901900120","FullAddress":"1104 LAKEVIEW DR , ROSSLAND","apt_no":null,"street_no":"1104","street_direction_prefix":null,"street_name":"LAKEVIEW DR","street_direction_suffix":null,"postal_code":null,"city":"ROSSLAND","province":"BC","AddressID":"A000018QR9","TempKey":"6D74708B-82A1-47C5-B2D7-A4804859F289A000018QR9","GlobalID":"{398EA8E6-13F6-4DCD-B908-FB716BEA9BD3}","Shape__Area":3.606036304765001e-7,"Shape__Length":0.0029211373058505947}},{"type":"Feature","geometry":{"type":"Polygon","coordinates":[[[-117.799025,49.075419],[-117.799149,49.075425],[-117.799119,49.075697],[-117.798994,49.075692],[-117.799025,49.075419]]]},"properties":{"OBJECTID":23317,"PMBCParcelGUID":"{45F985F5-FBC4-41F9-9C86-A489B0A76D88}","PMBC_PID":16702719,"PMBC_PIN":16702719,"PMBC_ParcelClass":"SUBDIVISION","PMBC_OwnerType":"LOCAL GOVERNMENT","PMBC_LegalDescription":"LOT 10 BLOCK 39 DISTRICT LOT 535 KOOTENAY DISTRICT PLAN 579","Folio":"22900327100","FullAddress":"KOOTENAY AVE , ROSSLAND","apt_no":null,"street_no":null,"street_direction_prefix":null,"street_name":"KOOTENAY AVE","street_direction_suffix":null,"postal_code":null,"city":"ROSSLAND","province":"BC","AddressID":"A000018P6W","TempKey":"45F985F5-FBC4-41F9-9C86-A489B0A76D88A000018P6W","GlobalID":"{C92858C1-76ED-4DFF-9473-FEFD6EE0D89E}","Shape__Area":3.4165378064000006e-8,"Shape__Length":0.0007976422719715138}},{"type":"Feature","geometry":{"type":"Polygon","coordinates":[[[-117.58595,49.010053],[-117.585759,49.010236],[-117.585781,49.007597],[-117.586349,49.007654],[-117.586973,49.00761],[-117.587706,49.007278],[-117.58911,49.007227],[-117.589102,49.00852],[-117.5891,49.008844],[-117.589409,49.008844],[-117.589408,49.009152],[-117.5892,49.009161],[-117.588279,49.009316],[-117.587698,49.009479],[-117.586711,49.009767],[-117.586235,49.0099],[-117.58595,49.010053]]]},"properties":{"OBJECTID":23318,"PMBCParcelGUID":"{30D8F901-DD15-4FB1-A48E-A48A4DF20BBC}","PMBC_PID":18779832,"PMBC_PIN":18779832,"PMBC_ParcelClass":"SUBDIVISION","PMBC_OwnerType":"PRIVATE","PMBC_LegalDescription":"LOT A DISTRICT LOT 3617 KOOTENAY DISTRICT PLAN NEP21291","Folio":"71106617010","FullAddress":"10092 WANETA-NELWAY RD , WANETA","apt_no":null,"street_no":"10092","street_direction_prefix":null,"street_name":"WANETA-NELWAY RD","street_direction_suffix":null,"postal_code":"V1R 4X7","city":"WANETA","province":"BC","AddressID":"A000019MX1","TempKey":"30D8F901-DD15-4FB1-A48E-A48A4DF20BBCA000019MX1","GlobalID":"{C59F2379-43B4-4A96-8990-EB813726CBF7}","Shape__Area":0.0000072615868800205015,"Shape__Length":0.012137141242201733}},{"type":"Feature","geometry":{"type":"Polygon","coordinates":[[[-118.651803,49.093647],[-118.64946,49.093757],[-118.64969,49.093086],[-118.64932,49.090973],[-118.650302,49.091046],[-118.650342,49.090802],[-118.650385,49.090557],[-118.65258,49.090458],[-118.653715,49.093079],[-118.651803,49.093647]]]},"properties":{"OBJECTID":23319,"PMBCParcelGUID":"{CEA22D1C-5535-403A-AE62-A48C852C526F}","PMBC_PID":15052087,"PMBC_PIN":15052087,"PMBC_ParcelClass":"SUBDIVISION","PMBC_OwnerType":"CROWN PROVINCIAL","PMBC_LegalDescription":"THE SURFACE OF THAT PART OF DISTRICT LOT 3135 SIMILKAMEEN DIVISION YALE DISTRICT KNOWN AS THE \"ARCADIA\" MINERAL CLAIM","Folio":"71307078500","FullAddress":"","apt_no":null,"street_no":null,"street_direction_prefix":null,"street_name":null,"street_direction_suffix":null,"postal_code":null,"city":null,"province":"BC","AddressID":"D00000G22E","TempKey":"CEA22D1C-5535-403A-AE62-A48C852C526FD00000G22E","GlobalID":"{864614F0-7146-4A14-855C-0D0F6BE802A3}","Shape__Area":0.000010888286070352502,"Shape__Length":0.013727646614572231}},{"type":"Feature","geometry":{"type":"Polygon","coordinates":[[[-117.587399,49.080119],[-117.587451,49.080109],[-117.587557,49.080089],[-117.5877,49.080061],[-117.587714,49.080093],[-117.587817,49.080324],[-117.587515,49.080382],[-117.587399,49.080119]]]},"properties":{"OBJECTID":23320,"PMBCParcelGUID":"{7C69940E-5A7E-47D6-9487-A48DE71D4B1A}","PMBC_PID":7885075,"PMBC_PIN":7885075,"PMBC_ParcelClass":"SUBDIVISION","PMBC_OwnerType":"PRIVATE","PMBC_LegalDescription":"LOT 1 BLOCK 1 TOWNSHIP 7A KOOTENAY DISTRICT PLAN 2352","Folio":"54800175000","FullAddress":"810 10TH AVE , MONTROSE","apt_no":null,"street_no":"810","street_direction_prefix":null,"street_name":"10TH AVE","street_direction_suffix":null,"postal_code":"V0G 1P0","city":"MONTROSE","province":"BC","AddressID":"A000018Z7J","TempKey":"7C69940E-5A7E-47D6-9487-A48DE71D4B1AA000018Z7J","GlobalID":"{2C09B076-CA17-4122-9305-FC45A44FBC91}","Shape__Area":8.593898651900002e-8,"Shape__Length":0.0011886131560055306}},{"type":"Feature","geometry":{"type":"Polygon","coordinates":[[[-118.675726,49.100871],[-118.675725,49.100802],[-118.676162,49.100797],[-118.676163,49.100864],[-118.675726,49.100871]]]},"properties":{"OBJECTID":23321,"PMBCParcelGUID":"{079FE27C-50B2-4017-B9CE-A49440BEC124}","PMBC_PID":12885550,"PMBC_PIN":12885550,"PMBC_ParcelClass":"SUBDIVISION","PMBC_OwnerType":"PRIVATE","PMBC_LegalDescription":"LOT 4 BLOCK 44 DISTRICT LOT 711 SIMILKAMEEN DIVISION YALE DISTRICT PLAN 34","Folio":"21100282000","FullAddress":"546 GOVERNMENT AVE N, GREENWOOD","apt_no":null,"street_no":"546","street_direction_prefix":null,"street_name":"GOVERNMENT AVE","street_direction_suffix":"N","postal_code":"V0H 1J0","city":"GREENWOOD","province":"BC","AddressID":"A00000H9SE","TempKey":"079FE27C-50B2-4017-B9CE-A49440BEC124A00000H9SE","GlobalID":"{1BC76049-4361-429F-8746-DD9345603B02}","Shape__Area":2.9499064456000007e-8,"Shape__Length":0.0010091177354045937}},{"type":"Feature","geometry":{"type":"Polygon","coordinates":[[[-117.843938,49.017669],[-117.843288,49.018001],[-117.842791,49.017578],[-117.843612,49.017159],[-117.843938,49.017669]]]},"properties":{"OBJECTID":23322,"PMBCParcelGUID":"{8FEAF8D1-BFF4-440A-AF3B-A494B8FAE843}","PMBC_PID":10616055,"PMBC_PIN":10616055,"PMBC_ParcelClass":"SUBDIVISION","PMBC_OwnerType":"PRIVATE","PMBC_LegalDescription":"PARCEL A (REFERENCE PLAN 53312I) SUBLOT 163 TOWNSHIP 9A KOOTENAY DISTRICT PLAN X63 EXCEPT PART INCLUDED IN SRW PLAN 6603","Folio":"71110937100","FullAddress":"355 HIGHWAY 22 , ROSSLAND","apt_no":null,"street_no":"355","street_direction_prefix":null,"street_name":"HIGHWAY 22","street_direction_suffix":null,"postal_code":"V0G 1Y0","city":"ROSSLAND","province":"BC","AddressID":"A000019NN4","TempKey":"8FEAF8D1-BFF4-440A-AF3B-A494B8FAE843A000019NN4","GlobalID":"{DEC4C9E6-A595-4777-B7F6-0ECC11B36D4C}","Shape__Area":4.978088034015002e-7,"Shape__Length":0.0029099214741996064}},{"type":"Feature","geometry":{"type":"Polygon","coordinates":[[[-118.21671,49.057357],[-118.216503,49.057313],[-118.216527,49.056369],[-118.216964,49.056373],[-118.217147,49.056376],[-118.217141,49.056692],[-118.217139,49.056768],[-118.217133,49.057054],[-118.217129,49.057212],[-118.217115,49.05734],[-118.217103,49.057443],[-118.21671,49.057357]]]},"properties":{"OBJECTID":23323,"PMBCParcelGUID":"{704AE4D1-3965-4E69-AFEC-A49505419657}","PMBC_PID":2564301,"PMBC_PIN":2564301,"PMBC_ParcelClass":"SUBDIVISION","PMBC_OwnerType":"PRIVATE","PMBC_LegalDescription":"LOT A DISTRICT LOT 970 SIMILKAMEEN DIVISION YALE DISTRICT PLAN 13026","Folio":"71204379000","FullAddress":"36 SKANDS RD , CHRISTINA LAKE","apt_no":null,"street_no":"36","street_direction_prefix":null,"street_name":"SKANDS RD","street_direction_suffix":null,"postal_code":"V0H 1E2","city":"CHRISTINA LAKE","province":"BC","AddressID":"A00000J4YD","TempKey":"704AE4D1-3965-4E69-AFEC-A49505419657A00000J4YD","GlobalID":"{CAA6E384-6D14-4741-BF5C-2ABF40B3FD1E}","Shape__Area":6.246486329295001e-7,"Shape__Length":0.0032465116279811472}},{"type":"Feature","geometry":{"type":"Polygon","coordinates":[[[-118.601604,49.099033],[-118.601677,49.099077],[-118.601413,49.099268],[-118.60134,49.099225],[-118.601604,49.099033]]]},"properties":{"OBJECTID":23324,"PMBCParcelGUID":"{3E0BD666-C369-43BF-9496-A496BD015581}","PMBC_PID":12393193,"PMBC_PIN":12393193,"PMBC_ParcelClass":"SUBDIVISION","PMBC_OwnerType":"PRIVATE","PMBC_LegalDescription":"LOT 10 BLOCK M DISTRICT LOT 981 SIMILKAMEEN DIVISION YALE DISTRICT PLAN 281","Folio":"71203516405","FullAddress":"","apt_no":null,"street_no":null,"street_direction_prefix":null,"street_name":null,"street_direction_suffix":null,"postal_code":null,"city":null,"province":"BC","AddressID":"D00000GN9E","TempKey":"3E0BD666-C369-43BF-9496-A496BD015581D00000GN9E","GlobalID":"{8B7D7C88-48C0-4FA6-9F4B-BC12E1B69A9A}","Shape__Area":2.5412122762500007e-8,"Shape__Length":0.0008219386158176099}},{"type":"Feature","geometry":{"type":"Polygon","coordinates":[[[-118.453503,49.017866],[-118.454059,49.017866],[-118.454059,49.017881],[-118.454032,49.018006],[-118.453486,49.018006],[-118.453496,49.017936],[-118.453503,49.017866]]]},"properties":{"OBJECTID":23325,"PMBCParcelGUID":"{469F435B-ACF3-4721-88E8-A496FD28AD09}","PMBC_PID":32348487,"PMBC_PIN":32348487,"PMBC_ParcelClass":"SUBDIVISION","PMBC_OwnerType":"PRIVATE","PMBC_LegalDescription":"LOT 17 DISTRICT LOT 533 SIMILKAMEEN DIVISION YALE DISTRICT PLAN EPP124143","Folio":"21001139017","FullAddress":"6025 18TH ST , GRAND FORKS","apt_no":null,"street_no":"6025","street_direction_prefix":null,"street_name":"18TH ST","street_direction_suffix":null,"postal_code":null,"city":"GRAND FORKS","province":"BC","AddressID":"J00003BF13","TempKey":"469F435B-ACF3-4721-88E8-A496FD28AD09J00003BF13","GlobalID":"{FED7D325-37D2-4CAB-AD3E-13841996EE8F}","Shape__Area":7.712894875700001e-8,"Shape__Length":0.0013854240062433764}},{"type":"Feature","geometry":{"type":"Polygon","coordinates":[[[-118.429066,49.013905],[-118.429076,49.013389],[-118.430457,49.013393],[-118.430457,49.013531],[-118.430142,49.013529],[-118.42983,49.013526],[-118.429831,49.013901],[-118.429066,49.013905]]]},"properties":{"OBJECTID":23326,"PMBCParcelGUID":"{A2ABC7DD-FE3D-42CD-902F-A498050B0FC0}","PMBC_PID":7068441,"PMBC_PIN":7068441,"PMBC_ParcelClass":"SUBDIVISION","PMBC_OwnerType":"PRIVATE","PMBC_LegalDescription":"LOT A DISTRICT LOT 536 SIMILKAMEEN DIVISION YALE DISTRICT PLAN 22137","Folio":"71203445005","FullAddress":"5730 INTERNATIONAL RD , GRAND FORKS","apt_no":null,"street_no":"5730","street_direction_prefix":null,"street_name":"INTERNATIONAL RD","street_direction_suffix":null,"postal_code":"V0H 1H4","city":"GRAND FORKS","province":"BC","AddressID":"A00000J44M","TempKey":"A2ABC7DD-FE3D-42CD-902F-A498050B0FC0A00000J44M","GlobalID":"{6CE38E77-536C-4108-AB07-2F81DE24076A}","Shape__Area":4.749553043930001e-7,"Shape__Length":0.0038011871854605173}},{"type":"Feature","geometry":{"type":"Polygon","coordinates":[[[-118.124711,49.01471],[-118.124664,49.014748],[-118.124587,49.014832],[-118.124513,49.014847],[-118.124541,49.014813],[-118.124618,49.014729],[-118.124667,49.014687],[-118.124795,49.014576],[-118.124839,49.014542],[-118.124929,49.014527],[-118.124936,49.014512],[-118.124995,49.014515],[-118.124967,49.014557],[-118.12487,49.014576],[-118.124837,49.014599],[-118.124711,49.01471]]]},"properties":{"OBJECTID":23327,"PMBCParcelGUID":"{9399DDDF-1D20-4CD5-9FB9-A499F71BF124}","PMBC_PID":28711831,"PMBC_PIN":28711831,"PMBC_ParcelClass":"INTEREST","PMBC_OwnerType":"CROWN PROVINCIAL","PMBC_LegalDescription":"THAT PART UNSURVEYED CROWN LAND WITHIN SIMILKAMEEN DIVISION YALE DISTRICT BEING PART OF THE BED OF BITTER CREEK SHOWN AS A 195 SQUARE METER PARCEL ON PLAN KAP73516","Folio":"71204493010","FullAddress":"","apt_no":null,"street_no":null,"street_direction_prefix":null,"street_name":null,"street_direction_suffix":null,"postal_code":null,"city":null,"province":"BC","AddressID":"D00000GNBK","TempKey":"9399DDDF-1D20-4CD5-9FB9-A499F71BF124D00000GNBK","GlobalID":"{309DB83B-0887-42AD-B8F5-E70EAE80AFDD}","Shape__Area":2.4272524687000007e-8,"Shape__Length":0.0012226579819212282}},{"type":"Feature","geometry":{"type":"MultiPolygon","coordinates":[[[[-117.66151,49.056504],[-117.661782,49.056526],[-117.662656,49.056599],[-117.662639,49.057705],[-117.661865,49.0577],[-117.661802,49.057641],[-117.661642,49.057546],[-117.661208,49.057406],[-117.66122,49.056598],[-117.66151,49.056504]]],[[[-117.662059,49.057881],[-117.66241,49.057884],[-117.66222,49.058033],[-117.662059,49.057881]]]]},"properties":{"OBJECTID":23328,"PMBCParcelGUID":"{58308743-BFFA-4BF4-8567-A49D4B74FBDA}","PMBC_PID":26653290,"PMBC_PIN":26653290,"PMBC_ParcelClass":"SUBDIVISION","PMBC_OwnerType":"PRIVATE","PMBC_LegalDescription":"LOT A SECTION 23 TOWNSHIP 8A KOOTENAY DISTRICT PLAN NEP80857","Folio":"71110825250","FullAddress":"4234 CASINO RD , CASINO","apt_no":null,"street_no":"4234","street_direction_prefix":null,"street_name":"CASINO RD","street_direction_suffix":null,"postal_code":"V1R 4X3","city":"CASINO","province":"BC","AddressID":"D000001F1T","TempKey":"58308743-BFFA-4BF4-8567-A49D4B74FBDAD000001F1T","GlobalID":"{C09BBA3D-72B6-47FA-99C2-8CBBBCAB8B11}","Shape__Area":0.0000015610501472510005,"Shape__Length":0.005685776638577964}},{"type":"Feature","geometry":{"type":"Polygon","coordinates":[[[-117.685777,49.099044],[-117.685819,49.099032],[-117.686042,49.099099],[-117.685727,49.099313],[-117.685629,49.099285],[-117.685777,49.099044]]]},"properties":{"OBJECTID":23329,"PMBCParcelGUID":"{DE168EEF-F7F4-48D2-A58F-A49E00B4593E}","PMBC_PID":28082273,"PMBC_PIN":28082273,"PMBC_ParcelClass":"SUBDIVISION","PMBC_OwnerType":"PRIVATE","PMBC_LegalDescription":"LOT 5 DISTRICT LOT 4598 KOOTENAY DISTRICT PLAN NEP90004","Folio":"23203235000","FullAddress":"2390 EIGHTH AVE , TRAIL","apt_no":null,"street_no":"2390","street_direction_prefix":null,"street_name":"EIGHTH AVE","street_direction_suffix":null,"postal_code":"V1R 3E4","city":"TRAIL","province":"BC","AddressID":"A000018TC1","TempKey":"DE168EEF-F7F4-48D2-A58F-A49E00B4593EA000018TC1","GlobalID":"{9010E2EB-A70B-498C-A377-16052D27ABBF}","Shape__Area":5.3668483096500015e-8,"Shape__Length":0.0010413908310967317}},{"type":"Feature","geometry":{"type":"Polygon","coordinates":[[[-117.73653,49.120044],[-117.736667,49.119942],[-117.736815,49.120224],[-117.73653,49.120044]]]},"properties":{"OBJECTID":23330,"PMBCParcelGUID":"{FE357E46-30C4-4752-B536-A49E03C20915}","PMBC_PID":9792538,"PMBC_PIN":9792538,"PMBC_ParcelClass":"SUBDIVISION","PMBC_OwnerType":"PRIVATE","PMBC_LegalDescription":"LOT A DISTRICT LOT 367 KOOTENAY DISTRICT PLAN 15019","Folio":"71102334200","FullAddress":"196 1ST AVE , RIVERVALE","apt_no":null,"street_no":"196","street_direction_prefix":null,"street_name":"1ST AVE","street_direction_suffix":null,"postal_code":"V1R 4V2","city":"RIVERVALE","province":"BC","AddressID":"A000019LYR","TempKey":"FE357E46-30C4-4752-B536-A49E03C20915A000019LYR","GlobalID":"{B968455A-7664-4629-B5C0-3805816B86EA}","Shape__Area":2.6924196542500005e-8,"Shape__Length":0.0008268119011343152}},{"type":"Feature","geometry":{"type":"Polygon","coordinates":[[[-118.701857,49.048786],[-118.701248,49.047789],[-118.707198,49.046282],[-118.708192,49.048063],[-118.708165,49.049981],[-118.708166,49.050292],[-118.704932,49.051185],[-118.702875,49.050472],[-118.702017,49.049109],[-118.701857,49.048786]]]},"properties":{"OBJECTID":23331,"PMBCParcelGUID":"{115A8E06-A46F-4D29-96B7-A4A0DD7294C0}","PMBC_PID":14897377,"PMBC_PIN":14897377,"PMBC_ParcelClass":"SUBDIVISION","PMBC_OwnerType":"PRIVATE","PMBC_LegalDescription":"THE SURFACE OF DISTRICT LOT 889 SIMILKAMEEN DIVISION YALE DISTRICT SURVEYED AS THE \"BOUNDARY FALLS\" MINERAL CLAIM","Folio":"71304194000","FullAddress":"","apt_no":null,"street_no":null,"street_direction_prefix":null,"street_name":null,"street_direction_suffix":null,"postal_code":null,"city":null,"province":"BC","AddressID":"D00000GN4F","TempKey":"115A8E06-A46F-4D29-96B7-A4A0DD7294C0D00000GN4F","GlobalID":"{35785D68-D414-4A6C-805F-50A125B2E3B2}","Shape__Area":0.000023124568806358504,"Shape__Length":0.019077798337263717}},{"type":"Feature","geometry":{"type":"Polygon","coordinates":[[[-118.396813,49.010681],[-118.396826,49.008664],[-118.39688,49.008656],[-118.396991,49.008652],[-118.397102,49.008652],[-118.39722,49.008663],[-118.397335,49.008682],[-118.397456,49.008702],[-118.397543,49.008712],[-118.397626,49.008713],[-118.397713,49.008723],[-118.397743,49.008728],[-118.397781,49.008739],[-118.397767,49.01175],[-118.397205,49.011748],[-118.397209,49.010683],[-118.396813,49.010681]]]},"properties":{"OBJECTID":23332,"PMBCParcelGUID":"{566D0061-CE1C-4914-A2D6-A4A16F29AB3F}","PMBC_PID":10148957,"PMBC_PIN":10148957,"PMBC_ParcelClass":"SUBDIVISION","PMBC_OwnerType":"PRIVATE","PMBC_LegalDescription":"AMENDED LOT 2 (DD K3375) DISTRICT LOT 1475 SIMILKAMEEN DIVISION YALE DISTRICT PLAN 6350","Folio":"71204806000","FullAddress":"510 SOUTH NURSERY RD , GRAND FORKS","apt_no":null,"street_no":"510","street_direction_prefix":null,"street_name":"SOUTH NURSERY RD","street_direction_suffix":null,"postal_code":"V0H 1H9","city":"GRAND FORKS","province":"BC","AddressID":"A00000J5LT","TempKey":"566D0061-CE1C-4914-A2D6-A4A16F29AB3FA00000J5LT","GlobalID":"{40483428-C3DA-45CA-9395-9DABED27B4DA}","Shape__Area":0.0000025135187225550007,"Shape__Length":0.008014197163902937}},{"type":"Feature","geometry":{"type":"Polygon","coordinates":[[[-119.125663,49.082431],[-119.125982,49.082398],[-119.126827,49.08277],[-119.126916,49.082998],[-119.126341,49.082738],[-119.126,49.082583],[-119.125935,49.082554],[-119.125663,49.082431]]]},"properties":{"OBJECTID":23333,"PMBCParcelGUID":"{D46F2393-E944-409F-80B4-A4A3CAAD486D}","PMBC_PID":25656091,"PMBC_PIN":25656091,"PMBC_ParcelClass":"INTEREST","PMBC_OwnerType":"CROWN PROVINCIAL","PMBC_LegalDescription":"THAT PART OF UNSURVEYED CROWN LAND SIMILKAMEEN DIVISION YALE DISTRICT CONTAINING 0.134 HA SHOWN ON PLAN KAP73499","Folio":"71302363130","FullAddress":"","apt_no":null,"street_no":null,"street_direction_prefix":null,"street_name":null,"street_direction_suffix":null,"postal_code":null,"city":null,"province":"BC","AddressID":"D00000F594","TempKey":"D46F2393-E944-409F-80B4-A4A3CAAD486DD00000F594","GlobalID":"{F4C8C439-6554-45D9-A132-3488A6793CBE}","Shape__Area":1.9070656222550004e-7,"Shape__Length":0.0028635444998375953}},{"type":"Feature","geometry":{"type":"Polygon","coordinates":[[[-118.99894,49.056149],[-118.998938,49.05634],[-118.998749,49.056497],[-118.998663,49.056455],[-118.998581,49.056409],[-118.998516,49.056378],[-118.998416,49.056323],[-118.998737,49.056046],[-118.99894,49.056149]]]},"properties":{"OBJECTID":23334,"PMBCParcelGUID":"{DD5454BB-189A-4B53-BDD9-A4AC5322ECC2}","PMBC_PID":25721445,"PMBC_PIN":25721445,"PMBC_ParcelClass":"SUBDIVISION","PMBC_OwnerType":"PRIVATE","PMBC_LegalDescription":"PARCEL \"A\" (DD KV85726) BLOCK 3 SECTION 19 TOWNSHIP 68 SIMILKAMEEN DIVISION YALE DISTRICT TOWNSITE OF ROCK CREEK","Folio":"71301061525","FullAddress":"4128 HIGHWAY 3 , ROCK CREEK","apt_no":null,"street_no":"4128","street_direction_prefix":null,"street_name":"HIGHWAY 3","street_direction_suffix":null,"postal_code":"V0H 1Y0","city":"ROCK CREEK","province":"BC","AddressID":"A00000J6TQ","TempKey":"DD5454BB-189A-4B53-BDD9-A4AC5322ECC2A00000J6TQ","GlobalID":"{536A37D0-3831-4435-82ED-B780A468AE1A}","Shape__Area":1.3729170439900003e-7,"Shape__Length":0.0014630950172006797}},{"type":"Feature","geometry":{"type":"Polygon","coordinates":[[[-118.201929,49.044124],[-118.201726,49.043968],[-118.202203,49.043682],[-118.202416,49.043845],[-118.201929,49.044124]]]},"properties":{"OBJECTID":23335,"PMBCParcelGUID":"{DAFCC0A9-C90F-4F84-80F2-A4ADB549E32D}","PMBC_PID":8099987,"PMBC_PIN":8099987,"PMBC_ParcelClass":"SUBDIVISION","PMBC_OwnerType":"PRIVATE","PMBC_LegalDescription":"LOT 3 DISTRICT LOT 3591S SIMILKAMEEN DIVISION YALE DISTRICT PLAN 19198","Folio":"71207184110","FullAddress":"1670 CHANDLER RD , CHRISTINA LAKE","apt_no":null,"street_no":"1670","street_direction_prefix":null,"street_name":"CHANDLER RD","street_direction_suffix":null,"postal_code":"V0H 1E3","city":"CHRISTINA LAKE","province":"BC","AddressID":"A00000J64V","TempKey":"DAFCC0A9-C90F-4F84-80F2-A4ADB549E32DA00000J64V","GlobalID":"{E4103706-2201-40DE-A0D4-98D287E91850}","Shape__Area":1.3589579692650003e-7,"Shape__Length":0.0016428312495151813}},{"type":"Feature","geometry":{"type":"Polygon","coordinates":[[[-118.688888,49.076205],[-118.688886,49.076115],[-118.689303,49.076111],[-118.689305,49.076202],[-118.688888,49.076205]]]},"properties":{"OBJECTID":23336,"PMBCParcelGUID":"{3F6FB9CE-0E10-49D6-A492-A4B23C436DE3}","PMBC_PID":12794392,"PMBC_PIN":12794392,"PMBC_ParcelClass":"SUBDIVISION","PMBC_OwnerType":"CROWN PROVINCIAL","PMBC_LegalDescription":"LOT 12 BLOCK 26 SECTION 32 TOWNSHIP 70 SIMILKAMEEN DIVISION YALE DISTRICT PLAN 24","Folio":"71300026120","FullAddress":"TRAIL AVE ","apt_no":null,"street_no":null,"street_direction_prefix":null,"street_name":"TRAIL AVE","street_direction_suffix":null,"postal_code":null,"city":null,"province":"BC","AddressID":"A00000J6LN","TempKey":"3F6FB9CE-0E10-49D6-A492-A4B23C436DE3A00000J6LN","GlobalID":"{55603C73-3E7D-4885-B0DE-D9ADB581009B}","Shape__Area":3.7784321516000007e-8,"Shape__Length":0.001014745256272059}},{"type":"Feature","geometry":{"type":"Polygon","coordinates":[[[-117.69439,49.096079],[-117.694287,49.09609],[-117.694251,49.095955],[-117.694354,49.095943],[-117.69439,49.096079]]]},"properties":{"OBJECTID":23337,"PMBCParcelGUID":"{48979726-09B7-4747-9FD3-A4B327C947F5}","PMBC_PID":15898687,"PMBC_PIN":15898687,"PMBC_ParcelClass":"SUBDIVISION","PMBC_OwnerType":"PRIVATE","PMBC_LegalDescription":"LOT 27 BLOCK 9 DISTRICT LOT 4598 KOOTENAY DISTRICT PLAN 1310, EXCEPT PARCEL A (SEE 122698I)","Folio":"23202545000","FullAddress":"1360 MCLEAN ST , TRAIL","apt_no":null,"street_no":"1360","street_direction_prefix":null,"street_name":"MCLEAN ST","street_direction_suffix":null,"postal_code":"V1R 1Y8","city":"TRAIL","province":"BC","AddressID":"A000018SVD","TempKey":"48979726-09B7-4747-9FD3-A4B327C947F5A000018SVD","GlobalID":"{B028B6D8-A8CF-4527-A894-63CB7B5FF8DC}","Shape__Area":1.4331769667500004e-8,"Shape__Length":0.0004867779585354705}},{"type":"Feature","geometry":{"type":"Polygon","coordinates":[[[-117.574993,49.08905],[-117.574674,49.08881],[-117.574973,49.088535],[-117.575444,49.088741],[-117.57532,49.088863],[-117.575267,49.088909],[-117.575208,49.088951],[-117.575141,49.088989],[-117.57507,49.089022],[-117.574993,49.08905]]]},"properties":{"OBJECTID":23338,"PMBCParcelGUID":"{D63C5FB6-E025-419E-B4DE-A4B568316BF8}","PMBC_PID":14815311,"PMBC_PIN":14815311,"PMBC_ParcelClass":"SUBDIVISION","PMBC_OwnerType":"PRIVATE","PMBC_LegalDescription":"LOT A DISTRICT LOT 1236 KOOTENAY DISTRICT PLAN 4867","Folio":"71105502000","FullAddress":"1190 CHRISTIE RD , MONTROSE","apt_no":null,"street_no":"1190","street_direction_prefix":null,"street_name":"CHRISTIE RD","street_direction_suffix":null,"postal_code":"V0G 1P0","city":"MONTROSE","province":"BC","AddressID":"A000019MKA","TempKey":"D63C5FB6-E025-419E-B4DE-A4B568316BF8A000019MKA","GlobalID":"{F049AD68-8121-4E3C-B4C7-E2B85149DF87}","Shape__Area":2.1203249114750005e-7,"Shape__Length":0.0018711404720304886}},{"type":"Feature","geometry":{"type":"Polygon","coordinates":[[[-117.696088,49.098837],[-117.696087,49.098958],[-117.695684,49.099004],[-117.695651,49.098887],[-117.696088,49.098837]]]},"properties":{"OBJECTID":23339,"PMBCParcelGUID":"{4B090243-3B1B-4711-9FB4-A4B695AC3A16}","PMBC_PID":15885321,"PMBC_PIN":15885321,"PMBC_ParcelClass":"SUBDIVISION","PMBC_OwnerType":"PRIVATE","PMBC_LegalDescription":"LOT 4 BLOCK 20 DISTRICT LOT 4598 KOOTENAY DISTRICT PLAN 1310 EXCEPT PARCEL A (SEE 28091I)","Folio":"23202691000","FullAddress":"1728 MAIN ST , TRAIL","apt_no":null,"street_no":"1728","street_direction_prefix":null,"street_name":"MAIN ST","street_direction_suffix":null,"postal_code":"V1R 1Y6","city":"TRAIL","province":"BC","AddressID":"A000018SYM","TempKey":"4B090243-3B1B-4711-9FB4-A4B695AC3A16A000018SYM","GlobalID":"{76A92175-B357-4D2D-A9AE-69BC9BF65064}","Shape__Area":5.082318612850001e-8,"Shape__Length":0.0010891976485757876}},{"type":"Feature","geometry":{"type":"Polygon","coordinates":[[[-118.166004,49.007076],[-118.166006,49.007556],[-118.166028,49.00898],[-118.165981,49.009029],[-118.165973,49.009037],[-118.165967,49.009043],[-118.165901,49.009111],[-118.165873,49.00914],[-118.165869,49.009126],[-118.165864,49.009107],[-118.165845,49.009037],[-118.165827,49.008974],[-118.165322,49.007158],[-118.166004,49.007076]]]},"properties":{"OBJECTID":23340,"PMBCParcelGUID":"{D2E48009-00D2-46D9-88B2-A4C049755994}","PMBC_PID":14972735,"PMBC_PIN":14972735,"PMBC_ParcelClass":"SUBDIVISION","PMBC_OwnerType":"CROWN PROVINCIAL","PMBC_LegalDescription":"THE SURFACE OF DISTRICT LOT 2387S SIMILKAMEEN DIVISION YALE DISTRICT KNOWN AS THE PAN MINERAL CLAIM EXCEPT THOSE PORTIONS LYINING WITHIN THE BOUNDARIES OF DISTRICT LOTS 972S, 1295S AND 1297S SIMILKAMEEN DIVISION YALE DISTRICT","Folio":"71204493010","FullAddress":"","apt_no":null,"street_no":null,"street_direction_prefix":null,"street_name":null,"street_direction_suffix":null,"postal_code":null,"city":null,"province":"BC","AddressID":"D00000GNBK","TempKey":"D2E48009-00D2-46D9-88B2-A4C049755994D00000GNBK","GlobalID":"{3550C877-1176-43FC-98DE-D67C50265742}","Shape__Area":8.434618123090002e-7,"Shape__Length":0.0048695352781455425}},{"type":"Feature","geometry":{"type":"Polygon","coordinates":[[[-118.50234,49.001704],[-118.502189,49.001308],[-118.502633,49.001234],[-118.502794,49.001627],[-118.50234,49.001704]]]},"properties":{"OBJECTID":23341,"PMBCParcelGUID":"{1648FCF0-0FDB-413F-85A4-A4C0F43861F5}","PMBC_PID":12289523,"PMBC_PIN":12289523,"PMBC_ParcelClass":"SUBDIVISION","PMBC_OwnerType":"PRIVATE","PMBC_LegalDescription":"PARCEL X (H70129) BLOCK 8 DISTRICT LOT 517 SIMILKAMEEN DIVISION YALE PLAN 39","Folio":"71203159110","FullAddress":"4970 GRAHAM ST , GRAND FORKS","apt_no":null,"street_no":"4970","street_direction_prefix":null,"street_name":"GRAHAM ST","street_direction_suffix":null,"postal_code":"V0H 1H5","city":"GRAND FORKS","province":"BC","AddressID":"A00000J3UR","TempKey":"1648FCF0-0FDB-413F-85A4-A4C0F43861F5A00000J3UR","GlobalID":"{63BF231B-843F-480D-A2EF-CB111C4741A2}","Shape__Area":1.8869039408950005e-7,"Shape__Length":0.001758579536667532}},{"type":"Feature","geometry":{"type":"Polygon","coordinates":[[[-117.799914,49.083256],[-117.800113,49.083231],[-117.800089,49.083497],[-117.799878,49.083522],[-117.799914,49.083256]]]},"properties":{"OBJECTID":23342,"PMBCParcelGUID":"{52E78786-BAB8-4169-807B-A4C2E908D219}","PMBC_PID":15437094,"PMBC_PIN":15437094,"PMBC_ParcelClass":"SUBDIVISION","PMBC_OwnerType":"PRIVATE","PMBC_LegalDescription":"LOT 6 BLOCK 5 DISTRICT LOT 559 KOOTENAY DISTRICT PLAN 2234","Folio":"22901451000","FullAddress":"1983 MCLEOD AVE , ROSSLAND","apt_no":null,"street_no":"1983","street_direction_prefix":null,"street_name":"MCLEOD AVE","street_direction_suffix":null,"postal_code":null,"city":"ROSSLAND","province":"BC","AddressID":"A000018QB0","TempKey":"52E78786-BAB8-4169-807B-A4C2E908D219A000018QB0","GlobalID":"{202A54D2-2130-4604-8FA2-311A9BDB9426}","Shape__Area":5.384626663550001e-8,"Shape__Length":0.000948879890658843}},{"type":"Feature","geometry":{"type":"Polygon","coordinates":[[[-118.599447,49.099308],[-118.599399,49.09945],[-118.599375,49.099449],[-118.599271,49.099446],[-118.599324,49.099292],[-118.599447,49.099308]]]},"properties":{"OBJECTID":23343,"PMBCParcelGUID":"{D236142E-AC30-4FDF-A117-A4C3CF715D85}","PMBC_PID":12256544,"PMBC_PIN":12256544,"PMBC_ParcelClass":"SUBDIVISION","PMBC_OwnerType":"PRIVATE","PMBC_LegalDescription":"LOT 6 BLOCK 16 DISTRICT LOT 894 SIMILKAMEEN DIVISION YALE DISTRICT PLAN 60","Folio":"71203495025","FullAddress":"","apt_no":null,"street_no":null,"street_direction_prefix":null,"street_name":null,"street_direction_suffix":null,"postal_code":null,"city":null,"province":"BC","AddressID":"D00000G1W5","TempKey":"D236142E-AC30-4FDF-A117-A4C3CF715D85D00000G1W5","GlobalID":"{9E66D69E-EF33-4A60-BDB1-4FC11434D42D}","Shape__Area":1.9020461792500006e-8,"Shape__Length":0.0005637767861066194}},{"type":"Feature","geometry":{"type":"Polygon","coordinates":[[[-117.751823,49.09104],[-117.751905,49.090975],[-117.752176,49.09112],[-117.752228,49.091148],[-117.752225,49.09115],[-117.752156,49.091206],[-117.752148,49.091212],[-117.752068,49.091276],[-117.751993,49.091336],[-117.75192,49.091395],[-117.751833,49.091465],[-117.751669,49.091377],[-117.751525,49.091299],[-117.75151,49.091291],[-117.751595,49.091223],[-117.751668,49.091164],[-117.751743,49.091104],[-117.751823,49.09104]]]},"properties":{"OBJECTID":23344,"PMBCParcelGUID":"{F8CAE7CA-4ABD-45F1-9948-A4C51A8F5FBB}","PMBC_PID":30706874,"PMBC_PIN":30706874,"PMBC_ParcelClass":"SUBDIVISION","PMBC_OwnerType":"PRIVATE","PMBC_LegalDescription":"LOT A DISTRICT LOT 7189 KOOTENAY DISTRICT PLAN EPP87090","Folio":"58800664010","FullAddress":"800 SCHOFILED HWY , WARFIELD","apt_no":null,"street_no":"800","street_direction_prefix":null,"street_name":"SCHOFILED HWY","street_direction_suffix":null,"postal_code":null,"city":"WARFIELD","province":"BC","AddressID":"D00000KX5E","TempKey":"F8CAE7CA-4ABD-45F1-9948-A4C51A8F5FBBD00000KX5E","GlobalID":"{919C9308-9430-4AB5-8146-C67CB8FF3C46}","Shape__Area":1.7065775205250005e-7,"Shape__Length":0.0017446963979398159}},{"type":"Feature","geometry":{"type":"Polygon","coordinates":[[[-118.423348,49.019053],[-118.424776,49.018968],[-118.424909,49.01896],[-118.424907,49.019052],[-118.424894,49.019857],[-118.424784,49.019848],[-118.424676,49.019834],[-118.424568,49.019816],[-118.424463,49.019793],[-118.424341,49.019761],[-118.424223,49.019723],[-118.424109,49.01968],[-118.424,49.019632],[-118.423897,49.019579],[-118.4238,49.019521],[-118.423705,49.019456],[-118.423619,49.019386],[-118.42354,49.019312],[-118.423483,49.01925],[-118.423432,49.019186],[-118.423387,49.019121],[-118.423348,49.019053]]]},"properties":{"OBJECTID":23345,"PMBCParcelGUID":"{129E6BD1-FDA2-4F4F-859E-A4C66C2C1AEA}","PMBC_PID":4732197,"PMBC_PIN":4732197,"PMBC_ParcelClass":"SUBDIVISION","PMBC_OwnerType":"LOCAL GOVERNMENT","PMBC_LegalDescription":"LOT 3 DISTRICT LOT 534 SIMILKAMEEN DIVISION YALE DISTRICT PLAN 27765","Folio":"21001625200","FullAddress":", GRAND FORKS","apt_no":null,"street_no":null,"street_direction_prefix":null,"street_name":null,"street_direction_suffix":null,"postal_code":null,"city":"GRAND FORKS","province":"BC","AddressID":"D00000F142","TempKey":"129E6BD1-FDA2-4F4F-859E-A4C66C2C1AEAD00000F142","GlobalID":"{9E5037FD-381E-48DA-AF9B-514B0F77B9C0}","Shape__Area":9.507372770860003e-7,"Shape__Length":0.004274570226822256}},{"type":"Feature","geometry":{"type":"Polygon","coordinates":[[[-117.703114,49.100164],[-117.7035,49.100059],[-117.70358,49.100185],[-117.703194,49.100291],[-117.703114,49.100164]]]},"properties":{"OBJECTID":23346,"PMBCParcelGUID":"{F0F982FA-97E6-47AF-B78C-A4C681E4BB23}","PMBC_PID":15318257,"PMBC_PIN":15318257,"PMBC_ParcelClass":"SUBDIVISION","PMBC_OwnerType":"PRIVATE","PMBC_LegalDescription":"LOT 10 BLOCK 19 DISTRICT LOT 2919 KOOTENAY DISTRICT PLAN 1262","Folio":"23202058000","FullAddress":"1385 SECOND AVE , TRAIL","apt_no":null,"street_no":"1385","street_direction_prefix":null,"street_name":"SECOND AVE","street_direction_suffix":null,"postal_code":"V1R 1L8","city":"TRAIL","province":"BC","AddressID":"A000018SJJ","TempKey":"F0F982FA-97E6-47AF-B78C-A4C681E4BB23A000018SJJ","GlobalID":"{A1305417-8466-4497-9058-0C7F3218FF06}","Shape__Area":5.726492729000002e-8,"Shape__Length":0.0010992765854443887}},{"type":"Feature","geometry":{"type":"Polygon","coordinates":[[[-118.220006,49.057027],[-118.219999,49.057048],[-118.219722,49.057042],[-118.219144,49.05703],[-118.218188,49.057016],[-118.218183,49.056817],[-118.219997,49.056829],[-118.22,49.056839],[-118.220065,49.056856],[-118.220061,49.056879],[-118.220051,49.056902],[-118.220049,49.056925],[-118.220042,49.056948],[-118.220006,49.057027]]]},"properties":{"OBJECTID":23347,"PMBCParcelGUID":"{2D318920-7667-4D90-96FC-A4C92ADE0E97}","PMBC_PID":14911141,"PMBC_PIN":14911141,"PMBC_ParcelClass":"SUBDIVISION","PMBC_OwnerType":"PRIVATE","PMBC_LegalDescription":"PARCEL A (DD 152208F AND PLAN B6999) OF DISTRICT LOT 970 SIMILKAMEEN DIVISION YALE DISTRICT","Folio":"71204376000","FullAddress":"1961 TAMBELLINI RD , CHRISTINA LAKE","apt_no":null,"street_no":"1961","street_direction_prefix":null,"street_name":"TAMBELLINI RD","street_direction_suffix":null,"postal_code":"V0H 1E2","city":"CHRISTINA LAKE","province":"BC","AddressID":"A00000J4Y9","TempKey":"2D318920-7667-4D90-96FC-A4C92ADE0E97A00000J4Y9","GlobalID":"{BE0F60EB-C80A-4092-B3E9-8ED5BCF534BC}","Shape__Area":3.838461991180001e-7,"Shape__Length":0.004106676416450667}},{"type":"Feature","geometry":{"type":"Polygon","coordinates":[[[-117.544987,49.109976],[-117.544879,49.110092],[-117.544711,49.110021],[-117.544958,49.109748],[-117.545132,49.109819],[-117.544987,49.109976]]]},"properties":{"OBJECTID":23348,"PMBCParcelGUID":"{6E016C03-7301-4A0F-AECE-A4CAFB729293}","PMBC_PID":15464059,"PMBC_PIN":15464059,"PMBC_ParcelClass":"SUBDIVISION","PMBC_OwnerType":"PRIVATE","PMBC_LegalDescription":"LOT 8 DISTRICT LOT 1236 KOOTENAY DISTRICT PLAN 2176","Folio":"52100311000","FullAddress":"96 BIRCH AVE , FRUITVALE","apt_no":null,"street_no":"96","street_direction_prefix":null,"street_name":"BIRCH AVE","street_direction_suffix":null,"postal_code":null,"city":"FRUITVALE","province":"BC","AddressID":"A000018XTS","TempKey":"6E016C03-7301-4A0F-AECE-A4CAFB729293A000018XTS","GlobalID":"{3F26A1BA-9479-4D91-8A88-6B2998D4F4A2}","Shape__Area":6.441503226750001e-8,"Shape__Length":0.0011102763853148082}},{"type":"Feature","geometry":{"type":"Polygon","coordinates":[[[-117.526,49.160346],[-117.527728,49.160336],[-117.527629,49.163262],[-117.527543,49.16322],[-117.527466,49.163185],[-117.527393,49.163147],[-117.527323,49.163105],[-117.527201,49.163031],[-117.527085,49.162954],[-117.526974,49.162873],[-117.526893,49.162805],[-117.526815,49.162735],[-117.526741,49.162663],[-117.526641,49.162554],[-117.526551,49.162441],[-117.526482,49.162341],[-117.526421,49.162239],[-117.526402,49.162193],[-117.526358,49.162084],[-117.526322,49.161973],[-117.526295,49.161861],[-117.526287,49.161815],[-117.52628,49.161773],[-117.526274,49.161731],[-117.526,49.160346]]]},"properties":{"OBJECTID":23349,"PMBCParcelGUID":"{56F9DAA8-49F4-4FBC-A289-A4CE40F79B48}","PMBC_PID":9261354,"PMBC_PIN":9261354,"PMBC_ParcelClass":"SUBDIVISION","PMBC_OwnerType":"PRIVATE","PMBC_LegalDescription":"LOT 4 DISTRICT LOT 1236 KOOTENAY DISTRICT PLAN 7883","Folio":"71105538050","FullAddress":"271 CHAMPION PARK RD , FRUITVALE","apt_no":null,"street_no":"271","street_direction_prefix":null,"street_name":"CHAMPION PARK RD","street_direction_suffix":null,"postal_code":"V0G 1L1","city":"FRUITVALE","province":"BC","AddressID":"A000019MNQ","TempKey":"56F9DAA8-49F4-4FBC-A289-A4CE40F79B48A000019MNQ","GlobalID":"{BC4B92AD-179C-422A-99CF-66427C7224BA}","Shape__Area":0.000003626878608570001,"Shape__Length":0.008207271092089383}},{"type":"Feature","geometry":{"type":"Polygon","coordinates":[[[-118.529933,49.114445],[-118.530059,49.114444],[-118.530058,49.114773],[-118.529932,49.114775],[-118.529933,49.114445]]]},"properties":{"OBJECTID":23350,"PMBCParcelGUID":"{B45846D2-8E0B-46D4-9C2E-A4D1012F765D}","PMBC_PID":14174189,"PMBC_PIN":14174189,"PMBC_ParcelClass":"SUBDIVISION","PMBC_OwnerType":"CROWN PROVINCIAL","PMBC_LegalDescription":"LOT 1 BLOCK 89 DISTRICT LOT 2005 SIMILKAMEEN DIVISION YALE DISTRICT PLAN 79","Folio":"71204852854","FullAddress":"","apt_no":null,"street_no":null,"street_direction_prefix":null,"street_name":null,"street_direction_suffix":null,"postal_code":null,"city":null,"province":"BC","AddressID":"D00000GMMU","TempKey":"B45846D2-8E0B-46D4-9C2E-A4D1012F765DD00000GMMU","GlobalID":"{A4D38D57-3D92-463F-BCA1-9D66E76DADBF}","Shape__Area":4.130190058600001e-8,"Shape__Length":0.0009093589841452018}},{"type":"Feature","geometry":{"type":"MultiPolygon","coordinates":[[[[-118.942922,49.217653],[-118.940917,49.219129],[-118.940154,49.219129],[-118.940157,49.218118],[-118.940163,49.216435],[-118.940166,49.215507],[-118.945378,49.215513],[-118.945687,49.215515],[-118.943481,49.217321],[-118.942923,49.217318],[-118.942923,49.21734],[-118.942922,49.217653]]],[[[-118.94292,49.219131],[-118.941438,49.21913],[-118.942922,49.218128],[-118.94292,49.219131]]]]},"properties":{"OBJECTID":23351,"PMBCParcelGUID":"{FEB8CF15-B1AA-46D2-AD80-A4D1BCBBA992}","PMBC_PID":15230252,"PMBC_PIN":15230252,"PMBC_ParcelClass":"SUBDIVISION","PMBC_OwnerType":"PRIVATE","PMBC_LegalDescription":"DISTRICT LOT 3972S SIMILKAMEEN DIVISION YALE DISTRICT EXCEPT PLAN KAP48072 EXCEPT PLAN KAP58409","Folio":"71307262000","FullAddress":"3430 CHRISTIAN VALLEY RD ","apt_no":null,"street_no":"3430","street_direction_prefix":null,"street_name":"CHRISTIAN VALLEY RD","street_direction_suffix":null,"postal_code":null,"city":null,"province":"BC","AddressID":"A00000J8TV","TempKey":"FEB8CF15-B1AA-46D2-AD80-A4D1BCBBA992A00000J8TV","GlobalID":"{EDA8D3E3-7F48-4737-BBC4-A508D46EEB8E}","Shape__Area":0.000012273440646999003,"Shape__Length":0.02041681879527265}},{"type":"Feature","geometry":{"type":"MultiPolygon","coordinates":[[[[-118.942922,49.217653],[-118.940917,49.219129],[-118.940154,49.219129],[-118.940157,49.218118],[-118.940163,49.216435],[-118.940166,49.215507],[-118.945378,49.215513],[-118.945687,49.215515],[-118.943481,49.217321],[-118.942923,49.217318],[-118.942923,49.21734],[-118.942922,49.217653]]],[[[-118.94292,49.219131],[-118.941438,49.21913],[-118.942922,49.218128],[-118.94292,49.219131]]]]},"properties":{"OBJECTID":23352,"PMBCParcelGUID":"{FEB8CF15-B1AA-46D2-AD80-A4D1BCBBA992}","PMBC_PID":15230252,"PMBC_PIN":15230252,"PMBC_ParcelClass":"SUBDIVISION","PMBC_OwnerType":"PRIVATE","PMBC_LegalDescription":"DISTRICT LOT 3972S SIMILKAMEEN DIVISION YALE DISTRICT EXCEPT PLAN KAP48072 EXCEPT PLAN KAP58409","Folio":"71307262000","FullAddress":"1R KM6 CHRISTIAN VALLEY RD ","apt_no":"1R","street_no":"KM6","street_direction_prefix":null,"street_name":"CHRISTIAN VALLEY RD","street_direction_suffix":null,"postal_code":null,"city":null,"province":"BC","AddressID":"A00000J8TX","TempKey":"FEB8CF15-B1AA-46D2-AD80-A4D1BCBBA992A00000J8TX","GlobalID":"{5FD765F7-CC19-4C1B-999F-22C2DAA7F112}","Shape__Area":0.000012273440646999003,"Shape__Length":0.02041681879527265}},{"type":"Feature","geometry":{"type":"MultiPolygon","coordinates":[[[[-118.942922,49.217653],[-118.940917,49.219129],[-118.940154,49.219129],[-118.940157,49.218118],[-118.940163,49.216435],[-118.940166,49.215507],[-118.945378,49.215513],[-118.945687,49.215515],[-118.943481,49.217321],[-118.942923,49.217318],[-118.942923,49.21734],[-118.942922,49.217653]]],[[[-118.94292,49.219131],[-118.941438,49.21913],[-118.942922,49.218128],[-118.94292,49.219131]]]]},"properties":{"OBJECTID":23353,"PMBCParcelGUID":"{FEB8CF15-B1AA-46D2-AD80-A4D1BCBBA992}","PMBC_PID":15230252,"PMBC_PIN":15230252,"PMBC_ParcelClass":"SUBDIVISION","PMBC_OwnerType":"PRIVATE","PMBC_LegalDescription":"DISTRICT LOT 3972S SIMILKAMEEN DIVISION YALE DISTRICT EXCEPT PLAN KAP48072 EXCEPT PLAN KAP58409","Folio":"71307262000","FullAddress":"3420 CHRISTIAN VALLEY RD ","apt_no":null,"street_no":"3420","street_direction_prefix":null,"street_name":"CHRISTIAN VALLEY RD","street_direction_suffix":null,"postal_code":null,"city":null,"province":"BC","AddressID":"A00000J8TW","TempKey":"FEB8CF15-B1AA-46D2-AD80-A4D1BCBBA992A00000J8TW","GlobalID":"{61FA2B08-0054-43EC-B276-EF9614C75404}","Shape__Area":0.000012273440646999003,"Shape__Length":0.02041681879527265}},{"type":"Feature","geometry":{"type":"Polygon","coordinates":[[[-117.550889,49.113219],[-117.551144,49.11332],[-117.550796,49.113683],[-117.550628,49.11347],[-117.550889,49.113219]]]},"properties":{"OBJECTID":23354,"PMBCParcelGUID":"{1A543D03-5796-4B74-B01F-A4D3D885C3C2}","PMBC_PID":8662142,"PMBC_PIN":8662142,"PMBC_ParcelClass":"SUBDIVISION","PMBC_OwnerType":"PRIVATE","PMBC_LegalDescription":"LOT 15 (SEE W21578) BLOCK 1 DISTRICT LOT 1236 KOOTENAY DISTRICT PLAN 1953","Folio":"52100204500","FullAddress":"14 HILLCREST AVE , FRUITVALE","apt_no":null,"street_no":"14","street_direction_prefix":null,"street_name":"HILLCREST AVE","street_direction_suffix":null,"postal_code":null,"city":"FRUITVALE","province":"BC","AddressID":"A000018XGT","TempKey":"1A543D03-5796-4B74-B01F-A4D3D885C3C2A000018XGT","GlobalID":"{A7640EC5-4FA8-418C-A423-09617147081A}","Shape__Area":1.1283907782750003e-7,"Shape__Length":0.0014108267664419854}},{"type":"Feature","geometry":{"type":"Polygon","coordinates":[[[-117.745106,49.111626],[-117.746039,49.11121],[-117.747142,49.111757],[-117.74785,49.112269],[-117.747853,49.112441],[-117.747803,49.114372],[-117.747156,49.11306],[-117.746886,49.112458],[-117.745106,49.111626]]]},"properties":{"OBJECTID":23355,"PMBCParcelGUID":"{F058EB06-B4F7-4755-BC3E-A4D611D33C2C}","PMBC_PID":15724930,"PMBC_PIN":15724930,"PMBC_ParcelClass":"SUBDIVISION","PMBC_OwnerType":"PRIVATE","PMBC_LegalDescription":"ASSIGNED PARCEL 15 DISTRICT LOT 367 KOOTENAY DISTRICT PLAN 1425","Folio":"23205000840","FullAddress":"DUNCAN FLATS , TRAIL","apt_no":null,"street_no":null,"street_direction_prefix":null,"street_name":"DUNCAN FLATS","street_direction_suffix":null,"postal_code":null,"city":"TRAIL","province":"BC","AddressID":"A000018UNN","TempKey":"F058EB06-B4F7-4755-BC3E-A4D611D33C2CA000018UNN","GlobalID":"{31A235AB-EE5F-4D19-80C1-5244F3B0CF76}","Shape__Area":0.0000025635838042775007,"Shape__Length":0.009318436333251027}},{"type":"Feature","geometry":{"type":"Polygon","coordinates":[[[-117.806052,49.074205],[-117.80626,49.074215],[-117.80623,49.074488],[-117.806021,49.074479],[-117.806052,49.074205]]]},"properties":{"OBJECTID":23356,"PMBCParcelGUID":"{E96CE404-B5E4-4194-8DBC-A4DAAD6847C5}","PMBC_PID":28913841,"PMBC_PIN":28913841,"PMBC_ParcelClass":"SUBDIVISION","PMBC_OwnerType":"PRIVATE","PMBC_LegalDescription":"LOT B DISTRICT LOT 535 KOOTENAY DISTRICT PLAN EPP22721","Folio":"22900025300","FullAddress":"1692 THOMPSON AVE , ROSSLAND","apt_no":null,"street_no":"1692","street_direction_prefix":null,"street_name":"THOMPSON AVE","street_direction_suffix":null,"postal_code":null,"city":"ROSSLAND","province":"BC","AddressID":"A000018NUK","TempKey":"E96CE404-B5E4-4194-8DBC-A4DAAD6847C5A000018NUK","GlobalID":"{5394C065-6164-4E51-997A-5B9F9CE49314}","Shape__Area":5.721157911400001e-8,"Shape__Length":0.0009669342450501698}},{"type":"Feature","geometry":{"type":"Polygon","coordinates":[[[-117.797429,49.076984],[-117.797554,49.07699],[-117.797519,49.077308],[-117.797394,49.077302],[-117.797429,49.076984]]]},"properties":{"OBJECTID":23357,"PMBCParcelGUID":"{A7F4490B-62C2-4EA6-9610-A4DCE0EE5887}","PMBC_PID":16267192,"PMBC_PIN":16267192,"PMBC_ParcelClass":"SUBDIVISION","PMBC_OwnerType":"LOCAL GOVERNMENT","PMBC_LegalDescription":"LOT 7 BLOCK 42 DISTRICT LOT 535 KOOTENAY DISTRICT PLAN 579","Folio":"22900367000","FullAddress":"2180 COLUMBIA AVE , ROSSLAND","apt_no":null,"street_no":"2180","street_direction_prefix":null,"street_name":"COLUMBIA AVE","street_direction_suffix":null,"postal_code":null,"city":"ROSSLAND","province":"BC","AddressID":"A000018P8G","TempKey":"A7F4490B-62C2-4EA6-9610-A4DCE0EE5887A000018P8G","GlobalID":"{A7B2CA76-4CE3-4AA6-A840-098C96B6889E}","Shape__Area":3.978728977900001e-8,"Shape__Length":0.0008879990076481417}},{"type":"Feature","geometry":{"type":"Polygon","coordinates":[[[-118.679373,49.085921],[-118.679444,49.085924],[-118.679436,49.085993],[-118.679346,49.085989],[-118.679086,49.085978],[-118.679093,49.085913],[-118.679373,49.085921]]]},"properties":{"OBJECTID":23358,"PMBCParcelGUID":"{5CD658C7-36C3-4AA8-8CBA-A4DE60223684}","PMBC_PID":12999652,"PMBC_PIN":12999652,"PMBC_ParcelClass":"SUBDIVISION","PMBC_OwnerType":"PRIVATE","PMBC_LegalDescription":"LOT 10 BLOCK B DISTRICT LOT 601 SIMILKAMEEN DIVISION YALE DISTRICT PLAN 28","Folio":"21100478000","FullAddress":"466 S GOLD AVE , GREENWOOD","apt_no":null,"street_no":"466","street_direction_prefix":"S","street_name":"GOLD AVE","street_direction_suffix":null,"postal_code":"V0H 1J0","city":"GREENWOOD","province":"BC","AddressID":"A00000HA46","TempKey":"5CD658C7-36C3-4AA8-8CBA-A4DE60223684A00000HA46","GlobalID":"{908533C7-1B48-40CA-88D9-32E741AF0CC5}","Shape__Area":2.3671030414500007e-8,"Shape__Length":0.0008368316177710698}},{"type":"Feature","geometry":{"type":"Polygon","coordinates":[[[-118.679373,49.085921],[-118.679444,49.085924],[-118.679436,49.085993],[-118.679346,49.085989],[-118.679086,49.085978],[-118.679093,49.085913],[-118.679373,49.085921]]]},"properties":{"OBJECTID":23359,"PMBCParcelGUID":"{5CD658C7-36C3-4AA8-8CBA-A4DE60223684}","PMBC_PID":12999652,"PMBC_PIN":12999652,"PMBC_ParcelClass":"SUBDIVISION","PMBC_OwnerType":"PRIVATE","PMBC_LegalDescription":"LOT 10 BLOCK B DISTRICT LOT 601 SIMILKAMEEN DIVISION YALE DISTRICT PLAN 28","Folio":"21100478000","FullAddress":"486 S GOLD AVE , GREENWOOD","apt_no":null,"street_no":"486","street_direction_prefix":"S","street_name":"GOLD AVE","street_direction_suffix":null,"postal_code":"V0H 1J0","city":"GREENWOOD","province":"BC","AddressID":"A00000HA47","TempKey":"5CD658C7-36C3-4AA8-8CBA-A4DE60223684A00000HA47","GlobalID":"{87D5A3D1-05A6-4A04-AA5B-11353BAEA038}","Shape__Area":2.3671030414500007e-8,"Shape__Length":0.0008368316177710698}},{"type":"Feature","geometry":{"type":"Polygon","coordinates":[[[-118.483561,49.022494],[-118.483974,49.022528],[-118.484306,49.022526],[-118.484313,49.022923],[-118.483569,49.022929],[-118.483561,49.022494]]]},"properties":{"OBJECTID":23360,"PMBCParcelGUID":"{8DF36C66-9BA3-4F35-B945-A4E1201B7B76}","PMBC_PID":18874479,"PMBC_PIN":18874479,"PMBC_ParcelClass":"SUBDIVISION","PMBC_OwnerType":"PRIVATE","PMBC_LegalDescription":"LOT 1 DISTRICT LOT 700 SIMILKAMEEN DIVISION YALE DISTRICT PLAN KAP52864","Folio":"71203680010","FullAddress":"6845 IRON AVE , GRAND FORKS","apt_no":null,"street_no":"6845","street_direction_prefix":null,"street_name":"IRON AVE","street_direction_suffix":null,"postal_code":"V0H 1H2","city":"GRAND FORKS","province":"BC","AddressID":"A00000J49S","TempKey":"8DF36C66-9BA3-4F35-B945-A4E1201B7B76A00000J49S","GlobalID":"{83F51F03-7597-4E18-9787-4F3BEDEB3B94}","Shape__Area":3.0355607372550007e-7,"Shape__Length":0.0023226280798597635}},{"type":"Feature","geometry":{"type":"Polygon","coordinates":[[[-118.695759,49.044116],[-118.695869,49.044153],[-118.695873,49.044209],[-118.695688,49.044209],[-118.695759,49.044116]]]},"properties":{"OBJECTID":23361,"PMBCParcelGUID":"{8CEC657A-791C-4499-BA82-A4E233D84D0F}","PMBC_PID":12634557,"PMBC_PIN":12634557,"PMBC_ParcelClass":"SUBDIVISION","PMBC_OwnerType":"CROWN PROVINCIAL","PMBC_LegalDescription":"LOT 4 BLOCK A DISTRICT LOT 931 SIMILKAMEEN DIVISION YALE DISTRICT PLAN 155 EXCEPT PLAN H63","Folio":"71304229015","FullAddress":"","apt_no":null,"street_no":null,"street_direction_prefix":null,"street_name":null,"street_direction_suffix":null,"postal_code":null,"city":null,"province":"BC","AddressID":"D00000F5FR","TempKey":"8CEC657A-791C-4499-BA82-A4E233D84D0FD00000F5FR","GlobalID":"{47D557CE-8E81-444A-B522-FAB332D3047A}","Shape__Area":1.1656998106500003e-8,"Shape__Length":0.00047513979941219217}},{"type":"Feature","geometry":{"type":"Polygon","coordinates":[[[-117.802817,49.07124],[-117.802942,49.071245],[-117.802912,49.071519],[-117.802787,49.071513],[-117.802817,49.07124]]]},"properties":{"OBJECTID":23362,"PMBCParcelGUID":"{97AF4F30-C0B5-4D8B-AC15-A4E9AEFF791B}","PMBC_PID":16273761,"PMBC_PIN":16273761,"PMBC_ParcelClass":"SUBDIVISION","PMBC_OwnerType":"PRIVATE","PMBC_LegalDescription":"LOT 13 BLOCK 19 DISTRICT LOT 535 KOOTENAY DISTRICT PLAN 579A","Folio":"22900156000","FullAddress":"1275 SPOKANE ST , ROSSLAND","apt_no":null,"street_no":"1275","street_direction_prefix":null,"street_name":"SPOKANE ST","street_direction_suffix":null,"postal_code":null,"city":"ROSSLAND","province":"BC","AddressID":"A000018NZT","TempKey":"97AF4F30-C0B5-4D8B-AC15-A4E9AEFF791BA000018NZT","GlobalID":"{0FA53918-7863-447F-B032-5F0065335692}","Shape__Area":3.427802498800001e-8,"Shape__Length":0.0007996554643049253}},{"type":"Feature","geometry":{"type":"MultiPolygon","coordinates":[[[[-119.097205,49.394035],[-119.091718,49.395175],[-119.091675,49.385917],[-119.093786,49.385918],[-119.095749,49.385921],[-119.097189,49.385922],[-119.097205,49.394035]]],[[[-119.091721,49.39563],[-119.093605,49.399063],[-119.097188,49.398352],[-119.09702,49.400289],[-119.091487,49.40038],[-119.091721,49.39563]]]]},"properties":{"OBJECTID":23363,"PMBCParcelGUID":"{7D912E37-0D2B-4891-94B0-A4EA27919944}","PMBC_PID":11776960,"PMBC_PIN":11776960,"PMBC_ParcelClass":"SUBDIVISION","PMBC_OwnerType":"CROWN PROVINCIAL","PMBC_LegalDescription":"SUBLOT 6 DISTRICT LOT 3638 SIMILKAMEEN DIVISION YALE DISTRICT PLAN 1192","Folio":"71307196900","FullAddress":"","apt_no":null,"street_no":null,"street_direction_prefix":null,"street_name":null,"street_direction_suffix":null,"postal_code":null,"city":null,"province":"BC","AddressID":"D00000G22M","TempKey":"7D912E37-0D2B-4891-94B0-A4EA27919944D00000G22M","GlobalID":"{0E9D91BD-9120-4A61-A036-372E4A892988}","Shape__Area":0.00005962359820510451,"Shape__Length":0.048291867425448574}},{"type":"Feature","geometry":{"type":"MultiPolygon","coordinates":[[[[-119.097205,49.394035],[-119.091718,49.395175],[-119.091675,49.385917],[-119.093786,49.385918],[-119.095749,49.385921],[-119.097189,49.385922],[-119.097205,49.394035]]],[[[-119.091721,49.39563],[-119.093605,49.399063],[-119.097188,49.398352],[-119.09702,49.400289],[-119.091487,49.40038],[-119.091721,49.39563]]]]},"properties":{"OBJECTID":23364,"PMBCParcelGUID":"{7D912E37-0D2B-4891-94B0-A4EA27919944}","PMBC_PID":11776960,"PMBC_PIN":11776960,"PMBC_ParcelClass":"SUBDIVISION","PMBC_OwnerType":"CROWN PROVINCIAL","PMBC_LegalDescription":"SUBLOT 6 DISTRICT LOT 3638 SIMILKAMEEN DIVISION YALE DISTRICT PLAN 1192","Folio":"71307196905","FullAddress":"40 BEAVERDELL DUMP RD ","apt_no":null,"street_no":"40","street_direction_prefix":null,"street_name":"BEAVERDELL DUMP RD","street_direction_suffix":null,"postal_code":null,"city":null,"province":"BC","AddressID":"D00000C4CG","TempKey":"7D912E37-0D2B-4891-94B0-A4EA27919944D00000C4CG","GlobalID":"{7942B43C-385A-4D01-836D-E1618BC18048}","Shape__Area":0.00005962359820510451,"Shape__Length":0.048291867425448574}},{"type":"Feature","geometry":{"type":"Polygon","coordinates":[[[-117.816904,49.075153],[-117.817188,49.074952],[-117.817371,49.075063],[-117.817048,49.075292],[-117.816904,49.075153]]]},"properties":{"OBJECTID":23365,"PMBCParcelGUID":"{2EE8F757-D3F7-415D-9694-A4F4C4D0C337}","PMBC_PID":9703021,"PMBC_PIN":9703021,"PMBC_ParcelClass":"SUBDIVISION","PMBC_OwnerType":"LOCAL GOVERNMENT","PMBC_LegalDescription":"LOT 16 SECTION 34 TOWNSHIP 9A AND DISTRICT LOT 538 KOOTENAY DISTRICT PLAN 14835","Folio":"22901900160","FullAddress":"BLACK BEAR DR , ROSSLAND","apt_no":null,"street_no":null,"street_direction_prefix":null,"street_name":"BLACK BEAR DR","street_direction_suffix":null,"postal_code":null,"city":"ROSSLAND","province":"BC","AddressID":"A000018QRD","TempKey":"2EE8F757-D3F7-415D-9694-A4F4C4D0C337A000018QRD","GlobalID":"{3E8ABAC0-0A37-4597-969C-B5F47CA8DD65}","Shape__Area":7.342002123900002e-8,"Shape__Length":0.0011598612209651686}},{"type":"Feature","geometry":{"type":"Polygon","coordinates":[[[-118.450696,49.023628],[-118.450696,49.023709],[-118.450196,49.023709],[-118.450198,49.023627],[-118.450696,49.023628]]]},"properties":{"OBJECTID":23366,"PMBCParcelGUID":"{00110291-F241-484F-B446-A4F91CE1A4D3}","PMBC_PID":12862835,"PMBC_PIN":12862835,"PMBC_ParcelClass":"SUBDIVISION","PMBC_OwnerType":"LOCAL GOVERNMENT","PMBC_LegalDescription":"LOT 2 BLOCK 12 DISTRICT LOT 382 SIMILKAMEEN DIVISION YALE DISTRICT PLAN 22","Folio":"21000631010","FullAddress":"14TH ST , GRAND FORKS","apt_no":null,"street_no":null,"street_direction_prefix":null,"street_name":"14TH ST","street_direction_suffix":null,"postal_code":null,"city":"GRAND FORKS","province":"BC","AddressID":"A00000H7N8","TempKey":"00110291-F241-484F-B446-A4F91CE1A4D3A00000H7N8","GlobalID":"{E3F67815-47BE-4310-9FDB-FDE03E9A4FB3}","Shape__Area":4.057262983200001e-8,"Shape__Length":0.0011599201967267868}},{"type":"Feature","geometry":{"type":"Polygon","coordinates":[[[-117.704407,49.101492],[-117.704486,49.101619],[-117.704101,49.101724],[-117.704021,49.101597],[-117.704407,49.101492]]]},"properties":{"OBJECTID":23367,"PMBCParcelGUID":"{60F46AE3-5B29-4DF6-8D1F-A4F96B56041B}","PMBC_PID":7700229,"PMBC_PIN":7700229,"PMBC_ParcelClass":"SUBDIVISION","PMBC_OwnerType":"PRIVATE","PMBC_LegalDescription":"LOT 11 BLOCK 20 DISTRICT LOT 2919 KOOTENAY DISTRICT PLAN 1262","Folio":"23202083000","FullAddress":"1295 SECOND AVE , TRAIL","apt_no":null,"street_no":"1295","street_direction_prefix":null,"street_name":"SECOND AVE","street_direction_suffix":null,"postal_code":"V1R 1L7","city":"TRAIL","province":"BC","AddressID":"A000018SK8","TempKey":"60F46AE3-5B29-4DF6-8D1F-A4F96B56041BA000018SK8","GlobalID":"{81A227B3-6EE2-42DC-9202-F798DFC2A02D}","Shape__Area":5.714303401350001e-8,"Shape__Length":0.0010983450636626033}},{"type":"Feature","geometry":{"type":"Polygon","coordinates":[[[-118.98195,49.162829],[-118.981983,49.162508],[-118.982839,49.162287],[-118.982895,49.161266],[-118.982928,49.160646],[-118.983002,49.159297],[-118.982525,49.159118],[-118.981139,49.158601],[-118.981045,49.158471],[-118.98096,49.158338],[-118.980884,49.158203],[-118.980818,49.158066],[-118.980761,49.157927],[-118.980714,49.157786],[-118.980678,49.157644],[-118.98259,49.15764],[-118.982992,49.15764],[-118.984613,49.157634],[-118.986958,49.157627],[-118.999685,49.157735],[-118.999702,49.159878],[-118.999706,49.160435],[-118.999715,49.161549],[-118.986991,49.161656],[-118.983728,49.161662],[-118.983727,49.161819],[-118.983725,49.162116],[-118.983853,49.164842],[-118.980992,49.165012],[-118.981684,49.163769],[-118.981752,49.163616],[-118.98181,49.163461],[-118.981859,49.163304],[-118.981899,49.163147],[-118.981929,49.162989],[-118.98195,49.162829]]]},"properties":{"OBJECTID":23368,"PMBCParcelGUID":"{572F847D-C7CE-4A68-8314-A4FE6A8B0E89}","PMBC_PID":9851879,"PMBC_PIN":9851879,"PMBC_ParcelClass":"SUBDIVISION","PMBC_OwnerType":"PRIVATE","PMBC_LegalDescription":"DISTRICT LOT 820S SIMILKAMEEN DIVISION YALE DISTRICT EXCEPT: (1) PART COLOURED RED ON PLAN ATTACHED TO DD 18047 (2) PLANS 15072, A115 AND H868 (3) PLAN 35383 (4) PLAN KAP83646","Folio":"71304130000","FullAddress":"2825 HIGHWAY 33 ","apt_no":null,"street_no":"2825","street_direction_prefix":null,"street_name":"HIGHWAY 33","street_direction_suffix":null,"postal_code":null,"city":null,"province":"BC","AddressID":"A00000J7XF","TempKey":"572F847D-C7CE-4A68-8314-A4FE6A8B0E89A00000J7XF","GlobalID":"{6CB06A34-7183-491B-91C0-550E5D78A776}","Shape__Area":0.00007483285604132352,"Shape__Length":0.054523865988144016}},{"type":"Feature","geometry":{"type":"Polygon","coordinates":[[[-118.98195,49.162829],[-118.981983,49.162508],[-118.982839,49.162287],[-118.982895,49.161266],[-118.982928,49.160646],[-118.983002,49.159297],[-118.982525,49.159118],[-118.981139,49.158601],[-118.981045,49.158471],[-118.98096,49.158338],[-118.980884,49.158203],[-118.980818,49.158066],[-118.980761,49.157927],[-118.980714,49.157786],[-118.980678,49.157644],[-118.98259,49.15764],[-118.982992,49.15764],[-118.984613,49.157634],[-118.986958,49.157627],[-118.999685,49.157735],[-118.999702,49.159878],[-118.999706,49.160435],[-118.999715,49.161549],[-118.986991,49.161656],[-118.983728,49.161662],[-118.983727,49.161819],[-118.983725,49.162116],[-118.983853,49.164842],[-118.980992,49.165012],[-118.981684,49.163769],[-118.981752,49.163616],[-118.98181,49.163461],[-118.981859,49.163304],[-118.981899,49.163147],[-118.981929,49.162989],[-118.98195,49.162829]]]},"properties":{"OBJECTID":23369,"PMBCParcelGUID":"{572F847D-C7CE-4A68-8314-A4FE6A8B0E89}","PMBC_PID":9851879,"PMBC_PIN":9851879,"PMBC_ParcelClass":"SUBDIVISION","PMBC_OwnerType":"PRIVATE","PMBC_LegalDescription":"DISTRICT LOT 820S SIMILKAMEEN DIVISION YALE DISTRICT EXCEPT: (1) PART COLOURED RED ON PLAN ATTACHED TO DD 18047 (2) PLANS 15072, A115 AND H868 (3) PLAN 35383 (4) PLAN KAP83646","Folio":"71304130000","FullAddress":"2810 HIGHWAY 33 ","apt_no":null,"street_no":"2810","street_direction_prefix":null,"street_name":"HIGHWAY 33","street_direction_suffix":null,"postal_code":null,"city":null,"province":"BC","AddressID":"A00000J7XG","TempKey":"572F847D-C7CE-4A68-8314-A4FE6A8B0E89A00000J7XG","GlobalID":"{C63693FD-9890-4A2D-903B-EFE56506B6B8}","Shape__Area":0.00007483285604132352,"Shape__Length":0.054523865988144016}},{"type":"Feature","geometry":{"type":"Polygon","coordinates":[[[-118.53932,49.116036],[-118.539445,49.116035],[-118.539444,49.116363],[-118.539319,49.116364],[-118.53932,49.116036]]]},"properties":{"OBJECTID":23370,"PMBCParcelGUID":"{C5961863-41A5-473B-9153-A4FF172744CD}","PMBC_PID":14143461,"PMBC_PIN":14143461,"PMBC_ParcelClass":"SUBDIVISION","PMBC_OwnerType":"CROWN PROVINCIAL","PMBC_LegalDescription":"LOT 6 BLOCK 78 DISTRICT LOT 2005 SIMILKAMEEN DIVISION YALE DISTRICT PLAN 79","Folio":"71204852336","FullAddress":"","apt_no":null,"street_no":null,"street_direction_prefix":null,"street_name":null,"street_direction_suffix":null,"postal_code":null,"city":null,"province":"BC","AddressID":"D00000FXCL","TempKey":"C5961863-41A5-473B-9153-A4FF172744CDD00000FXCL","GlobalID":"{62092B95-4269-4ADA-9679-2A87614B80F1}","Shape__Area":4.108555995550001e-8,"Shape__Length":0.0009071426158076947}},{"type":"Feature","geometry":{"type":"Polygon","coordinates":[[[-118.354608,49.552598],[-118.355015,49.552668],[-118.354983,49.552748],[-118.354576,49.552678],[-118.354608,49.552598]]]},"properties":{"OBJECTID":23371,"PMBCParcelGUID":"{8D87D72E-4AA4-42B1-B799-A501DD796DB5}","PMBC_PID":12530212,"PMBC_PIN":12530212,"PMBC_ParcelClass":"SUBDIVISION","PMBC_OwnerType":"CROWN PROVINCIAL","PMBC_LegalDescription":"LOT 5 BLOCK 10 DISTRICT LOT 3672 SIMILKAMEEN DIVISION YALE DISTRICT PLAN 323","Folio":"71207205278","FullAddress":"","apt_no":null,"street_no":null,"street_direction_prefix":null,"street_name":null,"street_direction_suffix":null,"postal_code":null,"city":null,"province":"BC","AddressID":"D00000FWWG","TempKey":"8D87D72E-4AA4-42B1-B799-A501DD796DB5D00000FWWG","GlobalID":"{84BA0211-14A6-442F-B5D0-17BBF9FFA84E}","Shape__Area":3.465068092450001e-8,"Shape__Length":0.0009982967327088242}},{"type":"Feature","geometry":{"type":"Polygon","coordinates":[[[-119.090868,49.436132],[-119.090903,49.436068],[-119.091299,49.43616],[-119.091264,49.436224],[-119.090868,49.436132]]]},"properties":{"OBJECTID":23372,"PMBCParcelGUID":"{CA7E1965-B46F-4BE5-A1C3-A502F11831AF}","PMBC_PID":12651541,"PMBC_PIN":12651541,"PMBC_ParcelClass":"SUBDIVISION","PMBC_OwnerType":"CROWN PROVINCIAL","PMBC_LegalDescription":"LOT 100 BLOCK 1 DISTRICT LOT 1545 SIMILKAMEEN DIVISION YALE DISTRICT PLAN 94","Folio":"71300045325","FullAddress":"","apt_no":null,"street_no":null,"street_direction_prefix":null,"street_name":null,"street_direction_suffix":null,"postal_code":null,"city":null,"province":"BC","AddressID":"D00000F58S","TempKey":"CA7E1965-B46F-4BE5-A1C3-A502F11831AFD00000F58S","GlobalID":"{429C853F-C306-45C9-BF6C-CED8FA96C8FD}","Shape__Area":2.879328961300001e-8,"Shape__Length":0.0009600591384901151}},{"type":"Feature","geometry":{"type":"Polygon","coordinates":[[[-119.090717,49.437215],[-119.090681,49.437279],[-119.090289,49.437189],[-119.090323,49.437125],[-119.090717,49.437215]]]},"properties":{"OBJECTID":23373,"PMBCParcelGUID":"{57708BBD-76A4-427F-B5E9-A504A4445C61}","PMBC_PID":12651320,"PMBC_PIN":12651320,"PMBC_ParcelClass":"SUBDIVISION","PMBC_OwnerType":"CROWN PROVINCIAL","PMBC_LegalDescription":"LOT 84 BLOCK 1 DISTRICT LOT 1545 SIMILKAMEEN DIVISION YALE DISTRICT PLAN 94","Folio":"71300045295","FullAddress":"","apt_no":null,"street_no":null,"street_direction_prefix":null,"street_name":null,"street_direction_suffix":null,"postal_code":null,"city":null,"province":"BC","AddressID":"D00000GY5M","TempKey":"57708BBD-76A4-427F-B5E9-A504A4445C61D00000GY5M","GlobalID":"{E208F570-F111-4821-9AF7-560DC93146B8}","Shape__Area":2.8443720048000007e-8,"Shape__Length":0.0009528360149378322}},{"type":"Feature","geometry":{"type":"Polygon","coordinates":[[[-118.785469,49.011173],[-118.785469,49.011192],[-118.786971,49.011267],[-118.786937,49.011577],[-118.786931,49.01163],[-118.785483,49.011558],[-118.784916,49.011528],[-118.784956,49.011165],[-118.785142,49.011177],[-118.785469,49.011173]]]},"properties":{"OBJECTID":23374,"PMBCParcelGUID":"{9BEC8FC1-9B7D-4CD0-A4DA-A50540913A6D}","PMBC_PID":2919524,"PMBC_PIN":2919524,"PMBC_ParcelClass":"SUBDIVISION","PMBC_OwnerType":"LOCAL GOVERNMENT","PMBC_LegalDescription":"LOT 1 DISTRICT LOTS 377, 501 AND 560 SIMILKAMEEN DIVISION YALE DISTRICT PLAN 34915","Folio":"54700222310","FullAddress":"907 HIGHWAY 3 , MIDWAY","apt_no":null,"street_no":"907","street_direction_prefix":null,"street_name":"HIGHWAY 3","street_direction_suffix":null,"postal_code":null,"city":"MIDWAY","province":"BC","AddressID":"A00000HVP0","TempKey":"9BEC8FC1-9B7D-4CD0-A4DA-A50540913A6DA00000HVP0","GlobalID":"{E65062D1-C30B-413A-9C71-C69CCA4DCE1E}","Shape__Area":7.389444903720002e-7,"Shape__Length":0.004784028743679368}},{"type":"Feature","geometry":{"type":"Polygon","coordinates":[[[-117.607658,49.060972],[-117.610959,49.060972],[-117.610768,49.062073],[-117.610571,49.062432],[-117.607628,49.062422],[-117.607617,49.060973],[-117.607658,49.060972]]]},"properties":{"OBJECTID":23375,"PMBCParcelGUID":"{B46752BD-6D37-4654-AB8B-A5054ED3D831}","PMBC_PID":16021631,"PMBC_PIN":16021631,"PMBC_ParcelClass":"SUBDIVISION","PMBC_OwnerType":"LOCAL GOVERNMENT","PMBC_LegalDescription":"LOT 21 DISTRICT LOT 205 KOOTENAY DISTRICT PLAN 800, EXCEPT PART INCLUDED IN PLAN 5179","Folio":"71100933050","FullAddress":"8995 HIGHWAY 22A , TRAIL","apt_no":null,"street_no":"8995","street_direction_prefix":null,"street_name":"HIGHWAY 22A","street_direction_suffix":null,"postal_code":"V1R 4W6","city":"TRAIL","province":"BC","AddressID":"A000019LT8","TempKey":"B46752BD-6D37-4654-AB8B-A5054ED3D831A000019LT8","GlobalID":"{0F5C4FBE-C140-4FB8-84F3-7D1F803F3993}","Shape__Area":0.0000046463843039005015,"Shape__Length":0.009260353899363553}},{"type":"Feature","geometry":{"type":"Polygon","coordinates":[[[-118.212837,49.042075],[-118.212834,49.041938],[-118.213334,49.041933],[-118.213337,49.04207],[-118.212837,49.042075]]]},"properties":{"OBJECTID":23376,"PMBCParcelGUID":"{9C4AC55C-FDEE-4FBD-ABA6-A506C31380FE}","PMBC_PID":12514161,"PMBC_PIN":12514161,"PMBC_ParcelClass":"SUBDIVISION","PMBC_OwnerType":"PRIVATE","PMBC_LegalDescription":"LOT 8 BLOCK 16 DISTRICT LOT 317 SIMILKAMEEN DIVISION YALE DISTRICT PLAN 50","Folio":"71200280000","FullAddress":"1632 NISHI LANE , CHRISTINA LAKE","apt_no":null,"street_no":"1632","street_direction_prefix":null,"street_name":"NISHI LANE","street_direction_suffix":null,"postal_code":null,"city":"CHRISTINA LAKE","province":"BC","AddressID":"A00000J2QN","TempKey":"9C4AC55C-FDEE-4FBD-ABA6-A506C31380FEA00000J2QN","GlobalID":"{1DEA3D39-7EDB-419D-B6DD-33CAA04C4271}","Shape__Area":6.847841430550001e-8,"Shape__Length":0.0012734884435331593}},{"type":"Feature","geometry":{"type":"Polygon","coordinates":[[[-118.479153,49.030881],[-118.478871,49.030916],[-118.478685,49.030986],[-118.478006,49.031564],[-118.47748,49.030671],[-118.478781,49.030641],[-118.479462,49.030634],[-118.479153,49.030881]]]},"properties":{"OBJECTID":23377,"PMBCParcelGUID":"{F2524F7C-8EFF-4C77-AF7D-A509E3EC8487}","PMBC_PID":10018158,"PMBC_PIN":10018158,"PMBC_ParcelClass":"SUBDIVISION","PMBC_OwnerType":"CROWN PROVINCIAL","PMBC_LegalDescription":"LOT 1 DISTRICT LOT 700 SIMILKAMEEN DIVISION YALE DISTRICT PLAN 5953","Folio":"71203652200","FullAddress":"GN RD , GRAND FORKS","apt_no":null,"street_no":null,"street_direction_prefix":null,"street_name":"GN RD","street_direction_suffix":null,"postal_code":null,"city":"GRAND FORKS","province":"BC","AddressID":"A00000J47C","TempKey":"F2524F7C-8EFF-4C77-AF7D-A509E3EC8487A00000J47C","GlobalID":"{25704138-23AB-4E83-9FDF-1BDC99E71BFE}","Shape__Area":8.293609956440002e-7,"Shape__Length":0.004787295559662387}},{"type":"Feature","geometry":{"type":"Polygon","coordinates":[[[-118.502641,49.000231],[-118.50277,49.000231],[-118.502902,49.000578],[-118.50278,49.000597],[-118.502641,49.000231]]]},"properties":{"OBJECTID":23378,"PMBCParcelGUID":"{628AA2AE-A88E-461C-A790-A50E9F7B716F}","PMBC_PID":12289183,"PMBC_PIN":12289183,"PMBC_ParcelClass":"SUBDIVISION","PMBC_OwnerType":"PRIVATE","PMBC_LegalDescription":"LOT 2 BLOCK 5 DISTRICT LOT 517 SIMILKAMEEN DIVISION YALE DISTRICT PLAN 39","Folio":"71203157053","FullAddress":"INTERNATIONAL AVE ","apt_no":null,"street_no":null,"street_direction_prefix":null,"street_name":"INTERNATIONAL AVE","street_direction_suffix":null,"postal_code":null,"city":null,"province":"BC","AddressID":"A00000J3T8","TempKey":"628AA2AE-A88E-461C-A790-A50E9F7B716FA00000J3T8","GlobalID":"{A520D7B7-C48E-4998-83E8-562B6004858C}","Shape__Area":4.621726449450001e-8,"Shape__Length":0.0010168573052617247}},{"type":"Feature","geometry":{"type":"Polygon","coordinates":[[[-117.663361,49.097511],[-117.66361,49.097531],[-117.66361,49.097613],[-117.66361,49.097613],[-117.66361,49.097804],[-117.663361,49.097788],[-117.663361,49.0976],[-117.663361,49.0976],[-117.663361,49.097511]]]},"properties":{"OBJECTID":23379,"PMBCParcelGUID":"{3AAC9C46-6534-47DE-89E1-A5101A13B260}","PMBC_PID":14972166,"PMBC_PIN":14972166,"PMBC_ParcelClass":"SUBDIVISION","PMBC_OwnerType":"PRIVATE","PMBC_LegalDescription":"LOT 7 BLOCK 9 DISTRICT LOT 4598 KOOTENAY DISTRICT PLAN 4687","Folio":"23203865000","FullAddress":"3557 HIGHWAY DR , TRAIL","apt_no":null,"street_no":"3557","street_direction_prefix":null,"street_name":"HIGHWAY DR","street_direction_suffix":null,"postal_code":"V1R 2T9","city":"TRAIL","province":"BC","AddressID":"A000018U5J","TempKey":"3AAC9C46-6534-47DE-89E1-A5101A13B260A000018U5J","GlobalID":"{8FF09260-1AEB-4C61-B9A8-FC28C9B99566}","Shape__Area":6.839504112750002e-8,"Shape__Length":0.0010487558734432892}},{"type":"Feature","geometry":{"type":"Polygon","coordinates":[[[-118.438125,49.023961],[-118.438356,49.023897],[-118.438602,49.02432],[-118.438391,49.024378],[-118.438125,49.023961]]]},"properties":{"OBJECTID":23380,"PMBCParcelGUID":"{0A4A00B6-10E0-4412-9A0A-A5161772E507}","PMBC_PID":5426006,"PMBC_PIN":5426006,"PMBC_ParcelClass":"SUBDIVISION","PMBC_OwnerType":"PRIVATE","PMBC_LegalDescription":"LOT B DISTRICT LOT 534 SIMILKAMEEN DIVISION YALE DISTRICT PLAN 25540","Folio":"21001548020","FullAddress":"653 65TH AVE , GRAND FORKS","apt_no":null,"street_no":"653","street_direction_prefix":null,"street_name":"65TH AVE","street_direction_suffix":null,"postal_code":"V0H 1H4","city":"GRAND FORKS","province":"BC","AddressID":"A00000H95U","TempKey":"0A4A00B6-10E0-4412-9A0A-A5161772E507A00000H95U","GlobalID":"{60983EBC-5A4E-4F20-9BFB-11992AF490AD}","Shape__Area":1.0851204001650003e-7,"Shape__Length":0.0014424348641954522}},{"type":"Feature","geometry":{"type":"MultiPolygon","coordinates":[[[[-118.937753,49.096246],[-118.937698,49.096305],[-118.937623,49.096378],[-118.937615,49.096385],[-118.937604,49.096392],[-118.937592,49.096398],[-118.937578,49.096403],[-118.937564,49.096406],[-118.937518,49.096409],[-118.937471,49.09641],[-118.937458,49.096411],[-118.937446,49.096412],[-118.937435,49.096415],[-118.937424,49.09642],[-118.937418,49.096424],[-118.937414,49.09643],[-118.937411,49.096435],[-118.937409,49.096441],[-118.937408,49.096447],[-118.937409,49.096453],[-118.937419,49.096491],[-118.937437,49.096527],[-118.937484,49.096613],[-118.9375,49.096651],[-118.937507,49.09669],[-118.937504,49.09673],[-118.937489,49.09677],[-118.937467,49.09681],[-118.937438,49.096847],[-118.937402,49.096882],[-118.93735,49.096923],[-118.937291,49.096959],[-118.937225,49.09699],[-118.937154,49.097016],[-118.937079,49.097037],[-118.936999,49.09705],[-118.936918,49.097061],[-118.936857,49.097072],[-118.936799,49.09709],[-118.936747,49.097113],[-118.936677,49.097153],[-118.93661,49.097194],[-118.936565,49.097219],[-118.936518,49.097241],[-118.936467,49.09726],[-118.936405,49.097276],[-118.936341,49.097287],[-118.936275,49.097294],[-118.936209,49.097297],[-118.936097,49.097295],[-118.935984,49.097289],[-118.935873,49.097277],[-118.935807,49.097267],[-118.935742,49.097253],[-118.93568,49.097234],[-118.935621,49.097211],[-118.935581,49.097196],[-118.935537,49.097184],[-118.935511,49.097182],[-118.935486,49.097181],[-118.93546,49.097184],[-118.935436,49.097188],[-118.935412,49.097195],[-118.935363,49.097215],[-118.935319,49.097239],[-118.935279,49.097267],[-118.935245,49.097297],[-118.935213,49.097336],[-118.935186,49.097376],[-118.935165,49.097418],[-118.935149,49.097461],[-118.935127,49.09755],[-118.935111,49.09764],[-118.935099,49.097699],[-118.935082,49.097758],[-118.935059,49.097816],[-118.935038,49.097855],[-118.935009,49.097892],[-118.934974,49.097927],[-118.934933,49.097958],[-118.934888,49.097989],[-118.934846,49.098023],[-118.934822,49.098055],[-118.934805,49.098089],[-118.934797,49.098125],[-118.934791,49.098189],[-118.934788,49.098253],[-118.934779,49.098312],[-118.934764,49.09837],[-118.934743,49.098428],[-118.934735,49.098454],[-118.934732,49.098481],[-118.934736,49.098508],[-118.934746,49.098534],[-118.934759,49.098566],[-118.934769,49.098598],[-118.93477,49.098604],[-118.934769,49.098611],[-118.934766,49.098617],[-118.934763,49.098624],[-118.934757,49.098629],[-118.934751,49.098634],[-118.934731,49.098643],[-118.93471,49.09865],[-118.934688,49.098656],[-118.934635,49.098668],[-118.934585,49.098684],[-118.934562,49.098695],[-118.934543,49.098709],[-118.934526,49.098724],[-118.934516,49.098733],[-118.934505,49.098741],[-118.934491,49.098747],[-118.934477,49.098753],[-118.934461,49.098757],[-118.934445,49.098759],[-118.934388,49.098763],[-118.934332,49.098764],[-118.934262,49.09877],[-118.934194,49.09878],[-118.93412,49.098788],[-118.934046,49.09879],[-118.933986,49.098792],[-118.933927,49.098799],[-118.933875,49.098808],[-118.933822,49.098812],[-118.933781,49.098808],[-118.93374,49.098803],[-118.933722,49.098801],[-118.933705,49.098801],[-118.933687,49.098803],[-118.93367,49.098807],[-118.933655,49.098813],[-118.933616,49.098833],[-118.933579,49.098854],[-118.933535,49.098876],[-118.933486,49.098893],[-118.933434,49.098904],[-118.933379,49.098909],[-118.933325,49.098906],[-118.933271,49.098898],[-118.933243,49.098894],[-118.933214,49.098892],[-118.933186,49.098893],[-118.933148,49.098903],[-118.933113,49.098916],[-118.933083,49.098927],[-118.933052,49.098935],[-118.933019,49.098939],[-118.932956,49.098942],[-118.932892,49.098942],[-118.932829,49.098938],[-118.932771,49.098928],[-118.932717,49.098913],[-118.932676,49.098902],[-118.932634,49.098895],[-118.93259,49.098892],[-118.932524,49.098888],[-118.93246,49.098877],[-118.932418,49.098863],[-118.932379,49.098846],[-118.932339,49.098833],[-118.932297,49.098825],[-118.932253,49.098821],[-118.932208,49.098823],[-118.932143,49.098831],[-118.93208,49.098844],[-118.932021,49.098853],[-118.93196,49.098856],[-118.931899,49.098853],[-118.931813,49.098841],[-118.931789,49.098841],[-118.931766,49.098843],[-118.931744,49.098848],[-118.931732,49.09885],[-118.931719,49.098851],[-118.931706,49.09885],[-118.931693,49.098849],[-118.931681,49.098846],[-118.93167,49.098841],[-118.931602,49.098806],[-118.931587,49.098798],[-118.93157,49.098793],[-118.931552,49.098789],[-118.931533,49.098787],[-118.931492,49.098791],[-118.931452,49.098797],[-118.93145,49.098657],[-118.931427,49.096058],[-118.937932,49.09619],[-118.938107,49.096193],[-118.9381,49.096202],[-118.938091,49.09621],[-118.938082,49.096216],[-118.938072,49.09622],[-118.938061,49.096224],[-118.938049,49.096226],[-118.938037,49.096227],[-118.938025,49.096227],[-118.937973,49.096224],[-118.937921,49.096218],[-118.937874,49.096213],[-118.937826,49.096214],[-118.937809,49.096217],[-118.937792,49.096222],[-118.937777,49.096228],[-118.937764,49.096237],[-118.937753,49.096246]]],[[[-118.931626,49.101191],[-118.931473,49.101227],[-118.931453,49.098902],[-118.931452,49.098833],[-118.931496,49.098827],[-118.931512,49.098825],[-118.931528,49.098824],[-118.931545,49.098826],[-118.931561,49.098829],[-118.931576,49.098834],[-118.931589,49.09884],[-118.93159,49.098963],[-118.931605,49.100633],[-118.932577,49.100629],[-118.932583,49.10132],[-118.932229,49.101257],[-118.931626,49.101191]]]]},"properties":{"OBJECTID":23381,"PMBCParcelGUID":"{F3147809-C68F-4EF9-9CF2-A516C55587B3}","PMBC_PID":31498175,"PMBC_PIN":31498175,"PMBC_ParcelClass":"SUBDIVISION","PMBC_OwnerType":"PRIVATE","PMBC_LegalDescription":"LOT 1 DISTRICT LOT 2704 SIMILKAMEEN DIVISION YALE DISTRICT PLAN EPP84623","Folio":"71306737515","FullAddress":"NICHOLSON CREEK RD ","apt_no":null,"street_no":null,"street_direction_prefix":null,"street_name":"NICHOLSON CREEK RD","street_direction_suffix":null,"postal_code":null,"city":null,"province":"BC","AddressID":"D00000NY9T","TempKey":"F3147809-C68F-4EF9-9CF2-A516C55587B3D00000NY9T","GlobalID":"{9399ADFE-ED3E-4116-B779-DE8D86D1F318}","Shape__Area":0.000013147577412193003,"Shape__Length":0.02501314845825878}},{"type":"Feature","geometry":{"type":"Polygon","coordinates":[[[-118.989594,49.197336],[-118.989601,49.200038],[-118.989599,49.202746],[-118.989596,49.205457],[-118.989594,49.208163],[-118.989589,49.208169],[-118.978584,49.208198],[-118.978589,49.197325],[-118.984142,49.197327],[-118.989594,49.197336]]]},"properties":{"OBJECTID":23382,"PMBCParcelGUID":"{359BFA82-BDE5-49D9-AA0C-A5178E0F8EEA}","PMBC_PID":15023605,"PMBC_PIN":15023605,"PMBC_ParcelClass":"SUBDIVISION","PMBC_OwnerType":"CROWN PROVINCIAL","PMBC_LegalDescription":"DISTRICT LOT 2134 SIMILKAMEEN DIVISION YALE DISTRICT","Folio":"71305073500","FullAddress":"","apt_no":null,"street_no":null,"street_direction_prefix":null,"street_name":null,"street_direction_suffix":null,"postal_code":null,"city":null,"province":"BC","AddressID":"D00000FFLM","TempKey":"359BFA82-BDE5-49D9-AA0C-A5178E0F8EEAD00000FFLM","GlobalID":"{2D7D16A3-C8E4-490F-99AF-E852F3E9B865}","Shape__Area":0.00011951846469248304,"Shape__Length":0.04371808008600447}},{"type":"Feature","geometry":{"type":"Polygon","coordinates":[[[-118.216295,49.040132],[-118.216582,49.040131],[-118.216589,49.040544],[-118.216301,49.040551],[-118.216295,49.040132]]]},"properties":{"OBJECTID":23383,"PMBCParcelGUID":"{8A084775-77D6-462B-A9DD-A51806DC61AF}","PMBC_PID":5586232,"PMBC_PIN":5586232,"PMBC_ParcelClass":"SUBDIVISION","PMBC_OwnerType":"PRIVATE","PMBC_LegalDescription":"LOT 12 DISTRICT LOT 317 SIMILKAMEEN DIVISION YALE DISTRICT PLAN 25163","Folio":"71202535255","FullAddress":"1591 WOLVERTON RD , CHRISTINA LAKE","apt_no":null,"street_no":"1591","street_direction_prefix":null,"street_name":"WOLVERTON RD","street_direction_suffix":null,"postal_code":null,"city":"CHRISTINA LAKE","province":"BC","AddressID":"A00000J2ZQ","TempKey":"8A084775-77D6-462B-A9DD-A51806DC61AFA00000J2ZQ","GlobalID":"{4B07BCDA-69EE-445C-A51B-E013C268613B}","Shape__Area":1.1955721333700002e-7,"Shape__Length":0.0014068403475605673}},{"type":"Feature","geometry":{"type":"Polygon","coordinates":[[[-117.530892,49.116608],[-117.530291,49.116899],[-117.530264,49.116913],[-117.530078,49.116748],[-117.531354,49.116129],[-117.53154,49.116295],[-117.531216,49.116452],[-117.530892,49.116608]]]},"properties":{"OBJECTID":23384,"PMBCParcelGUID":"{1E8FD0BD-13C0-461E-A022-A51A41C4F727}","PMBC_PID":12130702,"PMBC_PIN":12130702,"PMBC_ParcelClass":"SUBDIVISION","PMBC_OwnerType":"PRIVATE","PMBC_LegalDescription":"LOT 4 DISTRICT LOT 1236 KOOTENAY DISTRICT PLAN 2936","Folio":"71105341012","FullAddress":"102 CAMPBELL RD , FRUITVALE","apt_no":null,"street_no":"102","street_direction_prefix":null,"street_name":"CAMPBELL RD","street_direction_suffix":null,"postal_code":"V0G 1L1","city":"FRUITVALE","province":"BC","AddressID":"A000019M87","TempKey":"1E8FD0BD-13C0-461E-A022-A51A41C4F727A000019M87","GlobalID":"{D78C1A30-EDA0-4EDF-A2A1-120118AE1308}","Shape__Area":3.258063219065001e-7,"Shape__Length":0.003334669780735309}},{"type":"Feature","geometry":{"type":"Polygon","coordinates":[[[-117.70972,49.094416],[-117.709787,49.094382],[-117.709841,49.09443],[-117.709842,49.09443],[-117.709849,49.094437],[-117.709783,49.094471],[-117.709749,49.094441],[-117.709749,49.094441],[-117.70972,49.094416]]]},"properties":{"OBJECTID":23385,"PMBCParcelGUID":"{5E35E319-9F5A-4F87-8F5F-A51C9B21D142}","PMBC_PID":24635740,"PMBC_PIN":24635740,"PMBC_ParcelClass":"SUBDIVISION","PMBC_OwnerType":"LOCAL GOVERNMENT","PMBC_LegalDescription":"THE WESTERLY 20 FEET OF LOT 1 BLOCK 26 DISTRICT LOT 230 KOOTENAY DISTRICT PLAN 465A","Folio":"23200348000","FullAddress":"1394 PINE AVE , TRAIL","apt_no":null,"street_no":"1394","street_direction_prefix":null,"street_name":"PINE AVE","street_direction_suffix":null,"postal_code":"V1R 4E6","city":"TRAIL","province":"BC","AddressID":"A000018R9V","TempKey":"5E35E319-9F5A-4F87-8F5F-A51C9B21D142A000018R9V","GlobalID":"{7AF5B50B-1CAA-41FE-8065-1C14D82FD433}","Shape__Area":5.747892600500002e-9,"Shape__Length":0.00031554842438146136}},{"type":"Feature","geometry":{"type":"Polygon","coordinates":[[[-118.677598,49.092056],[-118.678045,49.092053],[-118.678046,49.092122],[-118.677598,49.092124],[-118.677598,49.092056]]]},"properties":{"OBJECTID":23386,"PMBCParcelGUID":"{ED3562E0-F5E2-4970-8FD6-A51F9DED01E1}","PMBC_PID":12874574,"PMBC_PIN":12874574,"PMBC_ParcelClass":"SUBDIVISION","PMBC_OwnerType":"LOCAL GOVERNMENT","PMBC_LegalDescription":"LOT 2 BLOCK 5 DISTRICT LOT 711 SIMILKAMEEN DIVISION YALE DISTRICT PLAN 34","Folio":"21100151000","FullAddress":"101 S COPPER AVE , GREENWOOD","apt_no":null,"street_no":"101","street_direction_prefix":"S","street_name":"COPPER AVE","street_direction_suffix":null,"postal_code":"V0H 1J0","city":"GREENWOOD","province":"BC","AddressID":"A00000H9K3","TempKey":"ED3562E0-F5E2-4970-8FD6-A51F9DED01E1A00000H9K3","GlobalID":"{D0E80C4F-A439-49E7-8744-255601B10D7B}","Shape__Area":3.0768433467000006e-8,"Shape__Length":0.0010330149636827203}},{"type":"Feature","geometry":{"type":"Polygon","coordinates":[[[-117.54998,49.1147],[-117.550251,49.114571],[-117.550364,49.114653],[-117.550522,49.114768],[-117.550396,49.114828],[-117.550241,49.114902],[-117.54998,49.1147]]]},"properties":{"OBJECTID":23387,"PMBCParcelGUID":"{D8C5F605-9DAE-49BC-8E6C-A52193882325}","PMBC_PID":13041860,"PMBC_PIN":13041860,"PMBC_ParcelClass":"SUBDIVISION","PMBC_OwnerType":"PRIVATE","PMBC_LegalDescription":"LOT B DISTRICT LOT 1236 KOOTENAY DISTRICT PLAN 9879","Folio":"52100104000","FullAddress":"1885 COLE ST , FRUITVALE","apt_no":null,"street_no":"1885","street_direction_prefix":null,"street_name":"COLE ST","street_direction_suffix":null,"postal_code":null,"city":"FRUITVALE","province":"BC","AddressID":"A000018XDR","TempKey":"D8C5F605-9DAE-49BC-8E6C-A52193882325A000018XDR","GlobalID":"{F2C53EF7-A105-4975-9BAF-D435563FD057}","Shape__Area":9.011774916500002e-8,"Shape__Length":0.001276674620249051}},{"type":"Feature","geometry":{"type":"Polygon","coordinates":[[[-117.54998,49.1147],[-117.550251,49.114571],[-117.550364,49.114653],[-117.550522,49.114768],[-117.550396,49.114828],[-117.550241,49.114902],[-117.54998,49.1147]]]},"properties":{"OBJECTID":23388,"PMBCParcelGUID":"{D8C5F605-9DAE-49BC-8E6C-A52193882325}","PMBC_PID":13041860,"PMBC_PIN":13041860,"PMBC_ParcelClass":"SUBDIVISION","PMBC_OwnerType":"PRIVATE","PMBC_LegalDescription":"LOT B DISTRICT LOT 1236 KOOTENAY DISTRICT PLAN 9879","Folio":"52100104000","FullAddress":"22 NELSON AVE , FRUITVALE","apt_no":null,"street_no":"22","street_direction_prefix":null,"street_name":"NELSON AVE","street_direction_suffix":null,"postal_code":null,"city":"FRUITVALE","province":"BC","AddressID":"A000018XDS","TempKey":"D8C5F605-9DAE-49BC-8E6C-A52193882325A000018XDS","GlobalID":"{5EC900B3-A3BF-4DBC-99B4-259642820CB0}","Shape__Area":9.011774916500002e-8,"Shape__Length":0.001276674620249051}},{"type":"Feature","geometry":{"type":"Polygon","coordinates":[[[-117.712556,49.096358],[-117.712648,49.096312],[-117.712705,49.096361],[-117.712901,49.096531],[-117.712809,49.096576],[-117.712556,49.096358]]]},"properties":{"OBJECTID":23389,"PMBCParcelGUID":"{F70C4C5C-DCE6-4C68-B858-A52506DD1C2A}","PMBC_PID":6277241,"PMBC_PIN":6277241,"PMBC_ParcelClass":"SUBDIVISION","PMBC_OwnerType":"PRIVATE","PMBC_LegalDescription":"LOT 8 BLOCK 23 DISTRICT LOT 230 KOOTENAY DISTRICT PLAN 465A","Folio":"23200300000","FullAddress":"705 VICTORIA ST , TRAIL","apt_no":null,"street_no":"705","street_direction_prefix":null,"street_name":"VICTORIA ST","street_direction_suffix":null,"postal_code":"V1R 3T1","city":"TRAIL","province":"BC","AddressID":"A000018R8W","TempKey":"F70C4C5C-DCE6-4C68-B858-A52506DD1C2AA000018R8W","GlobalID":"{925C3170-0ED6-48E8-AFB4-A9D5E2D5B621}","Shape__Area":3.1594107375500005e-8,"Shape__Length":0.0008726346551335908}},{"type":"Feature","geometry":{"type":"Polygon","coordinates":[[[-117.736272,49.121175],[-117.736557,49.121148],[-117.736925,49.121112],[-117.736967,49.121319],[-117.73672,49.121339],[-117.736412,49.121363],[-117.736396,49.121365],[-117.736362,49.121312],[-117.736272,49.121175]]]},"properties":{"OBJECTID":23390,"PMBCParcelGUID":"{043D8056-E0B4-4106-B1B9-A5291F20C8E8}","PMBC_PID":15240207,"PMBC_PIN":15240207,"PMBC_ParcelClass":"SUBDIVISION","PMBC_OwnerType":"PRIVATE","PMBC_LegalDescription":"LOT 16 DISTRICT LOT 367 KOOTENAY DISTRICT PLAN 2444","Folio":"71102338000","FullAddress":"217 2ND AVE , RIVERVALE","apt_no":null,"street_no":"217","street_direction_prefix":null,"street_name":"2ND AVE","street_direction_suffix":null,"postal_code":"V1R 4V2","city":"RIVERVALE","province":"BC","AddressID":"A000019LYW","TempKey":"043D8056-E0B4-4106-B1B9-A5291F20C8E8A000019LYW","GlobalID":"{BB398046-2770-4BD8-8551-81773B1B2C53}","Shape__Area":1.2567232389100004e-7,"Shape__Length":0.0016654329112819647}},{"type":"Feature","geometry":{"type":"Polygon","coordinates":[[[-117.802721,49.081182],[-117.802764,49.081185],[-117.802759,49.081237],[-117.802755,49.081274],[-117.802806,49.081277],[-117.802835,49.081279],[-117.802833,49.081299],[-117.802816,49.081461],[-117.802691,49.081455],[-117.802719,49.081203],[-117.802721,49.081182]]]},"properties":{"OBJECTID":23391,"PMBCParcelGUID":"{0EF8C354-CBCB-4C29-9899-A52F71D4F900}","PMBC_PID":5470889,"PMBC_PIN":5470889,"PMBC_ParcelClass":"SUBDIVISION","PMBC_OwnerType":"PRIVATE","PMBC_LegalDescription":"LOT 4 BLOCK 9 DISTRICT LOT 537 KOOTENAY DISTRICT PLAN 683, EXCEPT PARCEL A (SEE 146599I)","Folio":"22901214100","FullAddress":"1809 PLANER CRES , ROSSLAND","apt_no":null,"street_no":"1809","street_direction_prefix":null,"street_name":"PLANER CRES","street_direction_suffix":null,"postal_code":null,"city":"ROSSLAND","province":"BC","AddressID":"D000003Y0C","TempKey":"0EF8C354-CBCB-4C29-9899-A52F71D4F900D000003Y0C","GlobalID":"{FF72C138-4EF4-454B-A3CD-7A1CA409B58D}","Shape__Area":2.6736876959000006e-8,"Shape__Length":0.0007957337859326107}},{"type":"Feature","geometry":{"type":"Polygon","coordinates":[[[-118.701492,49.041366],[-118.701581,49.04133],[-118.701647,49.041403],[-118.701655,49.041412],[-118.701848,49.041623],[-118.701759,49.041658],[-118.701574,49.041455],[-118.701566,49.041447],[-118.701492,49.041366]]]},"properties":{"OBJECTID":23392,"PMBCParcelGUID":"{720E1796-036E-4182-B680-A53107BE2547}","PMBC_PID":12860247,"PMBC_PIN":12860247,"PMBC_ParcelClass":"SUBDIVISION","PMBC_OwnerType":"CROWN PROVINCIAL","PMBC_LegalDescription":"LOT 38 BLOCK 7 DISTRICT LOT 429 SIMILKAMEEN DIVISION YALE DISTRICT PLAN 19","Folio":"71302796574","FullAddress":"","apt_no":null,"street_no":null,"street_direction_prefix":null,"street_name":null,"street_direction_suffix":null,"postal_code":null,"city":null,"province":"BC","AddressID":"D00000FFCX","TempKey":"720E1796-036E-4182-B680-A53107BE2547D00000FFCX","GlobalID":"{3150A8F2-5463-4AD3-AC41-34ACBD078B49}","Shape__Area":3.554385322550001e-8,"Shape__Length":0.0009843498172407569}},{"type":"Feature","geometry":{"type":"Polygon","coordinates":[[[-117.697093,49.099146],[-117.6972,49.099103],[-117.697418,49.099337],[-117.697311,49.09938],[-117.697093,49.099146]]]},"properties":{"OBJECTID":23393,"PMBCParcelGUID":"{3B117B22-820B-4E37-BD7F-A531FE9DB5FC}","PMBC_PID":15650987,"PMBC_PIN":15650987,"PMBC_ParcelClass":"SUBDIVISION","PMBC_OwnerType":"PRIVATE","PMBC_LegalDescription":"LOT 37 DISTRICT LOT 2919 KOOTENAY DISTRICT PLAN 1617","Folio":"23202324100","FullAddress":"1764 NORAN ST , TRAIL","apt_no":null,"street_no":"1764","street_direction_prefix":null,"street_name":"NORAN ST","street_direction_suffix":null,"postal_code":"V1R 1W9","city":"TRAIL","province":"BC","AddressID":"A000018SS1","TempKey":"3B117B22-820B-4E37-BD7F-A531FE9DB5FCA000018SS1","GlobalID":"{398DDE0A-8B7F-448E-A35C-85B4F18A0D5E}","Shape__Area":3.431742270350001e-8,"Shape__Length":0.0008691846778498954}},{"type":"Feature","geometry":{"type":"Polygon","coordinates":[[[-119.013698,49.235927],[-119.013703,49.235945],[-119.013704,49.235948],[-119.013705,49.235952],[-119.013706,49.235955],[-119.013707,49.235959],[-119.013711,49.235973],[-119.013712,49.235976],[-119.013714,49.235983],[-119.013716,49.235991],[-119.013743,49.236162],[-119.013778,49.236339],[-119.013799,49.236455],[-119.013815,49.236571],[-119.013825,49.236687],[-119.013825,49.23677],[-119.01382,49.236859],[-119.013819,49.236871],[-119.013778,49.236871],[-119.013659,49.23687],[-119.012756,49.236868],[-119.012373,49.238613],[-119.008645,49.238484],[-119.008621,49.238341],[-119.008608,49.238198],[-119.008605,49.238055],[-119.008612,49.237912],[-119.00863,49.237769],[-119.008658,49.237627],[-119.008696,49.237486],[-119.008895,49.236856],[-119.009001,49.236856],[-119.009899,49.236859],[-119.009911,49.235067],[-119.010182,49.235072],[-119.012432,49.235113],[-119.012597,49.235116],[-119.013136,49.235126],[-119.013672,49.235136],[-119.013708,49.235137],[-119.013683,49.235276],[-119.013683,49.235276],[-119.013654,49.235416],[-119.013641,49.235493],[-119.013635,49.235571],[-119.013637,49.235649],[-119.01365,49.235736],[-119.013669,49.235823],[-119.013693,49.235909],[-119.013697,49.235923],[-119.013698,49.235927]]]},"properties":{"OBJECTID":23394,"PMBCParcelGUID":"{F650A6D1-BA6E-430B-96E1-A533F44F74DE}","PMBC_PID":31657478,"PMBC_PIN":31657478,"PMBC_ParcelClass":"SUBDIVISION","PMBC_OwnerType":"PRIVATE","PMBC_LegalDescription":"LOT A DISTRICT LOTS 819S AND 2986S SIMILKAMEEN DIVISION YALE DISTRICT PLAN EPP114005","Folio":"71307000100","FullAddress":"3605 HIGHWAY 33 , WESTBRIDGE","apt_no":null,"street_no":"3605","street_direction_prefix":null,"street_name":"HIGHWAY 33","street_direction_suffix":null,"postal_code":"V0H 1Y0","city":"WESTBRIDGE","province":"BC","AddressID":"D00000PQ23","TempKey":"F650A6D1-BA6E-430B-96E1-A533F44F74DED00000PQ23","GlobalID":"{92563230-E165-408E-A3BC-763099D0CAF5}","Shape__Area":0.000013285335265482503,"Shape__Length":0.01660486820182098}},{"type":"Feature","geometry":{"type":"MultiPolygon","coordinates":[[[[-118.235739,49.111137],[-118.235793,49.111118],[-118.23623,49.111298],[-118.23607,49.111369],[-118.235902,49.111302],[-118.235611,49.111184],[-118.235739,49.111137]]],[[[-118.236276,49.111448],[-118.23643,49.11138],[-118.2366,49.111454],[-118.236585,49.111463],[-118.236569,49.11147],[-118.236551,49.111476],[-118.236533,49.11148],[-118.236495,49.111495],[-118.236437,49.111518],[-118.236276,49.111448]]]]},"properties":{"OBJECTID":23395,"PMBCParcelGUID":"{23E59E6C-1939-4C4D-BF05-A534E4FD7C7C}","PMBC_PID":9541322,"PMBC_PIN":9541322,"PMBC_ParcelClass":"SUBDIVISION","PMBC_OwnerType":"PRIVATE","PMBC_LegalDescription":"LOT 4 DISTRICT LOT 3063S SIMILKAMEEN DIVISION YALE DISTRICT PLAN 10615","Folio":"71207039000","FullAddress":"3171 EAST LAKE DR , CHRISTINA LAKE","apt_no":null,"street_no":"3171","street_direction_prefix":null,"street_name":"EAST LAKE DR","street_direction_suffix":null,"postal_code":"V0H 1E1","city":"CHRISTINA LAKE","province":"BC","AddressID":"A00000J61Z","TempKey":"23E59E6C-1939-4C4D-BF05-A534E4FD7C7CA00000J61Z","GlobalID":"{AEF343DD-4A2D-4D80-81DF-2CADC9359CAE}","Shape__Area":8.443602642500002e-8,"Shape__Length":0.002040621921878272}},{"type":"Feature","geometry":{"type":"MultiPolygon","coordinates":[[[[-118.764976,49.003822],[-118.765111,49.003929],[-118.764728,49.00414],[-118.764593,49.004033],[-118.764976,49.003822]]],[[[-118.764993,49.003813],[-118.765008,49.003805],[-118.765142,49.003911],[-118.765071,49.00386],[-118.764993,49.003813]]]]},"properties":{"OBJECTID":23396,"PMBCParcelGUID":"{5E4FA88F-D59A-4D9D-BE1D-A53A25ACB089}","PMBC_PID":12770639,"PMBC_PIN":12770639,"PMBC_ParcelClass":"SUBDIVISION","PMBC_OwnerType":"PRIVATE","PMBC_LegalDescription":"LOT 8 BLOCK 23 DISTRICT LOT 501 SIMILKAMEEN DIVISION YALE DISTRICT PLAN 42 EXCEPT PLAN H865","Folio":"54700214005","FullAddress":"270 DOMINION ST , MIDWAY","apt_no":null,"street_no":"270","street_direction_prefix":null,"street_name":"DOMINION ST","street_direction_suffix":null,"postal_code":null,"city":"MIDWAY","province":"BC","AddressID":"A00000HVNK","TempKey":"5E4FA88F-D59A-4D9D-BE1D-A53A25ACB089A00000HVNK","GlobalID":"{FDD37D5D-F53E-46D6-AD17-4634582D5E2D}","Shape__Area":7.052242280100001e-8,"Shape__Length":0.0015865761696716694}},{"type":"Feature","geometry":{"type":"Polygon","coordinates":[[[-117.750005,49.091991],[-117.750071,49.091937],[-117.750135,49.091884],[-117.750169,49.091903],[-117.750393,49.092022],[-117.750449,49.092051],[-117.750317,49.092158],[-117.750115,49.09205],[-117.750005,49.091991]]]},"properties":{"OBJECTID":23397,"PMBCParcelGUID":"{106AB212-0ED1-4859-B01C-A53EA652B334}","PMBC_PID":13173405,"PMBC_PIN":13173405,"PMBC_ParcelClass":"SUBDIVISION","PMBC_OwnerType":"PRIVATE","PMBC_LegalDescription":"LOT 25 BLOCK 1 DISTRICT LOT 6062 KOOTENAY DISTRICT PLAN 2355","Folio":"58800516000","FullAddress":"673 FORREST DR , WARFIELD","apt_no":null,"street_no":"673","street_direction_prefix":null,"street_name":"FORREST DR","street_direction_suffix":null,"postal_code":"V1R 2H5","city":"WARFIELD","province":"BC","AddressID":"A0000192Y4","TempKey":"106AB212-0ED1-4859-B01C-A53EA652B334A0000192Y4","GlobalID":"{CB1BBFFB-1C1C-436F-AE60-707DFF7A0880}","Shape__Area":5.5340351174000017e-8,"Shape__Length":0.0010475864804403172}},{"type":"Feature","geometry":{"type":"Polygon","coordinates":[[[-117.697641,49.097742],[-117.697505,49.097726],[-117.697579,49.097456],[-117.697715,49.097472],[-117.697641,49.097742]]]},"properties":{"OBJECTID":23398,"PMBCParcelGUID":"{31ACAD0E-1BDE-43A7-BE03-A53FCEDB5FC8}","PMBC_PID":15834263,"PMBC_PIN":15834263,"PMBC_ParcelClass":"SUBDIVISION","PMBC_OwnerType":"PRIVATE","PMBC_LegalDescription":"LOT 20 BLOCK 26 DISTRICT LOT 2919 KOOTENAY DISTRICT PLAN 1262","Folio":"23202211000","FullAddress":"1806 FOURTH AVE , TRAIL","apt_no":null,"street_no":"1806","street_direction_prefix":null,"street_name":"FOURTH AVE","street_direction_suffix":null,"postal_code":"V1R 1T1","city":"TRAIL","province":"BC","AddressID":"A000018SNZ","TempKey":"31ACAD0E-1BDE-43A7-BE03-A53FCEDB5FC8A000018SNZ","GlobalID":"{8C64059F-128B-44EE-AF4E-52958F30045E}","Shape__Area":3.776927048000001e-8,"Shape__Length":0.000832734417387981}},{"type":"Feature","geometry":{"type":"Polygon","coordinates":[[[-118.676311,49.089197],[-118.67679,49.089195],[-118.676791,49.089263],[-118.676311,49.089266],[-118.676311,49.089197]]]},"properties":{"OBJECTID":23399,"PMBCParcelGUID":"{E9AD0642-838C-47B2-A9B5-A540EA7A5459}","PMBC_PID":12842591,"PMBC_PIN":12842591,"PMBC_ParcelClass":"SUBDIVISION","PMBC_OwnerType":"LOCAL GOVERNMENT","PMBC_LegalDescription":"LOT 21 BLOCK 13 DISTRICT LOT 597 SIMILKAMEEN DIVISION YALE DISTRICT PLAN 21","Folio":"21100100000","FullAddress":"255 S GOVERNMENT AVE , GREENWOOD","apt_no":null,"street_no":"255","street_direction_prefix":"S","street_name":"GOVERNMENT AVE","street_direction_suffix":null,"postal_code":"V0H 1J0","city":"GREENWOOD","province":"BC","AddressID":"A00000H9HF","TempKey":"E9AD0642-838C-47B2-A9B5-A540EA7A5459A00000H9HF","GlobalID":"{59AC5DA0-3811-4FF4-B9DD-D2783F5DAE6E}","Shape__Area":3.2879937900000006e-8,"Shape__Length":0.0010964202348319428}},{"type":"Feature","geometry":{"type":"Polygon","coordinates":[[[-118.676311,49.089197],[-118.67679,49.089195],[-118.676791,49.089263],[-118.676311,49.089266],[-118.676311,49.089197]]]},"properties":{"OBJECTID":23400,"PMBCParcelGUID":"{E9AD0642-838C-47B2-A9B5-A540EA7A5459}","PMBC_PID":12842591,"PMBC_PIN":12842591,"PMBC_ParcelClass":"SUBDIVISION","PMBC_OwnerType":"LOCAL GOVERNMENT","PMBC_LegalDescription":"LOT 21 BLOCK 13 DISTRICT LOT 597 SIMILKAMEEN DIVISION YALE DISTRICT PLAN 21","Folio":"21100100001","FullAddress":"1340 CENTRE ST , GREENWOOD","apt_no":null,"street_no":"1340","street_direction_prefix":null,"street_name":"CENTRE ST","street_direction_suffix":null,"postal_code":"V0H 1J0","city":"GREENWOOD","province":"BC","AddressID":"A00000H9HG","TempKey":"E9AD0642-838C-47B2-A9B5-A540EA7A5459A00000H9HG","GlobalID":"{EA64FD0E-6592-42FF-BC2E-9CD702642648}","Shape__Area":3.2879937900000006e-8,"Shape__Length":0.0010964202348319428}},{"type":"Feature","geometry":{"type":"Polygon","coordinates":[[[-117.708577,49.09413],[-117.70864,49.094184],[-117.708307,49.09435],[-117.708244,49.094295],[-117.708577,49.09413]]]},"properties":{"OBJECTID":23401,"PMBCParcelGUID":"{F313FF25-D7CC-4A0E-A323-A543F68C9562}","PMBC_PID":16314433,"PMBC_PIN":16314433,"PMBC_ParcelClass":"SUBDIVISION","PMBC_OwnerType":"PRIVATE","PMBC_LegalDescription":"LOT 17 BLOCK 12 DISTRICT LOT 230 KOOTENAY DISTRICT PLAN 465","Folio":"23200174010","FullAddress":"PINE AVE , TRAIL","apt_no":null,"street_no":null,"street_direction_prefix":null,"street_name":"PINE AVE","street_direction_suffix":null,"postal_code":"V1R 4E9","city":"TRAIL","province":"BC","AddressID":"J000032ZZP","TempKey":"F313FF25-D7CC-4A0E-A323-A543F68C9562J000032ZZP","GlobalID":"{686C7716-03C1-4ECF-B6A5-D3D2EB4D7300}","Shape__Area":2.8605131026000006e-8,"Shape__Length":0.0009100097408308196}},{"type":"Feature","geometry":{"type":"Polygon","coordinates":[[[-118.249046,49.124009],[-118.249332,49.124007],[-118.249334,49.124007],[-118.25021,49.124003],[-118.250222,49.124044],[-118.250219,49.124173],[-118.249649,49.124173],[-118.249044,49.124173],[-118.249046,49.124009]]]},"properties":{"OBJECTID":23402,"PMBCParcelGUID":"{77E42102-45F2-4044-9548-A5459CB56B93}","PMBC_PID":10074104,"PMBC_PIN":10074104,"PMBC_ParcelClass":"SUBDIVISION","PMBC_OwnerType":"PRIVATE","PMBC_LegalDescription":"LOT 18 DISTRICT LOT 2104 SIMILKAMEEN DIVISION YALE DISTRICT PLAN 6703","Folio":"71205043000","FullAddress":"3453 EAST LAKE DR , CHRISTINA LAKE","apt_no":null,"street_no":"3453","street_direction_prefix":null,"street_name":"EAST LAKE DR","street_direction_suffix":null,"postal_code":"V0H 1E1","city":"CHRISTINA LAKE","province":"BC","AddressID":"A00000J5VM","TempKey":"77E42102-45F2-4044-9548-A5459CB56B93A00000J5VM","GlobalID":"{3C0D4B8D-991E-410B-9B74-B6025ABB5D79}","Shape__Area":1.9658768611050004e-7,"Shape__Length":0.0026746499620163705}},{"type":"Feature","geometry":{"type":"Polygon","coordinates":[[[-117.687188,49.098899],[-117.687512,49.098692],[-117.687705,49.098748],[-117.687379,49.098954],[-117.687188,49.098899]]]},"properties":{"OBJECTID":23403,"PMBCParcelGUID":"{7C0E6425-6C90-4138-A2B3-A545AA3E430C}","PMBC_PID":9174630,"PMBC_PIN":9174630,"PMBC_ParcelClass":"SUBDIVISION","PMBC_OwnerType":"PRIVATE","PMBC_LegalDescription":"LOT 10 BLOCK 20 DISTRICT LOT 4598 KOOTENAY DISTRICT PLAN 1684","Folio":"23203343000","FullAddress":"1880 MCBRIDE ST , TRAIL","apt_no":null,"street_no":"1880","street_direction_prefix":null,"street_name":"MCBRIDE ST","street_direction_suffix":null,"postal_code":"V1R 3A2","city":"TRAIL","province":"BC","AddressID":"A000018TFK","TempKey":"7C0E6425-6C90-4138-A2B3-A545AA3E430CA000018TFK","GlobalID":"{504AA7F2-1775-4C99-9D4F-52EE5EAD92AC}","Shape__Area":5.754543999200002e-8,"Shape__Length":0.001168930458137786}},{"type":"Feature","geometry":{"type":"Polygon","coordinates":[[[-117.814192,49.100431],[-117.814549,49.100337],[-117.81462,49.10019],[-117.814846,49.100167],[-117.814907,49.100205],[-117.814912,49.100421],[-117.814227,49.10048],[-117.814225,49.100469],[-117.814221,49.100458],[-117.814213,49.100448],[-117.814204,49.100439],[-117.814192,49.100431]]]},"properties":{"OBJECTID":23404,"PMBCParcelGUID":"{59A1487F-5EEC-44CC-8236-A547334B4A92}","PMBC_PID":27899756,"PMBC_PIN":27899756,"PMBC_ParcelClass":"BARE LAND STRATA","PMBC_OwnerType":"PRIVATE","PMBC_LegalDescription":"STRATA LOT 14 TOWNSHIP 28 KOOTENAY DISTRICT STRATA PLAN NES3660 TOGETHER WITH AN INTEREST IN THE COMMON PROPERTY IN PROPORTION TO THE UNIT ENTITLEMENT OF THE STRATA LOT AS SHOWN ON FORM V","Folio":"22903010114","FullAddress":"227 CEDAR CREEK PL , ROSSLAND","apt_no":null,"street_no":"227","street_direction_prefix":null,"street_name":"CEDAR CREEK PL","street_direction_suffix":null,"postal_code":null,"city":"ROSSLAND","province":"BC","AddressID":"D00000630Z","TempKey":"59A1487F-5EEC-44CC-8236-A547334B4A92D00000630Z","GlobalID":"{7F6E4F25-590D-4310-BF13-AFC2B2F52543}","Shape__Area":1.1513270604850003e-7,"Shape__Length":0.0017991681910853566}},{"type":"Feature","geometry":{"type":"Polygon","coordinates":[[[-117.706812,49.102215],[-117.706939,49.102181],[-117.706993,49.102267],[-117.706545,49.102389],[-117.706491,49.102303],[-117.706684,49.10225],[-117.706812,49.102215]]]},"properties":{"OBJECTID":23405,"PMBCParcelGUID":"{496FBB00-C3D7-4069-B7E1-A54FD01082D0}","PMBC_PID":15652599,"PMBC_PIN":15652599,"PMBC_ParcelClass":"SUBDIVISION","PMBC_OwnerType":"PRIVATE","PMBC_LegalDescription":"LOT 5 BLOCK 6 DISTRICT LOT 2919 KOOTENAY DISTRICT PLAN 1646 EXCEPT PART INCLUDED IN RW PLAN RW 39","Folio":"23201793000","FullAddress":"1216 COLUMBIA AVE , TRAIL","apt_no":null,"street_no":"1216","street_direction_prefix":null,"street_name":"COLUMBIA AVE","street_direction_suffix":null,"postal_code":"V1R 1J4","city":"TRAIL","province":"BC","AddressID":"A000018SBU","TempKey":"496FBB00-C3D7-4069-B7E1-A54FD01082D0A000018SBU","GlobalID":"{607C12C4-6BFE-466E-A367-1DFEC26F6A50}","Shape__Area":4.517891526200001e-8,"Shape__Length":0.0011318726234776533}},{"type":"Feature","geometry":{"type":"Polygon","coordinates":[[[-118.489929,49.015924],[-118.490003,49.015928],[-118.490044,49.01596],[-118.490097,49.015992],[-118.490138,49.016012],[-118.490189,49.016028],[-118.490249,49.016051],[-118.49031,49.016075],[-118.490353,49.016089],[-118.490395,49.016106],[-118.490183,49.016345],[-118.489977,49.016577],[-118.489509,49.016398],[-118.489686,49.016198],[-118.489929,49.015924]]]},"properties":{"OBJECTID":23406,"PMBCParcelGUID":"{AD5D60FA-51C9-43ED-8F85-A551C3AC7339}","PMBC_PID":8801011,"PMBC_PIN":8801011,"PMBC_ParcelClass":"SUBDIVISION","PMBC_OwnerType":"PRIVATE","PMBC_LegalDescription":"PARCEL A (DD L12955F AND PLAN E12230) DISTRICT LOT 453 SIMILKAMEEN DIVISION YALE DISTRICT PLAN 15571","Folio":"71203908015","FullAddress":"3600 MILL RD , GRAND FORKS","apt_no":null,"street_no":"3600","street_direction_prefix":null,"street_name":"MILL RD","street_direction_suffix":null,"postal_code":"V0H 1H5","city":"GRAND FORKS","province":"BC","AddressID":"A00000J4JQ","TempKey":"AD5D60FA-51C9-43ED-8F85-A551C3AC7339A00000J4JQ","GlobalID":"{F4ACEF96-3D4B-4263-B794-A5E0BE7F53A0}","Shape__Area":2.9743295063000007e-7,"Shape__Length":0.0022720840687491355}},{"type":"Feature","geometry":{"type":"Polygon","coordinates":[[[-118.438693,49.034247],[-118.438646,49.034171],[-118.43907,49.034055],[-118.439118,49.034133],[-118.438693,49.034247]]]},"properties":{"OBJECTID":23407,"PMBCParcelGUID":"{1C8FFA3F-D39F-49CB-8C87-A551C4436E76}","PMBC_PID":6634974,"PMBC_PIN":6634974,"PMBC_ParcelClass":"SUBDIVISION","PMBC_OwnerType":"PRIVATE","PMBC_LegalDescription":"LOT 19 BLOCK 5 DISTRICT LOT 108 SIMILKAMEEN DIVISION YALE DISTRICT PLAN 23","Folio":"21000050000","FullAddress":"7440 3RD ST , GRAND FORKS","apt_no":null,"street_no":"7440","street_direction_prefix":null,"street_name":"3RD ST","street_direction_suffix":null,"postal_code":"V0H 1H2","city":"GRAND FORKS","province":"BC","AddressID":"A00000H6P1","TempKey":"1C8FFA3F-D39F-49CB-8C87-A551C4436E76A00000H6P1","GlobalID":"{C36FC4B4-E7F4-4BD6-9673-60AF80642D11}","Shape__Area":3.828852404350001e-8,"Shape__Length":0.0010608682532487527}},{"type":"Feature","geometry":{"type":"Polygon","coordinates":[[[-117.746957,49.093458],[-117.746781,49.09321],[-117.747268,49.093051],[-117.747443,49.0933],[-117.747441,49.093301],[-117.747143,49.093398],[-117.746957,49.093458]]]},"properties":{"OBJECTID":23408,"PMBCParcelGUID":"{0EB5EAAD-126E-4416-9771-A553D7A4240C}","PMBC_PID":12872237,"PMBC_PIN":12872237,"PMBC_ParcelClass":"SUBDIVISION","PMBC_OwnerType":"PRIVATE","PMBC_LegalDescription":"PARCEL A (SEE 156313I) LOT 8 DISTRICT LOTS 6062 AND 6063 KOOTENAY DISTRICT PLAN 1779","Folio":"58800607005","FullAddress":"375 LAURIER DR , WARFIELD","apt_no":null,"street_no":"375","street_direction_prefix":null,"street_name":"LAURIER DR","street_direction_suffix":null,"postal_code":"V1R 2N2","city":"WARFIELD","province":"BC","AddressID":"A00001930Z","TempKey":"0EB5EAAD-126E-4416-9771-A553D7A4240CA00001930Z","GlobalID":"{EEBD2F3A-EF70-4DF2-88F0-B4EF86FFF31E}","Shape__Area":1.4892733954800004e-7,"Shape__Length":0.001632877282641951}},{"type":"Feature","geometry":{"type":"Polygon","coordinates":[[[-118.391132,49.016575],[-118.392462,49.016579],[-118.39281,49.01658],[-118.392806,49.01712],[-118.391115,49.017116],[-118.391132,49.016575]]]},"properties":{"OBJECTID":23409,"PMBCParcelGUID":"{1B009F58-A4A4-4AAA-B9E3-A5567C0E33C4}","PMBC_PID":8392226,"PMBC_PIN":8392226,"PMBC_ParcelClass":"SUBDIVISION","PMBC_OwnerType":"PRIVATE","PMBC_LegalDescription":"LOT A DISTRICT LOT 184 SIMILKAMEEN DIVISION YALE DISTRICT PLAN 17519","Folio":"71201869005","FullAddress":"5915 WHITEHALL RD , GRAND FORKS","apt_no":null,"street_no":"5915","street_direction_prefix":null,"street_name":"WHITEHALL RD","street_direction_suffix":null,"postal_code":"V0H 1H9","city":"GRAND FORKS","province":"BC","AddressID":"A00000J2VE","TempKey":"1B009F58-A4A4-4AAA-B9E3-A5567C0E33C4A00000J2VE","GlobalID":"{C07D909A-539A-4322-A276-8AAF794522F8}","Shape__Area":9.105596846730003e-7,"Shape__Length":0.004450835585060238}},{"type":"Feature","geometry":{"type":"Polygon","coordinates":[[[-118.391132,49.016575],[-118.392462,49.016579],[-118.39281,49.01658],[-118.392806,49.01712],[-118.391115,49.017116],[-118.391132,49.016575]]]},"properties":{"OBJECTID":23410,"PMBCParcelGUID":"{1B009F58-A4A4-4AAA-B9E3-A5567C0E33C4}","PMBC_PID":8392226,"PMBC_PIN":8392226,"PMBC_ParcelClass":"SUBDIVISION","PMBC_OwnerType":"PRIVATE","PMBC_LegalDescription":"LOT A DISTRICT LOT 184 SIMILKAMEEN DIVISION YALE DISTRICT PLAN 17519","Folio":"71201869005","FullAddress":"5905 WHITEHALL RD , GRAND FORKS","apt_no":null,"street_no":"5905","street_direction_prefix":null,"street_name":"WHITEHALL RD","street_direction_suffix":null,"postal_code":"V0H 1H9","city":"GRAND FORKS","province":"BC","AddressID":"A00000J2VD","TempKey":"1B009F58-A4A4-4AAA-B9E3-A5567C0E33C4A00000J2VD","GlobalID":"{3521EC92-DA82-4D75-B80D-A49AD8C20DE4}","Shape__Area":9.105596846730003e-7,"Shape__Length":0.004450835585060238}},{"type":"Feature","geometry":{"type":"Polygon","coordinates":[[[-118.217068,49.060459],[-118.217612,49.060045],[-118.218109,49.060328],[-118.21777,49.060585],[-118.21781,49.060667],[-118.217831,49.060709],[-118.218451,49.060977],[-118.218637,49.061057],[-118.218497,49.061165],[-118.218445,49.061204],[-118.218416,49.061227],[-118.217418,49.060658],[-118.217068,49.060459]]]},"properties":{"OBJECTID":23411,"PMBCParcelGUID":"{364E558F-5778-443F-A371-A556C5B270E0}","PMBC_PID":29424526,"PMBC_PIN":29424526,"PMBC_ParcelClass":"SUBDIVISION","PMBC_OwnerType":"PRIVATE","PMBC_LegalDescription":"LOT 2 DISTRICT LOT 970 SIMILKAMEEN DIVISION YALE DISTRICT PLAN EPP44218","Folio":"71204428004","FullAddress":"MASSIE RD , CHRISTINA LAKE","apt_no":null,"street_no":null,"street_direction_prefix":null,"street_name":"MASSIE RD","street_direction_suffix":null,"postal_code":"V0H 1E2","city":"CHRISTINA LAKE","province":"BC","AddressID":"D00000BSML","TempKey":"364E558F-5778-443F-A371-A556C5B270E0D00000BSML","GlobalID":"{FF999385-7249-4EF9-937F-851AE476946E}","Shape__Area":5.617367903965001e-7,"Shape__Length":0.0045265605505666094}},{"type":"Feature","geometry":{"type":"MultiPolygon","coordinates":[[[[-118.877121,49.332478],[-118.876998,49.331181],[-118.877584,49.331169],[-118.877657,49.331165],[-118.877729,49.331154],[-118.877798,49.331137],[-118.877863,49.331114],[-118.877923,49.331086],[-118.877976,49.331053],[-118.878022,49.331015],[-118.87806,49.330973],[-118.878089,49.330929],[-118.878398,49.330349],[-118.879537,49.330344],[-118.879587,49.330345],[-118.879638,49.330345],[-118.883386,49.330345],[-118.883719,49.330776],[-118.883767,49.330832],[-118.883823,49.330883],[-118.883886,49.330931],[-118.883956,49.330975],[-118.884033,49.331013],[-118.884115,49.331047],[-118.884202,49.331074],[-118.884293,49.331096],[-118.884387,49.331112],[-118.884976,49.331188],[-118.885486,49.330837],[-118.886276,49.330548],[-118.886285,49.332757],[-118.886199,49.332759],[-118.88611,49.33274],[-118.886014,49.332722],[-118.885818,49.332672],[-118.885731,49.332652],[-118.885632,49.332591],[-118.885507,49.332485],[-118.885465,49.332431],[-118.885414,49.332404],[-118.885301,49.332389],[-118.885135,49.332336],[-118.885057,49.332302],[-118.885023,49.332302],[-118.884927,49.332348],[-118.88489,49.332377],[-118.884828,49.332438],[-118.88478,49.33248],[-118.884721,49.332512],[-118.884633,49.332535],[-118.884306,49.332545],[-118.884128,49.332549],[-118.883815,49.332542],[-118.883743,49.332534],[-118.883584,49.332455],[-118.883505,49.332396],[-118.883354,49.332314],[-118.883171,49.332233],[-118.88301,49.3322],[-118.882682,49.332191],[-118.882585,49.332203],[-118.882496,49.332206],[-118.88231,49.332215],[-118.882201,49.332233],[-118.882045,49.33228],[-118.881839,49.332352],[-118.881671,49.332378],[-118.881536,49.332378],[-118.881356,49.332382],[-118.881227,49.332386],[-118.880932,49.332412],[-118.880634,49.332432],[-118.880563,49.332447],[-118.880432,49.332492],[-118.880307,49.33253],[-118.88017,49.33255],[-118.880086,49.332558],[-118.880018,49.332554],[-118.879932,49.332539],[-118.879642,49.33248],[-118.879566,49.332478],[-118.879451,49.332489],[-118.879342,49.332486],[-118.879264,49.33247],[-118.87907,49.332405],[-118.878988,49.332371],[-118.878931,49.332336],[-118.878789,49.332313],[-118.878698,49.332324],[-118.878627,49.332351],[-118.878454,49.33245],[-118.878318,49.332516],[-118.878279,49.33255],[-118.878206,49.332638],[-118.878161,49.332653],[-118.878078,49.332641],[-118.877733,49.332553],[-118.877636,49.332527],[-118.877429,49.332501],[-118.877211,49.332504],[-118.877121,49.332478]]],[[[-118.877578,49.33099],[-118.876735,49.331002],[-118.877265,49.330349],[-118.878107,49.330349],[-118.877826,49.330876],[-118.877806,49.330903],[-118.877779,49.330927],[-118.877747,49.330948],[-118.877709,49.330966],[-118.877668,49.330979],[-118.877624,49.330987],[-118.877578,49.33099]]],[[[-118.883967,49.3307],[-118.883693,49.330346],[-118.886276,49.330342],[-118.885315,49.330693],[-118.884882,49.330994],[-118.884443,49.330933],[-118.884369,49.330921],[-118.884297,49.330903],[-118.884229,49.33088],[-118.884165,49.330852],[-118.884106,49.33082],[-118.884053,49.330784],[-118.884006,49.330744],[-118.883967,49.3307]]]]},"properties":{"OBJECTID":23412,"PMBCParcelGUID":"{A2B914EB-C28A-4E01-A4E1-A559B5E12F10}","PMBC_PID":3275507,"PMBC_PIN":3275507,"PMBC_ParcelClass":"SUBDIVISION","PMBC_OwnerType":"PRIVATE","PMBC_LegalDescription":"LOT A DISTRICT LOT 2312 SIMILKAMEEN DIVISION YALE DISTRICT PLAN 32904 EXCEPT PLANS 41472 AND KAP44780","Folio":"71329210010","FullAddress":"1L KM21 CHRISTIAN VALLEY RD ","apt_no":"1L","street_no":"KM21","street_direction_prefix":null,"street_name":"CHRISTIAN VALLEY RD","street_direction_suffix":null,"postal_code":null,"city":null,"province":"BC","AddressID":"A00000JB24","TempKey":"A2B914EB-C28A-4E01-A4E1-A559B5E12F10A00000JB24","GlobalID":"{1013DC17-742B-4067-BC2A-4D2B71AB80D9}","Shape__Area":0.000018400347131827504,"Shape__Length":0.03230269454831334}},{"type":"Feature","geometry":{"type":"Polygon","coordinates":[[[-117.587462,49.082135],[-117.587609,49.082004],[-117.588011,49.0822],[-117.587811,49.082377],[-117.587462,49.082135]]]},"properties":{"OBJECTID":23413,"PMBCParcelGUID":"{AC2143E7-1DAC-4173-961B-A55D62C1967D}","PMBC_PID":12591033,"PMBC_PIN":12591033,"PMBC_ParcelClass":"SUBDIVISION","PMBC_OwnerType":"PRIVATE","PMBC_LegalDescription":"LOT 3 TOWNSHIP 7A KOOTENAY DISTRICT PLAN 12249","Folio":"54800368000","FullAddress":"914 7TH ST , MONTROSE","apt_no":null,"street_no":"914","street_direction_prefix":null,"street_name":"7TH ST","street_direction_suffix":null,"postal_code":null,"city":"MONTROSE","province":"BC","AddressID":"A000018ZEW","TempKey":"AC2143E7-1DAC-4173-961B-A55D62C1967DA000018ZEW","GlobalID":"{986DDCD9-E4AA-4E30-9153-919FF6E40EBE}","Shape__Area":9.571862163750002e-8,"Shape__Length":0.0013357684301463343}},{"type":"Feature","geometry":{"type":"Polygon","coordinates":[[[-118.464285,49.035301],[-118.464285,49.035338],[-118.464285,49.035472],[-118.463785,49.035471],[-118.463785,49.035286],[-118.464285,49.035286],[-118.464285,49.035301]]]},"properties":{"OBJECTID":23414,"PMBCParcelGUID":"{4308D556-5C01-483D-B140-A55F5190F119}","PMBC_PID":4754654,"PMBC_PIN":4754654,"PMBC_ParcelClass":"SUBDIVISION","PMBC_OwnerType":"PRIVATE","PMBC_LegalDescription":"LOT 6 DISTRICT LOT 520 SIMILKAMEEN DIVISION YALE DISTRICT PLAN 27811","Folio":"21001087030","FullAddress":"7985 18TH ST , GRAND FORKS","apt_no":null,"street_no":"7985","street_direction_prefix":null,"street_name":"18TH ST","street_direction_suffix":null,"postal_code":"V0H 1H2","city":"GRAND FORKS","province":"BC","AddressID":"A00000H8C4","TempKey":"4308D556-5C01-483D-B140-A55F5190F119A00000H8C4","GlobalID":"{83D7D03C-5CCB-4EDC-BD9F-94932B2C8101}","Shape__Area":9.313859427150002e-8,"Shape__Length":0.0013725956557845973}},{"type":"Feature","geometry":{"type":"Polygon","coordinates":[[[-118.542301,49.152891],[-118.542513,49.152616],[-118.542599,49.152645],[-118.542411,49.152928],[-118.542301,49.152891],[-118.542301,49.152891]]]},"properties":{"OBJECTID":23415,"PMBCParcelGUID":"{87BCDE56-2670-457C-9774-A55FF80F8732}","PMBC_PID":12729795,"PMBC_PIN":12729795,"PMBC_ParcelClass":"SUBDIVISION","PMBC_OwnerType":"CROWN PROVINCIAL","PMBC_LegalDescription":"LOT 12 BLOCK 16 DISTRICT LOT 1223 OSOYOOS DIVISION YALE DISTRICT PLAN 71","Folio":"71204651326","FullAddress":"HIGHWAY 3 ","apt_no":null,"street_no":null,"street_direction_prefix":null,"street_name":"HIGHWAY 3","street_direction_suffix":null,"postal_code":null,"city":null,"province":"BC","AddressID":"A00000J5CX","TempKey":"87BCDE56-2670-457C-9774-A55FF80F8732A00000J5CX","GlobalID":"{2A5C7534-DB66-4B81-B32B-D1D3F5928AD0}","Shape__Area":3.404177549850001e-8,"Shape__Length":0.0008949128810806777}},{"type":"Feature","geometry":{"type":"Polygon","coordinates":[[[-118.211638,49.058594],[-118.211552,49.058898],[-118.210681,49.058887],[-118.210646,49.058587],[-118.211638,49.058594]]]},"properties":{"OBJECTID":23416,"PMBCParcelGUID":"{CCCB4146-C771-48D1-A6CA-A56680482F9E}","PMBC_PID":5977819,"PMBC_PIN":5977819,"PMBC_ParcelClass":"SUBDIVISION","PMBC_OwnerType":"PRIVATE","PMBC_LegalDescription":"LOT 1 DISTRICT LOT 750 SIMILKAMEEN DIVISION YALE DISTRICT PLAN 24325","Folio":"71204031015","FullAddress":"2000 FIFE RD , CHRISTINA LAKE","apt_no":null,"street_no":"2000","street_direction_prefix":null,"street_name":"FIFE RD","street_direction_suffix":null,"postal_code":"V0H 1E3","city":"CHRISTINA LAKE","province":"BC","AddressID":"A00000J4PJ","TempKey":"CCCB4146-C771-48D1-A6CA-A56680482F9EA00000J4PJ","GlobalID":"{093ACC04-CFD4-4A63-9932-B1250D475BE7}","Shape__Area":2.8154921484900006e-7,"Shape__Length":0.0024811335691509668}},{"type":"Feature","geometry":{"type":"Polygon","coordinates":[[[-117.590401,49.081017],[-117.590626,49.080983],[-117.590958,49.080959],[-117.59148,49.080958],[-117.591133,49.08112],[-117.593968,49.083761],[-117.593969,49.08419],[-117.59397,49.084329],[-117.590401,49.081017]]]},"properties":{"OBJECTID":23417,"PMBCParcelGUID":"{65D20C25-C1B3-43D9-9464-A568A1E41A18}","PMBC_PID":25114158,"PMBC_PIN":25114158,"PMBC_ParcelClass":"SUBDIVISION","PMBC_OwnerType":"PRIVATE","PMBC_LegalDescription":"LOT A TOWNSHIP 7A KOOTENAY DISTRICT PLAN NEP69554","Folio":"54800340100","FullAddress":"820 12TH AVE , MONTROSE","apt_no":null,"street_no":"820","street_direction_prefix":null,"street_name":"12TH AVE","street_direction_suffix":null,"postal_code":null,"city":"MONTROSE","province":"BC","AddressID":"A000018ZCU","TempKey":"65D20C25-C1B3-43D9-9464-A568A1E41A18A000018ZCU","GlobalID":"{1755C780-DF39-43F8-8F09-B68D49315148}","Shape__Area":0.0000019275492142165005,"Shape__Length":0.01077663304146373}},{"type":"Feature","geometry":{"type":"Polygon","coordinates":[[[-119.090946,49.43599],[-119.090981,49.435926],[-119.091377,49.436018],[-119.091342,49.436082],[-119.090946,49.43599]]]},"properties":{"OBJECTID":23418,"PMBCParcelGUID":"{A1ACFFF6-FC8C-4933-A71D-A569D56F0298}","PMBC_PID":12651567,"PMBC_PIN":12651567,"PMBC_ParcelClass":"SUBDIVISION","PMBC_OwnerType":"CROWN PROVINCIAL","PMBC_LegalDescription":"LOT 102 BLOCK 1 DISTRICT LOT 1545 SIMILKAMEEN DIVISION YALE DISTRICT PLAN 94","Folio":"71300045334","FullAddress":"","apt_no":null,"street_no":null,"street_direction_prefix":null,"street_name":null,"street_direction_suffix":null,"postal_code":null,"city":null,"province":"BC","AddressID":"D00000EV5L","TempKey":"A1ACFFF6-FC8C-4933-A71D-A569D56F0298D00000EV5L","GlobalID":"{854DEE24-B814-4506-82EB-C00564315CCD}","Shape__Area":2.8831588798000007e-8,"Shape__Length":0.000960312538888247}},{"type":"Feature","geometry":{"type":"Polygon","coordinates":[[[-117.720718,49.110103],[-117.720814,49.110135],[-117.720909,49.110168],[-117.720642,49.11048],[-117.720563,49.110452],[-117.720482,49.110426],[-117.720718,49.110103]]]},"properties":{"OBJECTID":23419,"PMBCParcelGUID":"{040972F2-41A0-41B0-AC30-A56B373701F4}","PMBC_PID":15690172,"PMBC_PIN":15690172,"PMBC_ParcelClass":"SUBDIVISION","PMBC_OwnerType":"PRIVATE","PMBC_LegalDescription":"LOT 87 DISTRICT LOT 367 KOOTENAY DISTRICT PLAN 1644","Folio":"23204045000","FullAddress":"208 KOOTENAY AVE , TRAIL","apt_no":null,"street_no":"208","street_direction_prefix":null,"street_name":"KOOTENAY AVE","street_direction_suffix":null,"postal_code":"V1R 1H5","city":"TRAIL","province":"BC","AddressID":"A000018UAM","TempKey":"040972F2-41A0-41B0-AC30-A56B373701F4A000018UAM","GlobalID":"{3C77F900-72EC-461A-9007-2D0E7D881B5C}","Shape__Area":7.079874072650002e-8,"Shape__Length":0.0011809908179011733}},{"type":"Feature","geometry":{"type":"Polygon","coordinates":[[[-117.684063,49.218706],[-117.684023,49.218496],[-117.684661,49.218533],[-117.684716,49.218802],[-117.684157,49.218767],[-117.684063,49.218706]]]},"properties":{"OBJECTID":23420,"PMBCParcelGUID":"{0C5FECE9-DE2D-49B8-B56D-A56D3D64F4C7}","PMBC_PID":17918138,"PMBC_PIN":17918138,"PMBC_ParcelClass":"SUBDIVISION","PMBC_OwnerType":"PRIVATE","PMBC_LegalDescription":"LOT C DISTRICT LOT 4598 KOOTENAY DISTRICT PLAN NEP20015","Folio":"71107312117","FullAddress":"829 SMITH CRES , GENELLE","apt_no":null,"street_no":"829","street_direction_prefix":null,"street_name":"SMITH CRES","street_direction_suffix":null,"postal_code":null,"city":"GENELLE","province":"BC","AddressID":"A000019N0B","TempKey":"0C5FECE9-DE2D-49B8-B56D-A56D3D64F4C7A000019N0B","GlobalID":"{38E7FB07-551C-409B-B0C2-A019657E83A7}","Shape__Area":1.6678517422600005e-7,"Shape__Length":0.0017985281155538987}},{"type":"Feature","geometry":{"type":"Polygon","coordinates":[[[-118.448482,49.032201],[-118.448965,49.032072],[-118.449031,49.03218],[-118.449097,49.032286],[-118.448616,49.032414],[-118.448615,49.032414],[-118.448614,49.032414],[-118.448482,49.032201]]]},"properties":{"OBJECTID":23421,"PMBCParcelGUID":"{0C678498-DFF6-452E-BEEF-A572C2C3575C}","PMBC_PID":10193821,"PMBC_PIN":10193821,"PMBC_ParcelClass":"SUBDIVISION","PMBC_OwnerType":"PRIVATE","PMBC_LegalDescription":"LOT 2 DISTRICT LOT 381 SIMILKAMEEN DIVISION YALE DISTRICT PLAN 6198","Folio":"21000372000","FullAddress":"7503 10TH ST , GRAND FORKS","apt_no":null,"street_no":"7503","street_direction_prefix":null,"street_name":"10TH ST","street_direction_suffix":null,"postal_code":null,"city":"GRAND FORKS","province":"BC","AddressID":"A00000H73Y","TempKey":"0C678498-DFF6-452E-BEEF-A572C2C3575CA00000H73Y","GlobalID":"{B8292B3F-E8F0-42B3-A39F-B3DC2A2FF9F9}","Shape__Area":1.1999077864500002e-7,"Shape__Length":0.0015012080186872546}},{"type":"Feature","geometry":{"type":"Polygon","coordinates":[[[-118.675411,49.096451],[-118.675403,49.096451],[-118.675136,49.096451],[-118.674958,49.096451],[-118.674958,49.096311],[-118.67519,49.09631],[-118.675417,49.096309],[-118.675413,49.096417],[-118.675411,49.096451]]]},"properties":{"OBJECTID":23422,"PMBCParcelGUID":"{F010FB63-DA10-48F3-AB64-A5762D425503}","PMBC_PID":12883191,"PMBC_PIN":12883191,"PMBC_ParcelClass":"SUBDIVISION","PMBC_OwnerType":"PRIVATE","PMBC_LegalDescription":"LOT 6 BLOCK 27 DISTRICT LOT 711 SIMILKAMEEN DIVISION YALE DISTRICT PLAN 34","Folio":"21100232000","FullAddress":"302 N KIMBERLEY AVE , GREENWOOD","apt_no":null,"street_no":"302","street_direction_prefix":"N","street_name":"KIMBERLEY AVE","street_direction_suffix":null,"postal_code":"V0H 1J0","city":"GREENWOOD","province":"BC","AddressID":"A00000H9NW","TempKey":"F010FB63-DA10-48F3-AB64-A5762D425503A00000H9NW","GlobalID":"{79790F9F-7FDF-46DE-ADFE-8961FC00F77D}","Shape__Area":6.445413123950002e-8,"Shape__Length":0.001195272315832476}},{"type":"Feature","geometry":{"type":"Polygon","coordinates":[[[-117.812892,49.074015],[-117.812907,49.073741],[-117.813026,49.073741],[-117.813026,49.074015],[-117.812892,49.074015]]]},"properties":{"OBJECTID":23423,"PMBCParcelGUID":"{F6F5FB07-6439-4576-AF22-A578CC1AA25C}","PMBC_PID":8420769,"PMBC_PIN":8420769,"PMBC_ParcelClass":"SUBDIVISION","PMBC_OwnerType":"PRIVATE","PMBC_LegalDescription":"LOT 11 BLOCK 8 SECTION 34 TOWNSHIP 9A KOOTENAY DISTRICT PLAN 707","Folio":"22901290013","FullAddress":"VICTORIA AVE , ROSSLAND","apt_no":null,"street_no":null,"street_direction_prefix":null,"street_name":"VICTORIA AVE","street_direction_suffix":null,"postal_code":null,"city":"ROSSLAND","province":"BC","AddressID":"A000018Q7Q","TempKey":"F6F5FB07-6439-4576-AF22-A578CC1AA25CA000018Q7Q","GlobalID":"{7C4117F8-6060-44AD-9356-AB8FD585078C}","Shape__Area":3.471009925500001e-8,"Shape__Length":0.0008019032123791146}},{"type":"Feature","geometry":{"type":"Polygon","coordinates":[[[-118.49685,49.011066],[-118.497826,49.011063],[-118.497813,49.012907],[-118.496835,49.012901],[-118.49685,49.011066]]]},"properties":{"OBJECTID":23424,"PMBCParcelGUID":"{2A38263C-28EE-44DA-90B6-A57A29A72BD7}","PMBC_PID":6278205,"PMBC_PIN":6278205,"PMBC_ParcelClass":"SUBDIVISION","PMBC_OwnerType":"PRIVATE","PMBC_LegalDescription":"LOT 1 DISTRICT LOT 363 SIMILKAMEEN DIVISION YALE DISTRICT PLAN 10913","Folio":"71202661000","FullAddress":"3865 MOORE RD , GRAND FORKS","apt_no":null,"street_no":"3865","street_direction_prefix":null,"street_name":"MOORE RD","street_direction_suffix":null,"postal_code":"V0H 1H4","city":"GRAND FORKS","province":"BC","AddressID":"A00000J3HF","TempKey":"2A38263C-28EE-44DA-90B6-A57A29A72BD7A00000J3HF","GlobalID":"{C9B0F4C2-B9CE-43F9-98A5-213EA1964A16}","Shape__Area":0.0000017976410856340004,"Shape__Length":0.005634025510871099}},{"type":"Feature","geometry":{"type":"Polygon","coordinates":[[[-118.49685,49.011066],[-118.497826,49.011063],[-118.497813,49.012907],[-118.496835,49.012901],[-118.49685,49.011066]]]},"properties":{"OBJECTID":23425,"PMBCParcelGUID":"{2A38263C-28EE-44DA-90B6-A57A29A72BD7}","PMBC_PID":6278205,"PMBC_PIN":6278205,"PMBC_ParcelClass":"SUBDIVISION","PMBC_OwnerType":"PRIVATE","PMBC_LegalDescription":"LOT 1 DISTRICT LOT 363 SIMILKAMEEN DIVISION YALE DISTRICT PLAN 10913","Folio":"71202661000","FullAddress":"3885 MOORE RD , GRAND FORKS","apt_no":null,"street_no":"3885","street_direction_prefix":null,"street_name":"MOORE RD","street_direction_suffix":null,"postal_code":"V0H 1H4","city":"GRAND FORKS","province":"BC","AddressID":"A00000J3HG","TempKey":"2A38263C-28EE-44DA-90B6-A57A29A72BD7A00000J3HG","GlobalID":"{BD6BE4EA-5536-429B-BFAC-8C5A96AA5617}","Shape__Area":0.0000017976410856340004,"Shape__Length":0.005634025510871099}},{"type":"Feature","geometry":{"type":"MultiPolygon","coordinates":[[[[-119.009353,49.245929],[-119.00923,49.245972],[-119.009153,49.246001],[-119.008644,49.246227],[-119.008403,49.246467],[-119.008375,49.246528],[-119.008318,49.24665],[-119.008241,49.24678],[-119.008112,49.246964],[-119.007942,49.247342],[-119.007797,49.247673],[-119.007705,49.247943],[-119.007524,49.248444],[-119.007511,49.248601],[-119.004971,49.248632],[-119.004991,49.248206],[-119.005528,49.247265],[-119.005637,49.247066],[-119.005738,49.246866],[-119.00583,49.246664],[-119.005915,49.24646],[-119.005991,49.246255],[-119.006059,49.246049],[-119.006798,49.243653],[-119.006842,49.243527],[-119.006896,49.243402],[-119.00696,49.24328],[-119.007034,49.243159],[-119.007117,49.243042],[-119.007209,49.242928],[-119.007311,49.242816],[-119.008535,49.241807],[-119.00863,49.241704],[-119.008719,49.241598],[-119.008801,49.24149],[-119.008876,49.24138],[-119.009088,49.241363],[-119.009101,49.241417],[-119.009116,49.241485],[-119.009136,49.241694],[-119.009241,49.241885],[-119.009378,49.242164],[-119.009618,49.242299],[-119.009767,49.242435],[-119.009941,49.242593],[-119.01008,49.242805],[-119.010149,49.243039],[-119.010192,49.243179],[-119.010387,49.243267],[-119.010482,49.243447],[-119.010687,49.243648],[-119.010853,49.243847],[-119.011026,49.244069],[-119.011114,49.244125],[-119.01126,49.244212],[-119.011381,49.244392],[-119.011562,49.244545],[-119.011692,49.244782],[-119.011749,49.244992],[-119.011722,49.245239],[-119.011618,49.24538],[-119.011375,49.24557],[-119.011263,49.245606],[-119.011176,49.245633],[-119.010948,49.245659],[-119.010725,49.245666],[-119.010366,49.245681],[-119.010057,49.24572],[-119.009679,49.24581],[-119.009353,49.245929]]],[[[-119.00995,49.248261],[-119.009787,49.248534],[-119.009754,49.248603],[-119.008207,49.248603],[-119.008216,49.248584],[-119.008246,49.248515],[-119.008333,49.248371],[-119.008385,49.248188],[-119.008404,49.247974],[-119.008442,49.24784],[-119.008468,49.247676],[-119.008569,49.247493],[-119.008632,49.247295],[-119.008684,49.247069],[-119.008779,49.246868],[-119.008974,49.246711],[-119.009165,49.246578],[-119.00926,49.24652],[-119.009479,49.246406],[-119.009718,49.246384],[-119.010172,49.2464],[-119.010603,49.246418],[-119.010969,49.246433],[-119.011154,49.246415],[-119.011366,49.246352],[-119.011297,49.24643],[-119.011166,49.246585],[-119.010973,49.246818],[-119.010786,49.247054],[-119.010606,49.247291],[-119.010433,49.247531],[-119.010265,49.247773],[-119.010104,49.248016],[-119.00995,49.248261]]],[[[-119.012626,49.244667],[-119.012575,49.244755],[-119.012544,49.244682],[-119.012462,49.244548],[-119.012293,49.24429],[-119.012102,49.244155],[-119.012033,49.244049],[-119.011831,49.243892],[-119.011623,49.243763],[-119.011288,49.243565],[-119.011047,49.243392],[-119.010948,49.24324],[-119.010759,49.243011],[-119.010666,49.242724],[-119.010641,49.242527],[-119.010556,49.242447],[-119.01048,49.24232],[-119.010368,49.242111],[-119.010273,49.241935],[-119.010144,49.241702],[-119.010023,49.241524],[-119.009853,49.241364],[-119.01377,49.241376],[-119.012789,49.244362],[-119.01271,49.244515],[-119.012626,49.244667]]],[[[-119.012363,49.245777],[-119.012491,49.245606],[-119.012613,49.245437],[-119.012733,49.245263],[-119.012846,49.24509],[-119.012955,49.244915],[-119.01306,49.244739],[-119.013206,49.244475],[-119.014221,49.241378],[-119.015172,49.241383],[-119.015109,49.248608],[-119.010787,49.248604],[-119.01088,49.248425],[-119.010956,49.248291],[-119.011034,49.248158],[-119.011117,49.248027],[-119.011203,49.247894],[-119.011293,49.247764],[-119.011386,49.247635],[-119.011482,49.247506],[-119.011654,49.247291],[-119.011232,49.247127],[-119.012231,49.245945],[-119.012363,49.245777]]]]},"properties":{"OBJECTID":23426,"PMBCParcelGUID":"{1878DEB3-557C-45C9-AB06-A57AD57E2960}","PMBC_PID":1915967,"PMBC_PIN":1915967,"PMBC_ParcelClass":"SUBDIVISION","PMBC_OwnerType":"PRIVATE","PMBC_LegalDescription":"DISTRICT LOT 1268S SIMILKAMEEN DIVISION YALE DISTRICT EXCEPT (1) PARCEL E ON PLAN A165 AND (2) PLANS 35667 AND H8870","Folio":"71304708000","FullAddress":"3720 BLYTHE-RHONE RD , WESTBRIDGE","apt_no":null,"street_no":"3720","street_direction_prefix":null,"street_name":"BLYTHE-RHONE RD","street_direction_suffix":null,"postal_code":"V0H 1Y0","city":"WESTBRIDGE","province":"BC","AddressID":"D00000G1WV","TempKey":"1878DEB3-557C-45C9-AB06-A57AD57E2960D00000G1WV","GlobalID":"{C171E078-A367-458B-AEA7-B8D513594F98}","Shape__Area":0.000051443179960021015,"Shape__Length":0.064144596984947}},{"type":"Feature","geometry":{"type":"Polygon","coordinates":[[[-118.453332,49.024522],[-118.453783,49.024351],[-118.453845,49.024422],[-118.453394,49.024594],[-118.453332,49.024522]]]},"properties":{"OBJECTID":23427,"PMBCParcelGUID":"{DB6F2099-2279-4DE6-A306-A57CC5D153BE}","PMBC_PID":12806226,"PMBC_PIN":12806226,"PMBC_ParcelClass":"SUBDIVISION","PMBC_OwnerType":"PRIVATE","PMBC_LegalDescription":"LOT 16 BLOCK 4 DISTRICT LOT 380 SIMILKAMEEN DIVISION YALE DISTRICT PLAN 35","Folio":"21000683000","FullAddress":"6649 VAN-NESS WAY , GRAND FORKS","apt_no":null,"street_no":"6649","street_direction_prefix":null,"street_name":"VAN-NESS WAY","street_direction_suffix":null,"postal_code":null,"city":"GRAND FORKS","province":"BC","AddressID":"A00000H7QK","TempKey":"DB6F2099-2279-4DE6-A306-A57CC5D153BEA00000H7QK","GlobalID":"{E76F6F51-F0C6-4F66-946F-3E6C3F9773DE}","Shape__Area":4.299030170850001e-8,"Shape__Length":0.0011551691044486027}},{"type":"Feature","geometry":{"type":"Polygon","coordinates":[[[-117.71719,49.116042],[-117.717114,49.116063],[-117.716956,49.115815],[-117.717032,49.115794],[-117.71719,49.116042]]]},"properties":{"OBJECTID":23428,"PMBCParcelGUID":"{3E411FF3-F401-4D36-B42F-A57FC02F9B8E}","PMBC_PID":15592561,"PMBC_PIN":15592561,"PMBC_ParcelClass":"SUBDIVISION","PMBC_OwnerType":"PRIVATE","PMBC_LegalDescription":"THAT PART OF LOT 4 BLOCK 6 DISTRICT LOT 367 KOOTENAY DISTRICT PLAN 2011 LYING EAST OF A LINE BISECTING THE NORTHWESTERLY AND SOUTHEASTERLY BOUNDARIES THEREOF","Folio":"23202903100","FullAddress":"425 OLIVIA CRES , TRAIL","apt_no":null,"street_no":"425","street_direction_prefix":null,"street_name":"OLIVIA CRES","street_direction_suffix":null,"postal_code":"V1R 1A6","city":"TRAIL","province":"BC","AddressID":"A000018T3L","TempKey":"3E411FF3-F401-4D36-B42F-A57FC02F9B8EA000018T3L","GlobalID":"{01B7341A-FD30-4355-8A7D-F489268BFF98}","Shape__Area":2.2205069123500006e-8,"Shape__Length":0.0007454507789993272}},{"type":"Feature","geometry":{"type":"Polygon","coordinates":[[[-118.683992,49.07643],[-118.683992,49.07634],[-118.68437,49.076336],[-118.684372,49.076427],[-118.683992,49.07643]]]},"properties":{"OBJECTID":23429,"PMBCParcelGUID":"{59BEFF2A-90EF-4D04-9528-A58468E5A706}","PMBC_PID":12782939,"PMBC_PIN":12782939,"PMBC_ParcelClass":"SUBDIVISION","PMBC_OwnerType":"PRIVATE","PMBC_LegalDescription":"LOT 10 BLOCK 1 SECTION 32 TOWNSHIP 70 SIMILKAMEEN DIVISION YALE DISTRICT PLAN 24","Folio":"71300001100","FullAddress":"BUTTE AVE ","apt_no":null,"street_no":null,"street_direction_prefix":null,"street_name":"BUTTE AVE","street_direction_suffix":null,"postal_code":null,"city":null,"province":"BC","AddressID":"A00000J6F0","TempKey":"59BEFF2A-90EF-4D04-9528-A58468E5A706A00000J6F0","GlobalID":"{04AC4AD0-70E5-43F6-B4C1-D00847203263}","Shape__Area":3.4266832496000006e-8,"Shape__Length":0.000938515759129098}},{"type":"Feature","geometry":{"type":"Polygon","coordinates":[[[-118.676466,49.101645],[-118.676463,49.101439],[-118.676901,49.101433],[-118.676903,49.10164],[-118.676466,49.101645]]]},"properties":{"OBJECTID":23430,"PMBCParcelGUID":"{2CD042D9-B42D-456D-AB25-A58690F92B9D}","PMBC_PID":26992027,"PMBC_PIN":26992027,"PMBC_ParcelClass":"SUBDIVISION","PMBC_OwnerType":"PRIVATE","PMBC_LegalDescription":"LOT 6 DISTRICT LOT 711 SIMILKAMEEN DIVISION YALE DISTRICT PLAN KAP83222","Folio":"21100300060","FullAddress":"570 NICKEL LANE , GREENWOOD","apt_no":null,"street_no":"570","street_direction_prefix":null,"street_name":"NICKEL LANE","street_direction_suffix":null,"postal_code":"V0H 1J0","city":"GREENWOOD","province":"BC","AddressID":"D000002PUZ","TempKey":"2CD042D9-B42D-456D-AB25-A58690F92B9DD000002PUZ","GlobalID":"{46DE3B44-D34C-4F56-9890-F01FBCF5015B}","Shape__Area":9.023370784800003e-8,"Shape__Length":0.0012880646322595928}},{"type":"Feature","geometry":{"type":"Polygon","coordinates":[[[-118.934858,49.207094],[-118.934722,49.207045],[-118.935332,49.20632],[-118.935426,49.206189],[-118.93603,49.206281],[-118.936196,49.206882],[-118.935901,49.207416],[-118.934566,49.20744],[-118.934858,49.207094]]]},"properties":{"OBJECTID":23431,"PMBCParcelGUID":"{151F26D9-1CEF-454C-B56A-A5899F26DF4F}","PMBC_PID":30074746,"PMBC_PIN":30074746,"PMBC_ParcelClass":"SUBDIVISION","PMBC_OwnerType":"PRIVATE","PMBC_LegalDescription":"LOT 1 DISTRICT LOT 1411S SIMILKAMEEN DIVISION YALE DISTRICT PLAN EPP64887","Folio":"71304754000","FullAddress":"3295 FIVA CREEK RD ","apt_no":null,"street_no":"3295","street_direction_prefix":null,"street_name":"FIVA CREEK RD","street_direction_suffix":null,"postal_code":null,"city":null,"province":"BC","AddressID":"D00000EK90","TempKey":"151F26D9-1CEF-454C-B56A-A5899F26DF4FD00000EK90","GlobalID":"{5D842056-71BE-47BA-871B-730ECE93749F}","Shape__Area":0.0000013416636408720003,"Shape__Length":0.004884086296664948}},{"type":"Feature","geometry":{"type":"Polygon","coordinates":[[[-118.576688,49.067937],[-118.57809,49.068139],[-118.579149,49.068291],[-118.580359,49.068466],[-118.582938,49.068837],[-118.582937,49.068858],[-118.582829,49.070589],[-118.583562,49.07061],[-118.581975,49.071239],[-118.579137,49.068891],[-118.577488,49.069752],[-118.576688,49.067937]]]},"properties":{"OBJECTID":23432,"PMBCParcelGUID":"{DCA27D1C-8853-48AA-9E11-A589A517FB76}","PMBC_PID":15071278,"PMBC_PIN":15071278,"PMBC_ParcelClass":"SUBDIVISION","PMBC_OwnerType":"CROWN PROVINCIAL","PMBC_LegalDescription":"THE SURFACE OF DISTRICT LOT 1316 SIMILKAMEEN DIVISION YALE DISTRICT KNOWN AS THE \"WAR CLOUD FRACTION\" MINERAL CLAIM","Folio":"71204732300","FullAddress":"","apt_no":null,"street_no":null,"street_direction_prefix":null,"street_name":null,"street_direction_suffix":null,"postal_code":null,"city":null,"province":"BC","AddressID":"D00000G244","TempKey":"DCA27D1C-8853-48AA-9E11-A589A517FB76D00000G244","GlobalID":"{77D8E823-2077-4C0E-BEC2-6FD4D5396A99}","Shape__Area":0.000009216831673966003,"Shape__Length":0.018036945920452782}},{"type":"Feature","geometry":{"type":"Polygon","coordinates":[[[-118.35428,49.554583],[-118.354312,49.554504],[-118.35472,49.554574],[-118.354687,49.554654],[-118.35428,49.554583]]]},"properties":{"OBJECTID":23433,"PMBCParcelGUID":"{73958B4B-C86C-4B68-AD9C-A58D80B13087}","PMBC_PID":12529851,"PMBC_PIN":12529851,"PMBC_ParcelClass":"SUBDIVISION","PMBC_OwnerType":"CROWN PROVINCIAL","PMBC_LegalDescription":"LOT 17 BLOCK 8 DISTRICT LOT 3672 SIMILKAMEEN DIVISION YALE DISTRICT PLAN 323","Folio":"71207205222","FullAddress":"","apt_no":null,"street_no":null,"street_direction_prefix":null,"street_name":null,"street_direction_suffix":null,"postal_code":null,"city":null,"province":"BC","AddressID":"D00000F566","TempKey":"73958B4B-C86C-4B68-AD9C-A58D80B13087D00000F566","GlobalID":"{F4FD9241-A19F-4428-83A5-C36C2EDFA351}","Shape__Area":3.465308514400001e-8,"Shape__Length":0.000998335936034427}},{"type":"Feature","geometry":{"type":"Polygon","coordinates":[[[-117.804992,49.076753],[-117.804867,49.076747],[-117.804898,49.076473],[-117.805022,49.076479],[-117.804992,49.076753]]]},"properties":{"OBJECTID":23434,"PMBCParcelGUID":"{0A2919B3-C724-4263-A854-A590C534E03E}","PMBC_PID":8942251,"PMBC_PIN":8942251,"PMBC_ParcelClass":"SUBDIVISION","PMBC_OwnerType":"PRIVATE","PMBC_LegalDescription":"LOT 5 BLOCK 11 DISTRICT LOT 535 KOOTENAY DISTRICT PLAN 579","Folio":"22900096000","FullAddress":"1736 LEROI AVE , ROSSLAND","apt_no":null,"street_no":"1736","street_direction_prefix":null,"street_name":"LEROI AVE","street_direction_suffix":null,"postal_code":"V0G 1Y0","city":"ROSSLAND","province":"BC","AddressID":"A000018NWQ","TempKey":"0A2919B3-C724-4263-A854-A590C534E03EA000018NWQ","GlobalID":"{89D6B4EB-2FE0-42F3-8B16-7E6F9910CCC6}","Shape__Area":3.425997335550001e-8,"Shape__Length":0.000799439951403323}},{"type":"Feature","geometry":{"type":"Polygon","coordinates":[[[-117.809056,49.099497],[-117.809095,49.099439],[-117.809379,49.099608],[-117.809483,49.09967],[-117.809524,49.099694],[-117.809506,49.099709],[-117.809491,49.099725],[-117.80948,49.099742],[-117.809473,49.099761],[-117.80947,49.099784],[-117.809416,49.099772],[-117.808998,49.099682],[-117.808992,49.099657],[-117.80898,49.099612],[-117.809056,49.099497]]]},"properties":{"OBJECTID":23435,"PMBCParcelGUID":"{A3BB5CEC-9716-4497-AB5B-A59200F88D8B}","PMBC_PID":32444893,"PMBC_PIN":32444893,"PMBC_ParcelClass":"SUBDIVISION","PMBC_OwnerType":"PRIVATE","PMBC_LegalDescription":"LOT 10 TOWNSHIP 28 KOOTENAY DISTRICT PLAN EPP141007","Folio":"22903010130","FullAddress":"414 CENTENNIAL PL , ROSSLAND","apt_no":null,"street_no":"414","street_direction_prefix":null,"street_name":"CENTENNIAL PL","street_direction_suffix":null,"postal_code":null,"city":"ROSSLAND","province":"BC","AddressID":"J00003BY3X","TempKey":"A3BB5CEC-9716-4497-AB5B-A59200F88D8BJ00003BY3X","GlobalID":"{54A57EE7-BB6B-421A-8118-983167338061}","Shape__Area":9.318354314050002e-8,"Shape__Length":0.001370120375300358}},{"type":"Feature","geometry":{"type":"Polygon","coordinates":[[[-118.532932,49.116963],[-118.532806,49.116965],[-118.532807,49.116638],[-118.532932,49.116634],[-118.532932,49.116963]]]},"properties":{"OBJECTID":23436,"PMBCParcelGUID":"{CE21D4DF-B227-43E5-8316-A592A5C96BEB}","PMBC_PID":14133911,"PMBC_PIN":14133911,"PMBC_ParcelClass":"SUBDIVISION","PMBC_OwnerType":"CROWN PROVINCIAL","PMBC_LegalDescription":"LOT 22 BLOCK 67 DISTRICT LOT 2005 SIMILKAMEEN DIVISION YALE DISTRICT PLAN 79","Folio":"71204851900","FullAddress":"","apt_no":null,"street_no":null,"street_direction_prefix":null,"street_name":null,"street_direction_suffix":null,"postal_code":null,"city":null,"province":"BC","AddressID":"D00000GMGZ","TempKey":"CE21D4DF-B227-43E5-8316-A592A5C96BEBD00000GMGZ","GlobalID":"{42348DFD-0CBB-4061-BB2F-39F2127710BE}","Shape__Area":4.108194314900001e-8,"Shape__Length":0.0009069983815507662}},{"type":"Feature","geometry":{"type":"Polygon","coordinates":[[[-117.70338,49.09896],[-117.703452,49.099037],[-117.703095,49.09918],[-117.703023,49.099103],[-117.70338,49.09896]]]},"properties":{"OBJECTID":23437,"PMBCParcelGUID":"{0F6796AD-79B7-4B50-80B1-A593DA12618B}","PMBC_PID":15836240,"PMBC_PIN":15836240,"PMBC_ParcelClass":"SUBDIVISION","PMBC_OwnerType":"PRIVATE","PMBC_LegalDescription":"LOT 20 BLOCK 9 DISTRICT LOT 2919 KOOTENAY DISTRICT PLAN 1262","Folio":"23201865000","FullAddress":"1446 SECOND AVE , TRAIL","apt_no":null,"street_no":"1446","street_direction_prefix":null,"street_name":"SECOND AVE","street_direction_suffix":null,"postal_code":"V1R 1M2","city":"TRAIL","province":"BC","AddressID":"A000018SDY","TempKey":"0F6796AD-79B7-4B50-80B1-A593DA12618BA000018SDY","GlobalID":"{FCFDD8E3-E125-4E95-82D3-A6081F9B13FF}","Shape__Area":3.777602577000001e-8,"Shape__Length":0.0009790657921859556}},{"type":"Feature","geometry":{"type":"Polygon","coordinates":[[[-118.540684,49.121196],[-118.540559,49.121198],[-118.54056,49.120869],[-118.540685,49.120868],[-118.540684,49.121196]]]},"properties":{"OBJECTID":23438,"PMBCParcelGUID":"{9AF75E60-672D-4AD7-BB6A-A59953EFF0B1}","PMBC_PID":12741736,"PMBC_PIN":12741736,"PMBC_ParcelClass":"SUBDIVISION","PMBC_OwnerType":"CROWN PROVINCIAL","PMBC_LegalDescription":"LOT 15 BLOCK 36 DISTRICT LOT 2005 SIMILKAMEEN DIVISION YALE DISTRICT PLAN 79","Folio":"71204850514","FullAddress":"","apt_no":null,"street_no":null,"street_direction_prefix":null,"street_name":null,"street_direction_suffix":null,"postal_code":null,"city":null,"province":"BC","AddressID":"D00000F0NY","TempKey":"9AF75E60-672D-4AD7-BB6A-A59953EFF0B1D00000F0NY","GlobalID":"{18D2408F-5451-4891-B636-6EB0B594EDB1}","Shape__Area":4.110132384850001e-8,"Shape__Length":0.0009072509464914684}},{"type":"Feature","geometry":{"type":"Polygon","coordinates":[[[-117.702213,49.210383],[-117.702051,49.210113],[-117.702925,49.209889],[-117.702924,49.209971],[-117.702833,49.210102],[-117.702494,49.210502],[-117.702446,49.210487],[-117.702436,49.210465],[-117.702421,49.210445],[-117.7024,49.210427],[-117.702375,49.210411],[-117.702347,49.210398],[-117.702315,49.210389],[-117.702282,49.210383],[-117.702247,49.210381],[-117.702213,49.210383]]]},"properties":{"OBJECTID":23439,"PMBCParcelGUID":"{5F370D4D-F188-4786-8BEB-A59F65036B39}","PMBC_PID":25907514,"PMBC_PIN":25907514,"PMBC_ParcelClass":"SUBDIVISION","PMBC_OwnerType":"PRIVATE","PMBC_LegalDescription":"LOT 5 DISTRICT LOT 2404 KOOTENAY DISTRICT PLAN NEP75381","Folio":"71106180325","FullAddress":"COMMERCIAL WAY , GENELLE","apt_no":null,"street_no":null,"street_direction_prefix":null,"street_name":"COMMERCIAL WAY","street_direction_suffix":null,"postal_code":"V0G 1G0","city":"GENELLE","province":"BC","AddressID":"A000019MQF","TempKey":"5F370D4D-F188-4786-8BEB-A59F65036B39A000019MQF","GlobalID":"{CD7E9ADB-43B5-4240-B5AF-680EA02ABB9E}","Shape__Area":2.6286291061150006e-7,"Shape__Length":0.0023054607699599236}},{"type":"Feature","geometry":{"type":"Polygon","coordinates":[[[-117.750228,49.091355],[-117.750494,49.091068],[-117.750736,49.091195],[-117.75048,49.091403],[-117.750385,49.091419],[-117.750228,49.091355]]]},"properties":{"OBJECTID":23440,"PMBCParcelGUID":"{BD8F554C-33A1-4040-9170-A5A15577C6A7}","PMBC_PID":11353449,"PMBC_PIN":11353449,"PMBC_ParcelClass":"SUBDIVISION","PMBC_OwnerType":"PRIVATE","PMBC_LegalDescription":"LOT 32 DISTRICT LOT 7189 KOOTENAY DISTRICT PLAN 13067","Folio":"58800655320","FullAddress":"314 LYTTON ST , WARFIELD","apt_no":null,"street_no":"314","street_direction_prefix":null,"street_name":"LYTTON ST","street_direction_suffix":null,"postal_code":"V1R 4R1","city":"WARFIELD","province":"BC","AddressID":"A00001933G","TempKey":"BD8F554C-33A1-4040-9170-A5A15577C6A7A00001933G","GlobalID":"{0F69856F-8A59-4074-A678-CF25D29BC549}","Shape__Area":8.829589350850002e-8,"Shape__Length":0.0012600162543697916}},{"type":"Feature","geometry":{"type":"Polygon","coordinates":[[[-117.804818,49.074921],[-117.804943,49.074927],[-117.804929,49.075057],[-117.804913,49.0752],[-117.804842,49.075197],[-117.804788,49.075194],[-117.804818,49.074921]]]},"properties":{"OBJECTID":23441,"PMBCParcelGUID":"{B329981F-4CBC-45EB-B75B-A5A44C55EE65}","PMBC_PID":16263936,"PMBC_PIN":16263936,"PMBC_ParcelClass":"SUBDIVISION","PMBC_OwnerType":"LOCAL GOVERNMENT","PMBC_LegalDescription":"LOT 7 BLOCK 13 DISTRICT LOT 535 KOOTENAY DISTRICT PLAN 579","Folio":"22900113000","FullAddress":"1750 COOK AVE , ROSSLAND","apt_no":null,"street_no":"1750","street_direction_prefix":null,"street_name":"COOK AVE","street_direction_suffix":null,"postal_code":"V0G 1Y0","city":"ROSSLAND","province":"BC","AddressID":"A000018NXF","TempKey":"B329981F-4CBC-45EB-B75B-A5A44C55EE65A000018NXF","GlobalID":"{8A697CB5-D809-4BCD-A887-CB4A063A0936}","Shape__Area":3.427142730100001e-8,"Shape__Length":0.0007995673843580581}},{"type":"Feature","geometry":{"type":"MultiPolygon","coordinates":[[[[-117.829966,49.114329],[-117.829878,49.114317],[-117.829798,49.114311],[-117.829709,49.114294],[-117.829649,49.114283],[-117.829581,49.114269],[-117.829522,49.114255],[-117.829474,49.11424],[-117.829431,49.114225],[-117.82937,49.114209],[-117.829311,49.114186],[-117.829244,49.114163],[-117.829165,49.114143],[-117.829105,49.114128],[-117.829057,49.114117],[-117.828994,49.114106],[-117.828932,49.114095],[-117.828864,49.114088],[-117.8288,49.114087],[-117.828688,49.114082],[-117.828616,49.11409],[-117.828571,49.114095],[-117.828534,49.114066],[-117.828496,49.11402],[-117.828459,49.113991],[-117.828409,49.113949],[-117.828389,49.113916],[-117.828354,49.113878],[-117.828324,49.113845],[-117.828272,49.113818],[-117.828208,49.113775],[-117.828172,49.113753],[-117.828139,49.113734],[-117.828088,49.113712],[-117.828029,49.113685],[-117.827956,49.113658],[-117.827912,49.113633],[-117.827859,49.113615],[-117.827803,49.113591],[-117.827709,49.113556],[-117.827627,49.113527],[-117.827554,49.113501],[-117.827469,49.113468],[-117.82739,49.113447],[-117.827317,49.113416],[-117.827255,49.113392],[-117.827181,49.113361],[-117.827106,49.113329],[-117.82704,49.113299],[-117.826965,49.113266],[-117.826901,49.113241],[-117.826859,49.113217],[-117.826799,49.113192],[-117.826734,49.113161],[-117.82668,49.113136],[-117.826626,49.113111],[-117.82657,49.113083],[-117.826513,49.113056],[-117.826455,49.11303],[-117.826394,49.113],[-117.826342,49.11297],[-117.826267,49.112939],[-117.826222,49.112917],[-117.826158,49.112885],[-117.826057,49.112839],[-117.826009,49.11282],[-117.82593,49.112788],[-117.825867,49.112774],[-117.82579,49.112753],[-117.825713,49.112733],[-117.825657,49.112726],[-117.825562,49.112718],[-117.825497,49.112708],[-117.825382,49.112691],[-117.825381,49.112626],[-117.825363,49.109133],[-117.825506,49.109132],[-117.827753,49.109127],[-117.82798,49.109127],[-117.834263,49.109112],[-117.836353,49.109107],[-117.836359,49.110102],[-117.836373,49.112718],[-117.841869,49.112704],[-117.841873,49.113437],[-117.841873,49.113459],[-117.841873,49.113459],[-117.841874,49.113486],[-117.841874,49.113624],[-117.841877,49.114119],[-117.841795,49.114112],[-117.841664,49.114103],[-117.841555,49.114099],[-117.841462,49.114084],[-117.841355,49.114059],[-117.841227,49.114036],[-117.841147,49.114024],[-117.840935,49.114016],[-117.840723,49.114013],[-117.840586,49.11402],[-117.840403,49.114032],[-117.840285,49.114043],[-117.840115,49.114047],[-117.839994,49.114055],[-117.839871,49.114063],[-117.839761,49.114087],[-117.839649,49.114134],[-117.839536,49.114176],[-117.839413,49.114208],[-117.839267,49.114214],[-117.839189,49.11422],[-117.83911,49.114237],[-117.839027,49.114265],[-117.838982,49.114274],[-117.83892,49.114273],[-117.838835,49.114245],[-117.838744,49.114205],[-117.838672,49.114188],[-117.838615,49.114175],[-117.838554,49.114171],[-117.838484,49.11418],[-117.838414,49.114187],[-117.838339,49.114184],[-117.838247,49.114175],[-117.838156,49.114159],[-117.838054,49.114146],[-117.837974,49.114134],[-117.83788,49.114127],[-117.837796,49.114124],[-117.837702,49.114134],[-117.837607,49.114163],[-117.837504,49.114187],[-117.837406,49.11421],[-117.837319,49.114219],[-117.83724,49.114215],[-117.837142,49.114184],[-117.837059,49.11413],[-117.836963,49.114073],[-117.836922,49.114033],[-117.836868,49.113999],[-117.836799,49.11398],[-117.836723,49.113972],[-117.836645,49.113965],[-117.83656,49.113954],[-117.836476,49.113964],[-117.836465,49.113969],[-117.836384,49.114003],[-117.836307,49.11404],[-117.836182,49.114091],[-117.836045,49.114144],[-117.835923,49.114185],[-117.835804,49.114229],[-117.835714,49.114265],[-117.83562,49.114301],[-117.835556,49.114329],[-117.83549,49.114365],[-117.835414,49.114392],[-117.835309,49.114453],[-117.835182,49.114513],[-117.835115,49.114548],[-117.835033,49.114571],[-117.834963,49.114587],[-117.834871,49.114589],[-117.834798,49.114579],[-117.834738,49.114556],[-117.834633,49.114536],[-117.834506,49.114497],[-117.834408,49.114467],[-117.83432,49.114448],[-117.834171,49.11443],[-117.834082,49.114428],[-117.833977,49.114411],[-117.833896,49.114394],[-117.83383,49.114377],[-117.833721,49.114374],[-117.833591,49.114376],[-117.833484,49.11438],[-117.833389,49.114371],[-117.83331,49.114367],[-117.833242,49.114368],[-117.833155,49.114387],[-117.833056,49.114407],[-117.832981,49.114414],[-117.832903,49.114399],[-117.832802,49.11437],[-117.832715,49.114353],[-117.832581,49.114339],[-117.832476,49.114328],[-117.832346,49.114314],[-117.832276,49.114295],[-117.832177,49.114273],[-117.832066,49.114243],[-117.831993,49.114223],[-117.831909,49.114195],[-117.831821,49.114162],[-117.831733,49.114133],[-117.831618,49.114112],[-117.83152,49.114105],[-117.831423,49.114094],[-117.831245,49.114093],[-117.831036,49.114123],[-117.830941,49.114151],[-117.830826,49.114212],[-117.830782,49.114238],[-117.830753,49.114242],[-117.8307,49.11428],[-117.830677,49.114289],[-117.830666,49.114292],[-117.830653,49.114292],[-117.830623,49.114289],[-117.830607,49.11429],[-117.830587,49.114295],[-117.830538,49.114315],[-117.830522,49.114317],[-117.830503,49.114316],[-117.83046,49.114311],[-117.830414,49.114307],[-117.830342,49.11431],[-117.830292,49.114324],[-117.830229,49.114332],[-117.830156,49.114342],[-117.830154,49.114342],[-117.830102,49.114339],[-117.830045,49.114332],[-117.829966,49.114329]]],[[[-117.825382,49.11274],[-117.825382,49.112722],[-117.825499,49.112733],[-117.825601,49.112747],[-117.825684,49.112762],[-117.825768,49.11278],[-117.825851,49.112799],[-117.82592,49.112816],[-117.825996,49.112846],[-117.826045,49.112863],[-117.826117,49.112891],[-117.826179,49.112927],[-117.826256,49.112959],[-117.82631,49.11299],[-117.826379,49.113022],[-117.826437,49.113051],[-117.826536,49.113101],[-117.826601,49.113128],[-117.826656,49.113155],[-117.826711,49.11318],[-117.826774,49.113213],[-117.826829,49.11324],[-117.826886,49.113266],[-117.82695,49.113287],[-117.827005,49.11332],[-117.827051,49.113343],[-117.827117,49.113368],[-117.827175,49.113388],[-117.827224,49.113413],[-117.827301,49.113447],[-117.827362,49.113474],[-117.827401,49.113487],[-117.827458,49.113503],[-117.827524,49.113533],[-117.827591,49.113552],[-117.82764,49.113566],[-117.827701,49.113587],[-117.827751,49.113602],[-117.827809,49.113628],[-117.827846,49.113646],[-117.8279,49.113665],[-117.827946,49.113678],[-117.827996,49.1137],[-117.828049,49.113725],[-117.828081,49.113746],[-117.828117,49.113763],[-117.82814,49.113778],[-117.82817,49.113793],[-117.82821,49.113815],[-117.828235,49.113845],[-117.828271,49.113872],[-117.828301,49.113898],[-117.828327,49.113922],[-117.828368,49.113941],[-117.828403,49.113976],[-117.828439,49.114013],[-117.828479,49.11405],[-117.828508,49.114077],[-117.828534,49.114102],[-117.828555,49.114121],[-117.828582,49.114146],[-117.828615,49.114169],[-117.828641,49.114189],[-117.82867,49.114213],[-117.828694,49.114237],[-117.828723,49.114267],[-117.828745,49.114285],[-117.828775,49.114335],[-117.8288,49.114363],[-117.828819,49.11441],[-117.828845,49.114453],[-117.828875,49.114496],[-117.828896,49.114527],[-117.82892,49.114578],[-117.828954,49.114627],[-117.828983,49.114653],[-117.829011,49.114698],[-117.829034,49.114729],[-117.829064,49.114762],[-117.82913,49.114836],[-117.829173,49.11488],[-117.829221,49.11493],[-117.829262,49.114969],[-117.829295,49.115],[-117.829325,49.115045],[-117.829367,49.115077],[-117.829412,49.115123],[-117.829439,49.115171],[-117.829475,49.115202],[-117.829507,49.115239],[-117.82954,49.115263],[-117.829587,49.115305],[-117.829618,49.115343],[-117.829637,49.115374],[-117.82967,49.115408],[-117.829697,49.115436],[-117.829714,49.115464],[-117.829739,49.115498],[-117.829772,49.115542],[-117.829807,49.115569],[-117.829836,49.115599],[-117.829869,49.115628],[-117.829903,49.115665],[-117.829925,49.1157],[-117.829959,49.115732],[-117.829997,49.115746],[-117.830065,49.115806],[-117.830097,49.115832],[-117.830135,49.115863],[-117.830181,49.11589],[-117.830232,49.115923],[-117.830271,49.11595],[-117.830303,49.115972],[-117.830361,49.116004],[-117.830398,49.116017],[-117.830446,49.116038],[-117.830487,49.11606],[-117.830529,49.116083],[-117.830566,49.116102],[-117.830632,49.116133],[-117.830676,49.116156],[-117.830721,49.116176],[-117.830755,49.116192],[-117.830795,49.116219],[-117.830837,49.116243],[-117.83088,49.116272],[-117.830915,49.116298],[-117.830948,49.116325],[-117.830975,49.116353],[-117.825401,49.116348],[-117.825382,49.11274]]],[[[-117.828778,49.11429],[-117.828725,49.114229],[-117.828684,49.114188],[-117.828647,49.114158],[-117.82862,49.114129],[-117.828612,49.114115],[-117.828658,49.114109],[-117.828742,49.114113],[-117.828813,49.114115],[-117.828912,49.114124],[-117.829029,49.114141],[-117.829116,49.114159],[-117.829205,49.11418],[-117.829302,49.114216],[-117.829391,49.114252],[-117.829483,49.114276],[-117.829561,49.114298],[-117.829645,49.114314],[-117.829741,49.11433],[-117.829841,49.114343],[-117.829936,49.114359],[-117.830014,49.114363],[-117.83009,49.114366],[-117.830176,49.114367],[-117.830176,49.114367],[-117.830176,49.114367],[-117.830238,49.114365],[-117.830298,49.114361],[-117.830339,49.11436],[-117.830394,49.114375],[-117.830435,49.114379],[-117.83048,49.114363],[-117.830548,49.114351],[-117.830627,49.114345],[-117.830656,49.114342],[-117.830689,49.114333],[-117.830701,49.114328],[-117.830709,49.114322],[-117.830719,49.114313],[-117.830837,49.114234],[-117.830871,49.114222],[-117.830953,49.114182],[-117.831036,49.114153],[-117.831117,49.114139],[-117.831192,49.114121],[-117.831273,49.114117],[-117.831353,49.114115],[-117.831445,49.114116],[-117.83153,49.114126],[-117.83162,49.114143],[-117.83171,49.114164],[-117.831788,49.114189],[-117.831854,49.114208],[-117.831928,49.114231],[-117.831996,49.114256],[-117.832064,49.114278],[-117.832136,49.1143],[-117.832217,49.114317],[-117.832288,49.114324],[-117.832366,49.114341],[-117.832452,49.114353],[-117.832525,49.114361],[-117.832637,49.114373],[-117.832742,49.114395],[-117.832822,49.114413],[-117.832914,49.11443],[-117.833,49.114442],[-117.833077,49.11444],[-117.833156,49.114425],[-117.833214,49.114404],[-117.833291,49.114397],[-117.833368,49.114394],[-117.833438,49.114399],[-117.833514,49.114401],[-117.833587,49.114396],[-117.83369,49.114397],[-117.83376,49.114399],[-117.833872,49.114417],[-117.833962,49.114436],[-117.834026,49.114446],[-117.834091,49.114452],[-117.834148,49.114457],[-117.834221,49.114465],[-117.83428,49.114471],[-117.834357,49.114488],[-117.834456,49.114513],[-117.834543,49.114535],[-117.834601,49.114557],[-117.83467,49.114576],[-117.834753,49.114596],[-117.834812,49.114605],[-117.834862,49.114613],[-117.834931,49.114616],[-117.834988,49.114611],[-117.835062,49.114599],[-117.835113,49.114584],[-117.835155,49.114567],[-117.835212,49.114532],[-117.835283,49.114504],[-117.835328,49.114477],[-117.835365,49.114457],[-117.835404,49.114437],[-117.83546,49.114413],[-117.835513,49.114388],[-117.835561,49.114366],[-117.835612,49.114345],[-117.835652,49.114324],[-117.835709,49.114303],[-117.835769,49.114283],[-117.835803,49.114262],[-117.835873,49.114235],[-117.835938,49.11422],[-117.835979,49.114201],[-117.836032,49.114182],[-117.836085,49.114163],[-117.836157,49.114127],[-117.836204,49.114115],[-117.836234,49.114101],[-117.836287,49.114082],[-117.83632,49.114065],[-117.836365,49.114045],[-117.836398,49.11403],[-117.836451,49.114004],[-117.836486,49.11399],[-117.836505,49.113986],[-117.836529,49.113982],[-117.836607,49.113982],[-117.836672,49.113991],[-117.836735,49.113998],[-117.836789,49.114007],[-117.836825,49.11402],[-117.836867,49.114048],[-117.836914,49.114076],[-117.836954,49.114104],[-117.836997,49.114134],[-117.837039,49.114156],[-117.837093,49.114184],[-117.837127,49.114209],[-117.837185,49.114229],[-117.837237,49.11424],[-117.837286,49.114242],[-117.837336,49.114242],[-117.837389,49.114239],[-117.837453,49.114223],[-117.837502,49.114214],[-117.837569,49.114195],[-117.837644,49.11418],[-117.837711,49.114167],[-117.837792,49.114151],[-117.837875,49.114155],[-117.837954,49.114162],[-117.838022,49.11417],[-117.8381,49.114191],[-117.838179,49.114195],[-117.838252,49.11421],[-117.83834,49.114208],[-117.838399,49.114212],[-117.838453,49.11421],[-117.838506,49.114204],[-117.838571,49.1142],[-117.838648,49.114212],[-117.838686,49.114215],[-117.83873,49.114237],[-117.838798,49.114264],[-117.838836,49.114277],[-117.83889,49.114292],[-117.838951,49.114299],[-117.838991,49.114303],[-117.839034,49.114294],[-117.839088,49.114274],[-117.839153,49.114258],[-117.83921,49.114249],[-117.839275,49.114243],[-117.839352,49.114239],[-117.839409,49.114235],[-117.839481,49.11422],[-117.839536,49.114206],[-117.839586,49.114186],[-117.83964,49.114171],[-117.839695,49.114152],[-117.839746,49.114133],[-117.839801,49.114112],[-117.839874,49.114094],[-117.839925,49.114085],[-117.839983,49.114082],[-117.840045,49.114079],[-117.840115,49.114078],[-117.84019,49.114071],[-117.840262,49.114066],[-117.840347,49.114062],[-117.840412,49.114055],[-117.840492,49.114051],[-117.840576,49.114045],[-117.840659,49.114045],[-117.840722,49.114047],[-117.840801,49.11405],[-117.840915,49.114046],[-117.840974,49.114042],[-117.841038,49.11404],[-117.841105,49.114046],[-117.841161,49.114052],[-117.841227,49.114063],[-117.841289,49.11408],[-117.841351,49.114093],[-117.841427,49.114109],[-117.841487,49.114116],[-117.841576,49.114128],[-117.841646,49.114135],[-117.841709,49.114138],[-117.841791,49.114139],[-117.84184,49.114141],[-117.841877,49.114145],[-117.84189,49.116362],[-117.834233,49.116356],[-117.833676,49.116355],[-117.831023,49.116353],[-117.830975,49.116315],[-117.830928,49.116281],[-117.830896,49.116251],[-117.830854,49.11622],[-117.830813,49.116193],[-117.830765,49.11617],[-117.830731,49.11615],[-117.830688,49.116124],[-117.830629,49.116099],[-117.830582,49.116079],[-117.830528,49.116057],[-117.83048,49.116034],[-117.830445,49.116011],[-117.83039,49.115985],[-117.83034,49.115955],[-117.830292,49.115926],[-117.830244,49.115894],[-117.8302,49.115872],[-117.830173,49.115852],[-117.830123,49.115816],[-117.830088,49.115782],[-117.830033,49.115744],[-117.829959,49.115692],[-117.829936,49.11566],[-117.829878,49.115606],[-117.829839,49.115566],[-117.829815,49.115524],[-117.829756,49.115457],[-117.829717,49.115423],[-117.82966,49.115364],[-117.829625,49.115306],[-117.829569,49.11526],[-117.829514,49.115211],[-117.829474,49.115159],[-117.829413,49.115081],[-117.829361,49.115039],[-117.82932,49.114993],[-117.829281,49.114943],[-117.829233,49.114894],[-117.829205,49.114868],[-117.829182,49.114846],[-117.829116,49.114774],[-117.82908,49.114732],[-117.829019,49.114663],[-117.82898,49.114603],[-117.828928,49.114529],[-117.8289,49.114482],[-117.828869,49.114419],[-117.828829,49.114359],[-117.828778,49.11429]]]]},"properties":{"OBJECTID":23442,"PMBCParcelGUID":"{C69025B2-DA58-4161-8A88-A5A5901C5A9E}","PMBC_PID":14031876,"PMBC_PIN":14031876,"PMBC_ParcelClass":"SUBDIVISION","PMBC_OwnerType":"PRIVATE","PMBC_LegalDescription":"DISTRICT LOT 1295 KOOTENAY DISTRICT","Folio":"22903090000","FullAddress":", ROSSLAND","apt_no":null,"street_no":null,"street_direction_prefix":null,"street_name":null,"street_direction_suffix":null,"postal_code":null,"city":"ROSSLAND","province":"BC","AddressID":"D00000F5Q9","TempKey":"C69025B2-DA58-4161-8A88-A5A5901C5A9ED00000F5Q9","GlobalID":"{9EE8DC1D-0A32-44FE-899D-2993CC5B5160}","Shape__Area":0.00009893955575168802,"Shape__Length":0.08852414127335816}},{"type":"Feature","geometry":{"type":"Polygon","coordinates":[[[-118.528427,49.115672],[-118.528302,49.115673],[-118.528303,49.115345],[-118.528428,49.115342],[-118.528427,49.115672]]]},"properties":{"OBJECTID":23443,"PMBCParcelGUID":"{C1F5CB93-2288-4110-BBF2-A5A7418F8E8E}","PMBC_PID":14171953,"PMBC_PIN":14171953,"PMBC_ParcelClass":"SUBDIVISION","PMBC_OwnerType":"CROWN PROVINCIAL","PMBC_LegalDescription":"LOT 2 BLOCK 85 DISTRICT LOT 2005 SIMILKAMEEN DIVISION YALE DISTRICT PLAN 79","Folio":"71204852664","FullAddress":"","apt_no":null,"street_no":null,"street_direction_prefix":null,"street_name":null,"street_direction_suffix":null,"postal_code":null,"city":null,"province":"BC","AddressID":"D00000FF20","TempKey":"C1F5CB93-2288-4110-BBF2-A5A7418F8E8ED00000FF20","GlobalID":"{05B15250-D5FA-42B4-AAB9-28FCEB7BC31F}","Shape__Area":4.120839911100001e-8,"Shape__Length":0.0009089835312860718}},{"type":"Feature","geometry":{"type":"Polygon","coordinates":[[[-117.589531,49.079156],[-117.589214,49.079215],[-117.589105,49.078964],[-117.589422,49.078905],[-117.589531,49.079156]]]},"properties":{"OBJECTID":23444,"PMBCParcelGUID":"{BCFBC944-3DF3-459C-987A-A5A782F2139B}","PMBC_PID":15303161,"PMBC_PIN":15303161,"PMBC_ParcelClass":"SUBDIVISION","PMBC_OwnerType":"PRIVATE","PMBC_LegalDescription":"LOT 11 BLOCK 14 SECTION 32 TOWNSHIP 7A KOOTENAY DISTRICT PLAN 2352","Folio":"54800288000","FullAddress":"730 9TH AVE , MONTROSE","apt_no":null,"street_no":"730","street_direction_prefix":null,"street_name":"9TH AVE","street_direction_suffix":null,"postal_code":null,"city":"MONTROSE","province":"BC","AddressID":"A000018ZB3","TempKey":"BCFBC944-3DF3-459C-987A-A5A782F2139BA000018ZB3","GlobalID":"{0CA17BB1-BB0B-4E57-B0E1-BC00A809AC36}","Shape__Area":8.610600338750003e-8,"Shape__Length":0.0011928973019827043}},{"type":"Feature","geometry":{"type":"MultiPolygon","coordinates":[[[[-117.799904,49.084505],[-117.80002,49.084473],[-117.800135,49.084442],[-117.800166,49.084497],[-117.800397,49.084434],[-117.800587,49.084383],[-117.800628,49.084372],[-117.80086,49.084309],[-117.801249,49.084203],[-117.801554,49.08412],[-117.801844,49.084041],[-117.802016,49.083994],[-117.80202,49.083993],[-117.802151,49.083958],[-117.802304,49.084042],[-117.802328,49.084004],[-117.802168,49.083886],[-117.802206,49.083876],[-117.802254,49.083896],[-117.802332,49.083927],[-117.802409,49.083958],[-117.802485,49.083991],[-117.802561,49.084025],[-117.802636,49.084059],[-117.80271,49.084094],[-117.802783,49.084129],[-117.802793,49.084134],[-117.802855,49.084166],[-117.802927,49.084203],[-117.803001,49.084247],[-117.803069,49.084295],[-117.803129,49.084347],[-117.803181,49.084403],[-117.803225,49.084462],[-117.80326,49.084523],[-117.803285,49.084587],[-117.803301,49.084651],[-117.803308,49.084717],[-117.803312,49.084938],[-117.803302,49.085004],[-117.803301,49.08507],[-117.80331,49.085135],[-117.803328,49.0852],[-117.803356,49.085263],[-117.803392,49.085325],[-117.803268,49.085359],[-117.803096,49.085407],[-117.802694,49.085519],[-117.801963,49.085719],[-117.801768,49.085773],[-117.801249,49.085915],[-117.800093,49.086232],[-117.800093,49.086232],[-117.799324,49.086442],[-117.799292,49.086392],[-117.799134,49.086143],[-117.798845,49.085686],[-117.798601,49.085304],[-117.798359,49.084924],[-117.79856,49.084869],[-117.799031,49.084742],[-117.799129,49.084715],[-117.799228,49.084688],[-117.799326,49.084662],[-117.799442,49.08463],[-117.799558,49.084599],[-117.799673,49.084567],[-117.799788,49.084536],[-117.799904,49.084505]]],[[[-117.803487,49.083526],[-117.803602,49.083494],[-117.803647,49.083565],[-117.804241,49.084497],[-117.804126,49.084529],[-117.803856,49.084603],[-117.804069,49.084939],[-117.804178,49.085109],[-117.804108,49.085128],[-117.803624,49.085261],[-117.803593,49.085212],[-117.803571,49.085161],[-117.803556,49.085109],[-117.80355,49.085056],[-117.803552,49.085003],[-117.803562,49.08495],[-117.803556,49.084714],[-117.80355,49.084641],[-117.803533,49.084568],[-117.803507,49.084496],[-117.803472,49.084427],[-117.803427,49.084359],[-117.803374,49.084295],[-117.803312,49.084233],[-117.803242,49.084176],[-117.803164,49.084123],[-117.80308,49.084074],[-117.802999,49.084032],[-117.802969,49.084017],[-117.802916,49.083991],[-117.802833,49.083951],[-117.802748,49.083911],[-117.802662,49.083873],[-117.802576,49.083835],[-117.802488,49.083799],[-117.802562,49.083779],[-117.802677,49.083747],[-117.802793,49.083715],[-117.802908,49.083684],[-117.803024,49.083652],[-117.80314,49.083621],[-117.803255,49.083589],[-117.803371,49.083557],[-117.803487,49.083526]]]]},"properties":{"OBJECTID":23445,"PMBCParcelGUID":"{3B7D514A-735E-4AC6-99E9-A5AF08448320}","PMBC_PID":26586339,"PMBC_PIN":26586339,"PMBC_ParcelClass":"SUBDIVISION","PMBC_OwnerType":"PRIVATE","PMBC_LegalDescription":"LOT A DISTRICT LOT 681 KOOTENAY DISTRICT PLAN NEP80322 EXCEPT PLANS EPP9767 AND EPP15861","Folio":"22901733100","FullAddress":", ROSSLAND","apt_no":null,"street_no":null,"street_direction_prefix":null,"street_name":null,"street_direction_suffix":null,"postal_code":null,"city":"ROSSLAND","province":"BC","AddressID":"D00000FRVE","TempKey":"3B7D514A-735E-4AC6-99E9-A5AF08448320D00000FRVE","GlobalID":"{73373E30-CBB5-446C-8A17-9E380CE12D3B}","Shape__Area":0.000008499764592496002,"Shape__Length":0.018496511385482625}},{"type":"Feature","geometry":{"type":"Polygon","coordinates":[[[-117.806367,49.074],[-117.806397,49.073727],[-117.806979,49.073755],[-117.806948,49.074028],[-117.806367,49.074]]]},"properties":{"OBJECTID":23446,"PMBCParcelGUID":"{F1C0A590-7E7A-4D60-8DB0-A5B1477ACB1E}","PMBC_PID":25966961,"PMBC_PIN":25966961,"PMBC_ParcelClass":"SUBDIVISION","PMBC_OwnerType":"PRIVATE","PMBC_LegalDescription":"LOT A DISTRICT LOT 535 KOOTENAY DISTRICT PLAN NEP75715","Folio":"22900020010","FullAddress":"1665 THOMPSON AVE , ROSSLAND","apt_no":null,"street_no":"1665","street_direction_prefix":null,"street_name":"THOMPSON AVE","street_direction_suffix":null,"postal_code":null,"city":"ROSSLAND","province":"BC","AddressID":"A000018NUC","TempKey":"F1C0A590-7E7A-4D60-8DB0-A5B1477ACB1EA000018NUC","GlobalID":"{156B1A82-3EB8-4D1C-B7F7-F6B52AB7AF7E}","Shape__Area":1.5978245994650004e-7,"Shape__Length":0.001714489453411926}},{"type":"Feature","geometry":{"type":"Polygon","coordinates":[[[-118.685232,49.078397],[-118.685232,49.078369],[-118.685261,49.078369],[-118.685232,49.078397]]]},"properties":{"OBJECTID":23447,"PMBCParcelGUID":"{3DEFDB92-F036-49F1-B2F3-A5BC8043DCF5}","PMBC_PID":12789844,"PMBC_PIN":12789844,"PMBC_ParcelClass":"SUBDIVISION","PMBC_OwnerType":"CROWN PROVINCIAL","PMBC_LegalDescription":"LOT 14 BLOCK 11 SECTION 32 TOWNSHIP 70 SIMILKAMEEN DIVISION YALE DISTRICT PLAN 24 EXCEPT PLAN H731","Folio":"71300011100","FullAddress":"HIGHWAY 3 ","apt_no":null,"street_no":null,"street_direction_prefix":null,"street_name":"HIGHWAY 3","street_direction_suffix":null,"postal_code":null,"city":null,"province":"BC","AddressID":"A00000J6HH","TempKey":"3DEFDB92-F036-49F1-B2F3-A5BC8043DCF5A00000J6HH","GlobalID":"{8B4F2953-BD0C-40DC-BF43-F45652814A02}","Shape__Area":3.983543530000001e-10,"Shape__Length":0.00009663138552675931}},{"type":"Feature","geometry":{"type":"Polygon","coordinates":[[[-118.214199,49.038499],[-118.214493,49.038497],[-118.214497,49.038827],[-118.214204,49.03883],[-118.214199,49.038499]]]},"properties":{"OBJECTID":23448,"PMBCParcelGUID":"{002B7FA8-57A3-4AE4-B7B6-A5BDD0C79FDA}","PMBC_PID":2214156,"PMBC_PIN":2214156,"PMBC_ParcelClass":"SUBDIVISION","PMBC_OwnerType":"PRIVATE","PMBC_LegalDescription":"LOT 4 DISTRICT LOT 317 SIMILKAMEEN DIVISION YALE DISTRICT PLAN 13637","Folio":"71202538015","FullAddress":"57 CARLSON RD , CHRISTINA LAKE","apt_no":null,"street_no":"57","street_direction_prefix":null,"street_name":"CARLSON RD","street_direction_suffix":null,"postal_code":null,"city":"CHRISTINA LAKE","province":"BC","AddressID":"A00000J362","TempKey":"002B7FA8-57A3-4AE4-B7B6-A5BDD0C79FDAA00000J362","GlobalID":"{15A38EA1-E585-40A4-A883-5B7EDE278392}","Shape__Area":9.698420327250003e-8,"Shape__Length":0.0012478990236494051}},{"type":"Feature","geometry":{"type":"Polygon","coordinates":[[[-118.355302,49.553143],[-118.355264,49.553236],[-118.354857,49.553166],[-118.354894,49.553073],[-118.355302,49.553143]]]},"properties":{"OBJECTID":23449,"PMBCParcelGUID":"{8EF73580-F9C4-4B3D-98F1-A5BDE72BF142}","PMBC_PID":12529508,"PMBC_PIN":12529508,"PMBC_ParcelClass":"SUBDIVISION","PMBC_OwnerType":"CROWN PROVINCIAL","PMBC_LegalDescription":"LOT 11 BLOCK 10 DISTRICT LOT 3672 SIMILKAMEEN DIVISION YALE DISTRICT PLAN 323","Folio":"71207205290","FullAddress":"","apt_no":null,"street_no":null,"street_direction_prefix":null,"street_name":null,"street_direction_suffix":null,"postal_code":null,"city":null,"province":"BC","AddressID":"D00000FF7L","TempKey":"8EF73580-F9C4-4B3D-98F1-A5BDE72BF142D00000FF7L","GlobalID":"{CC67BCAF-52B2-47BA-A758-F74C0E18E7B0}","Shape__Area":4.042677738400001e-8,"Shape__Length":0.0010269151877648633}},{"type":"Feature","geometry":{"type":"Polygon","coordinates":[[[-119.211353,49.035445],[-119.210622,49.035561],[-119.210186,49.035214],[-119.210372,49.034812],[-119.210704,49.034862],[-119.211221,49.034927],[-119.211353,49.035445]]]},"properties":{"OBJECTID":23450,"PMBCParcelGUID":"{B29155D4-4EB7-4D4C-8F58-A5BE69BE7BB4}","PMBC_PID":31924590,"PMBC_PIN":31924590,"PMBC_ParcelClass":"SUBDIVISION","PMBC_OwnerType":"PRIVATE","PMBC_LegalDescription":"LOT A SECTION 16 TOWNSHIP 66 SIMILKAMEEN DIVISION YALE DISTRICT PLAN EPP122917","Folio":"71308000200","FullAddress":"1341 TIMBERWOLF TRAIL RD ","apt_no":null,"street_no":"1341","street_direction_prefix":null,"street_name":"TIMBERWOLF TRAIL RD","street_direction_suffix":null,"postal_code":null,"city":null,"province":"BC","AddressID":"J00003602Z","TempKey":"B29155D4-4EB7-4D4C-8F58-A5BE69BE7BB4J00003602Z","GlobalID":"{E021EF8B-2656-4BF7-9EE0-3FCAEA8DD76F}","Shape__Area":6.188778822645002e-7,"Shape__Length":0.0031325186744081595}},{"type":"Feature","geometry":{"type":"Polygon","coordinates":[[[-118.430735,49.035588],[-118.430667,49.035537],[-118.430518,49.035423],[-118.430813,49.035255],[-118.430917,49.035318],[-118.43106,49.035404],[-118.430735,49.035588]]]},"properties":{"OBJECTID":23451,"PMBCParcelGUID":"{DB30A386-F624-4D66-8DEE-A5C5C64E9086}","PMBC_PID":4488164,"PMBC_PIN":4488164,"PMBC_ParcelClass":"SUBDIVISION","PMBC_OwnerType":"PRIVATE","PMBC_LegalDescription":"LOT 11 DISTRICT LOT 493 SIMILKAMEEN DIVISION YALE DISTRICT PLAN 28728","Folio":"21001366055","FullAddress":"7457 VALLEY HEIGHTS DR , GRAND FORKS","apt_no":null,"street_no":"7457","street_direction_prefix":null,"street_name":"VALLEY HEIGHTS DR","street_direction_suffix":null,"postal_code":null,"city":"GRAND FORKS","province":"BC","AddressID":"A00000H8WR","TempKey":"DB30A386-F624-4D66-8DEE-A5C5C64E9086A00000H8WR","GlobalID":"{6A51EF09-ED5B-46E2-A453-83DE0C965E3B}","Shape__Area":8.941647148150002e-8,"Shape__Length":0.0012735785635967112}},{"type":"Feature","geometry":{"type":"Polygon","coordinates":[[[-118.45715,49.032196],[-118.457466,49.032196],[-118.457466,49.03226],[-118.457468,49.032566],[-118.457242,49.032562],[-118.457155,49.032561],[-118.45715,49.032196]]]},"properties":{"OBJECTID":23452,"PMBCParcelGUID":"{A8A0E582-4FB8-49D0-9031-A5C67B70B0C7}","PMBC_PID":26325110,"PMBC_PIN":26325110,"PMBC_ParcelClass":"SUBDIVISION","PMBC_OwnerType":"PRIVATE","PMBC_LegalDescription":"LOT A DISTRICT LOT 380 SIMILKAMEEN DIVISION YALE DISTRICT PLAN KAP78279","Folio":"21001251005","FullAddress":"1658 77TH AVE , GRAND FORKS","apt_no":null,"street_no":"1658","street_direction_prefix":null,"street_name":"77TH AVE","street_direction_suffix":null,"postal_code":null,"city":"GRAND FORKS","province":"BC","AddressID":"D000005GXC","TempKey":"A8A0E582-4FB8-49D0-9031-A5C67B70B0C7D000005GXC","GlobalID":"{6E906ADE-883B-49B0-9BED-2F57768CF43C}","Shape__Area":1.1542355407800003e-7,"Shape__Length":0.0013632284891225538}},{"type":"Feature","geometry":{"type":"MultiPolygon","coordinates":[[[[-118.681011,49.027634],[-118.680962,49.027596],[-118.680485,49.02781],[-118.680087,49.027916],[-118.680089,49.027053],[-118.68049,49.026295],[-118.680467,49.02599],[-118.680644,49.025319],[-118.680528,49.024514],[-118.680098,49.023393],[-118.702047,49.023358],[-118.702034,49.027226],[-118.702072,49.030477],[-118.701252,49.03049],[-118.699945,49.030492],[-118.69527,49.030503],[-118.694902,49.030506],[-118.694715,49.030506],[-118.693513,49.030509],[-118.691532,49.030513],[-118.691389,49.030514],[-118.690372,49.030514],[-118.689899,49.030514],[-118.680078,49.030628],[-118.680083,49.029259],[-118.680084,49.028893],[-118.680086,49.02811],[-118.680618,49.028061],[-118.681011,49.027634]]],[[[-118.68009,49.026534],[-118.680096,49.024018],[-118.68027,49.024393],[-118.680375,49.025206],[-118.680204,49.025923],[-118.680229,49.026257],[-118.68009,49.026534]]]]},"properties":{"OBJECTID":23453,"PMBCParcelGUID":"{6B86E7D6-B441-41FF-846F-A5CBB777040E}","PMBC_PID":15042570,"PMBC_PIN":15042570,"PMBC_ParcelClass":"SUBDIVISION","PMBC_OwnerType":"CROWN PROVINCIAL","PMBC_LegalDescription":"DISTRICT LOT 2083 SIMILKAMEEN DIVISION YALE DISTRICT EXCEPT PLAN 43697","Folio":"71305013000","FullAddress":"1320 MCCARRON CREEK RD ","apt_no":null,"street_no":"1320","street_direction_prefix":null,"street_name":"MCCARRON CREEK RD","street_direction_suffix":null,"postal_code":null,"city":null,"province":"BC","AddressID":"A00000J8CU","TempKey":"6B86E7D6-B441-41FF-846F-A5CBB777040EA00000J8CU","GlobalID":"{E5ACCF0D-05C1-420C-BD79-5D099EAA47A7}","Shape__Area":0.00015615348359414655,"Shape__Length":0.06555643631105172}},{"type":"Feature","geometry":{"type":"Polygon","coordinates":[[[-117.548473,49.111881],[-117.548269,49.111793],[-117.54813,49.111731],[-117.548011,49.11168],[-117.548085,49.111599],[-117.548646,49.11184],[-117.548659,49.111962],[-117.548473,49.111881]]]},"properties":{"OBJECTID":23454,"PMBCParcelGUID":"{3F5FA137-3D9A-44C0-8561-A5CCC446250C}","PMBC_PID":12979406,"PMBC_PIN":12979406,"PMBC_ParcelClass":"SUBDIVISION","PMBC_OwnerType":"PRIVATE","PMBC_LegalDescription":"LOT 2 DISTRICT LOT 1236 KOOTENAY DISTRICT PLAN 10245","Folio":"52100255020","FullAddress":"1845 BEAVER ST , FRUITVALE","apt_no":null,"street_no":"1845","street_direction_prefix":null,"street_name":"BEAVER ST","street_direction_suffix":null,"postal_code":null,"city":"FRUITVALE","province":"BC","AddressID":"A000018XN8","TempKey":"3F5FA137-3D9A-44C0-8561-A5CCC446250CA000018XN8","GlobalID":"{DA2C1840-7BEE-4925-9F33-5B59403FEEB8}","Shape__Area":6.949452717150002e-8,"Shape__Length":0.00155036794116544}},{"type":"Feature","geometry":{"type":"Polygon","coordinates":[[[-117.550563,49.114636],[-117.550716,49.114481],[-117.550863,49.114585],[-117.55066,49.114707],[-117.550563,49.114636]]]},"properties":{"OBJECTID":23455,"PMBCParcelGUID":"{A662AF19-C659-4F03-8917-A5D32F051896}","PMBC_PID":10812601,"PMBC_PIN":10812601,"PMBC_ParcelClass":"SUBDIVISION","PMBC_OwnerType":"PRIVATE","PMBC_LegalDescription":"LOT 21 DISTRICT LOT 1236 KOOTENAY DISTRICT PLAN 1938 EXCEPT PARCEL A (EXPLANATORY PLAN 129563I)","Folio":"52100120000","FullAddress":"21 NELSON AVE , FRUITVALE","apt_no":null,"street_no":"21","street_direction_prefix":null,"street_name":"NELSON AVE","street_direction_suffix":null,"postal_code":null,"city":"FRUITVALE","province":"BC","AddressID":"A000018XEA","TempKey":"A662AF19-C659-4F03-8917-A5D32F051896A000018XEA","GlobalID":"{C1F20233-B4D4-4058-889E-0404652AAF11}","Shape__Area":3.247132002500001e-8,"Shape__Length":0.0007545406695690067}},{"type":"Feature","geometry":{"type":"Polygon","coordinates":[[[-118.708192,49.048063],[-118.708237,49.044645],[-118.710762,49.044641],[-118.711087,49.04464],[-118.710811,49.045002],[-118.71022,49.045778],[-118.713612,49.047176],[-118.714632,49.04577],[-118.714049,49.045041],[-118.713728,49.04464],[-118.713727,49.04464],[-118.723831,49.044618],[-118.72971,49.044607],[-118.729651,49.0474],[-118.729647,49.047594],[-118.729592,49.049987],[-118.729569,49.05169],[-118.729567,49.051835],[-118.729566,49.051942],[-118.729401,49.051942],[-118.729208,49.051943],[-118.715601,49.051973],[-118.715425,49.051973],[-118.708174,49.05199],[-118.708166,49.050292],[-118.708165,49.049981],[-118.708192,49.048063]]]},"properties":{"OBJECTID":23456,"PMBCParcelGUID":"{66D771B5-9716-4868-BBE5-A5D5479D9310}","PMBC_PID":14865254,"PMBC_PIN":14865254,"PMBC_ParcelClass":"SUBDIVISION","PMBC_OwnerType":"PRIVATE","PMBC_LegalDescription":"DISTRICT LOT 797 SIMILKAMEEN DIVISION YALE DISTRICT","Folio":"71304110000","FullAddress":"","apt_no":null,"street_no":null,"street_direction_prefix":null,"street_name":null,"street_direction_suffix":null,"postal_code":null,"city":null,"province":"BC","AddressID":"D00000H3UC","TempKey":"66D771B5-9716-4868-BBE5-A5D5479D9310D00000H3UC","GlobalID":"{A06AB56C-F529-47BB-B156-81095CDC9DDD}","Shape__Area":0.00015023328901387004,"Shape__Length":0.06319052593189138}},{"type":"Feature","geometry":{"type":"Polygon","coordinates":[[[-117.715117,49.094467],[-117.715265,49.094211],[-117.715402,49.094245],[-117.715254,49.094501],[-117.715117,49.094467]]]},"properties":{"OBJECTID":23457,"PMBCParcelGUID":"{AC0F1C33-90BC-42DF-BEA9-A5D5D163004D}","PMBC_PID":8217319,"PMBC_PIN":8217319,"PMBC_ParcelClass":"SUBDIVISION","PMBC_OwnerType":"PRIVATE","PMBC_LegalDescription":"LOT 14 BLOCK 66 DISTRICT LOT 230 KOOTENAY DISTRICT PLAN 1119","Folio":"23200855000","FullAddress":"1119 NELSON AVE , TRAIL","apt_no":null,"street_no":"1119","street_direction_prefix":null,"street_name":"NELSON AVE","street_direction_suffix":null,"postal_code":"V1R 3H4","city":"TRAIL","province":"BC","AddressID":"A000018RM9","TempKey":"AC0F1C33-90BC-42DF-BEA9-A5D5D163004DA000018RM9","GlobalID":"{5F0FB3E2-F29F-4345-9183-F6F7C233B92A}","Shape__Area":4.004052776950001e-8,"Shape__Length":0.0008733849169200639}},{"type":"Feature","geometry":{"type":"Polygon","coordinates":[[[-117.54601,49.118458],[-117.545675,49.118456],[-117.545763,49.118154],[-117.546015,49.118157],[-117.54601,49.118458]]]},"properties":{"OBJECTID":23458,"PMBCParcelGUID":"{1D6BBE01-BE21-48E5-8D68-A5D8EA01564E}","PMBC_PID":11401214,"PMBC_PIN":11401214,"PMBC_ParcelClass":"SUBDIVISION","PMBC_OwnerType":"PRIVATE","PMBC_LegalDescription":"LOT 10 DISTRICT LOT 1236 KOOTENAY DISTRICT PLAN 12953","Folio":"52100066810","FullAddress":"1929 MEADOWLARK DR , FRUITVALE","apt_no":null,"street_no":"1929","street_direction_prefix":null,"street_name":"MEADOWLARK DR","street_direction_suffix":null,"postal_code":"V0G 1L0","city":"FRUITVALE","province":"BC","AddressID":"A000018XA5","TempKey":"1D6BBE01-BE21-48E5-8D68-A5D8EA01564EA000018XA5","GlobalID":"{3483D582-E9F7-4EB7-9728-19C6ADC85D03}","Shape__Area":8.857801955300002e-8,"Shape__Length":0.0012022847067227407}},{"type":"Feature","geometry":{"type":"MultiPolygon","coordinates":[[[[-117.80606,49.108433],[-117.806503,49.108433],[-117.806505,49.109189],[-117.806504,49.109197],[-117.806361,49.109993],[-117.808027,49.11124],[-117.807785,49.111325],[-117.807812,49.11136],[-117.807133,49.111584],[-117.806777,49.111499],[-117.806901,49.11146],[-117.806666,49.110659],[-117.805266,49.109323],[-117.805331,49.109201],[-117.805879,49.109199],[-117.805833,49.108524],[-117.80606,49.108433]]],[[[-117.80583,49.108434],[-117.805918,49.108434],[-117.80583,49.108468],[-117.80583,49.108434]]]]},"properties":{"OBJECTID":23459,"PMBCParcelGUID":"{96221097-B74C-4C9B-9E81-A5E1E94AC4EA}","PMBC_PID":26580195,"PMBC_PIN":26580195,"PMBC_ParcelClass":"SUBDIVISION","PMBC_OwnerType":"PRIVATE","PMBC_LegalDescription":"LOT B TOWNSHIP 28 KOOTENAY DISTRICT PLAN NEP80314","Folio":"71110996800","FullAddress":"245 MAYER RD , ROSSLAND","apt_no":null,"street_no":"245","street_direction_prefix":null,"street_name":"MAYER RD","street_direction_suffix":null,"postal_code":"V0G 1L0","city":"ROSSLAND","province":"BC","AddressID":"D0000014J2","TempKey":"96221097-B74C-4C9B-9E81-A5E1E94AC4EAD0000014J2","GlobalID":"{4868089D-8C0B-4DCD-A735-EFE634251508}","Shape__Area":0.0000022659807946810005,"Shape__Length":0.010203571827205113}},{"type":"Feature","geometry":{"type":"Polygon","coordinates":[[[-117.717234,49.11376],[-117.717547,49.113447],[-117.717583,49.113411],[-117.717675,49.11345],[-117.717817,49.113528],[-117.717909,49.113584],[-117.717892,49.113601],[-117.717584,49.11391],[-117.717234,49.11376]]]},"properties":{"OBJECTID":23460,"PMBCParcelGUID":"{8C41A3EA-A98C-4646-9C14-A5E3F00FF0F2}","PMBC_PID":15518167,"PMBC_PIN":15518167,"PMBC_ParcelClass":"SUBDIVISION","PMBC_OwnerType":"PRIVATE","PMBC_LegalDescription":"LOT 2 BLOCK 13 DISTRICT LOT 367 KOOTENAY DISTRICT PLAN 2011","Folio":"23202996000","FullAddress":"10 HAZLEWOOD DR , TRAIL","apt_no":null,"street_no":"10","street_direction_prefix":null,"street_name":"HAZLEWOOD DR","street_direction_suffix":null,"postal_code":"V1R 1E2","city":"TRAIL","province":"BC","AddressID":"A000018T54","TempKey":"8C41A3EA-A98C-4646-9C14-A5E3F00FF0F2A000018T54","GlobalID":"{E083FECF-FF19-4DF4-A8D0-AB0FB97BAF3A}","Shape__Area":1.7035118211900004e-7,"Shape__Length":0.0017033445562332156}},{"type":"Feature","geometry":{"type":"Polygon","coordinates":[[[-117.711301,49.091064],[-117.711578,49.091187],[-117.711159,49.0916],[-117.710855,49.091465],[-117.711156,49.091374],[-117.711301,49.091064]]]},"properties":{"OBJECTID":23461,"PMBCParcelGUID":"{E7DE7FDE-4D70-4AB3-AF68-A5E712ACD6DD}","PMBC_PID":12834181,"PMBC_PIN":12834181,"PMBC_ParcelClass":"SUBDIVISION","PMBC_OwnerType":"PRIVATE","PMBC_LegalDescription":"LOT 13 DISTRICT LOT 230 KOOTENAY DISTRICT PLAN 1320","Folio":"23201031300","FullAddress":"1520 LOOKOUT ST , TRAIL","apt_no":null,"street_no":"1520","street_direction_prefix":null,"street_name":"LOOKOUT ST","street_direction_suffix":null,"postal_code":"V1R 4L1","city":"TRAIL","province":"BC","AddressID":"A000018RRB","TempKey":"E7DE7FDE-4D70-4AB3-AF68-A5E712ACD6DDA000018RRB","GlobalID":"{B7388098-CFBA-4C17-8FE8-F87E3D9383A0}","Shape__Area":1.3413814425250004e-7,"Shape__Length":0.0018829774709450975}},{"type":"Feature","geometry":{"type":"Polygon","coordinates":[[[-117.6592,49.093796],[-117.658453,49.093255],[-117.658423,49.09245],[-117.659521,49.093242],[-117.659643,49.093239],[-117.659635,49.093779],[-117.6592,49.093796]]]},"properties":{"OBJECTID":23462,"PMBCParcelGUID":"{8711BB80-24DE-4DC9-AD28-A5E79E7D26BF}","PMBC_PID":16064887,"PMBC_PIN":16064887,"PMBC_ParcelClass":"SUBDIVISION","PMBC_OwnerType":"PRIVATE","PMBC_LegalDescription":"THAT PART OF LOT 5 DISTRICT LOT 4598 KOOTENAY DISTRICT PLAN 1134 SHOWN COLORED RED ON RW PLAN 1734","Folio":"71107220010","FullAddress":"CASINO RD , CASINO","apt_no":null,"street_no":null,"street_direction_prefix":null,"street_name":"CASINO RD","street_direction_suffix":null,"postal_code":"V1R 4X3","city":"CASINO","province":"BC","AddressID":"A000019MXE","TempKey":"8711BB80-24DE-4DC9-AD28-A5E79E7D26BFA000019MXE","GlobalID":"{938D3F7C-F88B-4BBA-BB8B-FB327F2F6EFB}","Shape__Area":8.742433182685003e-7,"Shape__Length":0.004178224438964863}},{"type":"Feature","geometry":{"type":"Polygon","coordinates":[[[-117.709063,49.095004],[-117.708999,49.094949],[-117.709083,49.094908],[-117.709166,49.094866],[-117.709229,49.094921],[-117.709063,49.095004]]]},"properties":{"OBJECTID":23463,"PMBCParcelGUID":"{7537B199-C523-436E-9A5C-A5E7F397DD49}","PMBC_PID":16270622,"PMBC_PIN":16270622,"PMBC_ParcelClass":"SUBDIVISION","PMBC_OwnerType":"PRIVATE","PMBC_LegalDescription":"PARCEL A (SEE 43479I) OF LOT 18 BLOCK 7 DISTRICT LOT 230 KOOTENAY DISTRICT PLAN 465","Folio":"23200101000","FullAddress":"835 SPOKANE ST , TRAIL","apt_no":null,"street_no":"835","street_direction_prefix":null,"street_name":"SPOKANE ST","street_direction_suffix":null,"postal_code":"V1R 3W4","city":"TRAIL","province":"BC","AddressID":"A000018R36","TempKey":"7537B199-C523-436E-9A5C-A5E7F397DD49A000018R36","GlobalID":"{7EF5AE0D-B831-4FAF-BFEB-7C8AFD90EFC0}","Shape__Area":1.4301821417000003e-8,"Shape__Length":0.0005383762022424031}},{"type":"Feature","geometry":{"type":"Polygon","coordinates":[[[-118.437763,49.028214],[-118.438246,49.028087],[-118.438291,49.028163],[-118.437809,49.02829],[-118.437763,49.028214]]]},"properties":{"OBJECTID":23464,"PMBCParcelGUID":"{B6A9FB54-33A8-4FF7-AE87-A5E9CA36D50B}","PMBC_PID":12502359,"PMBC_PIN":12502359,"PMBC_ParcelClass":"SUBDIVISION","PMBC_OwnerType":"LOCAL GOVERNMENT","PMBC_LegalDescription":"LOT 13 BLOCK 20 DISTRICT LOT 534 SIMILKAMEEN DIVISION YALE DISTRICT PLAN 36","Folio":"21001491100","FullAddress":"5TH ST , GRAND FORKS","apt_no":null,"street_no":null,"street_direction_prefix":null,"street_name":"5TH ST","street_direction_suffix":null,"postal_code":null,"city":"GRAND FORKS","province":"BC","AddressID":"A00000H947","TempKey":"B6A9FB54-33A8-4FF7-AE87-A5E9CA36D50BA00000H947","GlobalID":"{2DEB8529-9781-4222-B246-2AC839EAFA97}","Shape__Area":4.260659965500001e-8,"Shape__Length":0.0011764663935254023}},{"type":"Feature","geometry":{"type":"Polygon","coordinates":[[[-119.108313,49.418101],[-119.108317,49.418932],[-119.106812,49.418931],[-119.106812,49.418798],[-119.106841,49.418798],[-119.106841,49.41878],[-119.106811,49.41878],[-119.106809,49.4181],[-119.108313,49.418101]]]},"properties":{"OBJECTID":23465,"PMBCParcelGUID":"{D8C412A7-9FC0-4DA6-9274-A5EB0CD500E8}","PMBC_PID":31866671,"PMBC_PIN":31866671,"PMBC_ParcelClass":"SUBDIVISION","PMBC_OwnerType":"PRIVATE","PMBC_LegalDescription":"LOT 4 AND AN UNDIVIDED 1/8TH SHARE IN LOT 11, DISTRICT LOT 1208S SIMILKAMEEN DIVISION YALE DISTRICT PLAN EPP122117. SEE PLAN AS TO LIMITED ACCESS","Folio":"71304660040","FullAddress":"BEAVERDELL STATION RD ","apt_no":null,"street_no":null,"street_direction_prefix":null,"street_name":"BEAVERDELL STATION RD","street_direction_suffix":null,"postal_code":null,"city":null,"province":"BC","AddressID":"J000035Z22","TempKey":"D8C412A7-9FC0-4DA6-9274-A5EB0CD500E8J000035Z22","GlobalID":"{1ACDF8F3-1EAA-4288-B183-47475D02B053}","Shape__Area":0.0000012489970931825004,"Shape__Length":0.004727914541140922}},{"type":"Feature","geometry":{"type":"Polygon","coordinates":[[[-118.591266,49.097244],[-118.591142,49.097254],[-118.591142,49.097099],[-118.59128,49.097119],[-118.591266,49.097244]]]},"properties":{"OBJECTID":23466,"PMBCParcelGUID":"{ED34F0BC-E012-4F7F-B5C7-A5ED030D4BF2}","PMBC_PID":12252166,"PMBC_PIN":12252166,"PMBC_ParcelClass":"SUBDIVISION","PMBC_OwnerType":"PRIVATE","PMBC_LegalDescription":"LOT 2 BLOCK 7 DISTRICT LOT 922 SIMILKAMEEN DIVISION YALE DISTRICT PLAN 60","Folio":"71203494069","FullAddress":"","apt_no":null,"street_no":null,"street_direction_prefix":null,"street_name":null,"street_direction_suffix":null,"postal_code":null,"city":null,"province":"BC","AddressID":"D00000FFHC","TempKey":"ED34F0BC-E012-4F7F-B5C7-A5ED030D4BF2D00000FFHC","GlobalID":"{AF1C43EB-D8AB-4F22-896E-98D28EC4D0E5}","Shape__Area":1.8283064262000006e-8,"Shape__Length":0.0005432818933431263}},{"type":"Feature","geometry":{"type":"Polygon","coordinates":[[[-118.673854,49.100399],[-118.673852,49.100262],[-118.674282,49.10026],[-118.674284,49.100397],[-118.673854,49.100399]]]},"properties":{"OBJECTID":23467,"PMBCParcelGUID":"{282620AF-ADDD-44F5-B3A9-A5F15F0DA099}","PMBC_PID":12885398,"PMBC_PIN":12885398,"PMBC_ParcelClass":"SUBDIVISION","PMBC_OwnerType":"PRIVATE","PMBC_LegalDescription":"LOT 6 BLOCK 42 DISTRICT LOT 711 SIMILKAMEEN DIVISION YALE DISTRICT PLAN 34","Folio":"21100275000","FullAddress":"STRATHMORE AVE , GREENWOOD","apt_no":null,"street_no":null,"street_direction_prefix":null,"street_name":"STRATHMORE AVE","street_direction_suffix":null,"postal_code":"V0H 1J0","city":"GREENWOOD","province":"BC","AddressID":"A00000H9S5","TempKey":"282620AF-ADDD-44F5-B3A9-A5F15F0DA099A00000H9S5","GlobalID":"{BFC4F43F-8533-4D2E-B6EC-955C18CE6712}","Shape__Area":5.8857670814000016e-8,"Shape__Length":0.0011337403305541058}},{"type":"Feature","geometry":{"type":"Polygon","coordinates":[[[-117.66843,49.098908],[-117.668429,49.099196],[-117.668221,49.099196],[-117.668221,49.098908],[-117.668401,49.098908],[-117.66843,49.098908]]]},"properties":{"OBJECTID":23468,"PMBCParcelGUID":"{1600C292-A2C6-4487-B71F-A5F17A1BA721}","PMBC_PID":13844237,"PMBC_PIN":13844237,"PMBC_ParcelClass":"SUBDIVISION","PMBC_OwnerType":"PRIVATE","PMBC_LegalDescription":"LOT 26 BLOCK 10 DISTRICT LOT 4598 KOOTENAY DISTRICT PLAN 2624","Folio":"23203722000","FullAddress":"3420 ASTER DR , TRAIL","apt_no":null,"street_no":"3420","street_direction_prefix":null,"street_name":"ASTER DR","street_direction_suffix":null,"postal_code":"V1R 2X3","city":"TRAIL","province":"BC","AddressID":"A000018U1N","TempKey":"1600C292-A2C6-4487-B71F-A5F17A1BA721A000018U1N","GlobalID":"{B1900251-BC04-4A9C-811F-72EE6CF0D0C7}","Shape__Area":6.006215524450001e-8,"Shape__Length":0.0009929410470228852}},{"type":"Feature","geometry":{"type":"MultiPolygon","coordinates":[[[[-118.600897,49.096608],[-118.598468,49.096211],[-118.598962,49.09451],[-118.599153,49.093849],[-118.59919,49.093719],[-118.600014,49.09386],[-118.601175,49.094052],[-118.601614,49.094135],[-118.601461,49.094662],[-118.601211,49.095531],[-118.601066,49.096023],[-118.600897,49.096608]]],[[[-118.60004,49.097858],[-118.599912,49.097858],[-118.599784,49.097858],[-118.599657,49.097855],[-118.599529,49.097854],[-118.599401,49.097854],[-118.599273,49.097852],[-118.599146,49.097851],[-118.599018,49.097851],[-118.598886,49.097851],[-118.598764,49.097848],[-118.598642,49.097831],[-118.59852,49.097812],[-118.598398,49.097794],[-118.598335,49.097785],[-118.598275,49.097777],[-118.598029,49.09775],[-118.598028,49.097737],[-118.598066,49.097602],[-118.59808,49.097603],[-118.598194,49.097268],[-118.598163,49.097264],[-118.598174,49.097226],[-118.598388,49.096488],[-118.600812,49.09692],[-118.600744,49.097149],[-118.600595,49.097676],[-118.600553,49.097832],[-118.600549,49.097844],[-118.600546,49.097865],[-118.600423,49.097862],[-118.600295,49.09786],[-118.600168,49.097859],[-118.60004,49.097858]]]]},"properties":{"OBJECTID":23469,"PMBCParcelGUID":"{CA15C7D5-FC34-4AB7-95D2-A5F3E0D3183A}","PMBC_PID":14788349,"PMBC_PIN":14788349,"PMBC_ParcelClass":"SUBDIVISION","PMBC_OwnerType":"PRIVATE","PMBC_LegalDescription":"THE SURFACE OF DISTRICT LOT 589 SIMILKAMEEN DIVISION YALE DISTRICT KNOWN \"OLD IRONSIDE\" MINERAL CLAIM EXCEPT PART 2.75 ACRES SHOWN ON A PLAN ATTACHED TO AFPB VOL 3 FOLIO 738 NO. 3716A","Folio":"71203517000","FullAddress":"","apt_no":null,"street_no":null,"street_direction_prefix":null,"street_name":null,"street_direction_suffix":null,"postal_code":null,"city":null,"province":"BC","AddressID":"D00000GC4U","TempKey":"CA15C7D5-FC34-4AB7-95D2-A5F3E0D3183AD00000GC4U","GlobalID":"{88CA3F04-1946-4320-A7FB-8073135D4ECD}","Shape__Area":0.000009203028602517002,"Shape__Length":0.017416543009270095}},{"type":"Feature","geometry":{"type":"Polygon","coordinates":[[[-117.549852,49.108348],[-117.549604,49.108615],[-117.549428,49.108542],[-117.549675,49.108276],[-117.549852,49.108348]]]},"properties":{"OBJECTID":23470,"PMBCParcelGUID":"{6BA08E3A-29ED-4163-8C8B-A5FA6E9BE275}","PMBC_PID":14916100,"PMBC_PIN":14916100,"PMBC_ParcelClass":"SUBDIVISION","PMBC_OwnerType":"PRIVATE","PMBC_LegalDescription":"LOT 28 DISTRICT LOT 1236 KOOTENAY DISTRICT PLAN 4239","Folio":"52100263112","FullAddress":"72 JUNIPER AVE , FRUITVALE","apt_no":null,"street_no":"72","street_direction_prefix":null,"street_name":"JUNIPER AVE","street_direction_suffix":null,"postal_code":null,"city":"FRUITVALE","province":"BC","AddressID":"A000018XQG","TempKey":"6BA08E3A-29ED-4163-8C8B-A5FA6E9BE275A000018XQG","GlobalID":"{6F656528-C51B-4F19-AF06-811712342699}","Shape__Area":6.509304474450002e-8,"Shape__Length":0.0011099821059876505}},{"type":"Feature","geometry":{"type":"Polygon","coordinates":[[[-117.549852,49.108348],[-117.549604,49.108615],[-117.549428,49.108542],[-117.549675,49.108276],[-117.549852,49.108348]]]},"properties":{"OBJECTID":23471,"PMBCParcelGUID":"{6BA08E3A-29ED-4163-8C8B-A5FA6E9BE275}","PMBC_PID":14916100,"PMBC_PIN":14916100,"PMBC_ParcelClass":"SUBDIVISION","PMBC_OwnerType":"PRIVATE","PMBC_LegalDescription":"LOT 28 DISTRICT LOT 1236 KOOTENAY DISTRICT PLAN 4239","Folio":"52100263112","FullAddress":"70 JUNIPER AVE , FRUITVALE","apt_no":null,"street_no":"70","street_direction_prefix":null,"street_name":"JUNIPER AVE","street_direction_suffix":null,"postal_code":null,"city":"FRUITVALE","province":"BC","AddressID":"A000018XQH","TempKey":"6BA08E3A-29ED-4163-8C8B-A5FA6E9BE275A000018XQH","GlobalID":"{20E83969-C414-42DF-8F82-C5037A54B2E7}","Shape__Area":6.509304474450002e-8,"Shape__Length":0.0011099821059876505}},{"type":"Feature","geometry":{"type":"Polygon","coordinates":[[[-117.689661,49.21943],[-117.689828,49.219249],[-117.68993,49.219333],[-117.69006,49.219442],[-117.690137,49.219498],[-117.69022,49.219551],[-117.690309,49.219599],[-117.690404,49.219643],[-117.690503,49.219681],[-117.690607,49.219715],[-117.690714,49.219742],[-117.690825,49.219765],[-117.690858,49.22008],[-117.689405,49.220946],[-117.689445,49.220865],[-117.689476,49.220781],[-117.689496,49.220697],[-117.689506,49.220611],[-117.689506,49.220526],[-117.689495,49.22044],[-117.689475,49.220355],[-117.689444,49.220272],[-117.689404,49.22019],[-117.689354,49.220111],[-117.689295,49.220035],[-117.689203,49.219925],[-117.689661,49.21943]]]},"properties":{"OBJECTID":23472,"PMBCParcelGUID":"{F511C8EC-3C6E-4FF2-AC57-A5FA73F472B1}","PMBC_PID":30839581,"PMBC_PIN":30839581,"PMBC_ParcelClass":"SUBDIVISION","PMBC_OwnerType":"CROWN AGENCY","PMBC_LegalDescription":"LOT A DISTRICT LOT 7187 KOOTENAY DISTRICT PLAN EPP91512","Folio":"71108838410","FullAddress":"1175 LOWER CHINA CREEK RD , GENELLE","apt_no":null,"street_no":"1175","street_direction_prefix":null,"street_name":"LOWER CHINA CREEK RD","street_direction_suffix":null,"postal_code":null,"city":"GENELLE","province":"BC","AddressID":"D00000LB7H","TempKey":"F511C8EC-3C6E-4FF2-AC57-A5FA73F472B1D00000LB7H","GlobalID":"{9B87131B-F51B-436E-A6D2-2AE5B230FE55}","Shape__Area":0.0000013937314094990005,"Shape__Length":0.005195453661950899}},{"type":"Feature","geometry":{"type":"Polygon","coordinates":[[[-118.41983,49.007458],[-118.422235,49.007478],[-118.422221,49.011055],[-118.419837,49.011077],[-118.419836,49.011077],[-118.41983,49.007458]]]},"properties":{"OBJECTID":23473,"PMBCParcelGUID":"{49A22DCD-088F-4FD7-BF2D-A5FBD5990E59}","PMBC_PID":14137704,"PMBC_PIN":14137704,"PMBC_ParcelClass":"SUBDIVISION","PMBC_OwnerType":"PRIVATE","PMBC_LegalDescription":"THAT PART OF DISTRICT LOT 536 SHOWN AS LOT 11 ON PLAN B4896; SIMILKAMEEN DIVISION YALE DISTRICT","Folio":"71203443000","FullAddress":"55 CARSON RD , GRAND FORKS","apt_no":null,"street_no":"55","street_direction_prefix":null,"street_name":"CARSON RD","street_direction_suffix":null,"postal_code":"V0H 1H4","city":"GRAND FORKS","province":"BC","AddressID":"A00000J44G","TempKey":"49A22DCD-088F-4FD7-BF2D-A5FBD5990E59A00000J44G","GlobalID":"{937F099B-2880-4AE6-8883-28A38DE4BF94}","Shape__Area":0.000008618747042816002,"Shape__Length":0.01198718022220108}},{"type":"Feature","geometry":{"type":"Polygon","coordinates":[[[-117.803776,49.072785],[-117.803401,49.072767],[-117.803431,49.072494],[-117.803806,49.072512],[-117.803776,49.072785]]]},"properties":{"OBJECTID":23474,"PMBCParcelGUID":"{94E65F88-55D0-4EB1-BE18-A5FC626EDAF7}","PMBC_PID":10392246,"PMBC_PIN":10392246,"PMBC_ParcelClass":"SUBDIVISION","PMBC_OwnerType":"PRIVATE","PMBC_LegalDescription":"PARCEL A (DD V8894) BLOCK 21 DISTRICT LOT 535 KOOTENAY DISTRICT PLAN 579A","Folio":"22900166200","FullAddress":"1820 UNION AVE , ROSSLAND","apt_no":null,"street_no":"1820","street_direction_prefix":null,"street_name":"UNION AVE","street_direction_suffix":null,"postal_code":null,"city":"ROSSLAND","province":"BC","AddressID":"A000018P09","TempKey":"94E65F88-55D0-4EB1-BE18-A5FC626EDAF7A000018P09","GlobalID":"{8378D319-B49E-4604-B6CD-314D2707ED25}","Shape__Area":1.0263943635150003e-7,"Shape__Length":0.0012983359785998082}},{"type":"Feature","geometry":{"type":"Polygon","coordinates":[[[-118.421767,49.017025],[-118.422988,49.017016],[-118.42299,49.017144],[-118.422992,49.017209],[-118.422973,49.017209],[-118.421771,49.017224],[-118.421767,49.017025]]]},"properties":{"OBJECTID":23475,"PMBCParcelGUID":"{4F10CE75-74CE-4E63-8500-A60049A0E7FC}","PMBC_PID":6683762,"PMBC_PIN":6683762,"PMBC_ParcelClass":"SUBDIVISION","PMBC_OwnerType":"PRIVATE","PMBC_LegalDescription":"LOT B DISTRICT LOT 534 SIMILKAMEEN DIVISION YALE DISTRICT PLAN 22863","Folio":"71203396010","FullAddress":"160 BIRCH RD , GRAND FORKS","apt_no":null,"street_no":"160","street_direction_prefix":null,"street_name":"BIRCH RD","street_direction_suffix":null,"postal_code":"V0H 1H4","city":"GRAND FORKS","province":"BC","AddressID":"A00000J42C","TempKey":"4F10CE75-74CE-4E63-8500-A60049A0E7FCA00000J42C","GlobalID":"{75972775-4501-40CC-AF69-655FADE65E9A}","Shape__Area":2.3906222174450007e-7,"Shape__Length":0.002833750330756475}},{"type":"Feature","geometry":{"type":"Polygon","coordinates":[[[-117.752474,49.090518],[-117.752609,49.09041],[-117.752638,49.090432],[-117.752664,49.090455],[-117.752698,49.090494],[-117.752723,49.090536],[-117.752736,49.090572],[-117.752742,49.090608],[-117.752742,49.090645],[-117.752474,49.090518]]]},"properties":{"OBJECTID":23476,"PMBCParcelGUID":"{C9A8D1C4-2AA2-4972-B9E3-A600DC3261E7}","PMBC_PID":15580652,"PMBC_PIN":15580652,"PMBC_ParcelClass":"SUBDIVISION","PMBC_OwnerType":"PRIVATE","PMBC_LegalDescription":"LOT 1 DISTRICT LOT 7189 KOOTENAY DISTRICT PLAN 1957","Folio":"58800657000","FullAddress":"898 SCHOFIELD HWY , WARFIELD","apt_no":null,"street_no":"898","street_direction_prefix":null,"street_name":"SCHOFIELD HWY","street_direction_suffix":null,"postal_code":"V1R 2G9","city":"WARFIELD","province":"BC","AddressID":"A00001933P","TempKey":"C9A8D1C4-2AA2-4972-B9E3-A600DC3261E7A00001933P","GlobalID":"{5311CB4C-D95C-4A69-A9E1-A94D803CA6E9}","Shape__Area":2.9853631545500006e-8,"Shape__Length":0.0007541159780254467}},{"type":"Feature","geometry":{"type":"Polygon","coordinates":[[[-118.709323,49.109429],[-118.709745,49.10907],[-118.71009,49.108776],[-118.714626,49.111077],[-118.714683,49.111103],[-118.714356,49.111884],[-118.711673,49.114167],[-118.711377,49.114415],[-118.71132,49.114464],[-118.711229,49.114544],[-118.707836,49.112824],[-118.707858,49.111725],[-118.706637,49.111678],[-118.706661,49.111656],[-118.709085,49.10963],[-118.709098,49.109618],[-118.709323,49.109429]]]},"properties":{"OBJECTID":23477,"PMBCParcelGUID":"{EF1AA010-EBFA-4A0A-8CC2-A603A05F4C59}","PMBC_PID":14922291,"PMBC_PIN":14922291,"PMBC_ParcelClass":"SUBDIVISION","PMBC_OwnerType":"CROWN PROVINCIAL","PMBC_LegalDescription":"DISTRICT LOT 928 SIMILKAMEEN DIVISION YALE DISTRICT","Folio":"71304227000","FullAddress":"","apt_no":null,"street_no":null,"street_direction_prefix":null,"street_name":null,"street_direction_suffix":null,"postal_code":null,"city":null,"province":"BC","AddressID":"D00000GN4H","TempKey":"EF1AA010-EBFA-4A0A-8CC2-A603A05F4C59D00000GN4H","GlobalID":"{93DB5B5C-F7A2-4336-883F-E71FCD4E2888}","Shape__Area":0.000024538221663031007,"Shape__Length":0.02073719617453824}},{"type":"Feature","geometry":{"type":"Polygon","coordinates":[[[-118.218485,49.037025],[-118.218239,49.037238],[-118.218025,49.037422],[-118.217528,49.037172],[-118.217658,49.036913],[-118.218482,49.036898],[-118.218485,49.037025]]]},"properties":{"OBJECTID":23478,"PMBCParcelGUID":"{2566945B-84D6-4028-9A1E-A609573ADF77}","PMBC_PID":7874367,"PMBC_PIN":7874367,"PMBC_ParcelClass":"SUBDIVISION","PMBC_OwnerType":"PRIVATE","PMBC_LegalDescription":"LOT 21 DISTRICT LOT 317 SIMILKAMEEN DIVISION YALE DISTRICT PLAN 20292","Folio":"71202535600","FullAddress":"1519 BURGER RD , CHRISTINA LAKE","apt_no":null,"street_no":"1519","street_direction_prefix":null,"street_name":"BURGER RD","street_direction_suffix":null,"postal_code":"V0H 1E0","city":"CHRISTINA LAKE","province":"BC","AddressID":"A00000J30U","TempKey":"2566945B-84D6-4028-9A1E-A609573ADF77A00000J30U","GlobalID":"{A386ACE5-3577-4E7E-998D-A962C9FEE6DD}","Shape__Area":3.232982737545001e-7,"Shape__Length":0.0024057471044405046}},{"type":"Feature","geometry":{"type":"Polygon","coordinates":[[[-117.717333,49.115707],[-117.71741,49.115685],[-117.717572,49.115931],[-117.717495,49.115953],[-117.717333,49.115707]]]},"properties":{"OBJECTID":23479,"PMBCParcelGUID":"{27E31887-1C47-45E0-B9EE-A609A8B12103}","PMBC_PID":15520161,"PMBC_PIN":15520161,"PMBC_ParcelClass":"SUBDIVISION","PMBC_OwnerType":"PRIVATE","PMBC_LegalDescription":"PARCEL A (SEE 159750I) OF LOT 2 BLOCK 6 DISTRICT LOT 367 KOOTENAY DISTRICT PLAN 2011","Folio":"23202900100","FullAddress":"417 OLIVIA CRES , TRAIL","apt_no":null,"street_no":"417","street_direction_prefix":null,"street_name":"OLIVIA CRES","street_direction_suffix":null,"postal_code":"V1R 1A6","city":"TRAIL","province":"BC","AddressID":"A000018T3J","TempKey":"27E31887-1C47-45E0-B9EE-A609A8B12103A000018T3J","GlobalID":"{9D58662A-F8D9-401C-AB9D-C007C31A6431}","Shape__Area":2.2364928568500005e-8,"Shape__Length":0.0007478649718301584}},{"type":"Feature","geometry":{"type":"Polygon","coordinates":[[[-118.434319,49.005719],[-118.430856,49.005719],[-118.43085,49.004378],[-118.430987,49.004378],[-118.434314,49.004379],[-118.434319,49.005719]]]},"properties":{"OBJECTID":23480,"PMBCParcelGUID":"{B45C9EE8-C658-44D3-93A6-A60DCF78F272}","PMBC_PID":5592461,"PMBC_PIN":5592461,"PMBC_ParcelClass":"SUBDIVISION","PMBC_OwnerType":"PRIVATE","PMBC_LegalDescription":"LOT 3 DISTRICT LOT 535 SIMILKAMEEN DIVISION YALE DISTRICT PLAN 25152","Folio":"71203419200","FullAddress":"5235 INTERNATIONAL RD , GRAND FORKS","apt_no":null,"street_no":"5235","street_direction_prefix":null,"street_name":"INTERNATIONAL RD","street_direction_suffix":null,"postal_code":"V0H 1H4","city":"GRAND FORKS","province":"BC","AddressID":"A00000J43M","TempKey":"B45C9EE8-C658-44D3-93A6-A60DCF78F272A00000J43M","GlobalID":"{ADAC763A-59F2-4711-B00D-5AD7B04E8CD7}","Shape__Area":0.000004645072677502001,"Shape__Length":0.009609396656472986}},{"type":"Feature","geometry":{"type":"Polygon","coordinates":[[[-119.182193,49.116664],[-119.182178,49.116539],[-119.182169,49.116467],[-119.181831,49.113658],[-119.184322,49.113529],[-119.184757,49.117178],[-119.184709,49.117276],[-119.184679,49.117337],[-119.184597,49.117504],[-119.182306,49.117619],[-119.182258,49.117201],[-119.182193,49.116664]]]},"properties":{"OBJECTID":23481,"PMBCParcelGUID":"{8895C3F7-BAB2-4F44-BABE-A60DE40BDBC3}","PMBC_PID":14137003,"PMBC_PIN":14137003,"PMBC_ParcelClass":"SUBDIVISION","PMBC_OwnerType":"PRIVATE","PMBC_LegalDescription":"THE SURFACE OF DISTRICT LOT 274 SIMILKAMEEN DIVISION YALE DISTRICT KNOWN AS THE 'OKANAGAN' MINERAL CLAIM","Folio":"71302391000","FullAddress":"MT BALDY RD ","apt_no":null,"street_no":null,"street_direction_prefix":null,"street_name":"MT BALDY RD","street_direction_suffix":null,"postal_code":null,"city":null,"province":"BC","AddressID":"A00000J74M","TempKey":"8895C3F7-BAB2-4F44-BABE-A60DE40BDBC3A00000J74M","GlobalID":"{093C4683-064B-4419-AF19-C164EB669E94}","Shape__Area":0.000009891241955392503,"Shape__Length":0.012814408542226496}},{"type":"Feature","geometry":{"type":"Polygon","coordinates":[[[-118.541927,49.124664],[-118.541803,49.124665],[-118.541803,49.124337],[-118.541929,49.124336],[-118.541927,49.124664]]]},"properties":{"OBJECTID":23482,"PMBCParcelGUID":"{B4544A7A-8065-4364-94F4-A61022196D34}","PMBC_PID":12737488,"PMBC_PIN":12737488,"PMBC_ParcelClass":"SUBDIVISION","PMBC_OwnerType":"CROWN PROVINCIAL","PMBC_LegalDescription":"LOT 7 BLOCK 12 DISTRICT LOT 1557 SIMILKAMEEN DIVISION YALE DISTRICT PLAN 79","Folio":"71204850260","FullAddress":"","apt_no":null,"street_no":null,"street_direction_prefix":null,"street_name":null,"street_direction_suffix":null,"postal_code":null,"city":null,"province":"BC","AddressID":"D00000F14B","TempKey":"B4544A7A-8065-4364-94F4-A61022196D34D00000F14B","GlobalID":"{B191082A-DEA0-4741-981B-974044703BE4}","Shape__Area":4.110166653350001e-8,"Shape__Length":0.000907258043722765}},{"type":"Feature","geometry":{"type":"Polygon","coordinates":[[[-117.705727,49.093228],[-117.705893,49.093145],[-117.705956,49.093199],[-117.70579,49.093282],[-117.705727,49.093228]]]},"properties":{"OBJECTID":23483,"PMBCParcelGUID":"{7AEF55B6-00E2-4649-9F7F-A6110AA525D4}","PMBC_PID":16270088,"PMBC_PIN":16270088,"PMBC_ParcelClass":"SUBDIVISION","PMBC_OwnerType":"PRIVATE","PMBC_LegalDescription":"LOT 18 BLOCK 17 DISTRICT LOT 230 KOOTENAY DISTRICT PLAN 465 EXCEPT PARCEL A (SEE 18794I)","Folio":"23200261100","FullAddress":"1683 CEDAR AVE , TRAIL","apt_no":null,"street_no":"1683","street_direction_prefix":null,"street_name":"CEDAR AVE","street_direction_suffix":null,"postal_code":"V1R 4C9","city":"TRAIL","province":"BC","AddressID":"A000018R7Q","TempKey":"7AEF55B6-00E2-4649-9F7F-A6110AA525D4A000018R7Q","GlobalID":"{65CA2608-D732-4509-BB44-87606D565469}","Shape__Area":1.4307978152000004e-8,"Shape__Length":0.000538474441208177}},{"type":"Feature","geometry":{"type":"Polygon","coordinates":[[[-118.612941,49.015056],[-118.613769,49.014099],[-118.614921,49.012753],[-118.615024,49.012822],[-118.616723,49.011738],[-118.619775,49.012871],[-118.621461,49.013493],[-118.621143,49.013863],[-118.62038,49.014786],[-118.61923,49.016098],[-118.619209,49.016121],[-118.61839,49.017075],[-118.614226,49.015533],[-118.613269,49.015178],[-118.612941,49.015056]]]},"properties":{"OBJECTID":23484,"PMBCParcelGUID":"{E9663E91-B8D9-4F4D-9A9F-A611EA8833B9}","PMBC_PID":15210138,"PMBC_PIN":15210138,"PMBC_ParcelClass":"SUBDIVISION","PMBC_OwnerType":"CROWN PROVINCIAL","PMBC_LegalDescription":"THE SURFACE OF DITRICT LOT 2804 SIMILKAMEEN DIVISION YALE DISTRICT KNOWN AS THE \"NEW JACK OF SPADES\" MINERAL CLAIM","Folio":"71306870600","FullAddress":"","apt_no":null,"street_no":null,"street_direction_prefix":null,"street_name":null,"street_direction_suffix":null,"postal_code":null,"city":null,"province":"BC","AddressID":"D00000F11D","TempKey":"E9663E91-B8D9-4F4D-9A9F-A611EA8833B9D00000F11D","GlobalID":"{06E95D1B-420D-442B-BEC4-FCCF53469699}","Shape__Area":0.000025016960140252507,"Shape__Length":0.02075818929855254}},{"type":"Feature","geometry":{"type":"Polygon","coordinates":[[[-118.678593,49.089391],[-118.678592,49.089253],[-118.679009,49.089251],[-118.678996,49.089291],[-118.678978,49.08933],[-118.678956,49.089359],[-118.67894,49.089389],[-118.678593,49.089391]]]},"properties":{"OBJECTID":23485,"PMBCParcelGUID":"{D34737ED-3E54-4DB2-A574-A6157DAEDC7A}","PMBC_PID":1756699,"PMBC_PIN":1756699,"PMBC_ParcelClass":"SUBDIVISION","PMBC_OwnerType":"PRIVATE","PMBC_LegalDescription":"LOT 16 BLOCK 11 DISTRICT LOT 597 SIMILKAMEEN DIVISION YALE DISTRICT PLAN 21","Folio":"21100072160","FullAddress":"S SILVER AVE , GREENWOOD","apt_no":null,"street_no":null,"street_direction_prefix":"S","street_name":"SILVER AVE","street_direction_suffix":null,"postal_code":"V0H 1J0","city":"GREENWOOD","province":"BC","AddressID":"D00000JMCK","TempKey":"D34737ED-3E54-4DB2-A574-A6157DAEDC7AD00000JMCK","GlobalID":"{2939CD1D-68A7-4593-BCA7-961D2F999D15}","Shape__Area":5.292614406900001e-8,"Shape__Length":0.0010554514664767652}},{"type":"Feature","geometry":{"type":"Polygon","coordinates":[[[-118.676857,49.091921],[-118.676924,49.091921],[-118.6771,49.09192],[-118.677126,49.091919],[-118.677304,49.091919],[-118.677305,49.091987],[-118.67709,49.091988],[-118.677065,49.091988],[-118.676896,49.091989],[-118.676858,49.091989],[-118.676857,49.091921]]]},"properties":{"OBJECTID":23486,"PMBCParcelGUID":"{B2B3FACA-71FB-4979-8D73-A616669651E0}","PMBC_PID":12875210,"PMBC_PIN":12875210,"PMBC_ParcelClass":"SUBDIVISION","PMBC_OwnerType":"PRIVATE","PMBC_LegalDescription":"LOT 21 BLOCK 6 DISTRICT LOT 711 SIMILKAMEEN DIVISION YALE DISTRICT PLAN 34","Folio":"21100156000","FullAddress":"S COPPER AVE , GREENWOOD","apt_no":null,"street_no":null,"street_direction_prefix":"S","street_name":"COPPER AVE","street_direction_suffix":null,"postal_code":"V0H 1J0","city":"GREENWOOD","province":"BC","AddressID":"A00000H9KF","TempKey":"B2B3FACA-71FB-4979-8D73-A616669651E0A00000H9KF","GlobalID":"{22553956-6D6B-4BCA-AFB7-BDEE81ECC5BD}","Shape__Area":3.0611571629500006e-8,"Shape__Length":0.0010303798200758266}},{"type":"Feature","geometry":{"type":"Polygon","coordinates":[[[-118.353167,49.555498],[-118.353135,49.555577],[-118.352728,49.555507],[-118.35276,49.555428],[-118.353167,49.555498]]]},"properties":{"OBJECTID":23487,"PMBCParcelGUID":"{EFA36D6C-F8B1-43A2-92A8-A617A2F71212}","PMBC_PID":12529036,"PMBC_PIN":12529036,"PMBC_ParcelClass":"SUBDIVISION","PMBC_OwnerType":"CROWN PROVINCIAL","PMBC_LegalDescription":"LOT 6 BLOCK 4 DISTRICT LOT 3672 SIMILKAMEEN DIVISION YALE DISTRICT PLAN 323","Folio":"71207205080","FullAddress":"","apt_no":null,"street_no":null,"street_direction_prefix":null,"street_name":null,"street_direction_suffix":null,"postal_code":null,"city":null,"province":"BC","AddressID":"D00000G1JN","TempKey":"EFA36D6C-F8B1-43A2-92A8-A617A2F71212D00000G1JN","GlobalID":"{B53EA24D-132E-4643-805E-CFBB90402EC0}","Shape__Area":3.465259147600001e-8,"Shape__Length":0.0009983310312916764}},{"type":"Feature","geometry":{"type":"Polygon","coordinates":[[[-118.544,49.075199],[-118.545782,49.075191],[-118.549956,49.075162],[-118.549956,49.075162],[-118.550096,49.075983],[-118.549709,49.07684],[-118.545417,49.076992],[-118.544208,49.077035],[-118.544,49.075199]]]},"properties":{"OBJECTID":23488,"PMBCParcelGUID":"{E42E18F6-8145-4163-96CE-A61D35273F8E}","PMBC_PID":3315291,"PMBC_PIN":3315291,"PMBC_ParcelClass":"SUBDIVISION","PMBC_OwnerType":"PRIVATE","PMBC_LegalDescription":"LOT B DISTRICT LOT 3231S SIMILKAMEEN DIVISION YALE DISTRICT PLAN 32792","Folio":"71207116090","FullAddress":"6050 ATHELSTON-HARTFORD RD , GRAND FORKS","apt_no":null,"street_no":"6050","street_direction_prefix":null,"street_name":"ATHELSTON-HARTFORD RD","street_direction_suffix":null,"postal_code":"V0H 1H5","city":"GRAND FORKS","province":"BC","AddressID":"A00000J63Q","TempKey":"E42E18F6-8145-4163-96CE-A61D35273F8EA00000J63Q","GlobalID":"{1D6598E0-9371-4A6A-9B80-A69A1F01D17F}","Shape__Area":0.000010274169998809502,"Shape__Length":0.015082287958175098}},{"type":"Feature","geometry":{"type":"Polygon","coordinates":[[[-118.673617,49.101524],[-118.672588,49.101529],[-118.672586,49.101392],[-118.673615,49.101387],[-118.673617,49.101524]]]},"properties":{"OBJECTID":23489,"PMBCParcelGUID":"{21358E0A-8AE7-4BFB-A82A-A6219D08F121}","PMBC_PID":12536091,"PMBC_PIN":12536091,"PMBC_ParcelClass":"SUBDIVISION","PMBC_OwnerType":"PRIVATE","PMBC_LegalDescription":"LOT 5 BLOCK 52 DISTRICT LOT 711 SIMILKAMEEN DIVISION YALE DISTRICT PLAN 70","Folio":"21100321000","FullAddress":"550 STRATHMORE AVE , GREENWOOD","apt_no":null,"street_no":"550","street_direction_prefix":null,"street_name":"STRATHMORE AVE","street_direction_suffix":null,"postal_code":"V0H 1J0","city":"GREENWOOD","province":"BC","AddressID":"A00000H9U5","TempKey":"21358E0A-8AE7-4BFB-A82A-A6219D08F121A00000H9U5","GlobalID":"{9D38B3AA-6D09-4A05-8977-965E6365D029}","Shape__Area":1.4090708070600003e-7,"Shape__Length":0.002331884266224386}},{"type":"Feature","geometry":{"type":"MultiPolygon","coordinates":[[[[-118.605873,49.160851],[-118.605626,49.16058],[-118.605956,49.158974],[-118.606233,49.157627],[-118.608279,49.158329],[-118.609481,49.159054],[-118.610751,49.159748],[-118.611002,49.159851],[-118.610817,49.160731],[-118.610983,49.160744],[-118.610465,49.161258],[-118.609448,49.161167],[-118.607782,49.161019],[-118.605873,49.160851]]],[[[-118.608358,49.158242],[-118.606258,49.157509],[-118.606414,49.15675],[-118.611524,49.157201],[-118.611019,49.159729],[-118.610824,49.159649],[-118.608358,49.158242]]]]},"properties":{"OBJECTID":23490,"PMBCParcelGUID":"{0CF22E41-9521-47FB-AEAE-A621DB04891F}","PMBC_PID":14994003,"PMBC_PIN":14994003,"PMBC_ParcelClass":"SUBDIVISION","PMBC_OwnerType":"CROWN PROVINCIAL","PMBC_LegalDescription":"THE SURFACE OF DISTRICT LOT 1401 SIMILKAMEEN DIVISION YALE DISTRICT KNOWN AS THE 'MASSACHUSETTS' MINERAL CLAIM","Folio":"71304746000","FullAddress":"","apt_no":null,"street_no":null,"street_direction_prefix":null,"street_name":null,"street_direction_suffix":null,"postal_code":null,"city":null,"province":"BC","AddressID":"D00000F5HW","TempKey":"0CF22E41-9521-47FB-AEAE-A621DB04891FD00000F5HW","GlobalID":"{B4C71A99-B72D-4E71-9A1E-7F45281E35C7}","Shape__Area":0.000020535829132400506,"Shape__Length":0.02882792682535318}},{"type":"Feature","geometry":{"type":"Polygon","coordinates":[[[-117.790985,49.083315],[-117.791103,49.083081],[-117.791459,49.083158],[-117.791342,49.083392],[-117.790985,49.083315]]]},"properties":{"OBJECTID":23491,"PMBCParcelGUID":"{D710855A-E2C8-4F6A-B867-A62459D11943}","PMBC_PID":11587059,"PMBC_PIN":11587059,"PMBC_ParcelClass":"SUBDIVISION","PMBC_OwnerType":"PRIVATE","PMBC_LegalDescription":"LOT 9 TOWNSHIP 9A KOOTENAY DISTRICT PLAN 9547","Folio":"22901073040","FullAddress":"2725 CHARLSTON ST , ROSSLAND","apt_no":null,"street_no":"2725","street_direction_prefix":null,"street_name":"CHARLSTON ST","street_direction_suffix":null,"postal_code":null,"city":"ROSSLAND","province":"BC","AddressID":"A000018Q1N","TempKey":"D710855A-E2C8-4F6A-B867-A62459D11943A000018Q1N","GlobalID":"{C02B6C37-A203-4171-81C9-0D65637D530B}","Shape__Area":9.259477671750002e-8,"Shape__Length":0.0012538139047332828}},{"type":"Feature","geometry":{"type":"Polygon","coordinates":[[[-118.436144,49.032568],[-118.436167,49.032562],[-118.436221,49.032549],[-118.436237,49.032574],[-118.436268,49.032624],[-118.436194,49.032644],[-118.436194,49.032644],[-118.436194,49.032644],[-118.436191,49.032645],[-118.436187,49.032638],[-118.436187,49.032638],[-118.436187,49.032638],[-118.436144,49.032568]]]},"properties":{"OBJECTID":23492,"PMBCParcelGUID":"{15E9B402-4E3D-4ADE-B7FB-A62728F049F8}","PMBC_PID":12793736,"PMBC_PIN":12793736,"PMBC_ParcelClass":"SUBDIVISION","PMBC_OwnerType":"LOCAL GOVERNMENT","PMBC_LegalDescription":"THE WESTERLY 20 FEET OF LOT 9 BLOCK 2 DISTRICT LOT 108 SIMILKAMEEN DIVISION YALE DISTRICT PLAN 23","Folio":"21000014010","FullAddress":"RIVERSIDE DR , GRAND FORKS","apt_no":null,"street_no":null,"street_direction_prefix":null,"street_name":"RIVERSIDE DR","street_direction_suffix":null,"postal_code":null,"city":"GRAND FORKS","province":"BC","AddressID":"A00000H6M3","TempKey":"15E9B402-4E3D-4ADE-B7FB-A62728F049F8A00000H6M3","GlobalID":"{51B66BD2-9418-4777-86E9-D28F1337E09F}","Shape__Area":6.7983097980000016e-9,"Shape__Length":0.00033732422802225045}},{"type":"Feature","geometry":{"type":"Polygon","coordinates":[[[-118.441099,49.032245],[-118.44161,49.03211],[-118.441626,49.032137],[-118.441688,49.032237],[-118.441623,49.032254],[-118.441177,49.032374],[-118.441099,49.032245]]]},"properties":{"OBJECTID":23493,"PMBCParcelGUID":"{2F873761-961B-4443-BFB2-A628FAB55A61}","PMBC_PID":12791482,"PMBC_PIN":12791482,"PMBC_ParcelClass":"SUBDIVISION","PMBC_OwnerType":"LOCAL GOVERNMENT","PMBC_LegalDescription":"LOT 4 BLOCK 20 DISTRICT LOT 108 SIMILKAMEEN DIVISION YALE DISTRICT PLAN 23","Folio":"21000171080","FullAddress":"5TH ST , GRAND FORKS","apt_no":null,"street_no":null,"street_direction_prefix":null,"street_name":"5TH ST","street_direction_suffix":null,"postal_code":null,"city":"GRAND FORKS","province":"BC","AddressID":"A00000H6U4","TempKey":"2F873761-961B-4443-BFB2-A628FAB55A61A00000H6U4","GlobalID":"{6793F67F-23C2-40F7-9534-333750A285C0}","Shape__Area":7.586031827250002e-8,"Shape__Length":0.0013569309708503221}},{"type":"Feature","geometry":{"type":"MultiPolygon","coordinates":[[[[-118.41046,49.021482],[-118.410485,49.021008],[-118.410344,49.020794],[-118.410076,49.020379],[-118.409913,49.020128],[-118.410586,49.020128],[-118.410577,49.020245],[-118.41059,49.02037],[-118.410606,49.020491],[-118.410645,49.020613],[-118.410719,49.020732],[-118.4108,49.020825],[-118.410922,49.020948],[-118.411026,49.021049],[-118.411162,49.021202],[-118.411269,49.021318],[-118.41145,49.021442],[-118.410752,49.021578],[-118.41046,49.021482]]],[[[-118.411561,49.021682],[-118.411103,49.021678],[-118.411049,49.021663],[-118.411511,49.021573],[-118.411561,49.021682]]]]},"properties":{"OBJECTID":23494,"PMBCParcelGUID":"{59F99724-C310-496C-ADA4-A62990282C40}","PMBC_PID":8163324,"PMBC_PIN":8163324,"PMBC_ParcelClass":"SUBDIVISION","PMBC_OwnerType":"PRIVATE","PMBC_LegalDescription":"LOT 1 DISTRICT LOT 152 SIMILKAMEEN DIVISION YALE DISTRICT PLAN 18967","Folio":"71201852000","FullAddress":"330 NEGRAEFF RD , GRAND FORKS","apt_no":null,"street_no":"330","street_direction_prefix":null,"street_name":"NEGRAEFF RD","street_direction_suffix":null,"postal_code":"V0H 1H9","city":"GRAND FORKS","province":"BC","AddressID":"A00000J2UD","TempKey":"59F99724-C310-496C-ADA4-A62990282C40A00000J2UD","GlobalID":"{C9CFB3B1-D7B1-4C07-938F-0E87CD9EDF85}","Shape__Area":8.468930328450002e-7,"Shape__Length":0.005978808257738608}},{"type":"Feature","geometry":{"type":"Polygon","coordinates":[[[-118.631277,49.01229],[-118.636581,49.012902],[-118.637378,49.012997],[-118.637204,49.013642],[-118.636987,49.014458],[-118.636833,49.015034],[-118.636258,49.014965],[-118.632888,49.014576],[-118.632249,49.014317],[-118.632091,49.014485],[-118.631978,49.01447],[-118.631814,49.01445],[-118.631503,49.014416],[-118.630831,49.013758],[-118.630836,49.013733],[-118.631225,49.012284],[-118.631277,49.01229]]]},"properties":{"OBJECTID":23495,"PMBCParcelGUID":"{B36BEF48-8FB6-42D8-BFE4-A62C2C3242A2}","PMBC_PID":15082300,"PMBC_PIN":15082300,"PMBC_ParcelClass":"SUBDIVISION","PMBC_OwnerType":"CROWN PROVINCIAL","PMBC_LegalDescription":"DISTRICT LOT 1878 SIMILKAMEEN DIVISION YALE DISTRICT","Folio":"71304942300","FullAddress":"","apt_no":null,"street_no":null,"street_direction_prefix":null,"street_name":null,"street_direction_suffix":null,"postal_code":null,"city":null,"province":"BC","AddressID":"D00000G7JX","TempKey":"B36BEF48-8FB6-42D8-BFE4-A62C2C3242A2D00000G7JX","GlobalID":"{EDC38CFF-5887-407D-A735-8CB71440051B}","Shape__Area":0.000012613114662752003,"Shape__Length":0.016252527566253876}},{"type":"Feature","geometry":{"type":"Polygon","coordinates":[[[-118.9381,49.717708],[-118.93835,49.717632],[-118.938652,49.717937],[-118.938422,49.718039],[-118.9381,49.717708]]]},"properties":{"OBJECTID":23496,"PMBCParcelGUID":"{486C8678-795C-4290-97A9-A62E484CA7E3}","PMBC_PID":18082823,"PMBC_PIN":18082823,"PMBC_ParcelClass":"BARE LAND STRATA","PMBC_OwnerType":"PRIVATE","PMBC_LegalDescription":"STRATA LOT 114 DISTRICT LOT 4176S SIMILKAMEEN DIVISION YALE DISTRICT STRATA PLAN KAS938 TOGETHER WITH AN INTEREST IN THE COMMON PROPERTY IN PROPORTION TO THE UNIT ENTITLEMENT OF THE STRATA LOT AS SHOWN ON FORM V","Folio":"71307385566","FullAddress":"A 5919 SNOW PINES CRES , BIG WHITE","apt_no":"A","street_no":"5919","street_direction_prefix":null,"street_name":"SNOW PINES CRES","street_direction_suffix":null,"postal_code":null,"city":"BIG WHITE","province":"BC","AddressID":"A00000J92X","TempKey":"486C8678-795C-4290-97A9-A62E484CA7E3A00000J92X","GlobalID":"{B7234F93-3442-42C4-8EB1-68523F8FBAF4}","Shape__Area":1.0422085724600002e-7,"Shape__Length":0.0014046955886903533}},{"type":"Feature","geometry":{"type":"Polygon","coordinates":[[[-118.9381,49.717708],[-118.93835,49.717632],[-118.938652,49.717937],[-118.938422,49.718039],[-118.9381,49.717708]]]},"properties":{"OBJECTID":23497,"PMBCParcelGUID":"{486C8678-795C-4290-97A9-A62E484CA7E3}","PMBC_PID":18082823,"PMBC_PIN":18082823,"PMBC_ParcelClass":"BARE LAND STRATA","PMBC_OwnerType":"PRIVATE","PMBC_LegalDescription":"STRATA LOT 114 DISTRICT LOT 4176S SIMILKAMEEN DIVISION YALE DISTRICT STRATA PLAN KAS938 TOGETHER WITH AN INTEREST IN THE COMMON PROPERTY IN PROPORTION TO THE UNIT ENTITLEMENT OF THE STRATA LOT AS SHOWN ON FORM V","Folio":"71307385567","FullAddress":"B 5919 SNOW PINES CRES , BIG WHITE","apt_no":"B","street_no":"5919","street_direction_prefix":null,"street_name":"SNOW PINES CRES","street_direction_suffix":null,"postal_code":null,"city":"BIG WHITE","province":"BC","AddressID":"A00000J92Y","TempKey":"486C8678-795C-4290-97A9-A62E484CA7E3A00000J92Y","GlobalID":"{12DCE798-0FED-4846-8456-2D04BA097D40}","Shape__Area":1.0422085724600002e-7,"Shape__Length":0.0014046955886903533}},{"type":"Feature","geometry":{"type":"Polygon","coordinates":[[[-118.9381,49.717708],[-118.93835,49.717632],[-118.938652,49.717937],[-118.938422,49.718039],[-118.9381,49.717708]]]},"properties":{"OBJECTID":23498,"PMBCParcelGUID":"{486C8678-795C-4290-97A9-A62E484CA7E3}","PMBC_PID":18082823,"PMBC_PIN":18082823,"PMBC_ParcelClass":"BARE LAND STRATA","PMBC_OwnerType":"PRIVATE","PMBC_LegalDescription":"STRATA LOT 114 DISTRICT LOT 4176S SIMILKAMEEN DIVISION YALE DISTRICT STRATA PLAN KAS938 TOGETHER WITH AN INTEREST IN THE COMMON PROPERTY IN PROPORTION TO THE UNIT ENTITLEMENT OF THE STRATA LOT AS SHOWN ON FORM V","Folio":"71307385568","FullAddress":"C 5969 SNOW PINES CRES , BIG WHITE","apt_no":"C","street_no":"5969","street_direction_prefix":null,"street_name":"SNOW PINES CRES","street_direction_suffix":null,"postal_code":"V1P 1P3","city":"BIG WHITE","province":"BC","AddressID":"A00000J92Z","TempKey":"486C8678-795C-4290-97A9-A62E484CA7E3A00000J92Z","GlobalID":"{164FC09E-9894-4B9F-826A-F17D94029469}","Shape__Area":1.0422085724600002e-7,"Shape__Length":0.0014046955886903533}},{"type":"Feature","geometry":{"type":"Polygon","coordinates":[[[-118.9381,49.717708],[-118.93835,49.717632],[-118.938652,49.717937],[-118.938422,49.718039],[-118.9381,49.717708]]]},"properties":{"OBJECTID":23499,"PMBCParcelGUID":"{486C8678-795C-4290-97A9-A62E484CA7E3}","PMBC_PID":18082823,"PMBC_PIN":18082823,"PMBC_ParcelClass":"BARE LAND STRATA","PMBC_OwnerType":"PRIVATE","PMBC_LegalDescription":"STRATA LOT 114 DISTRICT LOT 4176S SIMILKAMEEN DIVISION YALE DISTRICT STRATA PLAN KAS938 TOGETHER WITH AN INTEREST IN THE COMMON PROPERTY IN PROPORTION TO THE UNIT ENTITLEMENT OF THE STRATA LOT AS SHOWN ON FORM V","Folio":"71307385569","FullAddress":"D 5969 SNOW PINES CRES , BIG WHITE","apt_no":"D","street_no":"5969","street_direction_prefix":null,"street_name":"SNOW PINES CRES","street_direction_suffix":null,"postal_code":null,"city":"BIG WHITE","province":"BC","AddressID":"A00000J930","TempKey":"486C8678-795C-4290-97A9-A62E484CA7E3A00000J930","GlobalID":"{49C1046D-4014-4EF4-AB4D-E9C068E31B09}","Shape__Area":1.0422085724600002e-7,"Shape__Length":0.0014046955886903533}},{"type":"Feature","geometry":{"type":"Polygon","coordinates":[[[-118.438441,49.036987],[-118.43843,49.037036],[-118.437985,49.036994],[-118.437995,49.036945],[-118.438441,49.036987]]]},"properties":{"OBJECTID":23500,"PMBCParcelGUID":"{AEC769C3-5401-405B-8CA2-A62FBB696D81}","PMBC_PID":12702668,"PMBC_PIN":12702668,"PMBC_ParcelClass":"SUBDIVISION","PMBC_OwnerType":"PRIVATE","PMBC_LegalDescription":"THE NORTHERLY 18 FEET OF LOT 2 MEASURED ALONG RIVERSIDE AVE. BY THE FULL DEPTH OF SAID LOT BLOCK 6 DISTRICT LOT 585 SIMILKAMEEN DIVISION YALE DISTRICT PLAN 52","Folio":"21000495900","FullAddress":"RIVERSIDE DR , GRAND FORKS","apt_no":null,"street_no":null,"street_direction_prefix":null,"street_name":"RIVERSIDE DR","street_direction_suffix":null,"postal_code":"V0H 1H2","city":"GRAND FORKS","province":"BC","AddressID":"A00000H792","TempKey":"AEC769C3-5401-405B-8CA2-A62FBB696D81A00000H792","GlobalID":"{177E0D2C-18BE-4657-9EA3-8F2D54795E02}","Shape__Area":2.2327086978000007e-8,"Shape__Length":0.0009948883692363184}}]}
