{"type":"FeatureCollection","features":[{"type":"Feature","geometry":{"type":"Polygon","coordinates":[[[-118.924828,49.722309],[-118.925476,49.721767],[-118.925559,49.721702],[-118.925649,49.721641],[-118.925745,49.721584],[-118.925846,49.721531],[-118.925952,49.721482],[-118.925946,49.721989],[-118.925946,49.722037],[-118.925946,49.722038],[-118.925829,49.722107],[-118.925781,49.722137],[-118.92576,49.722153],[-118.925659,49.722214],[-118.92563,49.722229],[-118.925611,49.722236],[-118.925501,49.722294],[-118.925443,49.722324],[-118.925233,49.722435],[-118.925156,49.722473],[-118.925015,49.722405],[-118.924828,49.722309]]]},"properties":{"OBJECTID":18501,"PMBCParcelGUID":"{13BACC10-C519-4E39-BF9A-81C57C12F8EB}","PMBC_PID":null,"PMBC_PIN":null,"PMBC_ParcelClass":"BUILDING STRATA","PMBC_OwnerType":"UNCLASS","PMBC_LegalDescription":null,"Folio":"71307907185","FullAddress":"214 5275 BIG WHITE RD , BIG WHITE","apt_no":"214","street_no":"5275","street_direction_prefix":null,"street_name":"BIG WHITE RD","street_direction_suffix":null,"postal_code":"V1P 1T4","city":"BIG WHITE","province":"BC","AddressID":"A00000JADE","TempKey":"13BACC10-C519-4E39-BF9A-81C57C12F8EBA00000JADE","GlobalID":"{6098B40C-B37F-40E5-8BF7-D05EACB80C08}","Shape__Area":4.967768394510002e-7,"Shape__Length":0.003227256018355311}},{"type":"Feature","geometry":{"type":"Polygon","coordinates":[[[-118.924828,49.722309],[-118.925476,49.721767],[-118.925559,49.721702],[-118.925649,49.721641],[-118.925745,49.721584],[-118.925846,49.721531],[-118.925952,49.721482],[-118.925946,49.721989],[-118.925946,49.722037],[-118.925946,49.722038],[-118.925829,49.722107],[-118.925781,49.722137],[-118.92576,49.722153],[-118.925659,49.722214],[-118.92563,49.722229],[-118.925611,49.722236],[-118.925501,49.722294],[-118.925443,49.722324],[-118.925233,49.722435],[-118.925156,49.722473],[-118.925015,49.722405],[-118.924828,49.722309]]]},"properties":{"OBJECTID":18502,"PMBCParcelGUID":"{13BACC10-C519-4E39-BF9A-81C57C12F8EB}","PMBC_PID":null,"PMBC_PIN":null,"PMBC_ParcelClass":"BUILDING STRATA","PMBC_OwnerType":"UNCLASS","PMBC_LegalDescription":null,"Folio":"71307907190","FullAddress":"212 5275 BIG WHITE RD , BIG WHITE","apt_no":"212","street_no":"5275","street_direction_prefix":null,"street_name":"BIG WHITE RD","street_direction_suffix":null,"postal_code":null,"city":"BIG WHITE","province":"BC","AddressID":"A00000JADF","TempKey":"13BACC10-C519-4E39-BF9A-81C57C12F8EBA00000JADF","GlobalID":"{1760ACDB-34EF-46B5-ADD1-128B38E1DE7D}","Shape__Area":4.967768394510002e-7,"Shape__Length":0.003227256018355311}},{"type":"Feature","geometry":{"type":"Polygon","coordinates":[[[-118.924828,49.722309],[-118.925476,49.721767],[-118.925559,49.721702],[-118.925649,49.721641],[-118.925745,49.721584],[-118.925846,49.721531],[-118.925952,49.721482],[-118.925946,49.721989],[-118.925946,49.722037],[-118.925946,49.722038],[-118.925829,49.722107],[-118.925781,49.722137],[-118.92576,49.722153],[-118.925659,49.722214],[-118.92563,49.722229],[-118.925611,49.722236],[-118.925501,49.722294],[-118.925443,49.722324],[-118.925233,49.722435],[-118.925156,49.722473],[-118.925015,49.722405],[-118.924828,49.722309]]]},"properties":{"OBJECTID":18503,"PMBCParcelGUID":"{13BACC10-C519-4E39-BF9A-81C57C12F8EB}","PMBC_PID":null,"PMBC_PIN":null,"PMBC_ParcelClass":"BUILDING STRATA","PMBC_OwnerType":"UNCLASS","PMBC_LegalDescription":null,"Folio":"71307907195","FullAddress":"210 5275 BIG WHITE RD , BIG WHITE","apt_no":"210","street_no":"5275","street_direction_prefix":null,"street_name":"BIG WHITE RD","street_direction_suffix":null,"postal_code":null,"city":"BIG WHITE","province":"BC","AddressID":"A00000JADG","TempKey":"13BACC10-C519-4E39-BF9A-81C57C12F8EBA00000JADG","GlobalID":"{64FB0C7A-36E9-4B88-9973-CC061A71CB39}","Shape__Area":4.967768394510002e-7,"Shape__Length":0.003227256018355311}},{"type":"Feature","geometry":{"type":"Polygon","coordinates":[[[-118.924828,49.722309],[-118.925476,49.721767],[-118.925559,49.721702],[-118.925649,49.721641],[-118.925745,49.721584],[-118.925846,49.721531],[-118.925952,49.721482],[-118.925946,49.721989],[-118.925946,49.722037],[-118.925946,49.722038],[-118.925829,49.722107],[-118.925781,49.722137],[-118.92576,49.722153],[-118.925659,49.722214],[-118.92563,49.722229],[-118.925611,49.722236],[-118.925501,49.722294],[-118.925443,49.722324],[-118.925233,49.722435],[-118.925156,49.722473],[-118.925015,49.722405],[-118.924828,49.722309]]]},"properties":{"OBJECTID":18504,"PMBCParcelGUID":"{13BACC10-C519-4E39-BF9A-81C57C12F8EB}","PMBC_PID":null,"PMBC_PIN":null,"PMBC_ParcelClass":"BUILDING STRATA","PMBC_OwnerType":"UNCLASS","PMBC_LegalDescription":null,"Folio":"71307907200","FullAddress":"208 5275 BIG WHITE RD , BIG WHITE","apt_no":"208","street_no":"5275","street_direction_prefix":null,"street_name":"BIG WHITE RD","street_direction_suffix":null,"postal_code":null,"city":"BIG WHITE","province":"BC","AddressID":"A00000JADH","TempKey":"13BACC10-C519-4E39-BF9A-81C57C12F8EBA00000JADH","GlobalID":"{8FB05530-3123-4EF7-96A7-58A5FC342B17}","Shape__Area":4.967768394510002e-7,"Shape__Length":0.003227256018355311}},{"type":"Feature","geometry":{"type":"Polygon","coordinates":[[[-118.924828,49.722309],[-118.925476,49.721767],[-118.925559,49.721702],[-118.925649,49.721641],[-118.925745,49.721584],[-118.925846,49.721531],[-118.925952,49.721482],[-118.925946,49.721989],[-118.925946,49.722037],[-118.925946,49.722038],[-118.925829,49.722107],[-118.925781,49.722137],[-118.92576,49.722153],[-118.925659,49.722214],[-118.92563,49.722229],[-118.925611,49.722236],[-118.925501,49.722294],[-118.925443,49.722324],[-118.925233,49.722435],[-118.925156,49.722473],[-118.925015,49.722405],[-118.924828,49.722309]]]},"properties":{"OBJECTID":18505,"PMBCParcelGUID":"{13BACC10-C519-4E39-BF9A-81C57C12F8EB}","PMBC_PID":null,"PMBC_PIN":null,"PMBC_ParcelClass":"BUILDING STRATA","PMBC_OwnerType":"UNCLASS","PMBC_LegalDescription":null,"Folio":"71307907205","FullAddress":"206 5275 BIG WHITE RD , BIG WHITE","apt_no":"206","street_no":"5275","street_direction_prefix":null,"street_name":"BIG WHITE RD","street_direction_suffix":null,"postal_code":null,"city":"BIG WHITE","province":"BC","AddressID":"A00000JADJ","TempKey":"13BACC10-C519-4E39-BF9A-81C57C12F8EBA00000JADJ","GlobalID":"{97FA1FBA-9002-4D40-A7ED-FCB9824E1484}","Shape__Area":4.967768394510002e-7,"Shape__Length":0.003227256018355311}},{"type":"Feature","geometry":{"type":"Polygon","coordinates":[[[-118.924828,49.722309],[-118.925476,49.721767],[-118.925559,49.721702],[-118.925649,49.721641],[-118.925745,49.721584],[-118.925846,49.721531],[-118.925952,49.721482],[-118.925946,49.721989],[-118.925946,49.722037],[-118.925946,49.722038],[-118.925829,49.722107],[-118.925781,49.722137],[-118.92576,49.722153],[-118.925659,49.722214],[-118.92563,49.722229],[-118.925611,49.722236],[-118.925501,49.722294],[-118.925443,49.722324],[-118.925233,49.722435],[-118.925156,49.722473],[-118.925015,49.722405],[-118.924828,49.722309]]]},"properties":{"OBJECTID":18506,"PMBCParcelGUID":"{13BACC10-C519-4E39-BF9A-81C57C12F8EB}","PMBC_PID":null,"PMBC_PIN":null,"PMBC_ParcelClass":"BUILDING STRATA","PMBC_OwnerType":"UNCLASS","PMBC_LegalDescription":null,"Folio":"71307907210","FullAddress":"204 5275 BIG WHITE RD , BIG WHITE","apt_no":"204","street_no":"5275","street_direction_prefix":null,"street_name":"BIG WHITE RD","street_direction_suffix":null,"postal_code":"V1P 1T4","city":"BIG WHITE","province":"BC","AddressID":"A00000JADK","TempKey":"13BACC10-C519-4E39-BF9A-81C57C12F8EBA00000JADK","GlobalID":"{7182AB84-E01A-488E-BC76-F1B73F30FAA7}","Shape__Area":4.967768394510002e-7,"Shape__Length":0.003227256018355311}},{"type":"Feature","geometry":{"type":"Polygon","coordinates":[[[-118.924828,49.722309],[-118.925476,49.721767],[-118.925559,49.721702],[-118.925649,49.721641],[-118.925745,49.721584],[-118.925846,49.721531],[-118.925952,49.721482],[-118.925946,49.721989],[-118.925946,49.722037],[-118.925946,49.722038],[-118.925829,49.722107],[-118.925781,49.722137],[-118.92576,49.722153],[-118.925659,49.722214],[-118.92563,49.722229],[-118.925611,49.722236],[-118.925501,49.722294],[-118.925443,49.722324],[-118.925233,49.722435],[-118.925156,49.722473],[-118.925015,49.722405],[-118.924828,49.722309]]]},"properties":{"OBJECTID":18507,"PMBCParcelGUID":"{13BACC10-C519-4E39-BF9A-81C57C12F8EB}","PMBC_PID":null,"PMBC_PIN":null,"PMBC_ParcelClass":"BUILDING STRATA","PMBC_OwnerType":"UNCLASS","PMBC_LegalDescription":null,"Folio":"71307907215","FullAddress":"202 5275 BIG WHITE RD , BIG WHITE","apt_no":"202","street_no":"5275","street_direction_prefix":null,"street_name":"BIG WHITE RD","street_direction_suffix":null,"postal_code":null,"city":"BIG WHITE","province":"BC","AddressID":"A00000JADL","TempKey":"13BACC10-C519-4E39-BF9A-81C57C12F8EBA00000JADL","GlobalID":"{35C4DFFF-CA2A-4CAF-94FB-748823D0579A}","Shape__Area":4.967768394510002e-7,"Shape__Length":0.003227256018355311}},{"type":"Feature","geometry":{"type":"Polygon","coordinates":[[[-118.924828,49.722309],[-118.925476,49.721767],[-118.925559,49.721702],[-118.925649,49.721641],[-118.925745,49.721584],[-118.925846,49.721531],[-118.925952,49.721482],[-118.925946,49.721989],[-118.925946,49.722037],[-118.925946,49.722038],[-118.925829,49.722107],[-118.925781,49.722137],[-118.92576,49.722153],[-118.925659,49.722214],[-118.92563,49.722229],[-118.925611,49.722236],[-118.925501,49.722294],[-118.925443,49.722324],[-118.925233,49.722435],[-118.925156,49.722473],[-118.925015,49.722405],[-118.924828,49.722309]]]},"properties":{"OBJECTID":18508,"PMBCParcelGUID":"{13BACC10-C519-4E39-BF9A-81C57C12F8EB}","PMBC_PID":null,"PMBC_PIN":null,"PMBC_ParcelClass":"BUILDING STRATA","PMBC_OwnerType":"UNCLASS","PMBC_LegalDescription":null,"Folio":"71307907220","FullAddress":"301 5275 BIG WHITE RD , BIG WHITE","apt_no":"301","street_no":"5275","street_direction_prefix":null,"street_name":"BIG WHITE RD","street_direction_suffix":null,"postal_code":null,"city":"BIG WHITE","province":"BC","AddressID":"A00000JADM","TempKey":"13BACC10-C519-4E39-BF9A-81C57C12F8EBA00000JADM","GlobalID":"{BFFFE1E3-0370-4C4E-9974-69D53AF86E15}","Shape__Area":4.967768394510002e-7,"Shape__Length":0.003227256018355311}},{"type":"Feature","geometry":{"type":"Polygon","coordinates":[[[-118.924828,49.722309],[-118.925476,49.721767],[-118.925559,49.721702],[-118.925649,49.721641],[-118.925745,49.721584],[-118.925846,49.721531],[-118.925952,49.721482],[-118.925946,49.721989],[-118.925946,49.722037],[-118.925946,49.722038],[-118.925829,49.722107],[-118.925781,49.722137],[-118.92576,49.722153],[-118.925659,49.722214],[-118.92563,49.722229],[-118.925611,49.722236],[-118.925501,49.722294],[-118.925443,49.722324],[-118.925233,49.722435],[-118.925156,49.722473],[-118.925015,49.722405],[-118.924828,49.722309]]]},"properties":{"OBJECTID":18509,"PMBCParcelGUID":"{13BACC10-C519-4E39-BF9A-81C57C12F8EB}","PMBC_PID":null,"PMBC_PIN":null,"PMBC_ParcelClass":"BUILDING STRATA","PMBC_OwnerType":"UNCLASS","PMBC_LegalDescription":null,"Folio":"71307907225","FullAddress":"303 5275 BIG WHITE RD , BIG WHITE","apt_no":"303","street_no":"5275","street_direction_prefix":null,"street_name":"BIG WHITE RD","street_direction_suffix":null,"postal_code":null,"city":"BIG WHITE","province":"BC","AddressID":"A00000JADN","TempKey":"13BACC10-C519-4E39-BF9A-81C57C12F8EBA00000JADN","GlobalID":"{2BB1FDD5-E834-4920-8074-6DFD8DE9E1C2}","Shape__Area":4.967768394510002e-7,"Shape__Length":0.003227256018355311}},{"type":"Feature","geometry":{"type":"Polygon","coordinates":[[[-118.924828,49.722309],[-118.925476,49.721767],[-118.925559,49.721702],[-118.925649,49.721641],[-118.925745,49.721584],[-118.925846,49.721531],[-118.925952,49.721482],[-118.925946,49.721989],[-118.925946,49.722037],[-118.925946,49.722038],[-118.925829,49.722107],[-118.925781,49.722137],[-118.92576,49.722153],[-118.925659,49.722214],[-118.92563,49.722229],[-118.925611,49.722236],[-118.925501,49.722294],[-118.925443,49.722324],[-118.925233,49.722435],[-118.925156,49.722473],[-118.925015,49.722405],[-118.924828,49.722309]]]},"properties":{"OBJECTID":18510,"PMBCParcelGUID":"{13BACC10-C519-4E39-BF9A-81C57C12F8EB}","PMBC_PID":null,"PMBC_PIN":null,"PMBC_ParcelClass":"BUILDING STRATA","PMBC_OwnerType":"UNCLASS","PMBC_LegalDescription":null,"Folio":"71307907230","FullAddress":"305 5275 BIG WHITE RD , BIG WHITE","apt_no":"305","street_no":"5275","street_direction_prefix":null,"street_name":"BIG WHITE RD","street_direction_suffix":null,"postal_code":null,"city":"BIG WHITE","province":"BC","AddressID":"A00000JADP","TempKey":"13BACC10-C519-4E39-BF9A-81C57C12F8EBA00000JADP","GlobalID":"{D15B4BCF-56C5-459B-BD18-D68185912564}","Shape__Area":4.967768394510002e-7,"Shape__Length":0.003227256018355311}},{"type":"Feature","geometry":{"type":"Polygon","coordinates":[[[-118.924828,49.722309],[-118.925476,49.721767],[-118.925559,49.721702],[-118.925649,49.721641],[-118.925745,49.721584],[-118.925846,49.721531],[-118.925952,49.721482],[-118.925946,49.721989],[-118.925946,49.722037],[-118.925946,49.722038],[-118.925829,49.722107],[-118.925781,49.722137],[-118.92576,49.722153],[-118.925659,49.722214],[-118.92563,49.722229],[-118.925611,49.722236],[-118.925501,49.722294],[-118.925443,49.722324],[-118.925233,49.722435],[-118.925156,49.722473],[-118.925015,49.722405],[-118.924828,49.722309]]]},"properties":{"OBJECTID":18511,"PMBCParcelGUID":"{13BACC10-C519-4E39-BF9A-81C57C12F8EB}","PMBC_PID":null,"PMBC_PIN":null,"PMBC_ParcelClass":"BUILDING STRATA","PMBC_OwnerType":"UNCLASS","PMBC_LegalDescription":null,"Folio":"71307907235","FullAddress":"307 5275 BIG WHITE RD , BIG WHITE","apt_no":"307","street_no":"5275","street_direction_prefix":null,"street_name":"BIG WHITE RD","street_direction_suffix":null,"postal_code":null,"city":"BIG WHITE","province":"BC","AddressID":"A00000JADQ","TempKey":"13BACC10-C519-4E39-BF9A-81C57C12F8EBA00000JADQ","GlobalID":"{D41CB620-D251-43D8-B503-9A8B88C8A882}","Shape__Area":4.967768394510002e-7,"Shape__Length":0.003227256018355311}},{"type":"Feature","geometry":{"type":"Polygon","coordinates":[[[-118.924828,49.722309],[-118.925476,49.721767],[-118.925559,49.721702],[-118.925649,49.721641],[-118.925745,49.721584],[-118.925846,49.721531],[-118.925952,49.721482],[-118.925946,49.721989],[-118.925946,49.722037],[-118.925946,49.722038],[-118.925829,49.722107],[-118.925781,49.722137],[-118.92576,49.722153],[-118.925659,49.722214],[-118.92563,49.722229],[-118.925611,49.722236],[-118.925501,49.722294],[-118.925443,49.722324],[-118.925233,49.722435],[-118.925156,49.722473],[-118.925015,49.722405],[-118.924828,49.722309]]]},"properties":{"OBJECTID":18512,"PMBCParcelGUID":"{13BACC10-C519-4E39-BF9A-81C57C12F8EB}","PMBC_PID":null,"PMBC_PIN":null,"PMBC_ParcelClass":"BUILDING STRATA","PMBC_OwnerType":"UNCLASS","PMBC_LegalDescription":null,"Folio":"71307907240","FullAddress":"309 5275 BIG WHITE RD , BIG WHITE","apt_no":"309","street_no":"5275","street_direction_prefix":null,"street_name":"BIG WHITE RD","street_direction_suffix":null,"postal_code":null,"city":"BIG WHITE","province":"BC","AddressID":"A00000JADR","TempKey":"13BACC10-C519-4E39-BF9A-81C57C12F8EBA00000JADR","GlobalID":"{FD55BA3D-A18F-407A-8A05-34DE8DE86E7A}","Shape__Area":4.967768394510002e-7,"Shape__Length":0.003227256018355311}},{"type":"Feature","geometry":{"type":"Polygon","coordinates":[[[-118.924828,49.722309],[-118.925476,49.721767],[-118.925559,49.721702],[-118.925649,49.721641],[-118.925745,49.721584],[-118.925846,49.721531],[-118.925952,49.721482],[-118.925946,49.721989],[-118.925946,49.722037],[-118.925946,49.722038],[-118.925829,49.722107],[-118.925781,49.722137],[-118.92576,49.722153],[-118.925659,49.722214],[-118.92563,49.722229],[-118.925611,49.722236],[-118.925501,49.722294],[-118.925443,49.722324],[-118.925233,49.722435],[-118.925156,49.722473],[-118.925015,49.722405],[-118.924828,49.722309]]]},"properties":{"OBJECTID":18513,"PMBCParcelGUID":"{13BACC10-C519-4E39-BF9A-81C57C12F8EB}","PMBC_PID":null,"PMBC_PIN":null,"PMBC_ParcelClass":"BUILDING STRATA","PMBC_OwnerType":"UNCLASS","PMBC_LegalDescription":null,"Folio":"71307907245","FullAddress":"311 5275 BIG WHITE RD , BIG WHITE","apt_no":"311","street_no":"5275","street_direction_prefix":null,"street_name":"BIG WHITE RD","street_direction_suffix":null,"postal_code":null,"city":"BIG WHITE","province":"BC","AddressID":"A00000JADS","TempKey":"13BACC10-C519-4E39-BF9A-81C57C12F8EBA00000JADS","GlobalID":"{7055C267-B078-4B59-B137-1CCF232F43CB}","Shape__Area":4.967768394510002e-7,"Shape__Length":0.003227256018355311}},{"type":"Feature","geometry":{"type":"Polygon","coordinates":[[[-118.924828,49.722309],[-118.925476,49.721767],[-118.925559,49.721702],[-118.925649,49.721641],[-118.925745,49.721584],[-118.925846,49.721531],[-118.925952,49.721482],[-118.925946,49.721989],[-118.925946,49.722037],[-118.925946,49.722038],[-118.925829,49.722107],[-118.925781,49.722137],[-118.92576,49.722153],[-118.925659,49.722214],[-118.92563,49.722229],[-118.925611,49.722236],[-118.925501,49.722294],[-118.925443,49.722324],[-118.925233,49.722435],[-118.925156,49.722473],[-118.925015,49.722405],[-118.924828,49.722309]]]},"properties":{"OBJECTID":18514,"PMBCParcelGUID":"{13BACC10-C519-4E39-BF9A-81C57C12F8EB}","PMBC_PID":null,"PMBC_PIN":null,"PMBC_ParcelClass":"BUILDING STRATA","PMBC_OwnerType":"UNCLASS","PMBC_LegalDescription":null,"Folio":"71307907250","FullAddress":"313 5275 BIG WHITE RD , BIG WHITE","apt_no":"313","street_no":"5275","street_direction_prefix":null,"street_name":"BIG WHITE RD","street_direction_suffix":null,"postal_code":null,"city":"BIG WHITE","province":"BC","AddressID":"A00000JADT","TempKey":"13BACC10-C519-4E39-BF9A-81C57C12F8EBA00000JADT","GlobalID":"{842A0725-36E8-4458-A1D0-EDE5BC3BFA49}","Shape__Area":4.967768394510002e-7,"Shape__Length":0.003227256018355311}},{"type":"Feature","geometry":{"type":"Polygon","coordinates":[[[-118.924828,49.722309],[-118.925476,49.721767],[-118.925559,49.721702],[-118.925649,49.721641],[-118.925745,49.721584],[-118.925846,49.721531],[-118.925952,49.721482],[-118.925946,49.721989],[-118.925946,49.722037],[-118.925946,49.722038],[-118.925829,49.722107],[-118.925781,49.722137],[-118.92576,49.722153],[-118.925659,49.722214],[-118.92563,49.722229],[-118.925611,49.722236],[-118.925501,49.722294],[-118.925443,49.722324],[-118.925233,49.722435],[-118.925156,49.722473],[-118.925015,49.722405],[-118.924828,49.722309]]]},"properties":{"OBJECTID":18515,"PMBCParcelGUID":"{13BACC10-C519-4E39-BF9A-81C57C12F8EB}","PMBC_PID":null,"PMBC_PIN":null,"PMBC_ParcelClass":"BUILDING STRATA","PMBC_OwnerType":"UNCLASS","PMBC_LegalDescription":null,"Folio":"71307907255","FullAddress":"315 5275 BIG WHITE RD , BIG WHITE","apt_no":"315","street_no":"5275","street_direction_prefix":null,"street_name":"BIG WHITE RD","street_direction_suffix":null,"postal_code":null,"city":"BIG WHITE","province":"BC","AddressID":"A00000JADU","TempKey":"13BACC10-C519-4E39-BF9A-81C57C12F8EBA00000JADU","GlobalID":"{C39E925C-B94D-4DCA-A6D0-9110BE7A8D46}","Shape__Area":4.967768394510002e-7,"Shape__Length":0.003227256018355311}},{"type":"Feature","geometry":{"type":"Polygon","coordinates":[[[-118.924828,49.722309],[-118.925476,49.721767],[-118.925559,49.721702],[-118.925649,49.721641],[-118.925745,49.721584],[-118.925846,49.721531],[-118.925952,49.721482],[-118.925946,49.721989],[-118.925946,49.722037],[-118.925946,49.722038],[-118.925829,49.722107],[-118.925781,49.722137],[-118.92576,49.722153],[-118.925659,49.722214],[-118.92563,49.722229],[-118.925611,49.722236],[-118.925501,49.722294],[-118.925443,49.722324],[-118.925233,49.722435],[-118.925156,49.722473],[-118.925015,49.722405],[-118.924828,49.722309]]]},"properties":{"OBJECTID":18516,"PMBCParcelGUID":"{13BACC10-C519-4E39-BF9A-81C57C12F8EB}","PMBC_PID":null,"PMBC_PIN":null,"PMBC_ParcelClass":"BUILDING STRATA","PMBC_OwnerType":"UNCLASS","PMBC_LegalDescription":null,"Folio":"71307907260","FullAddress":"317 5275 BIG WHITE RD , BIG WHITE","apt_no":"317","street_no":"5275","street_direction_prefix":null,"street_name":"BIG WHITE RD","street_direction_suffix":null,"postal_code":null,"city":"BIG WHITE","province":"BC","AddressID":"A00000JADV","TempKey":"13BACC10-C519-4E39-BF9A-81C57C12F8EBA00000JADV","GlobalID":"{D154ED83-9528-4910-8431-0FF9701FF08B}","Shape__Area":4.967768394510002e-7,"Shape__Length":0.003227256018355311}},{"type":"Feature","geometry":{"type":"Polygon","coordinates":[[[-118.924828,49.722309],[-118.925476,49.721767],[-118.925559,49.721702],[-118.925649,49.721641],[-118.925745,49.721584],[-118.925846,49.721531],[-118.925952,49.721482],[-118.925946,49.721989],[-118.925946,49.722037],[-118.925946,49.722038],[-118.925829,49.722107],[-118.925781,49.722137],[-118.92576,49.722153],[-118.925659,49.722214],[-118.92563,49.722229],[-118.925611,49.722236],[-118.925501,49.722294],[-118.925443,49.722324],[-118.925233,49.722435],[-118.925156,49.722473],[-118.925015,49.722405],[-118.924828,49.722309]]]},"properties":{"OBJECTID":18517,"PMBCParcelGUID":"{13BACC10-C519-4E39-BF9A-81C57C12F8EB}","PMBC_PID":null,"PMBC_PIN":null,"PMBC_ParcelClass":"BUILDING STRATA","PMBC_OwnerType":"UNCLASS","PMBC_LegalDescription":null,"Folio":"71307907265","FullAddress":"320 5275 BIG WHITE RD , BIG WHITE","apt_no":"320","street_no":"5275","street_direction_prefix":null,"street_name":"BIG WHITE RD","street_direction_suffix":null,"postal_code":null,"city":"BIG WHITE","province":"BC","AddressID":"A00000JADW","TempKey":"13BACC10-C519-4E39-BF9A-81C57C12F8EBA00000JADW","GlobalID":"{5732CF64-C9DC-4960-9C68-EA91E12CB510}","Shape__Area":4.967768394510002e-7,"Shape__Length":0.003227256018355311}},{"type":"Feature","geometry":{"type":"Polygon","coordinates":[[[-118.924828,49.722309],[-118.925476,49.721767],[-118.925559,49.721702],[-118.925649,49.721641],[-118.925745,49.721584],[-118.925846,49.721531],[-118.925952,49.721482],[-118.925946,49.721989],[-118.925946,49.722037],[-118.925946,49.722038],[-118.925829,49.722107],[-118.925781,49.722137],[-118.92576,49.722153],[-118.925659,49.722214],[-118.92563,49.722229],[-118.925611,49.722236],[-118.925501,49.722294],[-118.925443,49.722324],[-118.925233,49.722435],[-118.925156,49.722473],[-118.925015,49.722405],[-118.924828,49.722309]]]},"properties":{"OBJECTID":18518,"PMBCParcelGUID":"{13BACC10-C519-4E39-BF9A-81C57C12F8EB}","PMBC_PID":null,"PMBC_PIN":null,"PMBC_ParcelClass":"BUILDING STRATA","PMBC_OwnerType":"UNCLASS","PMBC_LegalDescription":null,"Folio":"71307907270","FullAddress":"318 5275 BIG WHITE RD , BIG WHITE","apt_no":"318","street_no":"5275","street_direction_prefix":null,"street_name":"BIG WHITE RD","street_direction_suffix":null,"postal_code":null,"city":"BIG WHITE","province":"BC","AddressID":"A00000JADX","TempKey":"13BACC10-C519-4E39-BF9A-81C57C12F8EBA00000JADX","GlobalID":"{5544BC20-3F7A-4C2C-987D-3ED8C5733CF8}","Shape__Area":4.967768394510002e-7,"Shape__Length":0.003227256018355311}},{"type":"Feature","geometry":{"type":"Polygon","coordinates":[[[-118.924828,49.722309],[-118.925476,49.721767],[-118.925559,49.721702],[-118.925649,49.721641],[-118.925745,49.721584],[-118.925846,49.721531],[-118.925952,49.721482],[-118.925946,49.721989],[-118.925946,49.722037],[-118.925946,49.722038],[-118.925829,49.722107],[-118.925781,49.722137],[-118.92576,49.722153],[-118.925659,49.722214],[-118.92563,49.722229],[-118.925611,49.722236],[-118.925501,49.722294],[-118.925443,49.722324],[-118.925233,49.722435],[-118.925156,49.722473],[-118.925015,49.722405],[-118.924828,49.722309]]]},"properties":{"OBJECTID":18519,"PMBCParcelGUID":"{13BACC10-C519-4E39-BF9A-81C57C12F8EB}","PMBC_PID":null,"PMBC_PIN":null,"PMBC_ParcelClass":"BUILDING STRATA","PMBC_OwnerType":"UNCLASS","PMBC_LegalDescription":null,"Folio":"71307907275","FullAddress":"316 5275 BIG WHITE RD , BIG WHITE","apt_no":"316","street_no":"5275","street_direction_prefix":null,"street_name":"BIG WHITE RD","street_direction_suffix":null,"postal_code":null,"city":"BIG WHITE","province":"BC","AddressID":"A00000JADY","TempKey":"13BACC10-C519-4E39-BF9A-81C57C12F8EBA00000JADY","GlobalID":"{1E6911E7-1E2C-43C1-B5D6-42F26CAE59F4}","Shape__Area":4.967768394510002e-7,"Shape__Length":0.003227256018355311}},{"type":"Feature","geometry":{"type":"Polygon","coordinates":[[[-118.924828,49.722309],[-118.925476,49.721767],[-118.925559,49.721702],[-118.925649,49.721641],[-118.925745,49.721584],[-118.925846,49.721531],[-118.925952,49.721482],[-118.925946,49.721989],[-118.925946,49.722037],[-118.925946,49.722038],[-118.925829,49.722107],[-118.925781,49.722137],[-118.92576,49.722153],[-118.925659,49.722214],[-118.92563,49.722229],[-118.925611,49.722236],[-118.925501,49.722294],[-118.925443,49.722324],[-118.925233,49.722435],[-118.925156,49.722473],[-118.925015,49.722405],[-118.924828,49.722309]]]},"properties":{"OBJECTID":18520,"PMBCParcelGUID":"{13BACC10-C519-4E39-BF9A-81C57C12F8EB}","PMBC_PID":null,"PMBC_PIN":null,"PMBC_ParcelClass":"BUILDING STRATA","PMBC_OwnerType":"UNCLASS","PMBC_LegalDescription":null,"Folio":"71307907280","FullAddress":"314 5275 BIG WHITE RD , BIG WHITE","apt_no":"314","street_no":"5275","street_direction_prefix":null,"street_name":"BIG WHITE RD","street_direction_suffix":null,"postal_code":null,"city":"BIG WHITE","province":"BC","AddressID":"A00000JADZ","TempKey":"13BACC10-C519-4E39-BF9A-81C57C12F8EBA00000JADZ","GlobalID":"{2ACE2762-BE3E-4E7E-8B2F-4F625E48D3C8}","Shape__Area":4.967768394510002e-7,"Shape__Length":0.003227256018355311}},{"type":"Feature","geometry":{"type":"Polygon","coordinates":[[[-118.924828,49.722309],[-118.925476,49.721767],[-118.925559,49.721702],[-118.925649,49.721641],[-118.925745,49.721584],[-118.925846,49.721531],[-118.925952,49.721482],[-118.925946,49.721989],[-118.925946,49.722037],[-118.925946,49.722038],[-118.925829,49.722107],[-118.925781,49.722137],[-118.92576,49.722153],[-118.925659,49.722214],[-118.92563,49.722229],[-118.925611,49.722236],[-118.925501,49.722294],[-118.925443,49.722324],[-118.925233,49.722435],[-118.925156,49.722473],[-118.925015,49.722405],[-118.924828,49.722309]]]},"properties":{"OBJECTID":18521,"PMBCParcelGUID":"{13BACC10-C519-4E39-BF9A-81C57C12F8EB}","PMBC_PID":null,"PMBC_PIN":null,"PMBC_ParcelClass":"BUILDING STRATA","PMBC_OwnerType":"UNCLASS","PMBC_LegalDescription":null,"Folio":"71307907285","FullAddress":"312 5275 BIG WHITE RD , BIG WHITE","apt_no":"312","street_no":"5275","street_direction_prefix":null,"street_name":"BIG WHITE RD","street_direction_suffix":null,"postal_code":null,"city":"BIG WHITE","province":"BC","AddressID":"A00000JAE0","TempKey":"13BACC10-C519-4E39-BF9A-81C57C12F8EBA00000JAE0","GlobalID":"{41EE050D-50C4-4BAA-A731-072DEBA0874E}","Shape__Area":4.967768394510002e-7,"Shape__Length":0.003227256018355311}},{"type":"Feature","geometry":{"type":"Polygon","coordinates":[[[-118.924828,49.722309],[-118.925476,49.721767],[-118.925559,49.721702],[-118.925649,49.721641],[-118.925745,49.721584],[-118.925846,49.721531],[-118.925952,49.721482],[-118.925946,49.721989],[-118.925946,49.722037],[-118.925946,49.722038],[-118.925829,49.722107],[-118.925781,49.722137],[-118.92576,49.722153],[-118.925659,49.722214],[-118.92563,49.722229],[-118.925611,49.722236],[-118.925501,49.722294],[-118.925443,49.722324],[-118.925233,49.722435],[-118.925156,49.722473],[-118.925015,49.722405],[-118.924828,49.722309]]]},"properties":{"OBJECTID":18522,"PMBCParcelGUID":"{13BACC10-C519-4E39-BF9A-81C57C12F8EB}","PMBC_PID":null,"PMBC_PIN":null,"PMBC_ParcelClass":"BUILDING STRATA","PMBC_OwnerType":"UNCLASS","PMBC_LegalDescription":null,"Folio":"71307907290","FullAddress":"310 5275 BIG WHITE RD , BIG WHITE","apt_no":"310","street_no":"5275","street_direction_prefix":null,"street_name":"BIG WHITE RD","street_direction_suffix":null,"postal_code":null,"city":"BIG WHITE","province":"BC","AddressID":"A00000JAE1","TempKey":"13BACC10-C519-4E39-BF9A-81C57C12F8EBA00000JAE1","GlobalID":"{55E18630-17BC-482E-8549-F0429D3CD702}","Shape__Area":4.967768394510002e-7,"Shape__Length":0.003227256018355311}},{"type":"Feature","geometry":{"type":"Polygon","coordinates":[[[-118.924828,49.722309],[-118.925476,49.721767],[-118.925559,49.721702],[-118.925649,49.721641],[-118.925745,49.721584],[-118.925846,49.721531],[-118.925952,49.721482],[-118.925946,49.721989],[-118.925946,49.722037],[-118.925946,49.722038],[-118.925829,49.722107],[-118.925781,49.722137],[-118.92576,49.722153],[-118.925659,49.722214],[-118.92563,49.722229],[-118.925611,49.722236],[-118.925501,49.722294],[-118.925443,49.722324],[-118.925233,49.722435],[-118.925156,49.722473],[-118.925015,49.722405],[-118.924828,49.722309]]]},"properties":{"OBJECTID":18523,"PMBCParcelGUID":"{13BACC10-C519-4E39-BF9A-81C57C12F8EB}","PMBC_PID":null,"PMBC_PIN":null,"PMBC_ParcelClass":"BUILDING STRATA","PMBC_OwnerType":"UNCLASS","PMBC_LegalDescription":null,"Folio":"71307907295","FullAddress":"308 5275 BIG WHITE RD , BIG WHITE","apt_no":"308","street_no":"5275","street_direction_prefix":null,"street_name":"BIG WHITE RD","street_direction_suffix":null,"postal_code":null,"city":"BIG WHITE","province":"BC","AddressID":"A00000JAE2","TempKey":"13BACC10-C519-4E39-BF9A-81C57C12F8EBA00000JAE2","GlobalID":"{A6256D11-957F-42BB-BEB8-A26AEB699E6B}","Shape__Area":4.967768394510002e-7,"Shape__Length":0.003227256018355311}},{"type":"Feature","geometry":{"type":"Polygon","coordinates":[[[-118.924828,49.722309],[-118.925476,49.721767],[-118.925559,49.721702],[-118.925649,49.721641],[-118.925745,49.721584],[-118.925846,49.721531],[-118.925952,49.721482],[-118.925946,49.721989],[-118.925946,49.722037],[-118.925946,49.722038],[-118.925829,49.722107],[-118.925781,49.722137],[-118.92576,49.722153],[-118.925659,49.722214],[-118.92563,49.722229],[-118.925611,49.722236],[-118.925501,49.722294],[-118.925443,49.722324],[-118.925233,49.722435],[-118.925156,49.722473],[-118.925015,49.722405],[-118.924828,49.722309]]]},"properties":{"OBJECTID":18524,"PMBCParcelGUID":"{13BACC10-C519-4E39-BF9A-81C57C12F8EB}","PMBC_PID":null,"PMBC_PIN":null,"PMBC_ParcelClass":"BUILDING STRATA","PMBC_OwnerType":"UNCLASS","PMBC_LegalDescription":null,"Folio":"71307907300","FullAddress":"306 5275 BIG WHITE RD , BIG WHITE","apt_no":"306","street_no":"5275","street_direction_prefix":null,"street_name":"BIG WHITE RD","street_direction_suffix":null,"postal_code":null,"city":"BIG WHITE","province":"BC","AddressID":"A00000JAE3","TempKey":"13BACC10-C519-4E39-BF9A-81C57C12F8EBA00000JAE3","GlobalID":"{D969B206-2941-46FD-916A-A3D0D3E31706}","Shape__Area":4.967768394510002e-7,"Shape__Length":0.003227256018355311}},{"type":"Feature","geometry":{"type":"Polygon","coordinates":[[[-118.924828,49.722309],[-118.925476,49.721767],[-118.925559,49.721702],[-118.925649,49.721641],[-118.925745,49.721584],[-118.925846,49.721531],[-118.925952,49.721482],[-118.925946,49.721989],[-118.925946,49.722037],[-118.925946,49.722038],[-118.925829,49.722107],[-118.925781,49.722137],[-118.92576,49.722153],[-118.925659,49.722214],[-118.92563,49.722229],[-118.925611,49.722236],[-118.925501,49.722294],[-118.925443,49.722324],[-118.925233,49.722435],[-118.925156,49.722473],[-118.925015,49.722405],[-118.924828,49.722309]]]},"properties":{"OBJECTID":18525,"PMBCParcelGUID":"{13BACC10-C519-4E39-BF9A-81C57C12F8EB}","PMBC_PID":null,"PMBC_PIN":null,"PMBC_ParcelClass":"BUILDING STRATA","PMBC_OwnerType":"UNCLASS","PMBC_LegalDescription":null,"Folio":"71307907305","FullAddress":"304 5275 BIG WHITE RD , BIG WHITE","apt_no":"304","street_no":"5275","street_direction_prefix":null,"street_name":"BIG WHITE RD","street_direction_suffix":null,"postal_code":null,"city":"BIG WHITE","province":"BC","AddressID":"A00000JAE4","TempKey":"13BACC10-C519-4E39-BF9A-81C57C12F8EBA00000JAE4","GlobalID":"{A98C0BE0-F37E-4A35-914B-F1B76FADBB7C}","Shape__Area":4.967768394510002e-7,"Shape__Length":0.003227256018355311}},{"type":"Feature","geometry":{"type":"Polygon","coordinates":[[[-118.924828,49.722309],[-118.925476,49.721767],[-118.925559,49.721702],[-118.925649,49.721641],[-118.925745,49.721584],[-118.925846,49.721531],[-118.925952,49.721482],[-118.925946,49.721989],[-118.925946,49.722037],[-118.925946,49.722038],[-118.925829,49.722107],[-118.925781,49.722137],[-118.92576,49.722153],[-118.925659,49.722214],[-118.92563,49.722229],[-118.925611,49.722236],[-118.925501,49.722294],[-118.925443,49.722324],[-118.925233,49.722435],[-118.925156,49.722473],[-118.925015,49.722405],[-118.924828,49.722309]]]},"properties":{"OBJECTID":18526,"PMBCParcelGUID":"{13BACC10-C519-4E39-BF9A-81C57C12F8EB}","PMBC_PID":null,"PMBC_PIN":null,"PMBC_ParcelClass":"BUILDING STRATA","PMBC_OwnerType":"UNCLASS","PMBC_LegalDescription":null,"Folio":"71307907310","FullAddress":"302 5275 BIG WHITE RD , BIG WHITE","apt_no":"302","street_no":"5275","street_direction_prefix":null,"street_name":"BIG WHITE RD","street_direction_suffix":null,"postal_code":null,"city":"BIG WHITE","province":"BC","AddressID":"A00000JAE5","TempKey":"13BACC10-C519-4E39-BF9A-81C57C12F8EBA00000JAE5","GlobalID":"{3D0B6124-17FF-45E5-A1BB-B2AE1A041415}","Shape__Area":4.967768394510002e-7,"Shape__Length":0.003227256018355311}},{"type":"Feature","geometry":{"type":"Polygon","coordinates":[[[-118.924828,49.722309],[-118.925476,49.721767],[-118.925559,49.721702],[-118.925649,49.721641],[-118.925745,49.721584],[-118.925846,49.721531],[-118.925952,49.721482],[-118.925946,49.721989],[-118.925946,49.722037],[-118.925946,49.722038],[-118.925829,49.722107],[-118.925781,49.722137],[-118.92576,49.722153],[-118.925659,49.722214],[-118.92563,49.722229],[-118.925611,49.722236],[-118.925501,49.722294],[-118.925443,49.722324],[-118.925233,49.722435],[-118.925156,49.722473],[-118.925015,49.722405],[-118.924828,49.722309]]]},"properties":{"OBJECTID":18527,"PMBCParcelGUID":"{13BACC10-C519-4E39-BF9A-81C57C12F8EB}","PMBC_PID":null,"PMBC_PIN":null,"PMBC_ParcelClass":"BUILDING STRATA","PMBC_OwnerType":"UNCLASS","PMBC_LegalDescription":null,"Folio":"71307907315","FullAddress":"5275 BIG WHITE RD , BIG WHITE","apt_no":null,"street_no":"5275","street_direction_prefix":null,"street_name":"BIG WHITE RD","street_direction_suffix":null,"postal_code":null,"city":"BIG WHITE","province":"BC","AddressID":"A00000JAE6","TempKey":"13BACC10-C519-4E39-BF9A-81C57C12F8EBA00000JAE6","GlobalID":"{A20C69EA-94E2-4C6D-9544-40CF78F2A812}","Shape__Area":4.967768394510002e-7,"Shape__Length":0.003227256018355311}},{"type":"Feature","geometry":{"type":"Polygon","coordinates":[[[-118.924828,49.722309],[-118.925476,49.721767],[-118.925559,49.721702],[-118.925649,49.721641],[-118.925745,49.721584],[-118.925846,49.721531],[-118.925952,49.721482],[-118.925946,49.721989],[-118.925946,49.722037],[-118.925946,49.722038],[-118.925829,49.722107],[-118.925781,49.722137],[-118.92576,49.722153],[-118.925659,49.722214],[-118.92563,49.722229],[-118.925611,49.722236],[-118.925501,49.722294],[-118.925443,49.722324],[-118.925233,49.722435],[-118.925156,49.722473],[-118.925015,49.722405],[-118.924828,49.722309]]]},"properties":{"OBJECTID":18528,"PMBCParcelGUID":"{13BACC10-C519-4E39-BF9A-81C57C12F8EB}","PMBC_PID":null,"PMBC_PIN":null,"PMBC_ParcelClass":"BUILDING STRATA","PMBC_OwnerType":"UNCLASS","PMBC_LegalDescription":null,"Folio":"71307907320","FullAddress":"5275 BIG WHITE RD , BIG WHITE","apt_no":null,"street_no":"5275","street_direction_prefix":null,"street_name":"BIG WHITE RD","street_direction_suffix":null,"postal_code":null,"city":"BIG WHITE","province":"BC","AddressID":"A00000JAE7","TempKey":"13BACC10-C519-4E39-BF9A-81C57C12F8EBA00000JAE7","GlobalID":"{EFE4DB33-B826-4020-82F8-A7C501AC0756}","Shape__Area":4.967768394510002e-7,"Shape__Length":0.003227256018355311}},{"type":"Feature","geometry":{"type":"Polygon","coordinates":[[[-119.0425,49.322418],[-119.042572,49.322534],[-119.042597,49.322584],[-119.042645,49.322691],[-119.042683,49.322799],[-119.042712,49.322909],[-119.042732,49.323019],[-119.042743,49.32313],[-119.042744,49.323241],[-119.042736,49.323352],[-119.042718,49.323463],[-119.042692,49.323573],[-119.042656,49.323681],[-119.042611,49.323788],[-119.042557,49.323894],[-119.04253,49.323965],[-119.042509,49.324024],[-119.04249,49.324084],[-119.0425,49.322418]]]},"properties":{"OBJECTID":18529,"PMBCParcelGUID":"{CB50E890-86E5-49DB-A05A-81C67AD63943}","PMBC_PID":4264410,"PMBC_PIN":4264410,"PMBC_ParcelClass":"SUBDIVISION","PMBC_OwnerType":"CROWN PROVINCIAL","PMBC_LegalDescription":"PARCEL L (PLAN A166) OF DISTRICT LOT 623S SIMILKAMEEN DIVISION YALE DISTRICT","Folio":"71303535200","FullAddress":"","apt_no":null,"street_no":null,"street_direction_prefix":null,"street_name":null,"street_direction_suffix":null,"postal_code":null,"city":null,"province":"BC","AddressID":"D00000GYA5","TempKey":"CB50E890-86E5-49DB-A05A-81C67AD63943D00000GYA5","GlobalID":"{0A2D1BA7-97D1-473B-B6AD-441DFE3262AA}","Shape__Area":2.6768695860400004e-7,"Shape__Length":0.0034256055487370076}},{"type":"Feature","geometry":{"type":"Polygon","coordinates":[[[-117.757595,49.093881],[-117.757933,49.094161],[-117.757559,49.094136],[-117.757345,49.094121],[-117.757406,49.093725],[-117.757595,49.093881]]]},"properties":{"OBJECTID":18530,"PMBCParcelGUID":"{E7CB6665-2386-4EBD-92BD-81C6E6C945E2}","PMBC_PID":28051351,"PMBC_PIN":28051351,"PMBC_ParcelClass":"SUBDIVISION","PMBC_OwnerType":"PRIVATE","PMBC_LegalDescription":"PARCEL A (BEING A CONSOLIDATION OF LOTS 5 AND 6, SEE LB344451) BLOCK 16 DISTRICT LOT 4597 KOOTENAY DISTRICT PLAN 1939","Folio":"58800196500","FullAddress":"970 SCOTT ST , WARFIELD","apt_no":null,"street_no":"970","street_direction_prefix":null,"street_name":"SCOTT ST","street_direction_suffix":null,"postal_code":"V1R 2C1","city":"WARFIELD","province":"BC","AddressID":"D000006P1R","TempKey":"E7CB6665-2386-4EBD-92BD-81C6E6C945E2D000006P1R","GlobalID":"{4DABEA84-7A5B-4504-A1A1-DA333BBE00D2}","Shape__Area":1.1762806862500004e-7,"Shape__Length":0.0016744483922058553}},{"type":"Feature","geometry":{"type":"Polygon","coordinates":[[[-117.698649,49.092206],[-117.698702,49.092205],[-117.698704,49.092411],[-117.698652,49.092411],[-117.698649,49.092206]]]},"properties":{"OBJECTID":18531,"PMBCParcelGUID":"{AC938189-8DF9-4D51-A815-81C812801415}","PMBC_PID":15869113,"PMBC_PIN":15869113,"PMBC_ParcelClass":"SUBDIVISION","PMBC_OwnerType":"PRIVATE","PMBC_LegalDescription":"THAT PART OF LOT 6 DISTRICT LOT 4598 KOOTENAY DISTRICT PLAN 1270 LYING WEST OF A LINE WHICH BISECTS THE NORTHERLY AND SOUTHERLY BOUNDARIES OF SAID LOT","Folio":"23201607000","FullAddress":"2125 TOPPING ST , TRAIL","apt_no":null,"street_no":"2125","street_direction_prefix":null,"street_name":"TOPPING ST","street_direction_suffix":null,"postal_code":"V1R 4G6","city":"TRAIL","province":"BC","AddressID":"A000018S6L","TempKey":"AC938189-8DF9-4D51-A815-81C812801415A000018S6L","GlobalID":"{711670CF-9AD2-4476-BF52-66257490B7D6}","Shape__Area":1.0714946305000002e-8,"Shape__Length":0.000515353940899896}},{"type":"Feature","geometry":{"type":"Polygon","coordinates":[[[-118.675622,49.087116],[-118.675453,49.087231],[-118.675174,49.087054],[-118.675334,49.086931],[-118.675622,49.087116]]]},"properties":{"OBJECTID":18532,"PMBCParcelGUID":"{42EA1D87-F9C9-4AB9-BD17-81C93A8E5E63}","PMBC_PID":12862231,"PMBC_PIN":12862231,"PMBC_ParcelClass":"SUBDIVISION","PMBC_OwnerType":"LOCAL GOVERNMENT","PMBC_LegalDescription":"LOT 14 BLOCK B DISTRICT LOT 597 SIMILKAMEEN DIVISION YALE DISTRICT PLAN 21","Folio":"21100468050","FullAddress":"LONG LAKE AVE , GREENWOOD","apt_no":null,"street_no":null,"street_direction_prefix":null,"street_name":"LONG LAKE AVE","street_direction_suffix":null,"postal_code":"V0H 1J0","city":"GREENWOOD","province":"BC","AddressID":"A00000HA32","TempKey":"42EA1D87-F9C9-4AB9-BD17-81C93A8E5E63A00000HA32","GlobalID":"{A7203C19-0835-4F0C-83A4-B187B15A496D}","Shape__Area":6.366447295750002e-8,"Shape__Length":0.0010801473094741326}},{"type":"Feature","geometry":{"type":"Polygon","coordinates":[[[-118.770335,49.005377],[-118.77033,49.005075],[-118.770434,49.005075],[-118.770439,49.005376],[-118.770335,49.005377]]]},"properties":{"OBJECTID":18533,"PMBCParcelGUID":"{50071040-B24A-4108-BB6C-81CB891F3437}","PMBC_PID":12850667,"PMBC_PIN":12850667,"PMBC_ParcelClass":"SUBDIVISION","PMBC_OwnerType":"PRIVATE","PMBC_LegalDescription":"LOT 18 BLOCK 47 DISTRICT LOT 501 SIMILKAMEEN DIVISION YALE DISTRICT PLAN 3","Folio":"54700136000","FullAddress":"407 HARTLAND AVE , MIDWAY","apt_no":null,"street_no":"407","street_direction_prefix":null,"street_name":"HARTLAND AVE","street_direction_suffix":null,"postal_code":"V0H 1M0","city":"MIDWAY","province":"BC","AddressID":"A00000HVJ4","TempKey":"50071040-B24A-4108-BB6C-81CB891F3437A00000HVJ4","GlobalID":"{36F572C2-60EB-466A-A097-8C87E1DBE2EE}","Shape__Area":3.1397883755500006e-8,"Shape__Length":0.0008112807825903004}},{"type":"Feature","geometry":{"type":"MultiPolygon","coordinates":[[[[-118.93435,49.052993],[-118.93434,49.051196],[-118.934711,49.051257],[-118.935229,49.051343],[-118.935745,49.051432],[-118.93626,49.051525],[-118.936269,49.053024],[-118.936231,49.053024],[-118.93435,49.052993]]],[[[-118.935286,49.051051],[-118.935276,49.0508],[-118.936045,49.050795],[-118.936052,49.051047],[-118.936055,49.051158],[-118.935286,49.051051]]],[[[-118.935243,49.050801],[-118.935253,49.051071],[-118.936056,49.051187],[-118.936057,49.051243],[-118.934841,49.051033],[-118.934338,49.050944],[-118.934337,49.050807],[-118.935243,49.050801]]]]},"properties":{"OBJECTID":18534,"PMBCParcelGUID":"{FF3DB193-2967-49ED-98B8-81CD71C3E140}","PMBC_PID":12478547,"PMBC_PIN":12478547,"PMBC_ParcelClass":"SUBDIVISION","PMBC_OwnerType":"CROWN PROVINCIAL","PMBC_LegalDescription":"LOT 70 DISTRICT LOT 2455 SIMILKAMEEN DIVISION YALE DISTRICT PLAN 378 EXCEPT: (1) PART OUTLINED GREEN ON PLAN C.G. 621 (2) PART OUTLINED RED ON PL C.G. 411 (3) PART NOW ROAD ON PLAN H1","Folio":"71303065005","FullAddress":"","apt_no":null,"street_no":null,"street_direction_prefix":null,"street_name":null,"street_direction_suffix":null,"postal_code":null,"city":null,"province":"BC","AddressID":"D00000G1S6","TempKey":"FF3DB193-2967-49ED-98B8-81CD71C3E140D00000G1S6","GlobalID":"{BA5CC646-111F-442F-9E6A-7271F73BC83E}","Shape__Area":0.000003639685664662001,"Shape__Length":0.013249008248634337}},{"type":"Feature","geometry":{"type":"MultiPolygon","coordinates":[[[[-118.93435,49.052993],[-118.93434,49.051196],[-118.934711,49.051257],[-118.935229,49.051343],[-118.935745,49.051432],[-118.93626,49.051525],[-118.936269,49.053024],[-118.936231,49.053024],[-118.93435,49.052993]]],[[[-118.935286,49.051051],[-118.935276,49.0508],[-118.936045,49.050795],[-118.936052,49.051047],[-118.936055,49.051158],[-118.935286,49.051051]]],[[[-118.935243,49.050801],[-118.935253,49.051071],[-118.936056,49.051187],[-118.936057,49.051243],[-118.934841,49.051033],[-118.934338,49.050944],[-118.934337,49.050807],[-118.935243,49.050801]]]]},"properties":{"OBJECTID":18535,"PMBCParcelGUID":"{FF3DB193-2967-49ED-98B8-81CD71C3E140}","PMBC_PID":12478547,"PMBC_PIN":12478547,"PMBC_ParcelClass":"SUBDIVISION","PMBC_OwnerType":"CROWN PROVINCIAL","PMBC_LegalDescription":"LOT 70 DISTRICT LOT 2455 SIMILKAMEEN DIVISION YALE DISTRICT PLAN 378 EXCEPT: (1) PART OUTLINED GREEN ON PLAN C.G. 621 (2) PART OUTLINED RED ON PL C.G. 411 (3) PART NOW ROAD ON PLAN H1","Folio":"71303110100","FullAddress":"3645 HIGHWAY 3 ","apt_no":null,"street_no":"3645","street_direction_prefix":null,"street_name":"HIGHWAY 3","street_direction_suffix":null,"postal_code":null,"city":null,"province":"BC","AddressID":"A00000J7DC","TempKey":"FF3DB193-2967-49ED-98B8-81CD71C3E140A00000J7DC","GlobalID":"{EB281139-04EF-4A1F-8729-8913AC3D6EED}","Shape__Area":0.000003639685664662001,"Shape__Length":0.013249008248634337}},{"type":"Feature","geometry":{"type":"Polygon","coordinates":[[[-118.455093,49.015545],[-118.455094,49.015365],[-118.455878,49.015365],[-118.455892,49.015365],[-118.455895,49.015398],[-118.455895,49.015438],[-118.455899,49.015475],[-118.455895,49.015524],[-118.455897,49.015546],[-118.455883,49.015546],[-118.455093,49.015545]]]},"properties":{"OBJECTID":18536,"PMBCParcelGUID":"{0D7AC2BC-E65E-4A0C-8098-81CE21A08250}","PMBC_PID":30890331,"PMBC_PIN":30890331,"PMBC_ParcelClass":"SUBDIVISION","PMBC_OwnerType":"PRIVATE","PMBC_LegalDescription":"LOT 7 DISTRICT LOT 533 SIMILKAMEEN DIVISION YALE DISTRICT PLAN EPP93476","Folio":"21001122065","FullAddress":"19TH ST , GRAND FORKS","apt_no":null,"street_no":null,"street_direction_prefix":null,"street_name":"19TH ST","street_direction_suffix":null,"postal_code":null,"city":"GRAND FORKS","province":"BC","AddressID":"D00000LLL7","TempKey":"0D7AC2BC-E65E-4A0C-8098-81CE21A08250D00000LLL7","GlobalID":"{D7705E0B-8FA1-429F-A1E1-72376266B611}","Shape__Area":1.4513322950850005e-7,"Shape__Length":0.0019643330465412764}},{"type":"Feature","geometry":{"type":"Polygon","coordinates":[[[-117.739555,49.127159],[-117.739639,49.127427],[-117.739232,49.127487],[-117.739147,49.127217],[-117.739555,49.127159]]]},"properties":{"OBJECTID":18537,"PMBCParcelGUID":"{7EEB1167-5984-4E8D-ADEF-81D0256E706F}","PMBC_PID":15199819,"PMBC_PIN":15199819,"PMBC_ParcelClass":"SUBDIVISION","PMBC_OwnerType":"PRIVATE","PMBC_LegalDescription":"PARCEL A (SEE K15661) DISTRICT LOT 367 KOOTENAY DISTRICT PLAN 2667","Folio":"71102303144","FullAddress":"436 2ND AVE , RIVERVALE","apt_no":null,"street_no":"436","street_direction_prefix":null,"street_name":"2ND AVE","street_direction_suffix":null,"postal_code":"V1R 4V5","city":"RIVERVALE","province":"BC","AddressID":"A000019LX0","TempKey":"7EEB1167-5984-4E8D-ADEF-81D0256E706FA000019LX0","GlobalID":"{60B2492A-824C-43A6-9E1C-7C48860556E4}","Shape__Area":1.1465436169800003e-7,"Shape__Length":0.0013876142778048207}},{"type":"Feature","geometry":{"type":"Polygon","coordinates":[[[-117.705209,49.092051],[-117.70523,49.091981],[-117.705358,49.091996],[-117.705352,49.092018],[-117.705293,49.092228],[-117.705164,49.092207],[-117.705209,49.092051]]]},"properties":{"OBJECTID":18538,"PMBCParcelGUID":"{9B21B3DF-B6FA-4400-A785-81D358CD0C95}","PMBC_PID":16272056,"PMBC_PIN":16272056,"PMBC_ParcelClass":"SUBDIVISION","PMBC_OwnerType":"PRIVATE","PMBC_LegalDescription":"LOT 1 BLOCK 48 DISTRICT LOT 230 KOOTENAY DISTRICT PLAN 465D EXCEPT PARCEL A (SEE 26102I)","Folio":"23200582000","FullAddress":"1798 DANIEL ST , TRAIL","apt_no":null,"street_no":"1798","street_direction_prefix":null,"street_name":"DANIEL ST","street_direction_suffix":null,"postal_code":"V1R 4G8","city":"TRAIL","province":"BC","AddressID":"A000018RFG","TempKey":"9B21B3DF-B6FA-4400-A785-81D358CD0C95A000018RFG","GlobalID":"{11D72833-821B-4D27-8C17-513B601E0261}","Shape__Area":3.065495934550001e-8,"Shape__Length":0.0007365164826797393}},{"type":"Feature","geometry":{"type":"Polygon","coordinates":[[[-118.773881,49.010204],[-118.773875,49.009815],[-118.774082,49.009813],[-118.774089,49.010202],[-118.773881,49.010204]]]},"properties":{"OBJECTID":18539,"PMBCParcelGUID":"{A0F1FF24-079C-4B51-9FAB-81D420164278}","PMBC_PID":11204133,"PMBC_PIN":11204133,"PMBC_ParcelClass":"SUBDIVISION","PMBC_OwnerType":"PRIVATE","PMBC_LegalDescription":"LOT 2 BLOCK 40 DISTRICT LOT 501 SIMILKAMEEN DIVISION YALE DISTRICT PLAN 3","Folio":"54700096000","FullAddress":"680 CHAMBLET ST , MIDWAY","apt_no":null,"street_no":"680","street_direction_prefix":null,"street_name":"CHAMBLET ST","street_direction_suffix":null,"postal_code":null,"city":"MIDWAY","province":"BC","AddressID":"A00000HVFV","TempKey":"A0F1FF24-079C-4B51-9FAB-81D420164278A00000HVFV","GlobalID":"{5EE398DF-9982-4A55-9B28-47D3F3D8B246}","Shape__Area":8.063894199700002e-8,"Shape__Length":0.0011928051733387326}},{"type":"Feature","geometry":{"type":"Polygon","coordinates":[[[-117.800455,49.079878],[-117.80058,49.079884],[-117.800705,49.07989],[-117.800783,49.079894],[-117.80083,49.079896],[-117.800954,49.079902],[-117.801079,49.079908],[-117.801204,49.079914],[-117.801185,49.080086],[-117.801174,49.080187],[-117.801174,49.080187],[-117.801049,49.080181],[-117.800924,49.080175],[-117.8008,49.08017],[-117.800675,49.080164],[-117.80055,49.080158],[-117.800425,49.080152],[-117.800425,49.080152],[-117.800455,49.079878]]]},"properties":{"OBJECTID":18540,"PMBCParcelGUID":"{F5113334-BCA3-476E-B6A4-81D553D6A133}","PMBC_PID":23117818,"PMBC_PIN":23117818,"PMBC_ParcelClass":"SUBDIVISION","PMBC_OwnerType":"LOCAL GOVERNMENT","PMBC_LegalDescription":"PARCEL D (SEE XJ18072) BLOCK 15 DISTRICT LOT 535 KOOTENAY DISTRICT PLAN 616","Folio":"22900618000","FullAddress":"1953 THIRD AVE , ROSSLAND","apt_no":null,"street_no":"1953","street_direction_prefix":null,"street_name":"THIRD AVE","street_direction_suffix":null,"postal_code":null,"city":"ROSSLAND","province":"BC","AddressID":"A000018PLN","TempKey":"F5113334-BCA3-476E-B6A4-81D553D6A133A000018PLN","GlobalID":"{A4D2487D-7F81-4610-A9E4-C66A0B61DD8A}","Shape__Area":2.0581221871800006e-7,"Shape__Length":0.002049076600389984}},{"type":"Feature","geometry":{"type":"Polygon","coordinates":[[[-118.69304,49.1096],[-118.692858,49.109127],[-118.692511,49.108223],[-118.691614,49.105886],[-118.692815,49.105687],[-118.693182,49.105626],[-118.695411,49.105258],[-118.695961,49.105167],[-118.697687,49.104881],[-118.698706,49.107536],[-118.698774,49.107711],[-118.699046,49.108421],[-118.698898,49.108471],[-118.698604,49.108563],[-118.698492,49.108597],[-118.698379,49.108628],[-118.698315,49.108646],[-118.698252,49.108665],[-118.698312,49.108737],[-118.698371,49.108807],[-118.698268,49.108847],[-118.698168,49.10889],[-118.698072,49.108936],[-118.697974,49.108989],[-118.697881,49.109045],[-118.697793,49.109104],[-118.696932,49.109246],[-118.695648,49.109459],[-118.695555,49.109474],[-118.693145,49.109874],[-118.69304,49.1096]]]},"properties":{"OBJECTID":18541,"PMBCParcelGUID":"{BCCDACB0-C586-4AAB-9FC6-81D78EF8D977}","PMBC_PID":13367757,"PMBC_PIN":13367757,"PMBC_ParcelClass":"SUBDIVISION","PMBC_OwnerType":"CROWN PROVINCIAL","PMBC_LegalDescription":"THE SURFACE OF DISTRICT LOT 827 SIMILKAMEEN DIVISION YALE DISTRICT KNOWN AS THE \"E.C.B.\" MINERAL CLAIM","Folio":"71304135000","FullAddress":"","apt_no":null,"street_no":null,"street_direction_prefix":null,"street_name":null,"street_direction_suffix":null,"postal_code":null,"city":null,"province":"BC","AddressID":"D00000GN47","TempKey":"BCCDACB0-C586-4AAB-9FC6-81D78EF8D977D00000GN47","GlobalID":"{1C4F5782-44BE-4DAF-AB42-0035932E29E7}","Shape__Area":0.000025347482300380006,"Shape__Length":0.020598985361161688}},{"type":"Feature","geometry":{"type":"Polygon","coordinates":[[[-117.555277,49.109222],[-117.555457,49.109061],[-117.555871,49.109267],[-117.555734,49.109434],[-117.555277,49.109222]]]},"properties":{"OBJECTID":18542,"PMBCParcelGUID":"{05DBC7D8-E14D-4401-ADF7-81D82E31DDEB}","PMBC_PID":12992054,"PMBC_PIN":12992054,"PMBC_ParcelClass":"SUBDIVISION","PMBC_OwnerType":"PRIVATE","PMBC_LegalDescription":"LOT 2 DISTRICT LOT 1236 KOOTENAY DISTRICT PLAN 10083","Folio":"52100216920","FullAddress":"1735 FIRST ST , FRUITVALE","apt_no":null,"street_no":"1735","street_direction_prefix":null,"street_name":"FIRST ST","street_direction_suffix":null,"postal_code":null,"city":"FRUITVALE","province":"BC","AddressID":"A000018XJW","TempKey":"05DBC7D8-E14D-4401-ADF7-81D82E31DDEBA000018XJW","GlobalID":"{3D99C609-47C5-4B58-97AE-50D4598272EA}","Shape__Area":1.0449163123850002e-7,"Shape__Length":0.001423732176099658}},{"type":"Feature","geometry":{"type":"Polygon","coordinates":[[[-118.707536,49.100944],[-118.707433,49.100895],[-118.707329,49.100849],[-118.707226,49.100803],[-118.707462,49.100577],[-118.707565,49.100624],[-118.707668,49.10067],[-118.707772,49.100716],[-118.707876,49.100762],[-118.707979,49.10081],[-118.708082,49.100856],[-118.708185,49.100903],[-118.708288,49.100949],[-118.708391,49.100995],[-118.708495,49.101043],[-118.708259,49.101268],[-118.708156,49.101222],[-118.708052,49.101176],[-118.707949,49.101128],[-118.707845,49.101082],[-118.707742,49.101036],[-118.707639,49.10099],[-118.707536,49.100944]]]},"properties":{"OBJECTID":18543,"PMBCParcelGUID":"{86106C9F-50DE-4DEE-B739-81DF695BE6B0}","PMBC_PID":25416171,"PMBC_PIN":25416171,"PMBC_ParcelClass":"SUBDIVISION","PMBC_OwnerType":"PRIVATE","PMBC_LegalDescription":"PARCEL B (KT48468) BLOCK 8 DISTRICT LOT 620 SIMILKAMEEN DIVISION YALE DISTRICT PLAN 73","Folio":"71303533125","FullAddress":"DEADWOOD ","apt_no":null,"street_no":null,"street_direction_prefix":null,"street_name":"DEADWOOD","street_direction_suffix":null,"postal_code":null,"city":null,"province":"BC","AddressID":"A00000J7JA","TempKey":"86106C9F-50DE-4DEE-B739-81DF695BE6B0A00000J7JA","GlobalID":"{EE5984E3-0000-44CB-8D9A-7E9F7F062819}","Shape__Area":3.4365450493050007e-7,"Shape__Length":0.002918720139473125}},{"type":"Feature","geometry":{"type":"Polygon","coordinates":[[[-118.541553,49.124176],[-118.541554,49.123848],[-118.541679,49.123845],[-118.541679,49.124175],[-118.541553,49.124176]]]},"properties":{"OBJECTID":18544,"PMBCParcelGUID":"{4ED27A4E-79ED-4756-A909-81E3F24F6E8B}","PMBC_PID":12737682,"PMBC_PIN":12737682,"PMBC_ParcelClass":"SUBDIVISION","PMBC_OwnerType":"CROWN PROVINCIAL","PMBC_LegalDescription":"LOT 10 BLOCK 13 DISTRICT LOT 1557 SIMILKAMEEN DIVISION YALE DISTRICT PLAN 79","Folio":"71204850274","FullAddress":"","apt_no":null,"street_no":null,"street_direction_prefix":null,"street_name":null,"street_direction_suffix":null,"postal_code":null,"city":null,"province":"BC","AddressID":"D00000GNEA","TempKey":"4ED27A4E-79ED-4756-A909-81E3F24F6E8BD00000GNEA","GlobalID":"{408FD52D-F814-4C29-8AC5-83F887A68181}","Shape__Area":4.128614918450001e-8,"Shape__Length":0.0009094571545337912}},{"type":"Feature","geometry":{"type":"Polygon","coordinates":[[[-118.50781,49.009192],[-118.50923,49.009193],[-118.509239,49.010166],[-118.509244,49.010772],[-118.507961,49.010772],[-118.507904,49.01017],[-118.50781,49.009192]]]},"properties":{"OBJECTID":18545,"PMBCParcelGUID":"{A4B0B798-7640-4453-AD10-81E73DC0813F}","PMBC_PID":9905341,"PMBC_PIN":9905341,"PMBC_ParcelClass":"SUBDIVISION","PMBC_OwnerType":"PRIVATE","PMBC_LegalDescription":"LOT 28  DISTRICT LOT 364  SIMILKAMEEN DIVISION YALE DISTRICT  PLAN 7888","Folio":"71203808000","FullAddress":"4575 CENTRE RD , GRAND FORKS","apt_no":null,"street_no":"4575","street_direction_prefix":null,"street_name":"CENTRE RD","street_direction_suffix":null,"postal_code":"V0H 1H5","city":"GRAND FORKS","province":"BC","AddressID":"A00000J4D0","TempKey":"A4B0B798-7640-4453-AD10-81E73DC0813FA00000J4D0","GlobalID":"{A57DEF6A-5466-43E5-ADA3-83D06AA1AB84}","Shape__Area":0.0000021335284816760003,"Shape__Length":0.005867657663454572}},{"type":"Feature","geometry":{"type":"Polygon","coordinates":[[[-118.597061,49.097961],[-118.596939,49.097942],[-118.597053,49.097607],[-118.597175,49.097626],[-118.597061,49.097961]]]},"properties":{"OBJECTID":18546,"PMBCParcelGUID":"{704B28F4-68D8-4577-8B94-81EAAC56EE1C}","PMBC_PID":12254126,"PMBC_PIN":12254126,"PMBC_ParcelClass":"SUBDIVISION","PMBC_OwnerType":"PRIVATE","PMBC_LegalDescription":"LOT 13 BLOCK 11 DISTRICT LOT 894 SIMILKAMEEN DIVISION YALE DISTRICT PLAN 60","Folio":"71203494157","FullAddress":"","apt_no":null,"street_no":null,"street_direction_prefix":null,"street_name":null,"street_direction_suffix":null,"postal_code":null,"city":null,"province":"BC","AddressID":"D00000G1UA","TempKey":"704B28F4-68D8-4577-8B94-81EAAC56EE1CD00000G1UA","GlobalID":"{5EBEBBBC-4F40-40C5-BDB1-E1085BB08416}","Shape__Area":4.3007529340000013e-8,"Shape__Length":0.0009548052854293205}},{"type":"Feature","geometry":{"type":"Polygon","coordinates":[[[-118.701097,49.041069],[-118.701187,49.041034],[-118.701189,49.041037],[-118.701212,49.041062],[-118.701324,49.041185],[-118.701251,49.041238],[-118.701139,49.041115],[-118.701115,49.041088],[-118.701097,49.041069]]]},"properties":{"OBJECTID":18547,"PMBCParcelGUID":"{8705D9D7-2821-40BE-8AF3-81EADBCAB364}","PMBC_PID":12859931,"PMBC_PIN":12859931,"PMBC_ParcelClass":"SUBDIVISION","PMBC_OwnerType":"CROWN PROVINCIAL","PMBC_LegalDescription":"THAT PART OF LOT 8 BLOCK 7 DISTRICT LOT 429 SIMILKAMEEN DIVISION YALE DISTRICT PLAN 19 SHOWN COLOURED RED ON PLAN ATTACHED TO ABSOLUTE FEES PARCELS BOOK VOLUME 3 FOLIO 427 NO. 2974A","Folio":"71302796515","FullAddress":"CENTRE ST ","apt_no":null,"street_no":null,"street_direction_prefix":null,"street_name":"CENTRE ST","street_direction_suffix":null,"postal_code":null,"city":null,"province":"BC","AddressID":"A00000J78J","TempKey":"8705D9D7-2821-40BE-8AF3-81EADBCAB364A00000J78J","GlobalID":"{8D916112-77FB-4873-B609-4DC97B5670AE}","Shape__Area":1.9398926968000006e-8,"Shape__Length":0.0006184386525993602}},{"type":"Feature","geometry":{"type":"Polygon","coordinates":[[[-118.672567,49.099283],[-118.672566,49.099119],[-118.673067,49.099116],[-118.673068,49.09928],[-118.672567,49.099283]]]},"properties":{"OBJECTID":18548,"PMBCParcelGUID":"{CEB4F237-77DC-484E-A8E5-81EF1854F804}","PMBC_PID":28204506,"PMBC_PIN":28204506,"PMBC_ParcelClass":"SUBDIVISION","PMBC_OwnerType":"PRIVATE","PMBC_LegalDescription":"LOT A DISTRICT LOT 711 SIMILKAMEEN DIVISION YALE DISTRICT PLAN KAP90740","Folio":"21100256030","FullAddress":"450 PONDEROSA AVE , GREENWOOD","apt_no":null,"street_no":"450","street_direction_prefix":null,"street_name":"PONDEROSA AVE","street_direction_suffix":null,"postal_code":"V0H 1J0","city":"GREENWOOD","province":"BC","AddressID":"D0000078TH","TempKey":"CEB4F237-77DC-484E-A8E5-81EF1854F804D0000078TH","GlobalID":"{F50EB0A4-7A13-41F5-BDEA-57214D101841}","Shape__Area":8.233626899250003e-8,"Shape__Length":0.0013303355602940989}},{"type":"Feature","geometry":{"type":"Polygon","coordinates":[[[-117.555495,49.111051],[-117.555283,49.111227],[-117.554897,49.111071],[-117.55511,49.110896],[-117.555495,49.111051]]]},"properties":{"OBJECTID":18549,"PMBCParcelGUID":"{405A1706-EE0C-4498-B87B-81EF2930A8B5}","PMBC_PID":12821438,"PMBC_PIN":12821438,"PMBC_ParcelClass":"SUBDIVISION","PMBC_OwnerType":"PRIVATE","PMBC_LegalDescription":"LOT 2 DISTRICT LOT 1236 KOOTENAY DISTRICT PLAN 11307","Folio":"52100214550","FullAddress":"1781 SECOND ST , FRUITVALE","apt_no":null,"street_no":"1781","street_direction_prefix":null,"street_name":"SECOND ST","street_direction_suffix":null,"postal_code":null,"city":"FRUITVALE","province":"BC","AddressID":"A000018XJ8","TempKey":"405A1706-EE0C-4498-B87B-81EF2930A8B5A000018XJ8","GlobalID":"{A7CA5F57-935F-4265-827C-EC7080C90F5A}","Shape__Area":1.0084388992850003e-7,"Shape__Length":0.0013826837524835314}},{"type":"Feature","geometry":{"type":"Polygon","coordinates":[[[-117.54903,49.118248],[-117.548929,49.118248],[-117.548633,49.118244],[-117.548335,49.118241],[-117.548343,49.117957],[-117.548425,49.117958],[-117.548426,49.117874],[-117.549033,49.117912],[-117.54903,49.118248]]]},"properties":{"OBJECTID":18550,"PMBCParcelGUID":"{57A6AA2E-D08A-4D0C-B9BE-81F09CE24CA7}","PMBC_PID":26872366,"PMBC_PIN":26872366,"PMBC_ParcelClass":"SUBDIVISION","PMBC_OwnerType":"PRIVATE","PMBC_LegalDescription":"LOT B DISTRICT LOT 1236 KOOTENAY DISTRICT PLAN NEP82377","Folio":"52100066954","FullAddress":"1911 HUMMINGBIRD ST , FRUITVALE","apt_no":null,"street_no":"1911","street_direction_prefix":null,"street_name":"HUMMINGBIRD ST","street_direction_suffix":null,"postal_code":"V0G 1L0","city":"FRUITVALE","province":"BC","AddressID":"D0000027U2","TempKey":"57A6AA2E-D08A-4D0C-B9BE-81F09CE24CA7D0000027U2","GlobalID":"{95FEF60C-555C-49BF-B662-B18623A2F459}","Shape__Area":2.3783917520400007e-7,"Shape__Length":0.0020878627532585096}},{"type":"Feature","geometry":{"type":"Polygon","coordinates":[[[-118.462673,49.02152],[-118.462674,49.021153],[-118.463186,49.021154],[-118.4628,49.021583],[-118.462781,49.021566],[-118.462758,49.02155],[-118.462732,49.021538],[-118.462704,49.021527],[-118.462673,49.02152]]]},"properties":{"OBJECTID":18551,"PMBCParcelGUID":"{65391F9E-1C9F-4ECA-A674-81F0B2F6BBEF}","PMBC_PID":18307060,"PMBC_PIN":18307060,"PMBC_ParcelClass":"SUBDIVISION","PMBC_OwnerType":"PRIVATE","PMBC_LegalDescription":"LOT 17 DISTRICT LOT 533 SIMILKAMEEN DIVISION YALE DISTRICT PLAN KAP50028","Folio":"21000871085","FullAddress":"2365 MOUNTAIN PL , GRAND FORKS","apt_no":null,"street_no":"2365","street_direction_prefix":null,"street_name":"MOUNTAIN PL","street_direction_suffix":null,"postal_code":"V0H 1H0","city":"GRAND FORKS","province":"BC","AddressID":"A00000H81F","TempKey":"65391F9E-1C9F-4ECA-A674-81F0B2F6BBEFA00000H81F","GlobalID":"{EA5ABBF9-B022-4CF5-8628-B569A3194547}","Shape__Area":1.3217316149200004e-7,"Shape__Length":0.001599165705228281}},{"type":"Feature","geometry":{"type":"Polygon","coordinates":[[[-118.702047,49.023358],[-118.680098,49.023393],[-118.680591,49.016122],[-118.702218,49.016083],[-118.702047,49.023358]]]},"properties":{"OBJECTID":18552,"PMBCParcelGUID":"{9FE2709B-094C-4833-9FE1-81F47F557E98}","PMBC_PID":1834126,"PMBC_PIN":1834126,"PMBC_ParcelClass":"SUBDIVISION","PMBC_OwnerType":"PRIVATE","PMBC_LegalDescription":"DISTRICT LOT 2941 SIMILKAMEEN DIVISION YALE DISTRICT","Folio":"71306972000","FullAddress":"","apt_no":null,"street_no":null,"street_direction_prefix":null,"street_name":null,"street_direction_suffix":null,"postal_code":null,"city":null,"province":"BC","AddressID":"D00000FFRP","TempKey":"9FE2709B-094C-4833-9FE1-81F47F557E98D00000FFRP","GlobalID":"{ACB23D1F-87D4-4AEA-A1C5-E74227DD11EB}","Shape__Area":0.00015845089645756655,"Shape__Length":0.05814074833275665}},{"type":"Feature","geometry":{"type":"Polygon","coordinates":[[[-118.790399,49.592173],[-118.791451,49.592495],[-118.791602,49.592543],[-118.79195,49.592585],[-118.792973,49.592501],[-118.793787,49.59242],[-118.794171,49.59244],[-118.794174,49.592414],[-118.794357,49.59235],[-118.794396,49.592336],[-118.794359,49.601831],[-118.788983,49.601817],[-118.788794,49.601817],[-118.788833,49.592163],[-118.788834,49.592096],[-118.788834,49.592051],[-118.78884,49.592049],[-118.788849,49.592047],[-118.788879,49.59204],[-118.789026,49.592003],[-118.78935,49.591988],[-118.789917,49.592075],[-118.790399,49.592173]]]},"properties":{"OBJECTID":18553,"PMBCParcelGUID":"{73BEE64F-77EF-41C3-B63B-81F496F84292}","PMBC_PID":10850121,"PMBC_PIN":10850121,"PMBC_ParcelClass":"SUBDIVISION","PMBC_OwnerType":"PRIVATE","PMBC_LegalDescription":"DISTRICT LOT 2791S SIMILKAMEEN DIVISION YALE DISTRICT","Folio":"71306863000","FullAddress":"8636 CHRISTIAN VALLEY RD ","apt_no":null,"street_no":"8636","street_direction_prefix":null,"street_name":"CHRISTIAN VALLEY RD","street_direction_suffix":null,"postal_code":null,"city":null,"province":"BC","AddressID":"A00000J8KN","TempKey":"73BEE64F-77EF-41C3-B63B-81F496F84292A00000J8KN","GlobalID":"{D513302C-CDE8-4869-BC0C-76A707437A9E}","Shape__Area":0.00005277583711213952,"Shape__Length":0.03051407553324947}},{"type":"Feature","geometry":{"type":"MultiPolygon","coordinates":[[[[-118.459712,49.109508],[-118.459824,49.109432],[-118.459915,49.109405],[-118.460019,49.109371],[-118.460061,49.109364],[-118.460212,49.109393],[-118.460346,49.109416],[-118.460582,49.109482],[-118.460771,49.109528],[-118.460949,49.109547],[-118.461097,49.109562],[-118.461215,49.109596],[-118.461307,49.109596],[-118.461412,49.109601],[-118.461469,49.109615],[-118.461578,49.109601],[-118.461814,49.109622],[-118.46206,49.109607],[-118.462284,49.109588],[-118.462433,49.109574],[-118.4626,49.109569],[-118.462746,49.109581],[-118.462881,49.109573],[-118.463086,49.109547],[-118.463269,49.109535],[-118.46348,49.109478],[-118.463689,49.109417],[-118.463863,49.109356],[-118.464006,49.109275],[-118.464172,49.109184],[-118.464319,49.109096],[-118.464448,49.108994],[-118.464553,49.108895],[-118.464684,49.108787],[-118.464799,49.108688],[-118.464891,49.108582],[-118.464968,49.108471],[-118.465007,49.108353],[-118.465,49.108215],[-118.464977,49.108085],[-118.464946,49.107982],[-118.464931,49.107864],[-118.464929,49.107772],[-118.464937,49.10772],[-118.465359,49.107706],[-118.465277,49.10735],[-118.465694,49.107341],[-118.465757,49.10734],[-118.466163,49.107332],[-118.467082,49.112097],[-118.462962,49.112228],[-118.46074,49.112299],[-118.46076,49.112103],[-118.46076,49.111984],[-118.460737,49.11188],[-118.460728,49.111762],[-118.460689,49.111621],[-118.460635,49.111488],[-118.460556,49.111377],[-118.46047,49.111272],[-118.46034,49.111157],[-118.460182,49.111061],[-118.460081,49.111005],[-118.459995,49.110924],[-118.459921,49.110851],[-118.459821,49.110793],[-118.459779,49.110737],[-118.459722,49.110706],[-118.459678,49.110656],[-118.459596,49.110526],[-118.459543,49.110485],[-118.459514,49.110454],[-118.459478,49.110378],[-118.459486,49.11019],[-118.459495,49.110085],[-118.459505,49.109887],[-118.459542,49.109742],[-118.459609,49.109622],[-118.459712,49.109508]]],[[[-118.467613,49.107301],[-118.467625,49.107301],[-118.467634,49.107334],[-118.467645,49.107366],[-118.467676,49.107438],[-118.467717,49.107508],[-118.467766,49.107575],[-118.467825,49.10764],[-118.467892,49.1077],[-118.467967,49.107757],[-118.468049,49.107809],[-118.468087,49.10783],[-118.46812,49.107847],[-118.468302,49.111614],[-118.468074,49.112066],[-118.4675,49.112084],[-118.466615,49.107322],[-118.466883,49.107317],[-118.466946,49.107315],[-118.467363,49.107307],[-118.467613,49.107301]]]]},"properties":{"OBJECTID":18554,"PMBCParcelGUID":"{7AC4B2DC-9ABF-41E1-B8F1-81F7508EB7F6}","PMBC_PID":4695836,"PMBC_PIN":4695836,"PMBC_ParcelClass":"SUBDIVISION","PMBC_OwnerType":"PRIVATE","PMBC_LegalDescription":"LOT 7 DISTRICT LOT 1261 SIMILKAMEEN DIVISION YALE DISTRICT PLAN 27882","Folio":"71204694015","FullAddress":"10585 NORTH FORK RD , GRAND FORKS","apt_no":null,"street_no":"10585","street_direction_prefix":null,"street_name":"NORTH FORK RD","street_direction_suffix":null,"postal_code":"V0H 1H8","city":"GRAND FORKS","province":"BC","AddressID":"A00000J5GR","TempKey":"7AC4B2DC-9ABF-41E1-B8F1-81F7508EB7F6A00000J5GR","GlobalID":"{0716F267-1F04-4E21-B3B4-D655DA5F1946}","Shape__Area":0.000026957215952707007,"Shape__Length":0.03417485988522514}},{"type":"Feature","geometry":{"type":"Polygon","coordinates":[[[-117.806715,49.075012],[-117.80684,49.075018],[-117.80681,49.075291],[-117.806685,49.075285],[-117.806715,49.075012]]]},"properties":{"OBJECTID":18555,"PMBCParcelGUID":"{8BE45DE9-FB03-474B-8252-81F86FA65E8F}","PMBC_PID":10037667,"PMBC_PIN":10037667,"PMBC_ParcelClass":"SUBDIVISION","PMBC_OwnerType":"PRIVATE","PMBC_LegalDescription":"LOT 4 BLOCK 6 DISTRICT LOT 535 KOOTENAY DISTRICT PLAN 579","Folio":"22900036000","FullAddress":"1636 COOK AVE , ROSSLAND","apt_no":null,"street_no":"1636","street_direction_prefix":null,"street_name":"COOK AVE","street_direction_suffix":null,"postal_code":"V0G 1Y0","city":"ROSSLAND","province":"BC","AddressID":"A000018NUV","TempKey":"8BE45DE9-FB03-474B-8252-81F86FA65E8FA000018NUV","GlobalID":"{7AE7009A-8336-4DFF-A39F-285D91484731}","Shape__Area":3.426155066800001e-8,"Shape__Length":0.0007996098276768403}},{"type":"Feature","geometry":{"type":"Polygon","coordinates":[[[-118.776425,49.002927],[-118.776602,49.002808],[-118.776364,49.002656],[-118.776058,49.002456],[-118.775765,49.002268],[-118.775568,49.002142],[-118.775414,49.002044],[-118.775261,49.001943],[-118.77442,49.001375],[-118.774212,49.001245],[-118.774012,49.001111],[-118.773819,49.000972],[-118.773634,49.000828],[-118.773458,49.00068],[-118.77329,49.000527],[-118.773131,49.000371],[-118.782222,49.000365],[-118.782162,49.004483],[-118.7787,49.003778],[-118.778473,49.003729],[-118.778248,49.003673],[-118.778027,49.003612],[-118.77781,49.003545],[-118.777597,49.003472],[-118.777388,49.003394],[-118.777185,49.003311],[-118.776986,49.003223],[-118.776793,49.003129],[-118.776606,49.003031],[-118.776425,49.002927]]]},"properties":{"OBJECTID":18556,"PMBCParcelGUID":"{A12B53C2-E925-4DA4-A433-81F94DAB354F}","PMBC_PID":14871963,"PMBC_PIN":14871963,"PMBC_ParcelClass":"SUBDIVISION","PMBC_OwnerType":"LOCAL GOVERNMENT","PMBC_LegalDescription":"THAT PART OF DISTRICT LOT 781 LYING TO THE EAST OF SUB LOT A (PLAN DD 856) OF SAID DISTRICT LOT 781 SIMILKAMEEN DIVISION YALE DISTRICT AND LYING TO THE SOUTH OF THE VANCOUVER, VICTORIA AND EASTERN RAILWAY AS SHOWN ON PLAN DD 683 SIMILKAMEEN DIVISION YALE DISTRICT EXCEPT THE SOUTHERLY 60 FEET THEREOF","Folio":"54700372000","FullAddress":", MIDWAY","apt_no":null,"street_no":null,"street_direction_prefix":null,"street_name":null,"street_direction_suffix":null,"postal_code":null,"city":"MIDWAY","province":"BC","AddressID":"D00000H3MF","TempKey":"A12B53C2-E925-4DA4-A433-81F94DAB354FD00000H3MF","GlobalID":"{0F815519-759C-461B-86B9-A6DDAEF635F6}","Shape__Area":0.000024146636094967005,"Shape__Length":0.023645797572602514}},{"type":"Feature","geometry":{"type":"Polygon","coordinates":[[[-117.70116,49.097093],[-117.701088,49.097016],[-117.701445,49.096873],[-117.701517,49.096951],[-117.70116,49.097093]]]},"properties":{"OBJECTID":18557,"PMBCParcelGUID":"{597E40E5-97A3-4B7C-824B-81FB3C38C715}","PMBC_PID":15830896,"PMBC_PIN":15830896,"PMBC_ParcelClass":"SUBDIVISION","PMBC_OwnerType":"PRIVATE","PMBC_LegalDescription":"LOT 22 BLOCK 11 DISTRICT LOT 2919 KOOTENAY DISTRICT PLAN 1262","Folio":"23201912000","FullAddress":"1648 SECOND AVE , TRAIL","apt_no":null,"street_no":"1648","street_direction_prefix":null,"street_name":"SECOND AVE","street_direction_suffix":null,"postal_code":"V1R 1M5","city":"TRAIL","province":"BC","AddressID":"A000018SF5","TempKey":"597E40E5-97A3-4B7C-824B-81FB3C38C715A000018SF5","GlobalID":"{71E099C8-1EB1-48C5-8C88-36F681DB69D9}","Shape__Area":3.791463162300001e-8,"Shape__Length":0.000979922494910925}},{"type":"Feature","geometry":{"type":"Polygon","coordinates":[[[-118.773875,49.009815],[-118.773881,49.010204],[-118.773465,49.010207],[-118.773458,49.009817],[-118.773875,49.009815]]]},"properties":{"OBJECTID":18558,"PMBCParcelGUID":"{09BCA91B-DE3F-4081-9BE9-81FDBD860252}","PMBC_PID":18631681,"PMBC_PIN":18631681,"PMBC_ParcelClass":"SUBDIVISION","PMBC_OwnerType":"PRIVATE","PMBC_LegalDescription":"PARCEL A (KH19172) BLOCK 40 DISTRICT LOT 501 SIMILKAMEEN DIVISION YALE DISTRICT PLAN 3","Folio":"54700097000","FullAddress":"522 PALMERSTON AVE , MIDWAY","apt_no":null,"street_no":"522","street_direction_prefix":null,"street_name":"PALMERSTON AVE","street_direction_suffix":null,"postal_code":null,"city":"MIDWAY","province":"BC","AddressID":"A00000HVFW","TempKey":"09BCA91B-DE3F-4081-9BE9-81FDBD860252A00000HVFW","GlobalID":"{CF1256F2-D623-47AC-AF3A-BB4A057FFEF4}","Shape__Area":1.6207310882850004e-7,"Shape__Length":0.0016112947184378987}},{"type":"Feature","geometry":{"type":"Polygon","coordinates":[[[-117.696848,49.10029],[-117.696888,49.100396],[-117.696768,49.100462],[-117.696545,49.100586],[-117.696214,49.10077],[-117.696186,49.100786],[-117.696049,49.100862],[-117.695984,49.100898],[-117.694803,49.101108],[-117.694709,49.101081],[-117.694529,49.101029],[-117.694585,49.100946],[-117.694434,49.100903],[-117.694548,49.100734],[-117.694575,49.100694],[-117.694745,49.100444],[-117.694856,49.100278],[-117.695026,49.100028],[-117.695053,49.099988],[-117.695138,49.099862],[-117.695416,49.099944],[-117.695489,49.099989],[-117.695482,49.099962],[-117.695474,49.09993],[-117.696188,49.100075],[-117.696314,49.1001],[-117.696848,49.10029]]]},"properties":{"OBJECTID":18559,"PMBCParcelGUID":"{EFB83D30-3FFF-4940-AE87-81FDDD88C815}","PMBC_PID":29204151,"PMBC_PIN":29204151,"PMBC_ParcelClass":"SUBDIVISION","PMBC_OwnerType":"PRIVATE","PMBC_LegalDescription":"LOT A DISTRICT LOTS 2919 AND 4598 KOOTENAY DISTRICT PLAN EPP34324","Folio":"23203433550","FullAddress":"1976 SEVENTH AVE , TRAIL","apt_no":null,"street_no":"1976","street_direction_prefix":null,"street_name":"SEVENTH AVE","street_direction_suffix":null,"postal_code":"V1R 3C3","city":"TRAIL","province":"BC","AddressID":"D00000ALBQ","TempKey":"EFB83D30-3FFF-4940-AE87-81FDDD88C815D00000ALBQ","GlobalID":"{77FA6A45-49BE-4AED-A001-8B2985DA9C6E}","Shape__Area":0.0000017753171862065005,"Shape__Length":0.006003706885800898}},{"type":"Feature","geometry":{"type":"Polygon","coordinates":[[[-117.696848,49.10029],[-117.696888,49.100396],[-117.696768,49.100462],[-117.696545,49.100586],[-117.696214,49.10077],[-117.696186,49.100786],[-117.696049,49.100862],[-117.695984,49.100898],[-117.694803,49.101108],[-117.694709,49.101081],[-117.694529,49.101029],[-117.694585,49.100946],[-117.694434,49.100903],[-117.694548,49.100734],[-117.694575,49.100694],[-117.694745,49.100444],[-117.694856,49.100278],[-117.695026,49.100028],[-117.695053,49.099988],[-117.695138,49.099862],[-117.695416,49.099944],[-117.695489,49.099989],[-117.695482,49.099962],[-117.695474,49.09993],[-117.696188,49.100075],[-117.696314,49.1001],[-117.696848,49.10029]]]},"properties":{"OBJECTID":18560,"PMBCParcelGUID":"{EFB83D30-3FFF-4940-AE87-81FDDD88C815}","PMBC_PID":29204151,"PMBC_PIN":29204151,"PMBC_ParcelClass":"SUBDIVISION","PMBC_OwnerType":"PRIVATE","PMBC_LegalDescription":"LOT A DISTRICT LOTS 2919 AND 4598 KOOTENAY DISTRICT PLAN EPP34324","Folio":"23203433550","FullAddress":"2 1976 SEVENTH AVE , TRAIL","apt_no":"2","street_no":"1976","street_direction_prefix":null,"street_name":"SEVENTH AVE","street_direction_suffix":null,"postal_code":"V1R 3C3","city":"TRAIL","province":"BC","AddressID":"J00003BWWC","TempKey":"EFB83D30-3FFF-4940-AE87-81FDDD88C815J00003BWWC","GlobalID":"{36476C5B-B9E9-47AE-8B93-62EF0AC1B23F}","Shape__Area":0.0000017753171862065005,"Shape__Length":0.006003706885800898}},{"type":"Feature","geometry":{"type":"Polygon","coordinates":[[[-117.696848,49.10029],[-117.696888,49.100396],[-117.696768,49.100462],[-117.696545,49.100586],[-117.696214,49.10077],[-117.696186,49.100786],[-117.696049,49.100862],[-117.695984,49.100898],[-117.694803,49.101108],[-117.694709,49.101081],[-117.694529,49.101029],[-117.694585,49.100946],[-117.694434,49.100903],[-117.694548,49.100734],[-117.694575,49.100694],[-117.694745,49.100444],[-117.694856,49.100278],[-117.695026,49.100028],[-117.695053,49.099988],[-117.695138,49.099862],[-117.695416,49.099944],[-117.695489,49.099989],[-117.695482,49.099962],[-117.695474,49.09993],[-117.696188,49.100075],[-117.696314,49.1001],[-117.696848,49.10029]]]},"properties":{"OBJECTID":18561,"PMBCParcelGUID":"{EFB83D30-3FFF-4940-AE87-81FDDD88C815}","PMBC_PID":29204151,"PMBC_PIN":29204151,"PMBC_ParcelClass":"SUBDIVISION","PMBC_OwnerType":"PRIVATE","PMBC_LegalDescription":"LOT A DISTRICT LOTS 2919 AND 4598 KOOTENAY DISTRICT PLAN EPP34324","Folio":"23203433550","FullAddress":"3 1976 SEVENTH AVE , TRAIL","apt_no":"3","street_no":"1976","street_direction_prefix":null,"street_name":"SEVENTH AVE","street_direction_suffix":null,"postal_code":"V1R 3C3","city":"TRAIL","province":"BC","AddressID":"J00003BWYW","TempKey":"EFB83D30-3FFF-4940-AE87-81FDDD88C815J00003BWYW","GlobalID":"{6D320A0A-9B65-4BF1-8F16-A84D956E5491}","Shape__Area":0.0000017753171862065005,"Shape__Length":0.006003706885800898}},{"type":"Feature","geometry":{"type":"Polygon","coordinates":[[[-117.696848,49.10029],[-117.696888,49.100396],[-117.696768,49.100462],[-117.696545,49.100586],[-117.696214,49.10077],[-117.696186,49.100786],[-117.696049,49.100862],[-117.695984,49.100898],[-117.694803,49.101108],[-117.694709,49.101081],[-117.694529,49.101029],[-117.694585,49.100946],[-117.694434,49.100903],[-117.694548,49.100734],[-117.694575,49.100694],[-117.694745,49.100444],[-117.694856,49.100278],[-117.695026,49.100028],[-117.695053,49.099988],[-117.695138,49.099862],[-117.695416,49.099944],[-117.695489,49.099989],[-117.695482,49.099962],[-117.695474,49.09993],[-117.696188,49.100075],[-117.696314,49.1001],[-117.696848,49.10029]]]},"properties":{"OBJECTID":18562,"PMBCParcelGUID":"{EFB83D30-3FFF-4940-AE87-81FDDD88C815}","PMBC_PID":29204151,"PMBC_PIN":29204151,"PMBC_ParcelClass":"SUBDIVISION","PMBC_OwnerType":"PRIVATE","PMBC_LegalDescription":"LOT A DISTRICT LOTS 2919 AND 4598 KOOTENAY DISTRICT PLAN EPP34324","Folio":"23203433550","FullAddress":"4 1976 SEVENTH AVE , TRAIL","apt_no":"4","street_no":"1976","street_direction_prefix":null,"street_name":"SEVENTH AVE","street_direction_suffix":null,"postal_code":"V1R 3C3","city":"TRAIL","province":"BC","AddressID":"J00003BX61","TempKey":"EFB83D30-3FFF-4940-AE87-81FDDD88C815J00003BX61","GlobalID":"{67A0DAEE-EB4E-4F37-9AE7-7B9C78B28BC7}","Shape__Area":0.0000017753171862065005,"Shape__Length":0.006003706885800898}},{"type":"Feature","geometry":{"type":"Polygon","coordinates":[[[-117.696848,49.10029],[-117.696888,49.100396],[-117.696768,49.100462],[-117.696545,49.100586],[-117.696214,49.10077],[-117.696186,49.100786],[-117.696049,49.100862],[-117.695984,49.100898],[-117.694803,49.101108],[-117.694709,49.101081],[-117.694529,49.101029],[-117.694585,49.100946],[-117.694434,49.100903],[-117.694548,49.100734],[-117.694575,49.100694],[-117.694745,49.100444],[-117.694856,49.100278],[-117.695026,49.100028],[-117.695053,49.099988],[-117.695138,49.099862],[-117.695416,49.099944],[-117.695489,49.099989],[-117.695482,49.099962],[-117.695474,49.09993],[-117.696188,49.100075],[-117.696314,49.1001],[-117.696848,49.10029]]]},"properties":{"OBJECTID":18563,"PMBCParcelGUID":"{EFB83D30-3FFF-4940-AE87-81FDDD88C815}","PMBC_PID":29204151,"PMBC_PIN":29204151,"PMBC_ParcelClass":"SUBDIVISION","PMBC_OwnerType":"PRIVATE","PMBC_LegalDescription":"LOT A DISTRICT LOTS 2919 AND 4598 KOOTENAY DISTRICT PLAN EPP34324","Folio":"23203433550","FullAddress":"5 1976 SEVENTH AVE , TRAIL","apt_no":"5","street_no":"1976","street_direction_prefix":null,"street_name":"SEVENTH AVE","street_direction_suffix":null,"postal_code":"V1R 3C3","city":"TRAIL","province":"BC","AddressID":"J00003BX37","TempKey":"EFB83D30-3FFF-4940-AE87-81FDDD88C815J00003BX37","GlobalID":"{36E3FCD1-DC4C-4F06-976E-3DEB70F36EC9}","Shape__Area":0.0000017753171862065005,"Shape__Length":0.006003706885800898}},{"type":"Feature","geometry":{"type":"Polygon","coordinates":[[[-117.696848,49.10029],[-117.696888,49.100396],[-117.696768,49.100462],[-117.696545,49.100586],[-117.696214,49.10077],[-117.696186,49.100786],[-117.696049,49.100862],[-117.695984,49.100898],[-117.694803,49.101108],[-117.694709,49.101081],[-117.694529,49.101029],[-117.694585,49.100946],[-117.694434,49.100903],[-117.694548,49.100734],[-117.694575,49.100694],[-117.694745,49.100444],[-117.694856,49.100278],[-117.695026,49.100028],[-117.695053,49.099988],[-117.695138,49.099862],[-117.695416,49.099944],[-117.695489,49.099989],[-117.695482,49.099962],[-117.695474,49.09993],[-117.696188,49.100075],[-117.696314,49.1001],[-117.696848,49.10029]]]},"properties":{"OBJECTID":18564,"PMBCParcelGUID":"{EFB83D30-3FFF-4940-AE87-81FDDD88C815}","PMBC_PID":29204151,"PMBC_PIN":29204151,"PMBC_ParcelClass":"SUBDIVISION","PMBC_OwnerType":"PRIVATE","PMBC_LegalDescription":"LOT A DISTRICT LOTS 2919 AND 4598 KOOTENAY DISTRICT PLAN EPP34324","Folio":"23203433550","FullAddress":"6 1976 SEVENTH AVE , TRAIL","apt_no":"6","street_no":"1976","street_direction_prefix":null,"street_name":"SEVENTH AVE","street_direction_suffix":null,"postal_code":"V1R 3C3","city":"TRAIL","province":"BC","AddressID":"J00003BX63","TempKey":"EFB83D30-3FFF-4940-AE87-81FDDD88C815J00003BX63","GlobalID":"{F370F0F2-AC54-4320-BD5F-8BBC8B9EF146}","Shape__Area":0.0000017753171862065005,"Shape__Length":0.006003706885800898}},{"type":"Feature","geometry":{"type":"Polygon","coordinates":[[[-117.696848,49.10029],[-117.696888,49.100396],[-117.696768,49.100462],[-117.696545,49.100586],[-117.696214,49.10077],[-117.696186,49.100786],[-117.696049,49.100862],[-117.695984,49.100898],[-117.694803,49.101108],[-117.694709,49.101081],[-117.694529,49.101029],[-117.694585,49.100946],[-117.694434,49.100903],[-117.694548,49.100734],[-117.694575,49.100694],[-117.694745,49.100444],[-117.694856,49.100278],[-117.695026,49.100028],[-117.695053,49.099988],[-117.695138,49.099862],[-117.695416,49.099944],[-117.695489,49.099989],[-117.695482,49.099962],[-117.695474,49.09993],[-117.696188,49.100075],[-117.696314,49.1001],[-117.696848,49.10029]]]},"properties":{"OBJECTID":18565,"PMBCParcelGUID":"{EFB83D30-3FFF-4940-AE87-81FDDD88C815}","PMBC_PID":29204151,"PMBC_PIN":29204151,"PMBC_ParcelClass":"SUBDIVISION","PMBC_OwnerType":"PRIVATE","PMBC_LegalDescription":"LOT A DISTRICT LOTS 2919 AND 4598 KOOTENAY DISTRICT PLAN EPP34324","Folio":"23203433550","FullAddress":"7 1976 SEVENTH AVE , TRAIL","apt_no":"7","street_no":"1976","street_direction_prefix":null,"street_name":"SEVENTH AVE","street_direction_suffix":null,"postal_code":"V1R 3C3","city":"TRAIL","province":"BC","AddressID":"J00003BWVH","TempKey":"EFB83D30-3FFF-4940-AE87-81FDDD88C815J00003BWVH","GlobalID":"{4AFCF20F-652F-48F7-B504-1053A026FFF1}","Shape__Area":0.0000017753171862065005,"Shape__Length":0.006003706885800898}},{"type":"Feature","geometry":{"type":"Polygon","coordinates":[[[-117.696848,49.10029],[-117.696888,49.100396],[-117.696768,49.100462],[-117.696545,49.100586],[-117.696214,49.10077],[-117.696186,49.100786],[-117.696049,49.100862],[-117.695984,49.100898],[-117.694803,49.101108],[-117.694709,49.101081],[-117.694529,49.101029],[-117.694585,49.100946],[-117.694434,49.100903],[-117.694548,49.100734],[-117.694575,49.100694],[-117.694745,49.100444],[-117.694856,49.100278],[-117.695026,49.100028],[-117.695053,49.099988],[-117.695138,49.099862],[-117.695416,49.099944],[-117.695489,49.099989],[-117.695482,49.099962],[-117.695474,49.09993],[-117.696188,49.100075],[-117.696314,49.1001],[-117.696848,49.10029]]]},"properties":{"OBJECTID":18566,"PMBCParcelGUID":"{EFB83D30-3FFF-4940-AE87-81FDDD88C815}","PMBC_PID":29204151,"PMBC_PIN":29204151,"PMBC_ParcelClass":"SUBDIVISION","PMBC_OwnerType":"PRIVATE","PMBC_LegalDescription":"LOT A DISTRICT LOTS 2919 AND 4598 KOOTENAY DISTRICT PLAN EPP34324","Folio":"23203433550","FullAddress":"8 1976 SEVENTH AVE , TRAIL","apt_no":"8","street_no":"1976","street_direction_prefix":null,"street_name":"SEVENTH AVE","street_direction_suffix":null,"postal_code":"V1R 3C3","city":"TRAIL","province":"BC","AddressID":"J00003BWWR","TempKey":"EFB83D30-3FFF-4940-AE87-81FDDD88C815J00003BWWR","GlobalID":"{2FD8DFB8-AD3B-4B88-8144-827ADEAEBCF5}","Shape__Area":0.0000017753171862065005,"Shape__Length":0.006003706885800898}},{"type":"Feature","geometry":{"type":"Polygon","coordinates":[[[-117.696848,49.10029],[-117.696888,49.100396],[-117.696768,49.100462],[-117.696545,49.100586],[-117.696214,49.10077],[-117.696186,49.100786],[-117.696049,49.100862],[-117.695984,49.100898],[-117.694803,49.101108],[-117.694709,49.101081],[-117.694529,49.101029],[-117.694585,49.100946],[-117.694434,49.100903],[-117.694548,49.100734],[-117.694575,49.100694],[-117.694745,49.100444],[-117.694856,49.100278],[-117.695026,49.100028],[-117.695053,49.099988],[-117.695138,49.099862],[-117.695416,49.099944],[-117.695489,49.099989],[-117.695482,49.099962],[-117.695474,49.09993],[-117.696188,49.100075],[-117.696314,49.1001],[-117.696848,49.10029]]]},"properties":{"OBJECTID":18567,"PMBCParcelGUID":"{EFB83D30-3FFF-4940-AE87-81FDDD88C815}","PMBC_PID":29204151,"PMBC_PIN":29204151,"PMBC_ParcelClass":"SUBDIVISION","PMBC_OwnerType":"PRIVATE","PMBC_LegalDescription":"LOT A DISTRICT LOTS 2919 AND 4598 KOOTENAY DISTRICT PLAN EPP34324","Folio":"23203433550","FullAddress":"9 1976 SEVENTH AVE , TRAIL","apt_no":"9","street_no":"1976","street_direction_prefix":null,"street_name":"SEVENTH AVE","street_direction_suffix":null,"postal_code":"V1R 3C3","city":"TRAIL","province":"BC","AddressID":"J00003BX0A","TempKey":"EFB83D30-3FFF-4940-AE87-81FDDD88C815J00003BX0A","GlobalID":"{AB3761E7-F3C8-45C9-9D8B-D7442045163B}","Shape__Area":0.0000017753171862065005,"Shape__Length":0.006003706885800898}},{"type":"Feature","geometry":{"type":"Polygon","coordinates":[[[-117.696848,49.10029],[-117.696888,49.100396],[-117.696768,49.100462],[-117.696545,49.100586],[-117.696214,49.10077],[-117.696186,49.100786],[-117.696049,49.100862],[-117.695984,49.100898],[-117.694803,49.101108],[-117.694709,49.101081],[-117.694529,49.101029],[-117.694585,49.100946],[-117.694434,49.100903],[-117.694548,49.100734],[-117.694575,49.100694],[-117.694745,49.100444],[-117.694856,49.100278],[-117.695026,49.100028],[-117.695053,49.099988],[-117.695138,49.099862],[-117.695416,49.099944],[-117.695489,49.099989],[-117.695482,49.099962],[-117.695474,49.09993],[-117.696188,49.100075],[-117.696314,49.1001],[-117.696848,49.10029]]]},"properties":{"OBJECTID":18568,"PMBCParcelGUID":"{EFB83D30-3FFF-4940-AE87-81FDDD88C815}","PMBC_PID":29204151,"PMBC_PIN":29204151,"PMBC_ParcelClass":"SUBDIVISION","PMBC_OwnerType":"PRIVATE","PMBC_LegalDescription":"LOT A DISTRICT LOTS 2919 AND 4598 KOOTENAY DISTRICT PLAN EPP34324","Folio":"23203433550","FullAddress":"10 1976 SEVENTH AVE , TRAIL","apt_no":"10","street_no":"1976","street_direction_prefix":null,"street_name":"SEVENTH AVE","street_direction_suffix":null,"postal_code":"V1R 3C3","city":"TRAIL","province":"BC","AddressID":"J00003BX2R","TempKey":"EFB83D30-3FFF-4940-AE87-81FDDD88C815J00003BX2R","GlobalID":"{2C80B373-2F36-4CAA-8C71-EDF1111DEA2E}","Shape__Area":0.0000017753171862065005,"Shape__Length":0.006003706885800898}},{"type":"Feature","geometry":{"type":"Polygon","coordinates":[[[-117.696848,49.10029],[-117.696888,49.100396],[-117.696768,49.100462],[-117.696545,49.100586],[-117.696214,49.10077],[-117.696186,49.100786],[-117.696049,49.100862],[-117.695984,49.100898],[-117.694803,49.101108],[-117.694709,49.101081],[-117.694529,49.101029],[-117.694585,49.100946],[-117.694434,49.100903],[-117.694548,49.100734],[-117.694575,49.100694],[-117.694745,49.100444],[-117.694856,49.100278],[-117.695026,49.100028],[-117.695053,49.099988],[-117.695138,49.099862],[-117.695416,49.099944],[-117.695489,49.099989],[-117.695482,49.099962],[-117.695474,49.09993],[-117.696188,49.100075],[-117.696314,49.1001],[-117.696848,49.10029]]]},"properties":{"OBJECTID":18569,"PMBCParcelGUID":"{EFB83D30-3FFF-4940-AE87-81FDDD88C815}","PMBC_PID":29204151,"PMBC_PIN":29204151,"PMBC_ParcelClass":"SUBDIVISION","PMBC_OwnerType":"PRIVATE","PMBC_LegalDescription":"LOT A DISTRICT LOTS 2919 AND 4598 KOOTENAY DISTRICT PLAN EPP34324","Folio":"23203433550","FullAddress":"11 1976 SEVENTH AVE , TRAIL","apt_no":"11","street_no":"1976","street_direction_prefix":null,"street_name":"SEVENTH AVE","street_direction_suffix":null,"postal_code":"V1R 3C3","city":"TRAIL","province":"BC","AddressID":"J00003BX2W","TempKey":"EFB83D30-3FFF-4940-AE87-81FDDD88C815J00003BX2W","GlobalID":"{3DECD511-7834-4CC4-8096-27A668246907}","Shape__Area":0.0000017753171862065005,"Shape__Length":0.006003706885800898}},{"type":"Feature","geometry":{"type":"Polygon","coordinates":[[[-117.696848,49.10029],[-117.696888,49.100396],[-117.696768,49.100462],[-117.696545,49.100586],[-117.696214,49.10077],[-117.696186,49.100786],[-117.696049,49.100862],[-117.695984,49.100898],[-117.694803,49.101108],[-117.694709,49.101081],[-117.694529,49.101029],[-117.694585,49.100946],[-117.694434,49.100903],[-117.694548,49.100734],[-117.694575,49.100694],[-117.694745,49.100444],[-117.694856,49.100278],[-117.695026,49.100028],[-117.695053,49.099988],[-117.695138,49.099862],[-117.695416,49.099944],[-117.695489,49.099989],[-117.695482,49.099962],[-117.695474,49.09993],[-117.696188,49.100075],[-117.696314,49.1001],[-117.696848,49.10029]]]},"properties":{"OBJECTID":18570,"PMBCParcelGUID":"{EFB83D30-3FFF-4940-AE87-81FDDD88C815}","PMBC_PID":29204151,"PMBC_PIN":29204151,"PMBC_ParcelClass":"SUBDIVISION","PMBC_OwnerType":"PRIVATE","PMBC_LegalDescription":"LOT A DISTRICT LOTS 2919 AND 4598 KOOTENAY DISTRICT PLAN EPP34324","Folio":"23203433550","FullAddress":"12 1976 SEVENTH AVE , TRAIL","apt_no":"12","street_no":"1976","street_direction_prefix":null,"street_name":"SEVENTH AVE","street_direction_suffix":null,"postal_code":"V1R 3C3","city":"TRAIL","province":"BC","AddressID":"J00003BWZ6","TempKey":"EFB83D30-3FFF-4940-AE87-81FDDD88C815J00003BWZ6","GlobalID":"{DB5AE0A4-4641-4111-BC2C-6B34CC9C80E2}","Shape__Area":0.0000017753171862065005,"Shape__Length":0.006003706885800898}},{"type":"Feature","geometry":{"type":"Polygon","coordinates":[[[-117.696848,49.10029],[-117.696888,49.100396],[-117.696768,49.100462],[-117.696545,49.100586],[-117.696214,49.10077],[-117.696186,49.100786],[-117.696049,49.100862],[-117.695984,49.100898],[-117.694803,49.101108],[-117.694709,49.101081],[-117.694529,49.101029],[-117.694585,49.100946],[-117.694434,49.100903],[-117.694548,49.100734],[-117.694575,49.100694],[-117.694745,49.100444],[-117.694856,49.100278],[-117.695026,49.100028],[-117.695053,49.099988],[-117.695138,49.099862],[-117.695416,49.099944],[-117.695489,49.099989],[-117.695482,49.099962],[-117.695474,49.09993],[-117.696188,49.100075],[-117.696314,49.1001],[-117.696848,49.10029]]]},"properties":{"OBJECTID":18571,"PMBCParcelGUID":"{EFB83D30-3FFF-4940-AE87-81FDDD88C815}","PMBC_PID":29204151,"PMBC_PIN":29204151,"PMBC_ParcelClass":"SUBDIVISION","PMBC_OwnerType":"PRIVATE","PMBC_LegalDescription":"LOT A DISTRICT LOTS 2919 AND 4598 KOOTENAY DISTRICT PLAN EPP34324","Folio":"23203433550","FullAddress":"13 1976 SEVENTH AVE , TRAIL","apt_no":"13","street_no":"1976","street_direction_prefix":null,"street_name":"SEVENTH AVE","street_direction_suffix":null,"postal_code":"V1R 3C3","city":"TRAIL","province":"BC","AddressID":"J00003BX5W","TempKey":"EFB83D30-3FFF-4940-AE87-81FDDD88C815J00003BX5W","GlobalID":"{7051E278-089D-4FEC-9EBE-65AF66E6C314}","Shape__Area":0.0000017753171862065005,"Shape__Length":0.006003706885800898}},{"type":"Feature","geometry":{"type":"Polygon","coordinates":[[[-117.696848,49.10029],[-117.696888,49.100396],[-117.696768,49.100462],[-117.696545,49.100586],[-117.696214,49.10077],[-117.696186,49.100786],[-117.696049,49.100862],[-117.695984,49.100898],[-117.694803,49.101108],[-117.694709,49.101081],[-117.694529,49.101029],[-117.694585,49.100946],[-117.694434,49.100903],[-117.694548,49.100734],[-117.694575,49.100694],[-117.694745,49.100444],[-117.694856,49.100278],[-117.695026,49.100028],[-117.695053,49.099988],[-117.695138,49.099862],[-117.695416,49.099944],[-117.695489,49.099989],[-117.695482,49.099962],[-117.695474,49.09993],[-117.696188,49.100075],[-117.696314,49.1001],[-117.696848,49.10029]]]},"properties":{"OBJECTID":18572,"PMBCParcelGUID":"{EFB83D30-3FFF-4940-AE87-81FDDD88C815}","PMBC_PID":29204151,"PMBC_PIN":29204151,"PMBC_ParcelClass":"SUBDIVISION","PMBC_OwnerType":"PRIVATE","PMBC_LegalDescription":"LOT A DISTRICT LOTS 2919 AND 4598 KOOTENAY DISTRICT PLAN EPP34324","Folio":"23203433550","FullAddress":"14 1976 SEVENTH AVE , TRAIL","apt_no":"14","street_no":"1976","street_direction_prefix":null,"street_name":"SEVENTH AVE","street_direction_suffix":null,"postal_code":"V1R 3C3","city":"TRAIL","province":"BC","AddressID":"J00003BX3T","TempKey":"EFB83D30-3FFF-4940-AE87-81FDDD88C815J00003BX3T","GlobalID":"{2972EC2E-6930-4DDF-9F13-BEE8497956C2}","Shape__Area":0.0000017753171862065005,"Shape__Length":0.006003706885800898}},{"type":"Feature","geometry":{"type":"Polygon","coordinates":[[[-117.696848,49.10029],[-117.696888,49.100396],[-117.696768,49.100462],[-117.696545,49.100586],[-117.696214,49.10077],[-117.696186,49.100786],[-117.696049,49.100862],[-117.695984,49.100898],[-117.694803,49.101108],[-117.694709,49.101081],[-117.694529,49.101029],[-117.694585,49.100946],[-117.694434,49.100903],[-117.694548,49.100734],[-117.694575,49.100694],[-117.694745,49.100444],[-117.694856,49.100278],[-117.695026,49.100028],[-117.695053,49.099988],[-117.695138,49.099862],[-117.695416,49.099944],[-117.695489,49.099989],[-117.695482,49.099962],[-117.695474,49.09993],[-117.696188,49.100075],[-117.696314,49.1001],[-117.696848,49.10029]]]},"properties":{"OBJECTID":18573,"PMBCParcelGUID":"{EFB83D30-3FFF-4940-AE87-81FDDD88C815}","PMBC_PID":29204151,"PMBC_PIN":29204151,"PMBC_ParcelClass":"SUBDIVISION","PMBC_OwnerType":"PRIVATE","PMBC_LegalDescription":"LOT A DISTRICT LOTS 2919 AND 4598 KOOTENAY DISTRICT PLAN EPP34324","Folio":"23203433550","FullAddress":"15 1976 SEVENTH AVE , TRAIL","apt_no":"15","street_no":"1976","street_direction_prefix":null,"street_name":"SEVENTH AVE","street_direction_suffix":null,"postal_code":"V1R 3C3","city":"TRAIL","province":"BC","AddressID":"J00003BX7S","TempKey":"EFB83D30-3FFF-4940-AE87-81FDDD88C815J00003BX7S","GlobalID":"{7549C518-C4B3-4260-A388-053418D911D0}","Shape__Area":0.0000017753171862065005,"Shape__Length":0.006003706885800898}},{"type":"Feature","geometry":{"type":"Polygon","coordinates":[[[-117.696848,49.10029],[-117.696888,49.100396],[-117.696768,49.100462],[-117.696545,49.100586],[-117.696214,49.10077],[-117.696186,49.100786],[-117.696049,49.100862],[-117.695984,49.100898],[-117.694803,49.101108],[-117.694709,49.101081],[-117.694529,49.101029],[-117.694585,49.100946],[-117.694434,49.100903],[-117.694548,49.100734],[-117.694575,49.100694],[-117.694745,49.100444],[-117.694856,49.100278],[-117.695026,49.100028],[-117.695053,49.099988],[-117.695138,49.099862],[-117.695416,49.099944],[-117.695489,49.099989],[-117.695482,49.099962],[-117.695474,49.09993],[-117.696188,49.100075],[-117.696314,49.1001],[-117.696848,49.10029]]]},"properties":{"OBJECTID":18574,"PMBCParcelGUID":"{EFB83D30-3FFF-4940-AE87-81FDDD88C815}","PMBC_PID":29204151,"PMBC_PIN":29204151,"PMBC_ParcelClass":"SUBDIVISION","PMBC_OwnerType":"PRIVATE","PMBC_LegalDescription":"LOT A DISTRICT LOTS 2919 AND 4598 KOOTENAY DISTRICT PLAN EPP34324","Folio":"23203433550","FullAddress":"16 1976 SEVENTH AVE , TRAIL","apt_no":"16","street_no":"1976","street_direction_prefix":null,"street_name":"SEVENTH AVE","street_direction_suffix":null,"postal_code":"V1R 3C3","city":"TRAIL","province":"BC","AddressID":"J00003BX04","TempKey":"EFB83D30-3FFF-4940-AE87-81FDDD88C815J00003BX04","GlobalID":"{1EC46938-CE3D-43FC-A58F-84E6BB3C0B81}","Shape__Area":0.0000017753171862065005,"Shape__Length":0.006003706885800898}},{"type":"Feature","geometry":{"type":"Polygon","coordinates":[[[-117.696848,49.10029],[-117.696888,49.100396],[-117.696768,49.100462],[-117.696545,49.100586],[-117.696214,49.10077],[-117.696186,49.100786],[-117.696049,49.100862],[-117.695984,49.100898],[-117.694803,49.101108],[-117.694709,49.101081],[-117.694529,49.101029],[-117.694585,49.100946],[-117.694434,49.100903],[-117.694548,49.100734],[-117.694575,49.100694],[-117.694745,49.100444],[-117.694856,49.100278],[-117.695026,49.100028],[-117.695053,49.099988],[-117.695138,49.099862],[-117.695416,49.099944],[-117.695489,49.099989],[-117.695482,49.099962],[-117.695474,49.09993],[-117.696188,49.100075],[-117.696314,49.1001],[-117.696848,49.10029]]]},"properties":{"OBJECTID":18575,"PMBCParcelGUID":"{EFB83D30-3FFF-4940-AE87-81FDDD88C815}","PMBC_PID":29204151,"PMBC_PIN":29204151,"PMBC_ParcelClass":"SUBDIVISION","PMBC_OwnerType":"PRIVATE","PMBC_LegalDescription":"LOT A DISTRICT LOTS 2919 AND 4598 KOOTENAY DISTRICT PLAN EPP34324","Folio":"23203433550","FullAddress":"17 1976 SEVENTH AVE , TRAIL","apt_no":"17","street_no":"1976","street_direction_prefix":null,"street_name":"SEVENTH AVE","street_direction_suffix":null,"postal_code":"V1R 3C3","city":"TRAIL","province":"BC","AddressID":"J00003BWZZ","TempKey":"EFB83D30-3FFF-4940-AE87-81FDDD88C815J00003BWZZ","GlobalID":"{C3AF6C19-A66E-48A0-846B-65B40C68DA2F}","Shape__Area":0.0000017753171862065005,"Shape__Length":0.006003706885800898}},{"type":"Feature","geometry":{"type":"Polygon","coordinates":[[[-117.696848,49.10029],[-117.696888,49.100396],[-117.696768,49.100462],[-117.696545,49.100586],[-117.696214,49.10077],[-117.696186,49.100786],[-117.696049,49.100862],[-117.695984,49.100898],[-117.694803,49.101108],[-117.694709,49.101081],[-117.694529,49.101029],[-117.694585,49.100946],[-117.694434,49.100903],[-117.694548,49.100734],[-117.694575,49.100694],[-117.694745,49.100444],[-117.694856,49.100278],[-117.695026,49.100028],[-117.695053,49.099988],[-117.695138,49.099862],[-117.695416,49.099944],[-117.695489,49.099989],[-117.695482,49.099962],[-117.695474,49.09993],[-117.696188,49.100075],[-117.696314,49.1001],[-117.696848,49.10029]]]},"properties":{"OBJECTID":18576,"PMBCParcelGUID":"{EFB83D30-3FFF-4940-AE87-81FDDD88C815}","PMBC_PID":29204151,"PMBC_PIN":29204151,"PMBC_ParcelClass":"SUBDIVISION","PMBC_OwnerType":"PRIVATE","PMBC_LegalDescription":"LOT A DISTRICT LOTS 2919 AND 4598 KOOTENAY DISTRICT PLAN EPP34324","Folio":"23203433550","FullAddress":"18 1976 SEVENTH AVE , TRAIL","apt_no":"18","street_no":"1976","street_direction_prefix":null,"street_name":"SEVENTH AVE","street_direction_suffix":null,"postal_code":"V1R 3C3","city":"TRAIL","province":"BC","AddressID":"J00003BX7T","TempKey":"EFB83D30-3FFF-4940-AE87-81FDDD88C815J00003BX7T","GlobalID":"{5350503E-5A71-4B5F-B2D0-E2CDEF8A0FBD}","Shape__Area":0.0000017753171862065005,"Shape__Length":0.006003706885800898}},{"type":"Feature","geometry":{"type":"Polygon","coordinates":[[[-117.696848,49.10029],[-117.696888,49.100396],[-117.696768,49.100462],[-117.696545,49.100586],[-117.696214,49.10077],[-117.696186,49.100786],[-117.696049,49.100862],[-117.695984,49.100898],[-117.694803,49.101108],[-117.694709,49.101081],[-117.694529,49.101029],[-117.694585,49.100946],[-117.694434,49.100903],[-117.694548,49.100734],[-117.694575,49.100694],[-117.694745,49.100444],[-117.694856,49.100278],[-117.695026,49.100028],[-117.695053,49.099988],[-117.695138,49.099862],[-117.695416,49.099944],[-117.695489,49.099989],[-117.695482,49.099962],[-117.695474,49.09993],[-117.696188,49.100075],[-117.696314,49.1001],[-117.696848,49.10029]]]},"properties":{"OBJECTID":18577,"PMBCParcelGUID":"{EFB83D30-3FFF-4940-AE87-81FDDD88C815}","PMBC_PID":29204151,"PMBC_PIN":29204151,"PMBC_ParcelClass":"SUBDIVISION","PMBC_OwnerType":"PRIVATE","PMBC_LegalDescription":"LOT A DISTRICT LOTS 2919 AND 4598 KOOTENAY DISTRICT PLAN EPP34324","Folio":"23203433550","FullAddress":"19 1976 SEVENTH AVE , TRAIL","apt_no":"19","street_no":"1976","street_direction_prefix":null,"street_name":"SEVENTH AVE","street_direction_suffix":null,"postal_code":"V1R 3C3","city":"TRAIL","province":"BC","AddressID":"J00003BX5X","TempKey":"EFB83D30-3FFF-4940-AE87-81FDDD88C815J00003BX5X","GlobalID":"{2BBEB4C1-79A5-4FCE-B351-74D3428ADD1A}","Shape__Area":0.0000017753171862065005,"Shape__Length":0.006003706885800898}},{"type":"Feature","geometry":{"type":"Polygon","coordinates":[[[-117.696848,49.10029],[-117.696888,49.100396],[-117.696768,49.100462],[-117.696545,49.100586],[-117.696214,49.10077],[-117.696186,49.100786],[-117.696049,49.100862],[-117.695984,49.100898],[-117.694803,49.101108],[-117.694709,49.101081],[-117.694529,49.101029],[-117.694585,49.100946],[-117.694434,49.100903],[-117.694548,49.100734],[-117.694575,49.100694],[-117.694745,49.100444],[-117.694856,49.100278],[-117.695026,49.100028],[-117.695053,49.099988],[-117.695138,49.099862],[-117.695416,49.099944],[-117.695489,49.099989],[-117.695482,49.099962],[-117.695474,49.09993],[-117.696188,49.100075],[-117.696314,49.1001],[-117.696848,49.10029]]]},"properties":{"OBJECTID":18578,"PMBCParcelGUID":"{EFB83D30-3FFF-4940-AE87-81FDDD88C815}","PMBC_PID":29204151,"PMBC_PIN":29204151,"PMBC_ParcelClass":"SUBDIVISION","PMBC_OwnerType":"PRIVATE","PMBC_LegalDescription":"LOT A DISTRICT LOTS 2919 AND 4598 KOOTENAY DISTRICT PLAN EPP34324","Folio":"23203433550","FullAddress":"20 1976 SEVENTH AVE , TRAIL","apt_no":"20","street_no":"1976","street_direction_prefix":null,"street_name":"SEVENTH AVE","street_direction_suffix":null,"postal_code":"V1R 3C3","city":"TRAIL","province":"BC","AddressID":"J00003BX5Y","TempKey":"EFB83D30-3FFF-4940-AE87-81FDDD88C815J00003BX5Y","GlobalID":"{C02BE1C7-38FE-44A1-A86D-12578F9805A8}","Shape__Area":0.0000017753171862065005,"Shape__Length":0.006003706885800898}},{"type":"Feature","geometry":{"type":"Polygon","coordinates":[[[-117.696848,49.10029],[-117.696888,49.100396],[-117.696768,49.100462],[-117.696545,49.100586],[-117.696214,49.10077],[-117.696186,49.100786],[-117.696049,49.100862],[-117.695984,49.100898],[-117.694803,49.101108],[-117.694709,49.101081],[-117.694529,49.101029],[-117.694585,49.100946],[-117.694434,49.100903],[-117.694548,49.100734],[-117.694575,49.100694],[-117.694745,49.100444],[-117.694856,49.100278],[-117.695026,49.100028],[-117.695053,49.099988],[-117.695138,49.099862],[-117.695416,49.099944],[-117.695489,49.099989],[-117.695482,49.099962],[-117.695474,49.09993],[-117.696188,49.100075],[-117.696314,49.1001],[-117.696848,49.10029]]]},"properties":{"OBJECTID":18579,"PMBCParcelGUID":"{EFB83D30-3FFF-4940-AE87-81FDDD88C815}","PMBC_PID":29204151,"PMBC_PIN":29204151,"PMBC_ParcelClass":"SUBDIVISION","PMBC_OwnerType":"PRIVATE","PMBC_LegalDescription":"LOT A DISTRICT LOTS 2919 AND 4598 KOOTENAY DISTRICT PLAN EPP34324","Folio":"23203433550","FullAddress":"21 1976 SEVENTH AVE , TRAIL","apt_no":"21","street_no":"1976","street_direction_prefix":null,"street_name":"SEVENTH AVE","street_direction_suffix":null,"postal_code":"V1R 3C3","city":"TRAIL","province":"BC","AddressID":"J00003BWWP","TempKey":"EFB83D30-3FFF-4940-AE87-81FDDD88C815J00003BWWP","GlobalID":"{794E3069-A169-4684-A553-C9705254090B}","Shape__Area":0.0000017753171862065005,"Shape__Length":0.006003706885800898}},{"type":"Feature","geometry":{"type":"Polygon","coordinates":[[[-117.696848,49.10029],[-117.696888,49.100396],[-117.696768,49.100462],[-117.696545,49.100586],[-117.696214,49.10077],[-117.696186,49.100786],[-117.696049,49.100862],[-117.695984,49.100898],[-117.694803,49.101108],[-117.694709,49.101081],[-117.694529,49.101029],[-117.694585,49.100946],[-117.694434,49.100903],[-117.694548,49.100734],[-117.694575,49.100694],[-117.694745,49.100444],[-117.694856,49.100278],[-117.695026,49.100028],[-117.695053,49.099988],[-117.695138,49.099862],[-117.695416,49.099944],[-117.695489,49.099989],[-117.695482,49.099962],[-117.695474,49.09993],[-117.696188,49.100075],[-117.696314,49.1001],[-117.696848,49.10029]]]},"properties":{"OBJECTID":18580,"PMBCParcelGUID":"{EFB83D30-3FFF-4940-AE87-81FDDD88C815}","PMBC_PID":29204151,"PMBC_PIN":29204151,"PMBC_ParcelClass":"SUBDIVISION","PMBC_OwnerType":"PRIVATE","PMBC_LegalDescription":"LOT A DISTRICT LOTS 2919 AND 4598 KOOTENAY DISTRICT PLAN EPP34324","Folio":"23203433550","FullAddress":"22 1976 SEVENTH AVE , TRAIL","apt_no":"22","street_no":"1976","street_direction_prefix":null,"street_name":"SEVENTH AVE","street_direction_suffix":null,"postal_code":"V1R 3C3","city":"TRAIL","province":"BC","AddressID":"J00003BX5Z","TempKey":"EFB83D30-3FFF-4940-AE87-81FDDD88C815J00003BX5Z","GlobalID":"{CAD1386F-9B33-4943-8E1F-EF7A02739D91}","Shape__Area":0.0000017753171862065005,"Shape__Length":0.006003706885800898}},{"type":"Feature","geometry":{"type":"Polygon","coordinates":[[[-117.696848,49.10029],[-117.696888,49.100396],[-117.696768,49.100462],[-117.696545,49.100586],[-117.696214,49.10077],[-117.696186,49.100786],[-117.696049,49.100862],[-117.695984,49.100898],[-117.694803,49.101108],[-117.694709,49.101081],[-117.694529,49.101029],[-117.694585,49.100946],[-117.694434,49.100903],[-117.694548,49.100734],[-117.694575,49.100694],[-117.694745,49.100444],[-117.694856,49.100278],[-117.695026,49.100028],[-117.695053,49.099988],[-117.695138,49.099862],[-117.695416,49.099944],[-117.695489,49.099989],[-117.695482,49.099962],[-117.695474,49.09993],[-117.696188,49.100075],[-117.696314,49.1001],[-117.696848,49.10029]]]},"properties":{"OBJECTID":18581,"PMBCParcelGUID":"{EFB83D30-3FFF-4940-AE87-81FDDD88C815}","PMBC_PID":29204151,"PMBC_PIN":29204151,"PMBC_ParcelClass":"SUBDIVISION","PMBC_OwnerType":"PRIVATE","PMBC_LegalDescription":"LOT A DISTRICT LOTS 2919 AND 4598 KOOTENAY DISTRICT PLAN EPP34324","Folio":"23203433550","FullAddress":"23 1976 SEVENTH AVE , TRAIL","apt_no":"23","street_no":"1976","street_direction_prefix":null,"street_name":"SEVENTH AVE","street_direction_suffix":null,"postal_code":"V1R 3C3","city":"TRAIL","province":"BC","AddressID":"J00003BX1N","TempKey":"EFB83D30-3FFF-4940-AE87-81FDDD88C815J00003BX1N","GlobalID":"{8B2EA750-9FFC-44E2-9894-74E14A5889EA}","Shape__Area":0.0000017753171862065005,"Shape__Length":0.006003706885800898}},{"type":"Feature","geometry":{"type":"Polygon","coordinates":[[[-117.696848,49.10029],[-117.696888,49.100396],[-117.696768,49.100462],[-117.696545,49.100586],[-117.696214,49.10077],[-117.696186,49.100786],[-117.696049,49.100862],[-117.695984,49.100898],[-117.694803,49.101108],[-117.694709,49.101081],[-117.694529,49.101029],[-117.694585,49.100946],[-117.694434,49.100903],[-117.694548,49.100734],[-117.694575,49.100694],[-117.694745,49.100444],[-117.694856,49.100278],[-117.695026,49.100028],[-117.695053,49.099988],[-117.695138,49.099862],[-117.695416,49.099944],[-117.695489,49.099989],[-117.695482,49.099962],[-117.695474,49.09993],[-117.696188,49.100075],[-117.696314,49.1001],[-117.696848,49.10029]]]},"properties":{"OBJECTID":18582,"PMBCParcelGUID":"{EFB83D30-3FFF-4940-AE87-81FDDD88C815}","PMBC_PID":29204151,"PMBC_PIN":29204151,"PMBC_ParcelClass":"SUBDIVISION","PMBC_OwnerType":"PRIVATE","PMBC_LegalDescription":"LOT A DISTRICT LOTS 2919 AND 4598 KOOTENAY DISTRICT PLAN EPP34324","Folio":"23203433550","FullAddress":"24 1976 SEVENTH AVE , TRAIL","apt_no":"24","street_no":"1976","street_direction_prefix":null,"street_name":"SEVENTH AVE","street_direction_suffix":null,"postal_code":"V1R 3C3","city":"TRAIL","province":"BC","AddressID":"J00003BX0F","TempKey":"EFB83D30-3FFF-4940-AE87-81FDDD88C815J00003BX0F","GlobalID":"{3384D15E-EA7D-46DB-8DD0-7B868B094B46}","Shape__Area":0.0000017753171862065005,"Shape__Length":0.006003706885800898}},{"type":"Feature","geometry":{"type":"Polygon","coordinates":[[[-117.696848,49.10029],[-117.696888,49.100396],[-117.696768,49.100462],[-117.696545,49.100586],[-117.696214,49.10077],[-117.696186,49.100786],[-117.696049,49.100862],[-117.695984,49.100898],[-117.694803,49.101108],[-117.694709,49.101081],[-117.694529,49.101029],[-117.694585,49.100946],[-117.694434,49.100903],[-117.694548,49.100734],[-117.694575,49.100694],[-117.694745,49.100444],[-117.694856,49.100278],[-117.695026,49.100028],[-117.695053,49.099988],[-117.695138,49.099862],[-117.695416,49.099944],[-117.695489,49.099989],[-117.695482,49.099962],[-117.695474,49.09993],[-117.696188,49.100075],[-117.696314,49.1001],[-117.696848,49.10029]]]},"properties":{"OBJECTID":18583,"PMBCParcelGUID":"{EFB83D30-3FFF-4940-AE87-81FDDD88C815}","PMBC_PID":29204151,"PMBC_PIN":29204151,"PMBC_ParcelClass":"SUBDIVISION","PMBC_OwnerType":"PRIVATE","PMBC_LegalDescription":"LOT A DISTRICT LOTS 2919 AND 4598 KOOTENAY DISTRICT PLAN EPP34324","Folio":"23203433550","FullAddress":"25 1976 SEVENTH AVE , TRAIL","apt_no":"25","street_no":"1976","street_direction_prefix":null,"street_name":"SEVENTH AVE","street_direction_suffix":null,"postal_code":"V1R 3C3","city":"TRAIL","province":"BC","AddressID":"J00003BWYC","TempKey":"EFB83D30-3FFF-4940-AE87-81FDDD88C815J00003BWYC","GlobalID":"{F592284F-18CF-42F5-AE8C-022520E80823}","Shape__Area":0.0000017753171862065005,"Shape__Length":0.006003706885800898}},{"type":"Feature","geometry":{"type":"Polygon","coordinates":[[[-117.696848,49.10029],[-117.696888,49.100396],[-117.696768,49.100462],[-117.696545,49.100586],[-117.696214,49.10077],[-117.696186,49.100786],[-117.696049,49.100862],[-117.695984,49.100898],[-117.694803,49.101108],[-117.694709,49.101081],[-117.694529,49.101029],[-117.694585,49.100946],[-117.694434,49.100903],[-117.694548,49.100734],[-117.694575,49.100694],[-117.694745,49.100444],[-117.694856,49.100278],[-117.695026,49.100028],[-117.695053,49.099988],[-117.695138,49.099862],[-117.695416,49.099944],[-117.695489,49.099989],[-117.695482,49.099962],[-117.695474,49.09993],[-117.696188,49.100075],[-117.696314,49.1001],[-117.696848,49.10029]]]},"properties":{"OBJECTID":18584,"PMBCParcelGUID":"{EFB83D30-3FFF-4940-AE87-81FDDD88C815}","PMBC_PID":29204151,"PMBC_PIN":29204151,"PMBC_ParcelClass":"SUBDIVISION","PMBC_OwnerType":"PRIVATE","PMBC_LegalDescription":"LOT A DISTRICT LOTS 2919 AND 4598 KOOTENAY DISTRICT PLAN EPP34324","Folio":"23203433550","FullAddress":"26 1976 SEVENTH AVE , TRAIL","apt_no":"26","street_no":"1976","street_direction_prefix":null,"street_name":"SEVENTH AVE","street_direction_suffix":null,"postal_code":"V1R 3C3","city":"TRAIL","province":"BC","AddressID":"J00003BX60","TempKey":"EFB83D30-3FFF-4940-AE87-81FDDD88C815J00003BX60","GlobalID":"{1F64CAF6-E553-4B2D-89A5-2A2CD9A0CF19}","Shape__Area":0.0000017753171862065005,"Shape__Length":0.006003706885800898}},{"type":"Feature","geometry":{"type":"Polygon","coordinates":[[[-117.696848,49.10029],[-117.696888,49.100396],[-117.696768,49.100462],[-117.696545,49.100586],[-117.696214,49.10077],[-117.696186,49.100786],[-117.696049,49.100862],[-117.695984,49.100898],[-117.694803,49.101108],[-117.694709,49.101081],[-117.694529,49.101029],[-117.694585,49.100946],[-117.694434,49.100903],[-117.694548,49.100734],[-117.694575,49.100694],[-117.694745,49.100444],[-117.694856,49.100278],[-117.695026,49.100028],[-117.695053,49.099988],[-117.695138,49.099862],[-117.695416,49.099944],[-117.695489,49.099989],[-117.695482,49.099962],[-117.695474,49.09993],[-117.696188,49.100075],[-117.696314,49.1001],[-117.696848,49.10029]]]},"properties":{"OBJECTID":18585,"PMBCParcelGUID":"{EFB83D30-3FFF-4940-AE87-81FDDD88C815}","PMBC_PID":29204151,"PMBC_PIN":29204151,"PMBC_ParcelClass":"SUBDIVISION","PMBC_OwnerType":"PRIVATE","PMBC_LegalDescription":"LOT A DISTRICT LOTS 2919 AND 4598 KOOTENAY DISTRICT PLAN EPP34324","Folio":"23203433550","FullAddress":"27 1976 SEVENTH AVE , TRAIL","apt_no":"27","street_no":"1976","street_direction_prefix":null,"street_name":"SEVENTH AVE","street_direction_suffix":null,"postal_code":"V1R 3C3","city":"TRAIL","province":"BC","AddressID":"J00003BWYM","TempKey":"EFB83D30-3FFF-4940-AE87-81FDDD88C815J00003BWYM","GlobalID":"{E700BA7B-4592-495C-9E95-7DD5C7626279}","Shape__Area":0.0000017753171862065005,"Shape__Length":0.006003706885800898}},{"type":"Feature","geometry":{"type":"Polygon","coordinates":[[[-117.696848,49.10029],[-117.696888,49.100396],[-117.696768,49.100462],[-117.696545,49.100586],[-117.696214,49.10077],[-117.696186,49.100786],[-117.696049,49.100862],[-117.695984,49.100898],[-117.694803,49.101108],[-117.694709,49.101081],[-117.694529,49.101029],[-117.694585,49.100946],[-117.694434,49.100903],[-117.694548,49.100734],[-117.694575,49.100694],[-117.694745,49.100444],[-117.694856,49.100278],[-117.695026,49.100028],[-117.695053,49.099988],[-117.695138,49.099862],[-117.695416,49.099944],[-117.695489,49.099989],[-117.695482,49.099962],[-117.695474,49.09993],[-117.696188,49.100075],[-117.696314,49.1001],[-117.696848,49.10029]]]},"properties":{"OBJECTID":18586,"PMBCParcelGUID":"{EFB83D30-3FFF-4940-AE87-81FDDD88C815}","PMBC_PID":29204151,"PMBC_PIN":29204151,"PMBC_ParcelClass":"SUBDIVISION","PMBC_OwnerType":"PRIVATE","PMBC_LegalDescription":"LOT A DISTRICT LOTS 2919 AND 4598 KOOTENAY DISTRICT PLAN EPP34324","Folio":"23203433550","FullAddress":"28 1976 SEVENTH AVE , TRAIL","apt_no":"28","street_no":"1976","street_direction_prefix":null,"street_name":"SEVENTH AVE","street_direction_suffix":null,"postal_code":"V1R 3C3","city":"TRAIL","province":"BC","AddressID":"J00003BWYZ","TempKey":"EFB83D30-3FFF-4940-AE87-81FDDD88C815J00003BWYZ","GlobalID":"{0317CC8F-83DB-49F0-954F-71761DCAC4B4}","Shape__Area":0.0000017753171862065005,"Shape__Length":0.006003706885800898}},{"type":"Feature","geometry":{"type":"Polygon","coordinates":[[[-117.696848,49.10029],[-117.696888,49.100396],[-117.696768,49.100462],[-117.696545,49.100586],[-117.696214,49.10077],[-117.696186,49.100786],[-117.696049,49.100862],[-117.695984,49.100898],[-117.694803,49.101108],[-117.694709,49.101081],[-117.694529,49.101029],[-117.694585,49.100946],[-117.694434,49.100903],[-117.694548,49.100734],[-117.694575,49.100694],[-117.694745,49.100444],[-117.694856,49.100278],[-117.695026,49.100028],[-117.695053,49.099988],[-117.695138,49.099862],[-117.695416,49.099944],[-117.695489,49.099989],[-117.695482,49.099962],[-117.695474,49.09993],[-117.696188,49.100075],[-117.696314,49.1001],[-117.696848,49.10029]]]},"properties":{"OBJECTID":18587,"PMBCParcelGUID":"{EFB83D30-3FFF-4940-AE87-81FDDD88C815}","PMBC_PID":29204151,"PMBC_PIN":29204151,"PMBC_ParcelClass":"SUBDIVISION","PMBC_OwnerType":"PRIVATE","PMBC_LegalDescription":"LOT A DISTRICT LOTS 2919 AND 4598 KOOTENAY DISTRICT PLAN EPP34324","Folio":"23203433550","FullAddress":"29 1976 SEVENTH AVE , TRAIL","apt_no":"29","street_no":"1976","street_direction_prefix":null,"street_name":"SEVENTH AVE","street_direction_suffix":null,"postal_code":"V1R 3C3","city":"TRAIL","province":"BC","AddressID":"J00003BX3H","TempKey":"EFB83D30-3FFF-4940-AE87-81FDDD88C815J00003BX3H","GlobalID":"{04FBAF64-614C-40F8-B57E-B2B63C1946DA}","Shape__Area":0.0000017753171862065005,"Shape__Length":0.006003706885800898}},{"type":"Feature","geometry":{"type":"Polygon","coordinates":[[[-117.696848,49.10029],[-117.696888,49.100396],[-117.696768,49.100462],[-117.696545,49.100586],[-117.696214,49.10077],[-117.696186,49.100786],[-117.696049,49.100862],[-117.695984,49.100898],[-117.694803,49.101108],[-117.694709,49.101081],[-117.694529,49.101029],[-117.694585,49.100946],[-117.694434,49.100903],[-117.694548,49.100734],[-117.694575,49.100694],[-117.694745,49.100444],[-117.694856,49.100278],[-117.695026,49.100028],[-117.695053,49.099988],[-117.695138,49.099862],[-117.695416,49.099944],[-117.695489,49.099989],[-117.695482,49.099962],[-117.695474,49.09993],[-117.696188,49.100075],[-117.696314,49.1001],[-117.696848,49.10029]]]},"properties":{"OBJECTID":18588,"PMBCParcelGUID":"{EFB83D30-3FFF-4940-AE87-81FDDD88C815}","PMBC_PID":29204151,"PMBC_PIN":29204151,"PMBC_ParcelClass":"SUBDIVISION","PMBC_OwnerType":"PRIVATE","PMBC_LegalDescription":"LOT A DISTRICT LOTS 2919 AND 4598 KOOTENAY DISTRICT PLAN EPP34324","Folio":"23203433550","FullAddress":"30 1976 SEVENTH AVE , TRAIL","apt_no":"30","street_no":"1976","street_direction_prefix":null,"street_name":"SEVENTH AVE","street_direction_suffix":null,"postal_code":"V1R 3C3","city":"TRAIL","province":"BC","AddressID":"J00003BX2D","TempKey":"EFB83D30-3FFF-4940-AE87-81FDDD88C815J00003BX2D","GlobalID":"{3C3EB138-765D-4B87-ADC8-9C19F1CA431E}","Shape__Area":0.0000017753171862065005,"Shape__Length":0.006003706885800898}},{"type":"Feature","geometry":{"type":"Polygon","coordinates":[[[-117.696848,49.10029],[-117.696888,49.100396],[-117.696768,49.100462],[-117.696545,49.100586],[-117.696214,49.10077],[-117.696186,49.100786],[-117.696049,49.100862],[-117.695984,49.100898],[-117.694803,49.101108],[-117.694709,49.101081],[-117.694529,49.101029],[-117.694585,49.100946],[-117.694434,49.100903],[-117.694548,49.100734],[-117.694575,49.100694],[-117.694745,49.100444],[-117.694856,49.100278],[-117.695026,49.100028],[-117.695053,49.099988],[-117.695138,49.099862],[-117.695416,49.099944],[-117.695489,49.099989],[-117.695482,49.099962],[-117.695474,49.09993],[-117.696188,49.100075],[-117.696314,49.1001],[-117.696848,49.10029]]]},"properties":{"OBJECTID":18589,"PMBCParcelGUID":"{EFB83D30-3FFF-4940-AE87-81FDDD88C815}","PMBC_PID":29204151,"PMBC_PIN":29204151,"PMBC_ParcelClass":"SUBDIVISION","PMBC_OwnerType":"PRIVATE","PMBC_LegalDescription":"LOT A DISTRICT LOTS 2919 AND 4598 KOOTENAY DISTRICT PLAN EPP34324","Folio":"23203433550","FullAddress":"31 1976 SEVENTH AVE , TRAIL","apt_no":"31","street_no":"1976","street_direction_prefix":null,"street_name":"SEVENTH AVE","street_direction_suffix":null,"postal_code":"V1R 3C3","city":"TRAIL","province":"BC","AddressID":"J00003BWWD","TempKey":"EFB83D30-3FFF-4940-AE87-81FDDD88C815J00003BWWD","GlobalID":"{9AC06246-6FFB-48AB-821A-2BDEC5C0673A}","Shape__Area":0.0000017753171862065005,"Shape__Length":0.006003706885800898}},{"type":"Feature","geometry":{"type":"Polygon","coordinates":[[[-117.696848,49.10029],[-117.696888,49.100396],[-117.696768,49.100462],[-117.696545,49.100586],[-117.696214,49.10077],[-117.696186,49.100786],[-117.696049,49.100862],[-117.695984,49.100898],[-117.694803,49.101108],[-117.694709,49.101081],[-117.694529,49.101029],[-117.694585,49.100946],[-117.694434,49.100903],[-117.694548,49.100734],[-117.694575,49.100694],[-117.694745,49.100444],[-117.694856,49.100278],[-117.695026,49.100028],[-117.695053,49.099988],[-117.695138,49.099862],[-117.695416,49.099944],[-117.695489,49.099989],[-117.695482,49.099962],[-117.695474,49.09993],[-117.696188,49.100075],[-117.696314,49.1001],[-117.696848,49.10029]]]},"properties":{"OBJECTID":18590,"PMBCParcelGUID":"{EFB83D30-3FFF-4940-AE87-81FDDD88C815}","PMBC_PID":29204151,"PMBC_PIN":29204151,"PMBC_ParcelClass":"SUBDIVISION","PMBC_OwnerType":"PRIVATE","PMBC_LegalDescription":"LOT A DISTRICT LOTS 2919 AND 4598 KOOTENAY DISTRICT PLAN EPP34324","Folio":"23203433550","FullAddress":"32 1976 SEVENTH AVE , TRAIL","apt_no":"32","street_no":"1976","street_direction_prefix":null,"street_name":"SEVENTH AVE","street_direction_suffix":null,"postal_code":"V1R 3C3","city":"TRAIL","province":"BC","AddressID":"J00003BX2H","TempKey":"EFB83D30-3FFF-4940-AE87-81FDDD88C815J00003BX2H","GlobalID":"{186985C2-3955-4B90-B9AA-A94EB5FFE600}","Shape__Area":0.0000017753171862065005,"Shape__Length":0.006003706885800898}},{"type":"Feature","geometry":{"type":"Polygon","coordinates":[[[-117.696848,49.10029],[-117.696888,49.100396],[-117.696768,49.100462],[-117.696545,49.100586],[-117.696214,49.10077],[-117.696186,49.100786],[-117.696049,49.100862],[-117.695984,49.100898],[-117.694803,49.101108],[-117.694709,49.101081],[-117.694529,49.101029],[-117.694585,49.100946],[-117.694434,49.100903],[-117.694548,49.100734],[-117.694575,49.100694],[-117.694745,49.100444],[-117.694856,49.100278],[-117.695026,49.100028],[-117.695053,49.099988],[-117.695138,49.099862],[-117.695416,49.099944],[-117.695489,49.099989],[-117.695482,49.099962],[-117.695474,49.09993],[-117.696188,49.100075],[-117.696314,49.1001],[-117.696848,49.10029]]]},"properties":{"OBJECTID":18591,"PMBCParcelGUID":"{EFB83D30-3FFF-4940-AE87-81FDDD88C815}","PMBC_PID":29204151,"PMBC_PIN":29204151,"PMBC_ParcelClass":"SUBDIVISION","PMBC_OwnerType":"PRIVATE","PMBC_LegalDescription":"LOT A DISTRICT LOTS 2919 AND 4598 KOOTENAY DISTRICT PLAN EPP34324","Folio":"23203433550","FullAddress":"33 1976 SEVENTH AVE , TRAIL","apt_no":"33","street_no":"1976","street_direction_prefix":null,"street_name":"SEVENTH AVE","street_direction_suffix":null,"postal_code":"V1R 3C3","city":"TRAIL","province":"BC","AddressID":"J00003BWVY","TempKey":"EFB83D30-3FFF-4940-AE87-81FDDD88C815J00003BWVY","GlobalID":"{CB79CBA1-664A-4975-ABE4-648439A6CF56}","Shape__Area":0.0000017753171862065005,"Shape__Length":0.006003706885800898}},{"type":"Feature","geometry":{"type":"Polygon","coordinates":[[[-117.696848,49.10029],[-117.696888,49.100396],[-117.696768,49.100462],[-117.696545,49.100586],[-117.696214,49.10077],[-117.696186,49.100786],[-117.696049,49.100862],[-117.695984,49.100898],[-117.694803,49.101108],[-117.694709,49.101081],[-117.694529,49.101029],[-117.694585,49.100946],[-117.694434,49.100903],[-117.694548,49.100734],[-117.694575,49.100694],[-117.694745,49.100444],[-117.694856,49.100278],[-117.695026,49.100028],[-117.695053,49.099988],[-117.695138,49.099862],[-117.695416,49.099944],[-117.695489,49.099989],[-117.695482,49.099962],[-117.695474,49.09993],[-117.696188,49.100075],[-117.696314,49.1001],[-117.696848,49.10029]]]},"properties":{"OBJECTID":18592,"PMBCParcelGUID":"{EFB83D30-3FFF-4940-AE87-81FDDD88C815}","PMBC_PID":29204151,"PMBC_PIN":29204151,"PMBC_ParcelClass":"SUBDIVISION","PMBC_OwnerType":"PRIVATE","PMBC_LegalDescription":"LOT A DISTRICT LOTS 2919 AND 4598 KOOTENAY DISTRICT PLAN EPP34324","Folio":"23203433550","FullAddress":"34 1976 SEVENTH AVE , TRAIL","apt_no":"34","street_no":"1976","street_direction_prefix":null,"street_name":"SEVENTH AVE","street_direction_suffix":null,"postal_code":"V1R 3C3","city":"TRAIL","province":"BC","AddressID":"J00003BX1C","TempKey":"EFB83D30-3FFF-4940-AE87-81FDDD88C815J00003BX1C","GlobalID":"{E1D2F4C5-2838-4C45-8F5E-8603C1A1377E}","Shape__Area":0.0000017753171862065005,"Shape__Length":0.006003706885800898}},{"type":"Feature","geometry":{"type":"Polygon","coordinates":[[[-117.696848,49.10029],[-117.696888,49.100396],[-117.696768,49.100462],[-117.696545,49.100586],[-117.696214,49.10077],[-117.696186,49.100786],[-117.696049,49.100862],[-117.695984,49.100898],[-117.694803,49.101108],[-117.694709,49.101081],[-117.694529,49.101029],[-117.694585,49.100946],[-117.694434,49.100903],[-117.694548,49.100734],[-117.694575,49.100694],[-117.694745,49.100444],[-117.694856,49.100278],[-117.695026,49.100028],[-117.695053,49.099988],[-117.695138,49.099862],[-117.695416,49.099944],[-117.695489,49.099989],[-117.695482,49.099962],[-117.695474,49.09993],[-117.696188,49.100075],[-117.696314,49.1001],[-117.696848,49.10029]]]},"properties":{"OBJECTID":18593,"PMBCParcelGUID":"{EFB83D30-3FFF-4940-AE87-81FDDD88C815}","PMBC_PID":29204151,"PMBC_PIN":29204151,"PMBC_ParcelClass":"SUBDIVISION","PMBC_OwnerType":"PRIVATE","PMBC_LegalDescription":"LOT A DISTRICT LOTS 2919 AND 4598 KOOTENAY DISTRICT PLAN EPP34324","Folio":"23203433550","FullAddress":"35 1976 SEVENTH AVE , TRAIL","apt_no":"35","street_no":"1976","street_direction_prefix":null,"street_name":"SEVENTH AVE","street_direction_suffix":null,"postal_code":"V1R 3C3","city":"TRAIL","province":"BC","AddressID":"J00003BWY0","TempKey":"EFB83D30-3FFF-4940-AE87-81FDDD88C815J00003BWY0","GlobalID":"{D4BA4ED8-A2B2-4FCF-A11F-84B84B3AA24A}","Shape__Area":0.0000017753171862065005,"Shape__Length":0.006003706885800898}},{"type":"Feature","geometry":{"type":"Polygon","coordinates":[[[-117.696848,49.10029],[-117.696888,49.100396],[-117.696768,49.100462],[-117.696545,49.100586],[-117.696214,49.10077],[-117.696186,49.100786],[-117.696049,49.100862],[-117.695984,49.100898],[-117.694803,49.101108],[-117.694709,49.101081],[-117.694529,49.101029],[-117.694585,49.100946],[-117.694434,49.100903],[-117.694548,49.100734],[-117.694575,49.100694],[-117.694745,49.100444],[-117.694856,49.100278],[-117.695026,49.100028],[-117.695053,49.099988],[-117.695138,49.099862],[-117.695416,49.099944],[-117.695489,49.099989],[-117.695482,49.099962],[-117.695474,49.09993],[-117.696188,49.100075],[-117.696314,49.1001],[-117.696848,49.10029]]]},"properties":{"OBJECTID":18594,"PMBCParcelGUID":"{EFB83D30-3FFF-4940-AE87-81FDDD88C815}","PMBC_PID":29204151,"PMBC_PIN":29204151,"PMBC_ParcelClass":"SUBDIVISION","PMBC_OwnerType":"PRIVATE","PMBC_LegalDescription":"LOT A DISTRICT LOTS 2919 AND 4598 KOOTENAY DISTRICT PLAN EPP34324","Folio":"23203433550","FullAddress":"36 1976 SEVENTH AVE , TRAIL","apt_no":"36","street_no":"1976","street_direction_prefix":null,"street_name":"SEVENTH AVE","street_direction_suffix":null,"postal_code":"V1R 3C3","city":"TRAIL","province":"BC","AddressID":"J00003BX1L","TempKey":"EFB83D30-3FFF-4940-AE87-81FDDD88C815J00003BX1L","GlobalID":"{B99ED0C1-BA8B-4162-B857-4111F6B5F0D3}","Shape__Area":0.0000017753171862065005,"Shape__Length":0.006003706885800898}},{"type":"Feature","geometry":{"type":"Polygon","coordinates":[[[-117.696848,49.10029],[-117.696888,49.100396],[-117.696768,49.100462],[-117.696545,49.100586],[-117.696214,49.10077],[-117.696186,49.100786],[-117.696049,49.100862],[-117.695984,49.100898],[-117.694803,49.101108],[-117.694709,49.101081],[-117.694529,49.101029],[-117.694585,49.100946],[-117.694434,49.100903],[-117.694548,49.100734],[-117.694575,49.100694],[-117.694745,49.100444],[-117.694856,49.100278],[-117.695026,49.100028],[-117.695053,49.099988],[-117.695138,49.099862],[-117.695416,49.099944],[-117.695489,49.099989],[-117.695482,49.099962],[-117.695474,49.09993],[-117.696188,49.100075],[-117.696314,49.1001],[-117.696848,49.10029]]]},"properties":{"OBJECTID":18595,"PMBCParcelGUID":"{EFB83D30-3FFF-4940-AE87-81FDDD88C815}","PMBC_PID":29204151,"PMBC_PIN":29204151,"PMBC_ParcelClass":"SUBDIVISION","PMBC_OwnerType":"PRIVATE","PMBC_LegalDescription":"LOT A DISTRICT LOTS 2919 AND 4598 KOOTENAY DISTRICT PLAN EPP34324","Folio":"23203433550","FullAddress":"37 1976 SEVENTH AVE , TRAIL","apt_no":"37","street_no":"1976","street_direction_prefix":null,"street_name":"SEVENTH AVE","street_direction_suffix":null,"postal_code":"V1R 3C3","city":"TRAIL","province":"BC","AddressID":"J00003BWX1","TempKey":"EFB83D30-3FFF-4940-AE87-81FDDD88C815J00003BWX1","GlobalID":"{9FD24662-76BA-4FA5-A01A-D08A3CC09AA2}","Shape__Area":0.0000017753171862065005,"Shape__Length":0.006003706885800898}},{"type":"Feature","geometry":{"type":"Polygon","coordinates":[[[-117.696848,49.10029],[-117.696888,49.100396],[-117.696768,49.100462],[-117.696545,49.100586],[-117.696214,49.10077],[-117.696186,49.100786],[-117.696049,49.100862],[-117.695984,49.100898],[-117.694803,49.101108],[-117.694709,49.101081],[-117.694529,49.101029],[-117.694585,49.100946],[-117.694434,49.100903],[-117.694548,49.100734],[-117.694575,49.100694],[-117.694745,49.100444],[-117.694856,49.100278],[-117.695026,49.100028],[-117.695053,49.099988],[-117.695138,49.099862],[-117.695416,49.099944],[-117.695489,49.099989],[-117.695482,49.099962],[-117.695474,49.09993],[-117.696188,49.100075],[-117.696314,49.1001],[-117.696848,49.10029]]]},"properties":{"OBJECTID":18596,"PMBCParcelGUID":"{EFB83D30-3FFF-4940-AE87-81FDDD88C815}","PMBC_PID":29204151,"PMBC_PIN":29204151,"PMBC_ParcelClass":"SUBDIVISION","PMBC_OwnerType":"PRIVATE","PMBC_LegalDescription":"LOT A DISTRICT LOTS 2919 AND 4598 KOOTENAY DISTRICT PLAN EPP34324","Folio":"23203433550","FullAddress":"38 1976 SEVENTH AVE , TRAIL","apt_no":"38","street_no":"1976","street_direction_prefix":null,"street_name":"SEVENTH AVE","street_direction_suffix":null,"postal_code":"V1R 3C3","city":"TRAIL","province":"BC","AddressID":"J00003BWZ7","TempKey":"EFB83D30-3FFF-4940-AE87-81FDDD88C815J00003BWZ7","GlobalID":"{61BE3D40-F89C-4720-9CB1-34071776B1EC}","Shape__Area":0.0000017753171862065005,"Shape__Length":0.006003706885800898}},{"type":"Feature","geometry":{"type":"Polygon","coordinates":[[[-117.696848,49.10029],[-117.696888,49.100396],[-117.696768,49.100462],[-117.696545,49.100586],[-117.696214,49.10077],[-117.696186,49.100786],[-117.696049,49.100862],[-117.695984,49.100898],[-117.694803,49.101108],[-117.694709,49.101081],[-117.694529,49.101029],[-117.694585,49.100946],[-117.694434,49.100903],[-117.694548,49.100734],[-117.694575,49.100694],[-117.694745,49.100444],[-117.694856,49.100278],[-117.695026,49.100028],[-117.695053,49.099988],[-117.695138,49.099862],[-117.695416,49.099944],[-117.695489,49.099989],[-117.695482,49.099962],[-117.695474,49.09993],[-117.696188,49.100075],[-117.696314,49.1001],[-117.696848,49.10029]]]},"properties":{"OBJECTID":18597,"PMBCParcelGUID":"{EFB83D30-3FFF-4940-AE87-81FDDD88C815}","PMBC_PID":29204151,"PMBC_PIN":29204151,"PMBC_ParcelClass":"SUBDIVISION","PMBC_OwnerType":"PRIVATE","PMBC_LegalDescription":"LOT A DISTRICT LOTS 2919 AND 4598 KOOTENAY DISTRICT PLAN EPP34324","Folio":"23203433550","FullAddress":"39 1976 SEVENTH AVE , TRAIL","apt_no":"39","street_no":"1976","street_direction_prefix":null,"street_name":"SEVENTH AVE","street_direction_suffix":null,"postal_code":"V1R 3C3","city":"TRAIL","province":"BC","AddressID":"J00003BWUZ","TempKey":"EFB83D30-3FFF-4940-AE87-81FDDD88C815J00003BWUZ","GlobalID":"{D842FEBF-1C08-4AF7-A01A-99859EF0A278}","Shape__Area":0.0000017753171862065005,"Shape__Length":0.006003706885800898}},{"type":"Feature","geometry":{"type":"Polygon","coordinates":[[[-117.696848,49.10029],[-117.696888,49.100396],[-117.696768,49.100462],[-117.696545,49.100586],[-117.696214,49.10077],[-117.696186,49.100786],[-117.696049,49.100862],[-117.695984,49.100898],[-117.694803,49.101108],[-117.694709,49.101081],[-117.694529,49.101029],[-117.694585,49.100946],[-117.694434,49.100903],[-117.694548,49.100734],[-117.694575,49.100694],[-117.694745,49.100444],[-117.694856,49.100278],[-117.695026,49.100028],[-117.695053,49.099988],[-117.695138,49.099862],[-117.695416,49.099944],[-117.695489,49.099989],[-117.695482,49.099962],[-117.695474,49.09993],[-117.696188,49.100075],[-117.696314,49.1001],[-117.696848,49.10029]]]},"properties":{"OBJECTID":18598,"PMBCParcelGUID":"{EFB83D30-3FFF-4940-AE87-81FDDD88C815}","PMBC_PID":29204151,"PMBC_PIN":29204151,"PMBC_ParcelClass":"SUBDIVISION","PMBC_OwnerType":"PRIVATE","PMBC_LegalDescription":"LOT A DISTRICT LOTS 2919 AND 4598 KOOTENAY DISTRICT PLAN EPP34324","Folio":"23203433550","FullAddress":"40 1976 SEVENTH AVE , TRAIL","apt_no":"40","street_no":"1976","street_direction_prefix":null,"street_name":"SEVENTH AVE","street_direction_suffix":null,"postal_code":"V1R 3C3","city":"TRAIL","province":"BC","AddressID":"J00003BWXC","TempKey":"EFB83D30-3FFF-4940-AE87-81FDDD88C815J00003BWXC","GlobalID":"{E89AF61F-0710-4F05-8A61-6096EEF0DD18}","Shape__Area":0.0000017753171862065005,"Shape__Length":0.006003706885800898}},{"type":"Feature","geometry":{"type":"Polygon","coordinates":[[[-117.696848,49.10029],[-117.696888,49.100396],[-117.696768,49.100462],[-117.696545,49.100586],[-117.696214,49.10077],[-117.696186,49.100786],[-117.696049,49.100862],[-117.695984,49.100898],[-117.694803,49.101108],[-117.694709,49.101081],[-117.694529,49.101029],[-117.694585,49.100946],[-117.694434,49.100903],[-117.694548,49.100734],[-117.694575,49.100694],[-117.694745,49.100444],[-117.694856,49.100278],[-117.695026,49.100028],[-117.695053,49.099988],[-117.695138,49.099862],[-117.695416,49.099944],[-117.695489,49.099989],[-117.695482,49.099962],[-117.695474,49.09993],[-117.696188,49.100075],[-117.696314,49.1001],[-117.696848,49.10029]]]},"properties":{"OBJECTID":18599,"PMBCParcelGUID":"{EFB83D30-3FFF-4940-AE87-81FDDD88C815}","PMBC_PID":29204151,"PMBC_PIN":29204151,"PMBC_ParcelClass":"SUBDIVISION","PMBC_OwnerType":"PRIVATE","PMBC_LegalDescription":"LOT A DISTRICT LOTS 2919 AND 4598 KOOTENAY DISTRICT PLAN EPP34324","Folio":"23203433550","FullAddress":"41 1976 SEVENTH AVE , TRAIL","apt_no":"41","street_no":"1976","street_direction_prefix":null,"street_name":"SEVENTH AVE","street_direction_suffix":null,"postal_code":"V1R 3C3","city":"TRAIL","province":"BC","AddressID":"J00003BWZJ","TempKey":"EFB83D30-3FFF-4940-AE87-81FDDD88C815J00003BWZJ","GlobalID":"{F10B2C31-1B4D-4C1F-9D42-23637B6D8F69}","Shape__Area":0.0000017753171862065005,"Shape__Length":0.006003706885800898}},{"type":"Feature","geometry":{"type":"Polygon","coordinates":[[[-117.696848,49.10029],[-117.696888,49.100396],[-117.696768,49.100462],[-117.696545,49.100586],[-117.696214,49.10077],[-117.696186,49.100786],[-117.696049,49.100862],[-117.695984,49.100898],[-117.694803,49.101108],[-117.694709,49.101081],[-117.694529,49.101029],[-117.694585,49.100946],[-117.694434,49.100903],[-117.694548,49.100734],[-117.694575,49.100694],[-117.694745,49.100444],[-117.694856,49.100278],[-117.695026,49.100028],[-117.695053,49.099988],[-117.695138,49.099862],[-117.695416,49.099944],[-117.695489,49.099989],[-117.695482,49.099962],[-117.695474,49.09993],[-117.696188,49.100075],[-117.696314,49.1001],[-117.696848,49.10029]]]},"properties":{"OBJECTID":18600,"PMBCParcelGUID":"{EFB83D30-3FFF-4940-AE87-81FDDD88C815}","PMBC_PID":29204151,"PMBC_PIN":29204151,"PMBC_ParcelClass":"SUBDIVISION","PMBC_OwnerType":"PRIVATE","PMBC_LegalDescription":"LOT A DISTRICT LOTS 2919 AND 4598 KOOTENAY DISTRICT PLAN EPP34324","Folio":"23203433550","FullAddress":"42 1976 SEVENTH AVE , TRAIL","apt_no":"42","street_no":"1976","street_direction_prefix":null,"street_name":"SEVENTH AVE","street_direction_suffix":null,"postal_code":"V1R 3C3","city":"TRAIL","province":"BC","AddressID":"J00003BX1D","TempKey":"EFB83D30-3FFF-4940-AE87-81FDDD88C815J00003BX1D","GlobalID":"{EA6A581C-8B0F-4864-A387-A08A128AF817}","Shape__Area":0.0000017753171862065005,"Shape__Length":0.006003706885800898}},{"type":"Feature","geometry":{"type":"Polygon","coordinates":[[[-117.696848,49.10029],[-117.696888,49.100396],[-117.696768,49.100462],[-117.696545,49.100586],[-117.696214,49.10077],[-117.696186,49.100786],[-117.696049,49.100862],[-117.695984,49.100898],[-117.694803,49.101108],[-117.694709,49.101081],[-117.694529,49.101029],[-117.694585,49.100946],[-117.694434,49.100903],[-117.694548,49.100734],[-117.694575,49.100694],[-117.694745,49.100444],[-117.694856,49.100278],[-117.695026,49.100028],[-117.695053,49.099988],[-117.695138,49.099862],[-117.695416,49.099944],[-117.695489,49.099989],[-117.695482,49.099962],[-117.695474,49.09993],[-117.696188,49.100075],[-117.696314,49.1001],[-117.696848,49.10029]]]},"properties":{"OBJECTID":18601,"PMBCParcelGUID":"{EFB83D30-3FFF-4940-AE87-81FDDD88C815}","PMBC_PID":29204151,"PMBC_PIN":29204151,"PMBC_ParcelClass":"SUBDIVISION","PMBC_OwnerType":"PRIVATE","PMBC_LegalDescription":"LOT A DISTRICT LOTS 2919 AND 4598 KOOTENAY DISTRICT PLAN EPP34324","Folio":"23203433550","FullAddress":"43 1976 SEVENTH AVE , TRAIL","apt_no":"43","street_no":"1976","street_direction_prefix":null,"street_name":"SEVENTH AVE","street_direction_suffix":null,"postal_code":"V1R 3C3","city":"TRAIL","province":"BC","AddressID":"J00003BWV3","TempKey":"EFB83D30-3FFF-4940-AE87-81FDDD88C815J00003BWV3","GlobalID":"{321022F6-EA10-4E12-BC39-00678B84DBAA}","Shape__Area":0.0000017753171862065005,"Shape__Length":0.006003706885800898}},{"type":"Feature","geometry":{"type":"Polygon","coordinates":[[[-117.696848,49.10029],[-117.696888,49.100396],[-117.696768,49.100462],[-117.696545,49.100586],[-117.696214,49.10077],[-117.696186,49.100786],[-117.696049,49.100862],[-117.695984,49.100898],[-117.694803,49.101108],[-117.694709,49.101081],[-117.694529,49.101029],[-117.694585,49.100946],[-117.694434,49.100903],[-117.694548,49.100734],[-117.694575,49.100694],[-117.694745,49.100444],[-117.694856,49.100278],[-117.695026,49.100028],[-117.695053,49.099988],[-117.695138,49.099862],[-117.695416,49.099944],[-117.695489,49.099989],[-117.695482,49.099962],[-117.695474,49.09993],[-117.696188,49.100075],[-117.696314,49.1001],[-117.696848,49.10029]]]},"properties":{"OBJECTID":18602,"PMBCParcelGUID":"{EFB83D30-3FFF-4940-AE87-81FDDD88C815}","PMBC_PID":29204151,"PMBC_PIN":29204151,"PMBC_ParcelClass":"SUBDIVISION","PMBC_OwnerType":"PRIVATE","PMBC_LegalDescription":"LOT A DISTRICT LOTS 2919 AND 4598 KOOTENAY DISTRICT PLAN EPP34324","Folio":"23203433550","FullAddress":"44 1976 SEVENTH AVE , TRAIL","apt_no":"44","street_no":"1976","street_direction_prefix":null,"street_name":"SEVENTH AVE","street_direction_suffix":null,"postal_code":"V1R 3C3","city":"TRAIL","province":"BC","AddressID":"J00003BX0N","TempKey":"EFB83D30-3FFF-4940-AE87-81FDDD88C815J00003BX0N","GlobalID":"{9B8780AD-432B-4985-A1CB-DA796EBD6516}","Shape__Area":0.0000017753171862065005,"Shape__Length":0.006003706885800898}},{"type":"Feature","geometry":{"type":"Polygon","coordinates":[[[-117.696848,49.10029],[-117.696888,49.100396],[-117.696768,49.100462],[-117.696545,49.100586],[-117.696214,49.10077],[-117.696186,49.100786],[-117.696049,49.100862],[-117.695984,49.100898],[-117.694803,49.101108],[-117.694709,49.101081],[-117.694529,49.101029],[-117.694585,49.100946],[-117.694434,49.100903],[-117.694548,49.100734],[-117.694575,49.100694],[-117.694745,49.100444],[-117.694856,49.100278],[-117.695026,49.100028],[-117.695053,49.099988],[-117.695138,49.099862],[-117.695416,49.099944],[-117.695489,49.099989],[-117.695482,49.099962],[-117.695474,49.09993],[-117.696188,49.100075],[-117.696314,49.1001],[-117.696848,49.10029]]]},"properties":{"OBJECTID":18603,"PMBCParcelGUID":"{EFB83D30-3FFF-4940-AE87-81FDDD88C815}","PMBC_PID":29204151,"PMBC_PIN":29204151,"PMBC_ParcelClass":"SUBDIVISION","PMBC_OwnerType":"PRIVATE","PMBC_LegalDescription":"LOT A DISTRICT LOTS 2919 AND 4598 KOOTENAY DISTRICT PLAN EPP34324","Folio":"23203433550","FullAddress":"45 1976 SEVENTH AVE , TRAIL","apt_no":"45","street_no":"1976","street_direction_prefix":null,"street_name":"SEVENTH AVE","street_direction_suffix":null,"postal_code":"V1R 3C3","city":"TRAIL","province":"BC","AddressID":"J00003BX62","TempKey":"EFB83D30-3FFF-4940-AE87-81FDDD88C815J00003BX62","GlobalID":"{49C42F7C-E7EA-46F8-A954-8403230CA257}","Shape__Area":0.0000017753171862065005,"Shape__Length":0.006003706885800898}},{"type":"Feature","geometry":{"type":"Polygon","coordinates":[[[-117.696848,49.10029],[-117.696888,49.100396],[-117.696768,49.100462],[-117.696545,49.100586],[-117.696214,49.10077],[-117.696186,49.100786],[-117.696049,49.100862],[-117.695984,49.100898],[-117.694803,49.101108],[-117.694709,49.101081],[-117.694529,49.101029],[-117.694585,49.100946],[-117.694434,49.100903],[-117.694548,49.100734],[-117.694575,49.100694],[-117.694745,49.100444],[-117.694856,49.100278],[-117.695026,49.100028],[-117.695053,49.099988],[-117.695138,49.099862],[-117.695416,49.099944],[-117.695489,49.099989],[-117.695482,49.099962],[-117.695474,49.09993],[-117.696188,49.100075],[-117.696314,49.1001],[-117.696848,49.10029]]]},"properties":{"OBJECTID":18604,"PMBCParcelGUID":"{EFB83D30-3FFF-4940-AE87-81FDDD88C815}","PMBC_PID":29204151,"PMBC_PIN":29204151,"PMBC_ParcelClass":"SUBDIVISION","PMBC_OwnerType":"PRIVATE","PMBC_LegalDescription":"LOT A DISTRICT LOTS 2919 AND 4598 KOOTENAY DISTRICT PLAN EPP34324","Folio":"23203433550","FullAddress":"46 1976 SEVENTH AVE , TRAIL","apt_no":"46","street_no":"1976","street_direction_prefix":null,"street_name":"SEVENTH AVE","street_direction_suffix":null,"postal_code":"V1R 3C3","city":"TRAIL","province":"BC","AddressID":"J00003BX3J","TempKey":"EFB83D30-3FFF-4940-AE87-81FDDD88C815J00003BX3J","GlobalID":"{A2AEF354-4610-4DFE-9F06-C49E366DF819}","Shape__Area":0.0000017753171862065005,"Shape__Length":0.006003706885800898}},{"type":"Feature","geometry":{"type":"Polygon","coordinates":[[[-117.696848,49.10029],[-117.696888,49.100396],[-117.696768,49.100462],[-117.696545,49.100586],[-117.696214,49.10077],[-117.696186,49.100786],[-117.696049,49.100862],[-117.695984,49.100898],[-117.694803,49.101108],[-117.694709,49.101081],[-117.694529,49.101029],[-117.694585,49.100946],[-117.694434,49.100903],[-117.694548,49.100734],[-117.694575,49.100694],[-117.694745,49.100444],[-117.694856,49.100278],[-117.695026,49.100028],[-117.695053,49.099988],[-117.695138,49.099862],[-117.695416,49.099944],[-117.695489,49.099989],[-117.695482,49.099962],[-117.695474,49.09993],[-117.696188,49.100075],[-117.696314,49.1001],[-117.696848,49.10029]]]},"properties":{"OBJECTID":18605,"PMBCParcelGUID":"{EFB83D30-3FFF-4940-AE87-81FDDD88C815}","PMBC_PID":29204151,"PMBC_PIN":29204151,"PMBC_ParcelClass":"SUBDIVISION","PMBC_OwnerType":"PRIVATE","PMBC_LegalDescription":"LOT A DISTRICT LOTS 2919 AND 4598 KOOTENAY DISTRICT PLAN EPP34324","Folio":"23203433550","FullAddress":"47 1976 SEVENTH AVE , TRAIL","apt_no":"47","street_no":"1976","street_direction_prefix":null,"street_name":"SEVENTH AVE","street_direction_suffix":null,"postal_code":"V1R 3C3","city":"TRAIL","province":"BC","AddressID":"J00003BX0Y","TempKey":"EFB83D30-3FFF-4940-AE87-81FDDD88C815J00003BX0Y","GlobalID":"{9059AC59-8E87-4133-B7C3-DAFC294D1083}","Shape__Area":0.0000017753171862065005,"Shape__Length":0.006003706885800898}},{"type":"Feature","geometry":{"type":"Polygon","coordinates":[[[-117.696848,49.10029],[-117.696888,49.100396],[-117.696768,49.100462],[-117.696545,49.100586],[-117.696214,49.10077],[-117.696186,49.100786],[-117.696049,49.100862],[-117.695984,49.100898],[-117.694803,49.101108],[-117.694709,49.101081],[-117.694529,49.101029],[-117.694585,49.100946],[-117.694434,49.100903],[-117.694548,49.100734],[-117.694575,49.100694],[-117.694745,49.100444],[-117.694856,49.100278],[-117.695026,49.100028],[-117.695053,49.099988],[-117.695138,49.099862],[-117.695416,49.099944],[-117.695489,49.099989],[-117.695482,49.099962],[-117.695474,49.09993],[-117.696188,49.100075],[-117.696314,49.1001],[-117.696848,49.10029]]]},"properties":{"OBJECTID":18606,"PMBCParcelGUID":"{EFB83D30-3FFF-4940-AE87-81FDDD88C815}","PMBC_PID":29204151,"PMBC_PIN":29204151,"PMBC_ParcelClass":"SUBDIVISION","PMBC_OwnerType":"PRIVATE","PMBC_LegalDescription":"LOT A DISTRICT LOTS 2919 AND 4598 KOOTENAY DISTRICT PLAN EPP34324","Folio":"23203433550","FullAddress":"48 1976 SEVENTH AVE , TRAIL","apt_no":"48","street_no":"1976","street_direction_prefix":null,"street_name":"SEVENTH AVE","street_direction_suffix":null,"postal_code":"V1R 3C3","city":"TRAIL","province":"BC","AddressID":"J00003BX4L","TempKey":"EFB83D30-3FFF-4940-AE87-81FDDD88C815J00003BX4L","GlobalID":"{85FF712A-5D35-44F9-9C94-4E31B33333AE}","Shape__Area":0.0000017753171862065005,"Shape__Length":0.006003706885800898}},{"type":"Feature","geometry":{"type":"MultiPolygon","coordinates":[[[[-118.85791,49.432537],[-118.858381,49.431968],[-118.858979,49.431589],[-118.859276,49.431307],[-118.859428,49.431164],[-118.859692,49.430916],[-118.859872,49.430788],[-118.860091,49.430632],[-118.860581,49.430489],[-118.860962,49.430406],[-118.861343,49.430441],[-118.861615,49.43037],[-118.861922,49.430003],[-118.862121,49.429648],[-118.862411,49.429163],[-118.862515,49.42907],[-118.862664,49.428937],[-118.863227,49.428795],[-118.86348,49.428546],[-118.863825,49.428463],[-118.864079,49.428463],[-118.864587,49.428427],[-118.86495,49.428332],[-118.865385,49.428272],[-118.86543,49.42825],[-118.865486,49.428221],[-118.865621,49.428154],[-118.865892,49.427751],[-118.866055,49.427574],[-118.866307,49.42684],[-118.866361,49.426579],[-118.865981,49.425481],[-118.86589,49.425079],[-118.866161,49.424665],[-118.866487,49.424452],[-118.866624,49.424247],[-118.867003,49.424064],[-118.867382,49.423865],[-118.867644,49.423511],[-118.867717,49.423204],[-118.867458,49.423188],[-118.867388,49.423003],[-118.867295,49.422772],[-118.866942,49.422648],[-118.866507,49.422504],[-118.867573,49.422504],[-118.868886,49.422504],[-118.869066,49.422504],[-118.873792,49.422504],[-118.874545,49.422504],[-118.874754,49.422504],[-118.878495,49.422508],[-118.878495,49.424348],[-118.878495,49.424831],[-118.878496,49.436973],[-118.867407,49.437013],[-118.863889,49.437005],[-118.863469,49.437004],[-118.857532,49.43699],[-118.857502,49.43699],[-118.857529,49.436845],[-118.857569,49.436629],[-118.857482,49.436063],[-118.857209,49.435566],[-118.857081,49.435117],[-118.857062,49.434525],[-118.857169,49.433815],[-118.857422,49.433259],[-118.85791,49.432537]]],[[[-118.859382,49.430124],[-118.858983,49.430372],[-118.858712,49.430716],[-118.858343,49.43114],[-118.857981,49.431555],[-118.857909,49.431839],[-118.857775,49.431926],[-118.857637,49.432016],[-118.857402,49.432218],[-118.857148,49.432632],[-118.856859,49.433153],[-118.856625,49.433922],[-118.856426,49.434348],[-118.856336,49.434916],[-118.856391,49.435259],[-118.856611,49.435922],[-118.856666,49.436289],[-118.856727,49.436643],[-118.856722,49.436989],[-118.8563,49.436988],[-118.856321,49.422497],[-118.859464,49.4225],[-118.862692,49.422503],[-118.865214,49.422503],[-118.865379,49.422602],[-118.865597,49.422733],[-118.866009,49.422983],[-118.866208,49.423104],[-118.86675,49.423198],[-118.866796,49.423383],[-118.866724,49.423614],[-118.866462,49.423874],[-118.86587,49.424242],[-118.865344,49.425162],[-118.865288,49.425409],[-118.865343,49.425716],[-118.865253,49.426119],[-118.865363,49.426509],[-118.865491,49.426852],[-118.865401,49.427397],[-118.865384,49.427834],[-118.865257,49.428],[-118.864931,49.428048],[-118.864351,49.42806],[-118.863715,49.42825],[-118.863189,49.428357],[-118.862808,49.428547],[-118.862337,49.428772],[-118.862083,49.428985],[-118.861794,49.429246],[-118.861613,49.429601],[-118.86145,49.42992],[-118.861233,49.430086],[-118.860997,49.430134],[-118.86067,49.430087],[-118.860107,49.429922],[-118.859984,49.429936],[-118.859799,49.429958],[-118.859382,49.430124]]]]},"properties":{"OBJECTID":18607,"PMBCParcelGUID":"{65FAAA63-C6CA-419B-936B-820457A5176B}","PMBC_PID":11776072,"PMBC_PIN":11776072,"PMBC_ParcelClass":"SUBDIVISION","PMBC_OwnerType":"CROWN PROVINCIAL","PMBC_LegalDescription":"LOT 7 DISTRICT LOT 3637 SIMILKAMEEN DIVISION YALE DISTRICT PLAN 1191","Folio":"71307193080","FullAddress":"1R KM32 CHRISTIAN VALLEY RD ","apt_no":"1R","street_no":"KM32","street_direction_prefix":null,"street_name":"CHRISTIAN VALLEY RD","street_direction_suffix":null,"postal_code":null,"city":null,"province":"BC","AddressID":"A00000J8QG","TempKey":"65FAAA63-C6CA-419B-936B-820457A5176BA00000J8QG","GlobalID":"{5D15825D-5FA5-4818-8B64-50900C9C6FC7}","Shape__Area":0.0003091034202402741,"Shape__Length":0.11498364738839571}},{"type":"Feature","geometry":{"type":"Polygon","coordinates":[[[-117.700663,49.096209],[-117.70014,49.096147],[-117.700177,49.096014],[-117.700746,49.096081],[-117.700663,49.096209]]]},"properties":{"OBJECTID":18608,"PMBCParcelGUID":"{53B33589-62BA-41FD-9345-820786DF21B7}","PMBC_PID":27297331,"PMBC_PIN":27297331,"PMBC_ParcelClass":"SUBDIVISION","PMBC_OwnerType":"PRIVATE","PMBC_LegalDescription":"LOT B DISTRICT LOT 2919 KOOTENAY DISTRICT PLAN NEP85316","Folio":"23201928500","FullAddress":"1358 MCQUARRIE ST , TRAIL","apt_no":null,"street_no":"1358","street_direction_prefix":null,"street_name":"MCQUARRIE ST","street_direction_suffix":null,"postal_code":null,"city":"TRAIL","province":"BC","AddressID":"D000003WY2","TempKey":"53B33589-62BA-41FD-9345-820786DF21B7D000003WY2","GlobalID":"{1B355264-A215-48F4-816D-692F9981951A}","Shape__Area":7.528502473650001e-8,"Shape__Length":0.0013910828882684018}},{"type":"Feature","geometry":{"type":"Polygon","coordinates":[[[-118.773572,49.008863],[-118.773576,49.009164],[-118.773465,49.009165],[-118.773459,49.008864],[-118.773572,49.008863]]]},"properties":{"OBJECTID":18609,"PMBCParcelGUID":"{EB89EA76-77AB-479C-A700-820C23E34559}","PMBC_PID":12847224,"PMBC_PIN":12847224,"PMBC_ParcelClass":"SUBDIVISION","PMBC_OwnerType":"PRIVATE","PMBC_LegalDescription":"LOT 8 BLOCK 39 DISTRICT LOT 501 SIMILKAMEEN DIVISION YALE DISTRICT PLAN 3","Folio":"54700093000","FullAddress":"522 NINTH AVE , MIDWAY","apt_no":null,"street_no":"522","street_direction_prefix":null,"street_name":"NINTH AVE","street_direction_suffix":null,"postal_code":null,"city":"MIDWAY","province":"BC","AddressID":"A00000HVFJ","TempKey":"EB89EA76-77AB-479C-A700-820C23E34559A00000HVFJ","GlobalID":"{2A38742E-5B14-4BB6-BCB4-BB31F217DE02}","Shape__Area":3.369634004000001e-8,"Shape__Length":0.0008264605999748979}},{"type":"Feature","geometry":{"type":"Polygon","coordinates":[[[-117.717062,49.114424],[-117.717151,49.114346],[-117.717507,49.11449],[-117.717454,49.114539],[-117.717399,49.114586],[-117.717062,49.114424]]]},"properties":{"OBJECTID":18610,"PMBCParcelGUID":"{BFD890CE-CE49-4D26-8D72-82126BDB2231}","PMBC_PID":15589218,"PMBC_PIN":15589218,"PMBC_ParcelClass":"SUBDIVISION","PMBC_OwnerType":"PRIVATE","PMBC_LegalDescription":"LOT 24 BLOCK 2 DISTRICT LOT 367 KOOTENAY DISTRICT PLAN 2011","Folio":"23202846100","FullAddress":"302 SYLVIA CRES , TRAIL","apt_no":null,"street_no":"302","street_direction_prefix":null,"street_name":"SYLVIA CRES","street_direction_suffix":null,"postal_code":"V1R 1A5","city":"TRAIL","province":"BC","AddressID":"A000018T2A","TempKey":"BFD890CE-CE49-4D26-8D72-82126BDB2231A000018T2A","GlobalID":"{CF12BCE6-FFF9-4FF1-AE32-AFA405949B45}","Shape__Area":4.5587370704000014e-8,"Shape__Length":0.0010227933233917256}},{"type":"Feature","geometry":{"type":"Polygon","coordinates":[[[-117.688354,49.099777],[-117.688185,49.100028],[-117.687994,49.099973],[-117.688163,49.099721],[-117.688354,49.099777]]]},"properties":{"OBJECTID":18611,"PMBCParcelGUID":"{424B62BC-821A-439A-A09D-8216BE3BE00D}","PMBC_PID":10410007,"PMBC_PIN":10410007,"PMBC_ParcelClass":"SUBDIVISION","PMBC_OwnerType":"PRIVATE","PMBC_LegalDescription":"LOT 17 BLOCK 13 DISTRICT LOT 4598 KOOTENAY DISTRICT PLAN 1684","Folio":"23203250000","FullAddress":"2250 EIGHTH AVE , TRAIL","apt_no":null,"street_no":"2250","street_direction_prefix":null,"street_name":"EIGHTH AVE","street_direction_suffix":null,"postal_code":"V1R 3E3","city":"TRAIL","province":"BC","AddressID":"A000018TCG","TempKey":"424B62BC-821A-439A-A09D-8216BE3BE00DA000018TCG","GlobalID":"{83C1273F-2889-4366-B526-9F83BCDC59EB}","Shape__Area":5.7408255229000015e-8,"Shape__Length":0.0010040973088053945}},{"type":"Feature","geometry":{"type":"Polygon","coordinates":[[[-117.710829,49.096531],[-117.711161,49.096365],[-117.711225,49.096419],[-117.710892,49.096586],[-117.710829,49.096531]]]},"properties":{"OBJECTID":18612,"PMBCParcelGUID":"{C0F1A9B4-69CF-424A-8FD9-8217CC3F43EB}","PMBC_PID":16271254,"PMBC_PIN":16271254,"PMBC_ParcelClass":"SUBDIVISION","PMBC_OwnerType":"PRIVATE","PMBC_LegalDescription":"LOT 15 DISTRICT LOT 230 KOOTENAY DISTRICT PLAN 465C","Folio":"23200288000","FullAddress":"1139 PINE AVE , TRAIL","apt_no":null,"street_no":"1139","street_direction_prefix":null,"street_name":"PINE AVE","street_direction_suffix":null,"postal_code":"V1R 4E2","city":"TRAIL","province":"BC","AddressID":"A000018R8N","TempKey":"C0F1A9B4-69CF-424A-8FD9-8217CC3F43EBA000018R8N","GlobalID":"{2BB17A49-6674-4BF4-9144-3A8DAC3CDFB6}","Shape__Area":2.8619880035000006e-8,"Shape__Length":0.0009108049779423022}},{"type":"Feature","geometry":{"type":"Polygon","coordinates":[[[-117.710829,49.096531],[-117.711161,49.096365],[-117.711225,49.096419],[-117.710892,49.096586],[-117.710829,49.096531]]]},"properties":{"OBJECTID":18613,"PMBCParcelGUID":"{C0F1A9B4-69CF-424A-8FD9-8217CC3F43EB}","PMBC_PID":16271254,"PMBC_PIN":16271254,"PMBC_ParcelClass":"SUBDIVISION","PMBC_OwnerType":"PRIVATE","PMBC_LegalDescription":"LOT 15 DISTRICT LOT 230 KOOTENAY DISTRICT PLAN 465C","Folio":"23200288000","FullAddress":"1159 PINE AVE , TRAIL","apt_no":null,"street_no":"1159","street_direction_prefix":null,"street_name":"PINE AVE","street_direction_suffix":null,"postal_code":"V1R 4E2","city":"TRAIL","province":"BC","AddressID":"A000018R8P","TempKey":"C0F1A9B4-69CF-424A-8FD9-8217CC3F43EBA000018R8P","GlobalID":"{D3CE1173-1933-4F20-A1B5-A3B6F155C7D7}","Shape__Area":2.8619880035000006e-8,"Shape__Length":0.0009108049779423022}},{"type":"Feature","geometry":{"type":"Polygon","coordinates":[[[-118.447359,49.029151],[-118.447215,49.028918],[-118.447342,49.028884],[-118.447486,49.029118],[-118.447359,49.029151]]]},"properties":{"OBJECTID":18614,"PMBCParcelGUID":"{48DF0222-22CB-4FA3-A9CB-8219F6D14AF0}","PMBC_PID":12761516,"PMBC_PIN":12761516,"PMBC_ParcelClass":"SUBDIVISION","PMBC_OwnerType":"PRIVATE","PMBC_LegalDescription":"LOT 24 BLOCK 38 DISTRICT LOT 108 SIMILKAMEEN DIVISION YALE DISTRICT PLAN 72 EXCEPT THE NORTHERLY 15 FEET MEASURED ALONG THE EASTERLY AND WESTERLY BOUNDARIES OF SAID LOT","Folio":"21000352000","FullAddress":"1060 73RD AVE , GRAND FORKS","apt_no":null,"street_no":"1060","street_direction_prefix":null,"street_name":"73RD AVE","street_direction_suffix":null,"postal_code":"V0H 1H0","city":"GRAND FORKS","province":"BC","AddressID":"A00000H72Z","TempKey":"48DF0222-22CB-4FA3-A9CB-8219F6D14AF0A00000H72Z","GlobalID":"{D324F4B7-4E84-4674-81E8-775332BA5A7D}","Shape__Area":3.466281554050001e-8,"Shape__Length":0.0008126615115981704}},{"type":"Feature","geometry":{"type":"Polygon","coordinates":[[[-119.090557,49.435755],[-119.090592,49.43569],[-119.090988,49.435782],[-119.090953,49.435847],[-119.090557,49.435755]]]},"properties":{"OBJECTID":18615,"PMBCParcelGUID":"{61D8331E-C77B-4AC1-A69E-821D2E7FE5F1}","PMBC_PID":12650579,"PMBC_PIN":12650579,"PMBC_ParcelClass":"SUBDIVISION","PMBC_OwnerType":"PRIVATE","PMBC_LegalDescription":"LOT 11 BLOCK 1 DISTRICT LOT 1545 SIMILKAMEEN DIVISION YALE DISTRICT PLAN 94","Folio":"71300045150","FullAddress":"","apt_no":null,"street_no":null,"street_direction_prefix":null,"street_name":null,"street_direction_suffix":null,"postal_code":null,"city":null,"province":"BC","AddressID":"D00000GY5H","TempKey":"61D8331E-C77B-4AC1-A69E-821D2E7FE5F1D00000GY5H","GlobalID":"{4B58737D-A96A-4C7D-B2FB-8D6E5D0EC87E}","Shape__Area":2.8801257998000007e-8,"Shape__Length":0.0009604367081323213}},{"type":"Feature","geometry":{"type":"Polygon","coordinates":[[[-117.792391,49.081831],[-117.791906,49.081807],[-117.791928,49.081764],[-117.792395,49.081787],[-117.792391,49.081831]]]},"properties":{"OBJECTID":18616,"PMBCParcelGUID":"{DD01D5BC-4B83-4129-8506-821F1D66FC1C}","PMBC_PID":13291394,"PMBC_PIN":13291394,"PMBC_ParcelClass":"SUBDIVISION","PMBC_OwnerType":"LOCAL GOVERNMENT","PMBC_LegalDescription":"LOT 12 SECTION 35 TOWNSHIP 9A KOOTENAY DISTRICT PLAN 8161","Folio":"22901803000","FullAddress":", ROSSLAND","apt_no":null,"street_no":null,"street_direction_prefix":null,"street_name":null,"street_direction_suffix":null,"postal_code":null,"city":"ROSSLAND","province":"BC","AddressID":"D00000FM8D","TempKey":"DD01D5BC-4B83-4129-8506-821F1D66FC1CD00000FM8D","GlobalID":"{CC290B78-718C-4AF3-96C5-93D5942812CD}","Shape__Area":2.0860791348000006e-8,"Shape__Length":0.0010445976059831746}},{"type":"Feature","geometry":{"type":"Polygon","coordinates":[[[-119.173944,49.014641],[-119.17235,49.014644],[-119.171997,49.014644],[-119.168916,49.014648],[-119.168693,49.014648],[-119.168501,49.014648],[-119.168457,49.007507],[-119.168541,49.000103],[-119.173942,49.000168],[-119.173943,49.008984],[-119.173943,49.009461],[-119.173944,49.014641]]]},"properties":{"OBJECTID":18617,"PMBCParcelGUID":"{924B088D-B14B-4A08-8FE0-821F6CD2E65D}","PMBC_PID":14046423,"PMBC_PIN":14046423,"PMBC_ParcelClass":"SUBDIVISION","PMBC_OwnerType":"PRIVATE","PMBC_LegalDescription":"THE WEST 1/2 OF THE WEST 1/2 OF SECTION 2 TOWNSHIP 66 SIMILKAMEEN DIVISION YALE DISTRICT","Folio":"71307954000","FullAddress":"MOLSON RD ","apt_no":null,"street_no":null,"street_direction_prefix":null,"street_name":"MOLSON RD","street_direction_suffix":null,"postal_code":null,"city":null,"province":"BC","AddressID":"A00000JAT2","TempKey":"924B088D-B14B-4A08-8FE0-821F6CD2E65DA00000JAT2","GlobalID":"{2DAF34D3-98BD-457B-B101-08E8E2332358}","Shape__Area":0.00007913447167006652,"Shape__Length":0.039864058571558676}},{"type":"Feature","geometry":{"type":"Polygon","coordinates":[[[-117.800206,49.079866],[-117.800331,49.079872],[-117.8003,49.080146],[-117.800176,49.08014],[-117.800206,49.079866]]]},"properties":{"OBJECTID":18618,"PMBCParcelGUID":"{A4487423-2817-4175-878A-8220326F8E36}","PMBC_PID":8098093,"PMBC_PIN":8098093,"PMBC_ParcelClass":"SUBDIVISION","PMBC_OwnerType":"PRIVATE","PMBC_LegalDescription":"LOT 14 BLOCK 15 DISTRICT LOT 535 KOOTENAY DISTRICT PLAN 616","Folio":"22900616000","FullAddress":"2253 WASHINGTON ST , ROSSLAND","apt_no":null,"street_no":"2253","street_direction_prefix":null,"street_name":"WASHINGTON ST","street_direction_suffix":null,"postal_code":null,"city":"ROSSLAND","province":"BC","AddressID":"A000018PLL","TempKey":"A4487423-2817-4175-878A-8220326F8E36A000018PLL","GlobalID":"{FACE6334-9288-444B-94F7-EE5FB27AF533}","Shape__Area":3.430228038650001e-8,"Shape__Length":0.0008001596520883076}},{"type":"Feature","geometry":{"type":"Polygon","coordinates":[[[-118.597477,49.099011],[-118.597362,49.099346],[-118.59724,49.099328],[-118.597354,49.098994],[-118.597477,49.099011]]]},"properties":{"OBJECTID":18619,"PMBCParcelGUID":"{F5CE23CA-B367-44CB-9613-8221909AB6D0}","PMBC_PID":12256404,"PMBC_PIN":12256404,"PMBC_ParcelClass":"SUBDIVISION","PMBC_OwnerType":"PRIVATE","PMBC_LegalDescription":"LOT 14 BLOCK 18 DISTRICT LOT 894 SIMILKAMEEN DIVISION YALE DISTRICT PLAN 60","Folio":"71203498065","FullAddress":"","apt_no":null,"street_no":null,"street_direction_prefix":null,"street_name":null,"street_direction_suffix":null,"postal_code":null,"city":null,"province":"BC","AddressID":"D00000F5HB","TempKey":"F5CE23CA-B367-44CB-9613-8221909AB6D0D00000F5HB","GlobalID":"{726E92FA-C523-40EE-88F0-5D60D9053F8C}","Shape__Area":4.284565907950001e-8,"Shape__Length":0.0009530014603629023}},{"type":"Feature","geometry":{"type":"Polygon","coordinates":[[[-117.814276,49.074016],[-117.813776,49.074015],[-117.813776,49.073741],[-117.814277,49.073741],[-117.814276,49.074016]]]},"properties":{"OBJECTID":18620,"PMBCParcelGUID":"{539A5677-6649-430C-9CD0-82224D792209}","PMBC_PID":13891791,"PMBC_PIN":13891791,"PMBC_ParcelClass":"SUBDIVISION","PMBC_OwnerType":"PRIVATE","PMBC_LegalDescription":"PARCEL A (SEE XC11205) BLOCK 8 SECTION 34 TOWNSHIP 9A KOOTENAY DISTRICT PLAN 707","Folio":"22901290002","FullAddress":"1105 DUNN CRES , ROSSLAND","apt_no":null,"street_no":"1105","street_direction_prefix":null,"street_name":"DUNN CRES","street_direction_suffix":null,"postal_code":null,"city":"ROSSLAND","province":"BC","AddressID":"A000018Q7H","TempKey":"539A5677-6649-430C-9CD0-82224D792209A000018Q7H","GlobalID":"{67D03870-03D5-409E-9893-F9E2998806A2}","Shape__Area":1.3712945877350004e-7,"Shape__Length":0.0015486873466992817}},{"type":"Feature","geometry":{"type":"Polygon","coordinates":[[[-119.090486,49.435884],[-119.090522,49.435819],[-119.090918,49.435911],[-119.090882,49.435976],[-119.090486,49.435884]]]},"properties":{"OBJECTID":18621,"PMBCParcelGUID":"{0239B50D-DF92-40A5-A4C3-8225F6A1F69C}","PMBC_PID":12650595,"PMBC_PIN":12650595,"PMBC_ParcelClass":"SUBDIVISION","PMBC_OwnerType":"CROWN PROVINCIAL","PMBC_LegalDescription":"LOT 13 BLOCK 1 DISTRICT LOT 1545 SIMILKAMEEN DIVISION YALE DISTRICT PLAN 94","Folio":"71300045170","FullAddress":"","apt_no":null,"street_no":null,"street_direction_prefix":null,"street_name":null,"street_direction_suffix":null,"postal_code":null,"city":null,"province":"BC","AddressID":"D00000GY5J","TempKey":"0239B50D-DF92-40A5-A4C3-8225F6A1F69CD00000GY5J","GlobalID":"{CE94CC9B-DC3E-41E2-BD28-9F26EF56E8B6}","Shape__Area":2.883638049500001e-8,"Shape__Length":0.0009606164691066573}},{"type":"Feature","geometry":{"type":"Polygon","coordinates":[[[-117.504328,49.15055],[-117.504841,49.150552],[-117.504895,49.150553],[-117.505565,49.150556],[-117.506162,49.15056],[-117.509659,49.150581],[-117.509751,49.150868],[-117.509776,49.15094],[-117.509778,49.152014],[-117.502795,49.151972],[-117.502788,49.150541],[-117.504328,49.15055]]]},"properties":{"OBJECTID":18622,"PMBCParcelGUID":"{AB72CB9C-46BE-43AB-B589-822810AD8A53}","PMBC_PID":29607019,"PMBC_PIN":29607019,"PMBC_ParcelClass":"SUBDIVISION","PMBC_OwnerType":"PRIVATE","PMBC_LegalDescription":"LOT B DISTRICT LOT 1236 KOOTENAY DISTRICT PLAN EPP51259","Folio":"71105536014","FullAddress":"2976 SPRUCE RD , FRUITVALE","apt_no":null,"street_no":"2976","street_direction_prefix":null,"street_name":"SPRUCE RD","street_direction_suffix":null,"postal_code":null,"city":"FRUITVALE","province":"BC","AddressID":"D00000CH82","TempKey":"AB72CB9C-46BE-43AB-B589-822810AD8A53D00000CH82","GlobalID":"{279AA743-3065-4102-B7BC-BF6BBE128624}","Shape__Area":0.000009981408083490002,"Shape__Length":0.016736108488644832}},{"type":"Feature","geometry":{"type":"Polygon","coordinates":[[[-117.801788,49.073508],[-117.801913,49.073514],[-117.801883,49.073787],[-117.801758,49.073781],[-117.801788,49.073508]]]},"properties":{"OBJECTID":18623,"PMBCParcelGUID":"{C10D58DB-E647-4FAD-85EA-822C6C59B19E}","PMBC_PID":16268423,"PMBC_PIN":16268423,"PMBC_ParcelClass":"SUBDIVISION","PMBC_OwnerType":"PRIVATE","PMBC_LegalDescription":"LOT 21 BLOCK 33 DISTRICT LOT 535 KOOTENAY DISTRICT PLAN 579A","Folio":"22900289000","FullAddress":"1530 SPOKANE ST , ROSSLAND","apt_no":null,"street_no":"1530","street_direction_prefix":null,"street_name":"SPOKANE ST","street_direction_suffix":null,"postal_code":"V0G 1Y0","city":"ROSSLAND","province":"BC","AddressID":"A000018P57","TempKey":"C10D58DB-E647-4FAD-85EA-822C6C59B19EA000018P57","GlobalID":"{82B1CBAA-C539-4B5D-AFF7-0E5B4C4EECBB}","Shape__Area":3.4217891973500006e-8,"Shape__Length":0.0007987577586668432}},{"type":"Feature","geometry":{"type":"Polygon","coordinates":[[[-117.741491,49.137387],[-117.741572,49.13735],[-117.741652,49.137312],[-117.741648,49.139194],[-117.741643,49.140327],[-117.741451,49.140326],[-117.741491,49.137387]]]},"properties":{"OBJECTID":18624,"PMBCParcelGUID":"{BA5B72D5-1194-407D-AC2C-823088D83FCC}","PMBC_PID":15279855,"PMBC_PIN":15279855,"PMBC_ParcelClass":"SUBDIVISION","PMBC_OwnerType":"PRIVATE","PMBC_LegalDescription":"LOT 1 DISTRICT LOT 8086 KOOTENAY DISTRICT PLAN 2432","Folio":"71109191005","FullAddress":"HANNA DR , OASIS","apt_no":null,"street_no":null,"street_direction_prefix":null,"street_name":"HANNA DR","street_direction_suffix":null,"postal_code":"V1R 4V7","city":"OASIS","province":"BC","AddressID":"D00000ASN1","TempKey":"BA5B72D5-1194-407D-AC2C-823088D83FCCD00000ASN1","GlobalID":"{5EE880D7-BC37-42E9-9888-C7B0DEAAE282}","Shape__Area":5.269861856775001e-7,"Shape__Length":0.006324710910646902}},{"type":"Feature","geometry":{"type":"Polygon","coordinates":[[[-117.733949,49.097979],[-117.733848,49.097857],[-117.733737,49.097726],[-117.734142,49.097514],[-117.734583,49.09748],[-117.734669,49.097578],[-117.734722,49.09764],[-117.734776,49.097702],[-117.734802,49.097732],[-117.734829,49.097765],[-117.734882,49.097827],[-117.734936,49.097888],[-117.734989,49.09795],[-117.735041,49.098014],[-117.735095,49.098075],[-117.735148,49.098137],[-117.735176,49.09817],[-117.734281,49.098373],[-117.734229,49.098311],[-117.73405,49.098098],[-117.734001,49.09804],[-117.733981,49.098015],[-117.733949,49.097979]]]},"properties":{"OBJECTID":18625,"PMBCParcelGUID":"{E0345F11-7E7C-49E9-AA53-823621A07397}","PMBC_PID":15655814,"PMBC_PIN":15655814,"PMBC_ParcelClass":"SUBDIVISION","PMBC_OwnerType":"PRIVATE","PMBC_LegalDescription":"LOT 1 DISTRICT LOT 4597 KOOTENAY DISTRICT PLAN 1804, EXCEPT PART INCLUDED IN PLAN 1918","Folio":"58800443000","FullAddress":"WELLINGTON AVE , WARFIELD","apt_no":null,"street_no":null,"street_direction_prefix":null,"street_name":"WELLINGTON AVE","street_direction_suffix":null,"postal_code":null,"city":"WARFIELD","province":"BC","AddressID":"A0000192V3","TempKey":"E0345F11-7E7C-49E9-AA53-823621A07397A0000192V3","GlobalID":"{1CA67B5F-D33A-40AB-95E8-AD77E5EC944F}","Shape__Area":7.498317720595002e-7,"Shape__Length":0.0035713458450195067}},{"type":"Feature","geometry":{"type":"Polygon","coordinates":[[[-118.915978,49.050572],[-118.915925,49.053134],[-118.914091,49.052608],[-118.914147,49.049973],[-118.914852,49.050206],[-118.915834,49.050525],[-118.915978,49.050572]]]},"properties":{"OBJECTID":18626,"PMBCParcelGUID":"{4A1E1BEC-5B9A-44F7-8FCC-823B3A7DA996}","PMBC_PID":12477141,"PMBC_PIN":12477141,"PMBC_ParcelClass":"SUBDIVISION","PMBC_OwnerType":"PRIVATE","PMBC_LegalDescription":"LOT 35 DISTRICT LOT 513 SIMILKAMEEN DIVISION YALE DISTRICT PLAN 378","Folio":"71303076000","FullAddress":"","apt_no":null,"street_no":null,"street_direction_prefix":null,"street_name":null,"street_direction_suffix":null,"postal_code":null,"city":null,"province":"BC","AddressID":"D00000G1S7","TempKey":"4A1E1BEC-5B9A-44F7-8FCC-823B3A7DA996D00000G1S7","GlobalID":"{B780FA0C-4C6B-4D26-990B-C19884EEC1BA}","Shape__Area":0.000004790752160064502,"Shape__Length":0.00903353238384314}},{"type":"Feature","geometry":{"type":"Polygon","coordinates":[[[-118.77908,49.006226],[-118.779085,49.006527],[-118.778835,49.006529],[-118.77883,49.006228],[-118.77908,49.006226]]]},"properties":{"OBJECTID":18627,"PMBCParcelGUID":"{A2EE0E94-F3CC-42ED-B83E-823C1294A489}","PMBC_PID":2165066,"PMBC_PIN":2165066,"PMBC_ParcelClass":"SUBDIVISION","PMBC_OwnerType":"PRIVATE","PMBC_LegalDescription":"LOT 5 DISTRICT LOT 501 SIMILKAMEEN DIVISION YALE DISTRICT PLAN 21985","Folio":"54700022020","FullAddress":"694 SIXTH AVE , MIDWAY","apt_no":null,"street_no":"694","street_direction_prefix":null,"street_name":"SIXTH AVE","street_direction_suffix":null,"postal_code":null,"city":"MIDWAY","province":"BC","AddressID":"A00000HVC0","TempKey":"A2EE0E94-F3CC-42ED-B83E-823C1294A489A00000HVC0","GlobalID":"{F31E68BD-F096-4936-8BF1-BADB45B6D909}","Shape__Area":7.524722031500001e-8,"Shape__Length":0.0011020751518376428}},{"type":"Feature","geometry":{"type":"Polygon","coordinates":[[[-119.118738,49.021843],[-119.129754,49.021766],[-119.129781,49.024975],[-119.12978,49.025643],[-119.12978,49.025823],[-119.129766,49.028916],[-119.129774,49.029122],[-119.121942,49.029132],[-119.121784,49.029132],[-119.118743,49.029136],[-119.118745,49.028422],[-119.118754,49.025592],[-119.118756,49.024986],[-119.118739,49.02196],[-119.118738,49.021843]]]},"properties":{"OBJECTID":18628,"PMBCParcelGUID":"{53680A00-679C-4262-A765-823F152800D4}","PMBC_PID":14992108,"PMBC_PIN":14992108,"PMBC_ParcelClass":"SUBDIVISION","PMBC_OwnerType":"PRIVATE","PMBC_LegalDescription":"THE NORTH WEST 1/4 OF SECTION 7 TOWNSHIP 67 SIMILKAMEEN DIVISION YALE DISTRICT","Folio":"71308007000","FullAddress":"MCCOY CREEK RD ","apt_no":null,"street_no":null,"street_direction_prefix":null,"street_name":"MCCOY CREEK RD","street_direction_suffix":null,"postal_code":null,"city":null,"province":"BC","AddressID":"A00000JAUQ","TempKey":"53680A00-679C-4262-A765-823F152800D4A00000JAUQ","GlobalID":"{C3BAB775-C021-4F04-AC4D-EC795C64DDA2}","Shape__Area":0.00008073472383384902,"Shape__Length":0.03669542165213864}},{"type":"Feature","geometry":{"type":"Polygon","coordinates":[[[-117.70279,49.099725],[-117.702718,49.099648],[-117.703076,49.099506],[-117.703147,49.099583],[-117.70279,49.099725]]]},"properties":{"OBJECTID":18629,"PMBCParcelGUID":"{68045F80-B520-4E7A-844E-82423FD3AED4}","PMBC_PID":14372967,"PMBC_PIN":14372967,"PMBC_ParcelClass":"SUBDIVISION","PMBC_OwnerType":"PRIVATE","PMBC_LegalDescription":"LOT 2 BLOCK 18 DISTRICT LOT 2919 KOOTENAY DISTRICT PLAN 1262","Folio":"23202027000","FullAddress":"1407 SECOND AVE , TRAIL","apt_no":null,"street_no":"1407","street_direction_prefix":null,"street_name":"SECOND AVE","street_direction_suffix":null,"postal_code":"V1R 1M1","city":"TRAIL","province":"BC","AddressID":"A000018SHN","TempKey":"68045F80-B520-4E7A-844E-82423FD3AED4A000018SHN","GlobalID":"{5E1100D6-90E7-486A-8C6E-781B36C25520}","Shape__Area":3.759228940450001e-8,"Shape__Length":0.0009790299595821405}},{"type":"Feature","geometry":{"type":"Polygon","coordinates":[[[-118.483258,49.040757],[-118.483972,49.04075],[-118.486292,49.040722],[-118.486272,49.041629],[-118.483251,49.041662],[-118.483258,49.040757]]]},"properties":{"OBJECTID":18630,"PMBCParcelGUID":"{5D4D1AC7-B9C3-4683-BA76-8242A09D7F06}","PMBC_PID":9824570,"PMBC_PIN":9824570,"PMBC_ParcelClass":"SUBDIVISION","PMBC_OwnerType":"PRIVATE","PMBC_LegalDescription":"LOT 19 DISTRICT LOT 334 SIMILKAMEEN DIVISION YALE DISTRICT PLAN 8423","Folio":"71203852000","FullAddress":"8330 OUTLOOK RD , GRAND FORKS","apt_no":null,"street_no":"8330","street_direction_prefix":null,"street_name":"OUTLOOK RD","street_direction_suffix":null,"postal_code":"V0H 1H2","city":"GRAND FORKS","province":"BC","AddressID":"A00000J4F6","TempKey":"5D4D1AC7-B9C3-4683-BA76-8242A09D7F06A00000J4F6","GlobalID":"{06E71F00-6490-4331-B9ED-D44AA161C2DC}","Shape__Area":0.0000027414939961595007,"Shape__Length":0.007867836753782933}},{"type":"Feature","geometry":{"type":"Polygon","coordinates":[[[-118.247364,49.120792],[-118.247388,49.120797],[-118.246763,49.1213],[-118.246605,49.12119],[-118.247087,49.120693],[-118.247138,49.120724],[-118.247175,49.120739],[-118.247243,49.120763],[-118.247324,49.120785],[-118.247364,49.120792]]]},"properties":{"OBJECTID":18631,"PMBCParcelGUID":"{7BC092C6-4B4B-48CC-A180-82458E9A40E5}","PMBC_PID":8239096,"PMBC_PIN":8239096,"PMBC_ParcelClass":"SUBDIVISION","PMBC_OwnerType":"PRIVATE","PMBC_LegalDescription":"LOT A DISTRICT LOT 2104 SIMILKAMEEN DIVISION YALE DISTRICT PLAN 18630","Folio":"71205060000","FullAddress":"3389 WHITE RD , CHRISTINA LAKE","apt_no":null,"street_no":"3389","street_direction_prefix":null,"street_name":"WHITE RD","street_direction_suffix":null,"postal_code":"V0H 1E1","city":"CHRISTINA LAKE","province":"BC","AddressID":"A00000J5W9","TempKey":"7BC092C6-4B4B-48CC-A180-82458E9A40E5A00000J5W9","GlobalID":"{D39334E6-DCC4-4400-9F18-ED501129F598}","Shape__Area":1.7052069060050005e-7,"Shape__Length":0.002007693582062047}},{"type":"Feature","geometry":{"type":"Polygon","coordinates":[[[-117.694923,49.095834],[-117.69482,49.095846],[-117.694748,49.095576],[-117.694851,49.095564],[-117.694923,49.095834]]]},"properties":{"OBJECTID":18632,"PMBCParcelGUID":"{71A746B5-048D-4DF2-BF31-824912D2FBC7}","PMBC_PID":9189858,"PMBC_PIN":9189858,"PMBC_ParcelClass":"SUBDIVISION","PMBC_OwnerType":"PRIVATE","PMBC_LegalDescription":"LOT 13 BLOCK 10 DISTRICT LOT 4598 KOOTENAY DISTRICT PLAN 1310","Folio":"23202557000","FullAddress":"1995 COLUMBIA AVE , TRAIL","apt_no":null,"street_no":"1995","street_direction_prefix":null,"street_name":"COLUMBIA AVE","street_direction_suffix":null,"postal_code":"V1R 1K5","city":"TRAIL","province":"BC","AddressID":"A000018SVS","TempKey":"71A746B5-048D-4DF2-BF31-824912D2FBC7A000018SVS","GlobalID":"{141D54EE-6022-46D4-A3CC-C7F2EB4C0775}","Shape__Area":2.8616742553500007e-8,"Shape__Length":0.0007661277111670983}},{"type":"Feature","geometry":{"type":"Polygon","coordinates":[[[-117.72628,49.098007],[-117.726368,49.097741],[-117.726507,49.09774],[-117.726418,49.098013],[-117.72628,49.098007]]]},"properties":{"OBJECTID":18633,"PMBCParcelGUID":"{E8E94625-0AC2-435A-924F-82491C9484E7}","PMBC_PID":11252545,"PMBC_PIN":11252545,"PMBC_ParcelClass":"SUBDIVISION","PMBC_OwnerType":"PRIVATE","PMBC_LegalDescription":"LOT 6 BLOCK 17 DISTRICT LOT 1073 KOOTENAY DISTRICT PLAN 1645","Folio":"23201276000","FullAddress":"280 COLEMAN ST , TRAIL","apt_no":null,"street_no":"280","street_direction_prefix":null,"street_name":"COLEMAN ST","street_direction_suffix":null,"postal_code":"V1R 3L9","city":"TRAIL","province":"BC","AddressID":"A000018RXE","TempKey":"E8E94625-0AC2-435A-924F-82491C9484E7A000018RXE","GlobalID":"{39271C3C-568B-44D3-86E8-7A3D2F9D06F2}","Shape__Area":3.745806375450001e-8,"Shape__Length":0.0008439397023330764}},{"type":"Feature","geometry":{"type":"Polygon","coordinates":[[[-119.100044,49.473216],[-119.099119,49.474521],[-119.099047,49.474493],[-119.098971,49.47447],[-119.098891,49.474453],[-119.098809,49.474441],[-119.099355,49.473033],[-119.099796,49.473132],[-119.100044,49.473216]]]},"properties":{"OBJECTID":18634,"PMBCParcelGUID":"{9360459C-D6A2-4CAF-A5AB-824A968CA586}","PMBC_PID":3259251,"PMBC_PIN":3259251,"PMBC_ParcelClass":"SUBDIVISION","PMBC_OwnerType":"PRIVATE","PMBC_LegalDescription":"LOT 36 DISTRICT LOT 3638 SIMILKAMEEN DIVISION YALE DISTRICT PLAN 33084","Folio":"71307196360","FullAddress":"28 PRINGLE RD ","apt_no":null,"street_no":"28","street_direction_prefix":null,"street_name":"PRINGLE RD","street_direction_suffix":null,"postal_code":null,"city":null,"province":"BC","AddressID":"A00000J8SG","TempKey":"9360459C-D6A2-4CAF-A5AB-824A968CA586A00000J8SG","GlobalID":"{5C15FE01-18F2-404D-BA95-01B7A8422FCA}","Shape__Area":7.781813091640002e-7,"Shape__Length":0.00414520718213482}},{"type":"Feature","geometry":{"type":"Polygon","coordinates":[[[-117.616128,49.082113],[-117.616161,49.08204],[-117.616197,49.082043],[-117.616233,49.082042],[-117.616269,49.082038],[-117.616303,49.082029],[-117.616333,49.082016],[-117.61636,49.082],[-117.616779,49.082254],[-117.615809,49.082874],[-117.616128,49.082113]]]},"properties":{"OBJECTID":18635,"PMBCParcelGUID":"{248080AD-D5BF-4E38-BBF5-82540C45243C}","PMBC_PID":14313448,"PMBC_PIN":14313448,"PMBC_ParcelClass":"SUBDIVISION","PMBC_OwnerType":"PRIVATE","PMBC_LegalDescription":"LOT 7 TOWNSHIP 7A KOOTENAY DISTRICT PLAN 5971","Folio":"23204615080","FullAddress":"1626 GREEN GABLES RD , TRAIL","apt_no":null,"street_no":"1626","street_direction_prefix":null,"street_name":"GREEN GABLES RD","street_direction_suffix":null,"postal_code":"V1R 4W8","city":"TRAIL","province":"BC","AddressID":"A000018UJW","TempKey":"248080AD-D5BF-4E38-BBF5-82540C45243CA000018UJW","GlobalID":"{84325DBD-B39D-4DD6-8B4B-709C7048339A}","Shape__Area":3.275490535655001e-7,"Shape__Length":0.002754550654613248}},{"type":"Feature","geometry":{"type":"Polygon","coordinates":[[[-118.530558,49.114929],[-118.530557,49.115258],[-118.530432,49.11526],[-118.530433,49.114932],[-118.530558,49.114929]]]},"properties":{"OBJECTID":18636,"PMBCParcelGUID":"{B424306A-7105-4544-B097-8258571CE0E2}","PMBC_PID":14171848,"PMBC_PIN":14171848,"PMBC_ParcelClass":"SUBDIVISION","PMBC_OwnerType":"CROWN PROVINCIAL","PMBC_LegalDescription":"LOT 17 BLOCK 84 DISTRICT LOT 2005 SIMILKAMEEN DIVISION YALE DISTRICT PLAN 79","Folio":"71204852646","FullAddress":"","apt_no":null,"street_no":null,"street_direction_prefix":null,"street_name":null,"street_direction_suffix":null,"postal_code":null,"city":null,"province":"BC","AddressID":"D00000F50K","TempKey":"B424306A-7105-4544-B097-8258571CE0E2D00000F50K","GlobalID":"{F3A70792-D49F-4ABE-94B0-473306139E62}","Shape__Area":4.107732935050001e-8,"Shape__Length":0.0009069688919453859}},{"type":"Feature","geometry":{"type":"Polygon","coordinates":[[[-118.703139,49.041307],[-118.703258,49.04126],[-118.703525,49.041554],[-118.703405,49.0416],[-118.703139,49.041307]]]},"properties":{"OBJECTID":18637,"PMBCParcelGUID":"{6FB17412-9AE1-4337-AEE8-82596D54384D}","PMBC_PID":12860891,"PMBC_PIN":12860891,"PMBC_ParcelClass":"SUBDIVISION","PMBC_OwnerType":"CROWN PROVINCIAL","PMBC_LegalDescription":"LOT 23 BLOCK 8 DISTRICT LOT 429 SIMILKAMEEN DIVISION YALE DISTRICT PLAN 19","Folio":"71302796644","FullAddress":"","apt_no":null,"street_no":null,"street_direction_prefix":null,"street_name":null,"street_direction_suffix":null,"postal_code":null,"city":null,"province":"BC","AddressID":"D00000FLW5","TempKey":"6FB17412-9AE1-4337-AEE8-82596D54384DD00000FLW5","GlobalID":"{99B3DED3-1567-48F1-974E-797AC397F9AC}","Shape__Area":4.7454844551000015e-8,"Shape__Length":0.0010485890306720163}},{"type":"Feature","geometry":{"type":"Polygon","coordinates":[[[-118.464621,49.036063],[-118.46462,49.036426],[-118.464285,49.036423],[-118.464285,49.036241],[-118.464285,49.036062],[-118.464621,49.036063]]]},"properties":{"OBJECTID":18638,"PMBCParcelGUID":"{EE0B13C2-A9B1-419C-A502-825DDEFB8979}","PMBC_PID":3514439,"PMBC_PIN":3514439,"PMBC_ParcelClass":"SUBDIVISION","PMBC_OwnerType":"PRIVATE","PMBC_LegalDescription":"LOT 24 DISTRICT LOT 520 SIMILKAMEEN DIVISION YALE DISTRICT PLAN 32125","Folio":"21001087480","FullAddress":"1842 COALSHUTE RD , GRAND FORKS","apt_no":null,"street_no":"1842","street_direction_prefix":null,"street_name":"COALSHUTE RD","street_direction_suffix":null,"postal_code":null,"city":"GRAND FORKS","province":"BC","AddressID":"A00000H8DH","TempKey":"EE0B13C2-A9B1-419C-A502-825DDEFB8979A00000H8DH","GlobalID":"{2EB8C692-236A-4EA3-BB34-9D6B0B5A99BB}","Shape__Area":1.2129969607750004e-7,"Shape__Length":0.0013941527966344531}},{"type":"Feature","geometry":{"type":"Polygon","coordinates":[[[-117.79473,49.077034],[-117.794714,49.077176],[-117.794589,49.07717],[-117.794464,49.077164],[-117.79434,49.077159],[-117.794375,49.076843],[-117.7945,49.076848],[-117.794625,49.076854],[-117.79475,49.07686],[-117.79473,49.077034]]]},"properties":{"OBJECTID":18639,"PMBCParcelGUID":"{1DAF62B8-7935-47F0-9689-825E0B7E6768}","PMBC_PID":29324921,"PMBC_PIN":29324921,"PMBC_ParcelClass":"SUBDIVISION","PMBC_OwnerType":"PRIVATE","PMBC_LegalDescription":"LOT 1 SECTION 35 TOWNSHIP 9A KOOTENAY DISTRICT PLAN EPP36000","Folio":"22900767400","FullAddress":"2356A COLUMBIA AVE , ROSSLAND","apt_no":null,"street_no":"2356A","street_direction_prefix":null,"street_name":"COLUMBIA AVE","street_direction_suffix":null,"postal_code":null,"city":"ROSSLAND","province":"BC","AddressID":"D00000B8NB","TempKey":"1DAF62B8-7935-47F0-9689-825E0B7E6768D00000B8NB","GlobalID":"{E9FB5E7F-3B23-4D0A-8825-AA87E8F15507}","Shape__Area":1.1885972684300003e-7,"Shape__Length":0.0013853131707074425}},{"type":"Feature","geometry":{"type":"MultiPolygon","coordinates":[[[[-118.235852,49.11436],[-118.236066,49.114729],[-118.235415,49.114736],[-118.235164,49.11436],[-118.235768,49.11436],[-118.235852,49.11436]]],[[[-118.236495,49.114736],[-118.236292,49.114736],[-118.236074,49.11436],[-118.236231,49.11436],[-118.236314,49.114457],[-118.23633,49.114471],[-118.236342,49.114487],[-118.23635,49.114503],[-118.23636,49.114526],[-118.236373,49.114548],[-118.236376,49.114559],[-118.236436,49.11468],[-118.236456,49.114705],[-118.236495,49.114736]]]]},"properties":{"OBJECTID":18640,"PMBCParcelGUID":"{86B5ED17-951A-48CF-BEB6-82647607F7F4}","PMBC_PID":7979606,"PMBC_PIN":7979606,"PMBC_ParcelClass":"SUBDIVISION","PMBC_OwnerType":"PRIVATE","PMBC_LegalDescription":"LOT 21 DISTRICT LOT 3063S SIMILKAMEEN DIVISION YALE DISTRICT PLAN 1919","Folio":"71207048000","FullAddress":"3241 EAST LAKE DR , CHRISTINA LAKE","apt_no":null,"street_no":"3241","street_direction_prefix":null,"street_name":"EAST LAKE DR","street_direction_suffix":null,"postal_code":"V0H 1E1","city":"CHRISTINA LAKE","province":"BC","AddressID":"A00000J628","TempKey":"86B5ED17-951A-48CF-BEB6-82647607F7F4A00000J628","GlobalID":"{89FDB517-B584-48C9-99F4-BECCDFD68A9B}","Shape__Area":3.187928702505001e-7,"Shape__Length":0.0034770655259911483}},{"type":"Feature","geometry":{"type":"Polygon","coordinates":[[[-117.664871,49.099879],[-117.664917,49.099635],[-117.665028,49.099642],[-117.66514,49.099644],[-117.665141,49.09989],[-117.665006,49.099888],[-117.664871,49.099879]]]},"properties":{"OBJECTID":18641,"PMBCParcelGUID":"{FB88F3AE-8256-4E30-B68E-8264AB779C21}","PMBC_PID":13712632,"PMBC_PIN":13712632,"PMBC_ParcelClass":"SUBDIVISION","PMBC_OwnerType":"PRIVATE","PMBC_LegalDescription":"LOT 1 BLOCK 2 DISTRICT LOT 4598 KOOTENAY DISTRICT PLAN 4687","Folio":"23203795000","FullAddress":"3526 CARNATION DR , TRAIL","apt_no":null,"street_no":"3526","street_direction_prefix":null,"street_name":"CARNATION DR","street_direction_suffix":null,"postal_code":"V1R 2W3","city":"TRAIL","province":"BC","AddressID":"A000018U3H","TempKey":"FB88F3AE-8256-4E30-B68E-8264AB779C21A000018U3H","GlobalID":"{CA1F7807-32C9-4EA1-8687-34C6A0CD63DF}","Shape__Area":6.081212582900002e-8,"Shape__Length":0.00098842315509918}},{"type":"Feature","geometry":{"type":"Polygon","coordinates":[[[-117.590044,49.081186],[-117.590308,49.081075],[-117.59397,49.084471],[-117.593671,49.084472],[-117.590044,49.081186]]]},"properties":{"OBJECTID":18642,"PMBCParcelGUID":"{BD45E86B-E130-44DE-BB7D-82662C8DF9FE}","PMBC_PID":15092895,"PMBC_PIN":15092895,"PMBC_ParcelClass":"SUBDIVISION","PMBC_OwnerType":"PRIVATE","PMBC_LegalDescription":"LOT 5 TOWNSHIP 7A KOOTENAY DISTRICT PLAN 2803","Folio":"54800342000","FullAddress":"840 12TH AVE , MONTROSE","apt_no":null,"street_no":"840","street_direction_prefix":null,"street_name":"12TH AVE","street_direction_suffix":null,"postal_code":null,"city":"MONTROSE","province":"BC","AddressID":"A000018ZCV","TempKey":"BD45E86B-E130-44DE-BB7D-82662C8DF9FEA000018ZCV","GlobalID":"{A0D08380-266A-4C39-B6EE-F670092CE105}","Shape__Area":0.0000011451524879045003,"Shape__Length":0.01047376231475476}},{"type":"Feature","geometry":{"type":"Polygon","coordinates":[[[-118.468927,49.050191],[-118.469187,49.050182],[-118.469233,49.050475],[-118.468396,49.050501],[-118.468335,49.050214],[-118.468927,49.050191]]]},"properties":{"OBJECTID":18643,"PMBCParcelGUID":"{F8E28C90-0660-4876-8961-826823A5D59E}","PMBC_PID":23508477,"PMBC_PIN":23508477,"PMBC_ParcelClass":"SUBDIVISION","PMBC_OwnerType":"PRIVATE","PMBC_LegalDescription":"LOT 15 DISTRICT LOT 1494 SIMILKAMEEN DIVISION YALE DISTRICT PLAN KAP57445","Folio":"71204833250","FullAddress":"PROSPECT DR , GRAND FORKS","apt_no":null,"street_no":null,"street_direction_prefix":null,"street_name":"PROSPECT DR","street_direction_suffix":null,"postal_code":null,"city":"GRAND FORKS","province":"BC","AddressID":"A00000J5N7","TempKey":"F8E28C90-0660-4876-8961-826823A5D59EA00000J5N7","GlobalID":"{184D8D00-2714-4C2C-8CC4-0763FE7192A0}","Shape__Area":2.4655965114200005e-7,"Shape__Length":0.0022791254077706097}},{"type":"Feature","geometry":{"type":"Polygon","coordinates":[[[-117.695727,49.096067],[-117.695624,49.096078],[-117.695552,49.095808],[-117.695655,49.095797],[-117.695727,49.096067]]]},"properties":{"OBJECTID":18644,"PMBCParcelGUID":"{41C0B6AD-CB53-4F2E-91A2-826AB393F79B}","PMBC_PID":15892158,"PMBC_PIN":15892158,"PMBC_ParcelClass":"SUBDIVISION","PMBC_OwnerType":"PRIVATE","PMBC_LegalDescription":"LOT 23 BLOCK 10 DISTRICT LOT 4598 KOOTENAY DISTRICT PLAN 1310","Folio":"23202564000","FullAddress":"1944 SECOND AVE , TRAIL","apt_no":null,"street_no":"1944","street_direction_prefix":null,"street_name":"SECOND AVE","street_direction_suffix":null,"postal_code":"V1R 1N2","city":"TRAIL","province":"BC","AddressID":"A000018SVY","TempKey":"41C0B6AD-CB53-4F2E-91A2-826AB393F79BA000018SVY","GlobalID":"{D0B2212E-D5EA-4725-88C2-CD66E67D43DA}","Shape__Area":2.8612002992000008e-8,"Shape__Length":0.000766069332939353}},{"type":"Feature","geometry":{"type":"Polygon","coordinates":[[[-119.079157,49.44415],[-119.079109,49.444124],[-119.079691,49.443682],[-119.080443,49.443656],[-119.080823,49.443651],[-119.081111,49.443648],[-119.080109,49.444542],[-119.07942,49.444518],[-119.079157,49.44415]]]},"properties":{"OBJECTID":18645,"PMBCParcelGUID":"{8270B185-730F-4E49-8963-826BAC28DCD6}","PMBC_PID":2021536,"PMBC_PIN":2021536,"PMBC_ParcelClass":"SUBDIVISION","PMBC_OwnerType":"PRIVATE","PMBC_LegalDescription":"LOT 1 DISTRICT LOT 1466 SIMILKAMEEN DIVISION YALE DISTRICT PLAN 10907","Folio":"71304783000","FullAddress":"5945 HIGHWAY 33 , BEAVERDELL","apt_no":null,"street_no":"5945","street_direction_prefix":null,"street_name":"HIGHWAY 33","street_direction_suffix":null,"postal_code":"V0H 1A0","city":"BEAVERDELL","province":"BC","AddressID":"A00000J876","TempKey":"8270B185-730F-4E49-8963-826BAC28DCD6A00000J876","GlobalID":"{8C66038A-C014-4A97-A21C-91176C2AB6BD}","Shape__Area":0.0000010925421974105003,"Shape__Length":0.004689626331245703}},{"type":"Feature","geometry":{"type":"MultiPolygon","coordinates":[[[[-118.867288,49.001159],[-118.867393,49.001168],[-118.867498,49.001178],[-118.867602,49.001189],[-118.867706,49.001201],[-118.86781,49.001215],[-118.867914,49.00123],[-118.868017,49.001245],[-118.868119,49.001263],[-118.868221,49.001281],[-118.868323,49.0013],[-118.868424,49.001321],[-118.868525,49.001343],[-118.868624,49.001365],[-118.868724,49.00139],[-118.868822,49.001415],[-118.86892,49.001441],[-118.869017,49.001468],[-118.869114,49.001497],[-118.869209,49.001527],[-118.869304,49.001557],[-118.869398,49.001589],[-118.869491,49.001622],[-118.869584,49.001656],[-118.869675,49.001691],[-118.869765,49.001727],[-118.869855,49.001764],[-118.869943,49.001802],[-118.87003,49.001841],[-118.870117,49.001881],[-118.870202,49.001922],[-118.870286,49.001964],[-118.870369,49.002007],[-118.870451,49.002051],[-118.870531,49.002096],[-118.870611,49.002141],[-118.870689,49.002188],[-118.870766,49.002236],[-118.870841,49.002284],[-118.870916,49.002333],[-118.870989,49.002383],[-118.87106,49.002434],[-118.87113,49.002486],[-118.871199,49.002538],[-118.871267,49.002592],[-118.871333,49.002646],[-118.871397,49.0027],[-118.87146,49.002756],[-118.871522,49.002812],[-118.871582,49.002869],[-118.871641,49.002927],[-118.871698,49.002985],[-118.871753,49.003044],[-118.871807,49.003103],[-118.871859,49.003163],[-118.87191,49.003224],[-118.871959,49.003285],[-118.872007,49.003347],[-118.872052,49.003409],[-118.872096,49.003472],[-118.872139,49.003535],[-118.87218,49.003599],[-118.872219,49.003663],[-118.872256,49.003728],[-118.873332,49.005991],[-118.87338,49.00606],[-118.873416,49.006111],[-118.873453,49.006161],[-118.873492,49.00621],[-118.873532,49.006259],[-118.873573,49.006307],[-118.873616,49.006355],[-118.87366,49.006403],[-118.873705,49.00645],[-118.873751,49.006496],[-118.873799,49.006542],[-118.873847,49.006588],[-118.873897,49.006633],[-118.873949,49.006677],[-118.874001,49.006721],[-118.870779,49.006705],[-118.870588,49.006705],[-118.866403,49.006675],[-118.866407,49.006987],[-118.85547,49.006922],[-118.85546,49.003281],[-118.84992,49.003289],[-118.849955,49.002853],[-118.85854,49.002794],[-118.858777,49.002775],[-118.858911,49.002763],[-118.859046,49.002749],[-118.85918,49.002733],[-118.859314,49.002716],[-118.859447,49.002697],[-118.85958,49.002677],[-118.859712,49.002655],[-118.859844,49.002632],[-118.859975,49.002607],[-118.860105,49.00258],[-118.860234,49.002553],[-118.860363,49.002523],[-118.860491,49.002492],[-118.860618,49.00246],[-118.860745,49.002426],[-118.86087,49.002391],[-118.860995,49.002355],[-118.861118,49.002317],[-118.861241,49.002277],[-118.861362,49.002236],[-118.861482,49.002194],[-118.861601,49.002151],[-118.861719,49.002106],[-118.861836,49.002059],[-118.861952,49.002012],[-118.862066,49.001963],[-118.862179,49.001913],[-118.862287,49.001866],[-118.862348,49.001841],[-118.862408,49.001817],[-118.86247,49.001794],[-118.862532,49.001772],[-118.862594,49.00175],[-118.862657,49.001729],[-118.862721,49.001709],[-118.862785,49.001689],[-118.86285,49.00167],[-118.862915,49.001652],[-118.86298,49.001635],[-118.863047,49.001619],[-118.863113,49.001603],[-118.86318,49.001588],[-118.863247,49.001574],[-118.863315,49.00156],[-118.863383,49.001547],[-118.863451,49.001535],[-118.86354,49.001716],[-118.863622,49.001686],[-118.863786,49.001631],[-118.863955,49.001583],[-118.864127,49.00154],[-118.864303,49.001504],[-118.864482,49.001475],[-118.864663,49.001453],[-118.864846,49.001437],[-118.865029,49.001428],[-118.865037,49.001262],[-118.865182,49.001239],[-118.865285,49.001223],[-118.865389,49.001209],[-118.865493,49.001196],[-118.865598,49.001184],[-118.865703,49.001173],[-118.865808,49.001164],[-118.865913,49.001156],[-118.866018,49.001149],[-118.866124,49.001143],[-118.86623,49.001138],[-118.866336,49.001135],[-118.866442,49.001133],[-118.866548,49.001132],[-118.866654,49.001132],[-118.866759,49.001133],[-118.866865,49.001136],[-118.866971,49.00114],[-118.867077,49.001145],[-118.867182,49.001152],[-118.867288,49.001159]]],[[[-118.865328,49.000803],[-118.865139,49.000812],[-118.865035,49.000818],[-118.864931,49.000826],[-118.864827,49.000835],[-118.864723,49.000845],[-118.864619,49.000856],[-118.864516,49.000869],[-118.864413,49.000882],[-118.864311,49.000897],[-118.864209,49.000913],[-118.864107,49.00093],[-118.864006,49.000948],[-118.863905,49.000968],[-118.863805,49.000988],[-118.863706,49.00101],[-118.863607,49.001033],[-118.863508,49.001057],[-118.86341,49.001082],[-118.863313,49.001108],[-118.863217,49.001136],[-118.863289,49.001276],[-118.863138,49.001312],[-118.863017,49.001342],[-118.862898,49.001374],[-118.862779,49.001407],[-118.862661,49.001441],[-118.862544,49.001477],[-118.862428,49.001514],[-118.862314,49.001552],[-118.8622,49.001592],[-118.862087,49.001633],[-118.861975,49.001675],[-118.861865,49.001719],[-118.861755,49.001764],[-118.861523,49.001853],[-118.861401,49.001897],[-118.861278,49.00194],[-118.861154,49.001981],[-118.861029,49.002021],[-118.860903,49.002059],[-118.860776,49.002096],[-118.860647,49.002131],[-118.860518,49.002165],[-118.860388,49.002198],[-118.860258,49.002229],[-118.860126,49.002258],[-118.859994,49.002286],[-118.859861,49.002312],[-118.859727,49.002337],[-118.859593,49.002361],[-118.859458,49.002382],[-118.859322,49.002403],[-118.859186,49.002421],[-118.85905,49.002439],[-118.858913,49.002454],[-118.858776,49.002468],[-118.858638,49.00248],[-118.849962,49.002598],[-118.849973,49.000332],[-118.851493,49.000345],[-118.877137,49.000391],[-118.877208,49.006715],[-118.874505,49.00672],[-118.874446,49.006678],[-118.874399,49.006643],[-118.874353,49.006607],[-118.874308,49.006571],[-118.874264,49.006534],[-118.874221,49.006497],[-118.874178,49.006459],[-118.874137,49.006421],[-118.874097,49.006383],[-118.874058,49.006344],[-118.87402,49.006304],[-118.873983,49.006265],[-118.873947,49.006224],[-118.873912,49.006184],[-118.873878,49.006143],[-118.873846,49.006101],[-118.873814,49.006059],[-118.873784,49.006017],[-118.873754,49.005975],[-118.873726,49.005932],[-118.873699,49.005889],[-118.873673,49.005845],[-118.873648,49.005802],[-118.873625,49.005758],[-118.872576,49.003542],[-118.87252,49.003453],[-118.872475,49.003386],[-118.872429,49.003319],[-118.87238,49.003253],[-118.87233,49.003187],[-118.872278,49.003122],[-118.872225,49.003057],[-118.872169,49.002994],[-118.872112,49.00293],[-118.872054,49.002868],[-118.871993,49.002806],[-118.871931,49.002745],[-118.871868,49.002684],[-118.871803,49.002624],[-118.871736,49.002565],[-118.871668,49.002507],[-118.871598,49.002449],[-118.871526,49.002393],[-118.871453,49.002337],[-118.871379,49.002282],[-118.871303,49.002228],[-118.871226,49.002174],[-118.871147,49.002122],[-118.871067,49.002071],[-118.870986,49.00202],[-118.870903,49.00197],[-118.870819,49.001922],[-118.870733,49.001874],[-118.870647,49.001827],[-118.870559,49.001781],[-118.87047,49.001737],[-118.87038,49.001693],[-118.870288,49.00165],[-118.870196,49.001609],[-118.870102,49.001568],[-118.870007,49.001529],[-118.869911,49.00149],[-118.869815,49.001453],[-118.869717,49.001417],[-118.869618,49.001382],[-118.869519,49.001348],[-118.869418,49.001315],[-118.869317,49.001284],[-118.869214,49.001253],[-118.869111,49.001224],[-118.869007,49.001196],[-118.868903,49.001169],[-118.868798,49.001143],[-118.868692,49.001119],[-118.868585,49.001095],[-118.868478,49.001073],[-118.86837,49.001053],[-118.868262,49.001033],[-118.868153,49.001015],[-118.868044,49.000998],[-118.867934,49.000982],[-118.867824,49.000967],[-118.867713,49.000954],[-118.867602,49.000942],[-118.867491,49.000931],[-118.86738,49.000922],[-118.867268,49.000914],[-118.867156,49.000907],[-118.867044,49.000901],[-118.866931,49.000897],[-118.866819,49.000894],[-118.866707,49.000892],[-118.866594,49.000892],[-118.866482,49.000892],[-118.866369,49.000894],[-118.866257,49.000898],[-118.866145,49.000903],[-118.866032,49.000909],[-118.86592,49.000916],[-118.865809,49.000924],[-118.865697,49.000934],[-118.865586,49.000945],[-118.865475,49.000958],[-118.865364,49.000972],[-118.865328,49.000803]]]]},"properties":{"OBJECTID":18646,"PMBCParcelGUID":"{B41EBB7B-AFA9-43CB-8EE8-8273412843B9}","PMBC_PID":4251628,"PMBC_PIN":4251628,"PMBC_ParcelClass":"SUBDIVISION","PMBC_OwnerType":"PRIVATE","PMBC_LegalDescription":"LOT 1 DISTRICT LOT 2703 SIMILKAMEEN DIVISION YALE DISTRICT PLAN 1185 EXCEPT PART ON PLAN ATTACHED TO DD 6011","Folio":"71306722000","FullAddress":"3070 MYERS CREEK EAST RD , MIDWAY","apt_no":null,"street_no":"3070","street_direction_prefix":null,"street_name":"MYERS CREEK EAST RD","street_direction_suffix":null,"postal_code":null,"city":"MIDWAY","province":"BC","AddressID":"A00000J8JB","TempKey":"B41EBB7B-AFA9-43CB-8EE8-8273412843B9A00000J8JB","GlobalID":"{84C92ED3-9336-4B2B-813B-11DF078C10F8}","Shape__Area":0.00014780029960638404,"Shape__Length":0.12183871516890397}},{"type":"Feature","geometry":{"type":"Polygon","coordinates":[[[-117.701763,49.092536],[-117.701725,49.092671],[-117.701582,49.092654],[-117.701619,49.092519],[-117.701763,49.092536]]]},"properties":{"OBJECTID":18647,"PMBCParcelGUID":"{B16D8CF3-EBEB-40BC-A26A-82734C129FEF}","PMBC_PID":16284046,"PMBC_PIN":16284046,"PMBC_ParcelClass":"SUBDIVISION","PMBC_OwnerType":"PRIVATE","PMBC_LegalDescription":"LOT 3 BLOCK 39 DISTRICT LOT 230 KOOTENAY DISTRICT PLAN 465D EXCEPT PARCEL A (SEE 163172I)","Folio":"23200488000","FullAddress":"1960 OAK ST , TRAIL","apt_no":null,"street_no":"1960","street_direction_prefix":null,"street_name":"OAK ST","street_direction_suffix":null,"postal_code":"V1R 3Z7","city":"TRAIL","province":"BC","AddressID":"A000018RCV","TempKey":"B16D8CF3-EBEB-40BC-A26A-82734C129FEFA000018RCV","GlobalID":"{44924829-B1EB-4C9C-BB63-6479B3B6BEEC}","Shape__Area":2.0012274731000004e-8,"Shape__Length":0.0005692663185904911}},{"type":"Feature","geometry":{"type":"Polygon","coordinates":[[[-118.536312,49.116958],[-118.536437,49.116955],[-118.536436,49.117284],[-118.536311,49.117286],[-118.536312,49.116958]]]},"properties":{"OBJECTID":18648,"PMBCParcelGUID":"{1EB20ADC-33D6-4194-B723-8274A97D433E}","PMBC_PID":14130408,"PMBC_PIN":14130408,"PMBC_ParcelClass":"SUBDIVISION","PMBC_OwnerType":"PRIVATE","PMBC_LegalDescription":"LOT 10 BLOCK 65 DISTRICT LOT 2005 SIMILKAMEEN DIVISION YALE DISTRICT PLAN 79","Folio":"71204851780","FullAddress":"","apt_no":null,"street_no":null,"street_direction_prefix":null,"street_name":null,"street_direction_suffix":null,"postal_code":null,"city":null,"province":"BC","AddressID":"D00000F4UM","TempKey":"1EB20ADC-33D6-4194-B723-8274A97D433ED00000F4UM","GlobalID":"{2C9ACFC5-BF64-4249-A2AC-012183DD84E1}","Shape__Area":4.106521325400001e-8,"Shape__Length":0.0009071166894988507}},{"type":"Feature","geometry":{"type":"MultiPolygon","coordinates":[[[[-118.627821,49.159384],[-118.627926,49.15932],[-118.628141,49.159135],[-118.62822,49.159071],[-118.628308,49.159005],[-118.628368,49.158959],[-118.628454,49.158913],[-118.62863,49.158824],[-118.628716,49.158714],[-118.628911,49.158699],[-118.629334,49.158797],[-118.629335,49.160083],[-118.627799,49.159454],[-118.627755,49.159443],[-118.627782,49.159426],[-118.627821,49.159384]]],[[[-118.628408,49.158892],[-118.628321,49.158944],[-118.628238,49.159011],[-118.628157,49.159074],[-118.628065,49.15916],[-118.627902,49.159309],[-118.62787,49.159322],[-118.627824,49.159341],[-118.627709,49.159433],[-118.627678,49.159425],[-118.626669,49.159169],[-118.627389,49.158661],[-118.628744,49.15866],[-118.628799,49.158672],[-118.628673,49.158701],[-118.628592,49.158815],[-118.62855,49.158833],[-118.628495,49.158855],[-118.628408,49.158892]]]]},"properties":{"OBJECTID":18649,"PMBCParcelGUID":"{B5643A6F-886A-4AB2-9C25-8275AA52E2BC}","PMBC_PID":23249196,"PMBC_PIN":23249196,"PMBC_ParcelClass":"SUBDIVISION","PMBC_OwnerType":"PRIVATE","PMBC_LegalDescription":"LOT 1 DISTRICT LOT 860 SIMILKAMEEN DIVISION YALE DISTRICT PLAN KAP55775","Folio":"71304145000","FullAddress":"2770 JEWEL LAKE RD , JEWEL LAKE","apt_no":null,"street_no":"2770","street_direction_prefix":null,"street_name":"JEWEL LAKE RD","street_direction_suffix":null,"postal_code":null,"city":"JEWEL LAKE","province":"BC","AddressID":"A00000J7XL","TempKey":"B5643A6F-886A-4AB2-9C25-8275AA52E2BCA00000J7XL","GlobalID":"{A9156304-58F0-4521-8C3E-593E08FCCFEC}","Shape__Area":0.0000021689139930490004,"Shape__Length":0.009558719405728196}},{"type":"Feature","geometry":{"type":"Polygon","coordinates":[[[-117.797599,49.083029],[-117.798035,49.082943],[-117.798044,49.082963],[-117.798024,49.082968],[-117.798056,49.083024],[-117.7981,49.083102],[-117.798131,49.083156],[-117.798183,49.083272],[-117.797747,49.083357],[-117.797599,49.083029]]]},"properties":{"OBJECTID":18650,"PMBCParcelGUID":"{59C6858C-905C-4728-B0F0-827661CA5871}","PMBC_PID":18298184,"PMBC_PIN":18298184,"PMBC_ParcelClass":"SUBDIVISION","PMBC_OwnerType":"PRIVATE","PMBC_LegalDescription":"PARCEL A (SEE XG17980) BLOCK B DISTRICT LOT 695 KOOTENAY DISTRICT PLAN 737","Folio":"22901341050","FullAddress":"2775 WOODSIDE ST , ROSSLAND","apt_no":null,"street_no":"2775","street_direction_prefix":null,"street_name":"WOODSIDE ST","street_direction_suffix":null,"postal_code":null,"city":"ROSSLAND","province":"BC","AddressID":"A000018Q8H","TempKey":"59C6858C-905C-4728-B0F0-827661CA5871A000018Q8H","GlobalID":"{B7726AE7-7547-42C9-96B8-E58A98CB7414}","Shape__Area":1.5383720087700003e-7,"Shape__Length":0.0016341637061963834}},{"type":"Feature","geometry":{"type":"Polygon","coordinates":[[[-118.20864,49.018189],[-118.208631,49.01786],[-118.208852,49.017859],[-118.208858,49.018188],[-118.20864,49.018189]]]},"properties":{"OBJECTID":18651,"PMBCParcelGUID":"{2026B663-F035-410A-8D01-82777FD85C7C}","PMBC_PID":12856681,"PMBC_PIN":12856681,"PMBC_ParcelClass":"SUBDIVISION","PMBC_OwnerType":"CROWN PROVINCIAL","PMBC_LegalDescription":"LOT 10 BLOCK 20 DISTRICT LOT 268 SIMILKAMEEN DIVISION YALE DISTRICT PLAN 8","Folio":"71200201030","FullAddress":"THIRD AVE , CHRISTINA LAKE","apt_no":null,"street_no":null,"street_direction_prefix":null,"street_name":"THIRD AVE","street_direction_suffix":null,"postal_code":null,"city":"CHRISTINA LAKE","province":"BC","AddressID":"A00000J2KP","TempKey":"2026B663-F035-410A-8D01-82777FD85C7CA00000J2KP","GlobalID":"{E85F0398-375C-4480-BF26-3402C98DEB8D}","Shape__Area":7.231764044800002e-8,"Shape__Length":0.0010978692283203602}},{"type":"Feature","geometry":{"type":"Polygon","coordinates":[[[-118.706335,49.098701],[-118.706438,49.098747],[-118.706542,49.098793],[-118.706645,49.098839],[-118.706748,49.098885],[-118.706851,49.098933],[-118.706616,49.099159],[-118.706512,49.099113],[-118.706409,49.099065],[-118.706306,49.099018],[-118.706203,49.098972],[-118.706099,49.098926],[-118.705995,49.09888],[-118.705892,49.098832],[-118.705789,49.098786],[-118.705686,49.09874],[-118.705583,49.098693],[-118.70582,49.098468],[-118.705922,49.098514],[-118.706026,49.09856],[-118.706129,49.098606],[-118.706232,49.098653],[-118.706335,49.098701]]]},"properties":{"OBJECTID":18652,"PMBCParcelGUID":"{1DFDB7D3-0B33-4B3C-AD2E-82789FE2FE60}","PMBC_PID":25418114,"PMBC_PIN":25418114,"PMBC_ParcelClass":"SUBDIVISION","PMBC_OwnerType":"PRIVATE","PMBC_LegalDescription":"PARCEL A (KT48484) BLOCK 19 DISTRICT LOT 620 SIMILKAMEEN DIVISION YALE DISTRICT PLAN 73","Folio":"71303533285","FullAddress":"DEADWOOD ","apt_no":null,"street_no":null,"street_direction_prefix":null,"street_name":"DEADWOOD","street_direction_suffix":null,"postal_code":null,"city":null,"province":"BC","AddressID":"A00000J7M4","TempKey":"1DFDB7D3-0B33-4B3C-AD2E-82789FE2FE60A00000J7M4","GlobalID":"{E8818310-306A-4AFF-BA27-05DB6487AA14}","Shape__Area":3.428866349575001e-7,"Shape__Length":0.0029157061068933406}},{"type":"Feature","geometry":{"type":"Polygon","coordinates":[[[-118.430908,49.02277],[-118.431169,49.023219],[-118.430654,49.02331],[-118.430501,49.023279],[-118.430377,49.023253],[-118.430074,49.023189],[-118.429875,49.023017],[-118.429731,49.02283],[-118.430373,49.022797],[-118.43051,49.02279],[-118.430908,49.02277]]]},"properties":{"OBJECTID":18653,"PMBCParcelGUID":"{46B385E0-DD30-484F-A8C3-828054E97748}","PMBC_PID":27468194,"PMBC_PIN":27468194,"PMBC_ParcelClass":"SUBDIVISION","PMBC_OwnerType":"LOCAL GOVERNMENT","PMBC_LegalDescription":"LOT 3 DISTRICT LOT 534 SIMILKAMEEN DIVISION YALE DISTRICT PLAN KAP86416","Folio":"21001611300","FullAddress":"192 INDUSTRIAL DR , GRAND FORKS","apt_no":null,"street_no":"192","street_direction_prefix":null,"street_name":"INDUSTRIAL DR","street_direction_suffix":null,"postal_code":null,"city":"GRAND FORKS","province":"BC","AddressID":"D000004SSY","TempKey":"46B385E0-DD30-484F-A8C3-828054E97748D000004SSY","GlobalID":"{5BA72E36-D9CD-4491-AB55-835E198C6472}","Shape__Area":5.278865259570002e-7,"Shape__Length":0.0033122498254425322}},{"type":"Feature","geometry":{"type":"Polygon","coordinates":[[[-119.174455,49.742392],[-119.174468,49.742584],[-119.174471,49.742639],[-119.1734,49.742637],[-119.173458,49.742391],[-119.174455,49.742392]]]},"properties":{"OBJECTID":18654,"PMBCParcelGUID":"{DFA2DF3E-7151-4C70-A4C8-8285A28CDA71}","PMBC_PID":4652029,"PMBC_PIN":4652029,"PMBC_ParcelClass":"SUBDIVISION","PMBC_OwnerType":"PRIVATE","PMBC_LegalDescription":"LOT 11 DISTRICT LOT 1920S SIMILKAMEEN DIVISION YALE DISTRICT PLAN 28042","Folio":"71304956026","FullAddress":"9375 SIESTA RD , NARAMATA","apt_no":null,"street_no":"9375","street_direction_prefix":null,"street_name":"SIESTA RD","street_direction_suffix":null,"postal_code":"V0H 1N1","city":"NARAMATA","province":"BC","AddressID":"A00000J8AG","TempKey":"DFA2DF3E-7151-4C70-A4C8-8285A28CDA71A00000J8AG","GlobalID":"{5EDF4CE5-FDC6-423B-BCEC-6AAF733C03EF}","Shape__Area":2.5526656765850006e-7,"Shape__Length":0.002569399783039201}},{"type":"Feature","geometry":{"type":"Polygon","coordinates":[[[-118.392644,49.018475],[-118.394342,49.018482],[-118.394331,49.019802],[-118.394326,49.020472],[-118.394316,49.021706],[-118.392618,49.0217],[-118.392644,49.018475]]]},"properties":{"OBJECTID":18655,"PMBCParcelGUID":"{D4E407DD-D050-4701-9D51-8285E0206F20}","PMBC_PID":12233765,"PMBC_PIN":12233765,"PMBC_ParcelClass":"SUBDIVISION","PMBC_OwnerType":"PRIVATE","PMBC_LegalDescription":"LOT 8 BLOCK 3 DISTRICT LOT 184 SIMILKAMEEN DIVISION YALE DISTRICT PLAN 567 EXCEPT PLAN B4015","Folio":"71201879000","FullAddress":"495 STARCHUK RD , GRAND FORKS","apt_no":null,"street_no":"495","street_direction_prefix":null,"street_name":"STARCHUK RD","street_direction_suffix":null,"postal_code":"V0H 1H9","city":"GRAND FORKS","province":"BC","AddressID":"A00000J2VU","TempKey":"D4E407DD-D050-4701-9D51-8285E0206F20A00000J2VU","GlobalID":"{86A6840B-A790-4646-9452-A7F922E32E9C}","Shape__Area":0.000005474185318741002,"Shape__Length":0.009844792655560647}},{"type":"Feature","geometry":{"type":"Polygon","coordinates":[[[-118.891363,49.489052],[-118.891424,49.489829],[-118.88512,49.490036],[-118.884802,49.48593],[-118.891049,49.485726],[-118.89054,49.485977],[-118.891148,49.486283],[-118.891208,49.487048],[-118.890329,49.488837],[-118.891363,49.489052]]]},"properties":{"OBJECTID":18656,"PMBCParcelGUID":"{17B9C9EE-6324-4CA4-98C9-8287966C104A}","PMBC_PID":15052168,"PMBC_PIN":15052168,"PMBC_ParcelClass":"SUBDIVISION","PMBC_OwnerType":"CROWN PROVINCIAL","PMBC_LegalDescription":"THE SURFACE OF THAT PART OF DISTRICT LOT 3143 SIMILKAMEEN DIVISION YALE DISTRICT KNOWN AS THE \"THUNDER HILL\" MINERAL CLAIM","Folio":"71307087500","FullAddress":"KM32L 4TH OF JULY CREEK RD ","apt_no":null,"street_no":"KM32L","street_direction_prefix":null,"street_name":"4TH OF JULY CREEK RD","street_direction_suffix":null,"postal_code":null,"city":null,"province":"BC","AddressID":"A00000J8P2","TempKey":"17B9C9EE-6324-4CA4-98C9-8287966C104AA00000J8P2","GlobalID":"{E8DAABE9-01C2-40DD-92CA-B836474CABAF}","Shape__Area":0.000024753609951909007,"Shape__Length":0.02251875681950406}},{"type":"Feature","geometry":{"type":"Polygon","coordinates":[[[-117.554495,49.110654],[-117.553949,49.110436],[-117.55415,49.110272],[-117.554693,49.11049],[-117.554495,49.110654]]]},"properties":{"OBJECTID":18657,"PMBCParcelGUID":"{8E3912AE-A619-42A2-BEE5-8288DC45E270}","PMBC_PID":13010298,"PMBC_PIN":13010298,"PMBC_ParcelClass":"SUBDIVISION","PMBC_OwnerType":"PRIVATE","PMBC_LegalDescription":"LOT 1 DISTRICT LOT 1236 KOOTENAY DISTRICT PLAN 10050","Folio":"52100214100","FullAddress":"1777 FIRST ST , FRUITVALE","apt_no":null,"street_no":"1777","street_direction_prefix":null,"street_name":"FIRST ST","street_direction_suffix":null,"postal_code":null,"city":"FRUITVALE","province":"BC","AddressID":"A000018XHX","TempKey":"8E3912AE-A619-42A2-BEE5-8288DC45E270A000018XHX","GlobalID":"{19ABBF26-48DC-47B7-8BC5-5C43D3D3E3ED}","Shape__Area":1.3305142329200004e-7,"Shape__Length":0.001690082216095454}},{"type":"Feature","geometry":{"type":"Polygon","coordinates":[[[-117.799219,49.080477],[-117.799344,49.080483],[-117.799335,49.080565],[-117.79921,49.080559],[-117.799219,49.080477]]]},"properties":{"OBJECTID":18658,"PMBCParcelGUID":"{133471D8-631B-46E4-97E0-828A98A0D639}","PMBC_PID":16231015,"PMBC_PIN":16231015,"PMBC_ParcelClass":"SUBDIVISION","PMBC_OwnerType":"PRIVATE","PMBC_LegalDescription":"PARCEL A (SEE 160009I) OF LOT 4 BLOCK K TOWNSHIP 9A KOOTENAY DISTRICT PLAN 616","Folio":"22901118000","FullAddress":"2342 WASHINGTON ST , ROSSLAND","apt_no":null,"street_no":"2342","street_direction_prefix":null,"street_name":"WASHINGTON ST","street_direction_suffix":null,"postal_code":null,"city":"ROSSLAND","province":"BC","AddressID":"A000018Q37","TempKey":"133471D8-631B-46E4-97E0-828A98A0D639A000018Q37","GlobalID":"{A43A6E3C-DC9D-4FFD-90D5-646449F5BB1B}","Shape__Area":1.0301532061000002e-8,"Shape__Length":0.0004151751307077088}},{"type":"Feature","geometry":{"type":"Polygon","coordinates":[[[-118.678167,49.097959],[-118.678585,49.097956],[-118.678585,49.098024],[-118.678169,49.098029],[-118.678167,49.097959]]]},"properties":{"OBJECTID":18659,"PMBCParcelGUID":"{A3FC8FF1-D5EC-48D0-A5AA-828C951F3E5C}","PMBC_PID":12541753,"PMBC_PIN":12541753,"PMBC_ParcelClass":"SUBDIVISION","PMBC_OwnerType":"PRIVATE","PMBC_LegalDescription":"LOT 23 BLOCK 88 DISTRICT LOT 711 SIMILKAMEEN DIVISION YALE DISTRICT PLAN 70","Folio":"21100369120","FullAddress":"37 321 COPPER AVE N, GREENWOOD","apt_no":"37","street_no":"321","street_direction_prefix":null,"street_name":"COPPER AVE","street_direction_suffix":"N","postal_code":"V0H 1J0","city":"GREENWOOD","province":"BC","AddressID":"D000003BS1","TempKey":"A3FC8FF1-D5EC-48D0-A5AA-828C951F3E5CD000003BS1","GlobalID":"{241735EF-A8CA-42B1-A128-8E50696E83A0}","Shape__Area":2.8707605199000006e-8,"Shape__Length":0.0009714975431516458}},{"type":"Feature","geometry":{"type":"Polygon","coordinates":[[[-117.696987,49.099189],[-117.697093,49.099146],[-117.697311,49.09938],[-117.697204,49.099423],[-117.696987,49.099189]]]},"properties":{"OBJECTID":18660,"PMBCParcelGUID":"{F94B8A74-2F44-417B-9D0B-828D0FE4A1A3}","PMBC_PID":15651011,"PMBC_PIN":15651011,"PMBC_ParcelClass":"SUBDIVISION","PMBC_OwnerType":"PRIVATE","PMBC_LegalDescription":"LOT 38 DISTRICT LOT 2919 KOOTENAY DISTRICT PLAN 1617","Folio":"23202324100","FullAddress":"1764 NORAN ST , TRAIL","apt_no":null,"street_no":"1764","street_direction_prefix":null,"street_name":"NORAN ST","street_direction_suffix":null,"postal_code":"V1R 1W9","city":"TRAIL","province":"BC","AddressID":"A000018SS1","TempKey":"F94B8A74-2F44-417B-9D0B-828D0FE4A1A3A000018SS1","GlobalID":"{2F912F21-B07A-4657-9829-56F55E04EF93}","Shape__Area":3.432589623350001e-8,"Shape__Length":0.0008692619019493272}},{"type":"Feature","geometry":{"type":"Polygon","coordinates":[[[-117.795362,49.07584],[-117.795237,49.075835],[-117.795266,49.075562],[-117.795391,49.075568],[-117.795381,49.075662],[-117.795362,49.07584]]]},"properties":{"OBJECTID":18661,"PMBCParcelGUID":"{5796B44C-5F0B-41FB-887E-828D29CE754E}","PMBC_PID":6967345,"PMBC_PIN":6967345,"PMBC_ParcelClass":"SUBDIVISION","PMBC_OwnerType":"PRIVATE","PMBC_LegalDescription":"LOT 20 BLOCK 31 DISTRICT LOT 535 KOOTENAY DISTRICT PLAN 616","Folio":"22900817000","FullAddress":"2305 LEROI AVE , ROSSLAND","apt_no":null,"street_no":"2305","street_direction_prefix":null,"street_name":"LEROI AVE","street_direction_suffix":null,"postal_code":null,"city":"ROSSLAND","province":"BC","AddressID":"A000018PTQ","TempKey":"5796B44C-5F0B-41FB-887E-828D29CE754EA000018PTQ","GlobalID":"{82D17C08-0FDE-484D-9DAD-4FBFE3976162}","Shape__Area":3.415173351350001e-8,"Shape__Length":0.0007977401335698943}},{"type":"Feature","geometry":{"type":"Polygon","coordinates":[[[-117.537102,49.106891],[-117.539853,49.10802],[-117.539575,49.108311],[-117.539546,49.108342],[-117.536795,49.107212],[-117.537102,49.106891]]]},"properties":{"OBJECTID":18662,"PMBCParcelGUID":"{A06EBBEA-EE90-47DF-AB13-829101485FC8}","PMBC_PID":30890098,"PMBC_PIN":30890098,"PMBC_ParcelClass":"SUBDIVISION","PMBC_OwnerType":"PRIVATE","PMBC_LegalDescription":"LOT B DISTRICT LOT 1236 KOOTENAY DISTRICT PLAN EPP91901","Folio":"71105367420","FullAddress":"1843 GALLOWAY RD , FRUITVALE","apt_no":null,"street_no":"1843","street_direction_prefix":null,"street_name":"GALLOWAY RD","street_direction_suffix":null,"postal_code":"V0G 1L1","city":"FRUITVALE","province":"BC","AddressID":"D00000LLU3","TempKey":"A06EBBEA-EE90-47DF-AB13-829101485FC8D00000LLU3","GlobalID":"{1E5B18DD-5076-4821-BD39-2611D8A6C796}","Shape__Area":0.0000012315896698105003,"Shape__Length":0.006836767821088041}},{"type":"Feature","geometry":{"type":"Polygon","coordinates":[[[-118.533559,49.116459],[-118.53356,49.11613],[-118.533685,49.116128],[-118.533684,49.116458],[-118.533559,49.116459]]]},"properties":{"OBJECTID":18663,"PMBCParcelGUID":"{E7E10966-1E39-4008-B371-829169A39BE6}","PMBC_PID":14141671,"PMBC_PIN":14141671,"PMBC_ParcelClass":"SUBDIVISION","PMBC_OwnerType":"CROWN PROVINCIAL","PMBC_LegalDescription":"LOT 2 BLOCK 75 DISTRICT LOT 2005 SIMILKAMEEN DIVISION YALE DISTRICT PLAN 79","Folio":"71204852184","FullAddress":"","apt_no":null,"street_no":null,"street_direction_prefix":null,"street_name":null,"street_direction_suffix":null,"postal_code":null,"city":null,"province":"BC","AddressID":"D00000EUVR","TempKey":"E7E10966-1E39-4008-B371-829169A39BE6D00000EUVR","GlobalID":"{0CDE0687-AABA-4B43-9657-ECCCA082E339}","Shape__Area":4.117152725400001e-8,"Shape__Length":0.0009091208773341049}},{"type":"Feature","geometry":{"type":"Polygon","coordinates":[[[-117.799748,49.082852],[-117.799868,49.08288],[-117.799868,49.08288],[-117.800041,49.08292],[-117.800159,49.082946],[-117.800148,49.08301],[-117.799984,49.083011],[-117.79982,49.083011],[-117.799819,49.083011],[-117.79973,49.083011],[-117.799748,49.082852]]]},"properties":{"OBJECTID":18664,"PMBCParcelGUID":"{28242A53-4D7E-4A1C-8808-8291CACA870A}","PMBC_PID":15513866,"PMBC_PIN":15513866,"PMBC_ParcelClass":"SUBDIVISION","PMBC_OwnerType":"PRIVATE","PMBC_LegalDescription":"LOT 12 BLOCK 5 DISTRICT LOT 559 KOOTENAY DISTRICT PLAN 2234","Folio":"22901454000","FullAddress":"2641 WASHINGTON ST , ROSSLAND","apt_no":null,"street_no":"2641","street_direction_prefix":null,"street_name":"WASHINGTON ST","street_direction_suffix":null,"postal_code":null,"city":"ROSSLAND","province":"BC","AddressID":"A000018QB3","TempKey":"28242A53-4D7E-4A1C-8808-8291CACA870AA000018QB3","GlobalID":"{97F4AF67-5A80-4D2F-BE96-37B5E9D8A254}","Shape__Area":4.6830143041500014e-8,"Shape__Length":0.001064713250020907}},{"type":"Feature","geometry":{"type":"Polygon","coordinates":[[[-118.464752,49.020976],[-118.464544,49.020975],[-118.464544,49.020912],[-118.464599,49.020867],[-118.464752,49.020744],[-118.464752,49.020976]]]},"properties":{"OBJECTID":18665,"PMBCParcelGUID":"{F0B0AB49-C01F-4238-BD88-82933D07B627}","PMBC_PID":12347621,"PMBC_PIN":12347621,"PMBC_ParcelClass":"SUBDIVISION","PMBC_OwnerType":"LOCAL GOVERNMENT","PMBC_LegalDescription":"LOT 6 BLOCK 19 DISTRICT LOT 533 SIMILKAMEEN DIVISION YALE DISTRICT PLAN 69 EXCEPT PLAN KAP76970","Folio":"21001105028","FullAddress":"67TH AVE , GRAND FORKS","apt_no":null,"street_no":null,"street_direction_prefix":null,"street_name":"67TH AVE","street_direction_suffix":null,"postal_code":null,"city":"GRAND FORKS","province":"BC","AddressID":"A00000H8FT","TempKey":"F0B0AB49-C01F-4238-BD88-82933D07B627A00000H8FT","GlobalID":"{4E8EBA94-AD57-4821-9A3F-8251DD10C9A3}","Shape__Area":3.084759189000001e-8,"Shape__Length":0.0007708469150828096}},{"type":"Feature","geometry":{"type":"MultiPolygon","coordinates":[[[[-119.069555,49.339039],[-119.071643,49.339036],[-119.07213,49.339222],[-119.073698,49.339901],[-119.079168,49.342278],[-119.077244,49.344177],[-119.080402,49.346054],[-119.080492,49.346107],[-119.080492,49.346226],[-119.069509,49.346184],[-119.069547,49.340309],[-119.069555,49.339039]]],[[[-119.073829,49.339333],[-119.073137,49.339032],[-119.073503,49.339146],[-119.073715,49.339257],[-119.073829,49.339333]]],[[[-119.07732,49.339013],[-119.080532,49.339001],[-119.080556,49.339001],[-119.080547,49.340076],[-119.07732,49.339013]]],[[[-119.07509,49.339833],[-119.075572,49.339894],[-119.076063,49.339924],[-119.076677,49.340035],[-119.077276,49.340199],[-119.077764,49.340367],[-119.078065,49.340512],[-119.078098,49.340523],[-119.078136,49.340535],[-119.078477,49.340626],[-119.07851,49.340638],[-119.078542,49.340649],[-119.078798,49.34076],[-119.079038,49.340954],[-119.079069,49.340966],[-119.079391,49.34116],[-119.07942,49.341179],[-119.079671,49.341374],[-119.079978,49.341648],[-119.080278,49.341751],[-119.080322,49.341763],[-119.080366,49.341782],[-119.08053,49.341854],[-119.080526,49.342224],[-119.07456,49.339646],[-119.074693,49.339672],[-119.07509,49.339833]]],[[[-119.078062,49.340206],[-119.077732,49.3401],[-119.077274,49.339962],[-119.077222,49.339939],[-119.076828,49.339821],[-119.076793,49.33981],[-119.076307,49.339669],[-119.076274,49.339657],[-119.076232,49.339646],[-119.07588,49.339535],[-119.075679,49.339413],[-119.075447,49.339268],[-119.075056,49.339058],[-119.074993,49.339024],[-119.075426,49.33902],[-119.076443,49.339017],[-119.080543,49.340377],[-119.080532,49.341584],[-119.080459,49.341542],[-119.080236,49.341313],[-119.080226,49.34129],[-119.080083,49.341103],[-119.079832,49.341023],[-119.079553,49.340954],[-119.079277,49.340828],[-119.079166,49.340687],[-119.078891,49.340535],[-119.078655,49.340405],[-119.078386,49.34034],[-119.078062,49.340206]]]]},"properties":{"OBJECTID":18666,"PMBCParcelGUID":"{F9E375D0-274C-44A4-8BDE-829499BA0BB6}","PMBC_PID":14885786,"PMBC_PIN":14885786,"PMBC_ParcelClass":"SUBDIVISION","PMBC_OwnerType":"PRIVATE","PMBC_LegalDescription":"DISTRICT LOT 1269S SIMILKAMEEN DIVISION YALE DISTRICT EXCEPT PLAN A164","Folio":"71304708200","FullAddress":"","apt_no":null,"street_no":null,"street_direction_prefix":null,"street_name":null,"street_direction_suffix":null,"postal_code":null,"city":null,"province":"BC","AddressID":"D00000EVFR","TempKey":"F9E375D0-274C-44A4-8BDE-829499BA0BB6D00000EVFR","GlobalID":"{0FAC614F-F6F1-485E-BD4D-D4C355A8C771}","Shape__Area":0.00006285071897779251,"Shape__Length":0.0707836898826186}},{"type":"Feature","geometry":{"type":"Polygon","coordinates":[[[-117.721296,49.111291],[-117.721355,49.111239],[-117.721355,49.111238],[-117.721619,49.111005],[-117.721786,49.111087],[-117.721576,49.111273],[-117.721576,49.111273],[-117.721463,49.111373],[-117.721296,49.111291]]]},"properties":{"OBJECTID":18667,"PMBCParcelGUID":"{00217291-EFD8-46C5-9C15-8294B5FED624}","PMBC_PID":15690750,"PMBC_PIN":15690750,"PMBC_ParcelClass":"SUBDIVISION","PMBC_OwnerType":"PRIVATE","PMBC_LegalDescription":"LOT 62 DISTRICT LOT 367 KOOTENAY DISTRICT PLAN 1644","Folio":"23204033000","FullAddress":"303 RITCHIE AVE , TRAIL","apt_no":null,"street_no":"303","street_direction_prefix":null,"street_name":"RITCHIE AVE","street_direction_suffix":null,"postal_code":"V1R 1H1","city":"TRAIL","province":"BC","AddressID":"A000018UA9","TempKey":"00217291-EFD8-46C5-9C15-8294B5FED624A000018UA9","GlobalID":"{A1341CB6-E8A1-4839-9ACC-BFD788646683}","Shape__Area":7.437997180750002e-8,"Shape__Length":0.0012365714455722183}},{"type":"Feature","geometry":{"type":"Polygon","coordinates":[[[-117.711418,49.091716],[-117.711159,49.0916],[-117.711578,49.091187],[-117.711838,49.091303],[-117.711418,49.091716]]]},"properties":{"OBJECTID":18668,"PMBCParcelGUID":"{572FE90F-4C5A-41DD-BBE8-82970F9F201A}","PMBC_PID":17277574,"PMBC_PIN":17277574,"PMBC_ParcelClass":"SUBDIVISION","PMBC_OwnerType":"PRIVATE","PMBC_LegalDescription":"LOT 14 DISTRICT LOT 230 KOOTENAY DISTRICT PLAN 1320","Folio":"23201031010","FullAddress":"1510 LOOKOUT ST , TRAIL","apt_no":null,"street_no":"1510","street_direction_prefix":null,"street_name":"LOOKOUT ST","street_direction_suffix":null,"postal_code":"V1R 4L1","city":"TRAIL","province":"BC","AddressID":"A000018RRA","TempKey":"572FE90F-4C5A-41DD-BBE8-82970F9F201AA000018RRA","GlobalID":"{13C518FE-FE8A-473B-AB16-46C1A19AB579}","Shape__Area":1.5593666352500004e-7,"Shape__Length":0.001746918254517683}},{"type":"Feature","geometry":{"type":"Polygon","coordinates":[[[-117.720342,49.115869],[-117.72039,49.115836],[-117.720501,49.115752],[-117.720889,49.115913],[-117.720761,49.116022],[-117.720701,49.116073],[-117.720342,49.115869]]]},"properties":{"OBJECTID":18669,"PMBCParcelGUID":"{F940E7F3-4D79-450B-9AB8-82974A821440}","PMBC_PID":10921401,"PMBC_PIN":10921401,"PMBC_ParcelClass":"SUBDIVISION","PMBC_OwnerType":"PRIVATE","PMBC_LegalDescription":"LOT 1 BLOCK 16 DISTRICT LOT 367 KOOTENAY DISTRICT PLAN 2384","Folio":"23203201000","FullAddress":"601 ISABELLA CRES , TRAIL","apt_no":null,"street_no":"601","street_direction_prefix":null,"street_name":"ISABELLA CRES","street_direction_suffix":null,"postal_code":"V1R 1B1","city":"TRAIL","province":"BC","AddressID":"A000018TB9","TempKey":"F940E7F3-4D79-450B-9AB8-82974A821440A000018TB9","GlobalID":"{EA5D6054-8E38-4531-8907-6364C5E9965F}","Shape__Area":8.318942153850001e-8,"Shape__Length":0.0012769845104131632}},{"type":"Feature","geometry":{"type":"Polygon","coordinates":[[[-118.436987,49.034618],[-118.43741,49.034502],[-118.437459,49.034578],[-118.437507,49.034654],[-118.437083,49.034769],[-118.437035,49.034694],[-118.436987,49.034618]]]},"properties":{"OBJECTID":18670,"PMBCParcelGUID":"{E921ECF0-D77B-44CC-B0B5-82975F3F8871}","PMBC_PID":17953251,"PMBC_PIN":17953251,"PMBC_ParcelClass":"SUBDIVISION","PMBC_OwnerType":"PRIVATE","PMBC_LegalDescription":"PARCEL A (KF103967) BLOCK 4 DISTRICT LOT 108 SIMILKAMEEN DIVISION YALE DISTRICT PLAN 23","Folio":"21000032005","FullAddress":"7443 RIVERSIDE DR , GRAND FORKS","apt_no":null,"street_no":"7443","street_direction_prefix":null,"street_name":"RIVERSIDE DR","street_direction_suffix":null,"postal_code":null,"city":"GRAND FORKS","province":"BC","AddressID":"A00000H6N6","TempKey":"E921ECF0-D77B-44CC-B0B5-82975F3F8871A00000H6N6","GlobalID":"{293D0990-4393-4825-89E4-8C4149AFC459}","Shape__Area":7.531957694250002e-8,"Shape__Length":0.0012368587399658505}},{"type":"Feature","geometry":{"type":"Polygon","coordinates":[[[-118.770439,49.005376],[-118.770434,49.005075],[-118.770747,49.005072],[-118.770752,49.005374],[-118.770439,49.005376]]]},"properties":{"OBJECTID":18671,"PMBCParcelGUID":"{BEF0AE8A-F1BA-4C33-A2C8-8299C6DCC7D0}","PMBC_PID":2253810,"PMBC_PIN":2253810,"PMBC_ParcelClass":"SUBDIVISION","PMBC_OwnerType":"PRIVATE","PMBC_LegalDescription":"LOT X DISTRICT LOT 501 SIMILKAMEEN DIVISION YALE DISTRICT PLAN 27897","Folio":"54700133200","FullAddress":"431 HARTLAND AVE , MIDWAY","apt_no":null,"street_no":"431","street_direction_prefix":null,"street_name":"HARTLAND AVE","street_direction_suffix":null,"postal_code":null,"city":"MIDWAY","province":"BC","AddressID":"A00000HVHP","TempKey":"BEF0AE8A-F1BA-4C33-A2C8-8299C6DCC7D0A00000HVHP","GlobalID":"{2A5CE6FF-4945-465A-A9E1-981FCE0326EF}","Shape__Area":9.419245776000002e-8,"Shape__Length":0.0012278536275197782}},{"type":"Feature","geometry":{"type":"Polygon","coordinates":[[[-118.359336,49.556004],[-118.35901,49.556047],[-118.358957,49.555912],[-118.357714,49.556118],[-118.354576,49.556638],[-118.354575,49.555716],[-118.357354,49.555719],[-118.357351,49.552703],[-118.358288,49.552582],[-118.359336,49.556004]]]},"properties":{"OBJECTID":18672,"PMBCParcelGUID":"{422EEB04-8F5C-4D3D-B391-829A55660257}","PMBC_PID":15012328,"PMBC_PIN":15012328,"PMBC_ParcelClass":"SUBDIVISION","PMBC_OwnerType":"CROWN PROVINCIAL","PMBC_LegalDescription":"THE SURFACE OF ALL THAT PART OF OF DISTRICT LOT 1321S KNOWN AS THE 'EVENING STAR' MINERAL CLAIM NOT LYING WITHIN THE BOUNDARIES OF DISTRICT LOT 3672 SIMILKAMEEN DIVISION YALE DISTRICT","Folio":"71204733000","FullAddress":"","apt_no":null,"street_no":null,"street_direction_prefix":null,"street_name":null,"street_direction_suffix":null,"postal_code":null,"city":null,"province":"BC","AddressID":"D00000EVP8","TempKey":"422EEB04-8F5C-4D3D-B391-829A55660257D00000EVP8","GlobalID":"{35F157C1-AAFA-4EFA-BE1F-17D3B4FF734E}","Shape__Area":0.000006925761997737501,"Shape__Length":0.016155851177361243}},{"type":"Feature","geometry":{"type":"Polygon","coordinates":[[[-118.975552,49.049252],[-118.975558,49.048575],[-118.975577,49.047838],[-118.978519,49.047862],[-118.97857,49.048563],[-118.978649,49.048948],[-118.978405,49.04899],[-118.975552,49.049252]]]},"properties":{"OBJECTID":18673,"PMBCParcelGUID":"{DC5FEB14-D283-47AF-94FB-82A09E674498}","PMBC_PID":1890751,"PMBC_PIN":1890751,"PMBC_ParcelClass":"SUBDIVISION","PMBC_OwnerType":"PRIVATE","PMBC_LegalDescription":"LOT 5 BLOCK 2 DISTRICT LOT 862 SIMILKAMEEN DIVISION YALE DISTRICT PLAN 2033 EXCEPT PARCEL 71 ON PLAN H1 AND PLAN 35652","Folio":"71304177030","FullAddress":"3940 HIGHWAY 3 ","apt_no":null,"street_no":"3940","street_direction_prefix":null,"street_name":"HIGHWAY 3","street_direction_suffix":null,"postal_code":null,"city":null,"province":"BC","AddressID":"A00000J7Z9","TempKey":"DC5FEB14-D283-47AF-94FB-82A09E674498A00000J7Z9","GlobalID":"{215530E4-2B8E-46ED-87B2-EB489DAC1274}","Shape__Area":0.000003795623463724001,"Shape__Length":0.008564059580143757}},{"type":"Feature","geometry":{"type":"Polygon","coordinates":[[[-117.693344,49.095736],[-117.693447,49.095724],[-117.69352,49.095994],[-117.693417,49.096006],[-117.693344,49.095736]]]},"properties":{"OBJECTID":18674,"PMBCParcelGUID":"{09834FA3-AB56-4C7B-AF3A-82A292310811}","PMBC_PID":19107714,"PMBC_PIN":19107714,"PMBC_ParcelClass":"SUBDIVISION","PMBC_OwnerType":"PRIVATE","PMBC_LegalDescription":"LOT 10 BLOCK 9 DISTRICT LOT 4598 KOOTENAY DISTRICT PLAN 1310","Folio":"23202530000","FullAddress":"2079 COLUMBIA AVE , TRAIL","apt_no":null,"street_no":"2079","street_direction_prefix":null,"street_name":"COLUMBIA AVE","street_direction_suffix":null,"postal_code":"V1R 1K7","city":"TRAIL","province":"BC","AddressID":"A000018SV5","TempKey":"09834FA3-AB56-4C7B-AF3A-82A292310811A000018SV5","GlobalID":"{AABDA554-39F2-438C-B57F-1ACB456BA306}","Shape__Area":2.8660313932500008e-8,"Shape__Length":0.000766817270868229}},{"type":"Feature","geometry":{"type":"Polygon","coordinates":[[[-117.731497,49.098675],[-117.73157,49.098842],[-117.731238,49.098917],[-117.731187,49.098929],[-117.73062,49.098724],[-117.730632,49.09831],[-117.730893,49.098141],[-117.730875,49.098634],[-117.731211,49.09874],[-117.731326,49.098715],[-117.731497,49.098675]]]},"properties":{"OBJECTID":18675,"PMBCParcelGUID":"{2E387E39-3094-4DEF-A52A-82A4EB8E3EE0}","PMBC_PID":16327985,"PMBC_PIN":16327985,"PMBC_ParcelClass":"SUBDIVISION","PMBC_OwnerType":"PRIVATE","PMBC_LegalDescription":"THAT PART OF SUBLOT 12 DISTRICT LOT 4597 KOOTENAY DISTRICT PLAN X33 SHOWN WITHIN THE PART OUTLINED RED ON PLAN RW 77","Folio":"23204115000","FullAddress":", TRAIL","apt_no":null,"street_no":null,"street_direction_prefix":null,"street_name":null,"street_direction_suffix":null,"postal_code":null,"city":"TRAIL","province":"BC","AddressID":"D00000GYN9","TempKey":"2E387E39-3094-4DEF-A52A-82A4EB8E3EE0D00000GYN9","GlobalID":"{8297007F-F3C7-4CDB-8D43-650425D99455}","Shape__Area":2.6149446369300004e-7,"Shape__Length":0.003043753479378433}},{"type":"Feature","geometry":{"type":"Polygon","coordinates":[[[-118.770038,49.006289],[-118.770043,49.00659],[-118.769939,49.006591],[-118.769934,49.00629],[-118.770038,49.006289]]]},"properties":{"OBJECTID":18676,"PMBCParcelGUID":"{EDDC038F-842C-4D26-94C9-82A7F6A8FB5C}","PMBC_PID":12850705,"PMBC_PIN":12850705,"PMBC_ParcelClass":"SUBDIVISION","PMBC_OwnerType":"PRIVATE","PMBC_LegalDescription":"LOT 11 BLOCK 48 DISTRICT LOT 501 SIMILKAMEEN DIVISION YALE DISTRICT PLAN 3","Folio":"54700138000","FullAddress":"471 JESALIN ST , MIDWAY","apt_no":null,"street_no":"471","street_direction_prefix":null,"street_name":"JESALIN ST","street_direction_suffix":null,"postal_code":null,"city":"MIDWAY","province":"BC","AddressID":"A00000HVJ6","TempKey":"EDDC038F-842C-4D26-94C9-82A7F6A8FB5CA00000HVJ6","GlobalID":"{E3CE60A8-2938-4F25-81BB-042B364A1A96}","Shape__Area":3.141273354950001e-8,"Shape__Length":0.0008114707850255102}},{"type":"Feature","geometry":{"type":"Polygon","coordinates":[[[-117.696009,49.098385],[-117.695906,49.098396],[-117.695835,49.098127],[-117.695938,49.098116],[-117.696009,49.098385]]]},"properties":{"OBJECTID":18677,"PMBCParcelGUID":"{90B2D847-44A1-4926-8576-82AB865BA19F}","PMBC_PID":13407040,"PMBC_PIN":13407040,"PMBC_ParcelClass":"SUBDIVISION","PMBC_OwnerType":"PRIVATE","PMBC_LegalDescription":"LOT 14 BLOCK 18 DISTRICT LOT 4598 KOOTENAY DISTRICT PLAN 1310","Folio":"23202664000","FullAddress":"1918 FIFTH AVE , TRAIL","apt_no":null,"street_no":"1918","street_direction_prefix":null,"street_name":"FIFTH AVE","street_direction_suffix":null,"postal_code":"V1R 1V4","city":"TRAIL","province":"BC","AddressID":"A000018SY8","TempKey":"90B2D847-44A1-4926-8576-82AB865BA19FA000018SY8","GlobalID":"{862240C3-420E-4DE9-B80E-AE8D220FC64F}","Shape__Area":2.8465338885500008e-8,"Shape__Length":0.0007631785109594254}},{"type":"Feature","geometry":{"type":"Polygon","coordinates":[[[-117.736403,49.097272],[-117.736055,49.097423],[-117.735981,49.097357],[-117.73633,49.097206],[-117.736403,49.097272]]]},"properties":{"OBJECTID":18678,"PMBCParcelGUID":"{1DC91438-3869-4E8C-A043-82AE9A69115A}","PMBC_PID":14773643,"PMBC_PIN":14773643,"PMBC_ParcelClass":"SUBDIVISION","PMBC_OwnerType":"PRIVATE","PMBC_LegalDescription":"LOT 1 DISTRICT LOT 4597 KOOTENAY DISTRICT PLAN 2396","Folio":"58800364000","FullAddress":"625 FRENCH ST , WARFIELD","apt_no":null,"street_no":"625","street_direction_prefix":null,"street_name":"FRENCH ST","street_direction_suffix":null,"postal_code":"V1R 2P5","city":"WARFIELD","province":"BC","AddressID":"A0000192SJ","TempKey":"1DC91438-3869-4E8C-A043-82AE9A69115AA0000192SJ","GlobalID":"{F720981F-24B4-448B-92F2-ABB4BED434A9}","Shape__Area":3.429935861500001e-8,"Shape__Length":0.0009578737354620056}},{"type":"Feature","geometry":{"type":"MultiPolygon","coordinates":[[[[-119.24178,49.110339],[-119.24209,49.110221],[-119.24479,49.110081],[-119.24596,49.110068],[-119.247255,49.109949],[-119.251985,49.109723],[-119.253011,49.109671],[-119.253296,49.109657],[-119.266011,49.109013],[-119.266104,49.109008],[-119.26571,49.109168],[-119.252906,49.109817],[-119.241657,49.110385],[-119.24178,49.110339]]],[[[-119.241453,49.110254],[-119.24102,49.110417],[-119.24011,49.110463],[-119.239682,49.110346],[-119.239801,49.11034],[-119.241324,49.110261],[-119.241453,49.110254]]],[[[-119.220733,49.111093],[-119.220876,49.11113],[-119.220784,49.111127],[-119.220501,49.111141],[-119.220426,49.111145],[-119.220074,49.111163],[-119.216138,49.111362],[-119.215864,49.111376],[-119.213869,49.111477],[-119.213752,49.111483],[-119.213757,49.111437],[-119.213876,49.111431],[-119.22009,49.11112],[-119.220356,49.111107],[-119.220466,49.111101],[-119.220639,49.111093],[-119.220733,49.111093]]],[[[-119.275149,49.109608],[-119.273296,49.109402],[-119.273208,49.109394],[-119.27292,49.109369],[-119.271191,49.10921],[-119.267178,49.108789],[-119.266275,49.108834],[-119.266368,49.108797],[-119.266402,49.108783],[-119.267181,49.108743],[-119.271201,49.109166],[-119.272931,49.109325],[-119.273075,49.10934],[-119.273163,49.10935],[-119.273195,49.109345],[-119.273282,49.109352],[-119.275161,49.109563],[-119.276713,49.109763],[-119.27701,49.109793],[-119.277008,49.109838],[-119.276702,49.109807],[-119.275149,49.109608]]],[[[-119.232108,49.110561],[-119.231791,49.110577],[-119.2307,49.110629],[-119.230389,49.110645],[-119.229662,49.11068],[-119.224626,49.110933],[-119.224468,49.110941],[-119.224207,49.110954],[-119.224134,49.110958],[-119.222625,49.111033],[-119.222631,49.110997],[-119.223859,49.110929],[-119.229657,49.110635],[-119.236149,49.11032],[-119.238949,49.110174],[-119.23935,49.110154],[-119.239369,49.110159],[-119.239488,49.110191],[-119.236155,49.110365],[-119.232908,49.110522],[-119.232721,49.110531],[-119.232614,49.110537],[-119.232446,49.110545],[-119.232108,49.110561]]]]},"properties":{"OBJECTID":18679,"PMBCParcelGUID":"{50AD579A-94AA-4D3F-BB0E-82B77C7006C1}","PMBC_PID":25729594,"PMBC_PIN":25729594,"PMBC_ParcelClass":"INTEREST","PMBC_OwnerType":"CROWN PROVINCIAL","PMBC_LegalDescription":"THAT PART OF DISTRICT LOT 2708 SIMILKAMEEN DIVISION YALE DISTRICT AS SHOWN ON PLAN KAP74057","Folio":"71306747010","FullAddress":"","apt_no":null,"street_no":null,"street_direction_prefix":null,"street_name":null,"street_direction_suffix":null,"postal_code":null,"city":null,"province":"BC","AddressID":"D00000FB5S","TempKey":"50AD579A-94AA-4D3F-BB0E-82B77C7006C1D00000FB5S","GlobalID":"{885F9DD5-14B7-48FA-BFA9-91C833A47387}","Shape__Area":0.000005091741003343501,"Shape__Length":0.12236768075768047}},{"type":"Feature","geometry":{"type":"Polygon","coordinates":[[[-118.436189,49.035477],[-118.43622,49.03547],[-118.436305,49.035446],[-118.436483,49.035737],[-118.436368,49.035767],[-118.436189,49.035477]]]},"properties":{"OBJECTID":18680,"PMBCParcelGUID":"{9A47A0F4-C6FD-4B9B-9F74-82BEEDDAB3A1}","PMBC_PID":12655341,"PMBC_PIN":12655341,"PMBC_ParcelClass":"SUBDIVISION","PMBC_OwnerType":"LOCAL GOVERNMENT","PMBC_LegalDescription":"LOT 18 BLOCK 3 DISTRICT LOT 493 SIMILKAMEEN DIVISION YALE DISTRICT PLAN 89","Folio":"21001342000","FullAddress":"VICTORIA WAY , GRAND FORKS","apt_no":null,"street_no":null,"street_direction_prefix":null,"street_name":"VICTORIA WAY","street_direction_suffix":null,"postal_code":"V0H 1H0","city":"GRAND FORKS","province":"BC","AddressID":"A00000H8UQ","TempKey":"9A47A0F4-C6FD-4B9B-9F74-82BEEDDAB3A1A00000H8UQ","GlobalID":"{57E340F1-9854-48A0-86DF-33502C554631}","Shape__Area":3.900190474200001e-8,"Shape__Length":0.0009205499234069131}},{"type":"Feature","geometry":{"type":"MultiPolygon","coordinates":[[[[-118.239069,49.084972],[-118.239064,49.084863],[-118.23891,49.084371],[-118.243771,49.084275],[-118.243766,49.084878],[-118.24368,49.084879],[-118.239069,49.084972]]],[[[-118.238479,49.084373],[-118.238693,49.084372],[-118.238706,49.084413],[-118.238857,49.084893],[-118.238862,49.084992],[-118.238051,49.08507],[-118.238033,49.084861],[-118.238386,49.084539],[-118.238438,49.084446],[-118.238479,49.084373]]],[[[-118.237422,49.085125],[-118.237394,49.085101],[-118.237362,49.08508],[-118.237324,49.085063],[-118.2373,49.085051],[-118.237279,49.085038],[-118.237261,49.085022],[-118.237247,49.085005],[-118.237237,49.084993],[-118.237228,49.08498],[-118.237222,49.084967],[-118.237218,49.084954],[-118.237217,49.084903],[-118.237204,49.084847],[-118.237203,49.084845],[-118.23718,49.084793],[-118.23715,49.08473],[-118.237129,49.084665],[-118.237119,49.084599],[-118.237112,49.084545],[-118.237112,49.084544],[-118.23711,49.08453],[-118.237099,49.084491],[-118.23708,49.084453],[-118.237079,49.084452],[-118.237055,49.084418],[-118.237049,49.084411],[-118.237022,49.084382],[-118.23702,49.084379],[-118.237063,49.084379],[-118.238251,49.084374],[-118.238187,49.084496],[-118.237826,49.084825],[-118.237849,49.085111],[-118.237673,49.085146],[-118.237533,49.085173],[-118.237494,49.085181],[-118.237455,49.085154],[-118.237422,49.085125]]]]},"properties":{"OBJECTID":18681,"PMBCParcelGUID":"{B04767B9-15FE-4690-8FB9-82BEFA433B2F}","PMBC_PID":31053653,"PMBC_PIN":31053653,"PMBC_ParcelClass":"SUBDIVISION","PMBC_OwnerType":"PRIVATE","PMBC_LegalDescription":"LOT 1 DISTRICT LOT 1181S SIMILKAMEEN DIVISION YALE DISTRICT PLAN EPP99344","Folio":"71204644050","FullAddress":"2586 GRAHAM RD , CHRISTINA LAKE","apt_no":null,"street_no":"2586","street_direction_prefix":null,"street_name":"GRAHAM RD","street_direction_suffix":null,"postal_code":null,"city":"CHRISTINA LAKE","province":"BC","AddressID":"D00000M8MK","TempKey":"B04767B9-15FE-4690-8FB9-82BEFA433B2FD00000M8MK","GlobalID":"{A10FD46F-5903-4B8F-A12C-D18DAC287C68}","Shape__Area":0.000003858399988590001,"Shape__Length":0.016830583895157403}},{"type":"Feature","geometry":{"type":"Polygon","coordinates":[[[-118.437092,49.03226],[-118.437306,49.032425],[-118.437242,49.03246],[-118.437225,49.03247],[-118.437044,49.03233],[-118.436976,49.03237],[-118.436951,49.032329],[-118.436929,49.032294],[-118.437024,49.032246],[-118.43706,49.032275],[-118.437092,49.03226]]]},"properties":{"OBJECTID":18682,"PMBCParcelGUID":"{5FB0527D-9A84-434D-B888-82C0107D4763}","PMBC_PID":12795798,"PMBC_PIN":12795798,"PMBC_ParcelClass":"SUBDIVISION","PMBC_OwnerType":"PRIVATE","PMBC_LegalDescription":"THAT PART OF LOT 1 BLOCK 7 OUTLINED RED ON PLAN ATTACHED TO ABSOLUTE FEES PARCEL BOOK VOL 4 FOL 30 NO. 4046A; DISTRICT LOT 108 SIMILKAMEEN DIVISION YALE DISTRICT PLAN 23 EXCEPT: (1) PART OUTLINED RED ON PLAN B7387 (2) PLAN 22135","Folio":"21000071000","FullAddress":"224 MARKET AVE , GRAND FORKS","apt_no":null,"street_no":"224","street_direction_prefix":null,"street_name":"MARKET AVE","street_direction_suffix":null,"postal_code":null,"city":"GRAND FORKS","province":"BC","AddressID":"A00000H6PX","TempKey":"5FB0527D-9A84-434D-B888-82C0107D4763A00000H6PX","GlobalID":"{A4A2B472-15C1-41FA-8ABB-229DD2833ABA}","Shape__Area":3.112524125000001e-8,"Shape__Length":0.0009466339847602497}},{"type":"Feature","geometry":{"type":"Polygon","coordinates":[[[-118.544162,49.153127],[-118.544398,49.152837],[-118.54448,49.152864],[-118.544248,49.153154],[-118.544162,49.153127]]]},"properties":{"OBJECTID":18683,"PMBCParcelGUID":"{38BFE070-CD70-4567-BF15-82C1DBA67EE2}","PMBC_PID":12729213,"PMBC_PIN":12729213,"PMBC_ParcelClass":"SUBDIVISION","PMBC_OwnerType":"CROWN PROVINCIAL","PMBC_LegalDescription":"LOT 16 BLOCK 15 DISTRICT LOT 1223 OSOYOOS DIVISION YALE DISTRICT PLAN 71","Folio":"71204651300","FullAddress":"HIGHWAY 3 ","apt_no":null,"street_no":null,"street_direction_prefix":null,"street_name":"HIGHWAY 3","street_direction_suffix":null,"postal_code":null,"city":null,"province":"BC","AddressID":"A00000J5CB","TempKey":"38BFE070-CD70-4567-BF15-82C1DBA67EE2A00000J5CB","GlobalID":"{4E22D85A-4662-4C47-A418-3CA1F9917D68}","Shape__Area":3.0471114414500005e-8,"Shape__Length":0.0009207434470008718}},{"type":"Feature","geometry":{"type":"Polygon","coordinates":[[[-118.275442,49.137295],[-118.273236,49.137306],[-118.273241,49.137212],[-118.27325,49.137151],[-118.273254,49.137104],[-118.27325,49.137087],[-118.273241,49.137069],[-118.273229,49.137053],[-118.273214,49.137039],[-118.273199,49.136983],[-118.273195,49.136947],[-118.273184,49.136894],[-118.273184,49.136814],[-118.273189,49.136788],[-118.273216,49.136729],[-118.27329,49.136604],[-118.273302,49.136586],[-118.275453,49.13659],[-118.275442,49.137295]]]},"properties":{"OBJECTID":18684,"PMBCParcelGUID":"{0C476098-D5D1-4F89-BFC1-82C2983FF151}","PMBC_PID":15217906,"PMBC_PIN":15217906,"PMBC_ParcelClass":"SUBDIVISION","PMBC_OwnerType":"PRIVATE","PMBC_LegalDescription":"BLOCK K DISTRICT LOT 3993S SIMILKAMEEN DIVISION YALE DISTRICT","Folio":"71207271000","FullAddress":"3686 BOAT ACCESS WEST SIDE , CHRISTINA LAKE","apt_no":null,"street_no":"3686","street_direction_prefix":null,"street_name":"BOAT ACCESS WEST SIDE","street_direction_suffix":null,"postal_code":null,"city":"CHRISTINA LAKE","province":"BC","AddressID":"D0000011VQ","TempKey":"0C476098-D5D1-4F89-BFC1-82C2983FF151D0000011VQ","GlobalID":"{B195E41A-DC8E-4FA0-A16F-B1E4E8F3B38D}","Shape__Area":0.0000015838559026380004,"Shape__Length":0.0058305185674519}},{"type":"Feature","geometry":{"type":"Polygon","coordinates":[[[-117.745325,49.090362],[-117.745531,49.090221],[-117.745765,49.090296],[-117.745643,49.090468],[-117.745325,49.090362]]]},"properties":{"OBJECTID":18685,"PMBCParcelGUID":"{9B356268-7F1F-4B24-AFBD-82C49938005D}","PMBC_PID":15507289,"PMBC_PIN":15507289,"PMBC_ParcelClass":"SUBDIVISION","PMBC_OwnerType":"PRIVATE","PMBC_LegalDescription":"LOT 19 DISTRICT LOT 6058 KOOTENAY DISTRICT PLAN 2123","Folio":"58800483000","FullAddress":"530 WELLINGTON AVE , WARFIELD","apt_no":null,"street_no":"530","street_direction_prefix":null,"street_name":"WELLINGTON AVE","street_direction_suffix":null,"postal_code":"V1R 2L3","city":"WARFIELD","province":"BC","AddressID":"A0000192X4","TempKey":"9B356268-7F1F-4B24-AFBD-82C49938005DA0000192X4","GlobalID":"{65C7CEEF-D63B-4CCB-9D49-50272B0B9907}","Shape__Area":5.8162524813000014e-8,"Shape__Length":0.0010424490584751806}},{"type":"Feature","geometry":{"type":"Polygon","coordinates":[[[-118.674777,49.090096],[-118.674779,49.090234],[-118.674362,49.090236],[-118.67436,49.090098],[-118.674777,49.090096]]]},"properties":{"OBJECTID":18686,"PMBCParcelGUID":"{438CDA71-921E-4094-8F5A-82C8D9DD2D9E}","PMBC_PID":12839434,"PMBC_PIN":12839434,"PMBC_ParcelClass":"SUBDIVISION","PMBC_OwnerType":"LOCAL GOVERNMENT","PMBC_LegalDescription":"LOT 1 BLOCK 18 DISTRICT LOT 597 SIMILKAMEEN DIVISION YALE DISTRICT PLAN 21","Folio":"21100128100","FullAddress":"SKYLARK AVE , GREENWOOD","apt_no":null,"street_no":null,"street_direction_prefix":null,"street_name":"SKYLARK AVE","street_direction_suffix":null,"postal_code":"V0H 1J0","city":"GREENWOOD","province":"BC","AddressID":"D00000JL48","TempKey":"438CDA71-921E-4094-8F5A-82C8D9DD2D9ED00000JL48","GlobalID":"{18656C9F-396D-4B68-9BBB-70892D11C7C9}","Shape__Area":5.7234180162000014e-8,"Shape__Length":0.0011090821841253234}},{"type":"Feature","geometry":{"type":"Polygon","coordinates":[[[-118.677099,49.086685],[-118.677091,49.086689],[-118.677082,49.086683],[-118.677099,49.086685]]]},"properties":{"OBJECTID":18687,"PMBCParcelGUID":"{DFF8723D-5247-4567-AAC5-82C9B21CAB39}","PMBC_PID":17298407,"PMBC_PIN":17298407,"PMBC_ParcelClass":"SUBDIVISION","PMBC_OwnerType":"LOCAL GOVERNMENT","PMBC_LegalDescription":"LOT 10 BLOCK A DISTRICT LOT 1465 SIMILKAMEEN DIVISION YALE DISTRICT PLAN 82","Folio":"21100467100","FullAddress":"DUNDEE AVE , GREENWOOD","apt_no":null,"street_no":null,"street_direction_prefix":null,"street_name":"DUNDEE AVE","street_direction_suffix":null,"postal_code":null,"city":"GREENWOOD","province":"BC","AddressID":"D00000GMPD","TempKey":"DFF8723D-5247-4567-AAC5-82C9B21CAB39D00000GMPD","GlobalID":"{08AC7020-5005-4D73-B537-49C1AA9EB7DC}","Shape__Area":4.9834388500000014e-11,"Shape__Length":0.00003848634534203231}},{"type":"Feature","geometry":{"type":"Polygon","coordinates":[[[-118.950027,49.726988],[-118.950207,49.726908],[-118.950222,49.726923],[-118.950865,49.72664],[-118.951206,49.726327],[-118.951489,49.726068],[-118.951559,49.726003],[-118.952714,49.725548],[-118.953019,49.725426],[-118.95325,49.725334],[-118.953249,49.725331],[-118.953081,49.725043],[-118.952995,49.724833],[-118.952746,49.724598],[-118.952065,49.723797],[-118.951658,49.72322],[-118.95145,49.722694],[-118.951193,49.722199],[-118.950783,49.721577],[-118.950733,49.721355],[-118.950319,49.720685],[-118.950216,49.720313],[-118.950269,49.719864],[-118.95024,49.719674],[-118.950318,49.719409],[-118.949888,49.718678],[-118.949855,49.718321],[-118.949896,49.718311],[-118.949928,49.718673],[-118.950361,49.719406],[-118.950283,49.719676],[-118.950311,49.719864],[-118.950258,49.720311],[-118.950359,49.720677],[-118.950773,49.721348],[-118.950823,49.721569],[-118.951232,49.722191],[-118.95149,49.722686],[-118.951697,49.72321],[-118.952102,49.723785],[-118.952776,49.724572],[-118.953028,49.724811],[-118.953121,49.725034],[-118.953285,49.725316],[-118.953302,49.725346],[-118.952738,49.725567],[-118.951598,49.726029],[-118.951003,49.726575],[-118.950937,49.726636],[-118.950904,49.726666],[-118.950594,49.726803],[-118.950253,49.726953],[-118.950133,49.727006],[-118.950027,49.726988]]]},"properties":{"OBJECTID":18688,"PMBCParcelGUID":"{70078CE8-E9C6-4E10-836D-82CB1D91BF86}","PMBC_PID":27314677,"PMBC_PIN":27314677,"PMBC_ParcelClass":"INTEREST","PMBC_OwnerType":"CROWN PROVINCIAL","PMBC_LegalDescription":"THAT PORTION OF UNSURVEYED CROWN LAND SIMILKAMEEN DIVISION YALE DISTRICT SHOWN ON PLAN KAP85406","Folio":"71310293335","FullAddress":"","apt_no":null,"street_no":null,"street_direction_prefix":null,"street_name":null,"street_direction_suffix":null,"postal_code":null,"city":null,"province":"BC","AddressID":"D00000GTZK","TempKey":"70078CE8-E9C6-4E10-836D-82CB1D91BF86D00000GTZK","GlobalID":"{0CA03D90-D29C-4368-80D6-E72C9E76113E}","Shape__Area":4.5406757984950014e-7,"Shape__Length":0.02359845973031602}},{"type":"Feature","geometry":{"type":"Polygon","coordinates":[[[-117.753264,49.095036],[-117.753104,49.095118],[-117.752842,49.094905],[-117.753003,49.094823],[-117.753264,49.095036]]]},"properties":{"OBJECTID":18689,"PMBCParcelGUID":"{3D845154-372B-47FD-AB0A-82CDA5023B49}","PMBC_PID":15516580,"PMBC_PIN":15516580,"PMBC_ParcelClass":"SUBDIVISION","PMBC_OwnerType":"PRIVATE","PMBC_LegalDescription":"LOT 8 BLOCK 13 DISTRICT LOT 4597 KOOTENAY DISTRICT PLAN 1939","Folio":"58800142000","FullAddress":"615 DICKENS ST , WARFIELD","apt_no":null,"street_no":"615","street_direction_prefix":null,"street_name":"DICKENS ST","street_direction_suffix":null,"postal_code":"V1R 2B5","city":"WARFIELD","province":"BC","AddressID":"A0000192L9","TempKey":"3D845154-372B-47FD-AB0A-82CDA5023B49A0000192L9","GlobalID":"{06C65F4F-A2DA-4C0B-9082-99ACB6B61E89}","Shape__Area":5.5788115638500017e-8,"Shape__Length":0.0010360105346654957}},{"type":"Feature","geometry":{"type":"Polygon","coordinates":[[[-117.701212,49.09951],[-117.701569,49.099368],[-117.701606,49.099408],[-117.701249,49.09955],[-117.701212,49.09951]]]},"properties":{"OBJECTID":18690,"PMBCParcelGUID":"{CB42F449-38E3-41A1-99CD-82CDCD263353}","PMBC_PID":12233030,"PMBC_PIN":12233030,"PMBC_ParcelClass":"SUBDIVISION","PMBC_OwnerType":"PRIVATE","PMBC_LegalDescription":"PARCEL B (SEE 26963I) LOT 6 BLOCK 23 DISTRICT LOT 2919 KOOTENAY DISTRICT PLAN 1598","Folio":"23202139000","FullAddress":"1475 THIRD AVE , TRAIL","apt_no":null,"street_no":"1475","street_direction_prefix":null,"street_name":"THIRD AVE","street_direction_suffix":null,"postal_code":"V1R 1P5","city":"TRAIL","province":"BC","AddressID":"A000018SLW","TempKey":"CB42F449-38E3-41A1-99CD-82CDCD263353A000018SLW","GlobalID":"{DE01FD0D-7EEB-414C-A7A6-8DFFE10A2735}","Shape__Area":1.9464367766000004e-8,"Shape__Length":0.000876881700303485}},{"type":"Feature","geometry":{"type":"Polygon","coordinates":[[[-117.68674,49.105205],[-117.687099,49.104992],[-117.687264,49.105178],[-117.686878,49.105328],[-117.686836,49.105285],[-117.68679,49.105244],[-117.68674,49.105205]]]},"properties":{"OBJECTID":18691,"PMBCParcelGUID":"{9722386C-7173-4120-BCE0-82CFD5096CE3}","PMBC_PID":12605590,"PMBC_PIN":12605590,"PMBC_ParcelClass":"SUBDIVISION","PMBC_OwnerType":"PRIVATE","PMBC_LegalDescription":"LOT 49 DISTRICT LOT 4598 KOOTENAY DISTRICT PLAN 12185","Folio":"23203474098","FullAddress":"2271 MCBRIDE ST , TRAIL","apt_no":null,"street_no":"2271","street_direction_prefix":null,"street_name":"MCBRIDE ST","street_direction_suffix":null,"postal_code":"V1R 3A6","city":"TRAIL","province":"BC","AddressID":"A000018TPA","TempKey":"9722386C-7173-4120-BCE0-82CFD5096CE3A000018TPA","GlobalID":"{30BCA0B0-8C17-4CBE-8134-AAF1EB835A10}","Shape__Area":8.423676219500002e-8,"Shape__Length":0.001263468735120341}},{"type":"Feature","geometry":{"type":"Polygon","coordinates":[[[-118.675773,49.104745],[-118.676211,49.104742],[-118.676212,49.104816],[-118.675774,49.104818],[-118.675773,49.104745]]]},"properties":{"OBJECTID":18692,"PMBCParcelGUID":"{4F0C609B-D259-4776-BA54-82D010AAFC7B}","PMBC_PID":12537012,"PMBC_PIN":12537012,"PMBC_ParcelClass":"SUBDIVISION","PMBC_OwnerType":"PRIVATE","PMBC_LegalDescription":"LOT 2 BLOCK 63 DISTRICT LOT 711 SIMILKAMEEN DIVISION YALE DISTRICT PLAN 70","Folio":"21100359000","FullAddress":"GOVERNMENT AVE N, GREENWOOD","apt_no":null,"street_no":null,"street_direction_prefix":null,"street_name":"GOVERNMENT AVE","street_direction_suffix":"N","postal_code":"V0H 1J0","city":"GREENWOOD","province":"BC","AddressID":"A00000H9X1","TempKey":"4F0C609B-D259-4776-BA54-82D010AAFC7BA00000H9X1","GlobalID":"{4D7C3731-2E8D-44E4-9BA2-1F1FF21BF234}","Shape__Area":3.212249313550001e-8,"Shape__Length":0.0010229572882534523}},{"type":"Feature","geometry":{"type":"Polygon","coordinates":[[[-118.604277,49.103036],[-118.604396,49.103063],[-118.60425,49.10334],[-118.604122,49.103331],[-118.604277,49.103036]]]},"properties":{"OBJECTID":18693,"PMBCParcelGUID":"{8263D717-726F-48BE-85CF-82D078AB538A}","PMBC_PID":12682179,"PMBC_PIN":12682179,"PMBC_ParcelClass":"SUBDIVISION","PMBC_OwnerType":"PRIVATE","PMBC_LegalDescription":"LOT 3 DISTRICT LOT 980 SIMILKAMEEN DIVISION YALE DISTRICT PLAN 142","Folio":"71203515110","FullAddress":"","apt_no":null,"street_no":null,"street_direction_prefix":null,"street_name":null,"street_direction_suffix":null,"postal_code":null,"city":null,"province":"BC","AddressID":"D00000FXB2","TempKey":"8263D717-726F-48BE-85CF-82D078AB538AD00000FXB2","GlobalID":"{F8537760-ABD5-44DB-8468-D5E0C9E817D9}","Shape__Area":3.7886974496000007e-8,"Shape__Length":0.0008959008353385149}},{"type":"Feature","geometry":{"type":"Polygon","coordinates":[[[-117.803063,49.079216],[-117.803188,49.079222],[-117.803157,49.079496],[-117.803051,49.079491],[-117.803032,49.07949],[-117.803033,49.079482],[-117.803063,49.079216]]]},"properties":{"OBJECTID":18694,"PMBCParcelGUID":"{9FA820F6-1920-4653-82F6-82D204C06705}","PMBC_PID":16375670,"PMBC_PIN":16375670,"PMBC_ParcelClass":"SUBDIVISION","PMBC_OwnerType":"LOCAL GOVERNMENT","PMBC_LegalDescription":"LOT 34 BLOCK 13 SECTION 35 TOWNSHIP 9A KOOTENAY DISTRICT PLAN 616","Folio":"22900608500","FullAddress":"SECOND AVE , ROSSLAND","apt_no":null,"street_no":null,"street_direction_prefix":null,"street_name":"SECOND AVE","street_direction_suffix":null,"postal_code":null,"city":"ROSSLAND","province":"BC","AddressID":"A000018PLA","TempKey":"9FA820F6-1920-4653-82F6-82D204C06705A000018PLA","GlobalID":"{F2153445-B0BD-4E7F-ADD1-AB4432E3F0B0}","Shape__Area":3.432238091850001e-8,"Shape__Length":0.0008003129744624912}},{"type":"Feature","geometry":{"type":"Polygon","coordinates":[[[-117.689762,49.096716],[-117.689698,49.096473],[-117.6898,49.096462],[-117.689872,49.096732],[-117.689762,49.096716]]]},"properties":{"OBJECTID":18695,"PMBCParcelGUID":"{B171ACCE-D648-4BA3-B005-82D2A36092D3}","PMBC_PID":15899438,"PMBC_PIN":15899438,"PMBC_ParcelClass":"SUBDIVISION","PMBC_OwnerType":"PRIVATE","PMBC_LegalDescription":"LOT 16 BLOCK 7 DISTRICT LOT 4598 KOOTENAY DISTRICT PLAN 1310, EXCEPT PARCEL A (REFERENCE PLAN 87717I)","Folio":"23202485100","FullAddress":"1349 GARDENER ST , TRAIL","apt_no":null,"street_no":"1349","street_direction_prefix":null,"street_name":"GARDENER ST","street_direction_suffix":null,"postal_code":"V1R 1Z9","city":"TRAIL","province":"BC","AddressID":"A000018SU9","TempKey":"B171ACCE-D648-4BA3-B005-82D2A36092D3A000018SU9","GlobalID":"{FDA7C65E-3125-42AF-B227-18730FFAAA4C}","Shape__Area":2.7162936832000008e-8,"Shape__Length":0.0007455990767890386}},{"type":"Feature","geometry":{"type":"Polygon","coordinates":[[[-118.770558,49.006241],[-118.770454,49.006242],[-118.770449,49.00594],[-118.770553,49.00594],[-118.770558,49.006241]]]},"properties":{"OBJECTID":18696,"PMBCParcelGUID":"{6841872C-F645-4EAD-8539-82D4226EBBEF}","PMBC_PID":12850861,"PMBC_PIN":12850861,"PMBC_ParcelClass":"SUBDIVISION","PMBC_OwnerType":"PRIVATE","PMBC_LegalDescription":"LOT 19 BLOCK 48 DISTRICT LOT 501 SIMILKAMEEN DIVISION YALE DISTRICT PLAN 3","Folio":"54700140000","FullAddress":"439 FIFTH AVE , MIDWAY","apt_no":null,"street_no":"439","street_direction_prefix":null,"street_name":"FIFTH AVE","street_direction_suffix":null,"postal_code":null,"city":"MIDWAY","province":"BC","AddressID":"A00000HVJ9","TempKey":"6841872C-F645-4EAD-8539-82D4226EBBEFA00000HVJ9","GlobalID":"{2E07D637-3C82-4705-9182-4C0DC5C03C21}","Shape__Area":3.141359977800001e-8,"Shape__Length":0.0008114779459566951}},{"type":"Feature","geometry":{"type":"Polygon","coordinates":[[[-117.745199,49.133984],[-117.745811,49.133985],[-117.746053,49.134128],[-117.747102,49.134193],[-117.747093,49.134266],[-117.746053,49.134263],[-117.746053,49.134693],[-117.745904,49.134693],[-117.745199,49.133984]]]},"properties":{"OBJECTID":18697,"PMBCParcelGUID":"{CF2CD012-0A5F-46F3-A6CF-82D7F9F5168B}","PMBC_PID":11400102,"PMBC_PIN":11400102,"PMBC_ParcelClass":"SUBDIVISION","PMBC_OwnerType":"PRIVATE","PMBC_LegalDescription":"LOT A DISTRICT LOT 8089 KOOTENAY DISTRICT PLAN 12954","Folio":"71109201100","FullAddress":"191 LOMBARD DR , OASIS","apt_no":null,"street_no":"191","street_direction_prefix":null,"street_name":"LOMBARD DR","street_direction_suffix":null,"postal_code":"V1R 4V6","city":"OASIS","province":"BC","AddressID":"A000019N4P","TempKey":"CF2CD012-0A5F-46F3-A6CF-82D7F9F5168BA000019N4P","GlobalID":"{4CF58F84-6F04-4806-BCEF-A90D45638679}","Shape__Area":4.470371991345001e-7,"Shape__Length":0.004638054097340898}},{"type":"Feature","geometry":{"type":"Polygon","coordinates":[[[-117.735373,49.097613],[-117.735735,49.097478],[-117.735762,49.097509],[-117.7354,49.097644],[-117.735373,49.097613]]]},"properties":{"OBJECTID":18698,"PMBCParcelGUID":"{EBE6E71B-DB6C-477E-B2D9-82D8B80F4D09}","PMBC_PID":5378532,"PMBC_PIN":5378532,"PMBC_ParcelClass":"SUBDIVISION","PMBC_OwnerType":"PRIVATE","PMBC_LegalDescription":"PARCEL A (SEE 45700I) LOT 8 DISTRICT LOT 4597 KOOTENAY DISTRICT PLAN 1918","Folio":"58800432000","FullAddress":"628 TURNER ST , WARFIELD","apt_no":null,"street_no":"628","street_direction_prefix":null,"street_name":"TURNER ST","street_direction_suffix":null,"postal_code":"V1R 2P9","city":"WARFIELD","province":"BC","AddressID":"A0000192US","TempKey":"EBE6E71B-DB6C-477E-B2D9-82D8B80F4D09A0000192US","GlobalID":"{01BE681D-3A0A-45BA-8415-CF5E13F0F5E1}","Shape__Area":1.4842490961500004e-8,"Shape__Length":0.0008546791397781525}},{"type":"Feature","geometry":{"type":"MultiPolygon","coordinates":[[[[-117.507919,49.03078],[-117.50792,49.030941],[-117.507922,49.031243],[-117.507951,49.032902],[-117.50736,49.03294],[-117.506927,49.032677],[-117.506904,49.032658],[-117.506883,49.032646],[-117.506866,49.032631],[-117.506844,49.032619],[-117.506826,49.032605],[-117.506694,49.032536],[-117.506677,49.032531],[-117.506661,49.032525],[-117.506646,49.032517],[-117.506628,49.032512],[-117.506612,49.032506],[-117.506597,49.032498],[-117.506579,49.032494],[-117.506563,49.032489],[-117.506547,49.032483],[-117.506535,49.03248],[-117.506523,49.032476],[-117.506513,49.032471],[-117.506389,49.032445],[-117.506372,49.03244],[-117.506354,49.032438],[-117.506335,49.032437],[-117.506318,49.032433],[-117.506299,49.03243],[-117.50628,49.032429],[-117.506268,49.032427],[-117.506255,49.032425],[-117.506242,49.032425],[-117.506224,49.032422],[-117.506205,49.032421],[-117.506187,49.032422],[-117.505651,49.032387],[-117.505607,49.032387],[-117.505596,49.03239],[-117.505585,49.032391],[-117.505574,49.032392],[-117.505563,49.032391],[-117.505556,49.032393],[-117.505548,49.032395],[-117.50554,49.032395],[-117.505532,49.032395],[-117.505526,49.032397],[-117.505519,49.032398],[-117.505511,49.032399],[-117.505504,49.032399],[-117.505493,49.032402],[-117.505483,49.032405],[-117.505471,49.032406],[-117.50546,49.032406],[-117.505334,49.032441],[-117.505315,49.032445],[-117.505297,49.032452],[-117.505281,49.03246],[-117.50527,49.032462],[-117.50526,49.032466],[-117.505251,49.03247],[-117.505242,49.032475],[-117.505235,49.032477],[-117.505229,49.032479],[-117.505223,49.032483],[-117.505218,49.032486],[-117.50521,49.032488],[-117.505204,49.032491],[-117.505198,49.032494],[-117.505193,49.032498],[-117.505168,49.032508],[-117.505145,49.032521],[-117.505136,49.032528],[-117.505125,49.032535],[-117.505113,49.03254],[-117.505054,49.032583],[-117.505,49.032628],[-117.504953,49.032677],[-117.504944,49.032691],[-117.504932,49.032704],[-117.504895,49.032762],[-117.504868,49.032822],[-117.504852,49.032883],[-117.504846,49.032946],[-117.50485,49.033008],[-117.504865,49.03307],[-117.504888,49.033124],[-117.504918,49.033177],[-117.505204,49.033658],[-117.505017,49.034203],[-117.504552,49.034062],[-117.504357,49.034131],[-117.504033,49.033814],[-117.504464,49.033391],[-117.504315,49.032448],[-117.50467,49.031815],[-117.505202,49.031807],[-117.50625,49.030995],[-117.506187,49.030591],[-117.506959,49.030396],[-117.507203,49.030465],[-117.507108,49.030694],[-117.507308,49.030823],[-117.507415,49.030819],[-117.507823,49.030812],[-117.507919,49.03078]]],[[[-117.504095,49.036706],[-117.503623,49.036706],[-117.503623,49.036587],[-117.504095,49.036706]]],[[[-117.503627,49.034796],[-117.503833,49.034939],[-117.504891,49.035706],[-117.504068,49.036053],[-117.503624,49.035996],[-117.503626,49.035561],[-117.503626,49.035286],[-117.503946,49.035386],[-117.504479,49.035719],[-117.504464,49.035549],[-117.503769,49.03505],[-117.503627,49.034796]]],[[[-117.506414,49.034353],[-117.506537,49.034513],[-117.506605,49.034549],[-117.506669,49.034586],[-117.50673,49.034627],[-117.506832,49.034701],[-117.506925,49.034779],[-117.506997,49.034843],[-117.507066,49.03491],[-117.507131,49.034977],[-117.507192,49.035046],[-117.50722,49.035084],[-117.507249,49.035122],[-117.507278,49.035164],[-117.507304,49.035203],[-117.507331,49.035244],[-117.507353,49.035285],[-117.507379,49.035325],[-117.507442,49.03545],[-117.507497,49.035576],[-117.507512,49.035622],[-117.507534,49.035685],[-117.507552,49.035748],[-117.507564,49.035794],[-117.507573,49.035836],[-117.507583,49.035882],[-117.50759,49.035924],[-117.507596,49.035965],[-117.507602,49.036011],[-117.507608,49.036072],[-117.507623,49.036095],[-117.507087,49.035759],[-117.506858,49.035565],[-117.506362,49.035107],[-117.506049,49.034768],[-117.505885,49.034478],[-117.505746,49.034119],[-117.506137,49.034225],[-117.506356,49.034288],[-117.506414,49.034353]]],[[[-117.507386,49.03473],[-117.507319,49.034657],[-117.507245,49.034588],[-117.507138,49.034501],[-117.507109,49.03448],[-117.507081,49.034459],[-117.506971,49.034388],[-117.506856,49.034321],[-117.505778,49.033497],[-117.505834,49.033227],[-117.50549,49.032807],[-117.506394,49.032788],[-117.506942,49.033013],[-117.506994,49.033057],[-117.507053,49.033097],[-117.507119,49.033132],[-117.507191,49.033161],[-117.507268,49.033185],[-117.507348,49.033203],[-117.507431,49.033215],[-117.507515,49.03322],[-117.5076,49.033218],[-117.507684,49.03321],[-117.507766,49.033196],[-117.507913,49.033169],[-117.507928,49.035512],[-117.507827,49.035317],[-117.507794,49.035264],[-117.507762,49.03521],[-117.507726,49.035157],[-117.50769,49.035103],[-117.507653,49.03505],[-117.507613,49.035],[-117.507573,49.034947],[-117.507531,49.034894],[-117.507489,49.034844],[-117.507428,49.034779],[-117.50741,49.034753],[-117.507386,49.03473]]]]},"properties":{"OBJECTID":18699,"PMBCParcelGUID":"{0BDF2C6B-9A47-4965-BA1D-82D8E6E60BE4}","PMBC_PID":5510350,"PMBC_PIN":5510350,"PMBC_ParcelClass":"SUBDIVISION","PMBC_OwnerType":"CROWN AGENCY","PMBC_LegalDescription":"PARCEL A (REFERENCE PLAN 45283I) DISTRICT LOT 9423 KOOTENAY DISTRICT, EXCEPT PARTS INCLUDED IN SRW PLANS 13018 AND 15669","Folio":"71109561000","FullAddress":"5 HANDLEY RD , WANETA","apt_no":null,"street_no":"5","street_direction_prefix":null,"street_name":"HANDLEY RD","street_direction_suffix":null,"postal_code":null,"city":"WANETA","province":"BC","AddressID":"D000008WH7","TempKey":"0BDF2C6B-9A47-4965-BA1D-82D8E6E60BE4D000008WH7","GlobalID":"{EB4A3CE4-CE21-4857-98FF-6AE4CCC0BD0B}","Shape__Area":0.000011096079724050002,"Shape__Length":0.0362058494018602}},{"type":"Feature","geometry":{"type":"MultiPolygon","coordinates":[[[[-117.507919,49.03078],[-117.50792,49.030941],[-117.507922,49.031243],[-117.507951,49.032902],[-117.50736,49.03294],[-117.506927,49.032677],[-117.506904,49.032658],[-117.506883,49.032646],[-117.506866,49.032631],[-117.506844,49.032619],[-117.506826,49.032605],[-117.506694,49.032536],[-117.506677,49.032531],[-117.506661,49.032525],[-117.506646,49.032517],[-117.506628,49.032512],[-117.506612,49.032506],[-117.506597,49.032498],[-117.506579,49.032494],[-117.506563,49.032489],[-117.506547,49.032483],[-117.506535,49.03248],[-117.506523,49.032476],[-117.506513,49.032471],[-117.506389,49.032445],[-117.506372,49.03244],[-117.506354,49.032438],[-117.506335,49.032437],[-117.506318,49.032433],[-117.506299,49.03243],[-117.50628,49.032429],[-117.506268,49.032427],[-117.506255,49.032425],[-117.506242,49.032425],[-117.506224,49.032422],[-117.506205,49.032421],[-117.506187,49.032422],[-117.505651,49.032387],[-117.505607,49.032387],[-117.505596,49.03239],[-117.505585,49.032391],[-117.505574,49.032392],[-117.505563,49.032391],[-117.505556,49.032393],[-117.505548,49.032395],[-117.50554,49.032395],[-117.505532,49.032395],[-117.505526,49.032397],[-117.505519,49.032398],[-117.505511,49.032399],[-117.505504,49.032399],[-117.505493,49.032402],[-117.505483,49.032405],[-117.505471,49.032406],[-117.50546,49.032406],[-117.505334,49.032441],[-117.505315,49.032445],[-117.505297,49.032452],[-117.505281,49.03246],[-117.50527,49.032462],[-117.50526,49.032466],[-117.505251,49.03247],[-117.505242,49.032475],[-117.505235,49.032477],[-117.505229,49.032479],[-117.505223,49.032483],[-117.505218,49.032486],[-117.50521,49.032488],[-117.505204,49.032491],[-117.505198,49.032494],[-117.505193,49.032498],[-117.505168,49.032508],[-117.505145,49.032521],[-117.505136,49.032528],[-117.505125,49.032535],[-117.505113,49.03254],[-117.505054,49.032583],[-117.505,49.032628],[-117.504953,49.032677],[-117.504944,49.032691],[-117.504932,49.032704],[-117.504895,49.032762],[-117.504868,49.032822],[-117.504852,49.032883],[-117.504846,49.032946],[-117.50485,49.033008],[-117.504865,49.03307],[-117.504888,49.033124],[-117.504918,49.033177],[-117.505204,49.033658],[-117.505017,49.034203],[-117.504552,49.034062],[-117.504357,49.034131],[-117.504033,49.033814],[-117.504464,49.033391],[-117.504315,49.032448],[-117.50467,49.031815],[-117.505202,49.031807],[-117.50625,49.030995],[-117.506187,49.030591],[-117.506959,49.030396],[-117.507203,49.030465],[-117.507108,49.030694],[-117.507308,49.030823],[-117.507415,49.030819],[-117.507823,49.030812],[-117.507919,49.03078]]],[[[-117.504095,49.036706],[-117.503623,49.036706],[-117.503623,49.036587],[-117.504095,49.036706]]],[[[-117.503627,49.034796],[-117.503833,49.034939],[-117.504891,49.035706],[-117.504068,49.036053],[-117.503624,49.035996],[-117.503626,49.035561],[-117.503626,49.035286],[-117.503946,49.035386],[-117.504479,49.035719],[-117.504464,49.035549],[-117.503769,49.03505],[-117.503627,49.034796]]],[[[-117.506414,49.034353],[-117.506537,49.034513],[-117.506605,49.034549],[-117.506669,49.034586],[-117.50673,49.034627],[-117.506832,49.034701],[-117.506925,49.034779],[-117.506997,49.034843],[-117.507066,49.03491],[-117.507131,49.034977],[-117.507192,49.035046],[-117.50722,49.035084],[-117.507249,49.035122],[-117.507278,49.035164],[-117.507304,49.035203],[-117.507331,49.035244],[-117.507353,49.035285],[-117.507379,49.035325],[-117.507442,49.03545],[-117.507497,49.035576],[-117.507512,49.035622],[-117.507534,49.035685],[-117.507552,49.035748],[-117.507564,49.035794],[-117.507573,49.035836],[-117.507583,49.035882],[-117.50759,49.035924],[-117.507596,49.035965],[-117.507602,49.036011],[-117.507608,49.036072],[-117.507623,49.036095],[-117.507087,49.035759],[-117.506858,49.035565],[-117.506362,49.035107],[-117.506049,49.034768],[-117.505885,49.034478],[-117.505746,49.034119],[-117.506137,49.034225],[-117.506356,49.034288],[-117.506414,49.034353]]],[[[-117.507386,49.03473],[-117.507319,49.034657],[-117.507245,49.034588],[-117.507138,49.034501],[-117.507109,49.03448],[-117.507081,49.034459],[-117.506971,49.034388],[-117.506856,49.034321],[-117.505778,49.033497],[-117.505834,49.033227],[-117.50549,49.032807],[-117.506394,49.032788],[-117.506942,49.033013],[-117.506994,49.033057],[-117.507053,49.033097],[-117.507119,49.033132],[-117.507191,49.033161],[-117.507268,49.033185],[-117.507348,49.033203],[-117.507431,49.033215],[-117.507515,49.03322],[-117.5076,49.033218],[-117.507684,49.03321],[-117.507766,49.033196],[-117.507913,49.033169],[-117.507928,49.035512],[-117.507827,49.035317],[-117.507794,49.035264],[-117.507762,49.03521],[-117.507726,49.035157],[-117.50769,49.035103],[-117.507653,49.03505],[-117.507613,49.035],[-117.507573,49.034947],[-117.507531,49.034894],[-117.507489,49.034844],[-117.507428,49.034779],[-117.50741,49.034753],[-117.507386,49.03473]]]]},"properties":{"OBJECTID":18700,"PMBCParcelGUID":"{0BDF2C6B-9A47-4965-BA1D-82D8E6E60BE4}","PMBC_PID":5510350,"PMBC_PIN":5510350,"PMBC_ParcelClass":"SUBDIVISION","PMBC_OwnerType":"CROWN AGENCY","PMBC_LegalDescription":"PARCEL A (REFERENCE PLAN 45283I) DISTRICT LOT 9423 KOOTENAY DISTRICT, EXCEPT PARTS INCLUDED IN SRW PLANS 13018 AND 15669","Folio":"71109561000","FullAddress":"12000 SEVEN MILE DAM RD , WANETA","apt_no":null,"street_no":"12000","street_direction_prefix":null,"street_name":"SEVEN MILE DAM RD","street_direction_suffix":null,"postal_code":null,"city":"WANETA","province":"BC","AddressID":"A000019N9T","TempKey":"0BDF2C6B-9A47-4965-BA1D-82D8E6E60BE4A000019N9T","GlobalID":"{A18C9EB6-15F0-44FF-972C-B05CDD1363F4}","Shape__Area":0.000011096079724050002,"Shape__Length":0.0362058494018602}},{"type":"Feature","geometry":{"type":"MultiPolygon","coordinates":[[[[-117.507919,49.03078],[-117.50792,49.030941],[-117.507922,49.031243],[-117.507951,49.032902],[-117.50736,49.03294],[-117.506927,49.032677],[-117.506904,49.032658],[-117.506883,49.032646],[-117.506866,49.032631],[-117.506844,49.032619],[-117.506826,49.032605],[-117.506694,49.032536],[-117.506677,49.032531],[-117.506661,49.032525],[-117.506646,49.032517],[-117.506628,49.032512],[-117.506612,49.032506],[-117.506597,49.032498],[-117.506579,49.032494],[-117.506563,49.032489],[-117.506547,49.032483],[-117.506535,49.03248],[-117.506523,49.032476],[-117.506513,49.032471],[-117.506389,49.032445],[-117.506372,49.03244],[-117.506354,49.032438],[-117.506335,49.032437],[-117.506318,49.032433],[-117.506299,49.03243],[-117.50628,49.032429],[-117.506268,49.032427],[-117.506255,49.032425],[-117.506242,49.032425],[-117.506224,49.032422],[-117.506205,49.032421],[-117.506187,49.032422],[-117.505651,49.032387],[-117.505607,49.032387],[-117.505596,49.03239],[-117.505585,49.032391],[-117.505574,49.032392],[-117.505563,49.032391],[-117.505556,49.032393],[-117.505548,49.032395],[-117.50554,49.032395],[-117.505532,49.032395],[-117.505526,49.032397],[-117.505519,49.032398],[-117.505511,49.032399],[-117.505504,49.032399],[-117.505493,49.032402],[-117.505483,49.032405],[-117.505471,49.032406],[-117.50546,49.032406],[-117.505334,49.032441],[-117.505315,49.032445],[-117.505297,49.032452],[-117.505281,49.03246],[-117.50527,49.032462],[-117.50526,49.032466],[-117.505251,49.03247],[-117.505242,49.032475],[-117.505235,49.032477],[-117.505229,49.032479],[-117.505223,49.032483],[-117.505218,49.032486],[-117.50521,49.032488],[-117.505204,49.032491],[-117.505198,49.032494],[-117.505193,49.032498],[-117.505168,49.032508],[-117.505145,49.032521],[-117.505136,49.032528],[-117.505125,49.032535],[-117.505113,49.03254],[-117.505054,49.032583],[-117.505,49.032628],[-117.504953,49.032677],[-117.504944,49.032691],[-117.504932,49.032704],[-117.504895,49.032762],[-117.504868,49.032822],[-117.504852,49.032883],[-117.504846,49.032946],[-117.50485,49.033008],[-117.504865,49.03307],[-117.504888,49.033124],[-117.504918,49.033177],[-117.505204,49.033658],[-117.505017,49.034203],[-117.504552,49.034062],[-117.504357,49.034131],[-117.504033,49.033814],[-117.504464,49.033391],[-117.504315,49.032448],[-117.50467,49.031815],[-117.505202,49.031807],[-117.50625,49.030995],[-117.506187,49.030591],[-117.506959,49.030396],[-117.507203,49.030465],[-117.507108,49.030694],[-117.507308,49.030823],[-117.507415,49.030819],[-117.507823,49.030812],[-117.507919,49.03078]]],[[[-117.504095,49.036706],[-117.503623,49.036706],[-117.503623,49.036587],[-117.504095,49.036706]]],[[[-117.503627,49.034796],[-117.503833,49.034939],[-117.504891,49.035706],[-117.504068,49.036053],[-117.503624,49.035996],[-117.503626,49.035561],[-117.503626,49.035286],[-117.503946,49.035386],[-117.504479,49.035719],[-117.504464,49.035549],[-117.503769,49.03505],[-117.503627,49.034796]]],[[[-117.506414,49.034353],[-117.506537,49.034513],[-117.506605,49.034549],[-117.506669,49.034586],[-117.50673,49.034627],[-117.506832,49.034701],[-117.506925,49.034779],[-117.506997,49.034843],[-117.507066,49.03491],[-117.507131,49.034977],[-117.507192,49.035046],[-117.50722,49.035084],[-117.507249,49.035122],[-117.507278,49.035164],[-117.507304,49.035203],[-117.507331,49.035244],[-117.507353,49.035285],[-117.507379,49.035325],[-117.507442,49.03545],[-117.507497,49.035576],[-117.507512,49.035622],[-117.507534,49.035685],[-117.507552,49.035748],[-117.507564,49.035794],[-117.507573,49.035836],[-117.507583,49.035882],[-117.50759,49.035924],[-117.507596,49.035965],[-117.507602,49.036011],[-117.507608,49.036072],[-117.507623,49.036095],[-117.507087,49.035759],[-117.506858,49.035565],[-117.506362,49.035107],[-117.506049,49.034768],[-117.505885,49.034478],[-117.505746,49.034119],[-117.506137,49.034225],[-117.506356,49.034288],[-117.506414,49.034353]]],[[[-117.507386,49.03473],[-117.507319,49.034657],[-117.507245,49.034588],[-117.507138,49.034501],[-117.507109,49.03448],[-117.507081,49.034459],[-117.506971,49.034388],[-117.506856,49.034321],[-117.505778,49.033497],[-117.505834,49.033227],[-117.50549,49.032807],[-117.506394,49.032788],[-117.506942,49.033013],[-117.506994,49.033057],[-117.507053,49.033097],[-117.507119,49.033132],[-117.507191,49.033161],[-117.507268,49.033185],[-117.507348,49.033203],[-117.507431,49.033215],[-117.507515,49.03322],[-117.5076,49.033218],[-117.507684,49.03321],[-117.507766,49.033196],[-117.507913,49.033169],[-117.507928,49.035512],[-117.507827,49.035317],[-117.507794,49.035264],[-117.507762,49.03521],[-117.507726,49.035157],[-117.50769,49.035103],[-117.507653,49.03505],[-117.507613,49.035],[-117.507573,49.034947],[-117.507531,49.034894],[-117.507489,49.034844],[-117.507428,49.034779],[-117.50741,49.034753],[-117.507386,49.03473]]]]},"properties":{"OBJECTID":18701,"PMBCParcelGUID":"{0BDF2C6B-9A47-4965-BA1D-82D8E6E60BE4}","PMBC_PID":5510350,"PMBC_PIN":5510350,"PMBC_ParcelClass":"SUBDIVISION","PMBC_OwnerType":"CROWN AGENCY","PMBC_LegalDescription":"PARCEL A (REFERENCE PLAN 45283I) DISTRICT LOT 9423 KOOTENAY DISTRICT, EXCEPT PARTS INCLUDED IN SRW PLANS 13018 AND 15669","Folio":"71109561000","FullAddress":"9100 WANETA-NELWAY RD , WANETA","apt_no":null,"street_no":"9100","street_direction_prefix":null,"street_name":"WANETA-NELWAY RD","street_direction_suffix":null,"postal_code":null,"city":"WANETA","province":"BC","AddressID":"D000008ZQK","TempKey":"0BDF2C6B-9A47-4965-BA1D-82D8E6E60BE4D000008ZQK","GlobalID":"{994C936F-83E8-4D3D-BDAD-17C7484E9C78}","Shape__Area":0.000011096079724050002,"Shape__Length":0.0362058494018602}},{"type":"Feature","geometry":{"type":"MultiPolygon","coordinates":[[[[-118.238051,49.08241],[-118.23781,49.081933],[-118.243652,49.081944],[-118.243787,49.081945],[-118.243784,49.082441],[-118.243659,49.082441],[-118.238051,49.08241]]],[[[-118.235154,49.082369],[-118.235147,49.082322],[-118.235146,49.082269],[-118.235156,49.082205],[-118.235175,49.082142],[-118.235201,49.082072],[-118.235226,49.082],[-118.235242,49.081928],[-118.235276,49.081928],[-118.23759,49.081932],[-118.237832,49.08241],[-118.235178,49.082417],[-118.235164,49.082417],[-118.235154,49.082369]]]]},"properties":{"OBJECTID":18702,"PMBCParcelGUID":"{B570D9BA-1B5B-4E3F-9C0D-82D984427B6A}","PMBC_PID":10405445,"PMBC_PIN":10405445,"PMBC_ParcelClass":"SUBDIVISION","PMBC_OwnerType":"PRIVATE","PMBC_LegalDescription":"THAT PART OF LOT 1 LYING SOUTH OF A LINE AND ITS PRODUCTION EASTERLY AND 181.5 FEET PERPENDICULARLY DISTANT FROM THE SOUTH BOUNDARY OF SAID LOT; DISTRICT LOT 1181S SIMILKAMEEN DIVISION YALE DISTRICT PLAN 4913","Folio":"71204639005","FullAddress":"2526 WEST LAKE DR , CHRISTINA LAKE","apt_no":null,"street_no":"2526","street_direction_prefix":null,"street_name":"WEST LAKE DR","street_direction_suffix":null,"postal_code":null,"city":"CHRISTINA LAKE","province":"BC","AddressID":"A00000J57J","TempKey":"B570D9BA-1B5B-4E3F-9C0D-82D984427B6AA00000J57J","GlobalID":"{B824627E-C184-4047-8DD0-47801877577C}","Shape__Area":0.000004074016491645501,"Shape__Length":0.018797637008188182}},{"type":"Feature","geometry":{"type":"Polygon","coordinates":[[[-119.156747,49.035927],[-119.156954,49.035885],[-119.1571,49.036213],[-119.156872,49.036259],[-119.156747,49.035927]]]},"properties":{"OBJECTID":18703,"PMBCParcelGUID":"{81236AA9-5B58-4D84-826B-82DDD37AEAA2}","PMBC_PID":2199220,"PMBC_PIN":2199220,"PMBC_ParcelClass":"SUBDIVISION","PMBC_OwnerType":"PRIVATE","PMBC_LegalDescription":"LOT 14 DISTRICT LOT 491 SIMILKAMEEN DIVISION YALE DISTRICT PLAN 4257","Folio":"71300157000","FullAddress":"5703 BRIDESVILLE TOWNSITE RD , BRIDESVILLE","apt_no":null,"street_no":"5703","street_direction_prefix":null,"street_name":"BRIDESVILLE TOWNSITE RD","street_direction_suffix":null,"postal_code":"V0H 1Y0","city":"BRIDESVILLE","province":"BC","AddressID":"A00000J6SH","TempKey":"81236AA9-5B58-4D84-826B-82DDD37AEAA2A00000J6SH","GlobalID":"{43FFF6DF-ED17-466C-A87F-FCE2B83B20F3}","Shape__Area":7.756007566650002e-8,"Shape__Length":0.0011560260347838302}},{"type":"Feature","geometry":{"type":"Polygon","coordinates":[[[-119.156747,49.035927],[-119.156954,49.035885],[-119.1571,49.036213],[-119.156872,49.036259],[-119.156747,49.035927]]]},"properties":{"OBJECTID":18704,"PMBCParcelGUID":"{81236AA9-5B58-4D84-826B-82DDD37AEAA2}","PMBC_PID":2199220,"PMBC_PIN":2199220,"PMBC_ParcelClass":"SUBDIVISION","PMBC_OwnerType":"PRIVATE","PMBC_LegalDescription":"LOT 14 DISTRICT LOT 491 SIMILKAMEEN DIVISION YALE DISTRICT PLAN 4257","Folio":"71300157000","FullAddress":"5701 BRIDESVILLE TOWNSITE RD , BRIDESVILLE","apt_no":null,"street_no":"5701","street_direction_prefix":null,"street_name":"BRIDESVILLE TOWNSITE RD","street_direction_suffix":null,"postal_code":"V0H 1Y0","city":"BRIDESVILLE","province":"BC","AddressID":"A00000J6SJ","TempKey":"81236AA9-5B58-4D84-826B-82DDD37AEAA2A00000J6SJ","GlobalID":"{7C79F40F-0586-4B8B-8050-0CD4E926EF88}","Shape__Area":7.756007566650002e-8,"Shape__Length":0.0011560260347838302}},{"type":"Feature","geometry":{"type":"Polygon","coordinates":[[[-117.715006,49.116997],[-117.715423,49.116982],[-117.715436,49.117163],[-117.715016,49.117179],[-117.715006,49.116997]]]},"properties":{"OBJECTID":18705,"PMBCParcelGUID":"{89A5DBB2-840D-4FE0-980A-82DEFD30F50C}","PMBC_PID":15276791,"PMBC_PIN":15276791,"PMBC_ParcelClass":"SUBDIVISION","PMBC_OwnerType":"PRIVATE","PMBC_LegalDescription":"LOT 5 BLOCK 2 DISTRICT LOT 367 KOOTENAY DISTRICT PLAN 2384","Folio":"23203030000","FullAddress":"31 HILLSIDE DR , TRAIL","apt_no":null,"street_no":"31","street_direction_prefix":null,"street_name":"HILLSIDE DR","street_direction_suffix":null,"postal_code":"V1R 1G7","city":"TRAIL","province":"BC","AddressID":"A000018T5Z","TempKey":"89A5DBB2-840D-4FE0-980A-82DEFD30F50CA000018T5Z","GlobalID":"{C9FF0362-39EB-4873-B3F4-F7AACCDC7189}","Shape__Area":7.632965953800002e-8,"Shape__Length":0.0012024633932875332}},{"type":"Feature","geometry":{"type":"Polygon","coordinates":[[[-118.534935,49.116981],[-118.534934,49.117309],[-118.534809,49.11731],[-118.534809,49.116982],[-118.534935,49.116981]]]},"properties":{"OBJECTID":18706,"PMBCParcelGUID":"{D5C70CC2-0719-4EBB-85BD-82E0CE07663F}","PMBC_PID":14131072,"PMBC_PIN":14131072,"PMBC_ParcelClass":"SUBDIVISION","PMBC_OwnerType":"CROWN PROVINCIAL","PMBC_LegalDescription":"LOT 12 BLOCK 66 DISTRICT LOT 2005 SIMILKAMEEN DIVISION YALE DISTRICT PLAN 79","Folio":"71204851832","FullAddress":"","apt_no":null,"street_no":null,"street_direction_prefix":null,"street_name":null,"street_direction_suffix":null,"postal_code":null,"city":null,"province":"BC","AddressID":"D00000EUT9","TempKey":"D5C70CC2-0719-4EBB-85BD-82E0CE07663FD00000EUT9","GlobalID":"{10925563-07DB-4089-BE29-DA6B4E78E3CF}","Shape__Area":4.122843840900001e-8,"Shape__Length":0.0009080129836043635}},{"type":"Feature","geometry":{"type":"Polygon","coordinates":[[[-118.68555,49.076943],[-118.685199,49.076946],[-118.685197,49.076855],[-118.685549,49.076852],[-118.68555,49.076943]]]},"properties":{"OBJECTID":18707,"PMBCParcelGUID":"{74E1C9DB-D7B0-4DED-B4A6-82E0ECB4956F}","PMBC_PID":12790435,"PMBC_PIN":12790435,"PMBC_ParcelClass":"SUBDIVISION","PMBC_OwnerType":"CROWN PROVINCIAL","PMBC_LegalDescription":"LOT 13 BLOCK 13 SECTION 32 TOWNSHIP 70 SIMILKAMEEN DIVISION YALE DISTRICT PLAN 24 EXCEPT PLAN H731","Folio":"71300013130","FullAddress":"HIGHWAY 3 ","apt_no":null,"street_no":null,"street_direction_prefix":null,"street_name":"HIGHWAY 3","street_direction_suffix":null,"postal_code":null,"city":null,"province":"BC","AddressID":"A00000J6J7","TempKey":"74E1C9DB-D7B0-4DED-B4A6-82E0ECB4956FA00000J6J7","GlobalID":"{F64BF893-40DF-4394-8B19-0A77040ED5A5}","Shape__Area":3.173162252300001e-8,"Shape__Length":0.0008835976328058786}},{"type":"Feature","geometry":{"type":"Polygon","coordinates":[[[-117.587284,49.079117],[-117.587283,49.079118],[-117.586983,49.079175],[-117.586869,49.078909],[-117.587167,49.078853],[-117.587284,49.079117]]]},"properties":{"OBJECTID":18708,"PMBCParcelGUID":"{E75F522D-AC3F-4808-9111-82E21AFF7B66}","PMBC_PID":7135955,"PMBC_PIN":7135955,"PMBC_ParcelClass":"SUBDIVISION","PMBC_OwnerType":"PRIVATE","PMBC_LegalDescription":"LOT 3 BLOCK 16 TOWNSHIP 7A KOOTENAY DISTRICT PLAN 2352","Folio":"54800330000","FullAddress":"805 9TH AVE , MONTROSE","apt_no":null,"street_no":"805","street_direction_prefix":null,"street_name":"9TH AVE","street_direction_suffix":null,"postal_code":null,"city":"MONTROSE","province":"BC","AddressID":"A000018ZCE","TempKey":"E75F522D-AC3F-4808-9111-82E21AFF7B66A000018ZCE","GlobalID":"{6366FD64-FDE3-4D81-BFE0-C2E5EBCC1B91}","Shape__Area":8.596956651250002e-8,"Shape__Length":0.0011880547504702374}},{"type":"Feature","geometry":{"type":"Polygon","coordinates":[[[-117.560914,49.102442],[-117.560078,49.102442],[-117.559126,49.102442],[-117.559601,49.102244],[-117.560118,49.102027],[-117.560911,49.102353],[-117.560914,49.102442]]]},"properties":{"OBJECTID":18709,"PMBCParcelGUID":"{33A41D2D-FAAD-4CA9-A3DE-82E350916D53}","PMBC_PID":15466426,"PMBC_PIN":15466426,"PMBC_ParcelClass":"SUBDIVISION","PMBC_OwnerType":"PRIVATE","PMBC_LegalDescription":"LOT 2 DISTRICT LOT 1236 KOOTENAY DISTRICT PLAN 2253","Folio":"52100358000","FullAddress":"1561 HIGHWAY 3B , FRUITVALE","apt_no":null,"street_no":"1561","street_direction_prefix":null,"street_name":"HIGHWAY 3B","street_direction_suffix":null,"postal_code":"V0G 1L1","city":"FRUITVALE","province":"BC","AddressID":"A000018XWN","TempKey":"33A41D2D-FAAD-4CA9-A3DE-82E350916D53A000018XWN","GlobalID":"{1CC1CCC8-F16A-4A8D-AA37-561D132557FB}","Shape__Area":4.058123430770001e-7,"Shape__Length":0.003809460675206213}},{"type":"Feature","geometry":{"type":"Polygon","coordinates":[[[-117.694528,49.098231],[-117.694631,49.098219],[-117.694733,49.098208],[-117.694836,49.098196],[-117.694938,49.098184],[-117.69504,49.098172],[-117.695061,49.098251],[-117.694446,49.098321],[-117.694426,49.098243],[-117.694528,49.098231]]]},"properties":{"OBJECTID":18710,"PMBCParcelGUID":"{FFACE849-8B27-4E43-9C9D-82E3B94D1CBD}","PMBC_PID":15893332,"PMBC_PIN":15893332,"PMBC_ParcelClass":"SUBDIVISION","PMBC_OwnerType":"PRIVATE","PMBC_LegalDescription":"LOT 4 BLOCK 19 DISTRICT LOT 4598 KOOTENAY DISTRICT PLAN 1310","Folio":"23202671100","FullAddress":"1650 MCLEAN ST , TRAIL","apt_no":null,"street_no":"1650","street_direction_prefix":null,"street_name":"MCLEAN ST","street_direction_suffix":null,"postal_code":"V1R 1Z2","city":"TRAIL","province":"BC","AddressID":"A000018SYD","TempKey":"FFACE849-8B27-4E43-9C9D-82E3B94D1CBDA000018SYD","GlobalID":"{1F9620A8-D5A3-4D43-B7C4-C1410C55758A}","Shape__Area":4.9511489859000014e-8,"Shape__Length":0.0013988162363885504}},{"type":"Feature","geometry":{"type":"Polygon","coordinates":[[[-117.698485,49.091983],[-117.698484,49.091813],[-117.69861,49.091812],[-117.698611,49.091982],[-117.698485,49.091983]]]},"properties":{"OBJECTID":18711,"PMBCParcelGUID":"{8B03F4FB-348D-4598-AD62-82E463074B50}","PMBC_PID":12525618,"PMBC_PIN":12525618,"PMBC_ParcelClass":"SUBDIVISION","PMBC_OwnerType":"PRIVATE","PMBC_LegalDescription":"THE SOUTH HALF OF LOT 15 DISTRICT LOT 4598 KOOTENAY DISTRICT PLAN 1312","Folio":"23201654100","FullAddress":"2139 DANIEL ST , TRAIL","apt_no":null,"street_no":"2139","street_direction_prefix":null,"street_name":"DANIEL ST","street_direction_suffix":null,"postal_code":"V1R 4H1","city":"TRAIL","province":"BC","AddressID":"A000018S7Y","TempKey":"8B03F4FB-348D-4598-AD62-82E463074B50A000018S7Y","GlobalID":"{21BB84B2-CFBD-4A1F-BE3D-CF57D2766EA2}","Shape__Area":2.1279547211500005e-8,"Shape__Length":0.0005901727074833543}},{"type":"Feature","geometry":{"type":"Polygon","coordinates":[[[-118.210853,49.041355],[-118.211353,49.04135],[-118.211358,49.041529],[-118.21136,49.041624],[-118.210859,49.04163],[-118.210857,49.041534],[-118.210857,49.041516],[-118.210853,49.041355]]]},"properties":{"OBJECTID":18712,"PMBCParcelGUID":"{2DABF995-283C-4947-A2E9-82E68EE1D0A3}","PMBC_PID":28581636,"PMBC_PIN":28581636,"PMBC_ParcelClass":"SUBDIVISION","PMBC_OwnerType":"PRIVATE","PMBC_LegalDescription":"PARCEL C (BEING A CONSOLIDATION OF LOTS 1 AND 2, SEE LB463108) BLOCK 12 DISTRICT LOT 317 SIMILKAMEEN DIVISION YALE DISTRICT PLAN 50","Folio":"71200267005","FullAddress":"1619 BENNIGER RD , CHRISTINA LAKE","apt_no":null,"street_no":"1619","street_direction_prefix":null,"street_name":"BENNIGER RD","street_direction_suffix":null,"postal_code":null,"city":"CHRISTINA LAKE","province":"BC","AddressID":"D0000087UH","TempKey":"2DABF995-283C-4947-A2E9-82E68EE1D0A3D0000087UH","GlobalID":"{8F97F36F-CDF0-484D-8CC6-46A1DC99D6BA}","Shape__Area":1.3718353939600004e-7,"Shape__Length":0.0015490940332307834}},{"type":"Feature","geometry":{"type":"Polygon","coordinates":[[[-118.683001,49.124407],[-118.683437,49.124414],[-118.683416,49.124986],[-118.682981,49.12498],[-118.683001,49.124407]]]},"properties":{"OBJECTID":18713,"PMBCParcelGUID":"{87A49490-5567-4DF6-80FB-82E7469F5BEE}","PMBC_PID":12664944,"PMBC_PIN":12664944,"PMBC_ParcelClass":"SUBDIVISION","PMBC_OwnerType":"PRIVATE","PMBC_LegalDescription":"LOT B DISTRICT LOT 1054 SIMILKAMEEN DIVISION YALE DISTRICT PLAN 149","Folio":"71304587105","FullAddress":"BOUNDARY CREEK RD ","apt_no":null,"street_no":null,"street_direction_prefix":null,"street_name":"BOUNDARY CREEK RD","street_direction_suffix":null,"postal_code":null,"city":null,"province":"BC","AddressID":"A00000J81X","TempKey":"87A49490-5567-4DF6-80FB-82E7469F5BEEA00000J81X","GlobalID":"{C50F3337-66E8-4528-9ABD-252E6861CE0F}","Shape__Area":2.491719735100001e-7,"Shape__Length":0.0020156838551182487}},{"type":"Feature","geometry":{"type":"Polygon","coordinates":[[[-117.79599,49.079509],[-117.796008,49.079345],[-117.796132,49.079351],[-117.796108,49.079568],[-117.796108,49.079568],[-117.796102,49.079624],[-117.796059,49.079622],[-117.795978,49.079618],[-117.79599,49.079509]]]},"properties":{"OBJECTID":18714,"PMBCParcelGUID":"{D4BA1ADA-6652-463F-80D1-82E9254B66A4}","PMBC_PID":16262565,"PMBC_PIN":16262565,"PMBC_ParcelClass":"SUBDIVISION","PMBC_OwnerType":"PRIVATE","PMBC_LegalDescription":"LOT 4 BLOCK 22 SECTIONS 34 AND 35 TOWNSHIP 9A KOOTENAY DISTRICT PLAN 616","Folio":"22900704100","FullAddress":"2230 SECOND AVE , ROSSLAND","apt_no":null,"street_no":"2230","street_direction_prefix":null,"street_name":"SECOND AVE","street_direction_suffix":null,"postal_code":null,"city":"ROSSLAND","province":"BC","AddressID":"A000018PPU","TempKey":"D4BA1ADA-6652-463F-80D1-82E9254B66A4A000018PPU","GlobalID":"{A4A5DAB3-5CD7-43F1-9732-C4663E04ED67}","Shape__Area":3.398978101050001e-8,"Shape__Length":0.0007977200687768296}},{"type":"Feature","geometry":{"type":"Polygon","coordinates":[[[-117.718564,49.120401],[-117.718638,49.120392],[-117.719835,49.120256],[-117.719866,49.120251],[-117.719895,49.120242],[-117.719922,49.120231],[-117.719946,49.120217],[-117.719966,49.120201],[-117.719983,49.120183],[-117.719995,49.120163],[-117.720002,49.120143],[-117.720104,49.120121],[-117.720336,49.120078],[-117.72063,49.120023],[-117.720875,49.119978],[-117.720894,49.119975],[-117.722595,49.119661],[-117.722801,49.119663],[-117.723009,49.120051],[-117.722748,49.120883],[-117.718554,49.12087],[-117.718564,49.120401]]]},"properties":{"OBJECTID":18715,"PMBCParcelGUID":"{37D45B90-F5CA-4485-8CDB-82E92F0E2551}","PMBC_PID":17494672,"PMBC_PIN":17494672,"PMBC_ParcelClass":"SUBDIVISION","PMBC_OwnerType":"PRIVATE","PMBC_LegalDescription":"LOT 64 DISTRICT LOT 367 KOOTENAY DISTRICT PLAN 850 EXCEPT (1) PART INCLUDED IN PLAN 2304 AND (2) PART INCLUDED IN REFERENCE PLAN 88885I","Folio":"23203021100","FullAddress":"SANDPIT RD , TRAIL","apt_no":null,"street_no":null,"street_direction_prefix":null,"street_name":"SANDPIT RD","street_direction_suffix":null,"postal_code":null,"city":"TRAIL","province":"BC","AddressID":"A000018T5L","TempKey":"37D45B90-F5CA-4485-8CDB-82E92F0E2551A000018T5L","GlobalID":"{DE4BA896-8298-4828-A997-00F084D35CE8}","Shape__Area":0.000003695671526653501,"Shape__Length":0.01031280806081604}},{"type":"Feature","geometry":{"type":"Polygon","coordinates":[[[-119.122501,49.496302],[-119.122515,49.496371],[-119.122057,49.496413],[-119.122043,49.496344],[-119.122501,49.496302]]]},"properties":{"OBJECTID":18716,"PMBCParcelGUID":"{06788611-3723-472B-981E-82EA1BF95C6E}","PMBC_PID":12606847,"PMBC_PIN":12606847,"PMBC_ParcelClass":"SUBDIVISION","PMBC_OwnerType":"CROWN PROVINCIAL","PMBC_LegalDescription":"LOT 37 BLOCK 15 DISTRICT LOT 2360 SIMILKAMEEN DIVISION YALE DISTRICT PLAN 109","Folio":"71305159100","FullAddress":"","apt_no":null,"street_no":null,"street_direction_prefix":null,"street_name":null,"street_direction_suffix":null,"postal_code":null,"city":null,"province":"BC","AddressID":"D00000GYJS","TempKey":"06788611-3723-472B-981E-82EA1BF95C6ED00000GYJS","GlobalID":"{4177955D-DACC-4F62-AC95-8C84337A2712}","Shape__Area":3.186767379500001e-8,"Shape__Length":0.0010594815063304987}},{"type":"Feature","geometry":{"type":"Polygon","coordinates":[[[-118.674777,49.090096],[-118.67436,49.090098],[-118.674358,49.089961],[-118.674776,49.089959],[-118.674777,49.090096]]]},"properties":{"OBJECTID":18717,"PMBCParcelGUID":"{62C615E6-CBA4-4BC3-9B09-82EB1DED85CC}","PMBC_PID":12842613,"PMBC_PIN":12842613,"PMBC_ParcelClass":"SUBDIVISION","PMBC_OwnerType":"LOCAL GOVERNMENT","PMBC_LegalDescription":"LOT 2 BLOCK 18 DISTRICT LOT 597 SIMILKAMEEN DIVISION YALE DISTRICT PLAN 21","Folio":"21100128200","FullAddress":"SKYLARK AVE , GREENWOOD","apt_no":null,"street_no":null,"street_direction_prefix":null,"street_name":"SKYLARK AVE","street_direction_suffix":null,"postal_code":"V0H 1J0","city":"GREENWOOD","province":"BC","AddressID":"D00000JL49","TempKey":"62C615E6-CBA4-4BC3-9B09-82EB1DED85CCD00000JL49","GlobalID":"{B3ADC4FB-21C4-4C2B-9EF4-3453B3C5C728}","Shape__Area":5.7231701079000017e-8,"Shape__Length":0.0011090628189356579}},{"type":"Feature","geometry":{"type":"Polygon","coordinates":[[[-119.241298,49.15121],[-119.241619,49.151057],[-119.241859,49.151274],[-119.241525,49.151416],[-119.241298,49.15121]]]},"properties":{"OBJECTID":18718,"PMBCParcelGUID":"{CB18D547-1F24-44BB-90D7-82F065BBF617}","PMBC_PID":23630612,"PMBC_PIN":23630612,"PMBC_ParcelClass":"BARE LAND STRATA","PMBC_OwnerType":"PRIVATE","PMBC_LegalDescription":"STRATA LOT 70 DISTRICT LOT 100S SIMILKAMEEN DIVISION YALE DISTRICT STRATA PLAN KAS1840 TOGETHER WITH AN INTEREST IN THE COMMON PROPERTY IN PROPORTION TO THE UNIT ENTITLEMENT OF THE STRATA LOT AS SHOWN ON FORM 1","Folio":"71301400345","FullAddress":"250 WHISKEY JACK RD ","apt_no":null,"street_no":"250","street_direction_prefix":null,"street_name":"WHISKEY JACK RD","street_direction_suffix":null,"postal_code":null,"city":null,"province":"BC","AddressID":"A00000J70N","TempKey":"CB18D547-1F24-44BB-90D7-82F065BBF617A00000J70N","GlobalID":"{F4BD8EA2-3E68-4530-BEE7-CC199612D6DD}","Shape__Area":1.0368683532450002e-7,"Shape__Length":0.001348230192384447}},{"type":"Feature","geometry":{"type":"Polygon","coordinates":[[[-118.2191,49.061026],[-118.219382,49.060807],[-118.220289,49.061324],[-118.220255,49.061357],[-118.220212,49.061396],[-118.220164,49.061432],[-118.22011,49.061465],[-118.220039,49.061513],[-118.219997,49.061539],[-118.219911,49.061489],[-118.2191,49.061026]]]},"properties":{"OBJECTID":18719,"PMBCParcelGUID":"{FAC0B062-062C-467B-8CC6-82F0D3F075E2}","PMBC_PID":3935736,"PMBC_PIN":3935736,"PMBC_ParcelClass":"SUBDIVISION","PMBC_OwnerType":"PRIVATE","PMBC_LegalDescription":"THAT PART OF DISTRICT LOT 970 SHOWN ON PLAN B3371 SIMILKAMEEN DIVISION YALE DISTRICT","Folio":"71204471000","FullAddress":"2051 MASSIE RD , CHRISTINA LAKE","apt_no":null,"street_no":"2051","street_direction_prefix":null,"street_name":"MASSIE RD","street_direction_suffix":null,"postal_code":"V0H 1E2","city":"CHRISTINA LAKE","province":"BC","AddressID":"A00000J52W","TempKey":"FAC0B062-062C-467B-8CC6-82F0D3F075E2A00000J52W","GlobalID":"{3FE06854-8A8B-4F8F-9C89-B208E8880232}","Shape__Area":3.461992768225001e-7,"Shape__Length":0.0027985901114420874}},{"type":"Feature","geometry":{"type":"Polygon","coordinates":[[[-118.774713,49.009376],[-118.774928,49.009374],[-118.774936,49.009763],[-118.77472,49.009765],[-118.774713,49.009376]]]},"properties":{"OBJECTID":18720,"PMBCParcelGUID":"{95BA00DA-3CEA-4118-9854-82F1BC924F6F}","PMBC_PID":12937843,"PMBC_PIN":12937843,"PMBC_ParcelClass":"SUBDIVISION","PMBC_OwnerType":"PRIVATE","PMBC_LegalDescription":"LOT 7 BLOCK 29 DISTRICT LOT 501 SIMILKAMEEN DIVISION YALE DISTRICT PLAN 3","Folio":"54700052005","FullAddress":"559 NINTH AVE , MIDWAY","apt_no":null,"street_no":"559","street_direction_prefix":null,"street_name":"NINTH AVE","street_direction_suffix":null,"postal_code":"V0H 1M0","city":"MIDWAY","province":"BC","AddressID":"A00000HVDV","TempKey":"95BA00DA-3CEA-4118-9854-82F1BC924F6FA00000HVDV","GlobalID":"{DA0DB77A-7796-4ABE-AF79-FEC419C882B3}","Shape__Area":8.387085211800002e-8,"Shape__Length":0.0012094228713248004}},{"type":"Feature","geometry":{"type":"Polygon","coordinates":[[[-117.596599,49.059507],[-117.595491,49.05951],[-117.595544,49.059295],[-117.595597,49.059083],[-117.596596,49.059084],[-117.596599,49.059507]]]},"properties":{"OBJECTID":18721,"PMBCParcelGUID":"{4F3CDBE0-1650-418F-A183-82F44AEBE8AE}","PMBC_PID":12760218,"PMBC_PIN":12760218,"PMBC_ParcelClass":"SUBDIVISION","PMBC_OwnerType":"PRIVATE","PMBC_LegalDescription":"LOT 1 TOWNSHIP 7A KOOTENAY DISTRICT PLAN 2827","Folio":"71100932000","FullAddress":"COLUMBIA GARDENS RD , BEAVER FALLS","apt_no":null,"street_no":null,"street_direction_prefix":null,"street_name":"COLUMBIA GARDENS RD","street_direction_suffix":null,"postal_code":null,"city":"BEAVER FALLS","province":"BC","AddressID":"A000019LSZ","TempKey":"4F3CDBE0-1650-418F-A183-82F44AEBE8AEA000019LSZ","GlobalID":"{D9B835B5-CAF7-4394-B5B0-362ABC853A28}","Shape__Area":4.4779140892250013e-7,"Shape__Length":0.0029702736564131884}},{"type":"Feature","geometry":{"type":"Polygon","coordinates":[[[-118.463047,49.025852],[-118.463195,49.026019],[-118.462746,49.026191],[-118.462597,49.026023],[-118.463047,49.025852]]]},"properties":{"OBJECTID":18722,"PMBCParcelGUID":"{721667BA-0FF0-495E-B846-82F46A1ED37B}","PMBC_PID":5521327,"PMBC_PIN":5521327,"PMBC_ParcelClass":"SUBDIVISION","PMBC_OwnerType":"PRIVATE","PMBC_LegalDescription":"LOT 9 DISTRICT LOTS 380 AND 520 SIMILKAMEEN DIVISION YALE DISTRICT PLAN 25397","Folio":"21000839000","FullAddress":"7247 21ST ST , GRAND FORKS","apt_no":null,"street_no":"7247","street_direction_prefix":null,"street_name":"21ST ST","street_direction_suffix":null,"postal_code":null,"city":"GRAND FORKS","province":"BC","AddressID":"A00000H7ZX","TempKey":"721667BA-0FF0-495E-B846-82F46A1ED37BA00000H7ZX","GlobalID":"{DED8ED82-AF0A-4824-B221-76F7C1C543B6}","Shape__Area":1.0090609105500002e-7,"Shape__Length":0.0014105816202995038}},{"type":"Feature","geometry":{"type":"Polygon","coordinates":[[[-119.103932,49.482635],[-119.103554,49.482285],[-119.104993,49.481876],[-119.105251,49.482258],[-119.103932,49.482635]]]},"properties":{"OBJECTID":18723,"PMBCParcelGUID":"{A71FCFD3-9F23-4460-AC58-82F492989068}","PMBC_PID":3259609,"PMBC_PIN":3259609,"PMBC_ParcelClass":"SUBDIVISION","PMBC_OwnerType":"PRIVATE","PMBC_LegalDescription":"LOT 58 DISTRICT LOT 3638 SIMILKAMEEN DIVISION YALE DISTRICT PLAN 33084","Folio":"71307196580","FullAddress":"131 PRINGLE RD ","apt_no":null,"street_no":"131","street_direction_prefix":null,"street_name":"PRINGLE RD","street_direction_suffix":null,"postal_code":null,"city":null,"province":"BC","AddressID":"A00000J8T6","TempKey":"A71FCFD3-9F23-4460-AC58-82F492989068A00000J8T6","GlobalID":"{9B426C69-4F0D-4EB4-A542-308A2BA7D8C0}","Shape__Area":6.300242972330002e-7,"Shape__Length":0.0038445748948622224}},{"type":"Feature","geometry":{"type":"Polygon","coordinates":[[[-118.431587,49.03572],[-118.431882,49.035415],[-118.432128,49.035517],[-118.431833,49.035822],[-118.431754,49.035789],[-118.431587,49.03572]]]},"properties":{"OBJECTID":18724,"PMBCParcelGUID":"{E2F405F1-CA9D-445E-B440-82F5CC2C3CA2}","PMBC_PID":4488105,"PMBC_PIN":4488105,"PMBC_ParcelClass":"SUBDIVISION","PMBC_OwnerType":"PRIVATE","PMBC_LegalDescription":"LOT 5 DISTRICT LOT 493 SIMILKAMEEN DIVISION YALE DISTRICT PLAN 28728","Folio":"21001366025","FullAddress":"7415 VALLEY HEIGHTS DR , GRAND FORKS","apt_no":null,"street_no":"7415","street_direction_prefix":null,"street_name":"VALLEY HEIGHTS DR","street_direction_suffix":null,"postal_code":null,"city":"GRAND FORKS","province":"BC","AddressID":"A00000H8WK","TempKey":"E2F405F1-CA9D-445E-B440-82F5CC2C3CA2A00000H8WK","GlobalID":"{F87C2EE5-34BA-43C8-AF4E-8CE49B587FE5}","Shape__Area":1.0520113268650003e-7,"Shape__Length":0.0013809342858607059}},{"type":"Feature","geometry":{"type":"Polygon","coordinates":[[[-118.485782,49.044618],[-118.485462,49.04452],[-118.485227,49.04452],[-118.485222,49.044505],[-118.485166,49.044348],[-118.485447,49.044346],[-118.486195,49.044342],[-118.486192,49.044476],[-118.486183,49.044818],[-118.485936,49.044695],[-118.485782,49.044618]]]},"properties":{"OBJECTID":18725,"PMBCParcelGUID":"{CDBE6BAD-C034-46DC-A365-82FBCCA8998E}","PMBC_PID":23392665,"PMBC_PIN":23392665,"PMBC_ParcelClass":"SUBDIVISION","PMBC_OwnerType":"PRIVATE","PMBC_LegalDescription":"LOT B DISTRICT LOT 333 SIMILKAMEEN DIVISION YALE DISTRICT PLAN KAP56745","Folio":"71203860039","FullAddress":"8480 OUTLOOK RD , GRAND FORKS","apt_no":null,"street_no":"8480","street_direction_prefix":null,"street_name":"OUTLOOK RD","street_direction_suffix":null,"postal_code":"V0H 1H2","city":"GRAND FORKS","province":"BC","AddressID":"A00000J4G5","TempKey":"CDBE6BAD-C034-46DC-A365-82FBCCA8998EA00000J4G5","GlobalID":"{CBBE6D0D-ACCD-4741-A1B5-A44B88FFBBDC}","Shape__Area":2.709659684065001e-7,"Shape__Length":0.002706634844828487}},{"type":"Feature","geometry":{"type":"Polygon","coordinates":[[[-118.476123,49.05303],[-118.476321,49.053028],[-118.476379,49.053708],[-118.476381,49.053729],[-118.4764,49.05395],[-118.476426,49.054256],[-118.476454,49.054473],[-118.476456,49.05449],[-118.476484,49.054621],[-118.476518,49.054751],[-118.476559,49.054881],[-118.476607,49.055009],[-118.476662,49.055137],[-118.476693,49.055203],[-118.476699,49.055214],[-118.476704,49.055225],[-118.476715,49.055246],[-118.476715,49.055246],[-118.476719,49.055559],[-118.476156,49.05495],[-118.476113,49.054815],[-118.476076,49.054681],[-118.476047,49.054545],[-118.476025,49.054409],[-118.47601,49.054272],[-118.475965,49.053744],[-118.475964,49.053739],[-118.475963,49.053727],[-118.475963,49.053727],[-118.475906,49.053059],[-118.475904,49.053031],[-118.476113,49.05303],[-118.476123,49.05303]]]},"properties":{"OBJECTID":18726,"PMBCParcelGUID":"{2473035E-7643-45D7-8BF5-82FD8EBB099A}","PMBC_PID":10037527,"PMBC_PIN":10037527,"PMBC_ParcelClass":"SUBDIVISION","PMBC_OwnerType":"CROWN PROVINCIAL","PMBC_LegalDescription":"THAT PART OF DISTRICT LOT 1605 SIMILKAMEEN DIVISION YALE DISTRICT SHOWN AS PARCEL 1 ON PLAN A665","Folio":"71204873150","FullAddress":"","apt_no":null,"street_no":null,"street_direction_prefix":null,"street_name":null,"street_direction_suffix":null,"postal_code":null,"city":null,"province":"BC","AddressID":"D00000F53B","TempKey":"2473035E-7643-45D7-8BF5-82FD8EBB099AD00000F53B","GlobalID":"{263350F2-0BF2-4211-8A7E-8FA8D4C0134E}","Shape__Area":9.538368785805003e-7,"Shape__Length":0.0057707492501877945}},{"type":"Feature","geometry":{"type":"Polygon","coordinates":[[[-117.541072,49.108521],[-117.540766,49.108811],[-117.539575,49.108311],[-117.539853,49.10802],[-117.540339,49.10822],[-117.541072,49.108521]]]},"properties":{"OBJECTID":18727,"PMBCParcelGUID":"{459C0702-9E63-45A6-BCE9-82FE2EAF84B6}","PMBC_PID":10554408,"PMBC_PIN":10554408,"PMBC_ParcelClass":"SUBDIVISION","PMBC_OwnerType":"PRIVATE","PMBC_LegalDescription":"LOT 3 DISTRICT LOT 1236 KOOTENAY DISTRICT PLAN 13764","Folio":"71105367300","FullAddress":"1846 GREEN RD , FRUITVALE","apt_no":null,"street_no":"1846","street_direction_prefix":null,"street_name":"GREEN RD","street_direction_suffix":null,"postal_code":"V0G 1L1","city":"FRUITVALE","province":"BC","AddressID":"A000019MAX","TempKey":"459C0702-9E63-45A6-BCE9-82FE2EAF84B6A000019MAX","GlobalID":"{8BB6AE38-60B8-4E97-B143-0CF26A4B70F1}","Shape__Area":4.960114631700001e-7,"Shape__Length":0.0034337114266743906}},{"type":"Feature","geometry":{"type":"Polygon","coordinates":[[[-118.678995,49.086387],[-118.678645,49.086365],[-118.678653,49.086297],[-118.679003,49.086319],[-118.678995,49.086387]]]},"properties":{"OBJECTID":18728,"PMBCParcelGUID":"{D887E6BB-5799-4BB8-B071-8300903FFB60}","PMBC_PID":12999725,"PMBC_PIN":12999725,"PMBC_ParcelClass":"SUBDIVISION","PMBC_OwnerType":"PRIVATE","PMBC_LegalDescription":"LOT 27 BLOCK B DISTRICT LOT 601 SIMILKAMEEN DIVISION YALE DISTRICT PLAN 28","Folio":"21100481000","FullAddress":"S SILVER AVE , GREENWOOD","apt_no":null,"street_no":null,"street_direction_prefix":"S","street_name":"SILVER AVE","street_direction_suffix":null,"postal_code":"V0H 1J0","city":"GREENWOOD","province":"BC","AddressID":"A00000HA49","TempKey":"D887E6BB-5799-4BB8-B071-8300903FFB60A00000HA49","GlobalID":"{3B52612A-1E81-446A-A9BA-7184BFA2058C}","Shape__Area":2.4004297008000008e-8,"Shape__Length":0.0008392997423859823}},{"type":"Feature","geometry":{"type":"Polygon","coordinates":[[[-117.549977,49.108769],[-117.549777,49.108686],[-117.550026,49.108418],[-117.550279,49.108522],[-117.549977,49.108769]]]},"properties":{"OBJECTID":18729,"PMBCParcelGUID":"{E82B8C8A-D6A2-4405-A9CE-83022FCFECC1}","PMBC_PID":10233059,"PMBC_PIN":10233059,"PMBC_ParcelClass":"SUBDIVISION","PMBC_OwnerType":"PRIVATE","PMBC_LegalDescription":"LOT 30 DISTRICT LOT 1236 KOOTENAY DISTRICT PLAN 4239","Folio":"52100263116","FullAddress":"1764 BARRETT DR , FRUITVALE","apt_no":null,"street_no":"1764","street_direction_prefix":null,"street_name":"BARRETT DR","street_direction_suffix":null,"postal_code":null,"city":"FRUITVALE","province":"BC","AddressID":"A000018XQJ","TempKey":"E82B8C8A-D6A2-4405-A9CE-83022FCFECC1A000018XQJ","GlobalID":"{DEC20E71-AF29-45F7-B801-8A87537EC855}","Shape__Area":8.417758883300002e-8,"Shape__Length":0.0012470125793771234}},{"type":"Feature","geometry":{"type":"Polygon","coordinates":[[[-118.693601,49.047455],[-118.693502,49.047463],[-118.69353,49.047381],[-118.693587,49.047375],[-118.693601,49.047455]]]},"properties":{"OBJECTID":18730,"PMBCParcelGUID":"{4E97CC46-64D7-4582-8ADF-8302340F7A34}","PMBC_PID":12649821,"PMBC_PIN":12649821,"PMBC_ParcelClass":"SUBDIVISION","PMBC_OwnerType":"PRIVATE","PMBC_LegalDescription":"LOT 23 BLOCK 4 DISTRICT LOT 1012 SIMILKAMEEN DIVISION YALE DISTRICT PLAN 90","Folio":"71302812095","FullAddress":"","apt_no":null,"street_no":null,"street_direction_prefix":null,"street_name":null,"street_direction_suffix":null,"postal_code":null,"city":null,"province":"BC","AddressID":"D00000FAUJ","TempKey":"4E97CC46-64D7-4582-8ADF-8302340F7A34D00000FAUJ","GlobalID":"{9D1EE917-C981-4744-9B4A-6CCCA62B7710}","Shape__Area":6.266490422500001e-9,"Shape__Length":0.00032476229866697687}},{"type":"Feature","geometry":{"type":"Polygon","coordinates":[[[-118.949341,49.72741],[-118.949899,49.727139],[-118.949901,49.727138],[-118.949961,49.727109],[-118.949967,49.727106],[-118.950111,49.727037],[-118.950163,49.727011],[-118.950234,49.727024],[-118.950199,49.727041],[-118.949897,49.727187],[-118.94988,49.727195],[-118.949867,49.727202],[-118.949729,49.727268],[-118.949281,49.727484],[-118.949341,49.72741]]]},"properties":{"OBJECTID":18731,"PMBCParcelGUID":"{9A86B2D5-2D7E-4C18-BC50-83055E401FB5}","PMBC_PID":28885309,"PMBC_PIN":28885309,"PMBC_ParcelClass":"INTEREST","PMBC_OwnerType":"CROWN PROVINCIAL","PMBC_LegalDescription":"THAT PART DISTRICT LOT 4251 SIMILKAMEEN DIVISION YALE DISTRICT SHOWN AS A 328.3 SQUARE METER PARCEL AS SHOWN ON PLAN EPP15869","Folio":"71311520024","FullAddress":"","apt_no":null,"street_no":null,"street_direction_prefix":null,"street_name":null,"street_direction_suffix":null,"postal_code":null,"city":null,"province":"BC","AddressID":"D00000GNEW","TempKey":"9A86B2D5-2D7E-4C18-BC50-83055E401FB5D00000GNEW","GlobalID":"{AAA51321-38AE-43F9-8D34-8A940FDD96CD}","Shape__Area":4.096361157750001e-8,"Shape__Length":0.0021381965403462645}},{"type":"Feature","geometry":{"type":"Polygon","coordinates":[[[-117.707098,49.103261],[-117.707555,49.103144],[-117.707614,49.103226],[-117.707151,49.103345],[-117.707098,49.103261]]]},"properties":{"OBJECTID":18732,"PMBCParcelGUID":"{D5E2EA24-F632-40CA-BBA9-831084297E6D}","PMBC_PID":15620026,"PMBC_PIN":15620026,"PMBC_ParcelClass":"SUBDIVISION","PMBC_OwnerType":"PRIVATE","PMBC_LegalDescription":"LOT 18 BLOCK B DISTRICT LOT 367 KOOTENAY DISTRICT PLAN 1840","Folio":"23202774000","FullAddress":"1192 COLUMBIA AVE , TRAIL","apt_no":null,"street_no":"1192","street_direction_prefix":null,"street_name":"COLUMBIA AVE","street_direction_suffix":null,"postal_code":"V1R 1J2","city":"TRAIL","province":"BC","AddressID":"A000018T0M","TempKey":"D5E2EA24-F632-40CA-BBA9-831084297E6DA000018T0M","GlobalID":"{0057D37A-A3CC-4DE3-8EAA-69275221D9D6}","Shape__Area":4.475794037900001e-8,"Shape__Length":0.0011504039779086468}},{"type":"Feature","geometry":{"type":"Polygon","coordinates":[[[-117.791101,49.075646],[-117.791066,49.075644],[-117.791128,49.075056],[-117.791571,49.075076],[-117.791291,49.075337],[-117.791101,49.075646]]]},"properties":{"OBJECTID":18733,"PMBCParcelGUID":"{4D046F9E-62C9-4EB6-96FF-8317026475C8}","PMBC_PID":10555129,"PMBC_PIN":10555129,"PMBC_ParcelClass":"SUBDIVISION","PMBC_OwnerType":"PRIVATE","PMBC_LegalDescription":"LOT 15 SECTION 35 TOWNSHIP 9A KOOTENAY DISTRICT PLAN 13752","Folio":"22900951010","FullAddress":"1811 PARK ST , ROSSLAND","apt_no":null,"street_no":"1811","street_direction_prefix":null,"street_name":"PARK ST","street_direction_suffix":null,"postal_code":null,"city":"ROSSLAND","province":"BC","AddressID":"A000018PXE","TempKey":"4D046F9E-62C9-4EB6-96FF-8317026475C8A000018PXE","GlobalID":"{ED843A7E-BA59-4970-8F3E-ED9116B4C52F}","Shape__Area":1.2282685736900003e-7,"Shape__Length":0.0018154766363392561}},{"type":"Feature","geometry":{"type":"Polygon","coordinates":[[[-117.701801,49.092402],[-117.701763,49.092536],[-117.701619,49.092519],[-117.701657,49.092384],[-117.701801,49.092402]]]},"properties":{"OBJECTID":18734,"PMBCParcelGUID":"{1585AB63-3504-44AE-89DD-8317FD059E68}","PMBC_PID":10354093,"PMBC_PIN":10354093,"PMBC_ParcelClass":"SUBDIVISION","PMBC_OwnerType":"PRIVATE","PMBC_LegalDescription":"PARCEL A (SEE 163172I) LOT 3 BLOCK 39 DISTRICT LOT 230 KOOTENAY DISTRICT PLAN 465D","Folio":"23200487000","FullAddress":"1971 TOPPING ST , TRAIL","apt_no":null,"street_no":"1971","street_direction_prefix":null,"street_name":"TOPPING ST","street_direction_suffix":null,"postal_code":"V1R 4G6","city":"TRAIL","province":"BC","AddressID":"A000018RCU","TempKey":"1585AB63-3504-44AE-89DD-8317FD059E68A000018RCU","GlobalID":"{F8E6D457-51F8-45F4-B525-E6B3918BBD0C}","Shape__Area":2.0013244134000004e-8,"Shape__Length":0.000569279988448398}},{"type":"Feature","geometry":{"type":"Polygon","coordinates":[[[-118.466012,49.035347],[-118.466008,49.035552],[-118.465495,49.035552],[-118.465495,49.035348],[-118.466012,49.035347]]]},"properties":{"OBJECTID":18735,"PMBCParcelGUID":"{AC119535-5556-4F8A-99BB-831AE228CABA}","PMBC_PID":3514072,"PMBC_PIN":3514072,"PMBC_ParcelClass":"SUBDIVISION","PMBC_OwnerType":"PRIVATE","PMBC_LegalDescription":"LOT 5 DISTRICT LOT 520 SIMILKAMEEN DIVISION YALE DISTRICT PLAN 32125","Folio":"21001087280","FullAddress":"7991 19TH ST , GRAND FORKS","apt_no":null,"street_no":"7991","street_direction_prefix":null,"street_name":"19TH ST","street_direction_suffix":null,"postal_code":"V0H 1H2","city":"GRAND FORKS","province":"BC","AddressID":"A00000H8CY","TempKey":"AC119535-5556-4F8A-99BB-831AE228CABAA00000H8CY","GlobalID":"{324A8CBD-73A9-4D73-B103-D3421F0C4FE2}","Shape__Area":1.0548303634600003e-7,"Shape__Length":0.0014399294500615258}},{"type":"Feature","geometry":{"type":"Polygon","coordinates":[[[-119.085319,49.040257],[-119.085251,49.040177],[-119.085174,49.040101],[-119.085089,49.040029],[-119.084997,49.03996],[-119.084899,49.039896],[-119.084793,49.039837],[-119.084682,49.039783],[-119.084565,49.039734],[-119.084443,49.039691],[-119.084316,49.039653],[-119.084252,49.039636],[-119.084187,49.03962],[-119.084053,49.039596],[-119.083919,49.039574],[-119.083868,49.039568],[-119.083816,49.039565],[-119.083713,49.039557],[-119.083608,49.039554],[-119.083517,49.039553],[-119.083426,49.039556],[-119.083335,49.039562],[-119.083335,49.039551],[-119.083328,49.039517],[-119.083301,49.039402],[-119.083222,49.03941],[-119.083145,49.039421],[-119.083067,49.039433],[-119.082992,49.039448],[-119.082941,49.039456],[-119.082891,49.039467],[-119.082823,49.039479],[-119.082757,49.039494],[-119.082693,49.039513],[-119.082642,49.039525],[-119.082593,49.03954],[-119.082497,49.039566],[-119.082405,49.039597],[-119.082357,49.039612],[-119.082279,49.039643],[-119.081592,49.039898],[-119.081262,49.039978],[-119.080968,49.040024],[-119.080918,49.040028],[-119.080869,49.040036],[-119.080669,49.040051],[-119.080617,49.040051],[-119.080566,49.040055],[-119.080316,49.040055],[-119.080266,49.040051],[-119.080215,49.040051],[-119.080015,49.040036],[-119.079965,49.040028],[-119.079915,49.040024],[-119.079843,49.040013],[-119.079769,49.040005],[-119.079719,49.039994],[-119.079643,49.039982],[-119.079593,49.039971],[-119.079521,49.039957],[-119.07945,49.03994],[-119.079355,49.039917],[-119.079263,49.039891],[-119.079181,49.039864],[-119.076631,49.039204],[-119.076581,49.039299],[-119.076553,49.039296],[-119.075843,49.039193],[-119.075838,49.039078],[-119.069524,49.03809],[-119.0694,49.038071],[-119.069276,49.038052],[-119.069152,49.038033],[-119.069028,49.03801],[-119.068906,49.037987],[-119.068784,49.037964],[-119.068664,49.037937],[-119.068544,49.037911],[-119.068424,49.03788],[-119.068305,49.03785],[-119.068187,49.037819],[-119.068071,49.037785],[-119.067954,49.037751],[-119.067838,49.037716],[-119.067724,49.037678],[-119.067611,49.03764],[-119.067499,49.037602],[-119.067388,49.03756],[-119.067277,49.037518],[-119.067169,49.037476],[-119.06706,49.03743],[-119.066953,49.037384],[-119.066848,49.037339],[-119.066745,49.037289],[-119.066642,49.037239],[-119.066539,49.03719],[-119.06644,49.037136],[-119.066341,49.037087],[-119.066244,49.03703],[-119.066148,49.036976],[-119.066053,49.036919],[-119.065961,49.036862],[-119.06587,49.036805],[-119.06578,49.036744],[-119.06569,49.036686],[-119.065605,49.036625],[-119.065519,49.03656],[-119.065437,49.036499],[-119.065355,49.036435],[-119.065248,49.036347],[-119.064725,49.036064],[-119.064647,49.036145],[-119.064004,49.035992],[-119.064037,49.035866],[-119.064002,49.035862],[-119.063968,49.035855],[-119.063724,49.035828],[-119.063689,49.035828],[-119.063655,49.035824],[-119.063585,49.035824],[-119.063538,49.03582],[-119.06349,49.03582],[-119.063444,49.035824],[-119.063373,49.035824],[-119.063338,49.035828],[-119.063302,49.035828],[-119.063056,49.035855],[-119.062169,49.03592],[-119.061963,49.035939],[-119.0619,49.035938],[-119.061838,49.035942],[-119.06167,49.035942],[-119.061628,49.035939],[-119.061586,49.035939],[-119.061524,49.035933],[-119.061462,49.035931],[-119.06142,49.035927],[-119.06138,49.03592],[-119.061298,49.035912],[-119.061257,49.035905],[-119.061216,49.0359],[-119.060975,49.035855],[-119.060936,49.035844],[-119.060895,49.035836],[-119.06063,49.035755],[-119.060595,49.035741],[-119.060558,49.035729],[-119.060348,49.035637],[-119.0603,49.035611],[-119.060249,49.035588],[-119.060216,49.035569],[-119.060165,49.035538],[-119.058906,49.034821],[-119.058852,49.03479],[-119.058741,49.034862],[-119.058677,49.034843],[-119.058632,49.034831],[-119.058482,49.034795],[-119.058329,49.034764],[-119.058174,49.03474],[-119.058017,49.034721],[-119.057858,49.034708],[-119.057699,49.034702],[-119.057555,49.034701],[-119.057411,49.034706],[-119.057371,49.034581],[-119.057271,49.034588],[-119.057245,49.034588],[-119.057219,49.034591],[-119.057193,49.034596],[-119.057079,49.034607],[-119.057042,49.034615],[-119.057004,49.034619],[-119.056819,49.034657],[-119.056766,49.034672],[-119.056711,49.034684],[-119.056432,49.034775],[-119.0564,49.034789],[-119.056365,49.034802],[-119.056238,49.034859],[-119.056206,49.034875],[-119.056177,49.034893],[-119.0561,49.034933],[-119.05603,49.034977],[-119.055987,49.035003],[-119.055948,49.035031],[-119.055894,49.035069],[-119.055873,49.035085],[-119.055849,49.035099],[-119.054506,49.035958],[-119.054441,49.036],[-119.054378,49.036038],[-119.054313,49.036076],[-119.054246,49.036114],[-119.05418,49.036148],[-119.054113,49.036187],[-119.054044,49.036221],[-119.053975,49.036255],[-119.053905,49.036286],[-119.053832,49.03632],[-119.05376,49.036351],[-119.053687,49.036381],[-119.053613,49.036412],[-119.053539,49.036442],[-119.053464,49.036469],[-119.053388,49.036496],[-119.053312,49.036522],[-119.053234,49.036549],[-119.053155,49.036572],[-119.053077,49.036599],[-119.052997,49.036621],[-119.052917,49.036641],[-119.052837,49.036663],[-119.052757,49.036682],[-119.052675,49.036702],[-119.052593,49.036721],[-119.052589,49.036797],[-119.05235,49.036831],[-119.052221,49.03685],[-119.052091,49.036866],[-119.051959,49.036881],[-119.05183,49.036892],[-119.051698,49.036904],[-119.051567,49.036911],[-119.051435,49.036919],[-119.051303,49.036927],[-119.051172,49.03693],[-119.05104,49.036934],[-119.050908,49.036934],[-119.050914,49.036824],[-119.050838,49.03682],[-119.050772,49.036816],[-119.050706,49.036808],[-119.050609,49.036801],[-119.050512,49.036789],[-119.050383,49.036775],[-119.050255,49.036755],[-119.050128,49.036732],[-119.050002,49.036708],[-119.049879,49.036679],[-119.049693,49.036633],[-119.049634,49.036614],[-119.049573,49.036599],[-119.049457,49.03656],[-119.049398,49.036538],[-119.049283,49.036499],[-119.04906,49.036408],[-119.049005,49.036381],[-119.048924,49.036344],[-119.048847,49.036305],[-119.048746,49.036251],[-119.048694,49.036221],[-119.04862,49.036178],[-119.048549,49.036133],[-119.048503,49.036106],[-119.048456,49.036072],[-119.048388,49.036026],[-119.048324,49.035977],[-119.048238,49.035912],[-119.048158,49.035843],[-119.047168,49.035076],[-119.046993,49.034958],[-119.046937,49.034927],[-119.046884,49.034893],[-119.046808,49.034855],[-119.046758,49.034827],[-119.046705,49.034801],[-119.046649,49.034779],[-119.04657,49.034742],[-119.046485,49.03471],[-119.04643,49.034687],[-119.046372,49.034666],[-119.046312,49.034649],[-119.046225,49.03462],[-119.046134,49.034596],[-119.04609,49.034581],[-119.046045,49.03457],[-119.045997,49.034561],[-119.045905,49.03454],[-119.04581,49.034523],[-119.045748,49.034509],[-119.045684,49.034499],[-119.045619,49.034493],[-119.045571,49.034485],[-119.045522,49.034481],[-119.04545,49.034472],[-119.045377,49.034466],[-119.045329,49.034463],[-119.04528,49.034462],[-119.045231,49.034459],[-119.045183,49.034458],[-119.045133,49.034455],[-119.045083,49.034455],[-119.04507,49.034523],[-119.044979,49.034531],[-119.044897,49.034539],[-119.044813,49.034546],[-119.044729,49.034558],[-119.044647,49.034569],[-119.044565,49.034581],[-119.044483,49.034596],[-119.044401,49.034607],[-119.044319,49.034623],[-119.044238,49.034638],[-119.044156,49.034657],[-119.044076,49.034672],[-119.043992,49.034689],[-119.043977,49.034333],[-119.044193,49.034287],[-119.044276,49.034276],[-119.044359,49.03426],[-119.044415,49.034253],[-119.044471,49.034249],[-119.044583,49.034234],[-119.044696,49.034226],[-119.044866,49.034214],[-119.044922,49.034214],[-119.044979,49.034211],[-119.04515,49.034211],[-119.045206,49.034214],[-119.045263,49.034214],[-119.04549,49.03423],[-119.045546,49.034237],[-119.045602,49.034241],[-119.045881,49.034279],[-119.045962,49.034297],[-119.046045,49.03431],[-119.046099,49.034322],[-119.046152,49.034336],[-119.046206,49.034348],[-119.046258,49.034363],[-119.046347,49.034385],[-119.046434,49.03441],[-119.046518,49.034439],[-119.046569,49.034456],[-119.046619,49.034474],[-119.046687,49.034496],[-119.046752,49.034521],[-119.046813,49.03455],[-119.046894,49.034583],[-119.046972,49.034618],[-119.047046,49.034657],[-119.047137,49.034702],[-119.047222,49.034752],[-119.047327,49.034815],[-119.047426,49.034882],[-119.047479,49.03492],[-119.048385,49.035675],[-119.048433,49.03571],[-119.048479,49.035744],[-119.048526,49.035778],[-119.048576,49.035813],[-119.048625,49.035843],[-119.048675,49.035874],[-119.048726,49.035908],[-119.048778,49.035939],[-119.048831,49.035969],[-119.048885,49.035996],[-119.04894,49.036026],[-119.048995,49.036053],[-119.049051,49.036084],[-119.049108,49.03611],[-119.049165,49.036137],[-119.049222,49.03616],[-119.049282,49.036187],[-119.049341,49.036209],[-119.0494,49.036236],[-119.049461,49.036259],[-119.049522,49.036282],[-119.049585,49.036301],[-119.049648,49.036324],[-119.049711,49.036343],[-119.049774,49.036362],[-119.049837,49.036381],[-119.049901,49.0364],[-119.049966,49.036415],[-119.050031,49.036431],[-119.050098,49.03645],[-119.050165,49.036465],[-119.050231,49.036476],[-119.050298,49.036492],[-119.050365,49.036503],[-119.050432,49.036515],[-119.0505,49.036526],[-119.050569,49.036538],[-119.050638,49.036545],[-119.050706,49.036557],[-119.050775,49.036564],[-119.050844,49.036572],[-119.050914,49.036576],[-119.050983,49.036583],[-119.051052,49.036587],[-119.051122,49.036591],[-119.051193,49.036595],[-119.051292,49.036599],[-119.051366,49.036595],[-119.051441,49.036591],[-119.051517,49.036591],[-119.051591,49.036583],[-119.051666,49.036579],[-119.05174,49.036572],[-119.051814,49.036564],[-119.051889,49.036557],[-119.051963,49.036549],[-119.052036,49.036541],[-119.05211,49.03653],[-119.052183,49.036518],[-119.052255,49.036507],[-119.052328,49.036492],[-119.0524,49.03648],[-119.052472,49.036465],[-119.052543,49.03645],[-119.052614,49.036435],[-119.052684,49.036415],[-119.052755,49.036396],[-119.052823,49.036377],[-119.052894,49.036358],[-119.052963,49.036339],[-119.053029,49.03632],[-119.053096,49.036297],[-119.053163,49.036274],[-119.05323,49.036251],[-119.053296,49.036225],[-119.053361,49.036202],[-119.053424,49.036175],[-119.053489,49.036148],[-119.05355,49.036122],[-119.053613,49.036095],[-119.053674,49.036068],[-119.053735,49.036038],[-119.053794,49.036007],[-119.053853,49.035977],[-119.053913,49.035946],[-119.05397,49.035912],[-119.054025,49.035881],[-119.054113,49.035828],[-119.055604,49.034859],[-119.055702,49.03479],[-119.055753,49.034759],[-119.055803,49.034726],[-119.055873,49.034687],[-119.055926,49.034655],[-119.055982,49.034626],[-119.056019,49.034608],[-119.056058,49.034592],[-119.056095,49.034574],[-119.056135,49.034558],[-119.056193,49.034531],[-119.056255,49.034508],[-119.056419,49.034447],[-119.056463,49.034435],[-119.056505,49.03442],[-119.056766,49.034352],[-119.056812,49.034344],[-119.056856,49.034333],[-119.057039,49.034302],[-119.057085,49.034298],[-119.05713,49.034291],[-119.057176,49.034287],[-119.057222,49.034279],[-119.0573,49.034275],[-119.057239,49.034142],[-119.057323,49.03414],[-119.057407,49.034134],[-119.057744,49.034134],[-119.057802,49.034138],[-119.057886,49.034142],[-119.058067,49.034157],[-119.058246,49.034179],[-119.058423,49.034208],[-119.058598,49.034244],[-119.058756,49.034281],[-119.058911,49.034324],[-119.059062,49.034373],[-119.059209,49.034428],[-119.059083,49.034535],[-119.060024,49.035088],[-119.060361,49.035282],[-119.060378,49.035286],[-119.060449,49.035332],[-119.06047,49.035349],[-119.060494,49.035365],[-119.060522,49.035378],[-119.0606,49.035424],[-119.060628,49.035436],[-119.060653,49.03545],[-119.060681,49.035463],[-119.060707,49.035477],[-119.060939,49.035569],[-119.060971,49.035577],[-119.061,49.035588],[-119.061047,49.035599],[-119.061092,49.035614],[-119.06122,49.035645],[-119.061269,49.035652],[-119.061317,49.035664],[-119.061367,49.03567],[-119.061416,49.035679],[-119.061548,49.035694],[-119.061599,49.035696],[-119.061649,49.035702],[-119.061699,49.035702],[-119.06175,49.035706],[-119.061819,49.035706],[-119.061869,49.035706],[-119.06192,49.035702],[-119.061953,49.035702],[-119.061986,49.035698],[-119.062037,49.035697],[-119.062087,49.035691],[-119.062135,49.035689],[-119.062181,49.035684],[-119.062227,49.035675],[-119.063171,49.035576],[-119.063459,49.035557],[-119.063517,49.035557],[-119.063575,49.035553],[-119.063806,49.035553],[-119.064153,49.035576],[-119.064226,49.035477],[-119.065,49.035698],[-119.064929,49.035809],[-119.065441,49.036068],[-119.065515,49.036133],[-119.065591,49.036198],[-119.065669,49.036263],[-119.06575,49.036324],[-119.065832,49.036385],[-119.065914,49.036446],[-119.065999,49.036507],[-119.066085,49.036564],[-119.066173,49.036625],[-119.066263,49.036682],[-119.066352,49.036736],[-119.066446,49.036793],[-119.066539,49.036846],[-119.066635,49.036896],[-119.06673,49.036949],[-119.066829,49.036999],[-119.066928,49.037049],[-119.067027,49.037098],[-119.06713,49.037144],[-119.067233,49.03719],[-119.067336,49.037236],[-119.067443,49.037278],[-119.067548,49.03732],[-119.067657,49.037361],[-119.067766,49.0374],[-119.067874,49.037438],[-119.067985,49.037476],[-119.068098,49.037514],[-119.06821,49.037548],[-119.068324,49.037579],[-119.068439,49.037613],[-119.068553,49.037644],[-119.06867,49.037674],[-119.068786,49.037701],[-119.068904,49.037728],[-119.069023,49.037754],[-119.069141,49.037777],[-119.069261,49.0378],[-119.069381,49.037823],[-119.069581,49.037854],[-119.076599,49.038945],[-119.077819,49.039265],[-119.079044,49.039574],[-119.079095,49.039597],[-119.079149,49.039616],[-119.079184,49.039631],[-119.079221,49.039643],[-119.079272,49.039663],[-119.079326,49.039679],[-119.079381,49.039692],[-119.079436,49.039709],[-119.079494,49.039723],[-119.079551,49.039738],[-119.07961,49.039749],[-119.079769,49.03978],[-119.079809,49.039784],[-119.079849,49.039791],[-119.079889,49.039796],[-119.079929,49.039803],[-119.07999,49.039809],[-119.080051,49.039811],[-119.080112,49.039817],[-119.080173,49.039818],[-119.080234,49.039822],[-119.080295,49.039822],[-119.080419,49.039822],[-119.080459,49.039818],[-119.080499,49.039818],[-119.08054,49.039815],[-119.080581,49.039814],[-119.080703,49.039803],[-119.080763,49.039793],[-119.080823,49.039788],[-119.080942,49.039765],[-119.080969,49.039762],[-119.080996,49.039757],[-119.081022,49.039749],[-119.081119,49.03973],[-119.081212,49.039704],[-119.081288,49.039685],[-119.081361,49.039662],[-119.081399,49.03965],[-119.08147,49.039624],[-119.082126,49.039387],[-119.082187,49.039368],[-119.082248,49.039345],[-119.082311,49.039326],[-119.082374,49.039307],[-119.082437,49.039288],[-119.0825,49.039273],[-119.082565,49.039254],[-119.08263,49.039238],[-119.082694,49.039223],[-119.082759,49.039208],[-119.082824,49.039193],[-119.082891,49.039181],[-119.082958,49.039166],[-119.083024,49.039154],[-119.083091,49.039143],[-119.083158,49.039135],[-119.083236,49.039124],[-119.083213,49.039017],[-119.083352,49.039006],[-119.083398,49.039005],[-119.083444,49.039002],[-119.083675,49.039002],[-119.083721,49.039005],[-119.083768,49.039006],[-119.083997,49.039025],[-119.084042,49.039032],[-119.084087,49.039036],[-119.084148,49.039046],[-119.084293,49.039071],[-119.084435,49.039101],[-119.084574,49.039136],[-119.08471,49.039176],[-119.084842,49.039222],[-119.084941,49.03926],[-119.085039,49.0393],[-119.085132,49.039344],[-119.085224,49.039391],[-119.085346,49.039461],[-119.085462,49.039535],[-119.085615,49.03965],[-119.085659,49.039685],[-119.085699,49.039723],[-119.085752,49.039772],[-119.085802,49.039822],[-119.085887,49.03992],[-119.085964,49.04002],[-119.085859,49.040066],[-119.08637,49.040821],[-119.086372,49.040833],[-119.08642,49.040891],[-119.086471,49.040947],[-119.086505,49.040989],[-119.086542,49.041027],[-119.086578,49.041066],[-119.086616,49.0411],[-119.086656,49.041138],[-119.086696,49.041176],[-119.086822,49.041279],[-119.086866,49.041317],[-119.086912,49.041348],[-119.086957,49.041382],[-119.087003,49.041417],[-119.087051,49.041447],[-119.087099,49.041481],[-119.087148,49.041512],[-119.087198,49.041542],[-119.087249,49.041573],[-119.087301,49.041603],[-119.087352,49.04163],[-119.087406,49.041661],[-119.087459,49.041687],[-119.087514,49.041714],[-119.08757,49.041741],[-119.087625,49.041767],[-119.087682,49.04179],[-119.087739,49.041817],[-119.087797,49.04184],[-119.087856,49.041863],[-119.087915,49.041886],[-119.087976,49.041909],[-119.088035,49.041928],[-119.088096,49.041951],[-119.088157,49.04197],[-119.08822,49.041989],[-119.088283,49.042008],[-119.088346,49.042023],[-119.088409,49.042042],[-119.088472,49.042057],[-119.088537,49.042073],[-119.088602,49.042088],[-119.088666,49.042103],[-119.088731,49.042115],[-119.088798,49.042126],[-119.088863,49.042137],[-119.08893,49.042149],[-119.088996,49.04216],[-119.089063,49.042172],[-119.089132,49.042179],[-119.089199,49.042187],[-119.089265,49.042195],[-119.089334,49.042199],[-119.089414,49.042206],[-119.093643,49.042599],[-119.093688,49.0425],[-119.094867,49.042595],[-119.09489,49.042713],[-119.095867,49.042824],[-119.095998,49.042843],[-119.096039,49.042845],[-119.096078,49.042851],[-119.09612,49.042851],[-119.09616,49.042855],[-119.096349,49.042855],[-119.096367,49.042852],[-119.096385,49.042851],[-119.096403,49.042851],[-119.09642,49.042848],[-119.096438,49.042847],[-119.096456,49.042847],[-119.096473,49.042844],[-119.096491,49.042843],[-119.096509,49.042843],[-119.096641,49.042824],[-119.096679,49.042815],[-119.096719,49.042809],[-119.096736,49.042804],[-119.096753,49.0428],[-119.096771,49.042797],[-119.096786,49.042792],[-119.096803,49.042788],[-119.09682,49.042786],[-119.096919,49.042755],[-119.096969,49.04274],[-119.097015,49.042721],[-119.097061,49.042705],[-119.097104,49.042687],[-119.09822,49.042267],[-119.09826,49.042252],[-119.098321,49.042226],[-119.098384,49.042202],[-119.098411,49.04219],[-119.09844,49.04218],[-119.09847,49.042172],[-119.0986,49.042126],[-119.098915,49.042046],[-119.098961,49.042038],[-119.099006,49.042027],[-119.099193,49.041996],[-119.099241,49.041992],[-119.099288,49.041985],[-119.099576,49.041962],[-119.09963,49.041962],[-119.099683,49.041958],[-119.099664,49.041867],[-119.099758,49.04187],[-119.099851,49.041882],[-119.099945,49.04189],[-119.100038,49.041901],[-119.100131,49.041912],[-119.100223,49.041924],[-119.100316,49.041939],[-119.100408,49.041954],[-119.1005,49.04197],[-119.100591,49.041985],[-119.100681,49.042004],[-119.100797,49.042027],[-119.100774,49.042099],[-119.103128,49.043358],[-119.103237,49.043404],[-119.103345,49.043454],[-119.103456,49.043499],[-119.103568,49.043541],[-119.103681,49.043587],[-119.103794,49.043629],[-119.10391,49.043667],[-119.104026,49.043705],[-119.104143,49.043743],[-119.104261,49.043782],[-119.104379,49.043816],[-119.104499,49.04385],[-119.104621,49.043885],[-119.104741,49.043915],[-119.104865,49.043946],[-119.104988,49.043972],[-119.105112,49.043999],[-119.105237,49.044026],[-119.105361,49.044049],[-119.105487,49.044072],[-119.105615,49.044091],[-119.105741,49.04411],[-119.105869,49.044129],[-119.105997,49.044148],[-119.106126,49.044163],[-119.106254,49.044175],[-119.106384,49.044186],[-119.106513,49.044197],[-119.106643,49.044209],[-119.106773,49.044216],[-119.106903,49.04422],[-119.107034,49.044228],[-119.107164,49.044232],[-119.107294,49.044232],[-119.107425,49.044232],[-119.107555,49.044232],[-119.107686,49.044228],[-119.107739,49.044228],[-119.107816,49.044224],[-119.107946,49.04422],[-119.108076,49.044213],[-119.108205,49.044201],[-119.108335,49.044194],[-119.108465,49.044182],[-119.108594,49.044167],[-119.108722,49.044152],[-119.108852,49.044136],[-119.10898,49.044121],[-119.109106,49.044102],[-119.109233,49.044079],[-119.109359,49.04406],[-119.109485,49.044037],[-119.109609,49.04401],[-119.109733,49.043984],[-119.109857,49.043957],[-119.109981,49.043927],[-119.110103,49.043896],[-119.110223,49.043866],[-119.110343,49.043831],[-119.110487,49.04368],[-119.111233,49.043675],[-119.11107,49.04385],[-119.110942,49.043892],[-119.110814,49.043934],[-119.110685,49.043972],[-119.110555,49.04401],[-119.110423,49.044045],[-119.11029,49.044079],[-119.110158,49.044113],[-119.110023,49.044144],[-119.109888,49.044175],[-119.109752,49.044201],[-119.109617,49.044228],[-119.109479,49.044255],[-119.109342,49.044278],[-119.109203,49.0443],[-119.109064,49.044319],[-119.108924,49.044339],[-119.108785,49.044354],[-119.108644,49.044369],[-119.108503,49.044384],[-119.108362,49.044396],[-119.10822,49.044407],[-119.108079,49.044415],[-119.107936,49.044422],[-119.10774,49.044426],[-119.106948,49.04443],[-119.106805,49.044422],[-119.106664,49.044419],[-119.106521,49.044407],[-119.10638,49.0444],[-119.106239,49.044384],[-119.1061,49.044373],[-119.105958,49.044358],[-119.105817,49.044339],[-119.105678,49.044319],[-119.105539,49.0443],[-119.105401,49.044278],[-119.105264,49.044255],[-119.105127,49.044232],[-119.104989,49.044205],[-119.104854,49.044175],[-119.104719,49.044148],[-119.104585,49.044117],[-119.104452,49.044083],[-119.104318,49.044049],[-119.104186,49.044014],[-119.104057,49.043976],[-119.103927,49.043938],[-119.103799,49.043896],[-119.103671,49.043854],[-119.103544,49.043812],[-119.10342,49.043766],[-119.103296,49.043721],[-119.103174,49.043675],[-119.103044,49.043621],[-119.100601,49.04237],[-119.100482,49.042508],[-119.100395,49.042484],[-119.100305,49.042466],[-119.100215,49.042446],[-119.100124,49.042431],[-119.100078,49.042424],[-119.100032,49.04242],[-119.099986,49.042412],[-119.099939,49.042408],[-119.09987,49.042399],[-119.0998,49.042393],[-119.099691,49.042385],[-119.099674,49.042263],[-119.09962,49.042263],[-119.099567,49.042267],[-119.099514,49.042267],[-119.099462,49.042271],[-119.099409,49.042273],[-119.099357,49.042279],[-119.099185,49.042298],[-119.099152,49.042305],[-119.099117,49.042309],[-119.099067,49.042321],[-119.099016,49.042328],[-119.098916,49.042351],[-119.098869,49.042366],[-119.098819,49.042378],[-119.098788,49.042389],[-119.098754,49.042397],[-119.098541,49.042477],[-119.098523,49.042486],[-119.098503,49.042494],[-119.098482,49.0425],[-119.097295,49.042931],[-119.097169,49.042977],[-119.097137,49.042985],[-119.097106,49.042996],[-119.097072,49.043004],[-119.09704,49.043015],[-119.097006,49.043023],[-119.096975,49.043034],[-119.096906,49.043049],[-119.096857,49.043061],[-119.096805,49.043068],[-119.096736,49.043084],[-119.096683,49.043089],[-119.096631,49.043099],[-119.09649,49.043114],[-119.096455,49.043114],[-119.09642,49.043118],[-119.096383,49.043118],[-119.096347,49.043122],[-119.096134,49.043122],[-119.096099,49.043118],[-119.096063,49.043118],[-119.096027,49.043114],[-119.095991,49.043114],[-119.095878,49.043102],[-119.095766,49.043087],[-119.094797,49.043007],[-119.094747,49.043114],[-119.093568,49.043015],[-119.093566,49.042904],[-119.089767,49.042519],[-119.089689,49.042515],[-119.08961,49.042511],[-119.08953,49.042508],[-119.089452,49.042504],[-119.089374,49.042496],[-119.089296,49.042488],[-119.089218,49.042481],[-119.089141,49.042469],[-119.089063,49.042462],[-119.088987,49.04245],[-119.088909,49.042439],[-119.088832,49.042427],[-119.088756,49.042412],[-119.08868,49.042397],[-119.088605,49.042382],[-119.088531,49.042366],[-119.088455,49.042351],[-119.088382,49.042332],[-119.088308,49.042313],[-119.088235,49.042294],[-119.088163,49.042275],[-119.08809,49.042252],[-119.088018,49.042229],[-119.087947,49.042206],[-119.087877,49.042183],[-119.087808,49.04216],[-119.087739,49.042134],[-119.087671,49.042107],[-119.087602,49.04208],[-119.087535,49.042054],[-119.08747,49.042027],[-119.087404,49.041996],[-119.087341,49.041966],[-119.087276,49.041935],[-119.087213,49.041905],[-119.087152,49.041874],[-119.087089,49.04184],[-119.08703,49.041806],[-119.086971,49.041771],[-119.086912,49.041737],[-119.086854,49.041703],[-119.086797,49.041668],[-119.086742,49.04163],[-119.086687,49.041592],[-119.086633,49.041554],[-119.08658,49.041516],[-119.086528,49.041478],[-119.086479,49.041436],[-119.086429,49.041397],[-119.086379,49.041355],[-119.086332,49.041314],[-119.086286,49.041272],[-119.08624,49.04123],[-119.086196,49.041188],[-119.086154,49.041142],[-119.086112,49.0411],[-119.086072,49.041054],[-119.086028,49.041005],[-119.085494,49.040207],[-119.085483,49.040207],[-119.085319,49.040257]]]},"properties":{"OBJECTID":18736,"PMBCParcelGUID":"{E77632BB-EDD0-4E9C-B62A-831F6ABDD375}","PMBC_PID":2316811,"PMBC_PIN":2316811,"PMBC_ParcelClass":"SUBDIVISION","PMBC_OwnerType":"CROWN PROVINCIAL","PMBC_LegalDescription":"THAT PART OF SUB LOT 1 SHOWN ON PLAN DD 4938 DISTRICT LOT 2707 SIMILKAMEEN DIVISION YALE DISTRICT PLAN 1187","Folio":"71306742000","FullAddress":"","apt_no":null,"street_no":null,"street_direction_prefix":null,"street_name":null,"street_direction_suffix":null,"postal_code":null,"city":null,"province":"BC","AddressID":"D00000F5NW","TempKey":"E77632BB-EDD0-4E9C-B62A-831F6ABDD375D00000F5NW","GlobalID":"{E690A789-6A4E-4DA4-A9AA-A078B76E2B0C}","Shape__Area":0.000021836722101127505,"Shape__Length":0.14563401304140236}},{"type":"Feature","geometry":{"type":"Polygon","coordinates":[[[-118.452067,49.027001],[-118.452192,49.027001],[-118.452192,49.027128],[-118.452191,49.02731],[-118.45219,49.027413],[-118.452167,49.027413],[-118.452065,49.02741],[-118.452067,49.027001]]]},"properties":{"OBJECTID":18737,"PMBCParcelGUID":"{7C0B802A-F706-4B4C-93AB-8321404638D5}","PMBC_PID":12801097,"PMBC_PIN":12801097,"PMBC_ParcelClass":"SUBDIVISION","PMBC_OwnerType":"LOCAL GOVERNMENT","PMBC_LegalDescription":"LOT 3 BLOCK 6 DISTRICT LOT 382 SIMILKAMEEN DIVISION YALE DISTRICT PLAN 22","Folio":"21000625015","FullAddress":"DONALDSON DR , GRAND FORKS","apt_no":null,"street_no":null,"street_direction_prefix":null,"street_name":"DONALDSON DR","street_direction_suffix":null,"postal_code":null,"city":"GRAND FORKS","province":"BC","AddressID":"A00000H7LV","TempKey":"7C0B802A-F706-4B4C-93AB-8321404638D5A00000H7LV","GlobalID":"{5F2B99AF-F13D-41BE-8D78-F85A052DA5E5}","Shape__Area":5.1487276875500016e-8,"Shape__Length":0.0010718203059990863}},{"type":"Feature","geometry":{"type":"Polygon","coordinates":[[[-118.773857,49.007973],[-118.773648,49.007975],[-118.773643,49.00765],[-118.773852,49.00765],[-118.773857,49.007973]]]},"properties":{"OBJECTID":18738,"PMBCParcelGUID":"{946D97D3-0B4E-4AB7-9DF6-8321931C6BFE}","PMBC_PID":9857907,"PMBC_PIN":9857907,"PMBC_ParcelClass":"SUBDIVISION","PMBC_OwnerType":"PRIVATE","PMBC_LegalDescription":"LOT 3 DISTRICT LOT 501 SIMILKAMEEN DIVISION YALE DISTRICT PLAN 8351","Folio":"54700090000","FullAddress":"525 SEVENTH AVE , MIDWAY","apt_no":null,"street_no":"525","street_direction_prefix":null,"street_name":"SEVENTH AVE","street_direction_suffix":null,"postal_code":null,"city":"MIDWAY","province":"BC","AddressID":"A00000HVFC","TempKey":"946D97D3-0B4E-4AB7-9DF6-8321931C6BFEA00000HVFC","GlobalID":"{0D3095C2-4D54-4BF0-9A68-2404BF5351F2}","Shape__Area":6.761462875450001e-8,"Shape__Length":0.0010653465526968327}},{"type":"Feature","geometry":{"type":"Polygon","coordinates":[[[-117.804169,49.076257],[-117.804044,49.076251],[-117.804059,49.076115],[-117.804184,49.076121],[-117.804169,49.076257]]]},"properties":{"OBJECTID":18739,"PMBCParcelGUID":"{F1C9F808-104E-44C3-9835-8321BA7E0D3B}","PMBC_PID":15778959,"PMBC_PIN":15778959,"PMBC_ParcelClass":"SUBDIVISION","PMBC_OwnerType":"PRIVATE","PMBC_LegalDescription":"THE NORTH 1/2 OF LOT 13 BLOCK 12 DISTRICT LOT 535 KOOTENAY DISTRICT PLAN 579","Folio":"22900109000","FullAddress":"1795 LEROI AVE , ROSSLAND","apt_no":null,"street_no":"1795","street_direction_prefix":null,"street_name":"LEROI AVE","street_direction_suffix":null,"postal_code":null,"city":"ROSSLAND","province":"BC","AddressID":"A000018NXD","TempKey":"F1C9F808-104E-44C3-9835-8321BA7E0D3BA000018NXD","GlobalID":"{CFEA7CD4-1089-4C7B-AAB0-FAC0CE441353}","Shape__Area":1.7150077092000003e-8,"Shape__Length":0.0005249229584284237}},{"type":"Feature","geometry":{"type":"Polygon","coordinates":[[[-118.536432,49.119193],[-118.536556,49.119191],[-118.536556,49.119519],[-118.536431,49.119522],[-118.536432,49.119193]]]},"properties":{"OBJECTID":18740,"PMBCParcelGUID":"{A3CF9CE7-C0DF-41BF-B63E-8323982C5451}","PMBC_PID":12914991,"PMBC_PIN":12914991,"PMBC_ParcelClass":"SUBDIVISION","PMBC_OwnerType":"CROWN PROVINCIAL","PMBC_LegalDescription":"LOT 23 BLOCK 45 DISTRICT LOT 2005 SIMILKAMEEN DIVISION YALE DISTRICT PLAN 79","Folio":"71204850894","FullAddress":"","apt_no":null,"street_no":null,"street_direction_prefix":null,"street_name":null,"street_direction_suffix":null,"postal_code":null,"city":null,"province":"BC","AddressID":"D00000FQVZ","TempKey":"A3CF9CE7-C0DF-41BF-B63E-8323982C5451D00000FQVZ","GlobalID":"{29BA3971-2846-4DFE-BFAB-7E003EFED864}","Shape__Area":4.105608733100001e-8,"Shape__Length":0.0009070420956392931}},{"type":"Feature","geometry":{"type":"Polygon","coordinates":[[[-117.754765,49.095529],[-117.754828,49.095575],[-117.75423,49.095864],[-117.754156,49.095824],[-117.754765,49.095529]]]},"properties":{"OBJECTID":18741,"PMBCParcelGUID":"{701DDBD4-D817-44DB-80D2-832400A1C9CA}","PMBC_PID":13364171,"PMBC_PIN":13364171,"PMBC_ParcelClass":"SUBDIVISION","PMBC_OwnerType":"PRIVATE","PMBC_LegalDescription":"LOT 12 BLOCK 22 DISTRICT LOT 4597 KOOTENAY DISTRICT PLAN 1939 EXCEPT PARCEL A (SEE 169115I)","Folio":"58800281000","FullAddress":"828 BURNS AVE , WARFIELD","apt_no":null,"street_no":"828","street_direction_prefix":null,"street_name":"BURNS AVE","street_direction_suffix":null,"postal_code":"V1R 2G1","city":"WARFIELD","province":"BC","AddressID":"A0000192PP","TempKey":"701DDBD4-D817-44DB-80D2-832400A1C9CAA0000192PP","GlobalID":"{F5196CDA-FF5D-4729-A22B-9555C0BE4017}","Shape__Area":4.598032500200001e-8,"Shape__Length":0.0015035979863777121}},{"type":"Feature","geometry":{"type":"Polygon","coordinates":[[[-118.435369,49.02803],[-118.434943,49.028144],[-118.434896,49.028067],[-118.435322,49.027954],[-118.435362,49.028019],[-118.435369,49.02803]]]},"properties":{"OBJECTID":18742,"PMBCParcelGUID":"{0D8C3D24-A1B1-47B1-8508-832534144EE2}","PMBC_PID":12772623,"PMBC_PIN":12772623,"PMBC_ParcelClass":"SUBDIVISION","PMBC_OwnerType":"LOCAL GOVERNMENT","PMBC_LegalDescription":"LOT 15 BLOCK 12 DISTRICT LOT 534 SIMILKAMEEN DIVISION YALE DISTRICT PLAN 36","Folio":"21001450000","FullAddress":"6842 3RD ST , GRAND FORKS","apt_no":null,"street_no":"6842","street_direction_prefix":null,"street_name":"3RD ST","street_direction_suffix":null,"postal_code":null,"city":"GRAND FORKS","province":"BC","AddressID":"A00000H91Z","TempKey":"0D8C3D24-A1B1-47B1-8508-832534144EE2A00000H91Z","GlobalID":"{69DBFF99-CF72-489E-B917-01B9037C2205}","Shape__Area":3.7821116028000006e-8,"Shape__Length":0.001060417120287686}},{"type":"Feature","geometry":{"type":"Polygon","coordinates":[[[-117.800895,49.078529],[-117.800855,49.078527],[-117.800885,49.078254],[-117.800925,49.078256],[-117.800895,49.078529]]]},"properties":{"OBJECTID":18743,"PMBCParcelGUID":"{DB74923D-571A-4EEA-87E8-83265C905601}","PMBC_PID":13673009,"PMBC_PIN":13673009,"PMBC_ParcelClass":"SUBDIVISION","PMBC_OwnerType":"PRIVATE","PMBC_LegalDescription":"PARCEL A (SEE 155017I) OF LOT 7 BLOCK 16 DISTRICT LOT 535 KOOTENAY DISTRICT PLAN 616","Folio":"22900628000","FullAddress":"1960 FIRST AVE , ROSSLAND","apt_no":null,"street_no":"1960","street_direction_prefix":null,"street_name":"FIRST AVE","street_direction_suffix":null,"postal_code":null,"city":"ROSSLAND","province":"BC","AddressID":"A000018PM1","TempKey":"DB74923D-571A-4EEA-87E8-83265C905601A000018PM1","GlobalID":"{D6FF6FCA-4E0E-4B7F-A6D4-5750FD185A99}","Shape__Area":1.0972888887500003e-8,"Shape__Length":0.0006304498218862259}},{"type":"Feature","geometry":{"type":"Polygon","coordinates":[[[-118.441464,49.019362],[-118.441467,49.019896],[-118.440688,49.019896],[-118.441032,49.019674],[-118.441147,49.019601],[-118.441257,49.019524],[-118.441363,49.019444],[-118.441464,49.019362]]]},"properties":{"OBJECTID":18744,"PMBCParcelGUID":"{19193C20-3240-4CB9-A3A7-832774C8723F}","PMBC_PID":23375973,"PMBC_PIN":23375973,"PMBC_ParcelClass":"SUBDIVISION","PMBC_OwnerType":"PRIVATE","PMBC_LegalDescription":"LOT A DISTRICT LOT 534 SIMILKAMEEN DIVISION YALE DISTRICT PLAN KAP56608","Folio":"21001588010","FullAddress":"6160 COMO ST , GRAND FORKS","apt_no":null,"street_no":"6160","street_direction_prefix":null,"street_name":"COMO ST","street_direction_suffix":null,"postal_code":"V0H 1H4","city":"GRAND FORKS","province":"BC","AddressID":"A00000H97M","TempKey":"19193C20-3240-4CB9-A3A7-832774C8723FA00000H97M","GlobalID":"{0E2C3F79-8308-466D-BF3F-67C27928BFFD}","Shape__Area":1.9863619868900006e-7,"Shape__Length":0.0022548620206916115}},{"type":"Feature","geometry":{"type":"Polygon","coordinates":[[[-118.45346,49.021999],[-118.453801,49.021997],[-118.453976,49.021996],[-118.45409,49.022126],[-118.453639,49.022298],[-118.45346,49.022094],[-118.45346,49.021999]]]},"properties":{"OBJECTID":18745,"PMBCParcelGUID":"{2F583435-87AF-483C-AE7B-8327FA3F9AE1}","PMBC_PID":12806048,"PMBC_PIN":12806048,"PMBC_ParcelClass":"SUBDIVISION","PMBC_OwnerType":"LOCAL GOVERNMENT","PMBC_LegalDescription":"LOT 28 BLOCK 7 DISTRICT LOT 380 SIMILKAMEEN DIVISION YALE DISTRICT PLAN 35","Folio":"21000701270","FullAddress":"18TH ST , GRAND FORKS","apt_no":null,"street_no":null,"street_direction_prefix":null,"street_name":"18TH ST","street_direction_suffix":null,"postal_code":null,"city":"GRAND FORKS","province":"BC","AddressID":"A00000H7RX","TempKey":"2F583435-87AF-483C-AE7B-8327FA3F9AE1A00000H7RX","GlobalID":"{88B76AA6-B0F0-4627-8E31-7C8FB630D597}","Shape__Area":1.2499916053550004e-7,"Shape__Length":0.001537365604511122}},{"type":"Feature","geometry":{"type":"Polygon","coordinates":[[[-118.438709,49.022554],[-118.438634,49.022435],[-118.439196,49.022429],[-118.439227,49.022478],[-118.438747,49.022611],[-118.438709,49.022554]]]},"properties":{"OBJECTID":18746,"PMBCParcelGUID":"{CCC6F44F-C44D-4377-B876-832F6863EC02}","PMBC_PID":12750778,"PMBC_PIN":12750778,"PMBC_ParcelClass":"SUBDIVISION","PMBC_OwnerType":"PRIVATE","PMBC_LegalDescription":"LOT 7 BLOCK 36 DISTRICT LOT 534 SIMILKAMEEN DIVISION YALE DISTRICT PLAN 108","Folio":"21001557000","FullAddress":"6412 8TH ST , GRAND FORKS","apt_no":null,"street_no":"6412","street_direction_prefix":null,"street_name":"8TH ST","street_direction_suffix":null,"postal_code":"V0H 1H4","city":"GRAND FORKS","province":"BC","AddressID":"A00000H968","TempKey":"CCC6F44F-C44D-4377-B876-832F6863EC02A00000H968","GlobalID":"{44F67852-C3F2-4580-9B9C-CBDBFE5AE563}","Shape__Area":6.358328459050001e-8,"Shape__Length":0.0013272130272125211}},{"type":"Feature","geometry":{"type":"Polygon","coordinates":[[[-119.153732,49.076307],[-119.155689,49.076299],[-119.155719,49.079739],[-119.153751,49.079746],[-119.15375,49.079576],[-119.15375,49.079534],[-119.153751,49.077942],[-119.153732,49.076307]]]},"properties":{"OBJECTID":18747,"PMBCParcelGUID":"{18DCB72E-4BB9-4C20-B609-83301FF6CDED}","PMBC_PID":2934931,"PMBC_PIN":2934931,"PMBC_ParcelClass":"SUBDIVISION","PMBC_OwnerType":"PRIVATE","PMBC_LegalDescription":"LOT 3 DISTRICT LOT 245S SIMILKAMEEN DIVISION YALE DISTRICT PLAN 34802","Folio":"71302362015","FullAddress":"1843 GOUGH RD , BRIDESVILLE","apt_no":null,"street_no":"1843","street_direction_prefix":null,"street_name":"GOUGH RD","street_direction_suffix":null,"postal_code":"V0H 1Y0","city":"BRIDESVILLE","province":"BC","AddressID":"A00000J749","TempKey":"18DCB72E-4BB9-4C20-B609-83301FF6CDEDA00000J749","GlobalID":"{23E1EC1B-0FFF-4EF5-B45F-171348C51BDA}","Shape__Area":0.000006733063346868502,"Shape__Length":0.010803262109705905}},{"type":"Feature","geometry":{"type":"Polygon","coordinates":[[[-117.757198,49.093978],[-117.75718,49.094114],[-117.756761,49.094087],[-117.756781,49.093951],[-117.757198,49.093978]]]},"properties":{"OBJECTID":18748,"PMBCParcelGUID":"{5F13356C-3C81-4CB2-9166-833214967D7A}","PMBC_PID":15516601,"PMBC_PIN":15516601,"PMBC_ParcelClass":"SUBDIVISION","PMBC_OwnerType":"PRIVATE","PMBC_LegalDescription":"LOT 4 BLOCK 16 DISTRICT LOT 4597 KOOTENAY DISTRICT PLAN 1939","Folio":"58800195000","FullAddress":"790 CARLYLE ST , WARFIELD","apt_no":null,"street_no":"790","street_direction_prefix":null,"street_name":"CARLYLE ST","street_direction_suffix":null,"postal_code":"V1R 2E7","city":"WARFIELD","province":"BC","AddressID":"A0000192MJ","TempKey":"5F13356C-3C81-4CB2-9166-833214967D7AA0000192MJ","GlobalID":"{4F7971E3-BB9A-413B-8F1F-D3423331E361}","Shape__Area":5.751444757850001e-8,"Shape__Length":0.0011131340386388755}},{"type":"Feature","geometry":{"type":"Polygon","coordinates":[[[-118.677623,49.094098],[-118.678064,49.094096],[-118.678065,49.094165],[-118.677624,49.094167],[-118.677623,49.094098]]]},"properties":{"OBJECTID":18749,"PMBCParcelGUID":"{80662EAD-2FEE-4736-AA36-8338CEEE8CAE}","PMBC_PID":12880035,"PMBC_PIN":12880035,"PMBC_ParcelClass":"SUBDIVISION","PMBC_OwnerType":"LOCAL GOVERNMENT","PMBC_LegalDescription":"LOT 1 BLOCK 15 DISTRICT LOT 711 SIMILKAMEEN DIVISION YALE DISTRICT PLAN 34","Folio":"21100189105","FullAddress":"COPPER AVE N, GREENWOOD","apt_no":null,"street_no":null,"street_direction_prefix":null,"street_name":"COPPER AVE","street_direction_suffix":"N","postal_code":"V0H 1J0","city":"GREENWOOD","province":"BC","AddressID":"D00000E48Y","TempKey":"80662EAD-2FEE-4736-AA36-8338CEEE8CAED00000E48Y","GlobalID":"{5866A2E9-65F8-40C9-9AE2-841891634F77}","Shape__Area":3.041732285450001e-8,"Shape__Length":0.0010200528313281936}},{"type":"Feature","geometry":{"type":"Polygon","coordinates":[[[-118.465171,49.033099],[-118.465259,49.033095],[-118.465537,49.03326],[-118.465207,49.0335],[-118.464956,49.033354],[-118.465171,49.033099]]]},"properties":{"OBJECTID":18750,"PMBCParcelGUID":"{30ED9C5C-5F23-4239-802C-8339FC887A4A}","PMBC_PID":17987296,"PMBC_PIN":17987296,"PMBC_ParcelClass":"SUBDIVISION","PMBC_OwnerType":"PRIVATE","PMBC_LegalDescription":"LOT 3 DISTRICT LOT 520 SIMILKAMEEN DIVISION YALE DISTRICT PLAN KAP48455","Folio":"21001087510","FullAddress":"7760 COLUMBIA DR , GRAND FORKS","apt_no":null,"street_no":"7760","street_direction_prefix":null,"street_name":"COLUMBIA DR","street_direction_suffix":null,"postal_code":"V0H 1H2","city":"GRAND FORKS","province":"BC","AddressID":"A00000H8DL","TempKey":"30ED9C5C-5F23-4239-802C-8339FC887A4AA00000H8DL","GlobalID":"{C2F10BC8-4F2C-430A-A679-8E0AA937C69A}","Shape__Area":1.2593675619750004e-7,"Shape__Length":0.0014431974037308446}},{"type":"Feature","geometry":{"type":"Polygon","coordinates":[[[-118.4629,49.025684],[-118.463047,49.025852],[-118.462859,49.025923],[-118.462639,49.026007],[-118.462597,49.026023],[-118.462568,49.02599],[-118.46245,49.025856],[-118.462576,49.025808],[-118.462626,49.025789],[-118.462775,49.025732],[-118.4629,49.025684]]]},"properties":{"OBJECTID":18751,"PMBCParcelGUID":"{BD705CBD-50DB-4473-A704-833E01230C71}","PMBC_PID":17195861,"PMBC_PIN":17195861,"PMBC_ParcelClass":"SUBDIVISION","PMBC_OwnerType":"PRIVATE","PMBC_LegalDescription":"LOT 10 DISTRICT LOTS 380 AND 520 SIMILKAMEEN DIVISION YALE DISTRICT PLAN 25397","Folio":"21000840000","FullAddress":"2123 72ND AVE , GRAND FORKS","apt_no":null,"street_no":"2123","street_direction_prefix":null,"street_name":"72ND AVE","street_direction_suffix":null,"postal_code":null,"city":"GRAND FORKS","province":"BC","AddressID":"A00000H7ZY","TempKey":"BD705CBD-50DB-4473-A704-833E01230C71A00000H7ZY","GlobalID":"{5995AEFB-D6D0-4719-9E57-F6C3F7590419}","Shape__Area":1.0053564841000003e-7,"Shape__Length":0.0014081828583713013}},{"type":"Feature","geometry":{"type":"MultiPolygon","coordinates":[[[[-118.184244,49.063446],[-118.183812,49.062893],[-118.182584,49.060787],[-118.187068,49.060826],[-118.187072,49.06123],[-118.187095,49.063487],[-118.184342,49.063446],[-118.184244,49.063446]]],[[[-118.183563,49.062966],[-118.183937,49.063445],[-118.183904,49.063445],[-118.182727,49.063444],[-118.181489,49.063441],[-118.181504,49.060775],[-118.181622,49.060776],[-118.18229,49.060783],[-118.183563,49.062966]]]]},"properties":{"OBJECTID":18752,"PMBCParcelGUID":"{51529CBB-A34D-495E-B449-83407FC32949}","PMBC_PID":14970236,"PMBC_PIN":14970236,"PMBC_ParcelClass":"SUBDIVISION","PMBC_OwnerType":"PRIVATE","PMBC_LegalDescription":"THAT PART OF DISTRICT LOT 1138S SHOWN ON PLAN B499 SIMILKAMEEN DIVISION YALE DISTRICT EXCEPT PLAN KAP53078","Folio":"71204614000","FullAddress":"2065 HAAGLUND RD , CHRISTINA LAKE","apt_no":null,"street_no":"2065","street_direction_prefix":null,"street_name":"HAAGLUND RD","street_direction_suffix":null,"postal_code":"V0H 1E3","city":"CHRISTINA LAKE","province":"BC","AddressID":"A00000J56T","TempKey":"51529CBB-A34D-495E-B449-83407FC32949A00000J56T","GlobalID":"{658FB6DE-1DAF-4035-BA24-BFD5FC05374F}","Shape__Area":0.000014036889915604504,"Shape__Length":0.022170850025317455}},{"type":"Feature","geometry":{"type":"Polygon","coordinates":[[[-119.087103,49.435767],[-119.087136,49.435706],[-119.087534,49.435796],[-119.087499,49.43586],[-119.087103,49.435767]]]},"properties":{"OBJECTID":18753,"PMBCParcelGUID":"{A7474172-3DBF-40F9-87CA-834193F2A376}","PMBC_PID":7323921,"PMBC_PIN":7323921,"PMBC_ParcelClass":"SUBDIVISION","PMBC_OwnerType":"PRIVATE","PMBC_LegalDescription":"LOT 93 BLOCK 4 DISTRICT LOT 1545 SIMILKAMEEN DIVISION YALE DISTRICT PLAN 94","Folio":"71300107000","FullAddress":"5848 HIGHWAY 33 ","apt_no":null,"street_no":"5848","street_direction_prefix":null,"street_name":"HIGHWAY 33","street_direction_suffix":null,"postal_code":null,"city":null,"province":"BC","AddressID":"A00000J6QB","TempKey":"A7474172-3DBF-40F9-87CA-834193F2A376A00000J6QB","GlobalID":"{144750ED-5141-427B-990E-0E8900F1B13F}","Shape__Area":2.7836156357500008e-8,"Shape__Length":0.0009566228413271483}},{"type":"Feature","geometry":{"type":"Polygon","coordinates":[[[-117.630991,49.086799],[-117.631012,49.08676],[-117.631047,49.086777],[-117.631114,49.086807],[-117.631167,49.08683],[-117.631226,49.086856],[-117.631339,49.086903],[-117.631428,49.08694],[-117.631516,49.086978],[-117.631648,49.087027],[-117.631749,49.087071],[-117.631718,49.087116],[-117.63138,49.087601],[-117.631186,49.087543],[-117.630966,49.087515],[-117.630679,49.087478],[-117.630638,49.087473],[-117.630991,49.086799]]]},"properties":{"OBJECTID":18754,"PMBCParcelGUID":"{64AD615A-321F-46D7-9D06-83464DF5E089}","PMBC_PID":31876081,"PMBC_PIN":31876081,"PMBC_ParcelClass":"SUBDIVISION","PMBC_OwnerType":"PRIVATE","PMBC_LegalDescription":"LOT 1 TOWNSHIP 8A KOOTENAY DISTRICT PLAN EPP124110","Folio":"23204600195","FullAddress":"8195 OLD WANETA RD , TRAIL","apt_no":null,"street_no":"8195","street_direction_prefix":null,"street_name":"OLD WANETA RD","street_direction_suffix":null,"postal_code":"V1R 4W9","city":"TRAIL","province":"BC","AddressID":"J000035BEB","TempKey":"64AD615A-321F-46D7-9D06-83464DF5E089J000035BEB","GlobalID":"{42382610-EC54-47EF-8BAE-AB8120248DBC}","Shape__Area":5.292925718830001e-7,"Shape__Length":0.00300489196261595}},{"type":"Feature","geometry":{"type":"Polygon","coordinates":[[[-118.424603,49.023387],[-118.424588,49.023295],[-118.424426,49.022283],[-118.424471,49.022284],[-118.42709,49.0223],[-118.427034,49.022903],[-118.427029,49.023249],[-118.427019,49.023807],[-118.426731,49.023784],[-118.426444,49.023753],[-118.426159,49.023716],[-118.425877,49.023671],[-118.425597,49.02362],[-118.42532,49.023562],[-118.425047,49.023497],[-118.424603,49.023387]]]},"properties":{"OBJECTID":18755,"PMBCParcelGUID":"{1DC4DA3D-A862-4153-A05D-8348AC5C404B}","PMBC_PID":16956036,"PMBC_PIN":16956036,"PMBC_ParcelClass":"SUBDIVISION","PMBC_OwnerType":"PRIVATE","PMBC_LegalDescription":"LOT A DISTRICT LOTS 152 AND 534 SIMILKAMEEN DIVISION YALE DISTRICT PLAN KAP44373","Folio":"71201825015","FullAddress":"6330 CORONATION RD , GRAND FORKS","apt_no":null,"street_no":"6330","street_direction_prefix":null,"street_name":"CORONATION RD","street_direction_suffix":null,"postal_code":"V0H 1H4","city":"GRAND FORKS","province":"BC","AddressID":"A00000J2T2","TempKey":"1DC4DA3D-A862-4153-A05D-8348AC5C404BA00000J2T2","GlobalID":"{AD08E2DD-C1E7-4B50-9704-AD72D6A3B991}","Shape__Area":0.000003380856454125001,"Shape__Length":0.007749029358314406}},{"type":"Feature","geometry":{"type":"Polygon","coordinates":[[[-117.54801,49.11696],[-117.548273,49.116731],[-117.548552,49.116834],[-117.548433,49.116956],[-117.54801,49.11696]]]},"properties":{"OBJECTID":18756,"PMBCParcelGUID":"{FF1E58CF-B608-4B0F-924F-8348AEE78D46}","PMBC_PID":15206645,"PMBC_PIN":15206645,"PMBC_ParcelClass":"SUBDIVISION","PMBC_OwnerType":"PRIVATE","PMBC_LegalDescription":"LOT 5 DISTRICT LOT 1236 KOOTENAY DISTRICT PLAN 2564","Folio":"52100073000","FullAddress":"27 SHORT ST , FRUITVALE","apt_no":null,"street_no":"27","street_direction_prefix":null,"street_name":"SHORT ST","street_direction_suffix":null,"postal_code":null,"city":"FRUITVALE","province":"BC","AddressID":"A000018XC0","TempKey":"FF1E58CF-B608-4B0F-924F-8348AEE78D46A000018XC0","GlobalID":"{8DC507B8-D514-46FC-AB5D-EC8BDD4A1658}","Shape__Area":7.093200866400001e-8,"Shape__Length":0.0012385738455367302}},{"type":"Feature","geometry":{"type":"Polygon","coordinates":[[[-118.31496,49.032596],[-118.309451,49.032597],[-118.30945,49.025359],[-118.323205,49.025357],[-118.323209,49.032594],[-118.31496,49.032596]]]},"properties":{"OBJECTID":18757,"PMBCParcelGUID":"{8B7573C1-EEB4-4A85-8950-8358A3E3560C}","PMBC_PID":15226921,"PMBC_PIN":15226921,"PMBC_ParcelClass":"SUBDIVISION","PMBC_OwnerType":"PRIVATE","PMBC_LegalDescription":"DISTRICT LOT 3395 SIMILKAMEEN DIVISION YALE DISTRICT EXCEPT PLAN B1788","Folio":"71207157000","FullAddress":"7000 GILPIN CREEK FSR , GRAND FORKS","apt_no":null,"street_no":"7000","street_direction_prefix":null,"street_name":"GILPIN CREEK FSR","street_direction_suffix":null,"postal_code":null,"city":"GRAND FORKS","province":"BC","AddressID":"A00000J649","TempKey":"8B7573C1-EEB4-4A85-8950-8358A3E3560CA00000J649","GlobalID":"{EADC28AC-71F2-45F9-B669-18A633B15381}","Shape__Area":0.00009957247897525353,"Shape__Length":0.04198900065641542}},{"type":"Feature","geometry":{"type":"MultiPolygon","coordinates":[[[[-118.447958,49.105121],[-118.449644,49.10521],[-118.447901,49.107749],[-118.446771,49.107006],[-118.446575,49.106921],[-118.447958,49.105121]]],[[[-118.446241,49.107236],[-118.446386,49.107066],[-118.446565,49.107147],[-118.447332,49.107762],[-118.447112,49.107874],[-118.447006,49.107788],[-118.446899,49.107735],[-118.446802,49.107669],[-118.446696,49.107579],[-118.446537,49.107444],[-118.446271,49.107247],[-118.446241,49.107236]]]]},"properties":{"OBJECTID":18758,"PMBCParcelGUID":"{80AA9153-EE96-4007-9473-8359D88F7C62}","PMBC_PID":6257461,"PMBC_PIN":6257461,"PMBC_ParcelClass":"SUBDIVISION","PMBC_OwnerType":"PRIVATE","PMBC_LegalDescription":"LOT 2 DISTRICT LOT 581S SIMILKAMEEN DIVISION YALE DISTRICT PLAN 23724","Folio":"71203486510","FullAddress":"2030 SNOWBALL CREEK RD W, GRAND FORKS","apt_no":null,"street_no":"2030","street_direction_prefix":null,"street_name":"SNOWBALL CREEK RD","street_direction_suffix":"W","postal_code":"V0H 1H1","city":"GRAND FORKS","province":"BC","AddressID":"A00000J45U","TempKey":"80AA9153-EE96-4007-9473-8359D88F7C62A00000J45U","GlobalID":"{DBC3A568-BE7F-4C3A-A26D-33E096385F1A}","Shape__Area":0.000004234069626837001,"Shape__Length":0.01133619763295329}},{"type":"Feature","geometry":{"type":"Polygon","coordinates":[[[-117.785081,49.068894],[-117.785092,49.06893],[-117.785158,49.069151],[-117.784641,49.068975],[-117.784528,49.068936],[-117.784427,49.068902],[-117.785081,49.068894]]]},"properties":{"OBJECTID":18759,"PMBCParcelGUID":"{BED29BC0-8C42-4AC4-A99E-835A641073F5}","PMBC_PID":31928803,"PMBC_PIN":31928803,"PMBC_ParcelClass":"SUBDIVISION","PMBC_OwnerType":"PRIVATE","PMBC_LegalDescription":"LOT 16 DISTRICT LOT 931 AND SECTION 26 TOWNSHIP 9A KOOTENAY DISTRICT PLAN EPP125300","Folio":"22901607650","FullAddress":"466 COPPER RD , ROSSLAND","apt_no":null,"street_no":"466","street_direction_prefix":null,"street_name":"COPPER RD","street_direction_suffix":null,"postal_code":null,"city":"ROSSLAND","province":"BC","AddressID":"J000035LX9","TempKey":"BED29BC0-8C42-4AC4-A99E-835A641073F5J000035LX9","GlobalID":"{D2653237-D8DF-4CDE-BB66-8755133101D3}","Shape__Area":8.439640130350003e-8,"Shape__Length":0.0016952100398924493}},{"type":"Feature","geometry":{"type":"Polygon","coordinates":[[[-118.898491,49.127782],[-118.898481,49.122367],[-118.898489,49.120553],[-118.909508,49.120562],[-118.909475,49.127795],[-118.898491,49.127782]]]},"properties":{"OBJECTID":18760,"PMBCParcelGUID":"{B20B45C6-3901-43A7-B814-835D66CC582E}","PMBC_PID":15091040,"PMBC_PIN":15091040,"PMBC_ParcelClass":"SUBDIVISION","PMBC_OwnerType":"CROWN PROVINCIAL","PMBC_LegalDescription":"DISTRICT LOT 2330S SIMILKAMEEN DIVISION YALE DISTRICT","Folio":"71305121500","FullAddress":"","apt_no":null,"street_no":null,"street_direction_prefix":null,"street_name":null,"street_direction_suffix":null,"postal_code":null,"city":null,"province":"BC","AddressID":"D00000FRRH","TempKey":"B20B45C6-3901-43A7-B814-835D66CC582ED00000FRRH","GlobalID":"{87E9CEBF-4EE9-4532-8BA9-A1C9976721AE}","Shape__Area":0.00007958523852561802,"Shape__Length":0.036465831203533}},{"type":"Feature","geometry":{"type":"Polygon","coordinates":[[[-118.439212,49.034835],[-118.439502,49.034758],[-118.439813,49.035266],[-118.439524,49.035342],[-118.439212,49.034835]]]},"properties":{"OBJECTID":18761,"PMBCParcelGUID":"{49AE547A-FE5A-49F1-B57C-835E0347DEA4}","PMBC_PID":12701556,"PMBC_PIN":12701556,"PMBC_ParcelClass":"SUBDIVISION","PMBC_OwnerType":"PRIVATE","PMBC_LegalDescription":"LOT 4 BLOCK 4 DISTRICT LOTS 108 AND 585 SIMILKAMEEN DIVISION YALE DISTRICT PLAN 52","Folio":"21000469000","FullAddress":"277 75TH AVE , GRAND FORKS","apt_no":null,"street_no":"277","street_direction_prefix":null,"street_name":"75TH AVE","street_direction_suffix":null,"postal_code":null,"city":"GRAND FORKS","province":"BC","AddressID":"A00000H783","TempKey":"49AE547A-FE5A-49F1-B57C-835E0347DEA4A00000H783","GlobalID":"{A9922F8A-0782-4D33-A533-806FEC1DFDDE}","Shape__Area":1.7091402687750004e-7,"Shape__Length":0.0017901652554523724}},{"type":"Feature","geometry":{"type":"Polygon","coordinates":[[[-118.480954,49.056518],[-118.481401,49.056464],[-118.481483,49.056453],[-118.482272,49.05636],[-118.482242,49.056386],[-118.48222,49.056414],[-118.482205,49.056445],[-118.482198,49.056478],[-118.482199,49.05651],[-118.482208,49.056542],[-118.482226,49.056572],[-118.482251,49.0566],[-118.482282,49.056625],[-118.48232,49.056646],[-118.482362,49.056663],[-118.482408,49.056675],[-118.482433,49.057406],[-118.482248,49.058161],[-118.481865,49.058173],[-118.481872,49.058055],[-118.481869,49.057938],[-118.481856,49.05782],[-118.481834,49.057703],[-118.481802,49.057588],[-118.48176,49.057473],[-118.481709,49.05736],[-118.481649,49.057249],[-118.48158,49.057141],[-118.481502,49.057035],[-118.481415,49.056932],[-118.48132,49.056832],[-118.481217,49.056736],[-118.481122,49.056667],[-118.481035,49.056594],[-118.480954,49.056518]]]},"properties":{"OBJECTID":18762,"PMBCParcelGUID":"{FC1C7146-AACD-4FE1-93CD-83643E4797CB}","PMBC_PID":23538899,"PMBC_PIN":23538899,"PMBC_ParcelClass":"SUBDIVISION","PMBC_OwnerType":"PRIVATE","PMBC_LegalDescription":"LOT 5 DISTRICT LOT 1605 SIMILKAMEEN DIVISION YALE DISTRICT PLAN KAP57644","Folio":"71204873320","FullAddress":"3345 EAGLE RIDGE RD , GRAND FORKS","apt_no":null,"street_no":"3345","street_direction_prefix":null,"street_name":"EAGLE RIDGE RD","street_direction_suffix":null,"postal_code":"V0H 1H2","city":"GRAND FORKS","province":"BC","AddressID":"A00000J5RJ","TempKey":"FC1C7146-AACD-4FE1-93CD-83643E4797CBA00000J5RJ","GlobalID":"{553286CD-4B31-4787-B611-6E4DF701007F}","Shape__Area":0.0000013599344798165003,"Shape__Length":0.005657416742509902}},{"type":"Feature","geometry":{"type":"Polygon","coordinates":[[[-117.793626,49.084357],[-117.793746,49.084333],[-117.793834,49.084526],[-117.793872,49.084609],[-117.793752,49.084632],[-117.7937,49.084518],[-117.793626,49.084357]]]},"properties":{"OBJECTID":18763,"PMBCParcelGUID":"{71530F99-8E26-413A-89EB-8364A8550FE6}","PMBC_PID":16088280,"PMBC_PIN":16088280,"PMBC_ParcelClass":"SUBDIVISION","PMBC_OwnerType":"PRIVATE","PMBC_LegalDescription":"LOT 9 BLOCK 7 DISTRICT LOT 695 KOOTENAY DISTRICT PLAN 737","Folio":"22901370100","FullAddress":"2386 ELMORE AVE , ROSSLAND","apt_no":null,"street_no":"2386","street_direction_prefix":null,"street_name":"ELMORE AVE","street_direction_suffix":null,"postal_code":null,"city":"ROSSLAND","province":"BC","AddressID":"A000018Q95","TempKey":"71530F99-8E26-413A-89EB-8364A8550FE6A000018Q95","GlobalID":"{E3A2A546-E4C0-4620-8E1C-85DBF2939E94}","Shape__Area":3.590940891900001e-8,"Shape__Length":0.0008494658218440722}},{"type":"Feature","geometry":{"type":"Polygon","coordinates":[[[-118.92878,49.215847],[-118.928694,49.21585],[-118.928588,49.215866],[-118.928459,49.215877],[-118.928344,49.215893],[-118.928254,49.215931],[-118.928206,49.215988],[-118.928161,49.216072],[-118.928124,49.216194],[-118.928081,49.216308],[-118.928028,49.216412],[-118.927968,49.216488],[-118.927923,49.216548],[-118.927802,49.216597],[-118.927644,49.216653],[-118.92748,49.216698],[-118.927299,49.216706],[-118.927092,49.216748],[-118.926893,49.216801],[-118.926771,49.21685],[-118.926626,49.216934],[-118.926495,49.217019],[-118.926323,49.217128],[-118.926258,49.217205],[-118.926206,49.217284],[-118.926147,49.217438],[-118.92608,49.217609],[-118.926034,49.217697],[-118.925998,49.217769],[-118.925969,49.217835],[-118.925919,49.217884],[-118.925894,49.21799],[-118.925845,49.218175],[-118.92585,49.218277],[-118.925846,49.218398],[-118.925874,49.218468],[-118.925878,49.218513],[-118.925895,49.21862],[-118.925941,49.218719],[-118.925992,49.218802],[-118.926054,49.218899],[-118.926093,49.21901],[-118.921367,49.219017],[-118.921125,49.219017],[-118.920593,49.219016],[-118.920597,49.218182],[-118.920608,49.215393],[-118.926065,49.215363],[-118.926136,49.215363],[-118.929632,49.215344],[-118.929588,49.215396],[-118.929515,49.21543],[-118.929401,49.215488],[-118.92927,49.215557],[-118.929121,49.215657],[-118.929009,49.215741],[-118.928919,49.215824],[-118.928853,49.215839],[-118.92878,49.215847]]]},"properties":{"OBJECTID":18764,"PMBCParcelGUID":"{BD9D2AA0-EE14-4B42-8EA1-8364A9CC852F}","PMBC_PID":14986019,"PMBC_PIN":14986019,"PMBC_ParcelClass":"SUBDIVISION","PMBC_OwnerType":"PRIVATE","PMBC_LegalDescription":"BLOCK A DISTRICT LOT 1410S SIMILKAMEEN DIVISION YALE DISTRICT","Folio":"71304752000","FullAddress":"3435 S FIVA CREEK RD ","apt_no":null,"street_no":"3435","street_direction_prefix":"S","street_name":"FIVA CREEK RD","street_direction_suffix":null,"postal_code":null,"city":null,"province":"BC","AddressID":"A00000J85Z","TempKey":"BD9D2AA0-EE14-4B42-8EA1-8364A9CC852FA00000J85Z","GlobalID":"{93FE375D-2E9B-4252-A0E5-B5E4379D5CD2}","Shape__Area":0.000023274725395006504,"Shape__Length":0.024182241837626337}},{"type":"Feature","geometry":{"type":"Polygon","coordinates":[[[-118.92878,49.215847],[-118.928694,49.21585],[-118.928588,49.215866],[-118.928459,49.215877],[-118.928344,49.215893],[-118.928254,49.215931],[-118.928206,49.215988],[-118.928161,49.216072],[-118.928124,49.216194],[-118.928081,49.216308],[-118.928028,49.216412],[-118.927968,49.216488],[-118.927923,49.216548],[-118.927802,49.216597],[-118.927644,49.216653],[-118.92748,49.216698],[-118.927299,49.216706],[-118.927092,49.216748],[-118.926893,49.216801],[-118.926771,49.21685],[-118.926626,49.216934],[-118.926495,49.217019],[-118.926323,49.217128],[-118.926258,49.217205],[-118.926206,49.217284],[-118.926147,49.217438],[-118.92608,49.217609],[-118.926034,49.217697],[-118.925998,49.217769],[-118.925969,49.217835],[-118.925919,49.217884],[-118.925894,49.21799],[-118.925845,49.218175],[-118.92585,49.218277],[-118.925846,49.218398],[-118.925874,49.218468],[-118.925878,49.218513],[-118.925895,49.21862],[-118.925941,49.218719],[-118.925992,49.218802],[-118.926054,49.218899],[-118.926093,49.21901],[-118.921367,49.219017],[-118.921125,49.219017],[-118.920593,49.219016],[-118.920597,49.218182],[-118.920608,49.215393],[-118.926065,49.215363],[-118.926136,49.215363],[-118.929632,49.215344],[-118.929588,49.215396],[-118.929515,49.21543],[-118.929401,49.215488],[-118.92927,49.215557],[-118.929121,49.215657],[-118.929009,49.215741],[-118.928919,49.215824],[-118.928853,49.215839],[-118.92878,49.215847]]]},"properties":{"OBJECTID":18765,"PMBCParcelGUID":"{BD9D2AA0-EE14-4B42-8EA1-8364A9CC852F}","PMBC_PID":14986019,"PMBC_PIN":14986019,"PMBC_ParcelClass":"SUBDIVISION","PMBC_OwnerType":"PRIVATE","PMBC_LegalDescription":"BLOCK A DISTRICT LOT 1410S SIMILKAMEEN DIVISION YALE DISTRICT","Folio":"71304752000","FullAddress":"3R KM7R S FIVA CREEK RD ","apt_no":"3R","street_no":"KM7R","street_direction_prefix":"S","street_name":"FIVA CREEK RD","street_direction_suffix":null,"postal_code":null,"city":null,"province":"BC","AddressID":"A00000J861","TempKey":"BD9D2AA0-EE14-4B42-8EA1-8364A9CC852FA00000J861","GlobalID":"{EABBB42D-165B-4A35-8D16-910D15FE73A2}","Shape__Area":0.000023274725395006504,"Shape__Length":0.024182241837626337}},{"type":"Feature","geometry":{"type":"Polygon","coordinates":[[[-118.92878,49.215847],[-118.928694,49.21585],[-118.928588,49.215866],[-118.928459,49.215877],[-118.928344,49.215893],[-118.928254,49.215931],[-118.928206,49.215988],[-118.928161,49.216072],[-118.928124,49.216194],[-118.928081,49.216308],[-118.928028,49.216412],[-118.927968,49.216488],[-118.927923,49.216548],[-118.927802,49.216597],[-118.927644,49.216653],[-118.92748,49.216698],[-118.927299,49.216706],[-118.927092,49.216748],[-118.926893,49.216801],[-118.926771,49.21685],[-118.926626,49.216934],[-118.926495,49.217019],[-118.926323,49.217128],[-118.926258,49.217205],[-118.926206,49.217284],[-118.926147,49.217438],[-118.92608,49.217609],[-118.926034,49.217697],[-118.925998,49.217769],[-118.925969,49.217835],[-118.925919,49.217884],[-118.925894,49.21799],[-118.925845,49.218175],[-118.92585,49.218277],[-118.925846,49.218398],[-118.925874,49.218468],[-118.925878,49.218513],[-118.925895,49.21862],[-118.925941,49.218719],[-118.925992,49.218802],[-118.926054,49.218899],[-118.926093,49.21901],[-118.921367,49.219017],[-118.921125,49.219017],[-118.920593,49.219016],[-118.920597,49.218182],[-118.920608,49.215393],[-118.926065,49.215363],[-118.926136,49.215363],[-118.929632,49.215344],[-118.929588,49.215396],[-118.929515,49.21543],[-118.929401,49.215488],[-118.92927,49.215557],[-118.929121,49.215657],[-118.929009,49.215741],[-118.928919,49.215824],[-118.928853,49.215839],[-118.92878,49.215847]]]},"properties":{"OBJECTID":18766,"PMBCParcelGUID":"{BD9D2AA0-EE14-4B42-8EA1-8364A9CC852F}","PMBC_PID":14986019,"PMBC_PIN":14986019,"PMBC_ParcelClass":"SUBDIVISION","PMBC_OwnerType":"PRIVATE","PMBC_LegalDescription":"BLOCK A DISTRICT LOT 1410S SIMILKAMEEN DIVISION YALE DISTRICT","Folio":"71304752000","FullAddress":"3425 S FIVA CREEK RD ","apt_no":null,"street_no":"3425","street_direction_prefix":"S","street_name":"FIVA CREEK RD","street_direction_suffix":null,"postal_code":null,"city":null,"province":"BC","AddressID":"A00000J860","TempKey":"BD9D2AA0-EE14-4B42-8EA1-8364A9CC852FA00000J860","GlobalID":"{4C4F6D6C-1DC4-4CE6-881E-24035F6FE83E}","Shape__Area":0.000023274725395006504,"Shape__Length":0.024182241837626337}},{"type":"Feature","geometry":{"type":"Polygon","coordinates":[[[-117.687706,49.09784],[-117.687884,49.097885],[-117.687494,49.098137],[-117.687322,49.098087],[-117.687706,49.09784]]]},"properties":{"OBJECTID":18767,"PMBCParcelGUID":"{B761E618-6B28-4F04-A63F-8365F901414B}","PMBC_PID":15650201,"PMBC_PIN":15650201,"PMBC_ParcelClass":"SUBDIVISION","PMBC_OwnerType":"LOCAL GOVERNMENT","PMBC_LegalDescription":"LOT 7 BLOCK 24 DISTRICT LOT 4598 KOOTENAY DISTRICT PLAN 1684","Folio":"23203387070","FullAddress":"FIFTH AVE , TRAIL","apt_no":null,"street_no":null,"street_direction_prefix":null,"street_name":"FIFTH AVE","street_direction_suffix":null,"postal_code":null,"city":"TRAIL","province":"BC","AddressID":"A000018THC","TempKey":"B761E618-6B28-4F04-A63F-8365F901414BA000018THC","GlobalID":"{BD2FC173-A407-424E-BDD3-573FBB5CB80B}","Shape__Area":6.214115494550001e-8,"Shape__Length":0.0012847397429955163}},{"type":"Feature","geometry":{"type":"Polygon","coordinates":[[[-118.535301,49.120461],[-118.535427,49.120461],[-118.535426,49.120789],[-118.535301,49.120792],[-118.535301,49.120461]]]},"properties":{"OBJECTID":18768,"PMBCParcelGUID":"{9CBB441E-BBF3-4983-A2C0-836878356059}","PMBC_PID":12903787,"PMBC_PIN":12903787,"PMBC_ParcelClass":"SUBDIVISION","PMBC_OwnerType":"CROWN PROVINCIAL","PMBC_LegalDescription":"LOT 2 BLOCK 40 DISTRICT LOT 2005 SIMILKAMEEN DIVISION YALE DISTRICT PLAN 79","Folio":"71204850688","FullAddress":"","apt_no":null,"street_no":null,"street_direction_prefix":null,"street_name":null,"street_direction_suffix":null,"postal_code":null,"city":null,"province":"BC","AddressID":"D00000F4LN","TempKey":"9CBB441E-BBF3-4983-A2C0-836878356059D00000F4LN","GlobalID":"{3C3DDC91-3252-44BC-BE30-B629117903D5}","Shape__Area":4.141083805650001e-8,"Shape__Length":0.0009104441825624786}},{"type":"Feature","geometry":{"type":"Polygon","coordinates":[[[-117.801027,49.081512],[-117.801151,49.081518],[-117.801119,49.081805],[-117.800994,49.081799],[-117.800919,49.081795],[-117.800879,49.081741],[-117.8009,49.081551],[-117.8009,49.081551],[-117.800905,49.081506],[-117.800927,49.081507],[-117.800927,49.081507],[-117.801027,49.081512]]]},"properties":{"OBJECTID":18769,"PMBCParcelGUID":"{34122116-8E95-4871-B01B-83687978DC26}","PMBC_PID":31808891,"PMBC_PIN":31808891,"PMBC_ParcelClass":"SUBDIVISION","PMBC_OwnerType":"PRIVATE","PMBC_LegalDescription":"LOT A SECTION 35 TOWNSHIP 9A KOOTENAY DISTRICT PLAN EPP120857","Folio":"22901237010","FullAddress":"1936 PLANER CRES , ROSSLAND","apt_no":null,"street_no":"1936","street_direction_prefix":null,"street_name":"PLANER CRES","street_direction_suffix":null,"postal_code":null,"city":"ROSSLAND","province":"BC","AddressID":"J000031SCE","TempKey":"34122116-8E95-4871-B01B-83687978DC26J000031SCE","GlobalID":"{422801B9-8545-4C11-B30C-2D1965DBD034}","Shape__Area":6.977293073450002e-8,"Shape__Length":0.0010392124553437294}},{"type":"Feature","geometry":{"type":"Polygon","coordinates":[[[-118.443338,49.032272],[-118.443211,49.032306],[-118.443043,49.032031],[-118.44317,49.031997],[-118.443338,49.032272]]]},"properties":{"OBJECTID":18770,"PMBCParcelGUID":"{99B8A8CB-61AB-448B-ADAE-83696CB437E6}","PMBC_PID":12679429,"PMBC_PIN":12679429,"PMBC_ParcelClass":"SUBDIVISION","PMBC_OwnerType":"PRIVATE","PMBC_LegalDescription":"LOT 5 BLOCK 29 DISTRICT LOT 108 SIMILKAMEEN DIVISION YALE DISTRICT PLAN 121","Folio":"21000244950","FullAddress":"CENTRAL AVE , GRAND FORKS","apt_no":null,"street_no":null,"street_direction_prefix":null,"street_name":"CENTRAL AVE","street_direction_suffix":null,"postal_code":null,"city":"GRAND FORKS","province":"BC","AddressID":"A00000H6XN","TempKey":"99B8A8CB-61AB-448B-ADAE-83696CB437E6A00000H6XN","GlobalID":"{651FF97F-D68F-425D-AED9-7D58EC108D65}","Shape__Area":4.073633881700001e-8,"Shape__Length":0.0009079880698869572}},{"type":"Feature","geometry":{"type":"Polygon","coordinates":[[[-119.114005,49.492207],[-119.114449,49.493298],[-119.114456,49.493312],[-119.113439,49.493313],[-119.113356,49.493313],[-119.112932,49.492203],[-119.114005,49.492207]]]},"properties":{"OBJECTID":18771,"PMBCParcelGUID":"{B8145D1B-DE78-48AB-ABC0-836ACCD54543}","PMBC_PID":27348237,"PMBC_PIN":27348237,"PMBC_ParcelClass":"SUBDIVISION","PMBC_OwnerType":"PRIVATE","PMBC_LegalDescription":"LOT D DISTRICT LOT 472S SIMILKAMEEN DIVISION YALE DISTRICT PLAN KAP85695","Folio":"71302942075","FullAddress":"35 BEACON RD , BEAVERDELL","apt_no":null,"street_no":"35","street_direction_prefix":null,"street_name":"BEACON RD","street_direction_suffix":null,"postal_code":null,"city":"BEAVERDELL","province":"BC","AddressID":"D000004BP9","TempKey":"B8145D1B-DE78-48AB-ABC0-836ACCD54543D000004BP9","GlobalID":"{0A4BE6B7-4000-4BFC-86EA-74EB319C4B0E}","Shape__Area":0.0000012018695699475003,"Shape__Length":0.004553608720789066}},{"type":"Feature","geometry":{"type":"Polygon","coordinates":[[[-118.441599,49.024309],[-118.442049,49.024309],[-118.442049,49.024473],[-118.442049,49.024573],[-118.441597,49.02455],[-118.441599,49.024309]]]},"properties":{"OBJECTID":18772,"PMBCParcelGUID":"{16E72171-8252-4663-9D9F-836E65301487}","PMBC_PID":13246097,"PMBC_PIN":13246097,"PMBC_ParcelClass":"SUBDIVISION","PMBC_OwnerType":"PRIVATE","PMBC_LegalDescription":"PARCEL A (KC16721) BLOCK 2 DISTRICT LOT 382 SIMILKAMEEN DIVISION YALE DISTRICT PLAN 128","Folio":"21001397025","FullAddress":"6657 COMO ST , GRAND FORKS","apt_no":null,"street_no":"6657","street_direction_prefix":null,"street_name":"COMO ST","street_direction_suffix":null,"postal_code":"V0H 1H4","city":"GRAND FORKS","province":"BC","AddressID":"A00000H8ZK","TempKey":"16E72171-8252-4663-9D9F-836E65301487A00000H8ZK","GlobalID":"{89766461-7238-4335-BB06-CE0C3D20BF5F}","Shape__Area":1.1400219943050003e-7,"Shape__Length":0.0014082423622308463}},{"type":"Feature","geometry":{"type":"Polygon","coordinates":[[[-117.80394,49.071293],[-117.804065,49.071298],[-117.804035,49.071571],[-117.80391,49.071566],[-117.80394,49.071293]]]},"properties":{"OBJECTID":18773,"PMBCParcelGUID":"{A9ECCC4B-A04B-45A2-9692-8371DA4D8EDF}","PMBC_PID":11460911,"PMBC_PIN":11460911,"PMBC_ParcelClass":"SUBDIVISION","PMBC_OwnerType":"PRIVATE","PMBC_LegalDescription":"LOT 22 BLOCK 19 DISTRICT LOT 535 KOOTENAY DISTRICT PLAN 579A","Folio":"22900158100","FullAddress":"1280 EARL ST , ROSSLAND","apt_no":null,"street_no":"1280","street_direction_prefix":null,"street_name":"EARL ST","street_direction_suffix":null,"postal_code":null,"city":"ROSSLAND","province":"BC","AddressID":"A000018NZW","TempKey":"A9ECCC4B-A04B-45A2-9692-8371DA4D8EDFA000018NZW","GlobalID":"{7F53A56D-3859-40EA-9D7D-B20DDE7503C4}","Shape__Area":3.422130543800001e-8,"Shape__Length":0.0007990790506292627}},{"type":"Feature","geometry":{"type":"Polygon","coordinates":[[[-118.284723,49.189281],[-118.284618,49.189064],[-118.285446,49.188885],[-118.285495,49.188934],[-118.285505,49.188954],[-118.285573,49.18905],[-118.285603,49.189076],[-118.28562,49.189082],[-118.285635,49.18909],[-118.284723,49.189281]]]},"properties":{"OBJECTID":18774,"PMBCParcelGUID":"{C26F2C8F-B334-4FD0-919C-83721F1608D0}","PMBC_PID":19066457,"PMBC_PIN":19066457,"PMBC_ParcelClass":"SUBDIVISION","PMBC_OwnerType":"PRIVATE","PMBC_LegalDescription":"BLOCK F DISTRICT LOT 4074S SIMILKAMEEN DIVISION YALE DISTRICT (SEE CROWN GRANT KH120311 AS TO LIMITED ACCESS)","Folio":"71209124575","FullAddress":"4525 BOAT ACCESS EAST SIDE , CHRISTINA LAKE","apt_no":null,"street_no":"4525","street_direction_prefix":null,"street_name":"BOAT ACCESS EAST SIDE","street_direction_suffix":null,"postal_code":null,"city":"CHRISTINA LAKE","province":"BC","AddressID":"D0000011YU","TempKey":"C26F2C8F-B334-4FD0-919C-83721F1608D0D0000011YU","GlobalID":"{617EDF98-0E60-45E7-8DB8-F7CCD26CD090}","Shape__Area":2.0878207677000005e-7,"Shape__Length":0.0023046421122816852}},{"type":"Feature","geometry":{"type":"Polygon","coordinates":[[[-117.720944,49.110608],[-117.721268,49.110322],[-117.721435,49.110403],[-117.721112,49.11069],[-117.720944,49.110608]]]},"properties":{"OBJECTID":18775,"PMBCParcelGUID":"{E7D1AE44-5F36-4875-833C-8374203EF4D6}","PMBC_PID":6494153,"PMBC_PIN":6494153,"PMBC_ParcelClass":"SUBDIVISION","PMBC_OwnerType":"PRIVATE","PMBC_LegalDescription":"LOT 84 DISTRICT LOT 367 KOOTENAY DISTRICT PLAN 1644","Folio":"23204044000","FullAddress":"210 KOOTENAY AVE , TRAIL","apt_no":null,"street_no":"210","street_direction_prefix":null,"street_name":"KOOTENAY AVE","street_direction_suffix":null,"postal_code":"V1R 1H5","city":"TRAIL","province":"BC","AddressID":"A000018UAL","TempKey":"E7D1AE44-5F36-4875-833C-8374203EF4D6A000018UAL","GlobalID":"{C8EE4C6A-FA0D-46B6-A70C-02555395577E}","Shape__Area":7.438371217350002e-8,"Shape__Length":0.0012364297696766096}},{"type":"Feature","geometry":{"type":"Polygon","coordinates":[[[-117.723622,49.099058],[-117.723267,49.099002],[-117.723705,49.098626],[-117.723816,49.098652],[-117.723827,49.098654],[-117.723682,49.098943],[-117.723622,49.099058]]]},"properties":{"OBJECTID":18776,"PMBCParcelGUID":"{AE88D151-213C-4A43-BB9F-8374F12BBE88}","PMBC_PID":11132159,"PMBC_PIN":11132159,"PMBC_ParcelClass":"SUBDIVISION","PMBC_OwnerType":"PRIVATE","PMBC_LegalDescription":"LOT 131 DISTRICT LOT 1073 KOOTENAY DISTRICT PLAN 748","Folio":"23201513000","FullAddress":"306 OLD ROSSLAND AVE , TRAIL","apt_no":null,"street_no":"306","street_direction_prefix":null,"street_name":"OLD ROSSLAND AVE","street_direction_suffix":null,"postal_code":"V1R 3M8","city":"TRAIL","province":"BC","AddressID":"A000018S47","TempKey":"AE88D151-213C-4A43-BB9F-8374F12BBE88A000018S47","GlobalID":"{AC44E0D1-B3E0-4613-821B-2593B23ECA48}","Shape__Area":1.0686930002400002e-7,"Shape__Length":0.0015154752890670419}},{"type":"Feature","geometry":{"type":"Polygon","coordinates":[[[-117.540927,49.119607],[-117.541551,49.119303],[-117.541561,49.119312],[-117.54156,49.119408],[-117.541006,49.119677],[-117.540927,49.119607]]]},"properties":{"OBJECTID":18777,"PMBCParcelGUID":"{CF664EB5-60C1-404F-AD43-8375A80D9838}","PMBC_PID":27452069,"PMBC_PIN":27452069,"PMBC_ParcelClass":"BARE LAND STRATA","PMBC_OwnerType":"PRIVATE","PMBC_LegalDescription":"STRATA LOT 20 DISTRICT LOT 1236 KOOTENAY DISTRICT STRATA PLAN NES3426 TOGETHER WITH AN INTEREST IN THE COMMON PROPERTY IN PROPORTION TO THE UNIT ENTITLEMENT OF THE STRATA LOT AS SHOWN ON FORM V","Folio":"52100066420","FullAddress":"120 MOUNTAIN SIDE DR , FRUITVALE","apt_no":null,"street_no":"120","street_direction_prefix":null,"street_name":"MOUNTAIN SIDE DR","street_direction_suffix":null,"postal_code":null,"city":"FRUITVALE","province":"BC","AddressID":"D000004CT4","TempKey":"CF664EB5-60C1-404F-AD43-8375A80D9838D000004CT4","GlobalID":"{0CAACF18-8869-478C-A949-2461A259C95E}","Shape__Area":6.470577888800001e-8,"Shape__Length":0.0015245243073012877}},{"type":"Feature","geometry":{"type":"Polygon","coordinates":[[[-117.55018,49.106938],[-117.550307,49.106989],[-117.550036,49.107269],[-117.549918,49.107219],[-117.55018,49.106938]]]},"properties":{"OBJECTID":18778,"PMBCParcelGUID":"{6CE69FEB-F7B8-4BD6-A4FF-8375BD0F9304}","PMBC_PID":17784069,"PMBC_PIN":17784069,"PMBC_ParcelClass":"SUBDIVISION","PMBC_OwnerType":"PRIVATE","PMBC_LegalDescription":"LOT B DISTRICT LOT 1236 KOOTENAY DISTRICT PLAN NEP19796","Folio":"52100266008","FullAddress":"79B WALNUT AVE , FRUITVALE","apt_no":null,"street_no":"79B","street_direction_prefix":null,"street_name":"WALNUT AVE","street_direction_suffix":null,"postal_code":null,"city":"FRUITVALE","province":"BC","AddressID":"A000018XRL","TempKey":"6CE69FEB-F7B8-4BD6-A4FF-8375BD0F9304A000018XRL","GlobalID":"{79F85091-C0DF-41CB-890A-B95A06F51611}","Shape__Area":4.782070816950001e-8,"Shape__Length":0.0010387205567603203}},{"type":"Feature","geometry":{"type":"Polygon","coordinates":[[[-117.794039,49.078784],[-117.794163,49.07879],[-117.794133,49.079063],[-117.794008,49.079057],[-117.793884,49.079051],[-117.79376,49.079045],[-117.79379,49.078772],[-117.793914,49.078778],[-117.794039,49.078784]]]},"properties":{"OBJECTID":18779,"PMBCParcelGUID":"{F399AD3E-BC0C-4FEC-A256-837803E6CBB9}","PMBC_PID":18873154,"PMBC_PIN":18873154,"PMBC_ParcelClass":"SUBDIVISION","PMBC_OwnerType":"PRIVATE","PMBC_LegalDescription":"PARCEL C (SEE XH24446) BLOCK 24 DISTRICT LOT 535 KOOTENAY DISTRICT PLAN 616","Folio":"22900735050","FullAddress":"2373 SECOND AVE , ROSSLAND","apt_no":null,"street_no":"2373","street_direction_prefix":null,"street_name":"SECOND AVE","street_direction_suffix":null,"postal_code":null,"city":"ROSSLAND","province":"BC","AddressID":"A000018PQY","TempKey":"F399AD3E-BC0C-4FEC-A256-837803E6CBB9A000018PQY","GlobalID":"{C31BE8B7-9FDE-4110-97A8-B4180F86E329}","Shape__Area":1.0262336742300002e-7,"Shape__Length":0.0012978409847172782}},{"type":"Feature","geometry":{"type":"Polygon","coordinates":[[[-118.499199,49.001361],[-118.499333,49.001338],[-118.499478,49.001735],[-118.499343,49.001757],[-118.499199,49.001361]]]},"properties":{"OBJECTID":18780,"PMBCParcelGUID":"{4000597B-92D9-4ED8-8A36-83789EF75C9B}","PMBC_PID":4790855,"PMBC_PIN":4790855,"PMBC_ParcelClass":"SUBDIVISION","PMBC_OwnerType":"PRIVATE","PMBC_LegalDescription":"LOT 3 BLOCK 10 DISTRICT LOT 517 SIMILKAMEEN DIVISION YALE DISTRICT PLAN 39","Folio":"71203160000","FullAddress":"4970 RIVERSIDE AVE , GRAND FORKS","apt_no":null,"street_no":"4970","street_direction_prefix":null,"street_name":"RIVERSIDE AVE","street_direction_suffix":null,"postal_code":"V0H 1H5","city":"GRAND FORKS","province":"BC","AddressID":"A00000J3UY","TempKey":"4000597B-92D9-4ED8-8A36-83789EF75C9BA00000J3UY","GlobalID":"{F67BDB3B-EB0F-4086-BB86-437A8123D13B}","Shape__Area":5.6348935317000016e-8,"Shape__Length":0.0011152472851404906}},{"type":"Feature","geometry":{"type":"Polygon","coordinates":[[[-118.219197,49.058998],[-118.218556,49.058946],[-118.218585,49.058828],[-118.218633,49.058629],[-118.219349,49.058777],[-118.219197,49.058998]]]},"properties":{"OBJECTID":18781,"PMBCParcelGUID":"{357A3033-D9F8-4810-A78D-837C9D26D508}","PMBC_PID":3790550,"PMBC_PIN":3790550,"PMBC_ParcelClass":"SUBDIVISION","PMBC_OwnerType":"PRIVATE","PMBC_LegalDescription":"LOT B BLOCK 1 DISTRICT LOT 970 SIMILKAMEEN DIVISION YALE DISTRICT PLAN 31130","Folio":"71204404200","FullAddress":"70 KINGSLEY RD , CHRISTINA LAKE","apt_no":null,"street_no":"70","street_direction_prefix":null,"street_name":"KINGSLEY RD","street_direction_suffix":null,"postal_code":"V0H 1E2","city":"CHRISTINA LAKE","province":"BC","AddressID":"A00000J506","TempKey":"357A3033-D9F8-4810-A78D-837C9D26D508A00000J506","GlobalID":"{85596EC9-9F5E-486F-BB2B-3EE9B5A98BFE}","Shape__Area":1.9363209675000006e-7,"Shape__Length":0.0019673052957443035}},{"type":"Feature","geometry":{"type":"Polygon","coordinates":[[[-118.677372,49.086066],[-118.677544,49.086186],[-118.677563,49.086299],[-118.677301,49.086112],[-118.677372,49.086066]]]},"properties":{"OBJECTID":18782,"PMBCParcelGUID":"{21ED0C64-5B2A-447E-83C9-837CFF3FF41B}","PMBC_PID":12678139,"PMBC_PIN":12678139,"PMBC_ParcelClass":"SUBDIVISION","PMBC_OwnerType":"PRIVATE","PMBC_LegalDescription":"LOT 3 BLOCK A DISTRICT LOT 817 SIMILKAMEEN DIVISION YALE DISTRICT PLAN 61","Folio":"21100457000","FullAddress":"478 DUNDEE AVE , GREENWOOD","apt_no":null,"street_no":"478","street_direction_prefix":null,"street_name":"DUNDEE AVE","street_direction_suffix":null,"postal_code":"V0H 1J0","city":"GREENWOOD","province":"BC","AddressID":"A00000HA26","TempKey":"21ED0C64-5B2A-447E-83C9-837CFF3FF41BA00000HA26","GlobalID":"{D4F89435-A401-4CF0-A802-8329F34FEA01}","Shape__Area":2.1290061211000007e-8,"Shape__Length":0.0007302545138645329}},{"type":"Feature","geometry":{"type":"Polygon","coordinates":[[[-117.546541,49.110325],[-117.546303,49.11058],[-117.546084,49.110488],[-117.546317,49.110236],[-117.546541,49.110325]]]},"properties":{"OBJECTID":18783,"PMBCParcelGUID":"{FCA00D79-2E6B-4BAD-9D33-837EF8947F43}","PMBC_PID":14174481,"PMBC_PIN":14174481,"PMBC_ParcelClass":"SUBDIVISION","PMBC_OwnerType":"PRIVATE","PMBC_LegalDescription":"LOT 3 DISTRICT LOT 1236 KOOTENAY DISTRICT PLAN 6970","Folio":"52100259010","FullAddress":"83 MAPLE AVE , FRUITVALE","apt_no":null,"street_no":"83","street_direction_prefix":null,"street_name":"MAPLE AVE","street_direction_suffix":null,"postal_code":null,"city":"FRUITVALE","province":"BC","AddressID":"A000018XNW","TempKey":"FCA00D79-2E6B-4BAD-9D33-837EF8947F43A000018XNW","GlobalID":"{20B91EA2-9952-4745-95D5-6E7FFDF6390F}","Shape__Area":7.745172070350003e-8,"Shape__Length":0.001169700512244429}},{"type":"Feature","geometry":{"type":"Polygon","coordinates":[[[-117.5393,49.110288],[-117.538579,49.110636],[-117.538467,49.110589],[-117.538889,49.110113],[-117.5393,49.110288]]]},"properties":{"OBJECTID":18784,"PMBCParcelGUID":"{1ACFE348-F7A0-4320-8757-8380DB17A7C1}","PMBC_PID":5723272,"PMBC_PIN":5723272,"PMBC_ParcelClass":"SUBDIVISION","PMBC_OwnerType":"CROWN AGENCY","PMBC_LegalDescription":"LOT 4 DISTRICT LOT 1236 KOOTENAY DISTRICT PLAN 11578","Folio":"71105361400","FullAddress":"1905 GREEN RD , FRUITVALE","apt_no":null,"street_no":"1905","street_direction_prefix":null,"street_name":"GREEN RD","street_direction_suffix":null,"postal_code":"V0G 1L1","city":"FRUITVALE","province":"BC","AddressID":"A000019MAL","TempKey":"1ACFE348-F7A0-4320-8757-8380DB17A7C1A000019MAL","GlobalID":"{5DEF2B53-36E5-4CE4-932B-13C4155F94C7}","Shape__Area":1.7138763690100004e-7,"Shape__Length":0.0020056336784550536}},{"type":"Feature","geometry":{"type":"Polygon","coordinates":[[[-118.781957,49.005438],[-118.781853,49.0054],[-118.781797,49.005386],[-118.781749,49.005379],[-118.781719,49.005375],[-118.781607,49.005362],[-118.781525,49.005346],[-118.781446,49.005331],[-118.781332,49.005316],[-118.781266,49.005308],[-118.781079,49.005277],[-118.780957,49.005263],[-118.780687,49.005239],[-118.780428,49.005209],[-118.780359,49.005204],[-118.78023,49.005198],[-118.780177,49.005193],[-118.780114,49.005185],[-118.77995,49.005158],[-118.779823,49.005144],[-118.779759,49.005137],[-118.779764,49.005115],[-118.779831,49.004801],[-118.779836,49.004774],[-118.779869,49.004619],[-118.78024,49.004529],[-118.782209,49.004914],[-118.782212,49.005466],[-118.782212,49.005488],[-118.782096,49.005471],[-118.782016,49.005455],[-118.781957,49.005438]]]},"properties":{"OBJECTID":18785,"PMBCParcelGUID":"{9FFE0CA5-4829-4A9A-8531-8381EFCF3A16}","PMBC_PID":30603072,"PMBC_PIN":30603072,"PMBC_ParcelClass":"SUBDIVISION","PMBC_OwnerType":"PRIVATE","PMBC_LegalDescription":"LOT 1 DISTRICT LOT 781 SIMILKAMEEN DIVISION YALE DISTRICT PLAN EPP82494","Folio":"54700256010","FullAddress":"727 CENTRAL AVE , MIDWAY","apt_no":null,"street_no":"727","street_direction_prefix":null,"street_name":"CENTRAL AVE","street_direction_suffix":null,"postal_code":null,"city":"MIDWAY","province":"BC","AddressID":"D00000KJEY","TempKey":"9FFE0CA5-4829-4A9A-8531-8381EFCF3A16D00000KJEY","GlobalID":"{7781A12B-4BAB-434B-9E0D-F0E01941527D}","Shape__Area":0.0000014207622598705004,"Shape__Length":0.005974756760147985}},{"type":"Feature","geometry":{"type":"Polygon","coordinates":[[[-118.687706,49.082299],[-118.687781,49.082221],[-118.688152,49.08237],[-118.688076,49.082448],[-118.687706,49.082299]]]},"properties":{"OBJECTID":18786,"PMBCParcelGUID":"{D831AFD7-DFF2-49E2-86BF-8384399ECE4D}","PMBC_PID":12311332,"PMBC_PIN":12311332,"PMBC_ParcelClass":"SUBDIVISION","PMBC_OwnerType":"CROWN PROVINCIAL","PMBC_LegalDescription":"LOT 2 BLOCK 12 SECTION 32 TOWNSHIP 70 SIMILKAMEEN DIVISION YALE DISTRICT PLAN 97","Folio":"71308023030","FullAddress":"FREDERIC ST ","apt_no":null,"street_no":null,"street_direction_prefix":null,"street_name":"FREDERIC ST","street_direction_suffix":null,"postal_code":null,"city":null,"province":"BC","AddressID":"A00000JAW0","TempKey":"D831AFD7-DFF2-49E2-86BF-8384399ECE4DA00000JAW0","GlobalID":"{D1D0D8CD-1AC4-4338-BF10-3D99DE98B97B}","Shape__Area":3.996198452250001e-8,"Shape__Length":0.0010153444320277927}},{"type":"Feature","geometry":{"type":"Polygon","coordinates":[[[-118.666281,49.080228],[-118.66632,49.080174],[-118.664289,49.079525],[-118.661401,49.078602],[-118.662221,49.077365],[-118.663841,49.07492],[-118.666814,49.075874],[-118.66708,49.075966],[-118.669075,49.076532],[-118.668571,49.077288],[-118.668461,49.077453],[-118.667103,49.07949],[-118.666889,49.079811],[-118.666567,49.080299],[-118.666281,49.080228]]]},"properties":{"OBJECTID":18787,"PMBCParcelGUID":"{EC9A3A3C-52AA-4E8B-8C21-8386938BCA43}","PMBC_PID":3871959,"PMBC_PIN":3871959,"PMBC_ParcelClass":"SUBDIVISION","PMBC_OwnerType":"CROWN PROVINCIAL","PMBC_LegalDescription":"THE SURFACE OF DISTRICT LOT 1106 KNOWN AS THE \"HAMILTON\" MINERAL CLAIM SIMILKAMEEN DIVISION YALE DISTRICT","Folio":"71309025105","FullAddress":"","apt_no":null,"street_no":null,"street_direction_prefix":null,"street_name":null,"street_direction_suffix":null,"postal_code":null,"city":null,"province":"BC","AddressID":"D00000GNEQ","TempKey":"EC9A3A3C-52AA-4E8B-8C21-8386938BCA43D00000GNEQ","GlobalID":"{B56F06CF-1AB5-4B09-80A4-18E401C0EE21}","Shape__Area":0.000023234152130829504,"Shape__Length":0.0199464434571162}},{"type":"Feature","geometry":{"type":"Polygon","coordinates":[[[-118.468692,49.032182],[-118.468482,49.031944],[-118.468933,49.031773],[-118.468985,49.031833],[-118.46909,49.031951],[-118.469144,49.03201],[-118.468692,49.032182]]]},"properties":{"OBJECTID":18788,"PMBCParcelGUID":"{DF3F6B27-B777-420B-9717-8387413DA17D}","PMBC_PID":10413898,"PMBC_PIN":10413898,"PMBC_ParcelClass":"SUBDIVISION","PMBC_OwnerType":"PRIVATE","PMBC_LegalDescription":"PARCEL B (DD X247337) OF BLOCK 11 DISTRICT LOT 520 SIMILKAMEEN DIVISION YALE DISTRICT PLAN 1339","Folio":"21000992005","FullAddress":"7788 22ND ST , GRAND FORKS","apt_no":null,"street_no":"7788","street_direction_prefix":null,"street_name":"22ND ST","street_direction_suffix":null,"postal_code":"V0H 1H2","city":"GRAND FORKS","province":"BC","AddressID":"A00000H87J","TempKey":"DF3F6B27-B777-420B-9717-8387413DA17DA00000H87J","GlobalID":"{37EF3C8F-61E1-4798-8252-A2E66CB3D129}","Shape__Area":1.4328389989800004e-7,"Shape__Length":0.0016012554166778168}},{"type":"Feature","geometry":{"type":"Polygon","coordinates":[[[-117.725016,49.097663],[-117.725212,49.09782],[-117.724809,49.097943],[-117.724675,49.097812],[-117.725016,49.097663]]]},"properties":{"OBJECTID":18789,"PMBCParcelGUID":"{F42A6C9A-45A9-43C0-85D2-838B41EAB811}","PMBC_PID":15764265,"PMBC_PIN":15764265,"PMBC_ParcelClass":"SUBDIVISION","PMBC_OwnerType":"LOCAL GOVERNMENT","PMBC_LegalDescription":"LOT 23 DISTRICT LOT 1073 KOOTENAY DISTRICT PLAN 1591","Folio":"23201256000","FullAddress":"BUCKNA ST , TRAIL","apt_no":null,"street_no":null,"street_direction_prefix":null,"street_name":"BUCKNA ST","street_direction_suffix":null,"postal_code":null,"city":"TRAIL","province":"BC","AddressID":"A000018RWU","TempKey":"F42A6C9A-45A9-43C0-85D2-838B41EAB811A000018RWU","GlobalID":"{A6A8D5DB-7D85-458B-8D24-E9473C7809F9}","Shape__Area":7.616451472100002e-8,"Shape__Length":0.0012314745890796377}},{"type":"Feature","geometry":{"type":"Polygon","coordinates":[[[-118.934927,49.225015],[-118.935532,49.225263],[-118.935657,49.2252],[-118.935767,49.225292],[-118.935832,49.225387],[-118.937405,49.226033],[-118.936855,49.226494],[-118.934404,49.225097],[-118.934385,49.225086],[-118.934343,49.225062],[-118.934281,49.225027],[-118.934184,49.224971],[-118.934827,49.224577],[-118.934841,49.224639],[-118.934856,49.224707],[-118.934927,49.225015]]]},"properties":{"OBJECTID":18790,"PMBCParcelGUID":"{F1E33D82-C671-44E2-98D8-838D285063AB}","PMBC_PID":27516938,"PMBC_PIN":27516938,"PMBC_ParcelClass":"SUBDIVISION","PMBC_OwnerType":"PRIVATE","PMBC_LegalDescription":"LOT A DISTRICT LOT 732S SIMILKAMEEN DIVISION YALE DISTRICT PLAN KAP86639","Folio":"71304017060","FullAddress":"3467 CHRISTIAN VALLEY RD ","apt_no":null,"street_no":"3467","street_direction_prefix":null,"street_name":"CHRISTIAN VALLEY RD","street_direction_suffix":null,"postal_code":null,"city":null,"province":"BC","AddressID":"D000004R43","TempKey":"F1E33D82-C671-44E2-98D8-838D285063ABD000004R43","GlobalID":"{712D0657-4109-4912-BDD1-218695D5625F}","Shape__Area":0.0000015392687106205004,"Shape__Length":0.007750178181203926}},{"type":"Feature","geometry":{"type":"Polygon","coordinates":[[[-117.724887,49.099728],[-117.725048,49.09978],[-117.724954,49.099927],[-117.724804,49.099856],[-117.724887,49.099728]]]},"properties":{"OBJECTID":18791,"PMBCParcelGUID":"{AC423CA0-B828-4640-971B-838D60BD31F5}","PMBC_PID":16028350,"PMBC_PIN":16028350,"PMBC_ParcelClass":"SUBDIVISION","PMBC_OwnerType":"PRIVATE","PMBC_LegalDescription":"LOT 84 DISTRICT LOT 1073 KOOENAY DISTRICT PLAN 748 EXCEPT (1) PARCEL A (SEE 16804I) AND (2) PARCEL B (SEE 37640I)","Folio":"23201462000","FullAddress":"209A OLD ROSSLAND AVE , TRAIL","apt_no":null,"street_no":"209A","street_direction_prefix":null,"street_name":"OLD ROSSLAND AVE","street_direction_suffix":null,"postal_code":"V1R 3M4","city":"TRAIL","province":"BC","AddressID":"A000018S2J","TempKey":"AC423CA0-B828-4640-971B-838D60BD31F5A000018S2J","GlobalID":"{4577B588-A44B-452F-9961-2E1EF2F29A0B}","Shape__Area":2.6931050758000008e-8,"Shape__Length":0.0006633765359732487}},{"type":"Feature","geometry":{"type":"Polygon","coordinates":[[[-117.724887,49.099728],[-117.725048,49.09978],[-117.724954,49.099927],[-117.724804,49.099856],[-117.724887,49.099728]]]},"properties":{"OBJECTID":18792,"PMBCParcelGUID":"{AC423CA0-B828-4640-971B-838D60BD31F5}","PMBC_PID":16028350,"PMBC_PIN":16028350,"PMBC_ParcelClass":"SUBDIVISION","PMBC_OwnerType":"PRIVATE","PMBC_LegalDescription":"LOT 84 DISTRICT LOT 1073 KOOENAY DISTRICT PLAN 748 EXCEPT (1) PARCEL A (SEE 16804I) AND (2) PARCEL B (SEE 37640I)","Folio":"23201462000","FullAddress":"209B OLD ROSSLAND AVE , TRAIL","apt_no":null,"street_no":"209B","street_direction_prefix":null,"street_name":"OLD ROSSLAND AVE","street_direction_suffix":null,"postal_code":"V1R 3M4","city":"TRAIL","province":"BC","AddressID":"J00003BNJ7","TempKey":"AC423CA0-B828-4640-971B-838D60BD31F5J00003BNJ7","GlobalID":"{EB021E69-F07F-456E-86F4-014DAF00EA1F}","Shape__Area":2.6931050758000008e-8,"Shape__Length":0.0006633765359732487}},{"type":"Feature","geometry":{"type":"Polygon","coordinates":[[[-118.373481,49.546666],[-118.37387,49.546311],[-118.375021,49.54705],[-118.376559,49.546032],[-118.378755,49.544583],[-118.377546,49.545899],[-118.380287,49.546966],[-118.379909,49.547574],[-118.378922,49.549159],[-118.378911,49.549153],[-118.377948,49.548615],[-118.375725,49.550297],[-118.375867,49.550156],[-118.377609,49.548443],[-118.373481,49.546666]]]},"properties":{"OBJECTID":18793,"PMBCParcelGUID":"{6C0B7045-DC30-41D4-A4E4-838F9FA07F20}","PMBC_PID":14922321,"PMBC_PIN":14922321,"PMBC_ParcelClass":"SUBDIVISION","PMBC_OwnerType":"CROWN PROVINCIAL","PMBC_LegalDescription":"THE SURFACE OF DISTRICT LOT 928S SIMILKAMEEN DIVISION YALE DISTRICT SURVEYED AS THE \"ANTELOPE FRACTION\" MINERAL CLAIM","Folio":"71204228000","FullAddress":"","apt_no":null,"street_no":null,"street_direction_prefix":null,"street_name":null,"street_direction_suffix":null,"postal_code":null,"city":null,"province":"BC","AddressID":"D00000GNBG","TempKey":"6C0B7045-DC30-41D4-A4E4-838F9FA07F20D00000GNBG","GlobalID":"{1F7432DC-09A1-4F96-A8C9-2C0DDE2645B7}","Shape__Area":0.000010990822442750003,"Shape__Length":0.024722499359408415}},{"type":"Feature","geometry":{"type":"Polygon","coordinates":[[[-117.699163,49.099745],[-117.698807,49.099888],[-117.698733,49.099809],[-117.699089,49.099666],[-117.699163,49.099745]]]},"properties":{"OBJECTID":18794,"PMBCParcelGUID":"{8035DC02-C715-4BDC-9DE4-839270DD6F47}","PMBC_PID":7633882,"PMBC_PIN":7633882,"PMBC_ParcelClass":"SUBDIVISION","PMBC_OwnerType":"PRIVATE","PMBC_LegalDescription":"LOT 3 DISTRICT LOT 2919 KOOTENAY DISTRICT PLAN 1643","Folio":"23202270000","FullAddress":"1523 FIFTH AVE , TRAIL","apt_no":null,"street_no":"1523","street_direction_prefix":null,"street_name":"FIFTH AVE","street_direction_suffix":null,"postal_code":"V1R 1T7","city":"TRAIL","province":"BC","AddressID":"A000018SQS","TempKey":"8035DC02-C715-4BDC-9DE4-839270DD6F47A000018SQS","GlobalID":"{8CA3799E-E61F-4049-8542-178B40263243}","Shape__Area":3.898325314750001e-8,"Shape__Length":0.0009857620276718772}},{"type":"Feature","geometry":{"type":"MultiPolygon","coordinates":[[[[-118.452317,49.027137],[-118.452192,49.027128],[-118.452192,49.027001],[-118.452317,49.027001],[-118.452317,49.027137]]],[[[-118.452316,49.027319],[-118.452315,49.027436],[-118.452284,49.027418],[-118.45219,49.027413],[-118.452191,49.02731],[-118.452316,49.027319]]]]},"properties":{"OBJECTID":18795,"PMBCParcelGUID":"{9F30F3AA-A497-42A5-8A31-83927653E3C7}","PMBC_PID":12799769,"PMBC_PIN":12799769,"PMBC_ParcelClass":"SUBDIVISION","PMBC_OwnerType":"PRIVATE","PMBC_LegalDescription":"LOT 2 BLOCK 6 DISTRICT LOT 382 SIMILKAMEEN DIVISION YALE DISTRICT PLAN 22 EXCEPT THE RIGHT OF WAY OF THE COLUMBIA AND WESTERN RAILWAY AS DESCRIBED IN ABSOLUTE FEES PARCELS BOOK VOL 3 FOL 528 NO. 3197A","Folio":"21000625010","FullAddress":"DONALDSON DR , GRAND FORKS","apt_no":null,"street_no":null,"street_direction_prefix":null,"street_name":"DONALDSON DR","street_direction_suffix":null,"postal_code":null,"city":"GRAND FORKS","province":"BC","AddressID":"A00000H7LU","TempKey":"9F30F3AA-A497-42A5-8A31-83927653E3C7A00000H7LU","GlobalID":"{C060E5C4-3E98-4F9F-8BFB-5C42E9237126}","Shape__Area":2.939709368250001e-8,"Shape__Length":0.0009889882007048695}},{"type":"Feature","geometry":{"type":"Polygon","coordinates":[[[-118.537055,49.120434],[-118.537054,49.120762],[-118.536928,49.120765],[-118.53693,49.120435],[-118.537055,49.120434]]]},"properties":{"OBJECTID":18796,"PMBCParcelGUID":"{DCEA9527-488D-44EB-9C83-83997925EB4A}","PMBC_PID":12903141,"PMBC_PIN":12903141,"PMBC_ParcelClass":"SUBDIVISION","PMBC_OwnerType":"CROWN PROVINCIAL","PMBC_LegalDescription":"LOT 1 BLOCK 39 DISTRICT LOT 2005 SIMILKAMEEN DIVISION YALE DISTRICT PLAN 79","Folio":"71204850638","FullAddress":"","apt_no":null,"street_no":null,"street_direction_prefix":null,"street_name":null,"street_direction_suffix":null,"postal_code":null,"city":null,"province":"BC","AddressID":"D00000GM99","TempKey":"DCEA9527-488D-44EB-9C83-83997925EB4AD00000GM99","GlobalID":"{066B16C9-25FB-4DB8-891C-BEFF36CD6FF2}","Shape__Area":4.135414075400001e-8,"Shape__Length":0.0009099191243586152}},{"type":"Feature","geometry":{"type":"Polygon","coordinates":[[[-117.715648,49.116304],[-117.716026,49.116198],[-117.716058,49.116248],[-117.715652,49.116362],[-117.715648,49.116304]]]},"properties":{"OBJECTID":18797,"PMBCParcelGUID":"{5D945A4E-B516-4B8C-A7F6-8399EBB21841}","PMBC_PID":15523497,"PMBC_PIN":15523497,"PMBC_ParcelClass":"SUBDIVISION","PMBC_OwnerType":"PRIVATE","PMBC_LegalDescription":"LOT 12 BLOCK 6 DISTRICT LOT 367 KOOTENAY DISTRICT PLAN 2011 EXCEPT PARCEL A (SEE 79183I)","Folio":"23202911100","FullAddress":"24 HILLSIDE DR , TRAIL","apt_no":null,"street_no":"24","street_direction_prefix":null,"street_name":"HILLSIDE DR","street_direction_suffix":null,"postal_code":"V1R 1G6","city":"TRAIL","province":"BC","AddressID":"A000018T3R","TempKey":"5D945A4E-B516-4B8C-A7F6-8399EBB21841A000018T3R","GlobalID":"{93DA3493-123D-40B5-858B-FB795E7CAEC8}","Shape__Area":2.3269278410000006e-8,"Shape__Length":0.0009328332631308221}},{"type":"Feature","geometry":{"type":"Polygon","coordinates":[[[-117.673188,49.097506],[-117.673563,49.097505],[-117.673564,49.09756],[-117.673188,49.097561],[-117.673188,49.097506]]]},"properties":{"OBJECTID":18798,"PMBCParcelGUID":"{AA09792F-A479-43D2-9946-839F77B0477F}","PMBC_PID":13086006,"PMBC_PIN":13086006,"PMBC_ParcelClass":"SUBDIVISION","PMBC_OwnerType":"PRIVATE","PMBC_LegalDescription":"LOT 56 DISTRICT LOT 4598 KOOTENAY DISTRICT PLAN 9512","Folio":"23203479112","FullAddress":"3309 LAUREL CRES , TRAIL","apt_no":null,"street_no":"3309","street_direction_prefix":null,"street_name":"LAUREL CRES","street_direction_suffix":null,"postal_code":"V1R 4M6","city":"TRAIL","province":"BC","AddressID":"A000018TRJ","TempKey":"AA09792F-A479-43D2-9946-839F77B0477FA000018TRJ","GlobalID":"{E076A2C0-37EB-4B1E-9CC7-4031F309C26A}","Shape__Area":2.0605093150000004e-8,"Shape__Length":0.0008611847385786945}},{"type":"Feature","geometry":{"type":"Polygon","coordinates":[[[-118.44816,49.014658],[-118.448208,49.014284],[-118.449134,49.014284],[-118.449125,49.014657],[-118.44816,49.014658]]]},"properties":{"OBJECTID":18799,"PMBCParcelGUID":"{BBEB485F-40E7-4450-BA5C-839F8CEADEEA}","PMBC_PID":10438262,"PMBC_PIN":10438262,"PMBC_ParcelClass":"SUBDIVISION","PMBC_OwnerType":"PRIVATE","PMBC_LegalDescription":"LOT 2 DISTRICT LOT 519 SIMILKAMEEN DIVISION YALE DISTRICT PLAN 4769","Folio":"71203189000","FullAddress":"5795 BEATRICE ST , GRAND FORKS","apt_no":null,"street_no":"5795","street_direction_prefix":null,"street_name":"BEATRICE ST","street_direction_suffix":null,"postal_code":null,"city":"GRAND FORKS","province":"BC","AddressID":"A00000J3Z5","TempKey":"BBEB485F-40E7-4450-BA5C-839F8CEADEEAA00000J3Z5","GlobalID":"{A7EDAB46-FE06-4B69-B848-C143783EEA4B}","Shape__Area":3.530822458735001e-7,"Shape__Length":0.0026410481252271884}},{"type":"Feature","geometry":{"type":"Polygon","coordinates":[[[-118.502633,49.001234],[-118.502189,49.001308],[-118.502024,49.000883],[-118.502459,49.000812],[-118.502633,49.001234]]]},"properties":{"OBJECTID":18800,"PMBCParcelGUID":"{8BD89892-ED8D-4255-B688-839F9F9574BA}","PMBC_PID":1578171,"PMBC_PIN":1578171,"PMBC_ParcelClass":"SUBDIVISION","PMBC_OwnerType":"PRIVATE","PMBC_LegalDescription":"PARCEL W (DF H70131) BLOCK 8 DISTRICT LOT 517 SIMILKAMEEN DIVISION YALE DISTRICT PLAN 39","Folio":"71203159100","FullAddress":"4950 GRAHAM ST , GRAND FORKS","apt_no":null,"street_no":"4950","street_direction_prefix":null,"street_name":"GRAHAM ST","street_direction_suffix":null,"postal_code":"V0H 1H5","city":"GRAND FORKS","province":"BC","AddressID":"A00000J3UQ","TempKey":"8BD89892-ED8D-4255-B688-839F9F9574BAA00000J3UQ","GlobalID":"{8A721DF2-F208-469E-98C2-AD01CEA8567D}","Shape__Area":1.9844899781400006e-7,"Shape__Length":0.0018034567199870356}},{"type":"Feature","geometry":{"type":"Polygon","coordinates":[[[-118.532049,49.1191],[-118.531924,49.119102],[-118.531925,49.118774],[-118.53205,49.118771],[-118.532049,49.1191]]]},"properties":{"OBJECTID":18801,"PMBCParcelGUID":"{40F8E660-2773-4F3D-9CBA-83A1A90C7457}","PMBC_PID":13217640,"PMBC_PIN":13217640,"PMBC_ParcelClass":"SUBDIVISION","PMBC_OwnerType":"CROWN PROVINCIAL","PMBC_LegalDescription":"LOT 3 BLOCK 54 DISTRICT LOT 2005 SIMILKAMEEN DIVISION YALE DISTRICT PLAN 79","Folio":"71204851294","FullAddress":"","apt_no":null,"street_no":null,"street_direction_prefix":null,"street_name":null,"street_direction_suffix":null,"postal_code":null,"city":null,"province":"BC","AddressID":"D00000GXPJ","TempKey":"40F8E660-2773-4F3D-9CBA-83A1A90C7457D00000GXPJ","GlobalID":"{0E87D3B3-01D0-4948-A93C-A9DB537D4874}","Shape__Area":4.107564815400001e-8,"Shape__Length":0.0009072003564221981}},{"type":"Feature","geometry":{"type":"Polygon","coordinates":[[[-118.435918,49.02147],[-118.436247,49.021201],[-118.436245,49.021717],[-118.436243,49.022266],[-118.436181,49.022266],[-118.435915,49.022266],[-118.435918,49.02147]]]},"properties":{"OBJECTID":18802,"PMBCParcelGUID":"{0FC7ECB7-21CE-4A49-BF70-83A315255F75}","PMBC_PID":18848974,"PMBC_PIN":18848974,"PMBC_ParcelClass":"SUBDIVISION","PMBC_OwnerType":"PRIVATE","PMBC_LegalDescription":"LOT 2 DISTRICT LOT 534 SIMILKAMEEN DIVISION YALE DISTRICT PLAN KAP52745","Folio":"21001571020","FullAddress":"580 64TH AVE , GRAND FORKS","apt_no":null,"street_no":"580","street_direction_prefix":null,"street_name":"64TH AVE","street_direction_suffix":null,"postal_code":"V0H 1H4","city":"GRAND FORKS","province":"BC","AddressID":"A00000H971","TempKey":"0FC7ECB7-21CE-4A49-BF70-83A315255F75A00000H971","GlobalID":"{A184DBB9-886B-4E46-85D8-E23B9A3AE852}","Shape__Area":3.0476258324650007e-7,"Shape__Length":0.0026138927832739974}},{"type":"Feature","geometry":{"type":"Polygon","coordinates":[[[-117.640495,49.095098],[-117.640664,49.095098],[-117.640661,49.095421],[-117.640494,49.095411],[-117.640495,49.095098]]]},"properties":{"OBJECTID":18803,"PMBCParcelGUID":"{F94D7AF6-C4EA-4D75-8EFF-83A45ED4B1B2}","PMBC_PID":25101587,"PMBC_PIN":25101587,"PMBC_ParcelClass":"SUBDIVISION","PMBC_OwnerType":"PRIVATE","PMBC_LegalDescription":"LOT 7 DISTRICT LOT 4598 KOOTENAY DISTRICT PLAN NEP69462","Folio":"23204504830","FullAddress":"7200 DEVITO DR , TRAIL","apt_no":null,"street_no":"7200","street_direction_prefix":null,"street_name":"DEVITO DR","street_direction_suffix":null,"postal_code":"V1R 4W2","city":"TRAIL","province":"BC","AddressID":"A000018UD1","TempKey":"F94D7AF6-C4EA-4D75-8EFF-83A45ED4B1B2A000018UD1","GlobalID":"{9F881149-1E38-4803-A2A9-D86D13BE22DA}","Shape__Area":5.3501576345000015e-8,"Shape__Length":0.0009726697606239414}},{"type":"Feature","geometry":{"type":"Polygon","coordinates":[[[-118.591084,49.098972],[-118.590984,49.099266],[-118.590883,49.099251],[-118.590805,49.098931],[-118.591084,49.098972]]]},"properties":{"OBJECTID":18804,"PMBCParcelGUID":"{46180E40-74CC-43B6-8327-83A788F15CA9}","PMBC_PID":12258067,"PMBC_PIN":12258067,"PMBC_ParcelClass":"SUBDIVISION","PMBC_OwnerType":"PRIVATE","PMBC_LegalDescription":"LOT 4 BLOCK 23 DISTRICT LOT 922 SIMILKAMEEN DIVISION YALE DISTRICT PLAN 60","Folio":"71203504105","FullAddress":"","apt_no":null,"street_no":null,"street_direction_prefix":null,"street_name":null,"street_direction_suffix":null,"postal_code":null,"city":null,"province":"BC","AddressID":"D00000EVF6","TempKey":"46180E40-74CC-43B6-8327-83A788F15CA9D00000EVF6","GlobalID":"{4C35BB22-9B02-449F-9C90-218809246DF5}","Shape__Area":5.870214394850002e-8,"Shape__Length":0.0010246077542479368}},{"type":"Feature","geometry":{"type":"Polygon","coordinates":[[[-117.803835,49.078148],[-117.804549,49.078183],[-117.80454,49.078264],[-117.803826,49.07823],[-117.803835,49.078148]]]},"properties":{"OBJECTID":18805,"PMBCParcelGUID":"{9E58DEA6-7909-4E6A-BB0F-83AB8FEC5F0A}","PMBC_PID":16200021,"PMBC_PIN":16200021,"PMBC_ParcelClass":"SUBDIVISION","PMBC_OwnerType":"PRIVATE","PMBC_LegalDescription":"LOT 25 BLOCK B SECTION 35 TOWNSHIP 9A KOOTENAY DISTRICT PLAN 616","Folio":"22901076000","FullAddress":"1771 FIRST AVE , ROSSLAND","apt_no":null,"street_no":"1771","street_direction_prefix":null,"street_name":"FIRST AVE","street_direction_suffix":null,"postal_code":null,"city":"ROSSLAND","province":"BC","AddressID":"A000018Q24","TempKey":"9E58DEA6-7909-4E6A-BB0F-83AB8FEC5F0AA000018Q24","GlobalID":"{994B0A7A-277B-4AA9-97D0-989B577626DC}","Shape__Area":5.869203576100002e-8,"Shape__Length":0.0015945490855467344}},{"type":"Feature","geometry":{"type":"Polygon","coordinates":[[[-117.797784,49.072655],[-117.797664,49.072611],[-117.797672,49.072535],[-117.797797,49.072541],[-117.797784,49.072655]]]},"properties":{"OBJECTID":18806,"PMBCParcelGUID":"{75E9612B-5723-468C-964A-83ABEAE55223}","PMBC_PID":16721322,"PMBC_PIN":16721322,"PMBC_ParcelClass":"SUBDIVISION","PMBC_OwnerType":"LOCAL GOVERNMENT","PMBC_LegalDescription":"LOT 12 BLOCK 56 DISTRICT LOT 535 KOOTENAY DISTRICT PLAN 579A EXCEPT PART COLOURED RED ON PLAN 1661","Folio":"22900466200","FullAddress":"VICTORIA AVE , ROSSLAND","apt_no":null,"street_no":null,"street_direction_prefix":null,"street_name":"VICTORIA AVE","street_direction_suffix":null,"postal_code":null,"city":"ROSSLAND","province":"BC","AddressID":"A000018PD9","TempKey":"75E9612B-5723-468C-964A-83ABEAE55223A000018PD9","GlobalID":"{4DEB6102-12A2-4BBF-B195-F534A5F002D0}","Shape__Area":1.1892541220000003e-8,"Shape__Length":0.00044410992545412716}},{"type":"Feature","geometry":{"type":"Polygon","coordinates":[[[-118.588369,49.085159],[-118.587481,49.085068],[-118.589132,49.084705],[-118.589501,49.084911],[-118.588369,49.085159]]]},"properties":{"OBJECTID":18807,"PMBCParcelGUID":"{FA282D6E-4F03-4765-8734-83AC77969E67}","PMBC_PID":11758309,"PMBC_PIN":11758309,"PMBC_ParcelClass":"INTEREST","PMBC_OwnerType":"CROWN PROVINCIAL","PMBC_LegalDescription":"THAT PART OF THE SURFACE OF DISTRICT LOT 2701 SIMILKAMEEN DIVISION YALE DISTRICT LYING WITHIN DISTRICT LOT 3556 SIMILKAMEEN DIVISION YALE DISTRICT SHOWN RED ON PLAN C10255 KNOWN AS THE BLACK BEAR FRACTIONAL MINERAL CLAIM CONTAINING .3237 HECTARES","Folio":"71207180005","FullAddress":"","apt_no":null,"street_no":null,"street_direction_prefix":null,"street_name":null,"street_direction_suffix":null,"postal_code":null,"city":null,"province":"BC","AddressID":"D00000EV3G","TempKey":"FA282D6E-4F03-4765-8734-83AC77969E67D00000EV3G","GlobalID":"{A7A8A8E9-9F65-45FB-96F7-6998249C07B8}","Shape__Area":3.988686098420001e-7,"Shape__Length":0.004164833615081092}},{"type":"Feature","geometry":{"type":"MultiPolygon","coordinates":[[[[-118.610791,49.13491],[-118.610794,49.136196],[-118.610747,49.136196],[-118.60777,49.136202],[-118.607723,49.136114],[-118.607732,49.13597],[-118.607685,49.135853],[-118.607716,49.135623],[-118.607742,49.13541],[-118.60772,49.135174],[-118.607652,49.135055],[-118.607805,49.135059],[-118.607831,49.13506],[-118.607878,49.135061],[-118.607951,49.135063],[-118.608293,49.135068],[-118.608635,49.135066],[-118.608977,49.135058],[-118.609319,49.135044],[-118.60966,49.135023],[-118.61,49.134997],[-118.610264,49.134972],[-118.610528,49.134943],[-118.610791,49.13491]]],[[[-118.604028,49.134947],[-118.607638,49.135054],[-118.607708,49.135178],[-118.607727,49.13541],[-118.607702,49.135613],[-118.607671,49.135854],[-118.607719,49.135971],[-118.607713,49.136036],[-118.607709,49.136107],[-118.604061,49.135074],[-118.604028,49.134947]]]]},"properties":{"OBJECTID":18808,"PMBCParcelGUID":"{518C01E6-DE25-4FF8-B9D8-83AD2112AA83}","PMBC_PID":23830379,"PMBC_PIN":23830379,"PMBC_ParcelClass":"SUBDIVISION","PMBC_OwnerType":"PRIVATE","PMBC_LegalDescription":"LOT 1 DISTRICT LOT 1067S SIMILKAMEEN DIVISION YALE DISTRICT PLAN KAP59625","Folio":"71304590025","FullAddress":"12130 HIGHWAY 3 ","apt_no":null,"street_no":"12130","street_direction_prefix":null,"street_name":"HIGHWAY 3","street_direction_suffix":null,"postal_code":null,"city":null,"province":"BC","AddressID":"A00000J827","TempKey":"518C01E6-DE25-4FF8-B9D8-83AD2112AA83A00000J827","GlobalID":"{2C6EEDE6-8B9A-4094-BFFB-B7B0A447A520}","Shape__Area":0.000005749486606556501,"Shape__Length":0.017265951612644534}},{"type":"Feature","geometry":{"type":"Polygon","coordinates":[[[-117.586079,49.082212],[-117.585768,49.08236],[-117.585763,49.081961],[-117.586192,49.081847],[-117.586332,49.082101],[-117.586079,49.082212]]]},"properties":{"OBJECTID":18809,"PMBCParcelGUID":"{A5E4C126-5B1D-482C-8754-83ADCE783CD4}","PMBC_PID":12592242,"PMBC_PIN":12592242,"PMBC_ParcelClass":"SUBDIVISION","PMBC_OwnerType":"PRIVATE","PMBC_LegalDescription":"LOT 28 TOWNSHIP 7A KOOTENAY DISTRICT PLAN 12249","Folio":"54800394000","FullAddress":"914 8TH ST , MONTROSE","apt_no":null,"street_no":"914","street_direction_prefix":null,"street_name":"8TH ST","street_direction_suffix":null,"postal_code":null,"city":"MONTROSE","province":"BC","AddressID":"A000018ZFN","TempKey":"A5E4C126-5B1D-482C-8754-83ADCE783CD4A000018ZFN","GlobalID":"{60A3818B-07E8-4DB0-9EF5-F991777B365B}","Shape__Area":1.7443163599000005e-7,"Shape__Length":0.0017541966050823928}},{"type":"Feature","geometry":{"type":"Polygon","coordinates":[[[-118.43895,49.036067],[-118.438524,49.03618],[-118.438462,49.036079],[-118.438332,49.035868],[-118.438758,49.035755],[-118.43895,49.036067]]]},"properties":{"OBJECTID":18810,"PMBCParcelGUID":"{1878CD7B-ADCA-4DE1-989D-83AF2602F39C}","PMBC_PID":2941341,"PMBC_PIN":2941341,"PMBC_ParcelClass":"SUBDIVISION","PMBC_OwnerType":"PRIVATE","PMBC_LegalDescription":"LOT A DISTRICT LOT 585 SIMILKAMEEN DIVISION YALE DISTRICT PLAN 34620","Folio":"21000492005","FullAddress":"7564 2ND ST , GRAND FORKS","apt_no":null,"street_no":"7564","street_direction_prefix":null,"street_name":"2ND ST","street_direction_suffix":null,"postal_code":null,"city":"GRAND FORKS","province":"BC","AddressID":"A00000H78W","TempKey":"1878CD7B-ADCA-4DE1-989D-83AF2602F39CA00000H78W","GlobalID":"{34A577B5-877B-4FCC-A51E-3FDF19137C2B}","Shape__Area":1.5434479519950005e-7,"Shape__Length":0.0016125561443251083}},{"type":"Feature","geometry":{"type":"MultiPolygon","coordinates":[[[[-118.417085,49.018724],[-118.417331,49.018725],[-118.418415,49.018726],[-118.419572,49.018725],[-118.419584,49.018725],[-118.41958,49.019881],[-118.419545,49.019889],[-118.417308,49.020329],[-118.417063,49.020381],[-118.417067,49.019921],[-118.417085,49.018724]]],[[[-118.419579,49.020033],[-118.419577,49.020715],[-118.417059,49.020723],[-118.417062,49.020526],[-118.417306,49.020477],[-118.419579,49.020033]]]]},"properties":{"OBJECTID":18811,"PMBCParcelGUID":"{CE55A57E-2E63-4E10-9D63-83AF2BF70096}","PMBC_PID":11991003,"PMBC_PIN":11991003,"PMBC_ParcelClass":"SUBDIVISION","PMBC_OwnerType":"PRIVATE","PMBC_LegalDescription":"LOT 2 BLOCK 1 DISTRICT LOT 152 SIMILKAMEEN DIVISION YALE DISTRICT PLAN 888","Folio":"71201827000","FullAddress":"6060 KENMORE RD , GRAND FORKS","apt_no":null,"street_no":"6060","street_direction_prefix":null,"street_name":"KENMORE RD","street_direction_suffix":null,"postal_code":"V0H 1H4","city":"GRAND FORKS","province":"BC","AddressID":"A00000J2T5","TempKey":"CE55A57E-2E63-4E10-9D63-83AF2BF70096A00000J2T5","GlobalID":"{98B6134D-3743-43DA-838E-67655AF34DC2}","Shape__Area":0.000004626872615804001,"Shape__Length":0.013838428935343526}},{"type":"Feature","geometry":{"type":"Polygon","coordinates":[[[-117.577933,49.087172],[-117.577537,49.087478],[-117.576531,49.086979],[-117.576936,49.086659],[-117.577933,49.087172]]]},"properties":{"OBJECTID":18812,"PMBCParcelGUID":"{FD58601C-522C-4A96-B182-83AF71F8C894}","PMBC_PID":15516113,"PMBC_PIN":15516113,"PMBC_ParcelClass":"SUBDIVISION","PMBC_OwnerType":"PRIVATE","PMBC_LegalDescription":"LOT 3 DISTRICT LOT 8392 KOOTENAY DISTRICT PLAN 2016","Folio":"71109331000","FullAddress":"1137 HIGHWAY 3B , BEAVER FALLS","apt_no":null,"street_no":"1137","street_direction_prefix":null,"street_name":"HIGHWAY 3B","street_direction_suffix":null,"postal_code":"V0G 1P0","city":"BEAVER FALLS","province":"BC","AddressID":"A000019N86","TempKey":"FD58601C-522C-4A96-B182-83AF71F8C894A000019N86","GlobalID":"{149F3985-6817-4DAB-9072-2D90581478E0}","Shape__Area":5.160841437075001e-7,"Shape__Length":0.0032608811476986166}},{"type":"Feature","geometry":{"type":"Polygon","coordinates":[[[-117.661428,49.097248],[-117.661489,49.096979],[-117.661986,49.097032],[-117.661844,49.097136],[-117.661621,49.097299],[-117.661559,49.097279],[-117.661495,49.097261],[-117.661428,49.097248]]]},"properties":{"OBJECTID":18813,"PMBCParcelGUID":"{AEE37065-DEE3-4936-9191-83B0668F8FCC}","PMBC_PID":10871250,"PMBC_PIN":10871250,"PMBC_ParcelClass":"SUBDIVISION","PMBC_OwnerType":"PRIVATE","PMBC_LegalDescription":"LOT 6 BLOCK 12 DISTRICT LOT 4598 KOOTENAY DISTRICT PLAN 4687","Folio":"23203891000","FullAddress":"3620 ROSEWOOD DR , TRAIL","apt_no":null,"street_no":"3620","street_direction_prefix":null,"street_name":"ROSEWOOD DR","street_direction_suffix":null,"postal_code":"V1R 2V2","city":"TRAIL","province":"BC","AddressID":"A000018U69","TempKey":"AEE37065-DEE3-4936-9191-83B0668F8FCCA000018U69","GlobalID":"{1390C3EF-A5A9-4D32-9F97-49660B274E26}","Shape__Area":1.0318202011500003e-7,"Shape__Length":0.0014280426370448368}},{"type":"Feature","geometry":{"type":"Polygon","coordinates":[[[-119.026239,49.05877],[-119.037301,49.058636],[-119.037883,49.07333],[-119.026312,49.073248],[-119.026309,49.072987],[-119.026297,49.072088],[-119.026285,49.071188],[-119.026273,49.070289],[-119.026262,49.06939],[-119.026249,49.068418],[-119.026526,49.066005],[-119.026373,49.062146],[-119.026362,49.061874],[-119.026239,49.05877]]]},"properties":{"OBJECTID":18814,"PMBCParcelGUID":"{3C9C0011-7F79-45C9-995F-83B5EFDB2A01}","PMBC_PID":14947994,"PMBC_PIN":14947994,"PMBC_ParcelClass":"SUBDIVISION","PMBC_OwnerType":"PRIVATE","PMBC_LegalDescription":"DISTRICT LOT 1024 SIMILKAMEEN DIVISION YALE DISTRICT","Folio":"71304566000","FullAddress":"4649 HIGHWAY 3 ","apt_no":null,"street_no":"4649","street_direction_prefix":null,"street_name":"HIGHWAY 3","street_direction_suffix":null,"postal_code":null,"city":null,"province":"BC","AddressID":"A00000J81J","TempKey":"3C9C0011-7F79-45C9-995F-83B5EFDB2A01A00000J81J","GlobalID":"{53E04075-399C-472A-B786-D270477ECEE3}","Shape__Area":0.00016400864269107204,"Shape__Length":0.051840089652463235}},{"type":"Feature","geometry":{"type":"Polygon","coordinates":[[[-119.026239,49.05877],[-119.037301,49.058636],[-119.037883,49.07333],[-119.026312,49.073248],[-119.026309,49.072987],[-119.026297,49.072088],[-119.026285,49.071188],[-119.026273,49.070289],[-119.026262,49.06939],[-119.026249,49.068418],[-119.026526,49.066005],[-119.026373,49.062146],[-119.026362,49.061874],[-119.026239,49.05877]]]},"properties":{"OBJECTID":18815,"PMBCParcelGUID":"{3C9C0011-7F79-45C9-995F-83B5EFDB2A01}","PMBC_PID":14947994,"PMBC_PIN":14947994,"PMBC_ParcelClass":"SUBDIVISION","PMBC_OwnerType":"PRIVATE","PMBC_LegalDescription":"DISTRICT LOT 1024 SIMILKAMEEN DIVISION YALE DISTRICT","Folio":"71304566000","FullAddress":"4645 HIGHWAY 3 ","apt_no":null,"street_no":"4645","street_direction_prefix":null,"street_name":"HIGHWAY 3","street_direction_suffix":null,"postal_code":null,"city":null,"province":"BC","AddressID":"A00000J81K","TempKey":"3C9C0011-7F79-45C9-995F-83B5EFDB2A01A00000J81K","GlobalID":"{55F8192E-A837-42CB-BF17-7F8397F4B12A}","Shape__Area":0.00016400864269107204,"Shape__Length":0.051840089652463235}},{"type":"Feature","geometry":{"type":"Polygon","coordinates":[[[-117.799319,49.077603],[-117.79947,49.07761],[-117.799882,49.077629],[-117.799882,49.077629],[-117.800035,49.077636],[-117.800026,49.077719],[-117.799937,49.077714],[-117.799937,49.077714],[-117.799498,49.077694],[-117.79931,49.077685],[-117.799319,49.077603]]]},"properties":{"OBJECTID":18816,"PMBCParcelGUID":"{FA6B668E-A03F-41E3-9687-83BAD2E48108}","PMBC_PID":16219520,"PMBC_PIN":16219520,"PMBC_ParcelClass":"SUBDIVISION","PMBC_OwnerType":"PRIVATE","PMBC_LegalDescription":"LOT 20 BLOCK 41 DISTRICT LOT 535 KOOTENAY DISTRICT PLAN 579","Folio":"22900360000","FullAddress":"2054 WASHINGTON ST , ROSSLAND","apt_no":null,"street_no":"2054","street_direction_prefix":null,"street_name":"WASHINGTON ST","street_direction_suffix":null,"postal_code":null,"city":"ROSSLAND","province":"BC","AddressID":"A000018P8B","TempKey":"FA6B668E-A03F-41E3-9687-83BAD2E48108A000018P8B","GlobalID":"{42F44E43-48C3-4EE8-8FA3-CE0578206607}","Shape__Area":5.906261882700002e-8,"Shape__Length":0.0015982468950171851}},{"type":"Feature","geometry":{"type":"Polygon","coordinates":[[[-118.447486,49.029118],[-118.44753,49.029106],[-118.447613,49.029084],[-118.447636,49.029123],[-118.447509,49.029157],[-118.447496,49.029135],[-118.447486,49.029118]]]},"properties":{"OBJECTID":18817,"PMBCParcelGUID":"{33A54B0D-2B3E-48A6-BA6B-83BAE848DB52}","PMBC_PID":12761486,"PMBC_PIN":12761486,"PMBC_ParcelClass":"SUBDIVISION","PMBC_OwnerType":"LOCAL GOVERNMENT","PMBC_LegalDescription":"THE NORTH 15 FEET OF LOT 23 BLOCK 38 DISTRICT LOT 108 SIMILKAMEEN DIVISION YALE DISTRICT PLAN 72","Folio":"21000351000","FullAddress":"72ND AVE , GRAND FORKS","apt_no":null,"street_no":null,"street_direction_prefix":null,"street_name":"72ND AVE","street_direction_suffix":null,"postal_code":null,"city":"GRAND FORKS","province":"BC","AddressID":"A00000H72Y","TempKey":"33A54B0D-2B3E-48A6-BA6B-83BAE848DB52A00000H72Y","GlobalID":"{605C77C1-55A5-4CD4-A539-9045DFF2C351}","Shape__Area":5.724035035000001e-9,"Shape__Length":0.0003537788090878804}},{"type":"Feature","geometry":{"type":"Polygon","coordinates":[[[-118.528932,49.114463],[-118.52893,49.114791],[-118.528805,49.114793],[-118.528806,49.114464],[-118.528932,49.114463]]]},"properties":{"OBJECTID":18818,"PMBCParcelGUID":"{1C406C9C-B429-401A-9B9E-83BD211392CA}","PMBC_PID":14173824,"PMBC_PIN":14173824,"PMBC_ParcelClass":"SUBDIVISION","PMBC_OwnerType":"CROWN PROVINCIAL","PMBC_LegalDescription":"LOT 6 BLOCK 88 DISTRICT LOT 2005 SIMILKAMEEN DIVISION YALE DISTRICT PLAN 79","Folio":"71204852816","FullAddress":"","apt_no":null,"street_no":null,"street_direction_prefix":null,"street_name":null,"street_direction_suffix":null,"postal_code":null,"city":null,"province":"BC","AddressID":"D00000FF2A","TempKey":"1C406C9C-B429-401A-9B9E-83BD211392CAD00000FF2A","GlobalID":"{9E24112F-1C0B-4F43-89BE-7CAA4D5FBA5B}","Shape__Area":4.117409542650001e-8,"Shape__Length":0.0009075127259800148}},{"type":"Feature","geometry":{"type":"Polygon","coordinates":[[[-118.720106,49.111737],[-118.719884,49.112019],[-118.719221,49.112858],[-118.717588,49.114928],[-118.716028,49.114403],[-118.715359,49.114175],[-118.716836,49.112317],[-118.718248,49.110527],[-118.718528,49.110623],[-118.71927,49.110875],[-118.71952,49.110962],[-118.719558,49.110974],[-118.72046,49.111287],[-118.720106,49.111737]]]},"properties":{"OBJECTID":18819,"PMBCParcelGUID":"{08D02514-D83F-498B-8F38-83BEAC726EE9}","PMBC_PID":14817276,"PMBC_PIN":14817276,"PMBC_ParcelClass":"SUBDIVISION","PMBC_OwnerType":"CROWN PROVINCIAL","PMBC_LegalDescription":"DISTRICT LOT 704 SIMILKAMEEN DIVISION YALE DISTRICT","Folio":"71304000000","FullAddress":"","apt_no":null,"street_no":null,"street_direction_prefix":null,"street_name":null,"street_direction_suffix":null,"postal_code":null,"city":null,"province":"BC","AddressID":"D00000GYA7","TempKey":"08D02514-D83F-498B-8F38-83BEAC726EE9D00000GYA7","GlobalID":"{EF3A9D4B-85F0-4596-93EB-F6C0A939215C}","Shape__Area":0.000010268838783672502,"Shape__Length":0.013982359438769108}},{"type":"Feature","geometry":{"type":"Polygon","coordinates":[[[-118.693352,49.082144],[-118.693427,49.082067],[-118.693773,49.082208],[-118.693699,49.082284],[-118.693352,49.082144]]]},"properties":{"OBJECTID":18820,"PMBCParcelGUID":"{1688BEF6-B597-4AE5-A840-83BF7845F2F1}","PMBC_PID":12341584,"PMBC_PIN":12341584,"PMBC_ParcelClass":"SUBDIVISION","PMBC_OwnerType":"CROWN PROVINCIAL","PMBC_LegalDescription":"LOT 2 BLOCK 56 SECTION 32 TOWNSHIP 70 SIMILKAMEEN DIVISION YALE DISTRICT PLAN 97","Folio":"71308023328","FullAddress":"STRATFORD ST ","apt_no":null,"street_no":null,"street_direction_prefix":null,"street_name":"STRATFORD ST","street_direction_suffix":null,"postal_code":null,"city":null,"province":"BC","AddressID":"A00000JB0B","TempKey":"1688BEF6-B597-4AE5-A840-83BF7845F2F1A00000JB0B","GlobalID":"{B409924B-3D5E-407C-A192-A141728D036B}","Shape__Area":3.706974690000001e-8,"Shape__Length":0.0009624001064139643}},{"type":"Feature","geometry":{"type":"Polygon","coordinates":[[[-119.105689,49.431417],[-119.106422,49.431612],[-119.106978,49.431759],[-119.106223,49.432486],[-119.106046,49.432549],[-119.105891,49.432474],[-119.105759,49.432411],[-119.105489,49.432281],[-119.105014,49.432053],[-119.105262,49.431713],[-119.105689,49.431417]]]},"properties":{"OBJECTID":18821,"PMBCParcelGUID":"{EECC8F74-0BB7-44FF-9767-83C35317AF99}","PMBC_PID":29726565,"PMBC_PIN":29726565,"PMBC_ParcelClass":"BARE LAND STRATA","PMBC_OwnerType":"PRIVATE","PMBC_LegalDescription":"STRATA LOT 7 DISTRICT LOT 2764S SIMILKAMEEN DIVISION YALE DISTRICT STRATA PLAN EPS462 TOGETHER WITH AN INTEREST IN THE COMMON PROPERTY IN PROPORTION TO THE UNIT ENTITLEMENT OF THE STRATA LOT AS SHOWN ON FORM V","Folio":"71306857170","FullAddress":"BEAVERDELL STN RD , BEAVERDELL","apt_no":null,"street_no":null,"street_direction_prefix":null,"street_name":"BEAVERDELL STN RD","street_direction_suffix":null,"postal_code":null,"city":"BEAVERDELL","province":"BC","AddressID":"D00000D7Y9","TempKey":"EECC8F74-0BB7-44FF-9767-83C35317AF99D00000D7Y9","GlobalID":"{C68AB53A-5A71-4A46-BB77-6EFF1231E483}","Shape__Area":0.0000012400885639735004,"Shape__Length":0.004655013239388988}},{"type":"Feature","geometry":{"type":"Polygon","coordinates":[[[-118.216521,49.054642],[-118.216846,49.054647],[-118.217037,49.055357],[-118.21662,49.05535],[-118.216521,49.054642]]]},"properties":{"OBJECTID":18822,"PMBCParcelGUID":"{3018D979-4077-4695-BD11-83C7FDF409CC}","PMBC_PID":4323327,"PMBC_PIN":4323327,"PMBC_ParcelClass":"SUBDIVISION","PMBC_OwnerType":"PRIVATE","PMBC_LegalDescription":"LOT 5 DISTRICT LOT 970 SIMILKAMEEN DIVISION YALE DISTRICT PLAN 29415","Folio":"71204359040","FullAddress":"39 JOHNSON RD , CHRISTINA LAKE","apt_no":null,"street_no":"39","street_direction_prefix":null,"street_name":"JOHNSON RD","street_direction_suffix":null,"postal_code":"V0H 1E2","city":"CHRISTINA LAKE","province":"BC","AddressID":"A00000J4XN","TempKey":"3018D979-4077-4695-BD11-83C7FDF409CCA00000J4XN","GlobalID":"{EDD03BA3-9427-483E-AC20-A869A103CB27}","Shape__Area":2.617449998575001e-7,"Shape__Length":0.002190722605275647}},{"type":"Feature","geometry":{"type":"Polygon","coordinates":[[[-118.53956,49.11985],[-118.539561,49.11952],[-118.539687,49.119518],[-118.539686,49.119847],[-118.53956,49.11985]]]},"properties":{"OBJECTID":18823,"PMBCParcelGUID":"{A93AFB24-10C2-4FDF-A361-83CC846B0346}","PMBC_PID":12915165,"PMBC_PIN":12915165,"PMBC_ParcelClass":"SUBDIVISION","PMBC_OwnerType":"CROWN PROVINCIAL","PMBC_LegalDescription":"LOT 8 BLOCK 47 DISTRICT LOT 2005 SIMILKAMEEN DIVISION YALE DISTRICT PLAN 79","Folio":"71204850960","FullAddress":"","apt_no":null,"street_no":null,"street_direction_prefix":null,"street_name":null,"street_direction_suffix":null,"postal_code":null,"city":null,"province":"BC","AddressID":"D00000GHEJ","TempKey":"A93AFB24-10C2-4FDF-A361-83CC846B0346D00000GHEJ","GlobalID":"{0B9CFACD-F96D-46CB-AA84-C0054701ADEC}","Shape__Area":4.131707041000001e-8,"Shape__Length":0.0009098874994293399}},{"type":"Feature","geometry":{"type":"Polygon","coordinates":[[[-118.225841,49.038909],[-118.226545,49.038548],[-118.226828,49.038813],[-118.226196,49.039127],[-118.225841,49.038909]]]},"properties":{"OBJECTID":18824,"PMBCParcelGUID":"{2DAA2E6F-3302-4DBB-A0A7-83CDCA28422A}","PMBC_PID":18608256,"PMBC_PIN":18608256,"PMBC_ParcelClass":"SUBDIVISION","PMBC_OwnerType":"PRIVATE","PMBC_LegalDescription":"LOT G DISTRICT LOT 317 SIMILKAMEEN DIVISION YALE DISTRICT PLAN KAP51495","Folio":"71202595795","FullAddress":"220 CHASE RD , CHRISTINA LAKE","apt_no":null,"street_no":"220","street_direction_prefix":null,"street_name":"CHASE RD","street_direction_suffix":null,"postal_code":null,"city":"CHRISTINA LAKE","province":"BC","AddressID":"A00000J3CQ","TempKey":"2DAA2E6F-3302-4DBB-A0A7-83CDCA28422AA00000J3CQ","GlobalID":"{B0E20B6C-9D68-4EC5-8A9B-E6CBA1407626}","Shape__Area":2.6864947076400005e-7,"Shape__Length":0.002299741666483174}},{"type":"Feature","geometry":{"type":"Polygon","coordinates":[[[-118.6013,49.100824],[-118.601556,49.100622],[-118.601633,49.100664],[-118.601377,49.100867],[-118.6013,49.100824]]]},"properties":{"OBJECTID":18825,"PMBCParcelGUID":"{20351191-A97D-4BEC-9CD2-83D72B8CC5A5}","PMBC_PID":12199559,"PMBC_PIN":12199559,"PMBC_ParcelClass":"SUBDIVISION","PMBC_OwnerType":"PRIVATE","PMBC_LegalDescription":"LOT 18 BLOCK A DISTRICT LOTS 981 AND 982 SIMILKAMEEN DIVISION YALE DISTRICT PLAN 113","Folio":"71203511185","FullAddress":"","apt_no":null,"street_no":null,"street_direction_prefix":null,"street_name":null,"street_direction_suffix":null,"postal_code":null,"city":null,"province":"BC","AddressID":"D00000FRT8","TempKey":"20351191-A97D-4BEC-9CD2-83D72B8CC5A5D00000FRT8","GlobalID":"{16B14434-8E81-47E5-BE62-B93F427D86DE}","Shape__Area":2.6395737819000007e-8,"Shape__Length":0.0008289759648406844}},{"type":"Feature","geometry":{"type":"Polygon","coordinates":[[[-118.429497,49.035666],[-118.429312,49.035366],[-118.429379,49.035348],[-118.429545,49.035303],[-118.429753,49.035569],[-118.429497,49.035666]]]},"properties":{"OBJECTID":18826,"PMBCParcelGUID":"{8707C2F8-B66E-4935-98EA-83D7C5DC16CB}","PMBC_PID":3477291,"PMBC_PIN":3477291,"PMBC_ParcelClass":"SUBDIVISION","PMBC_OwnerType":"PRIVATE","PMBC_LegalDescription":"LOT 20 DISTRICT LOT 493 SIMILKAMEN DIVISION YALE DISTRICT PLAN 32321","Folio":"21001366290","FullAddress":"223 WINNIPEG AVE , GRAND FORKS","apt_no":null,"street_no":"223","street_direction_prefix":null,"street_name":"WINNIPEG AVE","street_direction_suffix":null,"postal_code":null,"city":"GRAND FORKS","province":"BC","AddressID":"A00000H8Y2","TempKey":"8707C2F8-B66E-4935-98EA-83D7C5DC16CBA00000H8Y2","GlobalID":"{6B67D812-7EB1-4F1E-A6BC-92A34B2FF0A6}","Shape__Area":8.491594854400002e-8,"Shape__Length":0.0012054763517191168}},{"type":"Feature","geometry":{"type":"Polygon","coordinates":[[[-118.592184,49.099133],[-118.592084,49.099427],[-118.591961,49.09941],[-118.592062,49.099116],[-118.592184,49.099133]]]},"properties":{"OBJECTID":18827,"PMBCParcelGUID":"{87D62F79-57DE-407D-AF12-83D870B94000}","PMBC_PID":12258229,"PMBC_PIN":12258229,"PMBC_ParcelClass":"SUBDIVISION","PMBC_OwnerType":"PRIVATE","PMBC_LegalDescription":"LOT 7 BLOCK 24 DISTRICT LOT 922 SIMILKAMEEN DIVISION YALE DISTRICT PLAN 60","Folio":"71203504170","FullAddress":"","apt_no":null,"street_no":null,"street_direction_prefix":null,"street_name":null,"street_direction_suffix":null,"postal_code":null,"city":null,"province":"BC","AddressID":"D00000GC2A","TempKey":"87D62F79-57DE-407D-AF12-83D870B94000D00000GC2A","GlobalID":"{A40F5728-380C-4B3C-BEE3-3D9AE4C2644A}","Shape__Area":3.775158380500001e-8,"Shape__Length":0.0008690169354750655}},{"type":"Feature","geometry":{"type":"Polygon","coordinates":[[[-118.223284,49.038207],[-118.223579,49.038306],[-118.222988,49.038954],[-118.222623,49.038933],[-118.222349,49.038915],[-118.223284,49.038207]]]},"properties":{"OBJECTID":18828,"PMBCParcelGUID":"{F490D52E-10A4-4174-BADF-83D90D33A114}","PMBC_PID":3244610,"PMBC_PIN":3244610,"PMBC_ParcelClass":"SUBDIVISION","PMBC_OwnerType":"PRIVATE","PMBC_LegalDescription":"LOT 18 DISTRICT LOT 317 SIMILKAMEEN DIVISION YALE DISTRICT PLAN 33117","Folio":"71202595180","FullAddress":"193 CHASE RD , CHRISTINA LAKE","apt_no":null,"street_no":"193","street_direction_prefix":null,"street_name":"CHASE RD","street_direction_suffix":null,"postal_code":null,"city":"CHRISTINA LAKE","province":"BC","AddressID":"A00000J3A1","TempKey":"F490D52E-10A4-4174-BADF-83D90D33A114A00000J3A1","GlobalID":"{4E7BE911-3AC4-4D6A-8E0E-0DB27B7BB6FB}","Shape__Area":3.697401860790001e-7,"Shape__Length":0.0030019216618718133}},{"type":"Feature","geometry":{"type":"Polygon","coordinates":[[[-119.175159,49.036305],[-119.17385,49.036309],[-119.173877,49.029019],[-119.195962,49.029144],[-119.195962,49.02916],[-119.195949,49.036367],[-119.195033,49.036377],[-119.184862,49.036242],[-119.17534,49.036305],[-119.175159,49.036305]]]},"properties":{"OBJECTID":18829,"PMBCParcelGUID":"{D7510007-F94E-46DE-A880-83DD086281F3}","PMBC_PID":15044998,"PMBC_PIN":15044998,"PMBC_ParcelClass":"SUBDIVISION","PMBC_OwnerType":"PRIVATE","PMBC_LegalDescription":"DISTRICT LOT 1578S SIMILKAMEEN DIVISION YALE DISTRICT","Folio":"71304870000","FullAddress":"HIGHWAY 3 ","apt_no":null,"street_no":null,"street_direction_prefix":null,"street_name":"HIGHWAY 3","street_direction_suffix":null,"postal_code":null,"city":null,"province":"BC","AddressID":"A00000J888","TempKey":"D7510007-F94E-46DE-A880-83DD086281F3A00000J888","GlobalID":"{9845CF48-1BF9-49FC-AA3B-96EF6F552C27}","Shape__Area":0.00015940543671805654,"Shape__Length":0.05869880984934744}},{"type":"Feature","geometry":{"type":"Polygon","coordinates":[[[-118.987947,49.089224],[-118.98902,49.087656],[-118.989083,49.087568],[-118.989153,49.087482],[-118.989228,49.087399],[-118.989335,49.087295],[-118.989451,49.087195],[-118.989576,49.087099],[-118.989708,49.087009],[-118.989848,49.086923],[-118.989996,49.086843],[-118.990149,49.086768],[-118.990309,49.086699],[-118.990364,49.086683],[-118.99163,49.08635],[-118.99168,49.086333],[-118.991729,49.086315],[-118.991778,49.086296],[-118.991827,49.086277],[-118.991874,49.086258],[-118.991921,49.086238],[-118.991968,49.086217],[-118.992014,49.086196],[-118.99206,49.086175],[-118.992105,49.086152],[-118.992149,49.08613],[-118.992192,49.086107],[-118.992235,49.086083],[-118.992278,49.086059],[-118.99232,49.086034],[-118.992361,49.086009],[-118.992401,49.085984],[-118.992441,49.085958],[-118.99248,49.085931],[-118.992518,49.085904],[-118.992556,49.085877],[-118.992593,49.085849],[-118.992629,49.085821],[-118.992665,49.085792],[-118.992699,49.085763],[-118.992733,49.085734],[-118.992767,49.085704],[-118.992799,49.085674],[-118.99284,49.085634],[-118.994766,49.083036],[-118.995234,49.083035],[-118.992968,49.085936],[-118.992885,49.086022],[-118.992795,49.086104],[-118.992697,49.086183],[-118.992591,49.086258],[-118.992479,49.086328],[-118.992361,49.086394],[-118.992236,49.086454],[-118.992106,49.086509],[-118.991971,49.086559],[-118.991832,49.086604],[-118.991688,49.086642],[-118.990414,49.086981],[-118.99041,49.086982],[-118.990271,49.087048],[-118.990139,49.087119],[-118.990013,49.087195],[-118.989895,49.087276],[-118.989783,49.087361],[-118.989679,49.08745],[-118.989583,49.087543],[-118.989517,49.087616],[-118.989456,49.087692],[-118.9894,49.087769],[-118.987979,49.089846],[-118.987947,49.089224]]]},"properties":{"OBJECTID":18830,"PMBCParcelGUID":"{711FD34C-5965-4441-BD09-83DF89740B2A}","PMBC_PID":4263006,"PMBC_PIN":4263006,"PMBC_ParcelClass":"SUBDIVISION","PMBC_OwnerType":"CROWN PROVINCIAL","PMBC_LegalDescription":"PARCEL C (PLAN A103) OF DISTRICT LOT 231 SIMILKAMEEN DIVISION YALE DISTRICT","Folio":"71302347020","FullAddress":"","apt_no":null,"street_no":null,"street_direction_prefix":null,"street_name":null,"street_direction_suffix":null,"postal_code":null,"city":null,"province":"BC","AddressID":"D00000H3Q8","TempKey":"711FD34C-5965-4441-BD09-83DF89740B2AD00000H3Q8","GlobalID":"{682AD9D0-C45E-4AED-BB1F-20F02B88AF52}","Shape__Area":0.000003324118375796001,"Shape__Length":0.02093647210254136}},{"type":"Feature","geometry":{"type":"Polygon","coordinates":[[[-117.614395,49.080548],[-117.614687,49.080435],[-117.614718,49.080442],[-117.614949,49.080492],[-117.615042,49.080562],[-117.615018,49.080579],[-117.614998,49.080598],[-117.614983,49.080619],[-117.614974,49.080641],[-117.614971,49.080664],[-117.614973,49.080687],[-117.614982,49.080709],[-117.614397,49.080838],[-117.614396,49.080753],[-117.614395,49.080565],[-117.614395,49.080548]]]},"properties":{"OBJECTID":18831,"PMBCParcelGUID":"{AEBDDDB3-3F58-4C12-B9F1-83E03DB32E95}","PMBC_PID":29990866,"PMBC_PIN":29990866,"PMBC_ParcelClass":"SUBDIVISION","PMBC_OwnerType":"PRIVATE","PMBC_LegalDescription":"LOT A SECTION 31 TOWNSHIP 7A KOOTENAY DISTRICT PLAN EPP63275","Folio":"23204616350","FullAddress":"1617 KNIGHT ST , TRAIL","apt_no":null,"street_no":"1617","street_direction_prefix":null,"street_name":"KNIGHT ST","street_direction_suffix":null,"postal_code":"V1R 4W8","city":"TRAIL","province":"BC","AddressID":"D00000EDLQ","TempKey":"AEBDDDB3-3F58-4C12-B9F1-83E03DB32E95D00000EDLQ","GlobalID":"{F9D3903E-E7C7-4FEB-AB69-4FC35B97A6EF}","Shape__Area":1.7452952030400004e-7,"Shape__Length":0.0017635964252837332}},{"type":"Feature","geometry":{"type":"Polygon","coordinates":[[[-118.43485,49.027991],[-118.434754,49.027836],[-118.434709,49.027763],[-118.435134,49.027649],[-118.435182,49.027725],[-118.435229,49.027801],[-118.435237,49.027816],[-118.435275,49.027877],[-118.43485,49.027991]]]},"properties":{"OBJECTID":18832,"PMBCParcelGUID":"{BD63C978-0FF9-452E-90DA-83E620812D6C}","PMBC_PID":17403987,"PMBC_PIN":17403987,"PMBC_ParcelClass":"SUBDIVISION","PMBC_OwnerType":"LOCAL GOVERNMENT","PMBC_LegalDescription":"PARCEL A (KE50804) BLOCK 12 DISTRICT LOT 534 SIMILKAMEEN DIVISION YALE DISTRICT PLAN 36","Folio":"21001449005","FullAddress":"6820 3RD ST , GRAND FORKS","apt_no":null,"street_no":"6820","street_direction_prefix":null,"street_name":"3RD ST","street_direction_suffix":null,"postal_code":null,"city":"GRAND FORKS","province":"BC","AddressID":"A00000H91Y","TempKey":"BD63C978-0FF9-452E-90DA-83E620812D6CA00000H91Y","GlobalID":"{F09BB79E-C330-4E10-A1D8-576B99874D68}","Shape__Area":1.1330147841650003e-7,"Shape__Length":0.0014177807728403347}},{"type":"Feature","geometry":{"type":"Polygon","coordinates":[[[-117.708853,49.095366],[-117.70879,49.095312],[-117.709122,49.095146],[-117.709185,49.0952],[-117.708853,49.095366]]]},"properties":{"OBJECTID":18833,"PMBCParcelGUID":"{24382A84-573D-4109-B483-83E6CB5709CD}","PMBC_PID":12334383,"PMBC_PIN":12334383,"PMBC_ParcelClass":"SUBDIVISION","PMBC_OwnerType":"PRIVATE","PMBC_LegalDescription":"LOT 6 BLOCK 7 DISTRICT LOT 230 KOOTENAY DISTRICT PLAN 465","Folio":"23200095050","FullAddress":"1338 CEDAR AVE , TRAIL","apt_no":null,"street_no":"1338","street_direction_prefix":null,"street_name":"CEDAR AVE","street_direction_suffix":null,"postal_code":"V1R 4C2","city":"TRAIL","province":"BC","AddressID":"A000018R31","TempKey":"24382A84-573D-4109-B483-83E6CB5709CDA000018R31","GlobalID":"{3863E18E-AAF7-4344-991E-684CDEBF7FB5}","Shape__Area":2.860294853250001e-8,"Shape__Length":0.0009099274027521739}},{"type":"Feature","geometry":{"type":"MultiPolygon","coordinates":[[[[-118.453328,49.061864],[-118.461339,49.059508],[-118.460513,49.058081],[-118.459635,49.056563],[-118.459308,49.056615],[-118.458906,49.055879],[-118.458966,49.055828],[-118.459018,49.055774],[-118.459061,49.055716],[-118.459095,49.055656],[-118.460305,49.056054],[-118.460855,49.05625],[-118.460966,49.056334],[-118.461105,49.056399],[-118.461284,49.056479],[-118.461406,49.056544],[-118.461465,49.056601],[-118.461524,49.056658],[-118.461589,49.056761],[-118.46164,49.056875],[-118.461738,49.056994],[-118.461837,49.057081],[-118.461928,49.057146],[-118.462033,49.057192],[-118.462186,49.05723],[-118.462458,49.057264],[-118.462691,49.057291],[-118.462956,49.057318],[-118.463154,49.057356],[-118.463326,49.057375],[-118.463478,49.057371],[-118.46364,49.057321],[-118.463775,49.05723],[-118.463918,49.057142],[-118.464134,49.057047],[-118.464323,49.056986],[-118.46458,49.056913],[-118.464641,49.056902],[-118.464772,49.056875],[-118.464946,49.056822],[-118.465104,49.056749],[-118.465274,49.0567],[-118.465476,49.056669],[-118.465684,49.056639],[-118.465914,49.056608],[-118.466048,49.056589],[-118.466307,49.056578],[-118.466406,49.056589],[-118.466604,49.056605],[-118.466738,49.05662],[-118.466854,49.056643],[-118.466974,49.056673],[-118.467081,49.056715],[-118.467151,49.056749],[-118.467229,49.056814],[-118.467273,49.056864],[-118.467309,49.056917],[-118.46733,49.056978],[-118.46734,49.057024],[-118.467321,49.057077],[-118.467258,49.057154],[-118.467246,49.057165],[-118.467132,49.057264],[-118.467021,49.057383],[-118.466882,49.05752],[-118.466716,49.057657],[-118.466546,49.057798],[-118.466397,49.057894],[-118.466239,49.057974],[-118.466079,49.058054],[-118.465947,49.058138],[-118.465779,49.058233],[-118.46559,49.058352],[-118.465361,49.058501],[-118.465098,49.058688],[-118.464982,49.058771],[-118.464854,49.058867],[-118.464611,49.059035],[-118.464594,49.059046],[-118.464173,49.059294],[-118.464007,49.05939],[-118.463997,49.059397],[-118.463888,49.059493],[-118.463789,49.059626],[-118.463673,49.05976],[-118.463646,49.059809],[-118.463594,49.059909],[-118.463495,49.06005],[-118.463419,49.060218],[-118.463419,49.060366],[-118.463396,49.060534],[-118.463352,49.060733],[-118.463325,49.060942],[-118.463323,49.061175],[-118.463339,49.061438],[-118.463386,49.061701],[-118.463386,49.061854],[-118.463337,49.061919],[-118.463274,49.061957],[-118.46324,49.06198],[-118.463142,49.062048],[-118.463028,49.062102],[-118.462874,49.06214],[-118.462704,49.062189],[-118.462405,49.062292],[-118.462132,49.062388],[-118.461898,49.062452],[-118.461759,49.062464],[-118.461519,49.062483],[-118.461334,49.062475],[-118.461206,49.062513],[-118.461073,49.062521],[-118.460899,49.062506],[-118.460726,49.062475],[-118.460592,49.062433],[-118.460383,49.062349],[-118.460219,49.062304],[-118.460017,49.062281],[-118.459792,49.062239],[-118.459569,49.06222],[-118.459399,49.062227],[-118.459273,49.062239],[-118.459155,49.062216],[-118.459041,49.062163],[-118.458986,49.062117],[-118.458879,49.062064],[-118.458368,49.062067],[-118.457567,49.062067],[-118.4533,49.062014],[-118.453328,49.061864]]],[[[-118.463664,49.062293],[-118.463741,49.062262],[-118.463815,49.062331],[-118.463926,49.062491],[-118.463968,49.062621],[-118.464055,49.062731],[-118.464141,49.06283],[-118.464191,49.062903],[-118.464246,49.063059],[-118.464313,49.063204],[-118.464374,49.063307],[-118.464496,49.063422],[-118.464553,49.063456],[-118.464669,49.063532],[-118.464749,49.063597],[-118.464896,49.063719],[-118.464995,49.063849],[-118.465098,49.063998],[-118.465146,49.064127],[-118.465142,49.064246],[-118.4651,49.064391],[-118.465009,49.064547],[-118.464871,49.064707],[-118.464734,49.064852],[-118.464578,49.064955],[-118.464534,49.064978],[-118.464391,49.065054],[-118.464167,49.06515],[-118.46394,49.065203],[-118.463734,49.065226],[-118.463501,49.065245],[-118.463328,49.065253],[-118.463133,49.065253],[-118.462984,49.065222],[-118.462847,49.065173],[-118.462723,49.065108],[-118.462626,49.065055],[-118.462546,49.064955],[-118.462502,49.064845],[-118.462456,49.064681],[-118.462431,49.064551],[-118.46242,49.064399],[-118.462426,49.064265],[-118.462424,49.064181],[-118.462409,49.064109],[-118.462433,49.063941],[-118.462481,49.063785],[-118.462504,49.063647],[-118.462559,49.063537],[-118.462641,49.063415],[-118.462735,49.063285],[-118.462828,49.06317],[-118.462935,49.063041],[-118.463029,49.062907],[-118.463111,49.062789],[-118.463197,49.062705],[-118.463263,49.062632],[-118.463296,49.062545],[-118.463307,49.062529],[-118.463403,49.062457],[-118.463512,49.062377],[-118.463664,49.062293]]]]},"properties":{"OBJECTID":18834,"PMBCParcelGUID":"{6EC770D1-0811-4256-B977-83E6E5618914}","PMBC_PID":2223201,"PMBC_PIN":2223201,"PMBC_ParcelClass":"SUBDIVISION","PMBC_OwnerType":"PRIVATE","PMBC_LegalDescription":"LOT 1 DISTRICT LOTS 2007 AND 3670S SIMILKAMEEN DIVISION YALE DISTRICT PLAN 19845","Folio":"71202613000","FullAddress":"8845 GRANBY RD , GRAND FORKS","apt_no":null,"street_no":"8845","street_direction_prefix":null,"street_name":"GRANBY RD","street_direction_suffix":null,"postal_code":"V0H 1H1","city":"GRAND FORKS","province":"BC","AddressID":"A00000J3E4","TempKey":"6EC770D1-0811-4256-B977-83E6E5618914A00000J3E4","GlobalID":"{5C03EC05-E63B-4974-87CF-A46BBAEBA90D}","Shape__Area":0.00003792694917056201,"Shape__Length":0.048368897888306596}},{"type":"Feature","geometry":{"type":"Polygon","coordinates":[[[-118.439179,49.036453],[-118.438966,49.036514],[-118.438915,49.036431],[-118.438712,49.036485],[-118.438649,49.036383],[-118.439074,49.03627],[-118.439137,49.036372],[-118.439179,49.036453]]]},"properties":{"OBJECTID":18835,"PMBCParcelGUID":"{6A01655B-EFD2-4B2F-AB77-83E6EFC73DC1}","PMBC_PID":17789796,"PMBC_PIN":17789796,"PMBC_ParcelClass":"SUBDIVISION","PMBC_OwnerType":"PRIVATE","PMBC_LegalDescription":"LOT 1 DISTRICT LOT 585 SIMILKAMEEN DIVISION YALE DISTRICT PLAN KAP47249","Folio":"21000482005","FullAddress":"7594 2ND ST , GRAND FORKS","apt_no":null,"street_no":"7594","street_direction_prefix":null,"street_name":"2ND ST","street_direction_suffix":null,"postal_code":null,"city":"GRAND FORKS","province":"BC","AddressID":"A00000H78G","TempKey":"6A01655B-EFD2-4B2F-AB77-83E6EFC73DC1A00000H78G","GlobalID":"{CF36FF88-1E12-4166-BC6A-2A59EE486E83}","Shape__Area":7.090323438750002e-8,"Shape__Length":0.0013000635125527695}},{"type":"Feature","geometry":{"type":"Polygon","coordinates":[[[-118.532651,49.125438],[-118.532776,49.125436],[-118.532768,49.125765],[-118.532643,49.125766],[-118.532651,49.125438]]]},"properties":{"OBJECTID":18836,"PMBCParcelGUID":"{3C194089-2977-460E-8349-83ECFBE3804E}","PMBC_PID":12691631,"PMBC_PIN":12691631,"PMBC_ParcelClass":"SUBDIVISION","PMBC_OwnerType":"CROWN PROVINCIAL","PMBC_LegalDescription":"LOT 8 BLOCK 4 DISTRICT LOT 1557 SIMILKAMEEN DIVISION YALE DISTRICT PLAN 79","Folio":"71204850046","FullAddress":"","apt_no":null,"street_no":null,"street_direction_prefix":null,"street_name":null,"street_direction_suffix":null,"postal_code":null,"city":null,"province":"BC","AddressID":"D00000GNDX","TempKey":"3C194089-2977-460E-8349-83ECFBE3804ED00000GNDX","GlobalID":"{C87318A2-12DC-4F13-B12C-83BC7D4CCBC1}","Shape__Area":4.106008469500001e-8,"Shape__Length":0.0009078343326109605}},{"type":"Feature","geometry":{"type":"Polygon","coordinates":[[[-117.722723,49.097917],[-117.722545,49.097874],[-117.72273,49.09764],[-117.722832,49.097664],[-117.722723,49.097917]]]},"properties":{"OBJECTID":18837,"PMBCParcelGUID":"{CBEB3F1D-8958-4D5A-9F6D-83F537B31155}","PMBC_PID":14061988,"PMBC_PIN":14061988,"PMBC_ParcelClass":"SUBDIVISION","PMBC_OwnerType":"PRIVATE","PMBC_LegalDescription":"LOT 1 DISTRICT LOT 1073 KOOTENAY DISTRICT PLAN 1301 EXCEPT (1) PART INCLUDED IN PLAN 6105","Folio":"23201260000","FullAddress":"428 BINNS ST , TRAIL","apt_no":null,"street_no":"428","street_direction_prefix":null,"street_name":"BINNS ST","street_direction_suffix":null,"postal_code":"V1R 3L1","city":"TRAIL","province":"BC","AddressID":"A000018RWY","TempKey":"CBEB3F1D-8958-4D5A-9F6D-83F537B31155A000018RWY","GlobalID":"{F6392AA6-CB27-45A5-BABA-F9A7A166355A}","Shape__Area":3.911111271550001e-8,"Shape__Length":0.0008622175271206522}},{"type":"Feature","geometry":{"type":"Polygon","coordinates":[[[-117.748385,49.098303],[-117.748415,49.098214],[-117.748441,49.098125],[-117.748454,49.098129],[-117.748998,49.098295],[-117.748884,49.098493],[-117.748385,49.098303]]]},"properties":{"OBJECTID":18838,"PMBCParcelGUID":"{80185FA6-2B12-4271-8DDB-83F5C8CCCFFB}","PMBC_PID":23537094,"PMBC_PIN":23537094,"PMBC_ParcelClass":"SUBDIVISION","PMBC_OwnerType":"PRIVATE","PMBC_LegalDescription":"LOT 7 DISTRICT LOT 4597 KOOTENAY DISTRICT PLAN NEP23347","Folio":"58800672507","FullAddress":"351 WHITMAN WAY , WARFIELD","apt_no":null,"street_no":"351","street_direction_prefix":null,"street_name":"WHITMAN WAY","street_direction_suffix":null,"postal_code":"V1R 4T9","city":"WARFIELD","province":"BC","AddressID":"D00000BBVR","TempKey":"80185FA6-2B12-4271-8DDB-83F5C8CCCFFBD00000BBVR","GlobalID":"{C5D52512-A0C2-48B6-B28B-D58B64B6113A}","Shape__Area":1.1445374396200004e-7,"Shape__Length":0.001532199626493866}},{"type":"Feature","geometry":{"type":"Polygon","coordinates":[[[-117.719083,49.119341],[-117.719334,49.119098],[-117.719413,49.119133],[-117.719541,49.11919],[-117.71929,49.119434],[-117.719083,49.119341]]]},"properties":{"OBJECTID":18839,"PMBCParcelGUID":"{17CBC816-FE16-40B4-8CCA-83F66DBD35BA}","PMBC_PID":15367509,"PMBC_PIN":15367509,"PMBC_ParcelClass":"SUBDIVISION","PMBC_OwnerType":"PRIVATE","PMBC_LegalDescription":"LOT 13 BLOCK 9 DISTRICT LOT 367 KOOTENAY DISTRICT PLAN 2384","Folio":"23203121000","FullAddress":"1146 MARIANNA CRES , TRAIL","apt_no":null,"street_no":"1146","street_direction_prefix":null,"street_name":"MARIANNA CRES","street_direction_suffix":null,"postal_code":"V1R 1E1","city":"TRAIL","province":"BC","AddressID":"A000018T8R","TempKey":"17CBC816-FE16-40B4-8CCA-83F66DBD35BAA000018T8R","GlobalID":"{34C25605-B717-4265-B5DA-C9EFA34EB9C2}","Shape__Area":7.352073022350002e-8,"Shape__Length":0.0011522749330210194}},{"type":"Feature","geometry":{"type":"Polygon","coordinates":[[[-117.552136,49.098508],[-117.554184,49.099342],[-117.553317,49.1002],[-117.552609,49.099931],[-117.551303,49.099393],[-117.552136,49.098508]]]},"properties":{"OBJECTID":18840,"PMBCParcelGUID":"{51DDCC3B-E908-4F4A-978E-83F9ED2CA0BB}","PMBC_PID":15925021,"PMBC_PIN":15925021,"PMBC_ParcelClass":"SUBDIVISION","PMBC_OwnerType":"PRIVATE","PMBC_LegalDescription":"LOT 1 DISTRICT LOT 1236 KOOTENAY DISTRICT PLAN 18809","Folio":"71105295100","FullAddress":"1576 COLUMBIA GARDENS RD , FRUITVALE","apt_no":null,"street_no":"1576","street_direction_prefix":null,"street_name":"COLUMBIA GARDENS RD","street_direction_suffix":null,"postal_code":"V0G 1L1","city":"FRUITVALE","province":"BC","AddressID":"A000019M63","TempKey":"51DDCC3B-E908-4F4A-978E-83F9ED2CA0BBA000019M63","GlobalID":"{3B2B131A-2452-473E-BD6A-6DF4B911A6AC}","Shape__Area":0.000002482818461468501,"Shape__Length":0.006817038069637197}},{"type":"Feature","geometry":{"type":"Polygon","coordinates":[[[-118.904881,49.086449],[-118.903868,49.086448],[-118.899457,49.08643],[-118.899427,49.071992],[-118.90492,49.072088],[-118.904958,49.075931],[-118.904881,49.086449]]]},"properties":{"OBJECTID":18841,"PMBCParcelGUID":"{FBA84465-70DD-4955-96FC-83FBC84C8ADE}","PMBC_PID":14787865,"PMBC_PIN":14787865,"PMBC_ParcelClass":"SUBDIVISION","PMBC_OwnerType":"PRIVATE","PMBC_LegalDescription":"DISTRICT LOT 1468S SIMILKAMEEN DIVISION YALE DISTRICT","Folio":"71304786000","FullAddress":"","apt_no":null,"street_no":null,"street_direction_prefix":null,"street_name":null,"street_direction_suffix":null,"postal_code":null,"city":null,"province":"BC","AddressID":"D00000GC2T","TempKey":"FBA84465-70DD-4955-96FC-83FBC84C8ADED00000GC2T","GlobalID":"{DCF3F28F-F65A-40EE-A255-B1C24247AB69}","Shape__Area":0.00007896048682900201,"Shape__Length":0.039718241163322114}},{"type":"Feature","geometry":{"type":"MultiPolygon","coordinates":[[[[-118.23594,49.055418],[-118.236178,49.055351],[-118.236195,49.055506],[-118.235966,49.055571],[-118.235966,49.055571],[-118.235862,49.0556],[-118.235629,49.055666],[-118.235644,49.055502],[-118.23594,49.055418],[-118.23594,49.055418]]],[[[-118.235402,49.055572],[-118.235429,49.055563],[-118.235422,49.055637],[-118.235422,49.055637],[-118.235414,49.055726],[-118.235291,49.055765],[-118.235209,49.05579],[-118.235204,49.055753],[-118.235181,49.055674],[-118.23517,49.055645],[-118.235402,49.055572],[-118.235402,49.055572]]]]},"properties":{"OBJECTID":18842,"PMBCParcelGUID":"{8D55FBF0-8D51-4DB2-B092-83FC615A1E1A}","PMBC_PID":9991271,"PMBC_PIN":9991271,"PMBC_ParcelClass":"SUBDIVISION","PMBC_OwnerType":"PRIVATE","PMBC_LegalDescription":"LOT 12 DISTRICT LOT 1021S SIMILKAMEEN DIVISION YALE DISTRICT PLAN 7442","Folio":"71204546000","FullAddress":"1920 WEST LAKE DR , CHRISTINA LAKE","apt_no":null,"street_no":"1920","street_direction_prefix":null,"street_name":"WEST LAKE DR","street_direction_suffix":null,"postal_code":null,"city":"CHRISTINA LAKE","province":"BC","AddressID":"A00000J55F","TempKey":"8D55FBF0-8D51-4DB2-B092-83FC615A1E1AA00000J55F","GlobalID":"{C7A406D0-2571-42A4-AB5D-54C92E8FDBAD}","Shape__Area":1.2397923895600002e-7,"Shape__Length":0.0022646517509534447}},{"type":"Feature","geometry":{"type":"Polygon","coordinates":[[[-117.689758,49.099838],[-117.689947,49.099893],[-117.689779,49.100142],[-117.689588,49.100087],[-117.689758,49.099838]]]},"properties":{"OBJECTID":18843,"PMBCParcelGUID":"{24C3A449-D7B2-46A6-9FF5-83FDEADEBB5F}","PMBC_PID":13727885,"PMBC_PIN":13727885,"PMBC_ParcelClass":"SUBDIVISION","PMBC_OwnerType":"PRIVATE","PMBC_LegalDescription":"LOT 1 BLOCK 14 DISTRICT LOT 4598 KOOTENAY DISTRICT PLAN 1684","Folio":"23203257000","FullAddress":"2195 SEVENTH AVE , TRAIL","apt_no":null,"street_no":"2195","street_direction_prefix":null,"street_name":"SEVENTH AVE","street_direction_suffix":null,"postal_code":"V1R 3C7","city":"TRAIL","province":"BC","AddressID":"A000018TCP","TempKey":"24C3A449-D7B2-46A6-9FF5-83FDEADEBB5FA000018TCP","GlobalID":"{D77736AD-C8B4-4A5D-ACD3-35DDA0749A5C}","Shape__Area":5.6506563818500014e-8,"Shape__Length":0.0009960427883733932}},{"type":"Feature","geometry":{"type":"Polygon","coordinates":[[[-118.459446,49.028364],[-118.458972,49.028194],[-118.459311,49.028067],[-118.459488,49.028266],[-118.45954,49.028326],[-118.459629,49.028429],[-118.459446,49.028364]]]},"properties":{"OBJECTID":18844,"PMBCParcelGUID":"{05C97960-57D2-4A16-A0B3-83FFED98C3BD}","PMBC_PID":24579238,"PMBC_PIN":24579238,"PMBC_ParcelClass":"SUBDIVISION","PMBC_OwnerType":"PRIVATE","PMBC_LegalDescription":"LOT 1 DISTRICT LOT 380 SIMILKAMEEN DIVISION YALE DISTRICT PLAN KAP65049","Folio":"21000747010","FullAddress":"7330 18TH ST , GRAND FORKS","apt_no":null,"street_no":"7330","street_direction_prefix":null,"street_name":"18TH ST","street_direction_suffix":null,"postal_code":"V0H 1H2","city":"GRAND FORKS","province":"BC","AddressID":"A00000H7TS","TempKey":"05C97960-57D2-4A16-A0B3-83FFED98C3BDA00000H7TS","GlobalID":"{15E1F9F7-4E66-49D3-8DD5-3F81DEE99BE1}","Shape__Area":8.221112085700002e-8,"Shape__Length":0.0015426564340911702}},{"type":"Feature","geometry":{"type":"Polygon","coordinates":[[[-118.440919,49.148056],[-118.44095,49.145877],[-118.441142,49.145878],[-118.446932,49.145901],[-118.446878,49.14599],[-118.446815,49.146075],[-118.446743,49.146158],[-118.446662,49.146237],[-118.446572,49.146311],[-118.446474,49.146381],[-118.446407,49.146426],[-118.445892,49.14677],[-118.445237,49.147806],[-118.444932,49.148691],[-118.444912,49.148749],[-118.445104,49.149371],[-118.445203,49.14969],[-118.440915,49.150651],[-118.440919,49.148056]]]},"properties":{"OBJECTID":18845,"PMBCParcelGUID":"{979D9201-A3B1-4096-9B8D-840216EEDE22}","PMBC_PID":1949993,"PMBC_PIN":1949993,"PMBC_ParcelClass":"SUBDIVISION","PMBC_OwnerType":"PRIVATE","PMBC_LegalDescription":"LOT 4 DISTRICT LOTS 1727 AND 2700 SIMILKAMEEN DIVISION YALE DISTRICT PLAN 1749 EXCEPT PLAN 36456","Folio":"71204914000","FullAddress":"11300 GRANBY RD , GRAND FORKS","apt_no":null,"street_no":"11300","street_direction_prefix":null,"street_name":"GRANBY RD","street_direction_suffix":null,"postal_code":"V0H 1H1","city":"GRAND FORKS","province":"BC","AddressID":"A00000J5SV","TempKey":"979D9201-A3B1-4096-9B8D-840216EEDE22A00000J5SV","GlobalID":"{FA467A7E-90B8-4504-852E-76CB50C25165}","Shape__Area":0.000019565046633476506,"Shape__Length":0.019726423327883883}},{"type":"Feature","geometry":{"type":"Polygon","coordinates":[[[-117.706864,49.094983],[-117.707146,49.094842],[-117.707196,49.094817],[-117.707212,49.094832],[-117.707258,49.094871],[-117.706926,49.095037],[-117.706864,49.094983]]]},"properties":{"OBJECTID":18846,"PMBCParcelGUID":"{7773455B-C192-4179-8C6B-8404ED5B9BF8}","PMBC_PID":11521856,"PMBC_PIN":11521856,"PMBC_ParcelClass":"SUBDIVISION","PMBC_OwnerType":"PRIVATE","PMBC_LegalDescription":"LOT 4 BLOCK 11 DISTRICT LOT 230 KOOTENAY DISTRICT PLAN 465 EXCEPT PARCEL A (SEE 138709I)","Folio":"23200148000","FullAddress":"1474 1484 BAY AVE , TRAIL","apt_no":"1474","street_no":"1484","street_direction_prefix":null,"street_name":"BAY AVE","street_direction_suffix":null,"postal_code":"V1R 4B1","city":"TRAIL","province":"BC","AddressID":"A000018R4T","TempKey":"7773455B-C192-4179-8C6B-8404ED5B9BF8A000018R4T","GlobalID":"{95493C47-EAE5-44C7-8A06-4FFA24C18F92}","Shape__Area":2.8321963213500006e-8,"Shape__Length":0.0009081062803230339}},{"type":"Feature","geometry":{"type":"Polygon","coordinates":[[[-119.019126,49.180038],[-119.016856,49.179684],[-119.014821,49.179366],[-119.014856,49.179271],[-119.015249,49.178188],[-119.015308,49.178024],[-119.016273,49.175366],[-119.022374,49.176318],[-119.021797,49.17791],[-119.020923,49.180317],[-119.019126,49.180038]]]},"properties":{"OBJECTID":18847,"PMBCParcelGUID":"{7AF902C6-096A-407C-82A6-8409E897C41F}","PMBC_PID":15085830,"PMBC_PIN":15085830,"PMBC_ParcelClass":"SUBDIVISION","PMBC_OwnerType":"CROWN PROVINCIAL","PMBC_LegalDescription":"THE SURFACE OF DISTRICT LOT 2121 SIMILKAMEEN DIVISION YALE DISTRICT KNOWN AS THE \"OLD KENTUCKY\" MINERAL CLAIM","Folio":"71305067000","FullAddress":"","apt_no":null,"street_no":null,"street_direction_prefix":null,"street_name":null,"street_direction_suffix":null,"postal_code":null,"city":null,"province":"BC","AddressID":"D00000GYG4","TempKey":"7AF902C6-096A-407C-82A6-8409E897C41FD00000GYG4","GlobalID":"{CCC5ACBD-0B2A-4DD5-B4D3-F04F19567891}","Shape__Area":0.000025788122792781505,"Shape__Length":0.020860388504436094}},{"type":"Feature","geometry":{"type":"Polygon","coordinates":[[[-118.683939,49.077665],[-118.68394,49.077755],[-118.683523,49.077757],[-118.683521,49.077667],[-118.683939,49.077665]]]},"properties":{"OBJECTID":18848,"PMBCParcelGUID":"{400D7955-C403-444A-A76A-840A75BB16E0}","PMBC_PID":12784877,"PMBC_PIN":12784877,"PMBC_ParcelClass":"SUBDIVISION","PMBC_OwnerType":"PRIVATE","PMBC_LegalDescription":"LOT 2 BLOCK 3 SECTION 32 TOWNSHIP 70 SIMILKAMEEN DIVISION YALE DISTRICT PLAN 24","Folio":"71300003100","FullAddress":"315 EVERETTE AVE , GREENWOOD","apt_no":null,"street_no":"315","street_direction_prefix":null,"street_name":"EVERETTE AVE","street_direction_suffix":null,"postal_code":"V0H 1J0","city":"GREENWOOD","province":"BC","AddressID":"A00000J6FM","TempKey":"400D7955-C403-444A-A76A-840A75BB16E0A00000J6FM","GlobalID":"{61D9E7F5-EB62-451D-8AFA-FE86AAFE4C9D}","Shape__Area":3.772935463500001e-8,"Shape__Length":0.0010152356365221672}},{"type":"Feature","geometry":{"type":"Polygon","coordinates":[[[-118.950465,49.727312],[-118.95046,49.727339],[-118.950459,49.727391],[-118.950524,49.727502],[-118.950536,49.727512],[-118.950586,49.727653],[-118.950576,49.727683],[-118.950403,49.727397],[-118.950407,49.727204],[-118.950415,49.727172],[-118.950465,49.727312]]]},"properties":{"OBJECTID":18849,"PMBCParcelGUID":"{3C0A45B4-AB4E-4191-B505-840AF3A45019}","PMBC_PID":28885376,"PMBC_PIN":28885376,"PMBC_ParcelClass":"INTEREST","PMBC_OwnerType":"CROWN PROVINCIAL","PMBC_LegalDescription":"THAT PART DISTRICT LOT 4251 SIMILKAMEEN DIVISION YALE DISTRICT SHOWN AS A 162.1 SQUARE METER PARCEL AS SHOWN ON PLAN EPP15870","Folio":"71311520016","FullAddress":"","apt_no":null,"street_no":null,"street_direction_prefix":null,"street_name":null,"street_direction_suffix":null,"postal_code":null,"city":null,"province":"BC","AddressID":"D00000GYPJ","TempKey":"3C0A45B4-AB4E-4191-B505-840AF3A45019D00000GYPJ","GlobalID":"{FD414ACA-DE71-416D-B0BA-7317934D3FC5}","Shape__Area":2.3000517147500005e-8,"Shape__Length":0.0011140022258976745}},{"type":"Feature","geometry":{"type":"Polygon","coordinates":[[[-118.46895,49.010145],[-118.468948,49.011051],[-118.466196,49.011052],[-118.466203,49.010141],[-118.466218,49.010141],[-118.46895,49.010145]]]},"properties":{"OBJECTID":18850,"PMBCParcelGUID":"{C61DE4B5-1332-473C-A62F-840CEE1D2247}","PMBC_PID":12753084,"PMBC_PIN":12753084,"PMBC_ParcelClass":"SUBDIVISION","PMBC_OwnerType":"PRIVATE","PMBC_LegalDescription":"THE NORTH 1/2 OF LOT 10 DISTRICT LOT 500 SIMILKAMEEN DIVISION YALE DISTRICT PLAN 77","Folio":"71203034000","FullAddress":"5595 COOPER RD , GRAND FORKS","apt_no":null,"street_no":"5595","street_direction_prefix":null,"street_name":"COOPER RD","street_direction_suffix":null,"postal_code":"V0H 1H4","city":"GRAND FORKS","province":"BC","AddressID":"A00000J3R7","TempKey":"C61DE4B5-1332-473C-A62F-840CEE1D2247A00000J3R7","GlobalID":"{569B3241-B3EC-4A50-806B-330406FAC9FC}","Shape__Area":0.0000024980162876880008,"Shape__Length":0.0073163471389373685}},{"type":"Feature","geometry":{"type":"Polygon","coordinates":[[[-117.542364,49.115023],[-117.542575,49.114922],[-117.542692,49.115027],[-117.542478,49.115127],[-117.542438,49.11509],[-117.542364,49.115023]]]},"properties":{"OBJECTID":18851,"PMBCParcelGUID":"{E1DDE911-49B4-47F3-94AD-84106F00C0E5}","PMBC_PID":8507031,"PMBC_PIN":8507031,"PMBC_ParcelClass":"SUBDIVISION","PMBC_OwnerType":"PRIVATE","PMBC_LegalDescription":"LOT 3 DISTRICT LOT 1236 KOOTENAY DISTRICT PLAN 17631","Folio":"52100025300","FullAddress":"1957 COLUMBIA GARDENS RD , FRUITVALE","apt_no":null,"street_no":"1957","street_direction_prefix":null,"street_name":"COLUMBIA GARDENS RD","street_direction_suffix":null,"postal_code":null,"city":"FRUITVALE","province":"BC","AddressID":"A000018X78","TempKey":"E1DDE911-49B4-47F3-94AD-84106F00C0E5A000018X78","GlobalID":"{0EF03305-2756-4C3F-AB6A-2D4541B2EB7F}","Shape__Area":3.389931853400001e-8,"Shape__Length":0.0007823474906426913}},{"type":"Feature","geometry":{"type":"MultiPolygon","coordinates":[[[[-117.717888,49.042353],[-117.725629,49.042359],[-117.725639,49.044091],[-117.725639,49.044169],[-117.718578,49.044163],[-117.718126,49.043259],[-117.717888,49.042353]]],[[[-117.717776,49.042353],[-117.718017,49.043282],[-117.718451,49.044163],[-117.714572,49.044159],[-117.714577,49.043489],[-117.714585,49.04235],[-117.717776,49.042353]]]]},"properties":{"OBJECTID":18852,"PMBCParcelGUID":"{52887A2B-61C0-494C-9EF3-8411067CD118}","PMBC_PID":24300616,"PMBC_PIN":24300616,"PMBC_ParcelClass":"SUBDIVISION","PMBC_OwnerType":"LOCAL GOVERNMENT","PMBC_LegalDescription":"THE NORTH 660 FEET OF SUBLOT 42 SECTION 17 TOWNSHIP 8A KOOTENAY DISTRICT PLAN X65 EXCEPT PLAN 1361","Folio":"23200001450","FullAddress":", TRAIL","apt_no":null,"street_no":null,"street_direction_prefix":null,"street_name":null,"street_direction_suffix":null,"postal_code":null,"city":"TRAIL","province":"BC","AddressID":"D00000HZBS","TempKey":"52887A2B-61C0-494C-9EF3-8411067CD118D00000HZBS","GlobalID":"{1B9B3950-ED9D-4200-9CE2-AF572D7BA964}","Shape__Area":0.000019791013758943506,"Shape__Length":0.029380681591259592}},{"type":"Feature","geometry":{"type":"Polygon","coordinates":[[[-118.688884,49.076024],[-118.688882,49.075933],[-118.689299,49.07593],[-118.689301,49.076021],[-118.688884,49.076024]]]},"properties":{"OBJECTID":18853,"PMBCParcelGUID":"{46A8E723-1181-4D2A-913A-84135C78511D}","PMBC_PID":12794449,"PMBC_PIN":12794449,"PMBC_ParcelClass":"SUBDIVISION","PMBC_OwnerType":"CROWN PROVINCIAL","PMBC_LegalDescription":"LOT 14 BLOCK 26 SECTION 32 TOWNSHIP 70 SIMILKAMEEN DIVISION YALE DISTRICT PLAN 24","Folio":"71300026140","FullAddress":"TRAIL AVE ","apt_no":null,"street_no":null,"street_direction_prefix":null,"street_name":"TRAIL AVE","street_direction_suffix":null,"postal_code":null,"city":null,"province":"BC","AddressID":"A00000J6LQ","TempKey":"46A8E723-1181-4D2A-913A-84135C78511DA00000J6LQ","GlobalID":"{4BC670C2-C5B4-4CC2-A359-28E24C039015}","Shape__Area":3.783812793000001e-8,"Shape__Length":0.0010151310830858041}},{"type":"Feature","geometry":{"type":"MultiPolygon","coordinates":[[[[-118.439223,49.013952],[-118.438732,49.014106],[-118.438724,49.012196],[-118.439662,49.012196],[-118.439664,49.012819],[-118.439668,49.01358],[-118.439219,49.013609],[-118.439223,49.013952]]],[[[-118.439225,49.014101],[-118.439203,49.014643],[-118.438734,49.014644],[-118.438732,49.014259],[-118.439225,49.014101]]]]},"properties":{"OBJECTID":18854,"PMBCParcelGUID":"{CAD6E6A2-5009-49F1-AF94-841510DEC099}","PMBC_PID":4761073,"PMBC_PIN":4761073,"PMBC_ParcelClass":"SUBDIVISION","PMBC_OwnerType":"PRIVATE","PMBC_LegalDescription":"LOT 2 DISTRICT LOT 519 SIMILKAMEEN DIVISION YALE DISTRICT PLAN 8159","Folio":"71203203000","FullAddress":"800 CAMERON AVE , GRAND FORKS","apt_no":null,"street_no":"800","street_direction_prefix":null,"street_name":"CAMERON AVE","street_direction_suffix":null,"postal_code":"V0H 1H4","city":"GRAND FORKS","province":"BC","AddressID":"A00000J3ZL","TempKey":"CAD6E6A2-5009-49F1-AF94-841510DEC099A00000J3ZL","GlobalID":"{44E2A760-D1D1-40B4-833A-13EBE710CFD7}","Shape__Area":0.0000017474717500380005,"Shape__Length":0.007453823654450675}},{"type":"Feature","geometry":{"type":"Polygon","coordinates":[[[-117.754475,49.09381],[-117.754595,49.093699],[-117.75494,49.093858],[-117.75482,49.093969],[-117.754475,49.09381]]]},"properties":{"OBJECTID":18855,"PMBCParcelGUID":"{44959EEB-59B6-44D4-82F3-8417FAF2DC7D}","PMBC_PID":25404512,"PMBC_PIN":25404512,"PMBC_ParcelClass":"SUBDIVISION","PMBC_OwnerType":"PRIVATE","PMBC_LegalDescription":"LOT 7 DISTRICT LOT 4597 KOOTENAY DISTRICT PLAN NEP71003","Folio":"58800124000","FullAddress":"725 DICKENS ST , WARFIELD","apt_no":null,"street_no":"725","street_direction_prefix":null,"street_name":"DICKENS ST","street_direction_suffix":null,"postal_code":"V1R 2B7","city":"WARFIELD","province":"BC","AddressID":"A0000192KT","TempKey":"44959EEB-59B6-44D4-82F3-8417FAF2DC7DA0000192KT","GlobalID":"{C155F7BB-A593-4F17-B4A6-3B3C07934B00}","Shape__Area":5.748283904050002e-8,"Shape__Length":0.0010863831071494902}},{"type":"Feature","geometry":{"type":"Polygon","coordinates":[[[-118.76472,49.00278],[-118.764858,49.00278],[-118.764993,49.002779],[-118.765006,49.003089],[-118.764457,49.003091],[-118.76432,49.002986],[-118.764701,49.002767],[-118.76472,49.00278]]]},"properties":{"OBJECTID":18856,"PMBCParcelGUID":"{4A145685-2F3A-48E7-9A67-84186705E430}","PMBC_PID":12770540,"PMBC_PIN":12770540,"PMBC_ParcelClass":"SUBDIVISION","PMBC_OwnerType":"PRIVATE","PMBC_LegalDescription":"LOT 5 BLOCK 21 DISTRICT LOT 501 SIMILKAMEEN DIVISION YALE DISTRICT PLAN 42 EXCEPT PLAN H865","Folio":"54700207000","FullAddress":"249 DOMINION ST , MIDWAY","apt_no":null,"street_no":"249","street_direction_prefix":null,"street_name":"DOMINION ST","street_direction_suffix":null,"postal_code":"V0H 1M0","city":"MIDWAY","province":"BC","AddressID":"A00000HVN9","TempKey":"4A145685-2F3A-48E7-9A67-84186705E430A00000HVN9","GlobalID":"{B8F81B99-5674-4612-97B7-E860D283D027}","Shape__Area":1.6704447563700004e-7,"Shape__Length":0.001766598770793461}},{"type":"Feature","geometry":{"type":"Polygon","coordinates":[[[-118.539441,49.1174],[-118.539566,49.117397],[-118.539566,49.117726],[-118.53944,49.117729],[-118.539441,49.1174]]]},"properties":{"OBJECTID":18857,"PMBCParcelGUID":"{338D8C7A-2709-4495-AAD9-84197D98C035}","PMBC_PID":14126338,"PMBC_PIN":14126338,"PMBC_ParcelClass":"SUBDIVISION","PMBC_OwnerType":"CROWN PROVINCIAL","PMBC_LegalDescription":"LOT 19 BLOCK 61 DISTRICT LOT 2005 SIMILKAMEEN DIVISION YALE DISTRICT PLAN 79","Folio":"71204851624","FullAddress":"","apt_no":null,"street_no":null,"street_direction_prefix":null,"street_name":null,"street_direction_suffix":null,"postal_code":null,"city":null,"province":"BC","AddressID":"D00000F0UR","TempKey":"338D8C7A-2709-4495-AAD9-84197D98C035D00000F0UR","GlobalID":"{1AB1A9DB-A306-439B-B96D-B303761FE0BF}","Shape__Area":4.108959332050001e-8,"Shape__Length":0.0009072267314229437}},{"type":"Feature","geometry":{"type":"Polygon","coordinates":[[[-118.539697,49.115108],[-118.539572,49.115111],[-118.539573,49.114781],[-118.539698,49.11478],[-118.539697,49.115108]]]},"properties":{"OBJECTID":18858,"PMBCParcelGUID":"{33C823D2-A947-43ED-A9D2-841B9608751A}","PMBC_PID":14144751,"PMBC_PIN":14144751,"PMBC_ParcelClass":"SUBDIVISION","PMBC_OwnerType":"CROWN PROVINCIAL","PMBC_LegalDescription":"LOT 20 BLOCK 79 DISTRICT LOT 2005 SIMILKAMEEN DIVISION YALE DISTRICT PLAN 79","Folio":"71204852412","FullAddress":"","apt_no":null,"street_no":null,"street_direction_prefix":null,"street_name":null,"street_direction_suffix":null,"postal_code":null,"city":null,"province":"BC","AddressID":"D00000GHP1","TempKey":"33C823D2-A947-43ED-A9D2-841B9608751AD00000GHP1","GlobalID":"{2B57A3FF-5705-4C7A-B9A6-94AB0F0753F8}","Shape__Area":4.123674061300001e-8,"Shape__Length":0.0009089294901453448}},{"type":"Feature","geometry":{"type":"Polygon","coordinates":[[[-119.082824,49.440166],[-119.082678,49.440272],[-119.082091,49.43992],[-119.082212,49.439854],[-119.08237,49.439705],[-119.082549,49.439458],[-119.082718,49.439225],[-119.082824,49.43909],[-119.082945,49.438948],[-119.083823,49.439468],[-119.083454,49.439733],[-119.084392,49.440366],[-119.083778,49.440687],[-119.083065,49.439998],[-119.082824,49.440166]]]},"properties":{"OBJECTID":18859,"PMBCParcelGUID":"{E147B5B3-896B-49A0-922A-841CAF163E22}","PMBC_PID":8331545,"PMBC_PIN":8331545,"PMBC_ParcelClass":"SUBDIVISION","PMBC_OwnerType":"PRIVATE","PMBC_LegalDescription":"LOT 1 DISTRICT LOT 1545 SIMILKAMEEN DIVISION YALE DISTRICT PLAN 17991","Folio":"71300119050","FullAddress":"5908 HIGHWAY 33 , BEAVERDELL","apt_no":null,"street_no":"5908","street_direction_prefix":null,"street_name":"HIGHWAY 33","street_direction_suffix":null,"postal_code":"V0H 1A0","city":"BEAVERDELL","province":"BC","AddressID":"A00000J6QY","TempKey":"E147B5B3-896B-49A0-922A-841CAF163E22A00000J6QY","GlobalID":"{D06972C8-E729-457E-ACEF-97C9DF14FEA2}","Shape__Area":0.0000016203969709880004,"Shape__Length":0.006755159628976578}},{"type":"Feature","geometry":{"type":"Polygon","coordinates":[[[-117.700631,49.099843],[-117.700703,49.099921],[-117.700347,49.100063],[-117.700275,49.099986],[-117.700631,49.099843]]]},"properties":{"OBJECTID":18860,"PMBCParcelGUID":"{FAD91123-F288-4826-8B59-841DABEAC931}","PMBC_PID":15720926,"PMBC_PIN":15720926,"PMBC_ParcelClass":"SUBDIVISION","PMBC_OwnerType":"PRIVATE","PMBC_LegalDescription":"LOT 7 BLOCK F DISTRICT LOT 2919 KOOTENAY DISTRICT PLAN 1899","Folio":"23202337000","FullAddress":"1475 FOURTH AVE , TRAIL","apt_no":null,"street_no":"1475","street_direction_prefix":null,"street_name":"FOURTH AVE","street_direction_suffix":null,"postal_code":"V1R 1S5","city":"TRAIL","province":"BC","AddressID":"A000018SSD","TempKey":"FAD91123-F288-4826-8B59-841DABEAC931A000018SSD","GlobalID":"{DE233E99-B016-403E-A655-C4E467FA3D35}","Shape__Area":3.780874797100001e-8,"Shape__Length":0.000977806405007867}},{"type":"Feature","geometry":{"type":"Polygon","coordinates":[[[-117.810638,49.100899],[-117.81065,49.100863],[-117.810738,49.100876],[-117.810829,49.100882],[-117.810919,49.100881],[-117.811009,49.100874],[-117.811097,49.10086],[-117.811136,49.100852],[-117.811142,49.100888],[-117.811169,49.101077],[-117.810935,49.101086],[-117.810889,49.101083],[-117.81063,49.10093],[-117.810627,49.100928],[-117.810638,49.100899]]]},"properties":{"OBJECTID":18861,"PMBCParcelGUID":"{FC9FC4D3-C941-48E4-968D-8422462AF34A}","PMBC_PID":32444923,"PMBC_PIN":32444923,"PMBC_ParcelClass":"SUBDIVISION","PMBC_OwnerType":"PRIVATE","PMBC_LegalDescription":"LOT 13 TOWNSHIP 28 KOOTENAY DISTRICT PLAN EPP141007","Folio":"22903010133","FullAddress":"404 CENTENNIAL PL , ROSSLAND","apt_no":null,"street_no":"404","street_direction_prefix":null,"street_name":"CENTENNIAL PL","street_direction_suffix":null,"postal_code":null,"city":"ROSSLAND","province":"BC","AddressID":"J00003BY3W","TempKey":"FC9FC4D3-C941-48E4-968D-8422462AF34AJ00003BY3W","GlobalID":"{F4C53BDA-99D2-4E72-AD08-5D2D7F329824}","Shape__Area":8.974641170850002e-8,"Shape__Length":0.0013707521972103351}},{"type":"Feature","geometry":{"type":"Polygon","coordinates":[[[-118.534816,49.114316],[-118.534817,49.11404],[-118.534942,49.114037],[-118.534942,49.114314],[-118.534816,49.114316]]]},"properties":{"OBJECTID":18862,"PMBCParcelGUID":"{37573F6F-2D75-4E8A-A093-8423B195E339}","PMBC_PID":14179636,"PMBC_PIN":14179636,"PMBC_ParcelClass":"SUBDIVISION","PMBC_OwnerType":"CROWN PROVINCIAL","PMBC_LegalDescription":"LOT 24 BLOCK 91 DISTRICT LOT 2005 SIMILKAMEEN DIVISION YALE DISTRICT PLAN 79","Folio":"71204852996","FullAddress":"","apt_no":null,"street_no":null,"street_direction_prefix":null,"street_name":null,"street_direction_suffix":null,"postal_code":null,"city":null,"province":"BC","AddressID":"D00000FR9X","TempKey":"37573F6F-2D75-4E8A-A093-8423B195E339D00000FR9X","GlobalID":"{5C8BC6A1-C083-4139-B0B3-756D82C98DFD}","Shape__Area":3.466736315800001e-8,"Shape__Length":0.000803849530014159}},{"type":"Feature","geometry":{"type":"Polygon","coordinates":[[[-117.669056,49.098909],[-117.669006,49.098909],[-117.668819,49.098573],[-117.669015,49.098526],[-117.669195,49.098763],[-117.669307,49.098909],[-117.669056,49.098909]]]},"properties":{"OBJECTID":18863,"PMBCParcelGUID":"{7791F006-EEC0-4A29-8D7C-8423EB1C7F68}","PMBC_PID":15136540,"PMBC_PIN":15136540,"PMBC_ParcelClass":"SUBDIVISION","PMBC_OwnerType":"PRIVATE","PMBC_LegalDescription":"LOT 2 BLOCK 10 DISTRICT LOT 4598 KOOTENAY DISTRICT PLAN 2624","Folio":"23203698000","FullAddress":"3411 MARIGOLD DR , TRAIL","apt_no":null,"street_no":"3411","street_direction_prefix":null,"street_name":"MARIGOLD DR","street_direction_suffix":null,"postal_code":"V1R 2X7","city":"TRAIL","province":"BC","AddressID":"A000018U0Y","TempKey":"7791F006-EEC0-4A29-8D7C-8423EB1C7F68A000018U0Y","GlobalID":"{58730AE4-CD26-4AE0-8B42-DF1838C485C0}","Shape__Area":9.492250981350003e-8,"Shape__Length":0.0013686633800888976}},{"type":"Feature","geometry":{"type":"Polygon","coordinates":[[[-118.455581,49.024075],[-118.455746,49.024013],[-118.455842,49.024122],[-118.456007,49.024309],[-118.455703,49.024425],[-118.455531,49.02449],[-118.45527,49.024194],[-118.455271,49.024194],[-118.455581,49.024075]]]},"properties":{"OBJECTID":18864,"PMBCParcelGUID":"{1485375B-2483-4A8A-9DB2-842407FA5F12}","PMBC_PID":9633987,"PMBC_PIN":9633987,"PMBC_ParcelClass":"SUBDIVISION","PMBC_OwnerType":"PRIVATE","PMBC_LegalDescription":"LOT 10 DISTRICT LOT 380 SIMILKAMEEN DIVISION YALE DISTRICT PLAN 9883","Folio":"21000711000","FullAddress":"6718 18TH ST , GRAND FORKS","apt_no":null,"street_no":"6718","street_direction_prefix":null,"street_name":"18TH ST","street_direction_suffix":null,"postal_code":"V0H 1H2","city":"GRAND FORKS","province":"BC","AddressID":"A00000H7SD","TempKey":"1485375B-2483-4A8A-9DB2-842407FA5F12A00000H7SD","GlobalID":"{6702C570-0333-499D-B140-68E035B39EA2}","Shape__Area":1.8839392126450006e-7,"Shape__Length":0.0018085430509218261}},{"type":"Feature","geometry":{"type":"Polygon","coordinates":[[[-117.698734,49.091812],[-117.698859,49.091812],[-117.698922,49.091811],[-117.698923,49.091968],[-117.698861,49.091968],[-117.698861,49.091981],[-117.698736,49.091982],[-117.698611,49.091982],[-117.69861,49.091812],[-117.698734,49.091812]]]},"properties":{"OBJECTID":18865,"PMBCParcelGUID":"{16BFD8F8-0F23-4D80-A904-842916BC75B3}","PMBC_PID":14592983,"PMBC_PIN":14592983,"PMBC_ParcelClass":"SUBDIVISION","PMBC_OwnerType":"PRIVATE","PMBC_LegalDescription":"LOT A DISTRICT LOT 4598 KOOTENAY DISTRICT PLAN 4431","Folio":"23201652100","FullAddress":"2133 DANIEL ST , TRAIL","apt_no":null,"street_no":"2133","street_direction_prefix":null,"street_name":"DANIEL ST","street_direction_suffix":null,"postal_code":"V1R 4H1","city":"TRAIL","province":"BC","AddressID":"A000018S7V","TempKey":"16BFD8F8-0F23-4D80-A904-842916BC75B3A000018S7V","GlobalID":"{1E983369-8040-4E0B-941B-2A0D7E1F30D7}","Shape__Area":5.2116087874000014e-8,"Shape__Length":0.0009637514971032244}},{"type":"Feature","geometry":{"type":"Polygon","coordinates":[[[-118.458032,49.022638],[-118.458082,49.022619],[-118.458483,49.022467],[-118.458546,49.022538],[-118.458145,49.022691],[-118.458094,49.02271],[-118.458047,49.022657],[-118.458032,49.022638]]]},"properties":{"OBJECTID":18866,"PMBCParcelGUID":"{3C8960E2-E7E9-4D0A-9AEB-842D954D38E7}","PMBC_PID":2388626,"PMBC_PIN":2388626,"PMBC_ParcelClass":"SUBDIVISION","PMBC_OwnerType":"PRIVATE","PMBC_LegalDescription":"LOT 17 BLOCK 24 DISTRICT LOT 380 SIMILKAMEEN DIVISION YALE DISTRICT PLAN 35","Folio":"21000802000","FullAddress":"6635 20TH ST , GRAND FORKS","apt_no":null,"street_no":"6635","street_direction_prefix":null,"street_name":"20TH ST","street_direction_suffix":null,"postal_code":"V0H 1H2","city":"GRAND FORKS","province":"BC","AddressID":"A00000H7WK","TempKey":"3C8960E2-E7E9-4D0A-9AEB-842D954D38E7A00000H7WK","GlobalID":"{9D793F9F-4079-4A6E-9C5E-4783ACD67F05}","Shape__Area":4.302317745950001e-8,"Shape__Length":0.0011556012436254527}},{"type":"Feature","geometry":{"type":"Polygon","coordinates":[[[-118.467303,49.031364],[-118.467251,49.031305],[-118.467701,49.031134],[-118.467806,49.031253],[-118.467355,49.031424],[-118.467303,49.031364]]]},"properties":{"OBJECTID":18867,"PMBCParcelGUID":"{266EEFAE-7CFA-4151-8BC4-842DBC334A0A}","PMBC_PID":27093140,"PMBC_PIN":27093140,"PMBC_ParcelClass":"SUBDIVISION","PMBC_OwnerType":"PRIVATE","PMBC_LegalDescription":"LOT 1 DISTRICT LOT 520 SIMILKAMEEN DIVISION YALE DISTRICT PLAN KAP84009","Folio":"21000986010","FullAddress":"7721 21ST ST , GRAND FORKS","apt_no":null,"street_no":"7721","street_direction_prefix":null,"street_name":"21ST ST","street_direction_suffix":null,"postal_code":"V0H 1H2","city":"GRAND FORKS","province":"BC","AddressID":"D0000030QM","TempKey":"266EEFAE-7CFA-4151-8BC4-842DBC334A0AD0000030QM","GlobalID":"{6943333A-0806-427E-817E-508BA49F3660}","Shape__Area":7.126083765200002e-8,"Shape__Length":0.0012794200675230697}},{"type":"Feature","geometry":{"type":"Polygon","coordinates":[[[-117.790833,49.067315],[-117.790885,49.067276],[-117.790941,49.06724],[-117.791001,49.067208],[-117.791216,49.067514],[-117.791073,49.06755],[-117.790752,49.067382],[-117.790833,49.067315]]]},"properties":{"OBJECTID":18868,"PMBCParcelGUID":"{BBF08655-BBDE-49B5-BC81-842E7AF5594F}","PMBC_PID":27002985,"PMBC_PIN":27002985,"PMBC_ParcelClass":"SUBDIVISION","PMBC_OwnerType":"PRIVATE","PMBC_LegalDescription":"LOT 18 SECTION 26 TOWNSHIP 9A AND DISTRICT LOT 931 KOOTENAY DISTRICT PLAN NEP83293","Folio":"22901609180","FullAddress":"806 WHITE TAIL DR , ROSSLAND","apt_no":null,"street_no":"806","street_direction_prefix":null,"street_name":"WHITE TAIL DR","street_direction_suffix":null,"postal_code":"V0G 1Y0","city":"ROSSLAND","province":"BC","AddressID":"D000002NJX","TempKey":"BBF08655-BBDE-49B5-BC81-842E7AF5594FD000002NJX","GlobalID":"{0542A4EE-A223-41E6-9817-6723C0298843}","Shape__Area":7.664796414500002e-8,"Shape__Length":0.001189058969457817}},{"type":"Feature","geometry":{"type":"Polygon","coordinates":[[[-119.0034,49.060405],[-119.003693,49.060255],[-119.003686,49.06027],[-119.003675,49.060302],[-119.00364,49.060437],[-119.003638,49.060457],[-119.003524,49.060515],[-119.0034,49.060405]]]},"properties":{"OBJECTID":18869,"PMBCParcelGUID":"{CB1911C3-FC49-4D82-B9A2-84314BE57D1A}","PMBC_PID":10332995,"PMBC_PIN":10332995,"PMBC_ParcelClass":"SUBDIVISION","PMBC_OwnerType":"PRIVATE","PMBC_LegalDescription":"THAT PART OF LOT 16 SHOWN ON PLAN H82 DISTRICT LOT 352 SIMILKAMEEN DIVISION YALE DISTRICT PLAN 5150","Folio":"71301098060","FullAddress":"ROCK CREEK CUTOFF RD , ROCK CREEK","apt_no":null,"street_no":null,"street_direction_prefix":null,"street_name":"ROCK CREEK CUTOFF RD","street_direction_suffix":null,"postal_code":"V0H 1Y0","city":"ROCK CREEK","province":"BC","AddressID":"A00000J6UN","TempKey":"CB1911C3-FC49-4D82-B9A2-84314BE57D1AA00000J6UN","GlobalID":"{4F6B0832-51B3-455E-BAC0-57F185FA1D9E}","Shape__Area":3.454244391600001e-8,"Shape__Length":0.0008326047890676005}},{"type":"Feature","geometry":{"type":"Polygon","coordinates":[[[-119.239989,49.151946],[-119.240299,49.152111],[-119.240065,49.152304],[-119.239756,49.152139],[-119.239989,49.151946]]]},"properties":{"OBJECTID":18870,"PMBCParcelGUID":"{82FDCFFD-A1BE-4704-B0D1-843250C85E03}","PMBC_PID":23630574,"PMBC_PIN":23630574,"PMBC_ParcelClass":"BARE LAND STRATA","PMBC_OwnerType":"PRIVATE","PMBC_LegalDescription":"STRATA LOT 66 DISTRICT LOT 100S SIMILKAMEEN DIVISION YALE DISTRICT STRATA PLAN KAS1840 TOGETHER WITH AN INTEREST IN THE COMMON PROPERTY IN PROPORTION TO THE UNIT ENTITLEMENT OF THE STRATA LOT AS SHOWN ON FORM 1","Folio":"71301400325","FullAddress":"180 WHISKEY JACK RD ","apt_no":null,"street_no":"180","street_direction_prefix":null,"street_name":"WHISKEY JACK RD","street_direction_suffix":null,"postal_code":null,"city":null,"province":"BC","AddressID":"A00000J70J","TempKey":"82FDCFFD-A1BE-4704-B0D1-843250C85E03A00000J70J","GlobalID":"{3D8BB6D1-66A1-43A3-9A1A-66B67F01C0ED}","Shape__Area":9.837500194450002e-8,"Shape__Length":0.0013075755875149053}},{"type":"Feature","geometry":{"type":"Polygon","coordinates":[[[-118.466462,49.107234],[-118.466879,49.107225],[-118.466883,49.107317],[-118.466615,49.107322],[-118.466582,49.107323],[-118.466466,49.107325],[-118.466462,49.107234]]]},"properties":{"OBJECTID":18871,"PMBCParcelGUID":"{C3E63E27-D903-4E45-B9D4-843452BF8A3D}","PMBC_PID":12501964,"PMBC_PIN":12501964,"PMBC_ParcelClass":"SUBDIVISION","PMBC_OwnerType":"CROWN PROVINCIAL","PMBC_LegalDescription":"LOT 9 BLOCK 8 DISTRICT LOT 1261 SIMILKAMEEN DIVISION YALE DISTRICT PLAN 53","Folio":"71204698168","FullAddress":"MAIN ST ","apt_no":null,"street_no":null,"street_direction_prefix":null,"street_name":"MAIN ST","street_direction_suffix":null,"postal_code":null,"city":null,"province":"BC","AddressID":"A00000J5HY","TempKey":"C3E63E27-D903-4E45-B9D4-843452BF8A3DA00000J5HY","GlobalID":"{17BC381F-8C91-4B8F-B83D-BD479407231B}","Shape__Area":3.808612903050001e-8,"Shape__Length":0.0010171334563735422}},{"type":"Feature","geometry":{"type":"Polygon","coordinates":[[[-118.470943,49.008341],[-118.467663,49.008786],[-118.467651,49.007523],[-118.470938,49.007526],[-118.47094,49.00787],[-118.470943,49.008341]]]},"properties":{"OBJECTID":18872,"PMBCParcelGUID":"{EB5F1DCD-BF1C-4175-9F20-8436ADB00203}","PMBC_PID":6381855,"PMBC_PIN":6381855,"PMBC_ParcelClass":"SUBDIVISION","PMBC_OwnerType":"PRIVATE","PMBC_LegalDescription":"LOT 2 DISTRICT LOT 500 SIMILKAMEEN DIVISION YALE DISTRICT PLAN 23505","Folio":"71203016300","FullAddress":"2635 CARSON RD , GRAND FORKS","apt_no":null,"street_no":"2635","street_direction_prefix":null,"street_name":"CARSON RD","street_direction_suffix":null,"postal_code":"V0H 1H4","city":"GRAND FORKS","province":"BC","AddressID":"A00000J3QJ","TempKey":"EB5F1DCD-BF1C-4175-9F20-8436ADB00203A00000J3QJ","GlobalID":"{984A5532-35C3-449C-BCD0-1A9DBD5A0A80}","Shape__Area":0.000003412923316894501,"Shape__Length":0.008674788020999209}},{"type":"Feature","geometry":{"type":"Polygon","coordinates":[[[-117.584074,49.080886],[-117.584307,49.081109],[-117.584153,49.081179],[-117.584082,49.081111],[-117.583839,49.081232],[-117.583653,49.080843],[-117.583703,49.080843],[-117.584025,49.080843],[-117.584029,49.080843],[-117.584074,49.080886]]]},"properties":{"OBJECTID":18873,"PMBCParcelGUID":"{F2D28FE5-A067-4F0E-BCE6-843D8AD1AEB3}","PMBC_PID":31218636,"PMBC_PIN":31218636,"PMBC_ParcelClass":"SUBDIVISION","PMBC_OwnerType":"PRIVATE","PMBC_LegalDescription":"LOT 1 SUBLOT 37 TOWNSHIP 7A KOOTENAY DISTRICT PLAN EPP104355","Folio":"54800337002","FullAddress":"925 10TH AVE , MONTROSE","apt_no":null,"street_no":"925","street_direction_prefix":null,"street_name":"10TH AVE","street_direction_suffix":null,"postal_code":null,"city":"MONTROSE","province":"BC","AddressID":"D00000MV21","TempKey":"F2D28FE5-A067-4F0E-BCE6-843D8AD1AEB3D00000MV21","GlobalID":"{FA09AA2E-C8A3-43FD-A7E1-D53EFF2DC511}","Shape__Area":1.4689712741500004e-7,"Shape__Length":0.0017317611488205616}},{"type":"Feature","geometry":{"type":"Polygon","coordinates":[[[-118.593162,49.099278],[-118.593284,49.099296],[-118.593183,49.09959],[-118.593061,49.099572],[-118.593162,49.099278]]]},"properties":{"OBJECTID":18874,"PMBCParcelGUID":"{A5300ACB-34F5-4DC7-8A98-843DB2A80324}","PMBC_PID":12258504,"PMBC_PIN":12258504,"PMBC_ParcelClass":"SUBDIVISION","PMBC_OwnerType":"PRIVATE","PMBC_LegalDescription":"LOT 7 BLOCK 25 DISTRICT LOT 922 SIMILKAMEEN DIVISION YALE DISTRICT PLAN 60","Folio":"71203504270","FullAddress":"","apt_no":null,"street_no":null,"street_direction_prefix":null,"street_name":null,"street_direction_suffix":null,"postal_code":null,"city":null,"province":"BC","AddressID":"D00000GC2E","TempKey":"A5300ACB-34F5-4DC7-8A98-843DB2A80324D00000GC2E","GlobalID":"{6007F495-689E-459A-A9B7-2044C727653E}","Shape__Area":3.774423133550001e-8,"Shape__Length":0.0008682861193274287}},{"type":"Feature","geometry":{"type":"Polygon","coordinates":[[[-117.72368,49.098118],[-117.723761,49.097928],[-117.723792,49.097855],[-117.723932,49.097882],[-117.723896,49.097967],[-117.72382,49.098145],[-117.72368,49.098118]]]},"properties":{"OBJECTID":18875,"PMBCParcelGUID":"{2C9315E1-8CA5-4C34-BDD0-843F0879B0B1}","PMBC_PID":14836718,"PMBC_PIN":14836718,"PMBC_ParcelClass":"SUBDIVISION","PMBC_OwnerType":"PRIVATE","PMBC_LegalDescription":"LOT 8 DISTRICT LOT 1073 KOOTENAY DISTRICT PLAN 1301","Folio":"23201265100","FullAddress":"375 AUSTAD LANE , TRAIL","apt_no":null,"street_no":"375","street_direction_prefix":null,"street_name":"AUSTAD LANE","street_direction_suffix":null,"postal_code":"V1R 3K7","city":"TRAIL","province":"BC","AddressID":"A000018RX3","TempKey":"2C9315E1-8CA5-4C34-BDD0-843F0879B0B1A000018RX3","GlobalID":"{B702177F-847F-4A1C-8657-6295DDA4C31B}","Shape__Area":3.984370666550001e-8,"Shape__Length":0.0008569294656350953}},{"type":"Feature","geometry":{"type":"Polygon","coordinates":[[[-118.597305,49.097996],[-118.597183,49.097978],[-118.597297,49.097645],[-118.597419,49.097663],[-118.597305,49.097996]]]},"properties":{"OBJECTID":18876,"PMBCParcelGUID":"{9047CD39-9B96-4FBA-B5DB-8441D5E882A8}","PMBC_PID":12254142,"PMBC_PIN":12254142,"PMBC_ParcelClass":"SUBDIVISION","PMBC_OwnerType":"PRIVATE","PMBC_LegalDescription":"LOT 15 BLOCK 11 DISTRICT LOT 894 SIMILKAMEEN DIVISION YALE DISTRICT PLAN 60","Folio":"71203494159","FullAddress":"","apt_no":null,"street_no":null,"street_direction_prefix":null,"street_name":null,"street_direction_suffix":null,"postal_code":null,"city":null,"province":"BC","AddressID":"D00000F5FC","TempKey":"9047CD39-9B96-4FBA-B5DB-8441D5E882A8D00000F5FC","GlobalID":"{78B9E490-9263-43A7-880F-5592E29842FB}","Shape__Area":4.276348130700001e-8,"Shape__Length":0.0009508868769940778}},{"type":"Feature","geometry":{"type":"Polygon","coordinates":[[[-117.546692,49.115538],[-117.54679,49.11549],[-117.546859,49.115458],[-117.547274,49.115832],[-117.547105,49.115912],[-117.546692,49.115538]]]},"properties":{"OBJECTID":18877,"PMBCParcelGUID":"{7090EFED-C3A0-4209-B0B4-8445EDCDF5C3}","PMBC_PID":15199517,"PMBC_PIN":15199517,"PMBC_ParcelClass":"SUBDIVISION","PMBC_OwnerType":"PRIVATE","PMBC_LegalDescription":"THAT PART OF LOT A DISTRICT LOT 1236 KOOTENAY DISTRICT PLAN 2556 LYING NORTHEAST OF A LINE PARALLEL TO AND 50 FEET DISTANT FROM THE NORTHEASTERLY BOUNDARY THEREOF","Folio":"52100096000","FullAddress":"1914 COLE ST , FRUITVALE","apt_no":null,"street_no":"1914","street_direction_prefix":null,"street_name":"COLE ST","street_direction_suffix":null,"postal_code":null,"city":"FRUITVALE","province":"BC","AddressID":"A000018XCR","TempKey":"7090EFED-C3A0-4209-B0B4-8445EDCDF5C3A000018XCR","GlobalID":"{83F54242-A340-4783-A6A1-44C204CD481F}","Shape__Area":9.602931029300003e-8,"Shape__Length":0.001487182228537836}},{"type":"Feature","geometry":{"type":"Polygon","coordinates":[[[-117.709222,49.096298],[-117.709421,49.096198],[-117.709484,49.096253],[-117.709153,49.096419],[-117.709089,49.096365],[-117.709222,49.096298]]]},"properties":{"OBJECTID":18878,"PMBCParcelGUID":"{0F6AC509-ECF8-42F8-90C5-8446E7DF2DE2}","PMBC_PID":13471627,"PMBC_PIN":13471627,"PMBC_ParcelClass":"SUBDIVISION","PMBC_OwnerType":"PRIVATE","PMBC_LegalDescription":"LOT 14 BLOCK 5 DISTRICT LOT 230 KOOTENAY DISTRICT PLAN 465","Folio":"23200074100","FullAddress":"1241 CEDAR AVE , TRAIL","apt_no":null,"street_no":"1241","street_direction_prefix":null,"street_name":"CEDAR AVE","street_direction_suffix":null,"postal_code":"V1R 4B9","city":"TRAIL","province":"BC","AddressID":"A000018R29","TempKey":"0F6AC509-ECF8-42F8-90C5-8446E7DF2DE2A000018R29","GlobalID":"{65DB3FC3-80E4-4C81-B3F1-AB6A40D512B9}","Shape__Area":2.863309028850001e-8,"Shape__Length":0.0009095177997354073}},{"type":"Feature","geometry":{"type":"Polygon","coordinates":[[[-118.599139,49.098255],[-118.599016,49.098236],[-118.599146,49.097851],[-118.599273,49.097852],[-118.599139,49.098255]]]},"properties":{"OBJECTID":18879,"PMBCParcelGUID":"{6C0098EE-A9BD-4B73-9CA3-8449733D1FBE}","PMBC_PID":12254487,"PMBC_PIN":12254487,"PMBC_ParcelClass":"SUBDIVISION","PMBC_OwnerType":"PRIVATE","PMBC_LegalDescription":"LOT 18 BLOCK 12 DISTRICT LOT 894 SIMILKAMEEN DIVISION YALE DISTRICT PLAN 60","Folio":"71203494182","FullAddress":"","apt_no":null,"street_no":null,"street_direction_prefix":null,"street_name":null,"street_direction_suffix":null,"postal_code":null,"city":null,"province":"BC","AddressID":"D00000EVCT","TempKey":"6C0098EE-A9BD-4B73-9CA3-8449733D1FBED00000EVCT","GlobalID":"{58F89CB2-5EB7-42CA-9A9F-9AFDD0DCD875}","Shape__Area":5.0642033791000015e-8,"Shape__Length":0.0010831915119995765}},{"type":"Feature","geometry":{"type":"Polygon","coordinates":[[[-117.709548,49.092948],[-117.709546,49.092852],[-117.709963,49.092848],[-117.709965,49.092944],[-117.709548,49.092948]]]},"properties":{"OBJECTID":18880,"PMBCParcelGUID":"{BCC3F9A3-C232-43B5-A962-844D1676233E}","PMBC_PID":10186441,"PMBC_PIN":10186441,"PMBC_ParcelClass":"SUBDIVISION","PMBC_OwnerType":"PRIVATE","PMBC_LegalDescription":"LOT 13 BLOCK 53 DISTRICT LOT 230 KOOTENAY DISTRICT PLAN 465D","Folio":"23200667000","FullAddress":"1462 TAMARAC AVE , TRAIL","apt_no":null,"street_no":"1462","street_direction_prefix":null,"street_name":"TAMARAC AVE","street_direction_suffix":null,"postal_code":"V1R 4J3","city":"TRAIL","province":"BC","AddressID":"A000018RH1","TempKey":"BCC3F9A3-C232-43B5-A962-844D1676233EA000018RH1","GlobalID":"{F349F54E-F21A-438C-97C1-4F87ABA94C82}","Shape__Area":4.006163345200001e-8,"Shape__Length":0.0010268648041073713}},{"type":"Feature","geometry":{"type":"MultiPolygon","coordinates":[[[[-117.695156,49.206673],[-117.695996,49.206459],[-117.696476,49.207329],[-117.695601,49.207519],[-117.695156,49.206673]]],[[[-117.695632,49.206116],[-117.695672,49.206116],[-117.695718,49.206093],[-117.695767,49.206074],[-117.695806,49.20607],[-117.695839,49.206123],[-117.69593,49.206329],[-117.69486,49.206596],[-117.694846,49.206325],[-117.694846,49.20631],[-117.694907,49.206287],[-117.69502,49.206276],[-117.695098,49.206253],[-117.695195,49.206211],[-117.695235,49.206198],[-117.695272,49.20618],[-117.69535,49.206158],[-117.69539,49.206149],[-117.695428,49.206138],[-117.695554,49.206116],[-117.69558,49.206113],[-117.695606,49.206113],[-117.695632,49.206116]]]]},"properties":{"OBJECTID":18881,"PMBCParcelGUID":"{3F4F6C20-CE97-47CC-ABFA-844D71CD564B}","PMBC_PID":12292354,"PMBC_PIN":12292354,"PMBC_ParcelClass":"SUBDIVISION","PMBC_OwnerType":"PRIVATE","PMBC_LegalDescription":"LOT 2 DISTRICT LOT 2406 KOOTENAY DISTRICT PLAN 4070","Folio":"71106180020","FullAddress":"1245 2ND ST , GENELLE","apt_no":null,"street_no":"1245","street_direction_prefix":null,"street_name":"2ND ST","street_direction_suffix":null,"postal_code":"V0G 1G0","city":"GENELLE","province":"BC","AddressID":"A000019MPQ","TempKey":"3F4F6C20-CE97-47CC-ABFA-844D71CD564BA000019MPQ","GlobalID":"{229D562A-3B8F-4348-B684-D71BAD55456D}","Shape__Area":0.0000011330900050995004,"Shape__Length":0.006389180882458733}},{"type":"Feature","geometry":{"type":"MultiPolygon","coordinates":[[[[-118.418748,49.208917],[-118.419776,49.208817],[-118.421073,49.208317],[-118.422237,49.207561],[-118.427733,49.207585],[-118.427803,49.207785],[-118.425975,49.207766],[-118.425793,49.207764],[-118.42275,49.207733],[-118.422741,49.210148],[-118.417973,49.210099],[-118.417979,49.209217],[-118.418748,49.208917]]],[[[-118.41966,49.208638],[-118.41862,49.208757],[-118.41798,49.209005],[-118.41799,49.207541],[-118.421858,49.207558],[-118.420897,49.208168],[-118.41966,49.208638]]]]},"properties":{"OBJECTID":18882,"PMBCParcelGUID":"{75222614-0BC6-4827-A18F-844E227969AD}","PMBC_PID":2991527,"PMBC_PIN":2991527,"PMBC_ParcelClass":"SUBDIVISION","PMBC_OwnerType":"PRIVATE","PMBC_LegalDescription":"LOT 1 DISTRICT LOT 2018 SIMILKAMEEN DIVISION YALE DISTRICT PLAN 34371","Folio":"71204987010","FullAddress":"12430 MILLER CREEK RD , GRAND FORKS","apt_no":null,"street_no":"12430","street_direction_prefix":null,"street_name":"MILLER CREEK RD","street_direction_suffix":null,"postal_code":"V0H 1H1","city":"GRAND FORKS","province":"BC","AddressID":"A00000J5U1","TempKey":"75222614-0BC6-4827-A18F-844E227969ADA00000J5U1","GlobalID":"{7171EA2C-CDF6-4BED-A6B0-B7FABC781334}","Shape__Area":0.000012292464026236503,"Shape__Length":0.032986923080798744}},{"type":"Feature","geometry":{"type":"MultiPolygon","coordinates":[[[[-118.418748,49.208917],[-118.419776,49.208817],[-118.421073,49.208317],[-118.422237,49.207561],[-118.427733,49.207585],[-118.427803,49.207785],[-118.425975,49.207766],[-118.425793,49.207764],[-118.42275,49.207733],[-118.422741,49.210148],[-118.417973,49.210099],[-118.417979,49.209217],[-118.418748,49.208917]]],[[[-118.41966,49.208638],[-118.41862,49.208757],[-118.41798,49.209005],[-118.41799,49.207541],[-118.421858,49.207558],[-118.420897,49.208168],[-118.41966,49.208638]]]]},"properties":{"OBJECTID":18883,"PMBCParcelGUID":"{75222614-0BC6-4827-A18F-844E227969AD}","PMBC_PID":2991527,"PMBC_PIN":2991527,"PMBC_ParcelClass":"SUBDIVISION","PMBC_OwnerType":"PRIVATE","PMBC_LegalDescription":"LOT 1 DISTRICT LOT 2018 SIMILKAMEEN DIVISION YALE DISTRICT PLAN 34371","Folio":"71204987010","FullAddress":"12452 MILLER CREEK RD , GRAND FORKS","apt_no":null,"street_no":"12452","street_direction_prefix":null,"street_name":"MILLER CREEK RD","street_direction_suffix":null,"postal_code":null,"city":"GRAND FORKS","province":"BC","AddressID":"A00000J5U2","TempKey":"75222614-0BC6-4827-A18F-844E227969ADA00000J5U2","GlobalID":"{AFBE32AC-7E3B-4F81-8F04-C08F222069B2}","Shape__Area":0.000012292464026236503,"Shape__Length":0.032986923080798744}},{"type":"Feature","geometry":{"type":"Polygon","coordinates":[[[-118.594996,49.100418],[-118.595121,49.100431],[-118.595057,49.100705],[-118.594933,49.100692],[-118.594996,49.100418]]]},"properties":{"OBJECTID":18884,"PMBCParcelGUID":"{0C6EFCE0-2AE8-4571-BE9C-844FF8C2D046}","PMBC_PID":12267279,"PMBC_PIN":12267279,"PMBC_ParcelClass":"SUBDIVISION","PMBC_OwnerType":"PRIVATE","PMBC_LegalDescription":"LOT 16 BLOCK 1 DISTRICT LOT 921 SIMILKAMEEN DIVISION YALE DISTRICT PLAN 184","Folio":"71204225375","FullAddress":"","apt_no":null,"street_no":null,"street_direction_prefix":null,"street_name":null,"street_direction_suffix":null,"postal_code":null,"city":null,"province":"BC","AddressID":"D00000F5NC","TempKey":"0C6EFCE0-2AE8-4571-BE9C-844FF8C2D046D00000F5NC","GlobalID":"{F4F311CF-E373-46E1-8CC9-4D198904A211}","Shape__Area":3.487342913450001e-8,"Shape__Length":0.000811913949813776}},{"type":"Feature","geometry":{"type":"Polygon","coordinates":[[[-117.792612,49.075397],[-117.792639,49.075125],[-117.792766,49.07513],[-117.792739,49.075403],[-117.792612,49.075397]]]},"properties":{"OBJECTID":18885,"PMBCParcelGUID":"{FFC9160B-9402-4AAC-966D-8453A05B4F60}","PMBC_PID":11062134,"PMBC_PIN":11062134,"PMBC_ParcelClass":"SUBDIVISION","PMBC_OwnerType":"PRIVATE","PMBC_LegalDescription":"LOT 10 BLOCK 32 DISTRICT LOT 535 KOOTENAY DISTRICT PLAN 616","Folio":"22900822000","FullAddress":"2490 KOOTENAY AVE , ROSSLAND","apt_no":null,"street_no":"2490","street_direction_prefix":null,"street_name":"KOOTENAY AVE","street_direction_suffix":null,"postal_code":null,"city":"ROSSLAND","province":"BC","AddressID":"A000018PTW","TempKey":"FFC9160B-9402-4AAC-966D-8453A05B4F60A000018PTW","GlobalID":"{BC699EB0-AB58-40C0-9568-7BF344C70CD7}","Shape__Area":3.4575138513000007e-8,"Shape__Length":0.0008004282526045754}},{"type":"Feature","geometry":{"type":"Polygon","coordinates":[[[-117.805128,49.071027],[-117.805252,49.071033],[-117.805378,49.071039],[-117.805375,49.071066],[-117.805347,49.071312],[-117.805222,49.071306],[-117.805097,49.0713],[-117.805128,49.071027]]]},"properties":{"OBJECTID":18886,"PMBCParcelGUID":"{BFF3352D-7B04-4044-A38E-8458E39822D3}","PMBC_PID":28292804,"PMBC_PIN":28292804,"PMBC_ParcelClass":"SUBDIVISION","PMBC_OwnerType":"PRIVATE","PMBC_LegalDescription":"PARCEL D (BEING A CONSOLIDATION OF LOTS 7 AND 8, SEE LB397739) BLOCK 18 DISTRICT LOT 535 KOOTENAY DISTRICT PLAN 579A","Folio":"22900149050","FullAddress":"1760 PRINCESS AVE , ROSSLAND","apt_no":null,"street_no":"1760","street_direction_prefix":null,"street_name":"PRINCESS AVE","street_direction_suffix":null,"postal_code":null,"city":"ROSSLAND","province":"BC","AddressID":"D000007GN8","TempKey":"BFF3352D-7B04-4044-A38E-8458E39822D3D000007GN8","GlobalID":"{8BA3AC0B-34C2-4E4A-AC68-78F1CE8E0A38}","Shape__Area":6.857024490350001e-8,"Shape__Length":0.0010497310551072698}},{"type":"Feature","geometry":{"type":"Polygon","coordinates":[[[-118.601499,49.099967],[-118.601422,49.099925],[-118.601678,49.099723],[-118.601755,49.099765],[-118.601499,49.099967]]]},"properties":{"OBJECTID":18887,"PMBCParcelGUID":"{E21CEE38-CD22-4881-B172-84596B3CBF40}","PMBC_PID":12200123,"PMBC_PIN":12200123,"PMBC_ParcelClass":"SUBDIVISION","PMBC_OwnerType":"PRIVATE","PMBC_LegalDescription":"LOT 23 BLOCK F DISTRICT LOTS 796 AND 981 SIMILKAMEEN DIVISION YALE DISTRICT PLAN 113","Folio":"71203511320","FullAddress":"","apt_no":null,"street_no":null,"street_direction_prefix":null,"street_name":null,"street_direction_suffix":null,"postal_code":null,"city":null,"province":"BC","AddressID":"D00000GTTM","TempKey":"E21CEE38-CD22-4881-B172-84596B3CBF40D00000GTTM","GlobalID":"{5BE1BE0C-1AA7-4342-A334-C326CFCA7F31}","Shape__Area":2.6391871279500005e-8,"Shape__Length":0.0008289568097413723}},{"type":"Feature","geometry":{"type":"Polygon","coordinates":[[[-117.659676,49.098569],[-117.659754,49.098555],[-117.65983,49.098534],[-117.6599,49.098507],[-117.660075,49.098678],[-117.660116,49.098719],[-117.659752,49.09881],[-117.659676,49.098569]]]},"properties":{"OBJECTID":18888,"PMBCParcelGUID":"{1967E1B0-45D1-411A-84B7-8459C5362FE3}","PMBC_PID":15069168,"PMBC_PIN":15069168,"PMBC_ParcelClass":"SUBDIVISION","PMBC_OwnerType":"PRIVATE","PMBC_LegalDescription":"LOT 18 BLOCK 3 DISTRICT LOT 4598 KOOTENAY DISTRICT PLAN 4687","Folio":"23203834000","FullAddress":"3755 DOGWOOD DR , TRAIL","apt_no":null,"street_no":"3755","street_direction_prefix":null,"street_name":"DOGWOOD DR","street_direction_suffix":null,"postal_code":"V1R 2V4","city":"TRAIL","province":"BC","AddressID":"A000018U4M","TempKey":"1967E1B0-45D1-411A-84B7-8459C5362FE3A000018U4M","GlobalID":"{B3E65823-F463-4A6E-BAD3-FEDE47A3B183}","Shape__Area":7.687734216250002e-8,"Shape__Length":0.0011654439200477211}},{"type":"Feature","geometry":{"type":"Polygon","coordinates":[[[-118.54094,49.118954],[-118.540815,49.118957],[-118.540816,49.118727],[-118.540815,49.118627],[-118.540941,49.118625],[-118.540941,49.118779],[-118.54094,49.118954]]]},"properties":{"OBJECTID":18889,"PMBCParcelGUID":"{381FA05D-6009-4849-B593-8459D258BCB3}","PMBC_PID":12920100,"PMBC_PIN":12920100,"PMBC_ParcelClass":"SUBDIVISION","PMBC_OwnerType":"PRIVATE","PMBC_LegalDescription":"LOT 4 BLOCK 49 DISTRICT LOT 2005 SIMILKAMEEN DIVISION YALE DISTRICT PLAN 79","Folio":"71204851052","FullAddress":"","apt_no":null,"street_no":null,"street_direction_prefix":null,"street_name":null,"street_direction_suffix":null,"postal_code":null,"city":null,"province":"BC","AddressID":"D00000GMC4","TempKey":"381FA05D-6009-4849-B593-8459D258BCB3D00000GMC4","GlobalID":"{0DC37640-8A83-4E70-8598-C753C32EE306}","Shape__Area":4.128508241150001e-8,"Shape__Length":0.0009099282957859368}},{"type":"Feature","geometry":{"type":"Polygon","coordinates":[[[-118.601003,49.098897],[-118.601062,49.098903],[-118.601079,49.098837],[-118.601166,49.098773],[-118.601239,49.098817],[-118.600975,49.099008],[-118.600902,49.098965],[-118.601003,49.098897]]]},"properties":{"OBJECTID":18890,"PMBCParcelGUID":"{D1C9A6AE-2833-4BA5-A487-845AEE45D47B}","PMBC_PID":12393312,"PMBC_PIN":12393312,"PMBC_ParcelClass":"SUBDIVISION","PMBC_OwnerType":"PRIVATE","PMBC_LegalDescription":"LOT 16 BLOCK M DISTRICT LOT 981 SIMILKAMEEN DIVISION YALE DISTRICT PLAN 281","Folio":"71203516435","FullAddress":"","apt_no":null,"street_no":null,"street_direction_prefix":null,"street_name":null,"street_direction_suffix":null,"postal_code":null,"city":null,"province":"BC","AddressID":"D00000GC4T","TempKey":"D1C9A6AE-2833-4BA5-A487-845AEE45D47BD00000GC4T","GlobalID":"{DB8A4732-556C-4E6E-A093-BC7572DC9622}","Shape__Area":2.2965607498500005e-8,"Shape__Length":0.0008530296731624219}},{"type":"Feature","geometry":{"type":"Polygon","coordinates":[[[-118.682453,49.084278],[-118.682456,49.084168],[-118.682788,49.084172],[-118.682771,49.084221],[-118.682988,49.084262],[-118.682982,49.084285],[-118.682453,49.084278]]]},"properties":{"OBJECTID":18891,"PMBCParcelGUID":"{2C51A800-38B2-407E-811F-845B6C1FE8E2}","PMBC_PID":12685941,"PMBC_PIN":12685941,"PMBC_ParcelClass":"SUBDIVISION","PMBC_OwnerType":"CROWN PROVINCIAL","PMBC_LegalDescription":"LOT 7 BLOCK N DISTRICT LOT 601 SIMILKAMEEN DIVISION YALE DISTRICT PLAN 64 EXCEPT PLAN B8332","Folio":"21100493065","FullAddress":"RAILWAY AVE , GREENWOOD","apt_no":null,"street_no":null,"street_direction_prefix":null,"street_name":"RAILWAY AVE","street_direction_suffix":null,"postal_code":null,"city":"GREENWOOD","province":"BC","AddressID":"D00000JCGW","TempKey":"2C51A800-38B2-407E-811F-845B6C1FE8E2D00000JCGW","GlobalID":"{D30F6BD4-3D9D-4A3C-B99D-645AF7B943A8}","Shape__Area":4.441346520000001e-8,"Shape__Length":0.0012682843041817455}},{"type":"Feature","geometry":{"type":"Polygon","coordinates":[[[-117.597364,49.057219],[-117.597363,49.057288],[-117.596809,49.057252],[-117.596815,49.056889],[-117.597366,49.056891],[-117.597364,49.057219]]]},"properties":{"OBJECTID":18892,"PMBCParcelGUID":"{DA7A2280-2156-4D83-9185-845DEDB306A1}","PMBC_PID":5652723,"PMBC_PIN":5652723,"PMBC_ParcelClass":"SUBDIVISION","PMBC_OwnerType":"PRIVATE","PMBC_LegalDescription":"THAT PART OF BLOCK 45 SHOWN OUTLINED IN GREEN ON EXPLANATORY PLAN 34810I SECTION 20 TOWNSHIP 7A KOOTENAY DISTRICT PLAN 800","Folio":"71100935046","FullAddress":"342 COLUMBIA GARDENS RD , FRUITVALE","apt_no":null,"street_no":"342","street_direction_prefix":null,"street_name":"COLUMBIA GARDENS RD","street_direction_suffix":null,"postal_code":"V1R 4W6","city":"FRUITVALE","province":"BC","AddressID":"A000019LTL","TempKey":"DA7A2280-2156-4D83-9185-845DEDB306A1A000019LTL","GlobalID":"{D61EB134-DB4E-4CA0-8F9F-B83E93D3100A}","Shape__Area":2.1018481651050005e-7,"Shape__Length":0.001866501509245001}},{"type":"Feature","geometry":{"type":"Polygon","coordinates":[[[-118.498799,49.001446],[-118.498791,49.001427],[-118.499056,49.001384],[-118.499202,49.00178],[-118.498959,49.00182],[-118.49895,49.001803],[-118.498937,49.001782],[-118.498914,49.001742],[-118.498902,49.001707],[-118.498885,49.001665],[-118.498868,49.001607],[-118.49885,49.001559],[-118.498826,49.001511],[-118.498806,49.001457],[-118.498799,49.001446]]]},"properties":{"OBJECTID":18893,"PMBCParcelGUID":"{DF546883-F308-43DB-935E-845EA081B84E}","PMBC_PID":4790839,"PMBC_PIN":4790839,"PMBC_ParcelClass":"SUBDIVISION","PMBC_OwnerType":"PRIVATE","PMBC_LegalDescription":"LOT 1 BLOCK 10 DISTRICT LOT 517 SIMILKAMEEN DIVISION YALE DISTRICT PLAN 39","Folio":"71203160000","FullAddress":"4970 RIVERSIDE AVE , GRAND FORKS","apt_no":null,"street_no":"4970","street_direction_prefix":null,"street_name":"RIVERSIDE AVE","street_direction_suffix":null,"postal_code":"V0H 1H5","city":"GRAND FORKS","province":"BC","AddressID":"A00000J3UY","TempKey":"DF546883-F308-43DB-935E-845EA081B84EA00000J3UY","GlobalID":"{687D4E7D-0FB7-438F-B013-8D290A6A6802}","Shape__Area":1.0789385259400003e-7,"Shape__Length":0.0013650250354065002}},{"type":"Feature","geometry":{"type":"MultiPolygon","coordinates":[[[[-118.401216,49.029633],[-118.402423,49.029603],[-118.408345,49.030283],[-118.40878,49.036292],[-118.408729,49.036293],[-118.402807,49.036259],[-118.402782,49.036259],[-118.401216,49.036255],[-118.397004,49.036274],[-118.39692,49.036274],[-118.390102,49.03629],[-118.389787,49.03629],[-118.389779,49.034111],[-118.389777,49.033831],[-118.389779,49.03382],[-118.389779,49.033814],[-118.389766,49.029637],[-118.401106,49.029633],[-118.401188,49.029633],[-118.401216,49.029633]]],[[[-118.397249,49.029118],[-118.400354,49.029145],[-118.400947,49.029149],[-118.401031,49.029149],[-118.401216,49.029152],[-118.402709,49.029152],[-118.408277,49.029186],[-118.408333,49.030075],[-118.402162,49.029347],[-118.401216,49.029361],[-118.401107,49.029361],[-118.40102,49.029361],[-118.389765,49.029362],[-118.389764,49.029076],[-118.392448,49.029091],[-118.397249,49.029118]]]]},"properties":{"OBJECTID":18894,"PMBCParcelGUID":"{94D151D2-2D11-4E68-BFAC-845ED4B5C616}","PMBC_PID":1564005,"PMBC_PIN":1564005,"PMBC_ParcelClass":"SUBDIVISION","PMBC_OwnerType":"PRIVATE","PMBC_LegalDescription":"THAT PART OF DISTRICT LOT 492 SIMILKAMEEN DIVISION YALE DISTRICT AS SHOWN ON PLAN ATTACHED TO DD 4989D","Folio":"71202960000","FullAddress":"MORRISSEY CREEK RD ","apt_no":null,"street_no":null,"street_direction_prefix":null,"street_name":"MORRISSEY CREEK RD","street_direction_suffix":null,"postal_code":null,"city":null,"province":"BC","AddressID":"A00000J3L4","TempKey":"94D151D2-2D11-4E68-BFAC-845ED4B5C616A00000J3L4","GlobalID":"{2BFCE7A4-CD55-433C-B77A-DFB3E33A6495}","Shape__Area":0.00012917871084088954,"Shape__Length":0.08859070334051906}},{"type":"Feature","geometry":{"type":"MultiPolygon","coordinates":[[[[-118.946274,49.057671],[-118.958555,49.055782],[-118.958636,49.060092],[-118.955924,49.060413],[-118.954157,49.060729],[-118.953137,49.060842],[-118.951356,49.060651],[-118.950754,49.060448],[-118.94878,49.05914],[-118.946281,49.058018],[-118.946274,49.057671]]],[[[-118.946246,49.056699],[-118.946528,49.056504],[-118.946876,49.056424],[-118.947241,49.056351],[-118.947551,49.056282],[-118.947896,49.056202],[-118.948221,49.056099],[-118.948478,49.056026],[-118.948743,49.055935],[-118.948934,49.055885],[-118.949169,49.055798],[-118.949439,49.055714],[-118.949688,49.055618],[-118.949933,49.055568],[-118.950171,49.055485],[-118.950392,49.055412],[-118.950544,49.05537],[-118.950979,49.055351],[-118.951318,49.05532],[-118.951747,49.055301],[-118.952266,49.055277],[-118.95272,49.055117],[-118.953091,49.054971],[-118.953321,49.054891],[-118.953551,49.054819],[-118.953803,49.054727],[-118.95405,49.054616],[-118.954237,49.054509],[-118.954453,49.054395],[-118.954702,49.054276],[-118.954912,49.054177],[-118.955127,49.054074],[-118.955449,49.053936],[-118.955647,49.053829],[-118.955748,49.053787],[-118.956003,49.053711],[-118.956155,49.053657],[-118.956346,49.053566],[-118.956542,49.053482],[-118.956708,49.053413],[-118.95686,49.053348],[-118.9571,49.053276],[-118.957122,49.053268],[-118.957865,49.053198],[-118.958508,49.053083],[-118.958551,49.055494],[-118.946262,49.05739],[-118.946246,49.056699]]]]},"properties":{"OBJECTID":18895,"PMBCParcelGUID":"{10FB2A9F-E557-41EC-8F55-84604FCA9205}","PMBC_PID":10245171,"PMBC_PIN":10245171,"PMBC_ParcelClass":"SUBDIVISION","PMBC_OwnerType":"PRIVATE","PMBC_LegalDescription":"LOT B DISTRICT LOT 215 SIMILKAMEEN DIVISION YALE DISTRICT PLAN 5758 EXCEPT PLAN 29829","Folio":"71302332000","FullAddress":"3702 KETTLE VALLEY SOUTH RD ","apt_no":null,"street_no":"3702","street_direction_prefix":null,"street_name":"KETTLE VALLEY SOUTH RD","street_direction_suffix":null,"postal_code":"V0H 1Y0","city":null,"province":"BC","AddressID":"A00000J73F","TempKey":"10FB2A9F-E557-41EC-8F55-84604FCA9205A00000J73F","GlobalID":"{D11DD01E-73AD-4E4A-8A5C-726DE43D2704}","Shape__Area":0.000059382927411308016,"Shape__Length":0.058618086288594676}},{"type":"Feature","geometry":{"type":"MultiPolygon","coordinates":[[[[-118.946274,49.057671],[-118.958555,49.055782],[-118.958636,49.060092],[-118.955924,49.060413],[-118.954157,49.060729],[-118.953137,49.060842],[-118.951356,49.060651],[-118.950754,49.060448],[-118.94878,49.05914],[-118.946281,49.058018],[-118.946274,49.057671]]],[[[-118.946246,49.056699],[-118.946528,49.056504],[-118.946876,49.056424],[-118.947241,49.056351],[-118.947551,49.056282],[-118.947896,49.056202],[-118.948221,49.056099],[-118.948478,49.056026],[-118.948743,49.055935],[-118.948934,49.055885],[-118.949169,49.055798],[-118.949439,49.055714],[-118.949688,49.055618],[-118.949933,49.055568],[-118.950171,49.055485],[-118.950392,49.055412],[-118.950544,49.05537],[-118.950979,49.055351],[-118.951318,49.05532],[-118.951747,49.055301],[-118.952266,49.055277],[-118.95272,49.055117],[-118.953091,49.054971],[-118.953321,49.054891],[-118.953551,49.054819],[-118.953803,49.054727],[-118.95405,49.054616],[-118.954237,49.054509],[-118.954453,49.054395],[-118.954702,49.054276],[-118.954912,49.054177],[-118.955127,49.054074],[-118.955449,49.053936],[-118.955647,49.053829],[-118.955748,49.053787],[-118.956003,49.053711],[-118.956155,49.053657],[-118.956346,49.053566],[-118.956542,49.053482],[-118.956708,49.053413],[-118.95686,49.053348],[-118.9571,49.053276],[-118.957122,49.053268],[-118.957865,49.053198],[-118.958508,49.053083],[-118.958551,49.055494],[-118.946262,49.05739],[-118.946246,49.056699]]]]},"properties":{"OBJECTID":18896,"PMBCParcelGUID":"{10FB2A9F-E557-41EC-8F55-84604FCA9205}","PMBC_PID":10245171,"PMBC_PIN":10245171,"PMBC_ParcelClass":"SUBDIVISION","PMBC_OwnerType":"PRIVATE","PMBC_LegalDescription":"LOT B DISTRICT LOT 215 SIMILKAMEEN DIVISION YALE DISTRICT PLAN 5758 EXCEPT PLAN 29829","Folio":"71302332000","FullAddress":"3708 KETTLE VALLEY SOUTH RD ","apt_no":null,"street_no":"3708","street_direction_prefix":null,"street_name":"KETTLE VALLEY SOUTH RD","street_direction_suffix":null,"postal_code":null,"city":null,"province":"BC","AddressID":"A00000J73J","TempKey":"10FB2A9F-E557-41EC-8F55-84604FCA9205A00000J73J","GlobalID":"{F49E3B46-51DB-41AE-B53E-A2C1CFA97B1E}","Shape__Area":0.000059382927411308016,"Shape__Length":0.058618086288594676}},{"type":"Feature","geometry":{"type":"MultiPolygon","coordinates":[[[[-118.946274,49.057671],[-118.958555,49.055782],[-118.958636,49.060092],[-118.955924,49.060413],[-118.954157,49.060729],[-118.953137,49.060842],[-118.951356,49.060651],[-118.950754,49.060448],[-118.94878,49.05914],[-118.946281,49.058018],[-118.946274,49.057671]]],[[[-118.946246,49.056699],[-118.946528,49.056504],[-118.946876,49.056424],[-118.947241,49.056351],[-118.947551,49.056282],[-118.947896,49.056202],[-118.948221,49.056099],[-118.948478,49.056026],[-118.948743,49.055935],[-118.948934,49.055885],[-118.949169,49.055798],[-118.949439,49.055714],[-118.949688,49.055618],[-118.949933,49.055568],[-118.950171,49.055485],[-118.950392,49.055412],[-118.950544,49.05537],[-118.950979,49.055351],[-118.951318,49.05532],[-118.951747,49.055301],[-118.952266,49.055277],[-118.95272,49.055117],[-118.953091,49.054971],[-118.953321,49.054891],[-118.953551,49.054819],[-118.953803,49.054727],[-118.95405,49.054616],[-118.954237,49.054509],[-118.954453,49.054395],[-118.954702,49.054276],[-118.954912,49.054177],[-118.955127,49.054074],[-118.955449,49.053936],[-118.955647,49.053829],[-118.955748,49.053787],[-118.956003,49.053711],[-118.956155,49.053657],[-118.956346,49.053566],[-118.956542,49.053482],[-118.956708,49.053413],[-118.95686,49.053348],[-118.9571,49.053276],[-118.957122,49.053268],[-118.957865,49.053198],[-118.958508,49.053083],[-118.958551,49.055494],[-118.946262,49.05739],[-118.946246,49.056699]]]]},"properties":{"OBJECTID":18897,"PMBCParcelGUID":"{10FB2A9F-E557-41EC-8F55-84604FCA9205}","PMBC_PID":10245171,"PMBC_PIN":10245171,"PMBC_ParcelClass":"SUBDIVISION","PMBC_OwnerType":"PRIVATE","PMBC_LegalDescription":"LOT B DISTRICT LOT 215 SIMILKAMEEN DIVISION YALE DISTRICT PLAN 5758 EXCEPT PLAN 29829","Folio":"71302332000","FullAddress":"3706 KETTLE VALLEY SOUTH RD ","apt_no":null,"street_no":"3706","street_direction_prefix":null,"street_name":"KETTLE VALLEY SOUTH RD","street_direction_suffix":null,"postal_code":null,"city":null,"province":"BC","AddressID":"A00000J73H","TempKey":"10FB2A9F-E557-41EC-8F55-84604FCA9205A00000J73H","GlobalID":"{FF083542-F911-456F-9BF5-01AB6D5DCC2C}","Shape__Area":0.000059382927411308016,"Shape__Length":0.058618086288594676}},{"type":"Feature","geometry":{"type":"MultiPolygon","coordinates":[[[[-118.946274,49.057671],[-118.958555,49.055782],[-118.958636,49.060092],[-118.955924,49.060413],[-118.954157,49.060729],[-118.953137,49.060842],[-118.951356,49.060651],[-118.950754,49.060448],[-118.94878,49.05914],[-118.946281,49.058018],[-118.946274,49.057671]]],[[[-118.946246,49.056699],[-118.946528,49.056504],[-118.946876,49.056424],[-118.947241,49.056351],[-118.947551,49.056282],[-118.947896,49.056202],[-118.948221,49.056099],[-118.948478,49.056026],[-118.948743,49.055935],[-118.948934,49.055885],[-118.949169,49.055798],[-118.949439,49.055714],[-118.949688,49.055618],[-118.949933,49.055568],[-118.950171,49.055485],[-118.950392,49.055412],[-118.950544,49.05537],[-118.950979,49.055351],[-118.951318,49.05532],[-118.951747,49.055301],[-118.952266,49.055277],[-118.95272,49.055117],[-118.953091,49.054971],[-118.953321,49.054891],[-118.953551,49.054819],[-118.953803,49.054727],[-118.95405,49.054616],[-118.954237,49.054509],[-118.954453,49.054395],[-118.954702,49.054276],[-118.954912,49.054177],[-118.955127,49.054074],[-118.955449,49.053936],[-118.955647,49.053829],[-118.955748,49.053787],[-118.956003,49.053711],[-118.956155,49.053657],[-118.956346,49.053566],[-118.956542,49.053482],[-118.956708,49.053413],[-118.95686,49.053348],[-118.9571,49.053276],[-118.957122,49.053268],[-118.957865,49.053198],[-118.958508,49.053083],[-118.958551,49.055494],[-118.946262,49.05739],[-118.946246,49.056699]]]]},"properties":{"OBJECTID":18898,"PMBCParcelGUID":"{10FB2A9F-E557-41EC-8F55-84604FCA9205}","PMBC_PID":10245171,"PMBC_PIN":10245171,"PMBC_ParcelClass":"SUBDIVISION","PMBC_OwnerType":"PRIVATE","PMBC_LegalDescription":"LOT B DISTRICT LOT 215 SIMILKAMEEN DIVISION YALE DISTRICT PLAN 5758 EXCEPT PLAN 29829","Folio":"71302332000","FullAddress":"3704 KETTLE VALLEY SOUTH RD ","apt_no":null,"street_no":"3704","street_direction_prefix":null,"street_name":"KETTLE VALLEY SOUTH RD","street_direction_suffix":null,"postal_code":null,"city":null,"province":"BC","AddressID":"A00000J73G","TempKey":"10FB2A9F-E557-41EC-8F55-84604FCA9205A00000J73G","GlobalID":"{BEC76DBB-784C-4BF3-A230-599A1F286198}","Shape__Area":0.000059382927411308016,"Shape__Length":0.058618086288594676}},{"type":"Feature","geometry":{"type":"Polygon","coordinates":[[[-117.536146,49.111811],[-117.535796,49.111511],[-117.536312,49.111252],[-117.536583,49.111473],[-117.536546,49.111618],[-117.536146,49.111811]]]},"properties":{"OBJECTID":18899,"PMBCParcelGUID":"{082CFE56-A1C2-45CC-ADC0-846077DEDC4F}","PMBC_PID":6500285,"PMBC_PIN":6500285,"PMBC_ParcelClass":"SUBDIVISION","PMBC_OwnerType":"PRIVATE","PMBC_LegalDescription":"LOT B DISTRICT LOT 1236 KOOTENAY DISTRICT PLAN 17026","Folio":"71105359020","FullAddress":"1960 GREEN RD , FRUITVALE","apt_no":null,"street_no":"1960","street_direction_prefix":null,"street_name":"GREEN RD","street_direction_suffix":null,"postal_code":"V0G 1L1","city":"FRUITVALE","province":"BC","AddressID":"A000019MAA","TempKey":"082CFE56-A1C2-45CC-ADC0-846077DEDC4FA000019MAA","GlobalID":"{4351453B-CE03-4BD3-BD7C-3B69ED1317B7}","Shape__Area":2.4242599657750004e-7,"Shape__Length":0.0019828983371493296}},{"type":"Feature","geometry":{"type":"Polygon","coordinates":[[[-117.753527,49.095314],[-117.753255,49.095104],[-117.753425,49.095017],[-117.753697,49.095227],[-117.753527,49.095314]]]},"properties":{"OBJECTID":18900,"PMBCParcelGUID":"{259F26A0-2D56-4A3F-AD82-84634AFDCD92}","PMBC_PID":15591298,"PMBC_PIN":15591298,"PMBC_ParcelClass":"SUBDIVISION","PMBC_OwnerType":"PRIVATE","PMBC_LegalDescription":"LOT 11 BLOCK 13 DISTRICT LOT 4597 KOOTENAY DISTRICT PLAN 1939","Folio":"58800145000","FullAddress":"620 SHELLEY ST , WARFIELD","apt_no":null,"street_no":"620","street_direction_prefix":null,"street_name":"SHELLEY ST","street_direction_suffix":null,"postal_code":"V1R 2C6","city":"WARFIELD","province":"BC","AddressID":"A0000192LC","TempKey":"259F26A0-2D56-4A3F-AD82-84634AFDCD92A0000192LC","GlobalID":"{0B95ED23-8A93-47A7-81C4-DD8085048AE1}","Shape__Area":5.9557595303000013e-8,"Shape__Length":0.0010708346945121922}},{"type":"Feature","geometry":{"type":"Polygon","coordinates":[[[-117.661923,49.099585],[-117.662086,49.099809],[-117.661795,49.099904],[-117.661703,49.099637],[-117.661778,49.099624],[-117.661852,49.099606],[-117.661923,49.099585]]]},"properties":{"OBJECTID":18901,"PMBCParcelGUID":"{D9BDC553-0E04-4CFA-9451-8467CE40A8AD}","PMBC_PID":14892090,"PMBC_PIN":14892090,"PMBC_ParcelClass":"SUBDIVISION","PMBC_OwnerType":"PRIVATE","PMBC_LegalDescription":"LOT 8 BLOCK 1 DISTRICT LOT 4598 KOOTENAY DISTRICT PLAN 4687","Folio":"23203787000","FullAddress":"3727 WOODLAND DR , TRAIL","apt_no":null,"street_no":"3727","street_direction_prefix":null,"street_name":"WOODLAND DR","street_direction_suffix":null,"postal_code":"V1R 2V6","city":"TRAIL","province":"BC","AddressID":"A000018U39","TempKey":"D9BDC553-0E04-4CFA-9451-8467CE40A8ADA000018U39","GlobalID":"{E0D326A7-0DB8-4D7C-888C-2869B0BB9337}","Shape__Area":7.133571817250001e-8,"Shape__Length":0.0010910809537424118}},{"type":"Feature","geometry":{"type":"Polygon","coordinates":[[[-118.679373,49.082085],[-118.679845,49.082056],[-118.679843,49.082096],[-118.679846,49.082136],[-118.679413,49.082176],[-118.679373,49.082085]]]},"properties":{"OBJECTID":18902,"PMBCParcelGUID":"{487D1BF2-1BEF-4D1F-A8A3-84680A532AEF}","PMBC_PID":10020624,"PMBC_PIN":10020624,"PMBC_ParcelClass":"SUBDIVISION","PMBC_OwnerType":"LOCAL GOVERNMENT","PMBC_LegalDescription":"LOT 12 BLOCK N DISTRICT LOT 879 SIMILKAMEEN DIVISION YALE DISTRICT PLAN 46","Folio":"21100530400","FullAddress":"S GOLD AVE , GREENWOOD","apt_no":null,"street_no":null,"street_direction_prefix":"S","street_name":"GOLD AVE","street_direction_suffix":null,"postal_code":"V0H 1J0","city":"GREENWOOD","province":"BC","AddressID":"D00000JM02","TempKey":"487D1BF2-1BEF-4D1F-A8A3-84680A532AEFD00000JM02","GlobalID":"{148E690F-F1DA-4772-88D4-016BDD3D968F}","Shape__Area":3.928887075050001e-8,"Shape__Length":0.00108705838405582}},{"type":"Feature","geometry":{"type":"Polygon","coordinates":[[[-118.454694,49.026816],[-118.454435,49.026815],[-118.454331,49.026697],[-118.454783,49.026526],[-118.454894,49.026654],[-118.454942,49.026708],[-118.455037,49.026818],[-118.454694,49.026816]]]},"properties":{"OBJECTID":18903,"PMBCParcelGUID":"{A1613646-B6E8-4FD4-8ABB-8469743DAF08}","PMBC_PID":18965725,"PMBC_PIN":18965725,"PMBC_ParcelClass":"SUBDIVISION","PMBC_OwnerType":"PRIVATE","PMBC_LegalDescription":"PARCEL E (KH102018) BLOCK 2 DISTRICT LOT 380 SIMILKAMEEN DIVISION YALE DISTRICT PLAN 35","Folio":"21000647005","FullAddress":"6958 16TH ST , GRAND FORKS","apt_no":null,"street_no":"6958","street_direction_prefix":null,"street_name":"16TH ST","street_direction_suffix":null,"postal_code":"V0H 1H0","city":"GRAND FORKS","province":"BC","AddressID":"A00000H7PJ","TempKey":"A1613646-B6E8-4FD4-8ABB-8469743DAF08A00000H7PJ","GlobalID":"{4F5EFA3B-0DEA-4549-A073-8E85ECFA42B6}","Shape__Area":1.2300701330400002e-7,"Shape__Length":0.0016298518293407548}},{"type":"Feature","geometry":{"type":"Polygon","coordinates":[[[-117.801841,49.077557],[-117.801832,49.07764],[-117.801429,49.07762],[-117.801438,49.077538],[-117.801841,49.077557]]]},"properties":{"OBJECTID":18904,"PMBCParcelGUID":"{F756C3A9-72D7-4255-9623-8469F9BFE823}","PMBC_PID":16219848,"PMBC_PIN":16219848,"PMBC_ParcelClass":"SUBDIVISION","PMBC_OwnerType":"LOCAL GOVERNMENT","PMBC_LegalDescription":"LOT 22 BLOCK 28 DISTRICT LOT 535 KOOTENAY DISTRICT PLAN 579 EXCEPT PARCEL A (SEE 150565I)","Folio":"22900243000","FullAddress":"2058 SPOKANE ST , ROSSLAND","apt_no":null,"street_no":"2058","street_direction_prefix":null,"street_name":"SPOKANE ST","street_direction_suffix":null,"postal_code":null,"city":"ROSSLAND","province":"BC","AddressID":"A000018P3F","TempKey":"F756C3A9-72D7-4255-9623-8469F9BFE823A000018P3F","GlobalID":"{C30270B2-37BF-453A-A978-4E30A3CB8F31}","Shape__Area":3.328680255300001e-8,"Shape__Length":0.0009733090329210491}},{"type":"Feature","geometry":{"type":"Polygon","coordinates":[[[-118.442367,49.034312],[-118.442355,49.034294],[-118.442245,49.034114],[-118.442201,49.034043],[-118.442329,49.034009],[-118.442378,49.03409],[-118.442516,49.034314],[-118.44245,49.034332],[-118.442367,49.034312]]]},"properties":{"OBJECTID":18905,"PMBCParcelGUID":"{672B4DFA-C71D-4696-A09E-846D14D47A27}","PMBC_PID":4213661,"PMBC_PIN":4213661,"PMBC_ParcelClass":"SUBDIVISION","PMBC_OwnerType":"PRIVATE","PMBC_LegalDescription":"LOT 1 BLOCK 26 DISTRICT LOT 108 SIMILKAMEEN DIVISION YALE DISTRICT PLAN 23 EXCEPT PLAN ATTACHED TO DD 1931","Folio":"21000206000","FullAddress":"525 75TH AVE , GRAND FORKS","apt_no":null,"street_no":"525","street_direction_prefix":null,"street_name":"75TH AVE","street_direction_suffix":null,"postal_code":null,"city":"GRAND FORKS","province":"BC","AddressID":"A00000H6VX","TempKey":"672B4DFA-C71D-4696-A09E-846D14D47A27A00000H6VX","GlobalID":"{65FB5AE1-B60B-4506-91B6-1D7FDAEDE05D}","Shape__Area":4.379732144500001e-8,"Shape__Length":0.0009589390203193048}},{"type":"Feature","geometry":{"type":"Polygon","coordinates":[[[-118.771108,49.00797],[-118.771002,49.007971],[-118.770997,49.00767],[-118.771103,49.007669],[-118.771108,49.00797]]]},"properties":{"OBJECTID":18906,"PMBCParcelGUID":"{772CDD33-CB11-46C7-BDC9-8471E26A03C6}","PMBC_PID":13058240,"PMBC_PIN":13058240,"PMBC_ParcelClass":"SUBDIVISION","PMBC_OwnerType":"PRIVATE","PMBC_LegalDescription":"LOT 24 BLOCK 50 DISTRICT LOT 501 SIMILKAMEEN DIVISION YALE DISTRICT PLAN 3","Folio":"54700145020","FullAddress":"550 HAYNES ST , MIDWAY","apt_no":null,"street_no":"550","street_direction_prefix":null,"street_name":"HAYNES ST","street_direction_suffix":null,"postal_code":null,"city":"MIDWAY","province":"BC","AddressID":"A00000HVJQ","TempKey":"772CDD33-CB11-46C7-BDC9-8471E26A03C6A00000HVJQ","GlobalID":"{B37BC7F4-8274-4F4D-8B97-4BA7905A97C4}","Shape__Area":3.181499647350001e-8,"Shape__Length":0.0008139242655017882}},{"type":"Feature","geometry":{"type":"Polygon","coordinates":[[[-117.726807,49.09804],[-117.726693,49.098027],[-117.726784,49.097737],[-117.726901,49.097736],[-117.726807,49.09804]]]},"properties":{"OBJECTID":18907,"PMBCParcelGUID":"{18F2A6E0-21F4-46C7-B6D7-8472CA1AA786}","PMBC_PID":15652386,"PMBC_PIN":15652386,"PMBC_ParcelClass":"SUBDIVISION","PMBC_OwnerType":"PRIVATE","PMBC_LegalDescription":"LOT 3 BLOCK 18 DISTRICT LOT 1073 KOOTENAY DISTRICT PLAN 1645","Folio":"23201290000","FullAddress":"250 COLEMAN ST , TRAIL","apt_no":null,"street_no":"250","street_direction_prefix":null,"street_name":"COLEMAN ST","street_direction_suffix":null,"postal_code":"V1R 3L9","city":"TRAIL","province":"BC","AddressID":"A000018RXS","TempKey":"18F2A6E0-21F4-46C7-B6D7-8472CA1AA786A000018RXS","GlobalID":"{59205DCB-C5AE-4E12-B3A8-8F321290936A}","Shape__Area":3.479816890000001e-8,"Shape__Length":0.0008540106076595205}},{"type":"Feature","geometry":{"type":"Polygon","coordinates":[[[-118.6751,49.091081],[-118.675537,49.091078],[-118.675539,49.091215],[-118.675102,49.091217],[-118.6751,49.091081]]]},"properties":{"OBJECTID":18908,"PMBCParcelGUID":"{3E171A53-B2EE-48D4-915E-8472F2BDB3C2}","PMBC_PID":12874248,"PMBC_PIN":12874248,"PMBC_ParcelClass":"SUBDIVISION","PMBC_OwnerType":"LOCAL GOVERNMENT","PMBC_LegalDescription":"LOT 1 OF THE EAST 1/2 OF BLOCK 3 DISTRICT LOT 711 SIMILKAMEEN DIVISION YALE DISTRICT PLAN 34","Folio":"21100140000","FullAddress":"S KIMBERLEY AVE , GREENWOOD","apt_no":null,"street_no":null,"street_direction_prefix":"S","street_name":"KIMBERLEY AVE","street_direction_suffix":null,"postal_code":"V0H 1J0","city":"GREENWOOD","province":"BC","AddressID":"A00000H9JT","TempKey":"3E171A53-B2EE-48D4-915E-8472F2BDB3C2A00000H9JT","GlobalID":"{5C7FFDF7-720B-4B53-8A1B-898D17A8EE8A}","Shape__Area":5.985748962600001e-8,"Shape__Length":0.0011484756236271297}},{"type":"Feature","geometry":{"type":"Polygon","coordinates":[[[-117.726325,49.09878],[-117.726186,49.098753],[-117.726254,49.098531],[-117.7264,49.098536],[-117.726325,49.09878]]]},"properties":{"OBJECTID":18909,"PMBCParcelGUID":"{A9E65F54-3863-4642-9A1E-8478FD93FDF5}","PMBC_PID":6832458,"PMBC_PIN":6832458,"PMBC_ParcelClass":"SUBDIVISION","PMBC_OwnerType":"PRIVATE","PMBC_LegalDescription":"PARCEL A (SEE 190672I) OF LOT 16 BLOCK 17 DISTRICT LOT 1073 KOOTENAY DISTRICT PLAN 1645","Folio":"23201288000","FullAddress":"242 BINNS ST , TRAIL","apt_no":null,"street_no":"242","street_direction_prefix":null,"street_name":"BINNS ST","street_direction_suffix":null,"postal_code":"V1R 3K8","city":"TRAIL","province":"BC","AddressID":"A000018RXQ","TempKey":"A9E65F54-3863-4642-9A1E-8478FD93FDF5A000018RXQ","GlobalID":"{9BF319D3-F5F9-40E8-BBC2-2AA6459ADB9D}","Shape__Area":3.4369360673000007e-8,"Shape__Length":0.0007749723785740014}},{"type":"Feature","geometry":{"type":"Polygon","coordinates":[[[-118.465996,49.036169],[-118.465495,49.036169],[-118.465495,49.035964],[-118.466,49.035963],[-118.465996,49.036169]]]},"properties":{"OBJECTID":18910,"PMBCParcelGUID":"{350EF321-F1D7-427D-8B19-8485BC78AC46}","PMBC_PID":3514030,"PMBC_PIN":3514030,"PMBC_ParcelClass":"SUBDIVISION","PMBC_OwnerType":"PRIVATE","PMBC_LegalDescription":"LOT 2 DISTRICT LOT 520 SIMILKAMEEN DIVISION YALE DISTRICT PLAN 32125","Folio":"21001087250","FullAddress":"8099 19TH ST , GRAND FORKS","apt_no":null,"street_no":"8099","street_direction_prefix":null,"street_name":"19TH ST","street_direction_suffix":null,"postal_code":"V0H 1H2","city":"GRAND FORKS","province":"BC","AddressID":"A00000H8CV","TempKey":"350EF321-F1D7-427D-8B19-8485BC78AC46A00000H8CV","GlobalID":"{B25BBF66-951E-40CA-A4F7-5F4DE2A93516}","Shape__Area":1.0361222617200002e-7,"Shape__Length":0.0014185806463092962}},{"type":"Feature","geometry":{"type":"Polygon","coordinates":[[[-118.601048,49.099052],[-118.600975,49.099008],[-118.601239,49.098817],[-118.601312,49.09886],[-118.601048,49.099052]]]},"properties":{"OBJECTID":18911,"PMBCParcelGUID":"{787E8E86-6EF1-4247-B2F3-84867BF273CE}","PMBC_PID":12393291,"PMBC_PIN":12393291,"PMBC_ParcelClass":"SUBDIVISION","PMBC_OwnerType":"PRIVATE","PMBC_LegalDescription":"LOT 15 BLOCK M DISTRICT LOT 981 SIMILKAMEEN DIVISION YALE DISTRICT PLAN 281","Folio":"71203516430","FullAddress":"","apt_no":null,"street_no":null,"street_direction_prefix":null,"street_name":null,"street_direction_suffix":null,"postal_code":null,"city":null,"province":"BC","AddressID":"D00000H41X","TempKey":"787E8E86-6EF1-4247-B2F3-84867BF273CED00000H41X","GlobalID":"{0C6FFB55-2B56-4773-B95A-258FD0B9DBAB}","Shape__Area":2.5411740689500005e-8,"Shape__Length":0.0008219340518056684}},{"type":"Feature","geometry":{"type":"Polygon","coordinates":[[[-118.507818,49.005587],[-118.509195,49.005588],[-118.509217,49.006284],[-118.507799,49.006276],[-118.507818,49.005587]]]},"properties":{"OBJECTID":18912,"PMBCParcelGUID":"{98B39A90-C8D4-47B7-AD97-8487123E8E56}","PMBC_PID":6632963,"PMBC_PIN":6632963,"PMBC_ParcelClass":"SUBDIVISION","PMBC_OwnerType":"PRIVATE","PMBC_LegalDescription":"LOT 1 DISTRICT LOT 497 SIMILKAMEEN DIVISION YALE DISTRICT PLAN 19831","Folio":"71202970150","FullAddress":"5295 CORYELL RD , GRAND FORKS","apt_no":null,"street_no":"5295","street_direction_prefix":null,"street_name":"CORYELL RD","street_direction_suffix":null,"postal_code":"V0H 1H5","city":"GRAND FORKS","province":"BC","AddressID":"A00000J3LG","TempKey":"98B39A90-C8D4-47B7-AD97-8487123E8E56A00000J3LG","GlobalID":"{25B56C4D-A40E-42BB-9C45-618A1E0D3D7C}","Shape__Area":9.672553413080002e-7,"Shape__Length":0.004180055588644753}},{"type":"Feature","geometry":{"type":"Polygon","coordinates":[[[-117.544133,49.11628],[-117.5443,49.1162],[-117.544669,49.116528],[-117.544502,49.116611],[-117.544133,49.11628]]]},"properties":{"OBJECTID":18913,"PMBCParcelGUID":"{21B3F9EC-49CC-48AA-81C7-8489093C4B7B}","PMBC_PID":16032209,"PMBC_PIN":16032209,"PMBC_ParcelClass":"SUBDIVISION","PMBC_OwnerType":"PRIVATE","PMBC_LegalDescription":"LOT 6 BLOCK I DISTRICT LOT 1236 KOOTENAY DISTRICT PLAN 785C","Folio":"52100054010","FullAddress":"1939 EASTVIEW ST , FRUITVALE","apt_no":null,"street_no":"1939","street_direction_prefix":null,"street_name":"EASTVIEW ST","street_direction_suffix":null,"postal_code":null,"city":"FRUITVALE","province":"BC","AddressID":"A000018X89","TempKey":"21B3F9EC-49CC-48AA-81C7-8489093C4B7BA000018X89","GlobalID":"{35FBD2ED-9E5D-4D06-89A0-BDB32CF7624C}","Shape__Area":8.532800889200002e-8,"Shape__Length":0.0013615434273448784}},{"type":"Feature","geometry":{"type":"Polygon","coordinates":[[[-117.670796,49.098268],[-117.670901,49.098267],[-117.671005,49.098267],[-117.671014,49.098551],[-117.670804,49.098552],[-117.670796,49.098268]]]},"properties":{"OBJECTID":18914,"PMBCParcelGUID":"{1186453B-3456-4804-B2C0-848D71615883}","PMBC_PID":15298493,"PMBC_PIN":15298493,"PMBC_ParcelClass":"SUBDIVISION","PMBC_OwnerType":"PRIVATE","PMBC_LegalDescription":"LOT 24 BLOCK 4 DISTRICT LOT 4598 KOOTENAY DISTRICT PLAN 2551","Folio":"23203582000","FullAddress":"3364 DAHLIA CRES , TRAIL","apt_no":null,"street_no":"3364","street_direction_prefix":null,"street_name":"DAHLIA CRES","street_direction_suffix":null,"postal_code":"V1R 2X9","city":"TRAIL","province":"BC","AddressID":"A000018TXG","TempKey":"1186453B-3456-4804-B2C0-848D71615883A000018TXG","GlobalID":"{8768D88A-2DA4-4E51-A180-53D4597AF40C}","Shape__Area":5.944916403350001e-8,"Shape__Length":0.0009870123506439525}},{"type":"Feature","geometry":{"type":"Polygon","coordinates":[[[-117.697342,49.092485],[-117.697045,49.092486],[-117.697024,49.092486],[-117.697022,49.092212],[-117.697339,49.092211],[-117.697341,49.092471],[-117.697342,49.092485]]]},"properties":{"OBJECTID":18915,"PMBCParcelGUID":"{E9FE765B-C7C0-4977-B5EC-848DC6A939E4}","PMBC_PID":15858197,"PMBC_PIN":15858197,"PMBC_ParcelClass":"SUBDIVISION","PMBC_OwnerType":"PRIVATE","PMBC_LegalDescription":"PARCEL A (SEE 23784I) OF LOT 1 DISTRICT LOT 4598 KOOTENAY DISTRICT PLAN 1276","Folio":"23201625025","FullAddress":"TOPPING ST , TRAIL","apt_no":null,"street_no":null,"street_direction_prefix":null,"street_name":"TOPPING ST","street_direction_suffix":null,"postal_code":"V1R 4G6","city":"TRAIL","province":"BC","AddressID":"A000018S74","TempKey":"E9FE765B-C7C0-4977-B5EC-848DC6A939E4A000018S74","GlobalID":"{D1FCB3D1-F7B5-47A6-BEFF-211D23464EC2}","Shape__Area":8.695409003300003e-8,"Shape__Length":0.0011826606898457624}},{"type":"Feature","geometry":{"type":"Polygon","coordinates":[[[-118.675681,49.102772],[-118.675683,49.102909],[-118.675245,49.102912],[-118.675243,49.102775],[-118.675681,49.102772]]]},"properties":{"OBJECTID":18916,"PMBCParcelGUID":"{CFEDD7E8-B11C-46F2-8FF5-8490AA366ED2}","PMBC_PID":12536539,"PMBC_PIN":12536539,"PMBC_ParcelClass":"SUBDIVISION","PMBC_OwnerType":"PRIVATE","PMBC_LegalDescription":"LOT 10 BLOCK 55 DISTRICT LOT 711 SIMILKAMEEN DIVISION YALE DISTRICT PLAN 70","Folio":"21100338020","FullAddress":"645 N KIMBERLEY AVE , GREENWOOD","apt_no":null,"street_no":"645","street_direction_prefix":"N","street_name":"KIMBERLEY AVE","street_direction_suffix":null,"postal_code":"V0H 1J0","city":"GREENWOOD","province":"BC","AddressID":"A00000H9UY","TempKey":"CFEDD7E8-B11C-46F2-8FF5-8490AA366ED2A00000H9UY","GlobalID":"{1BA4FFDE-1428-44D6-80C8-D73219044DB5}","Shape__Area":6.000846052650001e-8,"Shape__Length":0.0011500590348657782}},{"type":"Feature","geometry":{"type":"Polygon","coordinates":[[[-118.439603,49.041131],[-118.439947,49.040939],[-118.44006,49.041027],[-118.439716,49.041219],[-118.439603,49.041131]]]},"properties":{"OBJECTID":18917,"PMBCParcelGUID":"{BFC24E5D-0A47-45FD-8217-8499C62EBADE}","PMBC_PID":12704113,"PMBC_PIN":12704113,"PMBC_ParcelClass":"SUBDIVISION","PMBC_OwnerType":"PRIVATE","PMBC_LegalDescription":"LOT 6 BLOCK 10 DISTRICT LOT 585 SIMILKAMEEN DIVISION YALE DISTRICT PLAN 52","Folio":"21000512035","FullAddress":"8087 RIVERSIDE DR , GRAND FORKS","apt_no":null,"street_no":"8087","street_direction_prefix":null,"street_name":"RIVERSIDE DR","street_direction_suffix":null,"postal_code":null,"city":"GRAND FORKS","province":"BC","AddressID":"A00000H7AQ","TempKey":"BFC24E5D-0A47-45FD-8217-8499C62EBADEA00000H7AQ","GlobalID":"{AB07E3EF-7440-4EDB-9508-CB9A33E473BE}","Shape__Area":5.185616235600001e-8,"Shape__Length":0.0010738983976975108}},{"type":"Feature","geometry":{"type":"Polygon","coordinates":[[[-118.596736,49.100792],[-118.596782,49.100603],[-118.596948,49.10062],[-118.596909,49.100782],[-118.596822,49.100786],[-118.596736,49.100792]]]},"properties":{"OBJECTID":18918,"PMBCParcelGUID":"{8DD173AE-A732-4ABE-A5C1-849BA7378C75}","PMBC_PID":12267104,"PMBC_PIN":12267104,"PMBC_ParcelClass":"SUBDIVISION","PMBC_OwnerType":"PRIVATE","PMBC_LegalDescription":"LOT 2 BLOCK 1 DISTRICT LOT 921 SIMILKAMEEN DIVISION YALE DISTRICT PLAN 184","Folio":"71204225305","FullAddress":"","apt_no":null,"street_no":null,"street_direction_prefix":null,"street_name":null,"street_direction_suffix":null,"postal_code":null,"city":null,"province":"BC","AddressID":"D00000FRVV","TempKey":"8DD173AE-A732-4ABE-A5C1-849BA7378C75D00000FRVV","GlobalID":"{59BD1098-45F6-4C6E-9646-28826566AF36}","Shape__Area":2.984500980200001e-8,"Shape__Length":0.000701822291717291}},{"type":"Feature","geometry":{"type":"Polygon","coordinates":[[[-118.3547,49.55355],[-118.354733,49.55347],[-118.35514,49.553541],[-118.355108,49.55362],[-118.3547,49.55355]]]},"properties":{"OBJECTID":18919,"PMBCParcelGUID":"{30C2F912-F940-4F10-9D19-849BC8303C8A}","PMBC_PID":12530131,"PMBC_PIN":12530131,"PMBC_ParcelClass":"SUBDIVISION","PMBC_OwnerType":"CROWN PROVINCIAL","PMBC_LegalDescription":"LOT 18 BLOCK 9 DISTRICT LOT 3672 SIMILKAMEEN DIVISION YALE DISTRICT PLAN 323","Folio":"71207205264","FullAddress":"","apt_no":null,"street_no":null,"street_direction_prefix":null,"street_name":null,"street_direction_suffix":null,"postal_code":null,"city":null,"province":"BC","AddressID":"D00000GBPQ","TempKey":"30C2F912-F940-4F10-9D19-849BC8303C8AD00000GBPQ","GlobalID":"{04499E47-F237-4D95-955A-09FDDE41E7BB}","Shape__Area":3.465175267650001e-8,"Shape__Length":0.0009983135500166492}},{"type":"Feature","geometry":{"type":"Polygon","coordinates":[[[-117.56136,49.099209],[-117.561698,49.098852],[-117.562138,49.099032],[-117.562525,49.099432],[-117.562354,49.099615],[-117.56136,49.099209]]]},"properties":{"OBJECTID":18920,"PMBCParcelGUID":"{557381E9-3ABE-4D44-8901-849BF5DD6E70}","PMBC_PID":27296008,"PMBC_PIN":27296008,"PMBC_ParcelClass":"SUBDIVISION","PMBC_OwnerType":"PRIVATE","PMBC_LegalDescription":"LOT B DISTRICT LOT 1236 KOOTENAY DISTRICT PLAN NEP85257","Folio":"52100365100","FullAddress":"1480 HIGHWAY 3B , FRUITVALE","apt_no":null,"street_no":"1480","street_direction_prefix":null,"street_name":"HIGHWAY 3B","street_direction_suffix":null,"postal_code":"V0G 1L1","city":"FRUITVALE","province":"BC","AddressID":"D000003WY5","TempKey":"557381E9-3ABE-4D44-8901-849BF5DD6E70D000003WY5","GlobalID":"{F0B1F9B9-5DA0-44F9-8D8A-E9AF373A12FC}","Shape__Area":4.250364422650001e-7,"Shape__Length":0.0028497870062592205}},{"type":"Feature","geometry":{"type":"Polygon","coordinates":[[[-118.68064,49.087822],[-118.680726,49.087726],[-118.680817,49.087631],[-118.680912,49.087538],[-118.682066,49.086334],[-118.681917,49.086758],[-118.680887,49.087797],[-118.68064,49.087822]]]},"properties":{"OBJECTID":18921,"PMBCParcelGUID":"{0393AE2B-1B7C-4C51-BC1B-84A17499EF12}","PMBC_PID":12682900,"PMBC_PIN":12682900,"PMBC_ParcelClass":"SUBDIVISION","PMBC_OwnerType":"CROWN PROVINCIAL","PMBC_LegalDescription":"THAT PART BLOCK J SHOWN RED ON PLAN B8332 DISTRICT LOT 601 SIMILKAMEEN DIVISION YALE DISTRICT PLAN 64","Folio":"21100492090","FullAddress":", GREENWOOD","apt_no":null,"street_no":null,"street_direction_prefix":null,"street_name":null,"street_direction_suffix":null,"postal_code":null,"city":"GREENWOOD","province":"BC","AddressID":"D00000GTZ6","TempKey":"0393AE2B-1B7C-4C51-BC1B-84A17499EF12D00000GTZ6","GlobalID":"{D6C90232-B9ED-4BA7-8F8E-635C583A58B8}","Shape__Area":3.0796028710350006e-7,"Shape__Length":0.004223043936242128}},{"type":"Feature","geometry":{"type":"Polygon","coordinates":[[[-118.779858,49.009737],[-118.779851,49.009366],[-118.780062,49.009363],[-118.780068,49.009737],[-118.779858,49.009737]]]},"properties":{"OBJECTID":18922,"PMBCParcelGUID":"{7A3E53CF-5C24-4F64-86A7-84A31EE24FC7}","PMBC_PID":12842826,"PMBC_PIN":12842826,"PMBC_ParcelClass":"SUBDIVISION","PMBC_OwnerType":"PRIVATE","PMBC_LegalDescription":"LOT 9 BLOCK 17 DISTRICT LOT 501 SIMILKAMEEN DIVISION YALE DISTRICT PLAN 3","Folio":"54700012000","FullAddress":"719 NINTH AVE , MIDWAY","apt_no":null,"street_no":"719","street_direction_prefix":null,"street_name":"NINTH AVE","street_direction_suffix":null,"postal_code":null,"city":"MIDWAY","province":"BC","AddressID":"A00000HVB8","TempKey":"7A3E53CF-5C24-4F64-86A7-84A31EE24FC7A00000HVB8","GlobalID":"{45D12277-3C93-4AD9-BC38-58784ED13048}","Shape__Area":7.851357507800003e-8,"Shape__Length":0.0011666838947747419}},{"type":"Feature","geometry":{"type":"Polygon","coordinates":[[[-117.7354,49.097644],[-117.735762,49.097509],[-117.735804,49.097556],[-117.735441,49.097691],[-117.7354,49.097644]]]},"properties":{"OBJECTID":18923,"PMBCParcelGUID":"{A4C0ADC2-5D1A-4A65-BEEF-84A623A4B464}","PMBC_PID":5378516,"PMBC_PIN":5378516,"PMBC_ParcelClass":"SUBDIVISION","PMBC_OwnerType":"PRIVATE","PMBC_LegalDescription":"PARCEL A (SEE 45700I) LOT 7 DISTRICT LOT 4597 KOOTENAY DISTRICT PLAN 1918","Folio":"58800432000","FullAddress":"628 TURNER ST , WARFIELD","apt_no":null,"street_no":"628","street_direction_prefix":null,"street_name":"TURNER ST","street_direction_suffix":null,"postal_code":"V1R 2P9","city":"WARFIELD","province":"BC","AddressID":"A0000192US","TempKey":"A4C0ADC2-5D1A-4A65-BEEF-84A623A4B464A0000192US","GlobalID":"{68BD8F5F-0D17-4922-B4A9-A90324617781}","Shape__Area":2.2857976875000007e-8,"Shape__Length":0.0009002138558494565}},{"type":"Feature","geometry":{"type":"MultiPolygon","coordinates":[[[[-118.84465,49.036288],[-118.844732,49.047106],[-118.833742,49.047184],[-118.833632,49.047185],[-118.833502,49.047185],[-118.833473,49.035659],[-118.837625,49.035395],[-118.84465,49.036288]]],[[[-118.844608,49.032742],[-118.844647,49.03591],[-118.837716,49.035024],[-118.833468,49.035295],[-118.833449,49.032765],[-118.844608,49.032742]]]]},"properties":{"OBJECTID":18924,"PMBCParcelGUID":"{C34B855B-CAF1-41C7-AE95-84A7126CE600}","PMBC_PID":14881730,"PMBC_PIN":14881730,"PMBC_ParcelClass":"SUBDIVISION","PMBC_OwnerType":"CROWN PROVINCIAL","PMBC_LegalDescription":"DISTRICT LOT 849 SIMLKAMEEN DIVISION YALE DISTRICT EXCEPT THAT PART SHOWN RED ON PLAN CG2050","Folio":"71304140500","FullAddress":"","apt_no":null,"street_no":null,"street_direction_prefix":null,"street_name":null,"street_direction_suffix":null,"postal_code":null,"city":null,"province":"BC","AddressID":"D00000EVD1","TempKey":"C34B855B-CAF1-41C7-AE95-84A7126CE600D00000EVD1","GlobalID":"{3425A397-D731-42CF-A292-19C72C630DE4}","Shape__Area":0.00015692788190675654,"Shape__Length":0.07291817799490553}},{"type":"Feature","geometry":{"type":"Polygon","coordinates":[[[-117.797464,49.078948],[-117.797434,49.079221],[-117.797309,49.079215],[-117.797339,49.078942],[-117.797464,49.078948]]]},"properties":{"OBJECTID":18925,"PMBCParcelGUID":"{2AE571F1-53F2-44FC-B724-84A8134597D7}","PMBC_PID":16199715,"PMBC_PIN":16199715,"PMBC_ParcelClass":"SUBDIVISION","PMBC_OwnerType":"PRIVATE","PMBC_LegalDescription":"LOT 27 BLOCK 20 SECTION 35 TOWNSHIP 9A KOOTENAY DISTRICT PLAN 616","Folio":"22900695000","FullAddress":"2155 SECOND AVE , ROSSLAND","apt_no":null,"street_no":"2155","street_direction_prefix":null,"street_name":"SECOND AVE","street_direction_suffix":null,"postal_code":null,"city":"ROSSLAND","province":"BC","AddressID":"A000018PPD","TempKey":"2AE571F1-53F2-44FC-B724-84A8134597D7A000018PPD","GlobalID":"{276438FA-241B-4542-81EA-565A4CF98929}","Shape__Area":3.424567258300001e-8,"Shape__Length":0.0007989452050106223}},{"type":"Feature","geometry":{"type":"Polygon","coordinates":[[[-118.673073,49.099691],[-118.672572,49.099694],[-118.67257,49.099488],[-118.673071,49.099486],[-118.673073,49.099691]]]},"properties":{"OBJECTID":18926,"PMBCParcelGUID":"{BD35EDA5-DD3A-44DD-8B56-84AD7F848993}","PMBC_PID":27160173,"PMBC_PIN":27160173,"PMBC_ParcelClass":"SUBDIVISION","PMBC_OwnerType":"PRIVATE","PMBC_LegalDescription":"LOT 7 DISTRICT LOT 711 SIMILKAMEEN DIVISION YALE DISTRICT PLAN KAP84502","Folio":"21100319035","FullAddress":"454 PONDEROSA AVE , GREENWOOD","apt_no":null,"street_no":"454","street_direction_prefix":null,"street_name":"PONDEROSA AVE","street_direction_suffix":null,"postal_code":"V0H 1J0","city":"GREENWOOD","province":"BC","AddressID":"D000003DVP","TempKey":"BD35EDA5-DD3A-44DD-8B56-84AD7F848993D000003DVP","GlobalID":"{1D60B1D5-BDC1-4453-8AF4-610F3F58E6D4}","Shape__Area":1.0312142314900003e-7,"Shape__Length":0.00141403879739844}},{"type":"Feature","geometry":{"type":"Polygon","coordinates":[[[-118.464123,49.020887],[-118.46422,49.020889],[-118.464112,49.020976],[-118.463978,49.020974],[-118.464123,49.020887]]]},"properties":{"OBJECTID":18927,"PMBCParcelGUID":"{1C462CD0-55C6-4340-B8A1-84ADE4E8860E}","PMBC_PID":12348104,"PMBC_PIN":12348104,"PMBC_ParcelClass":"SUBDIVISION","PMBC_OwnerType":"LOCAL GOVERNMENT","PMBC_LegalDescription":"THAT PART LOT 8 SHOWN ON PLAN DD 63404F BLOCK 19 DISTRICT LOT 533 SIMILKAMEEN DIVISION YALE DISTRICT PLAN 69 EXCEPT PLAN KAP76970","Folio":"21001105035","FullAddress":"67TH AVE , GRAND FORKS","apt_no":null,"street_no":null,"street_direction_prefix":null,"street_name":"67TH AVE","street_direction_suffix":null,"postal_code":null,"city":"GRAND FORKS","province":"BC","AddressID":"A00000H8FV","TempKey":"1C462CD0-55C6-4340-B8A1-84ADE4E8860EA00000H8FV","GlobalID":"{6D117B0D-D12B-42F7-9F05-C27581D39666}","Shape__Area":1.0166337506500003e-8,"Shape__Length":0.0005383792425879117}},{"type":"Feature","geometry":{"type":"Polygon","coordinates":[[[-118.679585,49.10882],[-118.680003,49.108818],[-118.680006,49.108914],[-118.679588,49.108916],[-118.679585,49.10882]]]},"properties":{"OBJECTID":18928,"PMBCParcelGUID":"{8C38923C-AA88-42D1-A2A7-84B6B5FF5F6B}","PMBC_PID":12520136,"PMBC_PIN":12520136,"PMBC_ParcelClass":"SUBDIVISION","PMBC_OwnerType":"PRIVATE","PMBC_LegalDescription":"LOT 4 BLOCK 10 DISTRICT LOT 818 SIMILKAMEEN DIVISION YALE DISTRICT PLAN 62","Folio":"71304124001","FullAddress":"925 COPPER AVE N","apt_no":null,"street_no":"925","street_direction_prefix":null,"street_name":"COPPER AVE","street_direction_suffix":"N","postal_code":null,"city":null,"province":"BC","AddressID":"A00000J7XB","TempKey":"8C38923C-AA88-42D1-A2A7-84B6B5FF5F6BA00000J7XB","GlobalID":"{08634919-588A-49A7-9833-19D9BCF65544}","Shape__Area":4.002740445200001e-8,"Shape__Length":0.0010271209652232558}},{"type":"Feature","geometry":{"type":"Polygon","coordinates":[[[-118.916,49.722295],[-118.916123,49.722152],[-118.916575,49.722316],[-118.916816,49.722403],[-118.91668,49.72256],[-118.91618,49.722379],[-118.916031,49.722325],[-118.915988,49.722309],[-118.916,49.722295]]]},"properties":{"OBJECTID":18929,"PMBCParcelGUID":"{2FE27D91-742B-4D11-B93C-84B87F7F3308}","PMBC_PID":32406746,"PMBC_PIN":32406746,"PMBC_ParcelClass":"SUBDIVISION","PMBC_OwnerType":"PRIVATE","PMBC_LegalDescription":"LOT 5 DISTRICT LOT 4257 SIMILKAMEEN DIVISION YALE DISTRICT PLAN EPP142036","Folio":"71310293305","FullAddress":"BLACK FOREST WAY , BIG WHITE","apt_no":null,"street_no":null,"street_direction_prefix":null,"street_name":"BLACK FOREST WAY","street_direction_suffix":null,"postal_code":null,"city":"BIG WHITE","province":"BC","AddressID":"J00003BQZQ","TempKey":"2FE27D91-742B-4D11-B93C-84B87F7F3308J00003BQZQ","GlobalID":"{C983549C-E31F-4082-B22B-CBAE525D3779}","Shape__Area":1.4261058470650005e-7,"Shape__Length":0.001887768844709828}},{"type":"Feature","geometry":{"type":"Polygon","coordinates":[[[-118.199866,49.017748],[-118.199156,49.017752],[-118.199154,49.017652],[-118.198224,49.017656],[-118.198048,49.017657],[-118.198027,49.017553],[-118.198006,49.017409],[-118.197966,49.017287],[-118.197921,49.017182],[-118.197835,49.016999],[-118.198044,49.016998],[-118.199898,49.016988],[-118.199906,49.017747],[-118.199866,49.017748]]]},"properties":{"OBJECTID":18930,"PMBCParcelGUID":"{9E5B68BC-6A06-42D5-88C3-84B96DC5607A}","PMBC_PID":25183303,"PMBC_PIN":25183303,"PMBC_ParcelClass":"SUBDIVISION","PMBC_OwnerType":"PRIVATE","PMBC_LegalDescription":"LOT 2 DISTRICT LOT 269 SIMILKAMEEN DIVISION YALE DISTRICT PLAN KAP70188","Folio":"71202386020","FullAddress":"5TH ST , GRAND FORKS","apt_no":null,"street_no":null,"street_direction_prefix":null,"street_name":"5TH ST","street_direction_suffix":null,"postal_code":null,"city":"GRAND FORKS","province":"BC","AddressID":"A00000J2Y2","TempKey":"9E5B68BC-6A06-42D5-88C3-84B96DC5607AA00000J2Y2","GlobalID":"{FA114CB9-964B-44A6-9BBB-B67D21BA1427}","Shape__Area":0.0000013537370251375003,"Shape__Length":0.00547487654213843}},{"type":"Feature","geometry":{"type":"Polygon","coordinates":[[[-117.805932,49.058721],[-117.80593,49.058338],[-117.80593,49.058319],[-117.806074,49.058294],[-117.806919,49.058718],[-117.806948,49.058823],[-117.805933,49.059117],[-117.805932,49.058721]]]},"properties":{"OBJECTID":18931,"PMBCParcelGUID":"{3FA622B8-E1C4-4422-9373-84B9C37FF111}","PMBC_PID":14235391,"PMBC_PIN":14235391,"PMBC_ParcelClass":"SUBDIVISION","PMBC_OwnerType":"PRIVATE","PMBC_LegalDescription":"LOT A TOWNSHIP 9A KOOTENAY DISTRICT PLAN 6147","Folio":"71110946030","FullAddress":"705 DRAKE'S RD , ROSSLAND","apt_no":null,"street_no":"705","street_direction_prefix":null,"street_name":"DRAKE'S RD","street_direction_suffix":null,"postal_code":"V0G 1Y0","city":"ROSSLAND","province":"BC","AddressID":"A000019NNH","TempKey":"3FA622B8-E1C4-4422-9373-84B9C37FF111A000019NNH","GlobalID":"{E285B3B7-2B02-4C36-87BC-3978D273145C}","Shape__Area":4.928522007710001e-7,"Shape__Length":0.0030551096426293064}},{"type":"Feature","geometry":{"type":"Polygon","coordinates":[[[-117.716436,49.096013],[-117.716562,49.095795],[-117.716584,49.095757],[-117.716658,49.095775],[-117.716637,49.095809],[-117.7165,49.096029],[-117.716436,49.096013]]]},"properties":{"OBJECTID":18932,"PMBCParcelGUID":"{2893ED54-54F0-46A3-9BDB-84BCE4C62F09}","PMBC_PID":10629301,"PMBC_PIN":10629301,"PMBC_ParcelClass":"SUBDIVISION","PMBC_OwnerType":"PRIVATE","PMBC_LegalDescription":"PARCEL B (SEE 39320I) OF LOT 28 BLOCK 65 DISTRICT LOT 230 KOOTENAY DISTRICT PLAN 1119","Folio":"23200833000","FullAddress":"948 GLOVER RD , TRAIL","apt_no":null,"street_no":"948","street_direction_prefix":null,"street_name":"GLOVER RD","street_direction_suffix":null,"postal_code":"V1R 3J9","city":"TRAIL","province":"BC","AddressID":"A000018RLR","TempKey":"2893ED54-54F0-46A3-9BDB-84BCE4C62F09A000018RLR","GlobalID":"{43401978-1468-4D96-AF21-63EC96526AB6}","Shape__Area":2.0267480342500005e-8,"Shape__Length":0.0007372228184984891}},{"type":"Feature","geometry":{"type":"Polygon","coordinates":[[[-117.798741,49.080262],[-117.798711,49.080535],[-117.798586,49.080529],[-117.798616,49.080256],[-117.798741,49.080262]]]},"properties":{"OBJECTID":18933,"PMBCParcelGUID":"{D3FA76F0-172A-4090-8808-84C1FDAEAB65}","PMBC_PID":12368890,"PMBC_PIN":12368890,"PMBC_ParcelClass":"SUBDIVISION","PMBC_OwnerType":"PRIVATE","PMBC_LegalDescription":"LOT 9 BLOCK K SECTION 35 TOWNSHIP 9A KOOTENAY DISTRICT PLAN 616","Folio":"22901123000","FullAddress":"2066 THIRD AVE , ROSSLAND","apt_no":null,"street_no":"2066","street_direction_prefix":null,"street_name":"THIRD AVE","street_direction_suffix":null,"postal_code":null,"city":"ROSSLAND","province":"BC","AddressID":"A000018Q3C","TempKey":"D3FA76F0-172A-4090-8808-84C1FDAEAB65A000018Q3C","GlobalID":"{922E0D2F-F7C6-4932-BD35-58A4D6D46726}","Shape__Area":3.426238288050001e-8,"Shape__Length":0.0007992120483905958}},{"type":"Feature","geometry":{"type":"Polygon","coordinates":[[[-117.726306,49.099458],[-117.726333,49.099409],[-117.726446,49.099203],[-117.726647,49.099233],[-117.726603,49.099362],[-117.726515,49.099511],[-117.726306,49.099458]]]},"properties":{"OBJECTID":18934,"PMBCParcelGUID":"{E39E8085-A3D5-4060-8423-84C54A3CC124}","PMBC_PID":27000354,"PMBC_PIN":27000354,"PMBC_ParcelClass":"SUBDIVISION","PMBC_OwnerType":"PRIVATE","PMBC_LegalDescription":"LOT 2 DISTRICT LOT 1073 KOOTENAY DISTRICT PLAN NEP83322","Folio":"23201371300","FullAddress":"185 LEROSE ST , TRAIL","apt_no":null,"street_no":"185","street_direction_prefix":null,"street_name":"LEROSE ST","street_direction_suffix":null,"postal_code":"V1R 3L7","city":"TRAIL","province":"BC","AddressID":"D000002NAL","TempKey":"E39E8085-A3D5-4060-8423-84C54A3CC124D000002NAL","GlobalID":"{F0A2C2B7-2148-4C08-8951-AB71984CFACE}","Shape__Area":6.256648450850002e-8,"Shape__Length":0.0010186983962024952}},{"type":"Feature","geometry":{"type":"Polygon","coordinates":[[[-118.511866,49.014712],[-118.513929,49.014707],[-118.513929,49.015545],[-118.513929,49.016357],[-118.511866,49.016358],[-118.511866,49.014712]]]},"properties":{"OBJECTID":18935,"PMBCParcelGUID":"{75BAA808-8BDF-48A3-86A2-84C57814929E}","PMBC_PID":9845275,"PMBC_PIN":9845275,"PMBC_ParcelClass":"SUBDIVISION","PMBC_OwnerType":"PRIVATE","PMBC_LegalDescription":"LOT 13 DISTRICT LOT 453 SIMILKAMEEN DIVISION YALE DISTRICT PLAN 8515","Folio":"71203873000","FullAddress":"4885 CANNING RD , GRAND FORKS","apt_no":null,"street_no":"4885","street_direction_prefix":null,"street_name":"CANNING RD","street_direction_suffix":null,"postal_code":"V0H 1H5","city":"GRAND FORKS","province":"BC","AddressID":"A00000J4H4","TempKey":"75BAA808-8BDF-48A3-86A2-84C57814929EA00000J4H4","GlobalID":"{11720AB3-A36D-4AF5-B508-14B6C3EFE568}","Shape__Area":0.0000034012649512460008,"Shape__Length":0.007423569513404777}},{"type":"Feature","geometry":{"type":"Polygon","coordinates":[[[-118.477302,49.03426],[-118.477294,49.033902],[-118.478215,49.033894],[-118.478233,49.034236],[-118.478213,49.034245],[-118.478194,49.034256],[-118.477302,49.03426]]]},"properties":{"OBJECTID":18936,"PMBCParcelGUID":"{013468A9-EA3D-4A03-8DF6-84C6380E113B}","PMBC_PID":8929955,"PMBC_PIN":8929955,"PMBC_ParcelClass":"SUBDIVISION","PMBC_OwnerType":"PRIVATE","PMBC_LegalDescription":"LOT 4 DISTRICT LOT 700 SIMILKAMEEN DIVISION YALE DISTRICT PLAN 14842","Folio":"71203687040","FullAddress":"3195 KOFTINOFF RD , GRAND FORKS","apt_no":null,"street_no":"3195","street_direction_prefix":null,"street_name":"KOFTINOFF RD","street_direction_suffix":null,"postal_code":"V0H 1H2","city":"GRAND FORKS","province":"BC","AddressID":"A00000J4A5","TempKey":"013468A9-EA3D-4A03-8DF6-84C6380E113BA00000J4A5","GlobalID":"{A3F2DDA5-C361-47DA-A295-6B5F90026162}","Shape__Area":3.328730362995001e-7,"Shape__Length":0.002557640349789781}},{"type":"Feature","geometry":{"type":"Polygon","coordinates":[[[-118.353088,49.556335],[-118.353496,49.556405],[-118.353463,49.556485],[-118.353056,49.556414],[-118.353088,49.556337],[-118.353088,49.556335]]]},"properties":{"OBJECTID":18937,"PMBCParcelGUID":"{AAA6C68E-E73B-40B1-86C2-84C791E1A303}","PMBC_PID":12529320,"PMBC_PIN":12529320,"PMBC_ParcelClass":"SUBDIVISION","PMBC_OwnerType":"CROWN PROVINCIAL","PMBC_LegalDescription":"LOT 4 BLOCK 6 DISTRICT LOT 3672 SIMILKAMEEN DIVISION YALE DISTRICT PLAN 323","Folio":"71207205116","FullAddress":"","apt_no":null,"street_no":null,"street_direction_prefix":null,"street_name":null,"street_direction_suffix":null,"postal_code":null,"city":null,"province":"BC","AddressID":"D00000FRCG","TempKey":"AAA6C68E-E73B-40B1-86C2-84C791E1A303D00000FRCG","GlobalID":"{472AE19D-3983-4566-80F3-89D85523EA63}","Shape__Area":3.465433890200001e-8,"Shape__Length":0.000998374393547236}},{"type":"Feature","geometry":{"type":"Polygon","coordinates":[[[-118.454533,49.024078],[-118.455009,49.023896],[-118.45514,49.024045],[-118.454663,49.024227],[-118.454533,49.024078]]]},"properties":{"OBJECTID":18938,"PMBCParcelGUID":"{91EB7A5B-CFAE-4DB1-B4B5-84C8C43AB1AB}","PMBC_PID":9635971,"PMBC_PIN":9635971,"PMBC_ParcelClass":"SUBDIVISION","PMBC_OwnerType":"PRIVATE","PMBC_LegalDescription":"THAT PART OF LOT 14 LYING TO THE SOUTHEAST OF A LINE DRAWN PARALLEL TO AND 62.5 FEET PERPENDICULARLY DISTANT FROM THE NORTHWESTERLY BOUNDARY OF SAID LOT; DISTRICT LOT 380 SIMILKAMEEN DIVISION YALE DISTRICT PLAN 9883","Folio":"21000715010","FullAddress":"6661 17TH ST , GRAND FORKS","apt_no":null,"street_no":"6661","street_direction_prefix":null,"street_name":"17TH ST","street_direction_suffix":null,"postal_code":null,"city":"GRAND FORKS","province":"BC","AddressID":"A00000H7SL","TempKey":"91EB7A5B-CFAE-4DB1-B4B5-84C8C43AB1ABA00000H7SL","GlobalID":"{EEA42319-A5E5-4EB5-A23B-E25962AE695B}","Shape__Area":9.450695794350002e-8,"Shape__Length":0.0014149746420879833}},{"type":"Feature","geometry":{"type":"Polygon","coordinates":[[[-118.675571,49.097772],[-118.675619,49.097772],[-118.67562,49.097841],[-118.67556,49.097841],[-118.675262,49.097843],[-118.675195,49.097844],[-118.675181,49.097844],[-118.67518,49.097775],[-118.675212,49.097775],[-118.675278,49.097774],[-118.675571,49.097772]]]},"properties":{"OBJECTID":18939,"PMBCParcelGUID":"{1EE29528-1065-49F1-AED8-84CBA13C3405}","PMBC_PID":12884197,"PMBC_PIN":12884197,"PMBC_ParcelClass":"SUBDIVISION","PMBC_OwnerType":"PRIVATE","PMBC_LegalDescription":"LOT 20 BLOCK 31 DISTRICT LOT 711 SIMILKAMEEN DIVISION YALE DISTRICT PLAN 34","Folio":"21100249000","FullAddress":"387 N KIMBERLEY AVE , GREENWOOD","apt_no":null,"street_no":"387","street_direction_prefix":"N","street_name":"KIMBERLEY AVE","street_direction_suffix":null,"postal_code":"V0H 1J0","city":"GREENWOOD","province":"BC","AddressID":"A00000H9PW","TempKey":"1EE29528-1065-49F1-AED8-84CBA13C3405A00000H9PW","GlobalID":"{8F872D28-89E7-4626-B753-BF5046263FEB}","Shape__Area":3.006434267300001e-8,"Shape__Length":0.0010142772032690757}},{"type":"Feature","geometry":{"type":"Polygon","coordinates":[[[-117.725734,49.119554],[-117.729901,49.119586],[-117.73025,49.119588],[-117.7304,49.119642],[-117.730778,49.11977],[-117.731341,49.119995],[-117.731624,49.120164],[-117.731748,49.120185],[-117.732087,49.120371],[-117.73085,49.120362],[-117.72572,49.120323],[-117.725734,49.119554]]]},"properties":{"OBJECTID":18940,"PMBCParcelGUID":"{AA43DC59-50F8-44E6-9E9C-84CC46B6A27C}","PMBC_PID":27942830,"PMBC_PIN":27942830,"PMBC_ParcelClass":"SUBDIVISION","PMBC_OwnerType":"PRIVATE","PMBC_LegalDescription":"LOT 65 DISTRICT LOT 367 KOOTENAY DISTRICT PLAN 850","Folio":"23205000550","FullAddress":"SANDPIT RD , TRAIL","apt_no":null,"street_no":null,"street_direction_prefix":null,"street_name":"SANDPIT RD","street_direction_suffix":null,"postal_code":null,"city":"TRAIL","province":"BC","AddressID":"A000018UNB","TempKey":"AA43DC59-50F8-44E6-9E9C-84CC46B6A27CA000018UNB","GlobalID":"{FEF1D016-AE6D-4226-9E6F-6E092ED005E9}","Shape__Area":0.000004244269872532001,"Shape__Length":0.01365930633046423}},{"type":"Feature","geometry":{"type":"Polygon","coordinates":[[[-118.201801,49.018447],[-118.200375,49.017355],[-118.200137,49.017495],[-118.200066,49.017497],[-118.20005,49.016987],[-118.200005,49.013341],[-118.204581,49.013309],[-118.20459,49.01417],[-118.206146,49.014193],[-118.206169,49.015145],[-118.206191,49.016094],[-118.207788,49.016085],[-118.207799,49.016941],[-118.207562,49.016943],[-118.207564,49.017104],[-118.207565,49.017143],[-118.207575,49.017317],[-118.207804,49.017318],[-118.207794,49.017647],[-118.207181,49.017664],[-118.207187,49.017869],[-118.207189,49.018198],[-118.206563,49.018201],[-118.20623,49.018203],[-118.206235,49.018572],[-118.200973,49.018656],[-118.201397,49.018473],[-118.201801,49.018447]]]},"properties":{"OBJECTID":18941,"PMBCParcelGUID":"{9B3E1256-572B-4B2D-88EE-84CF5DD79F12}","PMBC_PID":12858854,"PMBC_PIN":12858854,"PMBC_ParcelClass":"SUBDIVISION","PMBC_OwnerType":"PRIVATE","PMBC_LegalDescription":"PARCEL Z DISTRICT LOTS 269 AND 313 SIMILKAMEEN DIVISION YALE DISTRICT PLAN 8 EXCEPT PLAN KAP72739","Folio":"71200210100","FullAddress":"275 2ND AVE , CHRISTINA LAKE","apt_no":null,"street_no":"275","street_direction_prefix":null,"street_name":"2ND AVE","street_direction_suffix":null,"postal_code":null,"city":"CHRISTINA LAKE","province":"BC","AddressID":"A00000J2LH","TempKey":"9B3E1256-572B-4B2D-88EE-84CF5DD79F12A00000J2LH","GlobalID":"{63B6E3E6-938C-4FAB-BC9D-605EDB18BB80}","Shape__Area":0.000032813786390504505,"Shape__Length":0.02742024337132348}},{"type":"Feature","geometry":{"type":"Polygon","coordinates":[[[-118.201801,49.018447],[-118.200375,49.017355],[-118.200137,49.017495],[-118.200066,49.017497],[-118.20005,49.016987],[-118.200005,49.013341],[-118.204581,49.013309],[-118.20459,49.01417],[-118.206146,49.014193],[-118.206169,49.015145],[-118.206191,49.016094],[-118.207788,49.016085],[-118.207799,49.016941],[-118.207562,49.016943],[-118.207564,49.017104],[-118.207565,49.017143],[-118.207575,49.017317],[-118.207804,49.017318],[-118.207794,49.017647],[-118.207181,49.017664],[-118.207187,49.017869],[-118.207189,49.018198],[-118.206563,49.018201],[-118.20623,49.018203],[-118.206235,49.018572],[-118.200973,49.018656],[-118.201397,49.018473],[-118.201801,49.018447]]]},"properties":{"OBJECTID":18942,"PMBCParcelGUID":"{9B3E1256-572B-4B2D-88EE-84CF5DD79F12}","PMBC_PID":12858854,"PMBC_PIN":12858854,"PMBC_ParcelClass":"SUBDIVISION","PMBC_OwnerType":"PRIVATE","PMBC_LegalDescription":"PARCEL Z DISTRICT LOTS 269 AND 313 SIMILKAMEEN DIVISION YALE DISTRICT PLAN 8 EXCEPT PLAN KAP72739","Folio":"71200210100","FullAddress":"230 2ND AVE , CHRISTINA LAKE","apt_no":null,"street_no":"230","street_direction_prefix":null,"street_name":"2ND AVE","street_direction_suffix":null,"postal_code":null,"city":"CHRISTINA LAKE","province":"BC","AddressID":"A00000J2LJ","TempKey":"9B3E1256-572B-4B2D-88EE-84CF5DD79F12A00000J2LJ","GlobalID":"{DD758678-AC6E-4A8F-8DA3-90ACE2C61120}","Shape__Area":0.000032813786390504505,"Shape__Length":0.02742024337132348}},{"type":"Feature","geometry":{"type":"Polygon","coordinates":[[[-118.46541,49.019436],[-118.465785,49.019439],[-118.465782,49.019767],[-118.46578,49.020095],[-118.465572,49.020094],[-118.465363,49.020093],[-118.465366,49.019765],[-118.465368,49.019436],[-118.46541,49.019436]]]},"properties":{"OBJECTID":18943,"PMBCParcelGUID":"{BDE66353-E808-43C1-8385-84D5C2BBC0C7}","PMBC_PID":28378652,"PMBC_PIN":28378652,"PMBC_ParcelClass":"SUBDIVISION","PMBC_OwnerType":"PRIVATE","PMBC_LegalDescription":"LOT A DISTRICT LOT 533 SIMILKAMEEN DIVISION YALE DISTRICT PLAN KAP91554","Folio":"21001106040","FullAddress":"6560 25TH ST , GRAND FORKS","apt_no":null,"street_no":"6560","street_direction_prefix":null,"street_name":"25TH ST","street_direction_suffix":null,"postal_code":"V0H 1H2","city":"GRAND FORKS","province":"BC","AddressID":"D000007V18","TempKey":"BDE66353-E808-43C1-8385-84D5C2BBC0C7D000007V18","GlobalID":"{E52DF4BD-2D2D-471F-8C63-52185E24E4DD}","Shape__Area":2.734006725140001e-7,"Shape__Length":0.0021463378069816403}},{"type":"Feature","geometry":{"type":"Polygon","coordinates":[[[-118.227795,49.03918],[-118.228075,49.039487],[-118.227252,49.039776],[-118.226954,49.039592],[-118.227415,49.039365],[-118.227795,49.03918]]]},"properties":{"OBJECTID":18944,"PMBCParcelGUID":"{99B4229A-A8B1-4BA6-85AD-84D735941663}","PMBC_PID":18608221,"PMBC_PIN":18608221,"PMBC_ParcelClass":"SUBDIVISION","PMBC_OwnerType":"PRIVATE","PMBC_LegalDescription":"LOT D DISTRICT LOT 317 SIMILKAMEEN DIVISION YALE DISTRICT PLAN KAP51495","Folio":"71202595780","FullAddress":"238 CHASE RD , CHRISTINA LAKE","apt_no":null,"street_no":"238","street_direction_prefix":null,"street_name":"CHASE RD","street_direction_suffix":null,"postal_code":null,"city":"CHRISTINA LAKE","province":"BC","AddressID":"A00000J3CM","TempKey":"99B4229A-A8B1-4BA6-85AD-84D735941663A00000J3CM","GlobalID":"{9B36B4DD-010D-439F-BAC6-3ED1ABB7AD53}","Shape__Area":3.0524828484950007e-7,"Shape__Length":0.002572183329732055}},{"type":"Feature","geometry":{"type":"Polygon","coordinates":[[[-117.70501,49.094446],[-117.705144,49.094379],[-117.705516,49.094701],[-117.705558,49.094737],[-117.705693,49.094854],[-117.705838,49.094979],[-117.705656,49.095069],[-117.705631,49.094999],[-117.70561,49.094957],[-117.705595,49.094928],[-117.705572,49.094908],[-117.705485,49.094833],[-117.705413,49.094777],[-117.705299,49.094682],[-117.705299,49.094682],[-117.705279,49.094665],[-117.70514,49.094549],[-117.705065,49.094495],[-117.70501,49.094446]]]},"properties":{"OBJECTID":18945,"PMBCParcelGUID":"{27CF9D8F-5072-47A1-B2AE-84DFD13347D8}","PMBC_PID":30043051,"PMBC_PIN":30043051,"PMBC_ParcelClass":"SUBDIVISION","PMBC_OwnerType":"LOCAL GOVERNMENT","PMBC_LegalDescription":"THAT PART OF CLOSED ROAD IN DISTRICT LOT 230 KOOTENAY DISTRICT SHOWN ON PLAN EPP67601","Folio":"23200214100","FullAddress":"BAY AVE , TRAIL","apt_no":null,"street_no":null,"street_direction_prefix":null,"street_name":"BAY AVE","street_direction_suffix":null,"postal_code":null,"city":"TRAIL","province":"BC","AddressID":"D00000EK1N","TempKey":"27CF9D8F-5072-47A1-B2AE-84DFD13347D8D00000EK1N","GlobalID":"{F012BFA5-18FE-4BFB-8FD3-C31E1957AFD0}","Shape__Area":1.2120720531150003e-7,"Shape__Length":0.0021821160399942657}},{"type":"Feature","geometry":{"type":"Polygon","coordinates":[[[-119.08774,49.43849],[-119.088163,49.437716],[-119.088565,49.437809],[-119.088137,49.438582],[-119.08774,49.43849]]]},"properties":{"OBJECTID":18946,"PMBCParcelGUID":"{CB968433-BAA9-4688-83C6-84E037506E83}","PMBC_PID":12651966,"PMBC_PIN":12651966,"PMBC_ParcelClass":"SUBDIVISION","PMBC_OwnerType":"PRIVATE","PMBC_LegalDescription":"PARCEL Y (DD K909) BLOCK 2 DISTRICT LOT 1545 SIMILKAMEEN DIVISION YALE DISTRICT PLAN 94","Folio":"71300049300","FullAddress":"5877 3RD ST , BEAVERDELL","apt_no":null,"street_no":"5877","street_direction_prefix":null,"street_name":"3RD ST","street_direction_suffix":null,"postal_code":"V0H 1A0","city":"BEAVERDELL","province":"BC","AddressID":"A00000J6P2","TempKey":"CB968433-BAA9-4688-83C6-84E037506E83A00000J6P2","GlobalID":"{1796D769-8D11-4750-B909-341E2F97130C}","Shape__Area":3.488172708880001e-7,"Shape__Length":0.002587423001882851}},{"type":"Feature","geometry":{"type":"Polygon","coordinates":[[[-118.677372,49.107247],[-118.677538,49.107246],[-118.677541,49.107383],[-118.677485,49.107383],[-118.677372,49.107247]]]},"properties":{"OBJECTID":18947,"PMBCParcelGUID":"{618BFBEE-ADB4-4AC6-AA0D-84E09284C9E7}","PMBC_PID":12482081,"PMBC_PIN":12482081,"PMBC_ParcelClass":"SUBDIVISION","PMBC_OwnerType":"CROWN AGENCY","PMBC_LegalDescription":"LOT 21 BLOCK 74 DISTRICT LOT 710 SIMILKAMEEN DIVISION YALE DISTRICT PLAN 364 EXCEPT PLAN H875","Folio":"21100447000","FullAddress":"COPPER AVE N, GREENWOOD","apt_no":null,"street_no":null,"street_direction_prefix":null,"street_name":"COPPER AVE","street_direction_suffix":"N","postal_code":"V0H 1J0","city":"GREENWOOD","province":"BC","AddressID":"A00000HA19","TempKey":"618BFBEE-ADB4-4AC6-AA0D-84E09284C9E7A00000HA19","GlobalID":"{FE7944F7-8193-4427-ABBF-AAA2EB94EB81}","Shape__Area":1.5292668842000003e-8,"Shape__Length":0.0005378553661356529}},{"type":"Feature","geometry":{"type":"Polygon","coordinates":[[[-117.800691,49.082672],[-117.800788,49.082655],[-117.800874,49.082639],[-117.801059,49.082618],[-117.80116,49.082606],[-117.801215,49.082795],[-117.801004,49.08282],[-117.800912,49.082831],[-117.800743,49.082852],[-117.800691,49.082672]]]},"properties":{"OBJECTID":18948,"PMBCParcelGUID":"{76669B32-0D00-4E07-9B9E-84E13956252E}","PMBC_PID":12770108,"PMBC_PIN":12770108,"PMBC_ParcelClass":"SUBDIVISION","PMBC_OwnerType":"PRIVATE","PMBC_LegalDescription":"LOT B DISTRICT LOT 559 KOOTENAY DISTRICT PLAN 11719","Folio":"22901463100","FullAddress":"1936 TURNER AVE , ROSSLAND","apt_no":null,"street_no":"1936","street_direction_prefix":null,"street_name":"TURNER AVE","street_direction_suffix":null,"postal_code":null,"city":"ROSSLAND","province":"BC","AddressID":"A000018QBC","TempKey":"76669B32-0D00-4E07-9B9E-84E13956252EA000018QBC","GlobalID":"{2803C8F4-1299-46F4-B6BA-9156E94B60EB}","Shape__Area":9.171917455650002e-8,"Shape__Length":0.0013332747362148469}},{"type":"Feature","geometry":{"type":"Polygon","coordinates":[[[-118.200375,49.017355],[-118.201801,49.018447],[-118.201397,49.018473],[-118.200973,49.018656],[-118.200165,49.018664],[-118.200137,49.017495],[-118.200375,49.017355]]]},"properties":{"OBJECTID":18949,"PMBCParcelGUID":"{BDE8BCD9-6C9F-495B-8083-84E3E74DCDE7}","PMBC_PID":25581228,"PMBC_PIN":25581228,"PMBC_ParcelClass":"SUBDIVISION","PMBC_OwnerType":"PRIVATE","PMBC_LegalDescription":"LOT 1 DISTRICT LOT 269 SIMILKAMEEN DIVISION YALE DISTRICT PLAN KAP72739","Folio":"71200210110","FullAddress":"305 2ND AVE , CHRISTINA LAKE","apt_no":null,"street_no":"305","street_direction_prefix":null,"street_name":"2ND AVE","street_direction_suffix":null,"postal_code":"V0H 1E0","city":"CHRISTINA LAKE","province":"BC","AddressID":"A00000J2LK","TempKey":"BDE8BCD9-6C9F-495B-8083-84E3E74DCDE7A00000J2LK","GlobalID":"{281DC065-C677-4CD1-8381-E9BB1F672C3E}","Shape__Area":0.0000012389385145490002,"Shape__Length":0.004915709852098399}},{"type":"Feature","geometry":{"type":"Polygon","coordinates":[[[-117.688085,49.099157],[-117.688253,49.098906],[-117.688444,49.098961],[-117.688276,49.099212],[-117.688085,49.099157]]]},"properties":{"OBJECTID":18950,"PMBCParcelGUID":"{F79EC287-29CE-49D4-AC70-84E44EA020FE}","PMBC_PID":15665801,"PMBC_PIN":15665801,"PMBC_ParcelClass":"SUBDIVISION","PMBC_OwnerType":"PRIVATE","PMBC_LegalDescription":"LOT 17 BLOCK 19 DISTRICT LOT 4598 KOOTENAY DISTRICT PLAN 1684","Folio":"23203337000","FullAddress":"2266 SEVENTH AVE , TRAIL","apt_no":null,"street_no":"2266","street_direction_prefix":null,"street_name":"SEVENTH AVE","street_direction_suffix":null,"postal_code":"V1R 3C8","city":"TRAIL","province":"BC","AddressID":"A000018TFE","TempKey":"F79EC287-29CE-49D4-AC70-84E44EA020FEA000018TFE","GlobalID":"{7A5632D0-DF94-4302-A520-D1359EB624CE}","Shape__Area":5.736854990550001e-8,"Shape__Length":0.001003400161831877}},{"type":"Feature","geometry":{"type":"Polygon","coordinates":[[[-118.40163,49.016573],[-118.40213,49.016575],[-118.402167,49.01839],[-118.401628,49.01839],[-118.40163,49.016573]]]},"properties":{"OBJECTID":18951,"PMBCParcelGUID":"{F670B26B-53C6-4B29-B71B-84E65F3AA34E}","PMBC_PID":9479376,"PMBC_PIN":9479376,"PMBC_ParcelClass":"SUBDIVISION","PMBC_OwnerType":"PRIVATE","PMBC_LegalDescription":"LOT 1 DISTRICT LOT 184 SIMILKAMEEN DIVISION YALE DISTRICT PLAN 11624","Folio":"71201855000","FullAddress":"400 STARCHUK RD , GRAND FORKS","apt_no":null,"street_no":"400","street_direction_prefix":null,"street_name":"STARCHUK RD","street_direction_suffix":null,"postal_code":"V0H 1H9","city":"GRAND FORKS","province":"BC","AddressID":"A00000J2UT","TempKey":"F670B26B-53C6-4B29-B71B-84E65F3AA34EA00000J2UT","GlobalID":"{0BA64661-1213-4F23-8A25-F39097E8BA3E}","Shape__Area":9.437411471550003e-7,"Shape__Length":0.004671972508501852}},{"type":"Feature","geometry":{"type":"Polygon","coordinates":[[[-118.530804,49.116669],[-118.530929,49.116668],[-118.530928,49.116996],[-118.530803,49.116997],[-118.530804,49.116669]]]},"properties":{"OBJECTID":18952,"PMBCParcelGUID":"{F1D45983-7D31-49D6-81C8-84E80FB5168C}","PMBC_PID":14134667,"PMBC_PIN":14134667,"PMBC_ParcelClass":"SUBDIVISION","PMBC_OwnerType":"CROWN PROVINCIAL","PMBC_LegalDescription":"LOT 20 BLOCK 68 DISTRICT LOT 2005 SIMILKAMEEN DIVISION YALE DISTRICT PLAN 79","Folio":"71204851934","FullAddress":"","apt_no":null,"street_no":null,"street_direction_prefix":null,"street_name":null,"street_direction_suffix":null,"postal_code":null,"city":null,"province":"BC","AddressID":"D00000F4UV","TempKey":"F1D45983-7D31-49D6-81C8-84E80FB5168CD00000F4UV","GlobalID":"{06AF67DB-6757-4011-86DF-B959E8D573EA}","Shape__Area":4.109557242350001e-8,"Shape__Length":0.0009071969544114458}},{"type":"Feature","geometry":{"type":"MultiPolygon","coordinates":[[[[-118.505697,49.053364],[-118.505623,49.053512],[-118.506655,49.053732],[-118.506907,49.053855],[-118.507133,49.054053],[-118.507132,49.054079],[-118.507137,49.054104],[-118.507148,49.054129],[-118.507165,49.054152],[-118.507188,49.054172],[-118.507215,49.054191],[-118.507246,49.054206],[-118.507281,49.054217],[-118.507318,49.054225],[-118.507357,49.054229],[-118.507739,49.054534],[-118.50782,49.057943],[-118.497158,49.057928],[-118.497051,49.05345],[-118.497051,49.053441],[-118.497051,49.053348],[-118.505697,49.053364]]],[[[-118.507219,49.053854],[-118.507738,49.053964],[-118.50774,49.054266],[-118.507538,49.054113],[-118.507537,49.054087],[-118.507531,49.054062],[-118.507518,49.054037],[-118.507499,49.054014],[-118.507474,49.053994],[-118.507445,49.053976],[-118.507412,49.053962],[-118.507376,49.053952],[-118.507338,49.053945],[-118.507219,49.053854]]]]},"properties":{"OBJECTID":18953,"PMBCParcelGUID":"{87BD618D-A760-4D08-A0F9-84E81235B63B}","PMBC_PID":1719700,"PMBC_PIN":1719700,"PMBC_ParcelClass":"SUBDIVISION","PMBC_OwnerType":"PRIVATE","PMBC_LegalDescription":"DISTRICT LOT 955S SIMILKAMEEN DIVISION YALE DISTRICT EXCEPT PLAN KAP44377","Folio":"71204238000","FullAddress":"HARDY MOUNTAIN RD , GRAND FORKS","apt_no":null,"street_no":null,"street_direction_prefix":null,"street_name":"HARDY MOUNTAIN RD","street_direction_suffix":null,"postal_code":null,"city":"GRAND FORKS","province":"BC","AddressID":"A00000J4S4","TempKey":"87BD618D-A760-4D08-A0F9-84E81235B63BA00000J4S4","GlobalID":"{BF2E3619-B84D-48B6-A560-9BDBAC3A8952}","Shape__Area":0.00004781723136509001,"Shape__Length":0.031431108123766226}},{"type":"Feature","geometry":{"type":"Polygon","coordinates":[[[-118.546839,49.152981],[-118.546932,49.153011],[-118.546717,49.153278],[-118.546619,49.153248],[-118.546839,49.152981]]]},"properties":{"OBJECTID":18954,"PMBCParcelGUID":"{DD355DAB-DA9D-4DBC-9077-84EFC9CCA36D}","PMBC_PID":12729965,"PMBC_PIN":12729965,"PMBC_ParcelClass":"SUBDIVISION","PMBC_OwnerType":"CROWN PROVINCIAL","PMBC_LegalDescription":"LOT 2 BLOCK 24 DISTRICT LOT 1223 OSOYOOS DIVISION YALE DISTRICT PLAN 71","Folio":"71204651466","FullAddress":"HIGHWAY 3 ","apt_no":null,"street_no":null,"street_direction_prefix":null,"street_name":"HIGHWAY 3","street_direction_suffix":null,"postal_code":null,"city":null,"province":"BC","AddressID":"A00000J5DB","TempKey":"DD355DAB-DA9D-4DBC-9077-84EFC9CCA36DA00000J5DB","GlobalID":"{8AF88C8F-1D3B-48CC-853B-E593B9C6C8BC}","Shape__Area":3.2100275545500006e-8,"Shape__Length":0.0008887573236802019}},{"type":"Feature","geometry":{"type":"Polygon","coordinates":[[[-117.751913,49.09024],[-117.752488,49.090133],[-117.75267,49.090253],[-117.752471,49.090416],[-117.751922,49.090374],[-117.751927,49.090329],[-117.751924,49.090285],[-117.751913,49.09024]]]},"properties":{"OBJECTID":18955,"PMBCParcelGUID":"{43746A09-E794-4FB5-9C16-84F060822A25}","PMBC_PID":11352442,"PMBC_PIN":11352442,"PMBC_ParcelClass":"SUBDIVISION","PMBC_OwnerType":"PRIVATE","PMBC_LegalDescription":"LOT 16 DISTRICT LOT 7189 KOOTENAY DISTRICT PLAN 13067","Folio":"58800655160","FullAddress":"866 FORREST DR , WARFIELD","apt_no":null,"street_no":"866","street_direction_prefix":null,"street_name":"FORREST DR","street_direction_suffix":null,"postal_code":"V1R 4P8","city":"WARFIELD","province":"BC","AddressID":"A000019330","TempKey":"43746A09-E794-4FB5-9C16-84F060822A25A000019330","GlobalID":"{B6D64BB5-3C0F-4D79-8420-96818A64389C}","Shape__Area":1.4290412989050004e-7,"Shape__Length":0.001746398133856872}},{"type":"Feature","geometry":{"type":"Polygon","coordinates":[[[-117.683116,49.107089],[-117.683483,49.107087],[-117.683487,49.1074],[-117.683121,49.107402],[-117.683116,49.107089]]]},"properties":{"OBJECTID":18956,"PMBCParcelGUID":"{314E5C60-D519-497B-9F52-84F1D575ADE5}","PMBC_PID":28785886,"PMBC_PIN":28785886,"PMBC_ParcelClass":"SUBDIVISION","PMBC_OwnerType":"PRIVATE","PMBC_LegalDescription":"LOT 7 DISTRICT LOT 4598 KOOTENAY DISTRICT PLAN NEP92708","Folio":"23203472470","FullAddress":"2451 MCBRIDE ST , TRAIL","apt_no":null,"street_no":"2451","street_direction_prefix":null,"street_name":"MCBRIDE ST","street_direction_suffix":null,"postal_code":"V1R 3A6","city":"TRAIL","province":"BC","AddressID":"D0000092CR","TempKey":"314E5C60-D519-497B-9F52-84F1D575ADE5D0000092CR","GlobalID":"{640A2DCC-FF0C-4A42-9F39-8BA7D7B537CA}","Shape__Area":1.1474473764100003e-7,"Shape__Length":0.001359185666331962}},{"type":"Feature","geometry":{"type":"Polygon","coordinates":[[[-118.214411,49.040574],[-118.214394,49.040154],[-118.214426,49.040154],[-118.214627,49.040152],[-118.214637,49.040569],[-118.214411,49.040574]]]},"properties":{"OBJECTID":18957,"PMBCParcelGUID":"{84294398-B96E-4D4B-9D6D-84F5CF18262C}","PMBC_PID":8516812,"PMBC_PIN":8516812,"PMBC_ParcelClass":"SUBDIVISION","PMBC_OwnerType":"PRIVATE","PMBC_LegalDescription":"LOT 7 DISTRICT LOT 317 SIMILKAMEEN DIVISION YALE DISTRICT PLAN 16845","Folio":"71202579030","FullAddress":"81 HOLMES RD , CHRISTINA LAKE","apt_no":null,"street_no":"81","street_direction_prefix":null,"street_name":"HOLMES RD","street_direction_suffix":null,"postal_code":null,"city":"CHRISTINA LAKE","province":"BC","AddressID":"A00000J38L","TempKey":"84294398-B96E-4D4B-9D6D-84F5CF18262CA00000J38L","GlobalID":"{BF99FE30-C9CB-48ED-8E7E-5C6F63733FC9}","Shape__Area":9.622764869500002e-8,"Shape__Length":0.0012969686887757076}},{"type":"Feature","geometry":{"type":"Polygon","coordinates":[[[-118.434445,49.030112],[-118.434238,49.030123],[-118.434191,49.030047],[-118.434144,49.02997],[-118.434097,49.029894],[-118.434051,49.029818],[-118.434475,49.029704],[-118.434616,49.029933],[-118.43471,49.030086],[-118.434627,49.030097],[-118.434445,49.030112]]]},"properties":{"OBJECTID":18958,"PMBCParcelGUID":"{17A8446D-B07C-4C23-8812-84F642E2527E}","PMBC_PID":6056164,"PMBC_PIN":6056164,"PMBC_ParcelClass":"SUBDIVISION","PMBC_OwnerType":"LOCAL GOVERNMENT","PMBC_LegalDescription":"PARCEL A (X159153) BLOCK 10 DISTRICT LOT 534 SIMILKAMEEN DIVISION YALE DISTRICT PLAN 36","Folio":"21001440000","FullAddress":"7017 1ST ST , GRAND FORKS","apt_no":null,"street_no":"7017","street_direction_prefix":null,"street_name":"1ST ST","street_direction_suffix":null,"postal_code":null,"city":"GRAND FORKS","province":"BC","AddressID":"A00000H91E","TempKey":"17A8446D-B07C-4C23-8812-84F642E2527EA00000H91E","GlobalID":"{89B4933B-EABF-4F93-B23A-DA746ED4DB09}","Shape__Area":1.7140840962600004e-7,"Shape__Length":0.0017197064067040017}},{"type":"Feature","geometry":{"type":"Polygon","coordinates":[[[-117.707938,49.103677],[-117.707445,49.103811],[-117.707415,49.103763],[-117.707909,49.103636],[-117.707938,49.103677]]]},"properties":{"OBJECTID":18959,"PMBCParcelGUID":"{A2CB3FC4-5172-45D9-983B-84F6DC5D7D68}","PMBC_PID":15620646,"PMBC_PIN":15620646,"PMBC_ParcelClass":"SUBDIVISION","PMBC_OwnerType":"PRIVATE","PMBC_LegalDescription":"PARCEL A (SEE 107569I) OF LOT 12 BLOCK B DISTRICT LOT 367 KOOTENAY DISTRICT PLAN 1840, EXCEPT PART INCLUDED IN PLAN 39","Folio":"23202769000","FullAddress":"1160 COLUMBIA AVE , TRAIL","apt_no":null,"street_no":"1160","street_direction_prefix":null,"street_name":"COLUMBIA AVE","street_direction_suffix":null,"postal_code":"V1R 1J2","city":"TRAIL","province":"BC","AddressID":"A000018T0G","TempKey":"A2CB3FC4-5172-45D9-983B-84F6DC5D7D68A000018T0G","GlobalID":"{A6FECC55-4AE2-4242-B461-3F472704862F}","Shape__Area":2.5695986370000005e-8,"Shape__Length":0.001127908495865211}},{"type":"Feature","geometry":{"type":"Polygon","coordinates":[[[-118.467997,49.049715],[-118.468062,49.050026],[-118.467809,49.050044],[-118.467124,49.050094],[-118.467321,49.049771],[-118.467997,49.049715]]]},"properties":{"OBJECTID":18960,"PMBCParcelGUID":"{D24BD088-5C50-4B81-921A-84F7B85D1707}","PMBC_PID":23508574,"PMBC_PIN":23508574,"PMBC_ParcelClass":"SUBDIVISION","PMBC_OwnerType":"PRIVATE","PMBC_LegalDescription":"LOT 25 DISTRICT LOT 1494 SIMILKAMEEN DIVISION YALE DISTRICT PLAN KAP57445","Folio":"71204833350","FullAddress":"265 PROSPECT DR , GRAND FORKS","apt_no":null,"street_no":"265","street_direction_prefix":null,"street_name":"PROSPECT DR","street_direction_suffix":null,"postal_code":"V0H 1H2","city":"GRAND FORKS","province":"BC","AddressID":"A00000J5NH","TempKey":"D24BD088-5C50-4B81-921A-84F7B85D1707A00000J5NH","GlobalID":"{76FE1937-F771-46F1-9B9C-1FC205445F3A}","Shape__Area":2.5148268070250007e-7,"Shape__Length":0.0023146284778450214}},{"type":"Feature","geometry":{"type":"Polygon","coordinates":[[[-117.68872,49.091823],[-117.693968,49.090981],[-117.693984,49.090979],[-117.693981,49.091546],[-117.693967,49.091549],[-117.689857,49.09219],[-117.688691,49.092247],[-117.68872,49.091823]]]},"properties":{"OBJECTID":18961,"PMBCParcelGUID":"{287BC1F0-ED44-4A1E-9F57-84F7E96E0097}","PMBC_PID":16328078,"PMBC_PIN":16328078,"PMBC_ParcelClass":"SUBDIVISION","PMBC_OwnerType":"PRIVATE","PMBC_LegalDescription":"THAT PART OF SUBLOT 5 DISTRICT LOT 4598 KOOTENAY DISTRICT PLAN X34 SHOWN OUTLINED RED ON EXPLANATORY PLAN 32555I","Folio":"71107284000","FullAddress":"CASINO RD , CASINO","apt_no":null,"street_no":null,"street_direction_prefix":null,"street_name":"CASINO RD","street_direction_suffix":null,"postal_code":"V1R 4X3","city":"CASINO","province":"BC","AddressID":"A000019MY8","TempKey":"287BC1F0-ED44-4A1E-9F57-84F7E96E0097A000019MY8","GlobalID":"{6A07097B-0063-4EAA-854C-90900313DF31}","Shape__Area":0.0000028627410665740006,"Shape__Length":0.01166415007995946}},{"type":"Feature","geometry":{"type":"Polygon","coordinates":[[[-117.68872,49.091823],[-117.693968,49.090981],[-117.693984,49.090979],[-117.693981,49.091546],[-117.693967,49.091549],[-117.689857,49.09219],[-117.688691,49.092247],[-117.68872,49.091823]]]},"properties":{"OBJECTID":18962,"PMBCParcelGUID":"{287BC1F0-ED44-4A1E-9F57-84F7E96E0097}","PMBC_PID":16328078,"PMBC_PIN":16328078,"PMBC_ParcelClass":"SUBDIVISION","PMBC_OwnerType":"PRIVATE","PMBC_LegalDescription":"THAT PART OF SUBLOT 5 DISTRICT LOT 4598 KOOTENAY DISTRICT PLAN X34 SHOWN OUTLINED RED ON EXPLANATORY PLAN 32555I","Folio":"23204514500","FullAddress":", TRAIL","apt_no":null,"street_no":null,"street_direction_prefix":null,"street_name":null,"street_direction_suffix":null,"postal_code":null,"city":"TRAIL","province":"BC","AddressID":"D00000FB78","TempKey":"287BC1F0-ED44-4A1E-9F57-84F7E96E0097D00000FB78","GlobalID":"{819E623F-9023-452E-BE94-27AE685619AD}","Shape__Area":0.0000028627410665740006,"Shape__Length":0.01166415007995946}},{"type":"Feature","geometry":{"type":"Polygon","coordinates":[[[-117.541816,49.111146],[-117.542108,49.110824],[-117.542367,49.110932],[-117.542077,49.111255],[-117.541816,49.111146]]]},"properties":{"OBJECTID":18963,"PMBCParcelGUID":"{13961ABF-F823-49A5-85D5-84F9896A68C1}","PMBC_PID":12623814,"PMBC_PIN":12623814,"PMBC_ParcelClass":"SUBDIVISION","PMBC_OwnerType":"PRIVATE","PMBC_LegalDescription":"LOT 1 DISTRICT LOT 1236 KOOTENAY DISTRICT PLAN 11917","Folio":"52100335002","FullAddress":"110 CEDAR AVE , FRUITVALE","apt_no":null,"street_no":"110","street_direction_prefix":null,"street_name":"CEDAR AVE","street_direction_suffix":null,"postal_code":null,"city":"FRUITVALE","province":"BC","AddressID":"A000018XVC","TempKey":"13961ABF-F823-49A5-85D5-84F9896A68C1A000018XVC","GlobalID":"{0710BA18-FF48-4D44-8713-E2C44EE7F178}","Shape__Area":1.1537601635100003e-7,"Shape__Length":0.0014322276361667448}},{"type":"Feature","geometry":{"type":"Polygon","coordinates":[[[-118.458734,49.076355],[-118.458483,49.076359],[-118.458482,49.075951],[-118.458529,49.075873],[-118.458582,49.075796],[-118.458642,49.075722],[-118.458696,49.075657],[-118.458755,49.075595],[-118.45882,49.075535],[-118.458877,49.075482],[-118.458968,49.075409],[-118.459066,49.075337],[-118.459097,49.075315],[-118.459132,49.075295],[-118.459184,49.075261],[-118.459239,49.07523],[-118.459311,49.075188],[-118.459388,49.07515],[-118.459471,49.075109],[-118.459556,49.07507],[-118.460569,49.074711],[-118.463094,49.073742],[-118.463193,49.0737],[-118.463291,49.073658],[-118.463388,49.073613],[-118.463483,49.073571],[-118.464443,49.073502],[-118.464048,49.073634],[-118.463009,49.07409],[-118.461355,49.074719],[-118.460014,49.075207],[-118.459771,49.075295],[-118.459638,49.075356],[-118.459607,49.075374],[-118.459573,49.07539],[-118.459494,49.075435],[-118.459419,49.075482],[-118.459346,49.07553],[-118.459279,49.075581],[-118.4592,49.075643],[-118.459127,49.075708],[-118.45906,49.075776],[-118.458978,49.075869],[-118.458906,49.075966],[-118.45886,49.076041],[-118.458819,49.076118],[-118.458783,49.076195],[-118.458747,49.076302],[-118.458734,49.076355]]]},"properties":{"OBJECTID":18964,"PMBCParcelGUID":"{3DE9FE6A-49DD-4877-BF63-84FE7DB8B82A}","PMBC_PID":15004112,"PMBC_PIN":15004112,"PMBC_ParcelClass":"SUBDIVISION","PMBC_OwnerType":"CROWN PROVINCIAL","PMBC_LegalDescription":"PART 6.7 ACRES MORE OR LESS OF DISTRICT LOT 1357 SHOWN COLOURED RED ON PLAN ATTACHED TO DD2183 SIMILKAMEEN DIVISION YALE DISTRICT EXCEPT PARCEL 9 PLAN A665.","Folio":"71204739600","FullAddress":"","apt_no":null,"street_no":null,"street_direction_prefix":null,"street_name":null,"street_direction_suffix":null,"postal_code":null,"city":null,"province":"BC","AddressID":"D00000FRYD","TempKey":"3DE9FE6A-49DD-4877-BF63-84FE7DB8B82AD00000FRYD","GlobalID":"{B1B20EC3-11D8-4367-864B-7B0EC005C22A}","Shape__Area":0.0000018500369747395006,"Shape__Length":0.013781604458726483}},{"type":"Feature","geometry":{"type":"Polygon","coordinates":[[[-117.715532,49.095143],[-117.715384,49.0954],[-117.715247,49.095366],[-117.715395,49.095109],[-117.715532,49.095143]]]},"properties":{"OBJECTID":18965,"PMBCParcelGUID":"{963E8CB2-FEF0-4506-B7DD-84FE9B1775AD}","PMBC_PID":15926541,"PMBC_PIN":15926541,"PMBC_ParcelClass":"SUBDIVISION","PMBC_OwnerType":"LOCAL GOVERNMENT","PMBC_LegalDescription":"LOT 5 BLOCK 65 DISTRICT LOT 230 KOOTENAY DISTRICT PLAN 1119","Folio":"23200808000","FullAddress":"MILLIGAN AVE , TRAIL","apt_no":null,"street_no":null,"street_direction_prefix":null,"street_name":"MILLIGAN AVE","street_direction_suffix":null,"postal_code":null,"city":"TRAIL","province":"BC","AddressID":"A000018RLA","TempKey":"963E8CB2-FEF0-4506-B7DD-84FE9B1775ADA000018RLA","GlobalID":"{2EED6C3E-3E43-4CBC-A58E-E4E77B08DA57}","Shape__Area":4.004138988350001e-8,"Shape__Length":0.0008733940020613213}},{"type":"Feature","geometry":{"type":"Polygon","coordinates":[[[-118.299957,49.192886],[-118.299972,49.19284],[-118.299978,49.192809],[-118.300029,49.192808],[-118.301027,49.192807],[-118.300728,49.193351],[-118.299762,49.193352],[-118.299717,49.193352],[-118.299736,49.193333],[-118.299752,49.193313],[-118.299762,49.193291],[-118.299779,49.193245],[-118.299805,49.193202],[-118.299833,49.193164],[-118.299871,49.193115],[-118.299896,49.19307],[-118.299913,49.19302],[-118.299926,49.192978],[-118.299957,49.192886]]]},"properties":{"OBJECTID":18966,"PMBCParcelGUID":"{C5B39DA5-2583-4BB5-A6E6-84FFEDF05AEB}","PMBC_PID":15142884,"PMBC_PIN":15142884,"PMBC_ParcelClass":"SUBDIVISION","PMBC_OwnerType":"PRIVATE","PMBC_LegalDescription":"BLOCK E OF DISTRICT LOT 4071S SIMILKAMEEN DIVISION YALE DISTRICT","Folio":"71207285670","FullAddress":"4620 BOAT ACCESS WEST SIDE , CHRISTINA LAKE","apt_no":null,"street_no":"4620","street_direction_prefix":null,"street_name":"BOAT ACCESS WEST SIDE","street_direction_suffix":null,"postal_code":null,"city":"CHRISTINA LAKE","province":"BC","AddressID":"D0000011WP","TempKey":"C5B39DA5-2583-4BB5-A6E6-84FFEDF05AEBD0000011WP","GlobalID":"{58F44CD4-9598-4537-8FCB-38423428FBDA}","Shape__Area":5.473939895565002e-7,"Shape__Length":0.0032908714156618564}},{"type":"Feature","geometry":{"type":"Polygon","coordinates":[[[-118.679461,49.081833],[-118.679588,49.081832],[-118.679888,49.081829],[-118.679863,49.081897],[-118.679846,49.081966],[-118.67934,49.081975],[-118.679461,49.081833]]]},"properties":{"OBJECTID":18967,"PMBCParcelGUID":"{74F9CB66-FD9F-46A9-A513-8502633A0843}","PMBC_PID":10021272,"PMBC_PIN":10021272,"PMBC_ParcelClass":"SUBDIVISION","PMBC_OwnerType":"LOCAL GOVERNMENT","PMBC_LegalDescription":"THAT PORTION OF CLOSED ROAD IN DISTRICT LOT 879 SIMILKAMEEN DIVISION YALE DISTRICT ADJOING LOT 13 BLOCK N OUTLINED RED ON PLAN M8988; DISTRICT LOT 879 SIMILKAMEEN DIVISION YALE DISTRICT PLAN 46","Folio":"21100530600","FullAddress":"S GOLD AVE , GREENWOOD","apt_no":null,"street_no":null,"street_direction_prefix":"S","street_name":"GOLD AVE","street_direction_suffix":null,"postal_code":"V0H 1J0","city":"GREENWOOD","province":"BC","AddressID":"D00000JM04","TempKey":"74F9CB66-FD9F-46A9-A513-8502633A0843D00000JM04","GlobalID":"{4970A34F-2C61-4565-967D-EFBBD359CC6A}","Shape__Area":6.400081033500001e-8,"Shape__Length":0.0012629072735585991}},{"type":"Feature","geometry":{"type":"Polygon","coordinates":[[[-117.726662,49.098162],[-117.726795,49.098178],[-117.726705,49.098503],[-117.726572,49.098488],[-117.726662,49.098162]]]},"properties":{"OBJECTID":18968,"PMBCParcelGUID":"{B3EF2C8F-59DC-43E9-97B0-8502D3AE1F84}","PMBC_PID":12504840,"PMBC_PIN":12504840,"PMBC_ParcelClass":"SUBDIVISION","PMBC_OwnerType":"PRIVATE","PMBC_LegalDescription":"LOT 4 BLOCK 18 DISTRICT LOT 1073 KOOTENAY DISTRICT PLAN 1645, EXCEPT PARCEL A (SEE 128931I)","Folio":"23201291000","FullAddress":"224 ESLING ST , TRAIL","apt_no":null,"street_no":"224","street_direction_prefix":null,"street_name":"ESLING ST","street_direction_suffix":null,"postal_code":"V1R 3M2","city":"TRAIL","province":"BC","AddressID":"A000018RXT","TempKey":"B3EF2C8F-59DC-43E9-97B0-8502D3AE1F84A000018RXT","GlobalID":"{E7803AA9-2709-43A5-A581-3A18228482A9}","Shape__Area":4.465810764450001e-8,"Shape__Length":0.0009432316349752664}},{"type":"Feature","geometry":{"type":"Polygon","coordinates":[[[-117.543486,49.114891],[-117.54374,49.11512],[-117.543719,49.11513],[-117.543466,49.1149],[-117.543486,49.114891]]]},"properties":{"OBJECTID":18969,"PMBCParcelGUID":"{B4F8D70E-26D5-4569-88F2-8503FB285AFB}","PMBC_PID":16045742,"PMBC_PIN":16045742,"PMBC_ParcelClass":"SUBDIVISION","PMBC_OwnerType":"PRIVATE","PMBC_LegalDescription":"PARCEL A (SEE 145346I) OF LOT 7 BLOCK B DISTRICT LOT 1236 KOOTENAY DISTRICT PLAN 785C","Folio":"52100011000","FullAddress":"1938 MAIN ST , FRUITVALE","apt_no":null,"street_no":"1938","street_direction_prefix":null,"street_name":"MAIN ST","street_direction_suffix":null,"postal_code":null,"city":"FRUITVALE","province":"BC","AddressID":"A000018X6U","TempKey":"B4F8D70E-26D5-4569-88F2-8503FB285AFBA000018X6U","GlobalID":"{B94B4438-B19E-4C4F-869A-1D1D05F6ED90}","Shape__Area":7.0742928990000016e-9,"Shape__Length":0.0007288697854209912}},{"type":"Feature","geometry":{"type":"Polygon","coordinates":[[[-118.403096,49.020002],[-118.405576,49.020004],[-118.405575,49.021468],[-118.403078,49.021453],[-118.403096,49.020002]]]},"properties":{"OBJECTID":18970,"PMBCParcelGUID":"{A5CE7BEC-0094-4C87-B615-8504CFC1DD00}","PMBC_PID":11063165,"PMBC_PIN":11063165,"PMBC_ParcelClass":"SUBDIVISION","PMBC_OwnerType":"PRIVATE","PMBC_LegalDescription":"THAT PART LOT 3 BLOCK 3 LYING EAST OF A LINE DRAWN 598 FEET DISTANT FROM AND PARALLEL TO THE EASTERLY BOUNDARY OF THE SAID LOT DISTRICT LOT 184 SIMILKAMEEN DIVISION YALE DISTRICT PLAN 567","Folio":"71201871000","FullAddress":"6380 NURSERY RD , GRAND FORKS","apt_no":null,"street_no":"6380","street_direction_prefix":null,"street_name":"NURSERY RD","street_direction_suffix":null,"postal_code":"V0H 1H9","city":"GRAND FORKS","province":"BC","AddressID":"A00000J2VK","TempKey":"A5CE7BEC-0094-4C87-B615-8504CFC1DD00A00000J2VK","GlobalID":"{EC331FC4-BD68-49AE-B151-43A9CCB41FE8}","Shape__Area":0.000003627932603361001,"Shape__Length":0.007892601311473289}},{"type":"Feature","geometry":{"type":"Polygon","coordinates":[[[-117.698808,49.092715],[-117.698957,49.092714],[-117.698957,49.092733],[-117.698978,49.092733],[-117.69898,49.092883],[-117.698668,49.092866],[-117.698666,49.092669],[-117.69877,49.092675],[-117.698771,49.092715],[-117.698808,49.092715]]]},"properties":{"OBJECTID":18971,"PMBCParcelGUID":"{F595F112-A771-4F39-8506-8505C527721C}","PMBC_PID":19059302,"PMBC_PIN":19059302,"PMBC_ParcelClass":"SUBDIVISION","PMBC_OwnerType":"PRIVATE","PMBC_LegalDescription":"LOT 1 DISTRICT LOT 4598 KOOTENAY DISTRICT PLAN NEP21810","Folio":"23201601100","FullAddress":"2100 RIVERSIDE AVE , TRAIL","apt_no":null,"street_no":"2100","street_direction_prefix":null,"street_name":"RIVERSIDE AVE","street_direction_suffix":null,"postal_code":"V1R 3Z4","city":"TRAIL","province":"BC","AddressID":"A000018S6E","TempKey":"F595F112-A771-4F39-8506-8505C527721CA000018S6E","GlobalID":"{CBAC2DEC-AD81-4601-AFEA-A7B7A2E118CA}","Shape__Area":5.388394055950001e-8,"Shape__Length":0.0010294951225377433}},{"type":"Feature","geometry":{"type":"Polygon","coordinates":[[[-117.636539,49.095886],[-117.636005,49.095885],[-117.636044,49.095548],[-117.636076,49.095548],[-117.636107,49.095545],[-117.636138,49.095539],[-117.636166,49.09553],[-117.636192,49.095518],[-117.636215,49.095503],[-117.636528,49.095873],[-117.636539,49.095886]]]},"properties":{"OBJECTID":18972,"PMBCParcelGUID":"{85802DDD-15D6-4502-8C47-8506D8FE0F0B}","PMBC_PID":27461459,"PMBC_PIN":27461459,"PMBC_ParcelClass":"SUBDIVISION","PMBC_OwnerType":"PRIVATE","PMBC_LegalDescription":"LOT 7 DISTRICT LOT 4598 KOOTENAY DISTRICT PLAN NEP86277","Folio":"23204506720","FullAddress":"7909 BIRCHWOOD DR , TRAIL","apt_no":null,"street_no":"7909","street_direction_prefix":null,"street_name":"BIRCHWOOD DR","street_direction_suffix":null,"postal_code":"V1R 4Y4","city":"TRAIL","province":"BC","AddressID":"D000004F2X","TempKey":"85802DDD-15D6-4502-8C47-8506D8FE0F0BD000004F2X","GlobalID":"{F7700DEB-1FC3-4605-B4B0-DC37A008CDDA}","Shape__Area":1.2813970448550003e-7,"Shape__Length":0.0015540138821232377}},{"type":"Feature","geometry":{"type":"Polygon","coordinates":[[[-117.636539,49.095886],[-117.636005,49.095885],[-117.636044,49.095548],[-117.636076,49.095548],[-117.636107,49.095545],[-117.636138,49.095539],[-117.636166,49.09553],[-117.636192,49.095518],[-117.636215,49.095503],[-117.636528,49.095873],[-117.636539,49.095886]]]},"properties":{"OBJECTID":18973,"PMBCParcelGUID":"{85802DDD-15D6-4502-8C47-8506D8FE0F0B}","PMBC_PID":27461459,"PMBC_PIN":27461459,"PMBC_ParcelClass":"SUBDIVISION","PMBC_OwnerType":"PRIVATE","PMBC_LegalDescription":"LOT 7 DISTRICT LOT 4598 KOOTENAY DISTRICT PLAN NEP86277","Folio":"23204506720","FullAddress":"7919 BIRCHWOOD DR , TRAIL","apt_no":null,"street_no":"7919","street_direction_prefix":null,"street_name":"BIRCHWOOD DR","street_direction_suffix":null,"postal_code":"V1R 4Y4","city":"TRAIL","province":"BC","AddressID":"D0000058HD","TempKey":"85802DDD-15D6-4502-8C47-8506D8FE0F0BD0000058HD","GlobalID":"{08BDEFE0-9608-4C73-8CA4-C2BA1903B6D3}","Shape__Area":1.2813970448550003e-7,"Shape__Length":0.0015540138821232377}},{"type":"Feature","geometry":{"type":"Polygon","coordinates":[[[-117.705803,49.100618],[-117.705931,49.100583],[-117.706091,49.100837],[-117.705964,49.100871],[-117.705803,49.100618]]]},"properties":{"OBJECTID":18974,"PMBCParcelGUID":"{581E07FC-5A22-4F39-BF70-8509C9ED6141}","PMBC_PID":15695735,"PMBC_PIN":15695735,"PMBC_ParcelClass":"SUBDIVISION","PMBC_OwnerType":"LOCAL GOVERNMENT","PMBC_LegalDescription":"THAT PART OF LOT 3 INCLUDED IN RW PLAN RW 38 BLOCK 4 DISTRICT LOT 2919 KOOTENAY DISTRICT PLAN 1646","Folio":"23201792000","FullAddress":"COLUMBIA AVE , TRAIL","apt_no":null,"street_no":null,"street_direction_prefix":null,"street_name":"COLUMBIA AVE","street_direction_suffix":null,"postal_code":null,"city":"TRAIL","province":"BC","AddressID":"A000018SBT","TempKey":"581E07FC-5A22-4F39-BF70-8509C9ED6141A000018SBT","GlobalID":"{599BEB0F-2AC1-4140-BC3B-ADF0E5D23CA7}","Shape__Area":3.780808415000001e-8,"Shape__Length":0.000863580235966744}},{"type":"Feature","geometry":{"type":"Polygon","coordinates":[[[-117.681106,49.099947],[-117.681106,49.099453],[-117.681466,49.099504],[-117.681466,49.099956],[-117.681106,49.099947]]]},"properties":{"OBJECTID":18975,"PMBCParcelGUID":"{E3BEE536-0776-411C-88D3-8509F152C831}","PMBC_PID":5176298,"PMBC_PIN":5176298,"PMBC_ParcelClass":"SUBDIVISION","PMBC_OwnerType":"PRIVATE","PMBC_LegalDescription":"LOT 6 DISTRICT LOT 4598 KOOTENAY DISTRICT PLAN 11197","Folio":"23203499360","FullAddress":"2844 LABURNUM DR , TRAIL","apt_no":null,"street_no":"2844","street_direction_prefix":null,"street_name":"LABURNUM DR","street_direction_suffix":null,"postal_code":"V1R 2S7","city":"TRAIL","province":"BC","AddressID":"A000018TUW","TempKey":"E3BEE536-0776-411C-88D3-8509F152C831A000018TUW","GlobalID":"{F3BAAB46-3FE5-4129-9BAD-6E5CB150AF38}","Shape__Area":1.7019372156000005e-7,"Shape__Length":0.0016690738777203507}},{"type":"Feature","geometry":{"type":"Polygon","coordinates":[[[-118.466666,49.031001],[-118.466215,49.031173],[-118.466163,49.031114],[-118.466614,49.030943],[-118.466666,49.031001]]]},"properties":{"OBJECTID":18976,"PMBCParcelGUID":"{1EC7FDAC-81D4-48CC-809B-850E5E0A57A3}","PMBC_PID":12669539,"PMBC_PIN":12669539,"PMBC_ParcelClass":"SUBDIVISION","PMBC_OwnerType":"PRIVATE","PMBC_LegalDescription":"LOT 23 BLOCK 46 DISTRICT LOT 520 SIMILKAMEEN DIVISION YALE DISTRICT PLAN 83","Folio":"21000928000","FullAddress":"7684 21ST ST , GRAND FORKS","apt_no":null,"street_no":"7684","street_direction_prefix":null,"street_name":"21ST ST","street_direction_suffix":null,"postal_code":"V0H 1H2","city":"GRAND FORKS","province":"BC","AddressID":"A00000H84X","TempKey":"1EC7FDAC-81D4-48CC-809B-850E5E0A57A3A00000H84X","GlobalID":"{8893AC69-28E2-4738-89E3-687E9C8923AB}","Shape__Area":3.523181576250001e-8,"Shape__Length":0.0011213016054016638}},{"type":"Feature","geometry":{"type":"MultiPolygon","coordinates":[[[[-118.856198,49.473123],[-118.856038,49.473629],[-118.856085,49.473965],[-118.856065,49.474167],[-118.855959,49.474358],[-118.855612,49.474559],[-118.854884,49.474969],[-118.853671,49.475594],[-118.852525,49.476262],[-118.851905,49.476667],[-118.851297,49.477024],[-118.850969,49.47709],[-118.850572,49.477132],[-118.850227,49.47722],[-118.850103,49.477388],[-118.850153,49.477592],[-118.850341,49.477738],[-118.850408,49.477863],[-118.850372,49.477986],[-118.850181,49.478119],[-118.849953,49.47841],[-118.849725,49.478702],[-118.849257,49.478981],[-118.848892,49.479169],[-118.848236,49.479322],[-118.847841,49.47923],[-118.846727,49.47907],[-118.845936,49.478898],[-118.845267,49.478703],[-118.844816,49.478592],[-118.844871,49.475098],[-118.833965,49.475095],[-118.834011,49.465901],[-118.838817,49.465904],[-118.845026,49.465909],[-118.856774,49.465925],[-118.856726,49.472486],[-118.856725,49.472525],[-118.856461,49.472699],[-118.856198,49.473123]]],[[[-118.84736,49.479671],[-118.848116,49.479866],[-118.848478,49.479833],[-118.848766,49.47979],[-118.849667,49.479424],[-118.850294,49.478844],[-118.850868,49.478341],[-118.851096,49.478096],[-118.851548,49.477749],[-118.851939,49.477486],[-118.852514,49.47696],[-118.853089,49.476457],[-118.853609,49.476192],[-118.854473,49.475915],[-118.855081,49.475582],[-118.85593,49.475225],[-118.856138,49.475118],[-118.856138,49.476658],[-118.856138,49.476815],[-118.856123,49.480678],[-118.846305,49.480618],[-118.835804,49.480552],[-118.835977,49.478123],[-118.836613,49.478338],[-118.837935,49.478672],[-118.838605,49.478821],[-118.838893,49.478939],[-118.839617,49.478963],[-118.840254,49.47899],[-118.840855,49.479127],[-118.84158,49.479111],[-118.842183,49.47908],[-118.842632,49.478958],[-118.843046,49.47896],[-118.843546,49.478906],[-118.843874,49.478898],[-118.844492,49.478902],[-118.845128,49.479051],[-118.845883,49.479303],[-118.846296,49.47934],[-118.84736,49.479671]]]]},"properties":{"OBJECTID":18977,"PMBCParcelGUID":"{8029106C-7CB2-4F37-A9E6-850F352746C3}","PMBC_PID":11776111,"PMBC_PIN":11776111,"PMBC_ParcelClass":"SUBDIVISION","PMBC_OwnerType":"CROWN PROVINCIAL","PMBC_LegalDescription":"LOT 10 DISTRICT LOT 3637 SIMILKAMEEN DIVISION YALE DISTRICT PLAN 1191 EXCEPT PLAN 17634","Folio":"71307193400","FullAddress":"1R KM39 CHRISTIAN VALLEY RD ","apt_no":"1R","street_no":"KM39","street_direction_prefix":null,"street_name":"CHRISTIAN VALLEY RD","street_direction_suffix":null,"postal_code":null,"city":null,"province":"BC","AddressID":"A00000J8QR","TempKey":"8029106C-7CB2-4F37-A9E6-850F352746C3A00000J8QR","GlobalID":"{3B177D73-8363-4029-81BF-4582E3A625DC}","Shape__Area":0.0002781700695783906,"Shape__Length":0.11880214721146036}},{"type":"Feature","geometry":{"type":"Polygon","coordinates":[[[-117.804284,49.071583],[-117.804159,49.071577],[-117.804189,49.071304],[-117.804314,49.07131],[-117.804284,49.071583]]]},"properties":{"OBJECTID":18978,"PMBCParcelGUID":"{DFF7A092-10BA-4ADF-9B1B-85106DDC2C6D}","PMBC_PID":11461012,"PMBC_PIN":11461012,"PMBC_ParcelClass":"SUBDIVISION","PMBC_OwnerType":"PRIVATE","PMBC_LegalDescription":"LOT 24 BLOCK 19 DISTRICT LOT 535 KOOTENAY DISTRICT PLAN 579A","Folio":"22900158100","FullAddress":"1280 EARL ST , ROSSLAND","apt_no":null,"street_no":"1280","street_direction_prefix":null,"street_name":"EARL ST","street_direction_suffix":null,"postal_code":null,"city":"ROSSLAND","province":"BC","AddressID":"A000018NZW","TempKey":"DFF7A092-10BA-4ADF-9B1B-85106DDC2C6DA000018NZW","GlobalID":"{5053E9B8-77D3-45AE-A620-F9C7536CE57C}","Shape__Area":3.4204792219500006e-8,"Shape__Length":0.000798826999670618}},{"type":"Feature","geometry":{"type":"Polygon","coordinates":[[[-117.719993,49.118508],[-117.719784,49.118415],[-117.719866,49.11808],[-117.719997,49.118086],[-117.720127,49.11809],[-117.720073,49.118421],[-117.720073,49.118421],[-117.720054,49.118536],[-117.720013,49.118517],[-117.719993,49.118508]]]},"properties":{"OBJECTID":18979,"PMBCParcelGUID":"{899350DA-4C5C-4C12-B8B5-8511E4CB975E}","PMBC_PID":15359999,"PMBC_PIN":15359999,"PMBC_ParcelClass":"SUBDIVISION","PMBC_OwnerType":"PRIVATE","PMBC_LegalDescription":"LOT 24 BLOCK 11 DISTRICT LOT 367 KOOTENAY DISTRICT PLAN 2384","Folio":"23203167000","FullAddress":"925 CELIA CRES , TRAIL","apt_no":null,"street_no":"925","street_direction_prefix":null,"street_name":"CELIA CRES","street_direction_suffix":null,"postal_code":"V1R 1B9","city":"TRAIL","province":"BC","AddressID":"A000018TA4","TempKey":"899350DA-4C5C-4C12-B8B5-8511E4CB975EA000018TA4","GlobalID":"{30D6E4FB-E1F7-4DDB-8125-25D9027C83E0}","Shape__Area":1.0833782215500003e-7,"Shape__Length":0.0013531029308137311}},{"type":"Feature","geometry":{"type":"Polygon","coordinates":[[[-118.443286,49.02977],[-118.443118,49.029497],[-118.443245,49.029462],[-118.443414,49.029736],[-118.443286,49.02977]]]},"properties":{"OBJECTID":18980,"PMBCParcelGUID":"{6F075A69-1172-4399-98E9-851386264F26}","PMBC_PID":5312981,"PMBC_PIN":5312981,"PMBC_ParcelClass":"SUBDIVISION","PMBC_OwnerType":"PRIVATE","PMBC_LegalDescription":"LOT 6 BLOCK 46 DISTRICT LOT 108 SIMILKAMEEN DIVISION YALE DISTRICT PLAN 86","Folio":"21000424000","FullAddress":"764 72ND AVE , GRAND FORKS","apt_no":null,"street_no":"764","street_direction_prefix":null,"street_name":"72ND AVE","street_direction_suffix":null,"postal_code":null,"city":"GRAND FORKS","province":"BC","AddressID":"A00000H75W","TempKey":"6F075A69-1172-4399-98E9-851386264F26A00000H75W","GlobalID":"{662F8C26-2752-4E15-97D9-A1E99FB2E3F8}","Shape__Area":4.055521097200001e-8,"Shape__Length":0.0009061240855527579}},{"type":"Feature","geometry":{"type":"Polygon","coordinates":[[[-118.886867,49.0468],[-118.88678,49.046781],[-118.885828,49.046674],[-118.885759,49.046659],[-118.885224,49.046592],[-118.885166,49.043987],[-118.887253,49.044322],[-118.887342,49.046853],[-118.886958,49.046812],[-118.886867,49.0468]]]},"properties":{"OBJECTID":18981,"PMBCParcelGUID":"{61155A26-056A-44EB-A90D-8513B02B5FAA}","PMBC_PID":12055158,"PMBC_PIN":12055158,"PMBC_ParcelClass":"SUBDIVISION","PMBC_OwnerType":"PRIVATE","PMBC_LegalDescription":"LOT 12 DISTRICT LOT 514 SIMILAKMEEN DIVISION YALE DISTRICT PLAN 843 EXCEPT PLAN H1","Folio":"71303135000","FullAddress":"3255 HIGHWAY 3 ","apt_no":null,"street_no":"3255","street_direction_prefix":null,"street_name":"HIGHWAY 3","street_direction_suffix":null,"postal_code":null,"city":null,"province":"BC","AddressID":"A00000J7ED","TempKey":"61155A26-056A-44EB-A90D-8513B02B5FAAA00000J7ED","GlobalID":"{0DCC3228-47EB-42A9-B5DF-4BE6705A073A}","Shape__Area":0.000005382064936160501,"Shape__Length":0.009386653827592361}},{"type":"Feature","geometry":{"type":"Polygon","coordinates":[[[-119.019165,49.082975],[-119.020874,49.082969],[-119.020874,49.082978],[-119.020918,49.088735],[-119.020897,49.088668],[-119.020627,49.08781],[-119.020323,49.087279],[-119.020301,49.087236],[-119.020275,49.087169],[-119.02026,49.087102],[-119.020254,49.087033],[-119.020257,49.086983],[-119.020367,49.08594],[-119.02037,49.085911],[-119.020371,49.085883],[-119.020367,49.085811],[-119.020355,49.085739],[-119.020334,49.085668],[-119.020305,49.085598],[-119.020267,49.08553],[-119.020222,49.085465],[-119.020202,49.08544],[-119.020181,49.085415],[-119.019158,49.08426],[-119.019143,49.084243],[-119.019125,49.084221],[-119.019082,49.084156],[-119.019049,49.084089],[-119.019026,49.08402],[-119.019015,49.083949],[-119.019014,49.083879],[-119.019016,49.083854],[-119.019019,49.083829],[-119.019165,49.082975]]]},"properties":{"OBJECTID":18982,"PMBCParcelGUID":"{B4421D44-8F08-437C-A65A-8516C87B6F5E}","PMBC_PID":15747581,"PMBC_PIN":15747581,"PMBC_ParcelClass":"SUBDIVISION","PMBC_OwnerType":"PRIVATE","PMBC_LegalDescription":"LOT B DISTRICT 790S SIMILKAMEEN DIVISION YALE DISTRICT PLAN 42610","Folio":"71304105020","FullAddress":"1935 HULME CREEK RD ","apt_no":null,"street_no":"1935","street_direction_prefix":null,"street_name":"HULME CREEK RD","street_direction_suffix":null,"postal_code":null,"city":null,"province":"BC","AddressID":"A00000J7WK","TempKey":"B4421D44-8F08-437C-A65A-8516C87B6F5EA00000J7WK","GlobalID":"{FDAA2A5D-3CD8-4777-AFB7-C12981D969AB}","Shape__Area":0.0000051933625603145015,"Shape__Length":0.013866713665981913}},{"type":"Feature","geometry":{"type":"Polygon","coordinates":[[[-118.69415,49.046078],[-118.694211,49.04609],[-118.694248,49.046284],[-118.694225,49.046288],[-118.694146,49.046296],[-118.694116,49.046139],[-118.69415,49.046078]]]},"properties":{"OBJECTID":18983,"PMBCParcelGUID":"{6B6B348E-90A5-40FC-9BF4-8517957F38CB}","PMBC_PID":11540559,"PMBC_PIN":11540559,"PMBC_ParcelClass":"SUBDIVISION","PMBC_OwnerType":"PRIVATE","PMBC_LegalDescription":"LOT 1 BLOCK 1 DISTRICT LOT 1012 SIMILKAMEEN DIVISION YALE DISTRICT PLAN 90 EXCEPT PLAN H731","Folio":"71302797001","FullAddress":"","apt_no":null,"street_no":null,"street_direction_prefix":null,"street_name":null,"street_direction_suffix":null,"postal_code":null,"city":null,"province":"BC","AddressID":"D00000GBUY","TempKey":"6B6B348E-90A5-40FC-9BF4-8517957F38CBD00000GBUY","GlobalID":"{52A3A03E-D26D-4D39-8EB6-59AEBFED4314}","Shape__Area":2.0420745139500006e-8,"Shape__Length":0.0005912652618055166}},{"type":"Feature","geometry":{"type":"Polygon","coordinates":[[[-118.440819,49.048499],[-118.438983,49.04986],[-118.438927,49.051572],[-118.436893,49.051535],[-118.435163,49.051503],[-118.434421,49.05149],[-118.437962,49.048111],[-118.438356,49.048491],[-118.43935,49.047647],[-118.439512,49.047769],[-118.43968,49.047886],[-118.439855,49.048],[-118.440037,49.048109],[-118.440224,49.048213],[-118.440417,49.048313],[-118.440615,49.048409],[-118.440819,49.048499]]]},"properties":{"OBJECTID":18984,"PMBCParcelGUID":"{34E241F0-2A29-48DD-91C8-85190D36E1F7}","PMBC_PID":24827151,"PMBC_PIN":24827151,"PMBC_ParcelClass":"SUBDIVISION","PMBC_OwnerType":"PRIVATE","PMBC_LegalDescription":"LOT A DISTRICT LOT 495 SIMILKAMEEN DIVISION YALE DISTRICT PLAN KAP67245 EXCEPT PLAN KAP90634","Folio":"21001371105","FullAddress":"8626 GRANBY RD , GRAND FORKS","apt_no":null,"street_no":"8626","street_direction_prefix":null,"street_name":"GRANBY RD","street_direction_suffix":null,"postal_code":"V0H 1H1","city":"GRAND FORKS","province":"BC","AddressID":"A00000H8YH","TempKey":"34E241F0-2A29-48DD-91C8-85190D36E1F7A00000H8YH","GlobalID":"{26C5DA9A-6B32-410C-9457-3BC845CC91CB}","Shape__Area":0.000011494619191674003,"Shape__Length":0.016952344579538176}},{"type":"Feature","geometry":{"type":"Polygon","coordinates":[[[-118.541942,49.11856],[-118.541818,49.118561],[-118.541818,49.118232],[-118.541944,49.11823],[-118.541942,49.11856]]]},"properties":{"OBJECTID":18985,"PMBCParcelGUID":"{DF8682D7-D782-4960-BE69-851C731944D0}","PMBC_PID":12917761,"PMBC_PIN":12917761,"PMBC_ParcelClass":"SUBDIVISION","PMBC_OwnerType":"CROWN PROVINCIAL","PMBC_LegalDescription":"LOT 25 BLOCK 49 DISTRICT LOT 2005 SIMILKAMEEN DIVISION YALE DISTRICT PLAN 79","Folio":"71204851094","FullAddress":"","apt_no":null,"street_no":null,"street_direction_prefix":null,"street_name":null,"street_direction_suffix":null,"postal_code":null,"city":null,"province":"BC","AddressID":"D00000GTMD","TempKey":"DF8682D7-D782-4960-BE69-851C731944D0D00000GTMD","GlobalID":"{74441210-093B-4A43-9D31-50DE6AE8D222}","Shape__Area":4.120351362050001e-8,"Shape__Length":0.0009091580410206363}},{"type":"Feature","geometry":{"type":"Polygon","coordinates":[[[-118.62319,49.163805],[-118.623177,49.163758],[-118.623398,49.163593],[-118.623679,49.16374],[-118.623395,49.163969],[-118.623219,49.163877],[-118.623201,49.163841],[-118.62319,49.163805]]]},"properties":{"OBJECTID":18986,"PMBCParcelGUID":"{42B8847C-1F7E-45B5-8675-851F75AA8074}","PMBC_PID":9948287,"PMBC_PIN":9948287,"PMBC_ParcelClass":"SUBDIVISION","PMBC_OwnerType":"PRIVATE","PMBC_LegalDescription":"LOT 4 DISTRICT LOT 860 SIMILKAMEEN DIVISION YALE DISTRICT PLAN 7658","Folio":"71304154000","FullAddress":"175 JEWEL AVE , JEWEL LAKE","apt_no":null,"street_no":"175","street_direction_prefix":null,"street_name":"JEWEL AVE","street_direction_suffix":null,"postal_code":null,"city":"JEWEL LAKE","province":"BC","AddressID":"A00000J7XU","TempKey":"42B8847C-1F7E-45B5-8675-851F75AA8074A00000J7XU","GlobalID":"{7C61A41F-40CD-4616-BFFD-694DBC547714}","Shape__Area":1.0295088626300003e-7,"Shape__Length":0.001281560515961784}},{"type":"Feature","geometry":{"type":"Polygon","coordinates":[[[-118.453261,49.023677],[-118.453285,49.023668],[-118.453711,49.023505],[-118.453774,49.023575],[-118.453453,49.023698],[-118.453324,49.023747],[-118.453261,49.023677]]]},"properties":{"OBJECTID":18987,"PMBCParcelGUID":"{20CC906F-7270-4070-97BC-85205DC00AC3}","PMBC_PID":12806218,"PMBC_PIN":12806218,"PMBC_ParcelClass":"SUBDIVISION","PMBC_OwnerType":"LOCAL GOVERNMENT","PMBC_LegalDescription":"LOT 13 BLOCK 3 DISTRICT LOT 380 SIMILKAMEEN DIVISION YALE DISTRICT PLAN 35","Folio":"21000648095","FullAddress":"17TH ST , GRAND FORKS","apt_no":null,"street_no":null,"street_direction_prefix":null,"street_name":"17TH ST","street_direction_suffix":null,"postal_code":null,"city":"GRAND FORKS","province":"BC","AddressID":"A00000H7PY","TempKey":"20CC906F-7270-4070-97BC-85205DC00AC3A00000H7PY","GlobalID":"{D937DCB4-F6FA-4465-9951-0B528C0CA1AF}","Shape__Area":4.240790249600001e-8,"Shape__Length":0.0011523564954659875}},{"type":"Feature","geometry":{"type":"Polygon","coordinates":[[[-119.08951,49.438613],[-119.089903,49.438704],[-119.089868,49.438768],[-119.089476,49.438678],[-119.08951,49.438613]]]},"properties":{"OBJECTID":18988,"PMBCParcelGUID":"{910546D9-0D0C-462C-B774-852330BB7788}","PMBC_PID":12651079,"PMBC_PIN":12651079,"PMBC_ParcelClass":"SUBDIVISION","PMBC_OwnerType":"CROWN PROVINCIAL","PMBC_LegalDescription":"LOT 61 BLOCK 1 DISTRICT LOT 1545 SIMILKAMEEN DIVISION YALE DISTRICT PLAN 94","Folio":"71300045260","FullAddress":"","apt_no":null,"street_no":null,"street_direction_prefix":null,"street_name":null,"street_direction_suffix":null,"postal_code":null,"city":null,"province":"BC","AddressID":"D00000FF9S","TempKey":"910546D9-0D0C-462C-B774-852330BB7788D00000FF9S","GlobalID":"{9F79F30C-8F46-46FC-9C59-62E536D4DE02}","Shape__Area":2.838547411400001e-8,"Shape__Length":0.0009525790471602074}},{"type":"Feature","geometry":{"type":"Polygon","coordinates":[[[-118.40499,49.011161],[-118.405002,49.010001],[-118.404886,49.01],[-118.40489,49.009572],[-118.40489,49.009523],[-118.405174,49.009483],[-118.405173,49.009573],[-118.40517,49.009874],[-118.405169,49.010018],[-118.405157,49.011162],[-118.40499,49.011161]]]},"properties":{"OBJECTID":18989,"PMBCParcelGUID":"{4092962C-CFE5-4194-A39B-85257584989B}","PMBC_PID":9151796,"PMBC_PIN":9151796,"PMBC_ParcelClass":"SUBDIVISION","PMBC_OwnerType":"PRIVATE","PMBC_LegalDescription":"LOT 1 DISTRICT LOT 1475 SIMILKAMEEN DIVISION YALE DISTRICT PLAN 13918","Folio":"71204799050","FullAddress":"5525 NURSERY RD , GRAND FORKS","apt_no":null,"street_no":"5525","street_direction_prefix":null,"street_name":"NURSERY RD","street_direction_suffix":null,"postal_code":"V0H 1H9","city":"GRAND FORKS","province":"BC","AddressID":"A00000J5LL","TempKey":"4092962C-CFE5-4194-A39B-85257584989BA00000J5LL","GlobalID":"{B3F5D17D-3351-424D-B6F7-2C2731F7E3B7}","Shape__Area":3.3447200553700007e-7,"Shape__Length":0.003887034775058708}},{"type":"Feature","geometry":{"type":"Polygon","coordinates":[[[-118.593669,49.099296],[-118.593769,49.099003],[-118.593891,49.099019],[-118.593791,49.099315],[-118.593669,49.099296]]]},"properties":{"OBJECTID":18990,"PMBCParcelGUID":"{5A69159D-B8A7-4B8F-A5B6-8525AAEEF886}","PMBC_PID":12258571,"PMBC_PIN":12258571,"PMBC_ParcelClass":"SUBDIVISION","PMBC_OwnerType":"PRIVATE","PMBC_LegalDescription":"LOT 12 BLOCK 25 DISTRICT LOT 922 SIMILKAMEEN DIVISION YALE DISTRICT PLAN 60","Folio":"71203504295","FullAddress":"","apt_no":null,"street_no":null,"street_direction_prefix":null,"street_name":null,"street_direction_suffix":null,"postal_code":null,"city":null,"province":"BC","AddressID":"D00000GC2F","TempKey":"5A69159D-B8A7-4B8F-A5B6-8525AAEEF886D00000GC2F","GlobalID":"{33DC994A-0CD7-44F7-A8AE-89FFAEBB38EC}","Shape__Area":3.7781624877000006e-8,"Shape__Length":0.000869302554607204}},{"type":"Feature","geometry":{"type":"Polygon","coordinates":[[[-118.230448,49.101358],[-118.230472,49.101355],[-118.230555,49.101351],[-118.23059,49.101354],[-118.230709,49.101353],[-118.230711,49.10137],[-118.230725,49.101473],[-118.230735,49.101541],[-118.230484,49.101549],[-118.230475,49.101503],[-118.230451,49.101376],[-118.230448,49.101358]]]},"properties":{"OBJECTID":18991,"PMBCParcelGUID":"{64323953-1A5D-4F54-8CD6-8529658BEE79}","PMBC_PID":10149180,"PMBC_PIN":10149180,"PMBC_ParcelClass":"SUBDIVISION","PMBC_OwnerType":"PRIVATE","PMBC_LegalDescription":"LOT 4 BLOCK 2 DISTRICT LOT 963 SIMILKAMEEN DIVISION YALE DISTRICT PLAN 6348","Folio":"71204246000","FullAddress":"77 EAST LAKE DR , CHRISTINA LAKE","apt_no":null,"street_no":"77","street_direction_prefix":null,"street_name":"EAST LAKE DR","street_direction_suffix":null,"postal_code":"V0H 1E1","city":"CHRISTINA LAKE","province":"BC","AddressID":"A00000J4SH","TempKey":"64323953-1A5D-4F54-8CD6-8529658BEE79A00000J4SH","GlobalID":"{40FE3CEC-AB5D-41B1-849A-1B73FFA0A78C}","Shape__Area":4.9175363373500014e-8,"Shape__Length":0.0008961086968654649}},{"type":"Feature","geometry":{"type":"Polygon","coordinates":[[[-118.80039,49.553568],[-118.800823,49.553063],[-118.801206,49.552546],[-118.801392,49.552053],[-118.801456,49.551548],[-118.801396,49.551117],[-118.801322,49.550972],[-118.801218,49.55077],[-118.800888,49.550477],[-118.800421,49.550273],[-118.799808,49.550084],[-118.799644,49.550066],[-118.799462,49.550047],[-118.799237,49.550064],[-118.799003,49.550085],[-118.798469,49.55021],[-118.798069,49.550349],[-118.797717,49.550481],[-118.797474,49.550572],[-118.797191,49.550652],[-118.796948,49.550724],[-118.796507,49.550796],[-118.796279,49.550797],[-118.796066,49.550734],[-118.795789,49.550602],[-118.795571,49.55044],[-118.795488,49.550227],[-118.79551,49.550086],[-118.795669,49.549817],[-118.796261,49.549295],[-118.796637,49.549033],[-118.798105,49.548383],[-118.799234,49.547687],[-118.80006,49.546833],[-118.800337,49.546064],[-118.800374,49.545685],[-118.799799,49.544744],[-118.798784,49.544569],[-118.804029,49.544608],[-118.803954,49.548227],[-118.80669,49.548228],[-118.80782,49.548228],[-118.808102,49.54823],[-118.809783,49.548244],[-118.809788,49.548244],[-118.809668,49.554285],[-118.809665,49.554285],[-118.808268,49.554175],[-118.807445,49.554111],[-118.807171,49.554092],[-118.807104,49.554264],[-118.806674,49.558189],[-118.806373,49.559068],[-118.805607,49.559061],[-118.803948,49.559045],[-118.798457,49.558994],[-118.798437,49.557893],[-118.798808,49.557732],[-118.799108,49.557642],[-118.799749,49.557544],[-118.800274,49.557438],[-118.800772,49.557281],[-118.801038,49.557157],[-118.801099,49.557107],[-118.801163,49.557049],[-118.801267,49.55691],[-118.80136,49.556791],[-118.801466,49.556513],[-118.801481,49.556218],[-118.801435,49.556002],[-118.801142,49.555702],[-118.800188,49.554976],[-118.800062,49.554853],[-118.799952,49.554647],[-118.79989,49.554359],[-118.800042,49.554012],[-118.800083,49.553958],[-118.800235,49.553759],[-118.80039,49.553568]],[[-118.807462,49.549596],[-118.807043,49.549556],[-118.805999,49.549457],[-118.805671,49.550811],[-118.807126,49.550949],[-118.807264,49.550392],[-118.807462,49.549596]]]},"properties":{"OBJECTID":18992,"PMBCParcelGUID":"{13E14A77-C370-41F8-AA0F-8529C37CDB5D}","PMBC_PID":14785862,"PMBC_PIN":14785862,"PMBC_ParcelClass":"SUBDIVISION","PMBC_OwnerType":"PRIVATE","PMBC_LegalDescription":"DISTRICT LOT 572S SIMILKAMEEN DIVISION YALE DISTRICT EXCEPT PLANS 6708, 27818 AND KAP90691","Folio":"71303479000","FullAddress":"8170 CHRISTIAN VALLEY RD ","apt_no":null,"street_no":"8170","street_direction_prefix":null,"street_name":"CHRISTIAN VALLEY RD","street_direction_suffix":null,"postal_code":null,"city":null,"province":"BC","AddressID":"A00000J7FB","TempKey":"13E14A77-C370-41F8-AA0F-8529C37CDB5DA00000J7FB","GlobalID":"{000A6000-0A67-46A4-A699-57D765B76C38}","Shape__Area":0.00010762120147345752,"Shape__Length":0.06891287907261749}},{"type":"Feature","geometry":{"type":"Polygon","coordinates":[[[-118.80039,49.553568],[-118.800823,49.553063],[-118.801206,49.552546],[-118.801392,49.552053],[-118.801456,49.551548],[-118.801396,49.551117],[-118.801322,49.550972],[-118.801218,49.55077],[-118.800888,49.550477],[-118.800421,49.550273],[-118.799808,49.550084],[-118.799644,49.550066],[-118.799462,49.550047],[-118.799237,49.550064],[-118.799003,49.550085],[-118.798469,49.55021],[-118.798069,49.550349],[-118.797717,49.550481],[-118.797474,49.550572],[-118.797191,49.550652],[-118.796948,49.550724],[-118.796507,49.550796],[-118.796279,49.550797],[-118.796066,49.550734],[-118.795789,49.550602],[-118.795571,49.55044],[-118.795488,49.550227],[-118.79551,49.550086],[-118.795669,49.549817],[-118.796261,49.549295],[-118.796637,49.549033],[-118.798105,49.548383],[-118.799234,49.547687],[-118.80006,49.546833],[-118.800337,49.546064],[-118.800374,49.545685],[-118.799799,49.544744],[-118.798784,49.544569],[-118.804029,49.544608],[-118.803954,49.548227],[-118.80669,49.548228],[-118.80782,49.548228],[-118.808102,49.54823],[-118.809783,49.548244],[-118.809788,49.548244],[-118.809668,49.554285],[-118.809665,49.554285],[-118.808268,49.554175],[-118.807445,49.554111],[-118.807171,49.554092],[-118.807104,49.554264],[-118.806674,49.558189],[-118.806373,49.559068],[-118.805607,49.559061],[-118.803948,49.559045],[-118.798457,49.558994],[-118.798437,49.557893],[-118.798808,49.557732],[-118.799108,49.557642],[-118.799749,49.557544],[-118.800274,49.557438],[-118.800772,49.557281],[-118.801038,49.557157],[-118.801099,49.557107],[-118.801163,49.557049],[-118.801267,49.55691],[-118.80136,49.556791],[-118.801466,49.556513],[-118.801481,49.556218],[-118.801435,49.556002],[-118.801142,49.555702],[-118.800188,49.554976],[-118.800062,49.554853],[-118.799952,49.554647],[-118.79989,49.554359],[-118.800042,49.554012],[-118.800083,49.553958],[-118.800235,49.553759],[-118.80039,49.553568]],[[-118.807462,49.549596],[-118.807043,49.549556],[-118.805999,49.549457],[-118.805671,49.550811],[-118.807126,49.550949],[-118.807264,49.550392],[-118.807462,49.549596]]]},"properties":{"OBJECTID":18993,"PMBCParcelGUID":"{13E14A77-C370-41F8-AA0F-8529C37CDB5D}","PMBC_PID":14785862,"PMBC_PIN":14785862,"PMBC_ParcelClass":"SUBDIVISION","PMBC_OwnerType":"PRIVATE","PMBC_LegalDescription":"DISTRICT LOT 572S SIMILKAMEEN DIVISION YALE DISTRICT EXCEPT PLANS 6708, 27818 AND KAP90691","Folio":"71303479000","FullAddress":"1R KM49 CHRISTIAN VALLEY RD ","apt_no":"1R","street_no":"KM49","street_direction_prefix":null,"street_name":"CHRISTIAN VALLEY RD","street_direction_suffix":null,"postal_code":null,"city":null,"province":"BC","AddressID":"A00000J7FC","TempKey":"13E14A77-C370-41F8-AA0F-8529C37CDB5DA00000J7FC","GlobalID":"{CDB870FD-5606-473B-9D33-D84825B97ED3}","Shape__Area":0.00010762120147345752,"Shape__Length":0.06891287907261749}},{"type":"Feature","geometry":{"type":"MultiPolygon","coordinates":[[[[-118.23515,49.113275],[-118.235381,49.113619],[-118.234623,49.113616],[-118.234415,49.113335],[-118.234415,49.113265],[-118.23515,49.113275]]],[[[-118.235788,49.113632],[-118.235618,49.11363],[-118.235392,49.11327],[-118.235566,49.113263],[-118.235578,49.113275],[-118.235624,49.113345],[-118.235667,49.113422],[-118.235723,49.113527],[-118.235776,49.113607],[-118.235788,49.113632]]]]},"properties":{"OBJECTID":18994,"PMBCParcelGUID":"{1B06ED99-DDAF-42B4-B38A-852C77575B9C}","PMBC_PID":11074493,"PMBC_PIN":11074493,"PMBC_ParcelClass":"SUBDIVISION","PMBC_OwnerType":"PRIVATE","PMBC_LegalDescription":"LOT 18 DISTRICT LOT 3063S SIMILKAMEEN DIVISION YALE DISTRICT PLAN 1919","Folio":"71207045000","FullAddress":"3215 EAST LAKE DR , CHRISTINA LAKE","apt_no":null,"street_no":"3215","street_direction_prefix":null,"street_name":"EAST LAKE DR","street_direction_suffix":null,"postal_code":"V0H 1E1","city":"CHRISTINA LAKE","province":"BC","AddressID":"A00000J625","TempKey":"1B06ED99-DDAF-42B4-B38A-852C77575B9CA00000J625","GlobalID":"{EACC9AE3-9895-44EB-8934-5CBC43ABB93E}","Shape__Area":3.296361186520001e-7,"Shape__Length":0.0035270350484849756}},{"type":"Feature","geometry":{"type":"Polygon","coordinates":[[[-117.743917,49.092234],[-117.743832,49.092168],[-117.743954,49.092077],[-117.743975,49.092064],[-117.74398,49.092067],[-117.744278,49.09227],[-117.743917,49.092234]]]},"properties":{"OBJECTID":18995,"PMBCParcelGUID":"{77996B81-BB15-419C-ABC2-853324B1B5A8}","PMBC_PID":13263820,"PMBC_PIN":13263820,"PMBC_ParcelClass":"SUBDIVISION","PMBC_OwnerType":"PRIVATE","PMBC_LegalDescription":"LOT 1 DISTRICT LOT 4597 KOOTENAY DISTRICT PLAN 1902","Folio":"58800409000","FullAddress":"451 WELLINGTON AVE , WARFIELD","apt_no":null,"street_no":"451","street_direction_prefix":null,"street_name":"WELLINGTON AVE","street_direction_suffix":null,"postal_code":"V1R 2L1","city":"WARFIELD","province":"BC","AddressID":"A0000192U5","TempKey":"77996B81-BB15-419C-ABC2-853324B1B5A8A0000192U5","GlobalID":"{C60ED212-BB27-410F-8244-D1333427D9D8}","Shape__Area":4.101758184650001e-8,"Shape__Length":0.001014208357360502}},{"type":"Feature","geometry":{"type":"Polygon","coordinates":[[[-118.546424,49.152768],[-118.546647,49.152489],[-118.546747,49.152519],[-118.54652,49.152798],[-118.546424,49.152768]]]},"properties":{"OBJECTID":18996,"PMBCParcelGUID":"{B95E0B07-8C8F-48B6-959D-85332F273F36}","PMBC_PID":12730343,"PMBC_PIN":12730343,"PMBC_ParcelClass":"SUBDIVISION","PMBC_OwnerType":"CROWN PROVINCIAL","PMBC_LegalDescription":"LOT 18 BLOCK 24 DISTRICT LOT 1223 OSOYOOS DIVISION YALE DISTRICT PLAN 71","Folio":"71204651482","FullAddress":"HIGHWAY 3 ","apt_no":null,"street_no":null,"street_direction_prefix":null,"street_name":"HIGHWAY 3","street_direction_suffix":null,"postal_code":null,"city":null,"province":"BC","AddressID":"A00000J5DT","TempKey":"B95E0B07-8C8F-48B6-959D-85332F273F36A00000J5DT","GlobalID":"{2783B36A-83FC-4003-856F-1A9629ABEA6D}","Shape__Area":3.432641458800001e-8,"Shape__Length":0.0009226753691699688}},{"type":"Feature","geometry":{"type":"Polygon","coordinates":[[[-118.699557,49.039692],[-118.699516,49.039709],[-118.699383,49.039761],[-118.699342,49.039777],[-118.699325,49.039784],[-118.699143,49.039856],[-118.69911,49.039868],[-118.699049,49.039801],[-118.699016,49.039765],[-118.699018,49.039763],[-118.69902,49.03976],[-118.699021,49.039758],[-118.699023,49.039756],[-118.699025,49.039754],[-118.699027,49.039751],[-118.699029,49.039749],[-118.699031,49.039747],[-118.699033,49.039745],[-118.699035,49.039742],[-118.699037,49.03974],[-118.699039,49.039738],[-118.699041,49.039736],[-118.699043,49.039733],[-118.699045,49.039731],[-118.699047,49.039729],[-118.69905,49.039727],[-118.699052,49.039725],[-118.699054,49.039722],[-118.699056,49.03972],[-118.699058,49.039718],[-118.699061,49.039716],[-118.699063,49.039714],[-118.699065,49.039712],[-118.699067,49.039709],[-118.69907,49.039707],[-118.699072,49.039705],[-118.699075,49.039703],[-118.699077,49.039701],[-118.699079,49.039699],[-118.699082,49.039697],[-118.699084,49.039695],[-118.699087,49.039693],[-118.699089,49.039691],[-118.699092,49.039689],[-118.699094,49.039687],[-118.699097,49.039685],[-118.699099,49.039683],[-118.699102,49.039681],[-118.699105,49.039679],[-118.699107,49.039677],[-118.69911,49.039675],[-118.699113,49.039673],[-118.699115,49.039672],[-118.699118,49.03967],[-118.699121,49.039668],[-118.699124,49.039666],[-118.699126,49.039664],[-118.699129,49.039663],[-118.699132,49.039661],[-118.699135,49.039659],[-118.699138,49.039658],[-118.69914,49.039656],[-118.699143,49.039654],[-118.699146,49.039653],[-118.699149,49.039651],[-118.699152,49.03965],[-118.699155,49.039648],[-118.699158,49.039647],[-118.699161,49.039645],[-118.699164,49.039644],[-118.699167,49.039642],[-118.69917,49.039641],[-118.699173,49.039639],[-118.699176,49.039638],[-118.69918,49.039637],[-118.699183,49.039636],[-118.699186,49.039634],[-118.699189,49.039633],[-118.699192,49.039632],[-118.699195,49.039631],[-118.699199,49.039629],[-118.699202,49.039628],[-118.699205,49.039627],[-118.699208,49.039626],[-118.699212,49.039625],[-118.699215,49.039624],[-118.699218,49.039623],[-118.699222,49.039622],[-118.699225,49.039621],[-118.699229,49.039621],[-118.699232,49.03962],[-118.699235,49.039619],[-118.699239,49.039618],[-118.699242,49.039618],[-118.699246,49.039617],[-118.699249,49.039616],[-118.699253,49.039616],[-118.699256,49.039615],[-118.69926,49.039615],[-118.699263,49.039614],[-118.699267,49.039614],[-118.69927,49.039613],[-118.699274,49.039613],[-118.699278,49.039612],[-118.699281,49.039612],[-118.699285,49.039612],[-118.699288,49.039611],[-118.699292,49.039611],[-118.699296,49.039611],[-118.699299,49.03961],[-118.699303,49.03961],[-118.699307,49.03961],[-118.699311,49.03961],[-118.699312,49.03961],[-118.699314,49.03961],[-118.699318,49.03961],[-118.699322,49.039609],[-118.699326,49.039609],[-118.699329,49.039609],[-118.699333,49.039609],[-118.699337,49.039609],[-118.699341,49.039609],[-118.699344,49.039609],[-118.699348,49.039609],[-118.699352,49.039609],[-118.699356,49.039609],[-118.69936,49.039609],[-118.699363,49.039609],[-118.699367,49.039609],[-118.699371,49.039609],[-118.699375,49.039609],[-118.699379,49.039609],[-118.699382,49.039609],[-118.699386,49.039609],[-118.69939,49.03961],[-118.699394,49.03961],[-118.699398,49.03961],[-118.699402,49.03961],[-118.699406,49.03961],[-118.699409,49.03961],[-118.699413,49.03961],[-118.699417,49.03961],[-118.699421,49.03961],[-118.699425,49.03961],[-118.699429,49.03961],[-118.699432,49.03961],[-118.699436,49.03961],[-118.69944,49.03961],[-118.699444,49.03961],[-118.699448,49.03961],[-118.699452,49.03961],[-118.699455,49.03961],[-118.699459,49.03961],[-118.699463,49.03961],[-118.699467,49.03961],[-118.699471,49.03961],[-118.699474,49.03961],[-118.699478,49.03961],[-118.699482,49.03961],[-118.699544,49.039678],[-118.699557,49.039692]]]},"properties":{"OBJECTID":18997,"PMBCParcelGUID":"{06ADCCD1-3613-4217-9FFD-85347739518D}","PMBC_PID":13055747,"PMBC_PIN":13055747,"PMBC_ParcelClass":"SUBDIVISION","PMBC_OwnerType":"MIXED OWNERSHIP","PMBC_LegalDescription":"LOT 1 BLOCK 2 DISTRICT LOT 429 SIMILKAMEEN DIVISION YALE DISTRICT PLAN 19","Folio":"71302793900","FullAddress":"OLIVE ST ","apt_no":null,"street_no":null,"street_direction_prefix":null,"street_name":"OLIVE ST","street_direction_suffix":null,"postal_code":null,"city":null,"province":"BC","AddressID":"A00000J77B","TempKey":"06ADCCD1-3613-4217-9FFD-85347739518DA00000J77B","GlobalID":"{47AD7CC2-36AA-49CE-9A39-71CAF1EFD104}","Shape__Area":7.832389338500002e-8,"Shape__Length":0.0012474739704830696}},{"type":"Feature","geometry":{"type":"Polygon","coordinates":[[[-117.790374,49.075022],[-117.790499,49.075027],[-117.790466,49.0753],[-117.790342,49.075294],[-117.790374,49.075022]]]},"properties":{"OBJECTID":18998,"PMBCParcelGUID":"{5C8CEF56-0710-45C5-947C-8538D63DCD42}","PMBC_PID":16207891,"PMBC_PIN":16207891,"PMBC_ParcelClass":"SUBDIVISION","PMBC_OwnerType":"PRIVATE","PMBC_LegalDescription":"LOT 4 BLOCK 50 SECTION 35 TOWNSHIP 9A KOOTENAY DISTRICT PLAN 616C","Folio":"22900939000","FullAddress":"2630 KOOTENAY AVE , ROSSLAND","apt_no":null,"street_no":"2630","street_direction_prefix":null,"street_name":"KOOTENAY AVE","street_direction_suffix":null,"postal_code":null,"city":"ROSSLAND","province":"BC","AddressID":"A000018PX4","TempKey":"5C8CEF56-0710-45C5-947C-8538D63DCD42A000018PX4","GlobalID":"{E74A11DA-05D0-419D-849F-B51BAF67472D}","Shape__Area":3.4119257175000006e-8,"Shape__Length":0.0007981980745792803}},{"type":"Feature","geometry":{"type":"Polygon","coordinates":[[[-118.528929,49.115334],[-118.529054,49.115333],[-118.529054,49.115661],[-118.528928,49.115662],[-118.528929,49.115334]]]},"properties":{"OBJECTID":18999,"PMBCParcelGUID":"{02FB7F9C-E667-468F-B572-85398FA24920}","PMBC_PID":14172682,"PMBC_PIN":14172682,"PMBC_ParcelClass":"SUBDIVISION","PMBC_OwnerType":"CROWN PROVINCIAL","PMBC_LegalDescription":"LOT 7 BLOCK 85 DISTRICT LOT 2005 SIMILKAMEEN DIVISION YALE DISTRICT PLAN 79","Folio":"71204852674","FullAddress":"","apt_no":null,"street_no":null,"street_direction_prefix":null,"street_name":null,"street_direction_suffix":null,"postal_code":null,"city":null,"province":"BC","AddressID":"D00000GBJF","TempKey":"02FB7F9C-E667-468F-B572-85398FA24920D00000GBJF","GlobalID":"{E1E71E77-FC06-471C-87D7-6DAC8982C78E}","Shape__Area":4.121288680250001e-8,"Shape__Length":0.0009079294389506396}},{"type":"Feature","geometry":{"type":"Polygon","coordinates":[[[-117.697918,49.098929],[-117.697841,49.098846],[-117.698055,49.09876],[-117.698274,49.098786],[-117.697918,49.098929]]]},"properties":{"OBJECTID":19000,"PMBCParcelGUID":"{ED1083D2-16AF-44D2-AA1A-8539E8343D6F}","PMBC_PID":15650731,"PMBC_PIN":15650731,"PMBC_ParcelClass":"SUBDIVISION","PMBC_OwnerType":"PRIVATE","PMBC_LegalDescription":"LOT 16 DISTRICT LOT 2919 KOOTENAY DISTRICT PLAN 1617","Folio":"23202303000","FullAddress":"1631 FIFTH AVE , TRAIL","apt_no":null,"street_no":"1631","street_direction_prefix":null,"street_name":"FIFTH AVE","street_direction_suffix":null,"postal_code":"V1R 1V1","city":"TRAIL","province":"BC","AddressID":"A000018SRJ","TempKey":"ED1083D2-16AF-44D2-AA1A-8539E8343D6FA000018SRJ","GlobalID":"{3943968C-299A-4B67-92C3-24C6058E6061}","Shape__Area":3.238354865950001e-8,"Shape__Length":0.0009477502735879221}}]}
