{"type":"FeatureCollection","features":[{"type":"Feature","geometry":{"type":"Polygon","coordinates":[[[-118.225504,49.103275],[-118.224753,49.103089],[-118.223987,49.1029],[-118.223219,49.10271],[-118.222446,49.10252],[-118.221873,49.102378],[-118.221877,49.102371],[-118.222345,49.101558],[-118.222758,49.101011],[-118.223173,49.101241],[-118.224422,49.101777],[-118.225201,49.101976],[-118.225506,49.102015],[-118.225699,49.102039],[-118.226981,49.102028],[-118.226485,49.10289],[-118.226391,49.103054],[-118.226328,49.103164],[-118.22617,49.103439],[-118.225504,49.103275]]]},"properties":{"GlobalID":"{FAE73045-3649-4310-B17D-6C93FC18C27C}","Name":"014948311","PlanID":"{F0DB3B36-A152-4C45-B118-275779D2B1D7}","PlanNumber":"NO_PLAN","PIN":null,"PID":14948311,"Designation1":"PART 963","Designation2":null,"Designation3":null,"ParcelStatus":"ACTIVE","RegionalDistrict":"0019","ParcelClass":"SUBDIVISION","SourceParcelID":null,"GeometrySource":"ICF","IsRemainder":"NO","ParcelStartDate":null,"PositionalError":3.8014145,"LegalDescription":"THAT PART OF DISTRICT LOT 963 SIMILKAMEEN DIVISION YALE DISTRICT INCLUDED WITHIN THE BOUNDARIES OF PLAN DEPOSITED UNDER DD 193069F","CaptureMethod":"UNKNOWN","OwnerType":"CROWN PROVINCIAL","Compiled":1,"CreatedDate":"2016-09-20T23:24:06.000Z","ModifiedDate":"2025-04-24T17:58:10.000Z","StatedArea":null,"ErrorReportedBy":"LSA","Municipality":"0163","OBJECTID":49662,"created_user":"SDE","created_date":"2024-11-12T16:15:31.000Z","last_edited_user":"SDE","last_edited_date":"2026-03-25T16:06:10.000Z","Shape__Area":47353.369996425,"Shape__Length":1008.2178226718589,"CommonName":null,"SourceGlobalID":"{44DDF522-2A99-4178-B1C6-ED104D844F58}","Comments":null,"UpdateStatus":"AUTO","UpdateSource":"PMBC"}},{"type":"Feature","geometry":{"type":"Polygon","coordinates":[[[-118.234277,49.101769],[-118.234265,49.101708],[-118.234483,49.101691],[-118.234513,49.101689],[-118.234548,49.101908],[-118.234454,49.101872],[-118.234392,49.101843],[-118.234333,49.101808],[-118.234277,49.101769]]]},"properties":{"GlobalID":"{4C3742BC-D70A-4F8B-A1B3-D4894088B176}","Name":"002034450","PlanID":"{A451A3CC-EBD7-4B93-8A2A-C233C144C473}","PlanNumber":"KAP6348","PIN":null,"PID":2034450,"Designation1":"Lot 23","Designation2":"Block 4","Designation3":null,"ParcelStatus":"ACTIVE","RegionalDistrict":"0019","ParcelClass":"SUBDIVISION","SourceParcelID":null,"GeometrySource":"ICF","IsRemainder":"NO","ParcelStartDate":null,"PositionalError":1.69227873,"LegalDescription":"LOT 23 BLOCK 4 DISTRICT LOT 963 SIMILKAMEEN DIVISION YALE DISTRICT PLAN 6348","CaptureMethod":"UNKNOWN","OwnerType":"PRIVATE","Compiled":1,"CreatedDate":"2016-09-20T23:24:06.000Z","ModifiedDate":"2025-03-17T22:00:03.000Z","StatedArea":null,"ErrorReportedBy":"PMBC-OPERATIONS","Municipality":"0163","OBJECTID":49663,"created_user":"SDE","created_date":"2024-11-12T16:15:31.000Z","last_edited_user":"SDE","last_edited_date":"2026-03-25T16:06:10.000Z","Shape__Area":302.870689355,"Shape__Length":74.76728000974138,"CommonName":null,"SourceGlobalID":"{AF7CE997-EDE1-4663-9DCA-69AE5040001C}","Comments":null,"UpdateStatus":"AUTO","UpdateSource":"PMBC"}},{"type":"Feature","geometry":{"type":"Polygon","coordinates":[[[-118.230334,49.109469],[-118.230389,49.109358],[-118.230568,49.108995],[-118.230568,49.108995],[-118.230649,49.109005],[-118.231531,49.109105],[-118.231547,49.109107],[-118.23176,49.109131],[-118.231938,49.109152],[-118.233128,49.109287],[-118.232865,49.109866],[-118.232209,49.109884],[-118.232017,49.109889],[-118.231869,49.109886],[-118.231675,49.109881],[-118.231696,49.109486],[-118.231701,49.109396],[-118.231657,49.109395],[-118.231193,49.109384],[-118.230982,49.109436],[-118.23096,49.109441],[-118.230423,49.109465],[-118.230334,49.109469]]]},"properties":{"GlobalID":"{18B73D76-FEDE-40AF-8F7C-B77227463813}","Name":"031396046","PlanID":"{E3300ED6-75E5-4D36-A540-AEFE09D3B089}","PlanNumber":"EPP107272","PIN":null,"PID":31396046,"Designation1":"Lot 1","Designation2":null,"Designation3":null,"ParcelStatus":"ACTIVE","RegionalDistrict":"0019","ParcelClass":"SUBDIVISION","SourceParcelID":null,"GeometrySource":"SPDS","IsRemainder":null,"ParcelStartDate":"2021-05-12T07:00:00.000Z","PositionalError":0.09326499,"LegalDescription":"LOT 1 DISTRICT LOT 4037S SIMILKAMEEN DIVISION YALE DISTRICT PLAN EPP107272","CaptureMethod":"SPDS","OwnerType":"PRIVATE","Compiled":0,"CreatedDate":"2021-05-25T15:26:35.000Z","ModifiedDate":"2025-03-17T22:00:03.000Z","StatedArea":"10921","ErrorReportedBy":"LSA","Municipality":"0163","OBJECTID":49664,"created_user":"SDE","created_date":"2024-11-12T16:15:31.000Z","last_edited_user":"SDE","last_edited_date":"2026-03-25T16:06:10.000Z","Shape__Area":10912.480579985,"Shape__Length":554.0848612895535,"CommonName":null,"SourceGlobalID":"{8C139029-2FC9-4D28-A070-921B9595827F}","Comments":null,"UpdateStatus":"AUTO","UpdateSource":"PMBC"}},{"type":"Feature","geometry":{"type":"MultiPolygon","coordinates":[[[[-118.235443,49.112164],[-118.235435,49.112176],[-118.235218,49.112174],[-118.235338,49.111986],[-118.235388,49.111914],[-118.235592,49.111994],[-118.235579,49.112006],[-118.235568,49.11202],[-118.235559,49.112036],[-118.235552,49.112052],[-118.235531,49.112077],[-118.235509,49.1121],[-118.235461,49.112142],[-118.235443,49.112164]]],[[[-118.234521,49.112192],[-118.234405,49.11219],[-118.234405,49.112104],[-118.234403,49.111701],[-118.235104,49.111881],[-118.234925,49.112195],[-118.2349,49.112193],[-118.234772,49.112193],[-118.234521,49.112192]]]]},"properties":{"GlobalID":"{C8C13BCA-21F1-4C8B-AF41-6F826926BBB9}","Name":"026337100","PlanID":"{F5E58C62-5B48-489A-93A4-467487F8881F}","PlanNumber":"KAP78463","PIN":null,"PID":26337100,"Designation1":"Lot 1","Designation2":null,"Designation3":null,"ParcelStatus":"ACTIVE","RegionalDistrict":"0019","ParcelClass":"SUBDIVISION","SourceParcelID":null,"GeometrySource":"ICF","IsRemainder":"NO","ParcelStartDate":"2005-07-14T07:00:00.000Z","PositionalError":3.20356673,"LegalDescription":"LOT 1 DISTRICT LOT 3063S SIMILKAMEEN DIVISION YALE DISTRICT PLAN KAP78463","CaptureMethod":"UNKNOWN","OwnerType":"PRIVATE","Compiled":1,"CreatedDate":"2016-09-20T23:24:06.000Z","ModifiedDate":"2022-01-19T23:19:33.000Z","StatedArea":null,"ErrorReportedBy":"LSA","Municipality":"0163","OBJECTID":49665,"created_user":"SDE","created_date":"2024-11-12T16:15:31.000Z","last_edited_user":"SDE","last_edited_date":"2026-03-25T16:06:10.000Z","Shape__Area":2491.692419495,"Shape__Length":272.59081163160687,"CommonName":null,"SourceGlobalID":"{D1F130F0-D5CC-44EA-859A-5AF9F606D36A}","Comments":null,"UpdateStatus":"AUTO","UpdateSource":"PMBC"}},{"type":"Feature","geometry":{"type":"Polygon","coordinates":[[[-118.232372,49.100925],[-118.232374,49.100938],[-118.23241,49.101131],[-118.232171,49.101202],[-118.232139,49.10103],[-118.232137,49.101017],[-118.232273,49.100959],[-118.232301,49.100945],[-118.232372,49.100925]]]},"properties":{"GlobalID":"{F5A31495-94C4-4271-BD3A-9F0895EE1155}","Name":"010149333","PlanID":"{A451A3CC-EBD7-4B93-8A2A-C233C144C473}","PlanNumber":"KAP6348","PIN":null,"PID":10149333,"Designation1":"Lot 11","Designation2":"Block 2","Designation3":null,"ParcelStatus":"ACTIVE","RegionalDistrict":"0019","ParcelClass":"SUBDIVISION","SourceParcelID":null,"GeometrySource":"ICF","IsRemainder":"NO","ParcelStartDate":null,"PositionalError":2.00850195,"LegalDescription":"LOT 11 BLOCK 2 DISTRICT LOT 963 SIMILKAMEEN DIVISION YALE DISTRICT PLAN 6348","CaptureMethod":"UNKNOWN","OwnerType":"PRIVATE","Compiled":1,"CreatedDate":"2016-09-20T23:24:06.000Z","ModifiedDate":"2022-01-19T23:19:33.000Z","StatedArea":null,"ErrorReportedBy":"LSA","Municipality":"0163","OBJECTID":49666,"created_user":"SDE","created_date":"2024-11-12T16:15:31.000Z","last_edited_user":"SDE","last_edited_date":"2026-03-25T16:06:10.000Z","Shape__Area":406.078674055,"Shape__Length":83.03829943930376,"CommonName":null,"SourceGlobalID":"{02031899-BF72-490F-9F40-DACF171BD6FD}","Comments":null,"UpdateStatus":"AUTO","UpdateSource":"PMBC"}},{"type":"Feature","geometry":{"type":"Polygon","coordinates":[[[-118.225333,49.105484],[-118.225387,49.105482],[-118.22544,49.105476],[-118.225466,49.105502],[-118.226636,49.106699],[-118.226665,49.106729],[-118.225993,49.107007],[-118.225962,49.106978],[-118.224693,49.105822],[-118.224749,49.105796],[-118.224803,49.105769],[-118.224853,49.105742],[-118.224899,49.105709],[-118.224943,49.105672],[-118.224982,49.105632],[-118.225017,49.105587],[-118.225051,49.105555],[-118.22509,49.105528],[-118.225132,49.105507],[-118.225176,49.105493],[-118.225222,49.105485],[-118.225269,49.105484],[-118.225333,49.105484]]]},"properties":{"GlobalID":"{392F5A5B-602C-493B-B773-9052F7F2C815}","Name":"026838702","PlanID":"{95BAA5EF-BD59-43F5-A001-EF929C788D89}","PlanNumber":"KAP82119","PIN":null,"PID":26838702,"Designation1":"Lot 3","Designation2":null,"Designation3":null,"ParcelStatus":"ACTIVE","RegionalDistrict":"0019","ParcelClass":"SUBDIVISION","SourceParcelID":null,"GeometrySource":"ICF","IsRemainder":"NO","ParcelStartDate":"2006-10-18T07:00:00.000Z","PositionalError":4.14625302,"LegalDescription":"LOT 3 DISTRICT LOT 963 SIMILKAMEEN DIVISION YALE DISTRICT PLAN KAP82119","CaptureMethod":"UNKNOWN","OwnerType":"PRIVATE","Compiled":1,"CreatedDate":"2016-09-20T23:24:06.000Z","ModifiedDate":"2022-01-19T23:19:33.000Z","StatedArea":null,"ErrorReportedBy":"LSA","Municipality":"0163","OBJECTID":49668,"created_user":"SDE","created_date":"2024-11-12T16:15:31.000Z","last_edited_user":"SDE","last_edited_date":"2026-03-25T16:06:10.000Z","Shape__Area":10522.06406173,"Shape__Length":457.0000432198469,"CommonName":null,"SourceGlobalID":"{B179D396-433E-4AA4-A190-6D92750288B2}","Comments":null,"UpdateStatus":"AUTO","UpdateSource":"PMBC"}},{"type":"Feature","geometry":{"type":"Polygon","coordinates":[[[-118.23412,49.100982],[-118.234368,49.100964],[-118.234467,49.101438],[-118.234468,49.101442],[-118.23448,49.101499],[-118.234491,49.101562],[-118.234492,49.101568],[-118.234506,49.101652],[-118.234513,49.101689],[-118.234483,49.101691],[-118.234265,49.101708],[-118.234258,49.101675],[-118.234258,49.101671],[-118.234257,49.101667],[-118.234256,49.101662],[-118.234221,49.101474],[-118.2342,49.101369],[-118.2342,49.101369],[-118.23412,49.100982]]]},"properties":{"GlobalID":"{26F300DA-737E-4690-9FC2-823B568011C0}","Name":"002100771","PlanID":"{A451A3CC-EBD7-4B93-8A2A-C233C144C473}","PlanNumber":"KAP6348","PIN":null,"PID":2100771,"Designation1":"Lot 10","Designation2":"Block 4","Designation3":null,"ParcelStatus":"ACTIVE","RegionalDistrict":"0019","ParcelClass":"SUBDIVISION","SourceParcelID":null,"GeometrySource":"ICF","IsRemainder":"NO","ParcelStartDate":null,"PositionalError":1.95299887,"LegalDescription":"LOT 10 BLOCK 4 DISTRICT LOT 963 SIMILKAMEEN DIVISION YALE DISTRICT PLAN 6348","CaptureMethod":"UNKNOWN","OwnerType":"PRIVATE","Compiled":1,"CreatedDate":"2016-09-20T23:24:06.000Z","ModifiedDate":"2025-02-20T23:34:40.000Z","StatedArea":null,"ErrorReportedBy":"PMBC-OPERATIONS","Municipality":"0163","OBJECTID":49669,"created_user":"SDE","created_date":"2024-11-12T16:15:31.000Z","last_edited_user":"SDE","last_edited_date":"2026-03-25T16:06:10.000Z","Shape__Area":1488.068102905,"Shape__Length":199.13058615781307,"CommonName":null,"SourceGlobalID":"{8131313E-786C-4560-A50D-B00E30CDE1D3}","Comments":null,"UpdateStatus":"AUTO","UpdateSource":"PMBC"}},{"type":"Feature","geometry":{"type":"MultiPolygon","coordinates":[[[[-118.236942,49.110919],[-118.236731,49.111076],[-118.236488,49.111183],[-118.236065,49.111014],[-118.236079,49.111003],[-118.236344,49.110702],[-118.236942,49.110919]]],[[[-118.236847,49.111301],[-118.236826,49.111311],[-118.236694,49.111263],[-118.236852,49.111195],[-118.237129,49.110987],[-118.237267,49.111037],[-118.237217,49.111072],[-118.23719,49.111091],[-118.236879,49.111286],[-118.236847,49.111301]]]]},"properties":{"GlobalID":"{382F7599-1586-41A5-9F34-8F0F3341888F}","Name":"011074426","PlanID":"{5A3E3837-6E25-4D25-9872-9B85E78D574A}","PlanNumber":"KAP1919","PIN":4162031,"PID":11074426,"Designation1":"Lot 10","Designation2":null,"Designation3":null,"ParcelStatus":"ACTIVE","RegionalDistrict":"0019","ParcelClass":"SUBDIVISION","SourceParcelID":null,"GeometrySource":"ICF","IsRemainder":"NO","ParcelStartDate":null,"PositionalError":3.19769177,"LegalDescription":"LOT 10 DISTRICT LOT 3063S SIMILKAMEEN DIVISION YALE DISTRICT PLAN 1919","CaptureMethod":"UNKNOWN","OwnerType":"PRIVATE","Compiled":1,"CreatedDate":"2016-09-20T23:24:06.000Z","ModifiedDate":"2022-01-19T23:19:33.000Z","StatedArea":null,"ErrorReportedBy":"LSA","Municipality":"0163","OBJECTID":49670,"created_user":"SDE","created_date":"2024-11-12T16:15:31.000Z","last_edited_user":"SDE","last_edited_date":"2026-03-25T16:06:10.000Z","Shape__Area":2269.443349025,"Shape__Length":282.3881547459227,"CommonName":null,"SourceGlobalID":"{35330082-0C73-4DBB-91D1-261AA4E390E7}","Comments":null,"UpdateStatus":"AUTO","UpdateSource":"PMBC"}},{"type":"Feature","geometry":{"type":"Polygon","coordinates":[[[-118.238881,49.101116],[-118.2389,49.101166],[-118.238943,49.101247],[-118.238758,49.101415],[-118.238424,49.101256],[-118.238692,49.101025],[-118.238748,49.101035],[-118.238779,49.101048],[-118.23881,49.101059],[-118.238862,49.101093],[-118.238881,49.101116]]]},"properties":{"GlobalID":"{19F8A1DC-DC51-4DDB-B1C2-9A757FC0CDB1}","Name":"010150102","PlanID":"{A451A3CC-EBD7-4B93-8A2A-C233C144C473}","PlanNumber":"KAP6348","PIN":null,"PID":10150102,"Designation1":"Lot 4","Designation2":"Block 5","Designation3":null,"ParcelStatus":"ACTIVE","RegionalDistrict":"0019","ParcelClass":"SUBDIVISION","SourceParcelID":null,"GeometrySource":"ICF","IsRemainder":"NO","ParcelStartDate":null,"PositionalError":3.97832708,"LegalDescription":"LOT 4 BLOCK 5 DISTRICT LOT 963 SIMILKAMEEN DIVISION YALE DISTRICT PLAN 6348","CaptureMethod":"UNKNOWN","OwnerType":"PRIVATE","Compiled":1,"CreatedDate":"2016-09-20T23:24:06.000Z","ModifiedDate":"2022-01-19T23:19:33.000Z","StatedArea":null,"ErrorReportedBy":"LSA","Municipality":"0163","OBJECTID":49671,"created_user":"SDE","created_date":"2024-11-12T16:15:31.000Z","last_edited_user":"SDE","last_edited_date":"2026-03-25T16:06:10.000Z","Shape__Area":922.14853625,"Shape__Length":118.53213653540644,"CommonName":null,"SourceGlobalID":"{4B3B3A32-83AC-4883-96AB-4F1DE7C3D2AD}","Comments":null,"UpdateStatus":"AUTO","UpdateSource":"PMBC"}},{"type":"Feature","geometry":{"type":"Polygon","coordinates":[[[-118.234737,49.100276],[-118.234763,49.100282],[-118.234789,49.100284],[-118.234829,49.100284],[-118.234868,49.100288],[-118.234907,49.100296],[-118.234948,49.100301],[-118.234989,49.100309],[-118.235071,49.100773],[-118.234836,49.100791],[-118.234737,49.100276]]]},"properties":{"GlobalID":"{550CAC24-5FDA-48E1-ACE4-5F6E0F7E345D}","Name":"008123314","PlanID":"{A451A3CC-EBD7-4B93-8A2A-C233C144C473}","PlanNumber":"KAP6348","PIN":null,"PID":8123314,"Designation1":"Lot 7","Designation2":"Block 3","Designation3":null,"ParcelStatus":"ACTIVE","RegionalDistrict":"0019","ParcelClass":"SUBDIVISION","SourceParcelID":null,"GeometrySource":"ICF","IsRemainder":"NO","ParcelStartDate":null,"PositionalError":3.0775919,"LegalDescription":"LOT 7 BLOCK 3 DISTRICT LOT 963 SIMILKAMEEN DIVISION YALE DISTRICT PLAN 6348","CaptureMethod":"UNKNOWN","OwnerType":"PRIVATE","Compiled":1,"CreatedDate":"2016-09-20T23:24:06.000Z","ModifiedDate":"2025-02-20T23:34:40.000Z","StatedArea":null,"ErrorReportedBy":"LSA","Municipality":"0163","OBJECTID":49672,"created_user":"SDE","created_date":"2024-11-12T16:15:31.000Z","last_edited_user":"SDE","last_edited_date":"2026-03-25T16:06:10.000Z","Shape__Area":967.96463069,"Shape__Length":145.8438654322691,"CommonName":null,"SourceGlobalID":"{4389E8A0-D415-48B0-B1A5-BDB0D65A22F7}","Comments":null,"UpdateStatus":"AUTO","UpdateSource":"PMBC"}},{"type":"Feature","geometry":{"type":"Polygon","coordinates":[[[-118.234201,49.100224],[-118.234246,49.100227],[-118.234318,49.100232],[-118.234361,49.100225],[-118.234404,49.100223],[-118.234447,49.100227],[-118.234569,49.100811],[-118.234342,49.100827],[-118.234201,49.100224]]]},"properties":{"GlobalID":"{6E34B7F4-374A-4746-8283-62126A1FB261}","Name":"001697617","PlanID":"{A451A3CC-EBD7-4B93-8A2A-C233C144C473}","PlanNumber":"KAP6348","PIN":null,"PID":1697617,"Designation1":"Lot 9","Designation2":"Block 3","Designation3":null,"ParcelStatus":"ACTIVE","RegionalDistrict":"0019","ParcelClass":"SUBDIVISION","SourceParcelID":null,"GeometrySource":"ICF","IsRemainder":"NO","ParcelStartDate":null,"PositionalError":2.4350097,"LegalDescription":"LOT 9 BLOCK 3 DISTRICT LOT 963 SIMILKAMEEN DIVISION YALE DISTRICT PLAN 6348","CaptureMethod":"UNKNOWN","OwnerType":"PRIVATE","Compiled":1,"CreatedDate":"2016-09-20T23:24:06.000Z","ModifiedDate":"2025-02-20T23:34:40.000Z","StatedArea":null,"ErrorReportedBy":"LSA","Municipality":"0163","OBJECTID":49673,"created_user":"SDE","created_date":"2024-11-12T16:15:31.000Z","last_edited_user":"SDE","last_edited_date":"2026-03-25T16:06:10.000Z","Shape__Area":1143.812206345,"Shape__Length":168.20830081129273,"CommonName":null,"SourceGlobalID":"{2482E220-8FF9-4319-95EF-2A18B6F98637}","Comments":null,"UpdateStatus":"AUTO","UpdateSource":"PMBC"}},{"type":"Feature","geometry":{"type":"MultiPolygon","coordinates":[[[[-118.237161,49.109776],[-118.237437,49.109463],[-118.238084,49.109707],[-118.238352,49.109807],[-118.238184,49.10999],[-118.238033,49.110103],[-118.237592,49.109938],[-118.237161,49.109776]]],[[[-118.23835,49.110073],[-118.238518,49.10989],[-118.2386,49.109921],[-118.238662,49.109946],[-118.238617,49.109988],[-118.238542,49.110054],[-118.238438,49.110132],[-118.238369,49.110191],[-118.238347,49.110214],[-118.238331,49.110228],[-118.238308,49.11022],[-118.238207,49.110181],[-118.23835,49.110073]]]]},"properties":{"GlobalID":"{C601B534-5850-4134-8EED-8EA4F03F1435}","Name":"011074400","PlanID":"{5A3E3837-6E25-4D25-9872-9B85E78D574A}","PlanNumber":"KAP1919","PIN":4161671,"PID":11074400,"Designation1":"Lot 6","Designation2":null,"Designation3":null,"ParcelStatus":"ACTIVE","RegionalDistrict":"0019","ParcelClass":"SUBDIVISION","SourceParcelID":null,"GeometrySource":"ICF","IsRemainder":"NO","ParcelStartDate":null,"PositionalError":0.20013338,"LegalDescription":"LOT 6 DISTRICT LOT 3063S SIMILKAMEEN DIVISION YALE DISTRICT PLAN 1919","CaptureMethod":"UNKNOWN","OwnerType":"PRIVATE","Compiled":1,"CreatedDate":"2016-09-20T23:24:06.000Z","ModifiedDate":"2026-02-16T13:06:38.000Z","StatedArea":null,"ErrorReportedBy":"PMBC-OPERATIONS","Municipality":"0163","OBJECTID":49674,"created_user":"SDE","created_date":"2024-11-12T16:15:31.000Z","last_edited_user":"SDE","last_edited_date":"2026-03-25T16:06:10.000Z","Shape__Area":3467.625191005,"Shape__Length":332.87469296606935,"CommonName":null,"SourceGlobalID":"{E31825D9-C93B-4BD8-B2EB-A27121CC4413}","Comments":null,"UpdateStatus":"AUTO","UpdateSource":"PMBC"}},{"type":"Feature","geometry":{"type":"MultiPolygon","coordinates":[[[[-118.235435,49.112176],[-118.235389,49.112238],[-118.235386,49.112256],[-118.235386,49.112274],[-118.235387,49.112292],[-118.235383,49.112303],[-118.235377,49.112313],[-118.23537,49.112322],[-118.235361,49.11233],[-118.235351,49.112337],[-118.23534,49.112347],[-118.23533,49.112359],[-118.235321,49.112373],[-118.235315,49.112387],[-118.235312,49.112402],[-118.235311,49.112422],[-118.235308,49.112441],[-118.235302,49.11246],[-118.2353,49.112507],[-118.235294,49.112537],[-118.235039,49.112535],[-118.235018,49.112489],[-118.235218,49.112174],[-118.235435,49.112176]]],[[[-118.234807,49.112531],[-118.234406,49.11253],[-118.234405,49.11219],[-118.234521,49.112192],[-118.234772,49.112193],[-118.2349,49.112193],[-118.234925,49.112195],[-118.23499,49.112197],[-118.234785,49.112472],[-118.234807,49.112531]]]]},"properties":{"GlobalID":"{C54935EC-C847-4B06-95DB-0AB707853586}","Name":"011074477","PlanID":"{5A3E3837-6E25-4D25-9872-9B85E78D574A}","PlanNumber":"KAP1919","PIN":4162581,"PID":11074477,"Designation1":"Lot 15","Designation2":null,"Designation3":null,"ParcelStatus":"ACTIVE","RegionalDistrict":"0019","ParcelClass":"SUBDIVISION","SourceParcelID":null,"GeometrySource":"ICF","IsRemainder":"NO","ParcelStartDate":null,"PositionalError":3.06036458,"LegalDescription":"LOT 15 DISTRICT LOT 3063S SIMILKAMEEN DIVISION YALE DISTRICT PLAN 1919","CaptureMethod":"UNKNOWN","OwnerType":"PRIVATE","Compiled":1,"CreatedDate":"2016-09-20T23:24:06.000Z","ModifiedDate":"2022-01-19T23:19:33.000Z","StatedArea":null,"ErrorReportedBy":"LSA","Municipality":"0163","OBJECTID":49675,"created_user":"SDE","created_date":"2024-11-12T16:15:31.000Z","last_edited_user":"SDE","last_edited_date":"2026-03-25T16:06:10.000Z","Shape__Area":1988.548069725,"Shape__Length":270.71024578682005,"CommonName":null,"SourceGlobalID":"{EEE7DEDA-C382-418F-BF77-CB6994E2FC34}","Comments":null,"UpdateStatus":"AUTO","UpdateSource":"PMBC"}},{"type":"Feature","geometry":{"type":"Polygon","coordinates":[[[-118.230233,49.101556],[-118.230209,49.101413],[-118.230204,49.101389],[-118.230234,49.101385],[-118.230274,49.101377],[-118.230355,49.101365],[-118.230448,49.101358],[-118.230451,49.101376],[-118.230484,49.101549],[-118.230233,49.101556]]]},"properties":{"GlobalID":"{3282775E-0F8E-48EF-A5C3-E536F13EBD54}","Name":"007552556","PlanID":"{A451A3CC-EBD7-4B93-8A2A-C233C144C473}","PlanNumber":"KAP6348","PIN":null,"PID":7552556,"Designation1":"Lot 3","Designation2":"Block 2","Designation3":null,"ParcelStatus":"ACTIVE","RegionalDistrict":"0019","ParcelClass":"SUBDIVISION","SourceParcelID":null,"GeometrySource":"ICF","IsRemainder":"NO","ParcelStartDate":null,"PositionalError":2.46552488,"LegalDescription":"LOT 3 BLOCK 2 DISTRICT LOT 963 SIMILKAMEEN DIVISION YALE DISTRICT PLAN 6348","CaptureMethod":"UNKNOWN","OwnerType":"PRIVATE","Compiled":1,"CreatedDate":"2016-09-20T23:24:06.000Z","ModifiedDate":"2022-01-19T23:19:33.000Z","StatedArea":null,"ErrorReportedBy":"LSA","Municipality":"0163","OBJECTID":49676,"created_user":"SDE","created_date":"2024-11-12T16:15:31.000Z","last_edited_user":"SDE","last_edited_date":"2026-03-25T16:06:10.000Z","Shape__Area":369.225250575,"Shape__Length":76.59423861584354,"CommonName":null,"SourceGlobalID":"{2EEB12C0-349F-4839-8F81-F0FB58886597}","Comments":null,"UpdateStatus":"AUTO","UpdateSource":"PMBC"}},{"type":"Feature","geometry":{"type":"Polygon","coordinates":[[[-118.23362,49.101012],[-118.23365,49.101145],[-118.233551,49.101081],[-118.233449,49.101024],[-118.23362,49.101012]]]},"properties":{"GlobalID":"{9C4E3064-59C6-4AE1-855E-54DFDA67B3E1}","Name":"002034441","PlanID":"{A451A3CC-EBD7-4B93-8A2A-C233C144C473}","PlanNumber":"KAP6348","PIN":null,"PID":2034441,"Designation1":"Lot 13","Designation2":"Block 4","Designation3":null,"ParcelStatus":"ACTIVE","RegionalDistrict":"0019","ParcelClass":"SUBDIVISION","SourceParcelID":null,"GeometrySource":"ICF","IsRemainder":"NO","ParcelStartDate":null,"PositionalError":2.73102227,"LegalDescription":"LOT 13 BLOCK 4 DISTRICT LOT 963 SIMILKAMEEN DIVISION YALE DISTRICT PLAN 6348","CaptureMethod":"UNKNOWN","OwnerType":"PRIVATE","Compiled":1,"CreatedDate":"2016-09-20T23:24:06.000Z","ModifiedDate":"2025-02-20T23:34:40.000Z","StatedArea":null,"ErrorReportedBy":"PMBC-OPERATIONS","Municipality":"0163","OBJECTID":49677,"created_user":"SDE","created_date":"2024-11-12T16:15:31.000Z","last_edited_user":"SDE","last_edited_date":"2026-03-25T16:06:10.000Z","Shape__Area":89.8678266,"Shape__Length":47.303319219711355,"CommonName":null,"SourceGlobalID":"{DACB418F-DD3A-4E23-8AB7-7BF7E88C65E5}","Comments":null,"UpdateStatus":"AUTO","UpdateSource":"PMBC"}},{"type":"Feature","geometry":{"type":"MultiPolygon","coordinates":[[[[-118.23515,49.113275],[-118.234415,49.113265],[-118.234407,49.112897],[-118.234955,49.112894],[-118.23504,49.113106],[-118.23515,49.113275]]],[[[-118.23527,49.1129],[-118.235288,49.112933],[-118.235306,49.11296],[-118.235392,49.113067],[-118.235422,49.113081],[-118.235444,49.113103],[-118.235475,49.11315],[-118.23555,49.113247],[-118.235566,49.113263],[-118.235392,49.11327],[-118.235283,49.113099],[-118.235197,49.1129],[-118.23527,49.1129]]]]},"properties":{"GlobalID":"{F6232386-D277-4B60-860F-F6B64CB8C5CA}","Name":"011074485","PlanID":"{5A3E3837-6E25-4D25-9872-9B85E78D574A}","PlanNumber":"KAP1919","PIN":4162741,"PID":11074485,"Designation1":"Lot 17","Designation2":null,"Designation3":null,"ParcelStatus":"ACTIVE","RegionalDistrict":"0019","ParcelClass":"SUBDIVISION","SourceParcelID":null,"GeometrySource":"ICF","IsRemainder":"NO","ParcelStartDate":null,"PositionalError":3.85593208,"LegalDescription":"LOT 17 DISTRICT LOT 3063S SIMILKAMEEN DIVISION YALE DISTRICT PLAN 1919","CaptureMethod":"UNKNOWN","OwnerType":"PRIVATE","Compiled":1,"CreatedDate":"2016-09-20T23:24:06.000Z","ModifiedDate":"2022-01-19T23:19:33.000Z","StatedArea":null,"ErrorReportedBy":"LSA","Municipality":"0163","OBJECTID":49678,"created_user":"SDE","created_date":"2024-11-12T16:15:31.000Z","last_edited_user":"SDE","last_edited_date":"2026-03-25T16:06:10.000Z","Shape__Area":2299.515272555,"Shape__Length":287.347006669227,"CommonName":null,"SourceGlobalID":"{AB2BE714-CCD2-4AB6-A6D8-CE3E1271FAE8}","Comments":null,"UpdateStatus":"AUTO","UpdateSource":"PMBC"}},{"type":"Feature","geometry":{"type":"Polygon","coordinates":[[[-118.232613,49.100869],[-118.232644,49.100861],[-118.232673,49.100845],[-118.232718,49.100805],[-118.232799,49.100743],[-118.232835,49.100708],[-118.232888,49.10099],[-118.232649,49.10106],[-118.232613,49.100869]]]},"properties":{"GlobalID":"{6A631089-BBAE-40E5-9520-46A8759D487E}","Name":"010149376","PlanID":"{A451A3CC-EBD7-4B93-8A2A-C233C144C473}","PlanNumber":"KAP6348","PIN":null,"PID":10149376,"Designation1":"Lot 13","Designation2":"Block 2","Designation3":null,"ParcelStatus":"ACTIVE","RegionalDistrict":"0019","ParcelClass":"SUBDIVISION","SourceParcelID":null,"GeometrySource":"ICF","IsRemainder":"NO","ParcelStartDate":null,"PositionalError":2.2955307,"LegalDescription":"LOT 13 BLOCK 2 DISTRICT LOT 963 SIMILKAMEEN DIVISION YALE DISTRICT PLAN 6348","CaptureMethod":"UNKNOWN","OwnerType":"PRIVATE","Compiled":1,"CreatedDate":"2016-09-20T23:24:06.000Z","ModifiedDate":"2025-02-20T23:34:40.000Z","StatedArea":null,"ErrorReportedBy":"LSA","Municipality":"0163","OBJECTID":49679,"created_user":"SDE","created_date":"2024-11-12T16:15:31.000Z","last_edited_user":"SDE","last_edited_date":"2026-03-25T16:06:10.000Z","Shape__Area":463.594598075,"Shape__Length":96.68863709516212,"CommonName":null,"SourceGlobalID":"{44D55018-F325-4C30-83E9-5215A8CFBC37}","Comments":null,"UpdateStatus":"AUTO","UpdateSource":"PMBC"}},{"type":"Feature","geometry":{"type":"Polygon","coordinates":[[[-118.224861,49.107525],[-118.224822,49.107546],[-118.224768,49.107573],[-118.224712,49.107603],[-118.224655,49.107633],[-118.224574,49.107629],[-118.224532,49.107625],[-118.224165,49.107343],[-118.224061,49.107256],[-118.22396,49.107164],[-118.223544,49.106745],[-118.223516,49.106716],[-118.223493,49.106684],[-118.223475,49.106649],[-118.223463,49.106611],[-118.223456,49.106572],[-118.223455,49.106532],[-118.223461,49.106493],[-118.223472,49.106455],[-118.223489,49.106419],[-118.22351,49.106386],[-118.223537,49.106357],[-118.223574,49.106323],[-118.223614,49.106293],[-118.223657,49.106267],[-118.223702,49.106246],[-118.223982,49.106126],[-118.225251,49.107289],[-118.225282,49.107318],[-118.225223,49.107347],[-118.225166,49.107374],[-118.225109,49.107401],[-118.22507,49.10742],[-118.225049,49.107431],[-118.224992,49.107459],[-118.224936,49.107488],[-118.22488,49.107516],[-118.224861,49.107525]]]},"properties":{"GlobalID":"{347C7F27-723A-4EF6-957E-FAF9CFD574D1}","Name":"026838681","PlanID":"{95BAA5EF-BD59-43F5-A001-EF929C788D89}","PlanNumber":"KAP82119","PIN":null,"PID":26838681,"Designation1":"Lot 1","Designation2":null,"Designation3":null,"ParcelStatus":"ACTIVE","RegionalDistrict":"0019","ParcelClass":"SUBDIVISION","SourceParcelID":null,"GeometrySource":"ICF","IsRemainder":"NO","ParcelStartDate":"2006-10-18T07:00:00.000Z","PositionalError":5.30288577,"LegalDescription":"LOT 1 DISTRICT LOT 963 SIMILKAMEEN DIVISION YALE DISTRICT PLAN KAP82119","CaptureMethod":"UNKNOWN","OwnerType":"PRIVATE","Compiled":1,"CreatedDate":"2016-09-20T23:24:06.000Z","ModifiedDate":"2022-01-19T23:19:33.000Z","StatedArea":null,"ErrorReportedBy":"LSA","Municipality":"0163","OBJECTID":49680,"created_user":"SDE","created_date":"2024-11-12T16:15:31.000Z","last_edited_user":"SDE","last_edited_date":"2026-03-25T16:06:10.000Z","Shape__Area":10629.06211256,"Shape__Length":438.6549075007966,"CommonName":null,"SourceGlobalID":"{EC20736E-97F2-4166-9CFB-A383041F4AAA}","Comments":null,"UpdateStatus":"AUTO","UpdateSource":"PMBC"}},{"type":"Feature","geometry":{"type":"Polygon","coordinates":[[[-118.236552,49.10066],[-118.236322,49.10068],[-118.236284,49.100479],[-118.236428,49.10047],[-118.236492,49.100457],[-118.236552,49.10066]]]},"properties":{"GlobalID":"{C00B40B9-3788-4133-8BF5-94FD0EFA8366}","Name":"010149406","PlanID":"{A451A3CC-EBD7-4B93-8A2A-C233C144C473}","PlanNumber":"KAP6348","PIN":null,"PID":10149406,"Designation1":"Lot 1","Designation2":"Block 3","Designation3":null,"ParcelStatus":"ACTIVE","RegionalDistrict":"0019","ParcelClass":"SUBDIVISION","SourceParcelID":null,"GeometrySource":"ICF","IsRemainder":"NO","ParcelStartDate":null,"PositionalError":3.14285881,"LegalDescription":"LOT 1 BLOCK 3 DISTRICT LOT 963 SIMILKAMEEN DIVISION YALE DISTRICT PLAN 6348","CaptureMethod":"UNKNOWN","OwnerType":"PRIVATE","Compiled":1,"CreatedDate":"2016-09-20T23:24:06.000Z","ModifiedDate":"2022-01-19T23:19:33.000Z","StatedArea":null,"ErrorReportedBy":"LSA","Municipality":"0163","OBJECTID":49681,"created_user":"SDE","created_date":"2024-11-12T16:15:31.000Z","last_edited_user":"SDE","last_edited_date":"2026-03-25T16:06:10.000Z","Shape__Area":361.52222915,"Shape__Length":77.8806374138408,"CommonName":null,"SourceGlobalID":"{ABE36E00-DD06-43CD-BCB2-17A3AE0751F8}","Comments":null,"UpdateStatus":"AUTO","UpdateSource":"PMBC"}},{"type":"Feature","geometry":{"type":"MultiPolygon","coordinates":[[[[-118.235197,49.1129],[-118.235039,49.112535],[-118.235294,49.112537],[-118.235287,49.112557],[-118.235277,49.112566],[-118.235268,49.112576],[-118.23526,49.112587],[-118.235255,49.112599],[-118.235238,49.112675],[-118.235239,49.112699],[-118.23523,49.112749],[-118.235225,49.112761],[-118.235222,49.112775],[-118.235221,49.112789],[-118.235222,49.112803],[-118.235225,49.112816],[-118.23523,49.112829],[-118.23527,49.1129],[-118.235197,49.1129]]],[[[-118.234955,49.112894],[-118.234407,49.112897],[-118.234406,49.112556],[-118.234406,49.11253],[-118.234807,49.112531],[-118.234955,49.112894]]]]},"properties":{"GlobalID":"{2A0D89AD-4583-417F-9514-D5D40D4186E1}","Name":"003616975","PlanID":"{5A3E3837-6E25-4D25-9872-9B85E78D574A}","PlanNumber":"KAP1919","PIN":4162611,"PID":3616975,"Designation1":"Lot 16","Designation2":null,"Designation3":null,"ParcelStatus":"ACTIVE","RegionalDistrict":"0019","ParcelClass":"SUBDIVISION","SourceParcelID":null,"GeometrySource":"ICF","IsRemainder":"NO","ParcelStartDate":null,"PositionalError":3.206749,"LegalDescription":"LOT 16 DISTRICT LOT 3063S SIMILKAMEEN DIVISION YALE DISTRICT PLAN 1919","CaptureMethod":"UNKNOWN","OwnerType":"PRIVATE","Compiled":1,"CreatedDate":"2016-09-20T23:24:06.000Z","ModifiedDate":"2022-01-19T23:19:33.000Z","StatedArea":null,"ErrorReportedBy":"LSA","Municipality":"0163","OBJECTID":49683,"created_user":"SDE","created_date":"2024-11-12T16:15:31.000Z","last_edited_user":"SDE","last_edited_date":"2026-03-25T16:06:10.000Z","Shape__Area":1782.92967598,"Shape__Length":259.8427937062821,"CommonName":null,"SourceGlobalID":"{63643266-BA22-4113-B1A7-306065213072}","Comments":null,"UpdateStatus":"AUTO","UpdateSource":"PMBC"}},{"type":"Feature","geometry":{"type":"Polygon","coordinates":[[[-118.234447,49.100227],[-118.234526,49.100242],[-118.234643,49.100253],[-118.234678,49.100259],[-118.234737,49.100276],[-118.234836,49.100791],[-118.234569,49.100811],[-118.234447,49.100227]]]},"properties":{"GlobalID":"{7B3AB179-A8CC-493E-9AD4-F9A360085AE8}","Name":"010149643","PlanID":"{A451A3CC-EBD7-4B93-8A2A-C233C144C473}","PlanNumber":"KAP6348","PIN":null,"PID":10149643,"Designation1":"Lot 8","Designation2":"Block 3","Designation3":null,"ParcelStatus":"ACTIVE","RegionalDistrict":"0019","ParcelClass":"SUBDIVISION","SourceParcelID":null,"GeometrySource":"ICF","IsRemainder":"NO","ParcelStartDate":null,"PositionalError":3.3222919,"LegalDescription":"LOT 8 BLOCK 3 DISTRICT LOT 963 SIMILKAMEEN DIVISION YALE DISTRICT PLAN 6348","CaptureMethod":"UNKNOWN","OwnerType":"PRIVATE","Compiled":1,"CreatedDate":"2016-09-20T23:24:06.000Z","ModifiedDate":"2025-01-10T19:39:59.000Z","StatedArea":null,"ErrorReportedBy":"LSA","Municipality":"0163","OBJECTID":49685,"created_user":"SDE","created_date":"2024-11-12T16:15:31.000Z","last_edited_user":"SDE","last_edited_date":"2026-03-25T16:06:10.000Z","Shape__Area":1232.191173565,"Shape__Length":164.69297845866004,"CommonName":null,"SourceGlobalID":"{E9D0B8CA-24D0-4D89-8D73-FE56214C4C0F}","Comments":null,"UpdateStatus":"AUTO","UpdateSource":"PMBC"}},{"type":"Feature","geometry":{"type":"MultiPolygon","coordinates":[[[[-118.237295,49.110658],[-118.237252,49.110689],[-118.236942,49.110919],[-118.236344,49.110702],[-118.236611,49.1104],[-118.237295,49.110658]]],[[[-118.237374,49.110973],[-118.237346,49.110984],[-118.23732,49.110997],[-118.237267,49.111037],[-118.237129,49.110987],[-118.237449,49.110749],[-118.237477,49.110729],[-118.237579,49.110767],[-118.237636,49.110787],[-118.237597,49.110816],[-118.237493,49.110886],[-118.23742,49.110942],[-118.237374,49.110973]]]]},"properties":{"GlobalID":"{4841A572-87AC-4519-A87B-4777F68522CD}","Name":"011074418","PlanID":"{5A3E3837-6E25-4D25-9872-9B85E78D574A}","PlanNumber":"KAP1919","PIN":4161961,"PID":11074418,"Designation1":"Lot 9","Designation2":null,"Designation3":null,"ParcelStatus":"ACTIVE","RegionalDistrict":"0019","ParcelClass":"SUBDIVISION","SourceParcelID":null,"GeometrySource":"ICF","IsRemainder":"NO","ParcelStartDate":null,"PositionalError":3.2723731,"LegalDescription":"LOT 9 DISTRICT LOT 3063S SIMILKAMEEN DIVISION YALE DISTRICT PLAN 1919","CaptureMethod":"UNKNOWN","OwnerType":"PRIVATE","Compiled":1,"CreatedDate":"2016-09-20T23:24:06.000Z","ModifiedDate":"2026-02-16T13:06:38.000Z","StatedArea":null,"ErrorReportedBy":"LSA","Municipality":"0163","OBJECTID":49686,"created_user":"SDE","created_date":"2024-11-12T16:15:31.000Z","last_edited_user":"SDE","last_edited_date":"2026-03-25T16:06:10.000Z","Shape__Area":2531.89988982,"Shape__Length":287.0546226964507,"CommonName":null,"SourceGlobalID":"{4D1A9171-D2CE-4548-B45C-D0FD5C58CE5A}","Comments":null,"UpdateStatus":"AUTO","UpdateSource":"PMBC"}},{"type":"Feature","geometry":{"type":"Polygon","coordinates":[[[-118.226378,49.105098],[-118.226489,49.105052],[-118.22655,49.105019],[-118.226607,49.104982],[-118.226662,49.10494],[-118.226713,49.104894],[-118.228125,49.105091],[-118.228127,49.105091],[-118.22921,49.105243],[-118.229131,49.105321],[-118.22905,49.105395],[-118.228965,49.105465],[-118.228876,49.105532],[-118.228785,49.105594],[-118.228692,49.105652],[-118.228739,49.105687],[-118.228777,49.105713],[-118.228697,49.10576],[-118.228601,49.105812],[-118.228503,49.10586],[-118.228449,49.10584],[-118.227173,49.105383],[-118.226378,49.105098]]]},"properties":{"GlobalID":"{9B6511FC-5275-4A67-9B7C-9457B39791EF}","Name":"026838737","PlanID":"{95BAA5EF-BD59-43F5-A001-EF929C788D89}","PlanNumber":"KAP82119","PIN":null,"PID":26838737,"Designation1":"Lot 6","Designation2":null,"Designation3":null,"ParcelStatus":"ACTIVE","RegionalDistrict":"0019","ParcelClass":"SUBDIVISION","SourceParcelID":null,"GeometrySource":"ICF","IsRemainder":"NO","ParcelStartDate":"2006-10-18T07:00:00.000Z","PositionalError":4.1129176,"LegalDescription":"LOT 6 DISTRICT LOT 963 SIMILKAMEEN DIVISION YALE DISTRICT PLAN KAP82119","CaptureMethod":"UNKNOWN","OwnerType":"PRIVATE","Compiled":1,"CreatedDate":"2016-09-20T23:24:06.000Z","ModifiedDate":"2025-04-24T17:58:10.000Z","StatedArea":null,"ErrorReportedBy":"LSA","Municipality":"0163","OBJECTID":49687,"created_user":"SDE","created_date":"2024-11-12T16:15:31.000Z","last_edited_user":"SDE","last_edited_date":"2026-03-25T16:06:10.000Z","Shape__Area":10079.66416812,"Shape__Length":491.0884412511234,"CommonName":null,"SourceGlobalID":"{5BCDED8E-81A4-40CB-8214-6A2651859232}","Comments":null,"UpdateStatus":"AUTO","UpdateSource":"PMBC"}},{"type":"Feature","geometry":{"type":"Polygon","coordinates":[[[-118.238722,49.103484],[-118.238579,49.10349],[-118.238558,49.103488],[-118.238461,49.103322],[-118.238352,49.103133],[-118.23897,49.102978],[-118.239028,49.103138],[-118.239219,49.10345],[-118.239064,49.103476],[-118.238722,49.103484]]]},"properties":{"GlobalID":"{096E42CD-5849-4372-B1B2-5A21EA8A7A2F}","Name":"002882078","PlanID":"{0BBAA519-AF9C-49BA-921F-994E5097DEE5}","PlanNumber":"KAP35300","PIN":null,"PID":2882078,"Designation1":"Lot 1","Designation2":null,"Designation3":null,"ParcelStatus":"ACTIVE","RegionalDistrict":"0019","ParcelClass":"SUBDIVISION","SourceParcelID":null,"GeometrySource":"ICF","IsRemainder":"NO","ParcelStartDate":null,"PositionalError":2.3157134,"LegalDescription":"LOT 1 DISTRICT LOT 963 SIMILKAMEEN DIVISION YALE DISTRICT PLAN 35300","CaptureMethod":"UNKNOWN","OwnerType":"PRIVATE","Compiled":1,"CreatedDate":"2016-09-20T23:24:06.000Z","ModifiedDate":"2022-01-19T23:19:33.000Z","StatedArea":null,"ErrorReportedBy":"LSA","Municipality":"0163","OBJECTID":49688,"created_user":"SDE","created_date":"2024-11-12T16:15:31.000Z","last_edited_user":"SDE","last_edited_date":"2026-03-25T16:06:10.000Z","Shape__Area":2318.905029115,"Shape__Length":194.8053621778176,"CommonName":null,"SourceGlobalID":"{66465A22-93FE-4056-87A1-7BC433B58DC1}","Comments":null,"UpdateStatus":"AUTO","UpdateSource":"PMBC"}},{"type":"Feature","geometry":{"type":"Polygon","coordinates":[[[-118.231763,49.101604],[-118.232136,49.101462],[-118.232433,49.101924],[-118.232039,49.102035],[-118.231763,49.101604]]]},"properties":{"GlobalID":"{CFC8E373-061F-472D-947A-1C41806138D3}","Name":"009422897","PlanID":"{373D5771-540B-4DD5-8E94-E2919232F42E}","PlanNumber":"KAP12457","PIN":null,"PID":9422897,"Designation1":"Lot 5","Designation2":null,"Designation3":null,"ParcelStatus":"ACTIVE","RegionalDistrict":"0019","ParcelClass":"SUBDIVISION","SourceParcelID":null,"GeometrySource":"ICF","IsRemainder":"NO","ParcelStartDate":null,"PositionalError":3.185994,"LegalDescription":"LOT 5 DISTRICT LOT 963 SIMILKAMEEN DIVISION YALE DISTRICT PLAN 12457","CaptureMethod":"UNKNOWN","OwnerType":"PRIVATE","Compiled":1,"CreatedDate":"2016-09-20T23:24:06.000Z","ModifiedDate":"2025-03-17T22:00:03.000Z","StatedArea":null,"ErrorReportedBy":"LSA","Municipality":"0163","OBJECTID":49689,"created_user":"SDE","created_date":"2024-11-12T16:15:31.000Z","last_edited_user":"SDE","last_edited_date":"2026-03-25T16:06:10.000Z","Shape__Area":1682.42796797,"Shape__Length":170.439049743933,"CommonName":null,"SourceGlobalID":"{0CA2EBB2-0AFD-4944-9441-C45BF23AA2F2}","Comments":null,"UpdateStatus":"AUTO","UpdateSource":"PMBC"}},{"type":"Feature","geometry":{"type":"Polygon","coordinates":[[[-118.236385,49.102269],[-118.236368,49.10218],[-118.236319,49.101913],[-118.23625,49.101541],[-118.236495,49.101521],[-118.23658,49.10198],[-118.236633,49.102267],[-118.236638,49.102296],[-118.236385,49.102269]]]},"properties":{"GlobalID":"{33C15FE8-741B-45CB-9CA7-7AC4B4508569}","Name":"010149902","PlanID":"{A451A3CC-EBD7-4B93-8A2A-C233C144C473}","PlanNumber":"KAP6348","PIN":null,"PID":10149902,"Designation1":"Lot 15","Designation2":"Block 4","Designation3":null,"ParcelStatus":"ACTIVE","RegionalDistrict":"0019","ParcelClass":"SUBDIVISION","SourceParcelID":null,"GeometrySource":"ICF","IsRemainder":"NO","ParcelStartDate":null,"PositionalError":1.52785264,"LegalDescription":"LOT 15 BLOCK 4 DISTRICT LOT 963 SIMILKAMEEN DIVISION YALE DISTRICT PLAN 6348","CaptureMethod":"UNKNOWN","OwnerType":"PRIVATE","Compiled":1,"CreatedDate":"2016-09-20T23:24:06.000Z","ModifiedDate":"2025-02-20T23:34:40.000Z","StatedArea":null,"ErrorReportedBy":"PMBC-OPERATIONS","Municipality":"0163","OBJECTID":49690,"created_user":"SDE","created_date":"2024-11-12T16:15:31.000Z","last_edited_user":"SDE","last_edited_date":"2026-03-25T16:06:10.000Z","Shape__Area":1515.472645565,"Shape__Length":205.05597862652093,"CommonName":null,"SourceGlobalID":"{1250A355-AFA3-4DE7-944D-1EFC6909A6FE}","Comments":null,"UpdateStatus":"AUTO","UpdateSource":"PMBC"}},{"type":"Feature","geometry":{"type":"Polygon","coordinates":[[[-118.236002,49.101562],[-118.23625,49.101541],[-118.236319,49.101913],[-118.236368,49.10218],[-118.236385,49.102269],[-118.236137,49.102287],[-118.236101,49.102092],[-118.236055,49.101845],[-118.236002,49.101562]]]},"properties":{"GlobalID":"{53501349-F9FB-49F4-9D8B-836687AB430F}","Name":"001670646","PlanID":"{A451A3CC-EBD7-4B93-8A2A-C233C144C473}","PlanNumber":"KAP6348","PIN":null,"PID":1670646,"Designation1":"Lot 16","Designation2":"Block 4","Designation3":null,"ParcelStatus":"ACTIVE","RegionalDistrict":"0019","ParcelClass":"SUBDIVISION","SourceParcelID":null,"GeometrySource":"ICF","IsRemainder":"NO","ParcelStartDate":null,"PositionalError":1.79547618,"LegalDescription":"LOT 16 BLOCK 4 DISTRICT LOT 963 SIMILKAMEEN DIVISION YALE DISTRICT PLAN 6348","CaptureMethod":"UNKNOWN","OwnerType":"PRIVATE","Compiled":1,"CreatedDate":"2016-09-20T23:24:06.000Z","ModifiedDate":"2025-02-20T23:34:40.000Z","StatedArea":null,"ErrorReportedBy":"PMBC-OPERATIONS","Municipality":"0163","OBJECTID":49691,"created_user":"SDE","created_date":"2024-11-12T16:15:31.000Z","last_edited_user":"SDE","last_edited_date":"2026-03-25T16:06:10.000Z","Shape__Area":1480.59261124,"Shape__Length":198.99407060248504,"CommonName":null,"SourceGlobalID":"{7819C908-DB8A-4099-AD0A-4D82D46D7046}","Comments":null,"UpdateStatus":"AUTO","UpdateSource":"PMBC"}},{"type":"Feature","geometry":{"type":"Polygon","coordinates":[[[-118.235794,49.100464],[-118.235887,49.100469],[-118.235969,49.10048],[-118.236012,49.100492],[-118.236031,49.100492],[-118.236068,49.100699],[-118.235847,49.100716],[-118.235794,49.100464]]]},"properties":{"GlobalID":"{202CBC9B-BAD0-410E-8B23-10531523CB13}","Name":"010149465","PlanID":"{A451A3CC-EBD7-4B93-8A2A-C233C144C473}","PlanNumber":"KAP6348","PIN":null,"PID":10149465,"Designation1":"Lot 3","Designation2":"Block 3","Designation3":null,"ParcelStatus":"ACTIVE","RegionalDistrict":"0019","ParcelClass":"SUBDIVISION","SourceParcelID":null,"GeometrySource":"ICF","IsRemainder":"NO","ParcelStartDate":null,"PositionalError":3.9115295,"LegalDescription":"LOT 3 BLOCK 3 DISTRICT LOT 963 SIMILKAMEEN DIVISION YALE DISTRICT PLAN 6348","CaptureMethod":"UNKNOWN","OwnerType":"PRIVATE","Compiled":1,"CreatedDate":"2016-09-20T23:24:06.000Z","ModifiedDate":"2025-02-20T23:34:40.000Z","StatedArea":null,"ErrorReportedBy":"LSA","Municipality":"0163","OBJECTID":49692,"created_user":"SDE","created_date":"2024-11-12T16:15:31.000Z","last_edited_user":"SDE","last_edited_date":"2026-03-25T16:06:10.000Z","Shape__Area":430.7110839,"Shape__Length":85.37846517078465,"CommonName":null,"SourceGlobalID":"{8FF08DFD-4564-4E06-A789-161A425D2ACA}","Comments":null,"UpdateStatus":"AUTO","UpdateSource":"PMBC"}},{"type":"Feature","geometry":{"type":"Polygon","coordinates":[[[-118.220354,49.101606],[-118.221349,49.100763],[-118.221427,49.100841],[-118.22178,49.101195],[-118.221672,49.101382],[-118.221667,49.10139],[-118.221555,49.102451],[-118.221346,49.103953],[-118.221343,49.103975],[-118.221278,49.103995],[-118.221215,49.10402],[-118.221154,49.10405],[-118.221096,49.104086],[-118.221014,49.103806],[-118.220692,49.102718],[-118.220354,49.101606]]]},"properties":{"GlobalID":"{F0896BA1-FB58-496E-AE8F-40F5F493B889}","Name":"026838877","PlanID":"{95BAA5EF-BD59-43F5-A001-EF929C788D89}","PlanNumber":"KAP82119","PIN":null,"PID":26838877,"Designation1":"Lot 20","Designation2":null,"Designation3":null,"ParcelStatus":"ACTIVE","RegionalDistrict":"0019","ParcelClass":"SUBDIVISION","SourceParcelID":null,"GeometrySource":"ICF","IsRemainder":"NO","ParcelStartDate":"2006-10-18T07:00:00.000Z","PositionalError":4.5991365,"LegalDescription":"LOT 20 DISTRICT LOT 963 SIMILKAMEEN DIVISION YALE DISTRICT PLAN KAP82119","CaptureMethod":"UNKNOWN","OwnerType":"PRIVATE","Compiled":1,"CreatedDate":"2016-09-20T23:24:06.000Z","ModifiedDate":"2025-04-24T17:58:10.000Z","StatedArea":null,"ErrorReportedBy":"LSA","Municipality":"0163","OBJECTID":49693,"created_user":"SDE","created_date":"2024-11-12T16:15:31.000Z","last_edited_user":"SDE","last_edited_date":"2026-03-25T16:06:10.000Z","Shape__Area":20616.08421872,"Shape__Length":790.4721789761977,"CommonName":null,"SourceGlobalID":"{7BF8EF90-1A00-4E52-B477-EF5AB6A8264C}","Comments":null,"UpdateStatus":"AUTO","UpdateSource":"PMBC"}},{"type":"Feature","geometry":{"type":"Polygon","coordinates":[[[-118.221667,49.10139],[-118.22196,49.101462],[-118.222318,49.101551],[-118.222345,49.101558],[-118.221877,49.102371],[-118.221873,49.102378],[-118.222446,49.10252],[-118.222359,49.102706],[-118.221648,49.103925],[-118.221638,49.103943],[-118.221563,49.103945],[-118.221489,49.103951],[-118.221416,49.103961],[-118.221343,49.103975],[-118.221346,49.103953],[-118.221555,49.102451],[-118.221667,49.10139]]]},"properties":{"GlobalID":"{0F17DFD7-3209-4DD9-B14B-97370D2D9C0A}","Name":"026838869","PlanID":"{95BAA5EF-BD59-43F5-A001-EF929C788D89}","PlanNumber":"KAP82119","PIN":null,"PID":26838869,"Designation1":"Lot 19","Designation2":null,"Designation3":null,"ParcelStatus":"ACTIVE","RegionalDistrict":"0019","ParcelClass":"SUBDIVISION","SourceParcelID":null,"GeometrySource":"ICF","IsRemainder":"NO","ParcelStartDate":"2006-10-18T07:00:00.000Z","PositionalError":4.3106352,"LegalDescription":"LOT 19 DISTRICT LOT 963 SIMILKAMEEN DIVISION YALE DISTRICT PLAN KAP82119","CaptureMethod":"UNKNOWN","OwnerType":"PRIVATE","Compiled":1,"CreatedDate":"2016-09-20T23:24:06.000Z","ModifiedDate":"2025-04-24T17:58:10.000Z","StatedArea":null,"ErrorReportedBy":"LSA","Municipality":"0163","OBJECTID":49695,"created_user":"SDE","created_date":"2024-11-12T16:15:31.000Z","last_edited_user":"SDE","last_edited_date":"2026-03-25T16:06:10.000Z","Shape__Area":11525.243946675,"Shape__Length":674.3192210238599,"CommonName":null,"SourceGlobalID":"{91D742B1-BF7F-4CE3-90D3-9623883C504E}","Comments":null,"UpdateStatus":"AUTO","UpdateSource":"PMBC"}},{"type":"Feature","geometry":{"type":"Polygon","coordinates":[[[-118.234368,49.100964],[-118.234617,49.100942],[-118.234717,49.101471],[-118.234718,49.101477],[-118.234723,49.101503],[-118.234724,49.101512],[-118.234746,49.101629],[-118.23475,49.101647],[-118.234752,49.101657],[-118.234754,49.101669],[-118.234513,49.101689],[-118.234506,49.101652],[-118.234492,49.101568],[-118.234491,49.101562],[-118.23448,49.101499],[-118.234468,49.101442],[-118.234467,49.101438],[-118.234368,49.100964]]]},"properties":{"GlobalID":"{AE6FA080-7FC4-46CB-B101-A8C2C7F5AB56}","Name":"019024886","PlanID":"{F1A14E91-724E-4B8A-9B9E-B11047F9E45A}","PlanNumber":"KAP53514","PIN":null,"PID":19024886,"Designation1":"Lot 2","Designation2":null,"Designation3":null,"ParcelStatus":"ACTIVE","RegionalDistrict":"0019","ParcelClass":"SUBDIVISION","SourceParcelID":null,"GeometrySource":"ICF","IsRemainder":"NO","ParcelStartDate":null,"PositionalError":1.66691576,"LegalDescription":"LOT 2 DISTRICT LOT 963 SIMILKAMEEN DIVISION YALE DISTRICT PLAN KAP53514","CaptureMethod":"UNKNOWN","OwnerType":"PRIVATE","Compiled":1,"CreatedDate":"2016-09-20T23:24:06.000Z","ModifiedDate":"2025-02-20T23:34:40.000Z","StatedArea":null,"ErrorReportedBy":"PMBC-OPERATIONS","Municipality":"0163","OBJECTID":49697,"created_user":"SDE","created_date":"2024-11-12T16:15:31.000Z","last_edited_user":"SDE","last_edited_date":"2026-03-25T16:06:10.000Z","Shape__Area":1451.732474135,"Shape__Length":198.7317644817873,"CommonName":null,"SourceGlobalID":"{27CBD381-EF7C-426C-AF11-EB3AE915B7E4}","Comments":null,"UpdateStatus":"AUTO","UpdateSource":"PMBC"}},{"type":"Feature","geometry":{"type":"Polygon","coordinates":[[[-118.239048,49.101874],[-118.239187,49.101886],[-118.239274,49.101769],[-118.2393,49.101736],[-118.239379,49.10163],[-118.239425,49.101569],[-118.239545,49.101557],[-118.23958,49.101549],[-118.239612,49.101539],[-118.239722,49.101493],[-118.23983,49.101471],[-118.23987,49.101459],[-118.239909,49.101451],[-118.239994,49.101436],[-118.240066,49.10141],[-118.240088,49.101401],[-118.240111,49.101395],[-118.240134,49.101391],[-118.240149,49.101398],[-118.240162,49.101406],[-118.240174,49.101416],[-118.240185,49.101429],[-118.240198,49.101449],[-118.240204,49.101526],[-118.240211,49.10155],[-118.240211,49.101657],[-118.240206,49.101681],[-118.240202,49.101691],[-118.240199,49.101701],[-118.240198,49.101712],[-118.2402,49.101723],[-118.240203,49.101733],[-118.240208,49.101743],[-118.240127,49.101763],[-118.239005,49.102042],[-118.239048,49.101874]]]},"properties":{"GlobalID":"{637E95F1-378B-45D8-BCE2-7CF28AC326F2}","Name":"004372905","PlanID":"{A451A3CC-EBD7-4B93-8A2A-C233C144C473}","PlanNumber":"KAP6348","PIN":null,"PID":4372905,"Designation1":"Lot 2","Designation2":"Block 6","Designation3":null,"ParcelStatus":"ACTIVE","RegionalDistrict":"0019","ParcelClass":"SUBDIVISION","SourceParcelID":null,"GeometrySource":"ICF","IsRemainder":"NO","ParcelStartDate":null,"PositionalError":4.752074,"LegalDescription":"LOT 2 BLOCK 6 DISTRICT LOT 963 SIMILKAMEEN DIVISION YALE DISTRICT PLAN 6348","CaptureMethod":"UNKNOWN","OwnerType":"MIXED OWNERSHIP","Compiled":1,"CreatedDate":"2016-09-20T23:24:06.000Z","ModifiedDate":"2025-02-20T23:34:40.000Z","StatedArea":null,"ErrorReportedBy":"LSA","Municipality":"0163","OBJECTID":49698,"created_user":"SDE","created_date":"2024-11-12T16:15:31.000Z","last_edited_user":"SDE","last_edited_date":"2026-03-25T16:06:10.000Z","Shape__Area":2927.32392328,"Shape__Length":259.2705301424592,"CommonName":null,"SourceGlobalID":"{6E6B6412-4959-4DC1-AD76-A23D4162AA96}","Comments":null,"UpdateStatus":"AUTO","UpdateSource":"PMBC"}},{"type":"Feature","geometry":{"type":"Polygon","coordinates":[[[-118.234548,49.101908],[-118.234513,49.101689],[-118.234754,49.101669],[-118.234818,49.102011],[-118.234548,49.101908]]]},"properties":{"GlobalID":"{D5867E1E-5C65-43E9-B136-656F2F5799B9}","Name":"019024843","PlanID":"{F1A14E91-724E-4B8A-9B9E-B11047F9E45A}","PlanNumber":"KAP53514","PIN":null,"PID":19024843,"Designation1":"Lot 1","Designation2":null,"Designation3":null,"ParcelStatus":"ACTIVE","RegionalDistrict":"0019","ParcelClass":"SUBDIVISION","SourceParcelID":null,"GeometrySource":"ICF","IsRemainder":"NO","ParcelStartDate":null,"PositionalError":1.1333588,"LegalDescription":"LOT 1 DISTRICT LOT 963 SIMILKAMEEN DIVISION YALE DISTRICT PLAN KAP53514","CaptureMethod":"UNKNOWN","OwnerType":"PRIVATE","Compiled":1,"CreatedDate":"2016-09-20T23:24:06.000Z","ModifiedDate":"2025-03-17T22:00:03.000Z","StatedArea":null,"ErrorReportedBy":"PMBC-OPERATIONS","Municipality":"0163","OBJECTID":49699,"created_user":"SDE","created_date":"2024-11-12T16:15:31.000Z","last_edited_user":"SDE","last_edited_date":"2026-03-25T16:06:10.000Z","Shape__Area":565.16549449,"Shape__Length":103.30836716363842,"CommonName":null,"SourceGlobalID":"{61ABD3E8-68C0-4909-B916-E0D08658A27A}","Comments":null,"UpdateStatus":"AUTO","UpdateSource":"PMBC"}},{"type":"Feature","geometry":{"type":"MultiPolygon","coordinates":[[[[-118.236149,49.115795],[-118.237058,49.115797],[-118.237217,49.116167],[-118.236424,49.116166],[-118.236149,49.115795]]],[[[-118.237678,49.115983],[-118.237686,49.116037],[-118.237722,49.116118],[-118.23773,49.116146],[-118.237733,49.116169],[-118.237432,49.116167],[-118.237295,49.115853],[-118.237607,49.115841],[-118.237671,49.115955],[-118.237678,49.115983]]]]},"properties":{"GlobalID":"{7220FF29-4182-4A93-A1DE-BDF7C7712FBF}","Name":"011074531","PlanID":"{5A3E3837-6E25-4D25-9872-9B85E78D574A}","PlanNumber":"KAP1919","PIN":4163521,"PID":11074531,"Designation1":"Lot 25","Designation2":null,"Designation3":null,"ParcelStatus":"ACTIVE","RegionalDistrict":"0019","ParcelClass":"SUBDIVISION","SourceParcelID":null,"GeometrySource":"ICF","IsRemainder":"NO","ParcelStartDate":null,"PositionalError":3.06526038,"LegalDescription":"LOT 25 DISTRICT LOT 3063S SIMILKAMEEN DIVISION YALE DISTRICT PLAN 1919","CaptureMethod":"UNKNOWN","OwnerType":"PRIVATE","Compiled":1,"CreatedDate":"2016-09-20T23:24:06.000Z","ModifiedDate":"2022-01-19T23:19:33.000Z","StatedArea":null,"ErrorReportedBy":"LSA","Municipality":"0163","OBJECTID":49700,"created_user":"SDE","created_date":"2024-11-12T16:15:31.000Z","last_edited_user":"SDE","last_edited_date":"2026-03-25T16:06:10.000Z","Shape__Area":3385.393030325,"Shape__Length":331.7651159739797,"CommonName":null,"SourceGlobalID":"{DF5DD6E8-7895-4918-874E-DCDA822A76F2}","Comments":null,"UpdateStatus":"AUTO","UpdateSource":"PMBC"}},{"type":"Feature","geometry":{"type":"Polygon","coordinates":[[[-118.235264,49.10039],[-118.235298,49.100397],[-118.235333,49.100402],[-118.235368,49.10041],[-118.2354,49.100424],[-118.235435,49.100436],[-118.235537,49.100457],[-118.23562,49.100461],[-118.235767,49.100461],[-118.235794,49.100464],[-118.235847,49.100716],[-118.235571,49.100737],[-118.235318,49.100755],[-118.235264,49.10039]]]},"properties":{"GlobalID":"{E2AF9596-5F2E-494F-B1CB-4C64F8E7358E}","Name":"018776191","PlanID":"{A451A3CC-EBD7-4B93-8A2A-C233C144C473}","PlanNumber":"KAP6348","PIN":null,"PID":18776191,"Designation1":"Parcel A","Designation2":"Block 3","Designation3":null,"ParcelStatus":"ACTIVE","RegionalDistrict":"0019","ParcelClass":"SUBDIVISION","SourceParcelID":null,"GeometrySource":"ICF","IsRemainder":"NO","ParcelStartDate":null,"PositionalError":3.8958687,"LegalDescription":"PARCEL A (KH57694) BLOCK 3 DISTRICT LOT 963 SIMILKAMEEN DIVISION YALE DISTRICT PLAN 6348","CaptureMethod":"UNKNOWN","OwnerType":"PRIVATE","Compiled":1,"CreatedDate":"2016-09-20T23:24:06.000Z","ModifiedDate":"2025-02-20T23:34:40.000Z","StatedArea":null,"ErrorReportedBy":"LSA","Municipality":"0163","OBJECTID":49701,"created_user":"SDE","created_date":"2024-11-12T16:15:31.000Z","last_edited_user":"SDE","last_edited_date":"2026-03-25T16:06:10.000Z","Shape__Area":1257.9102389,"Shape__Length":148.17579580622274,"CommonName":null,"SourceGlobalID":"{4DB4F95E-C628-411D-9670-670F1654395F}","Comments":null,"UpdateStatus":"AUTO","UpdateSource":"PMBC"}},{"type":"Feature","geometry":{"type":"MultiPolygon","coordinates":[[[[-118.236424,49.116166],[-118.237217,49.116167],[-118.237374,49.116528],[-118.236672,49.116526],[-118.236424,49.116166]]],[[[-118.237857,49.11644],[-118.237894,49.116532],[-118.237589,49.116528],[-118.237432,49.116167],[-118.237733,49.116169],[-118.237747,49.116201],[-118.237758,49.116231],[-118.237797,49.116322],[-118.237857,49.11644]]]]},"properties":{"GlobalID":"{33872F76-C858-48FA-A39D-6B01B7BBCDE8}","Name":"011074540","PlanID":"{5A3E3837-6E25-4D25-9872-9B85E78D574A}","PlanNumber":"KAP1919","PIN":4163651,"PID":11074540,"Designation1":"Lot 26","Designation2":null,"Designation3":null,"ParcelStatus":"ACTIVE","RegionalDistrict":"0019","ParcelClass":"SUBDIVISION","SourceParcelID":null,"GeometrySource":"ICF","IsRemainder":"NO","ParcelStartDate":null,"PositionalError":2.82561097,"LegalDescription":"LOT 26 DISTRICT LOT 3063S SIMILKAMEEN DIVISION YALE DISTRICT PLAN 1919","CaptureMethod":"UNKNOWN","OwnerType":"PRIVATE","Compiled":1,"CreatedDate":"2016-09-20T23:24:06.000Z","ModifiedDate":"2022-01-19T23:19:33.000Z","StatedArea":null,"ErrorReportedBy":"LSA","Municipality":"0163","OBJECTID":49702,"created_user":"SDE","created_date":"2024-11-12T16:15:31.000Z","last_edited_user":"SDE","last_edited_date":"2026-03-25T16:06:10.000Z","Shape__Area":3067.334952025,"Shape__Length":322.69005415742686,"CommonName":null,"SourceGlobalID":"{BE76E6A8-04A2-402F-AF07-C7F2335A647F}","Comments":null,"UpdateStatus":"AUTO","UpdateSource":"PMBC"}},{"type":"Feature","geometry":{"type":"MultiPolygon","coordinates":[[[[-118.239988,49.119842],[-118.239987,49.119734],[-118.240023,49.119747],[-118.240059,49.119757],[-118.240093,49.119772],[-118.240129,49.119784],[-118.240165,49.119792],[-118.240238,49.119792],[-118.240238,49.119818],[-118.240239,49.12001],[-118.239988,49.119879],[-118.239988,49.119842]]],[[[-118.238695,49.119425],[-118.239296,49.119433],[-118.239621,49.119838],[-118.238988,49.11983],[-118.238695,49.119425]]]]},"properties":{"GlobalID":"{36DB6217-9005-43CF-88A0-57E1102CA12A}","Name":"017991137","PlanID":"{B18A3C4F-8D4E-4A97-9059-EA19C18EF4BE}","PlanNumber":"KAP48471","PIN":null,"PID":17991137,"Designation1":"Lot 1","Designation2":null,"Designation3":null,"ParcelStatus":"ACTIVE","RegionalDistrict":"0019","ParcelClass":"SUBDIVISION","SourceParcelID":null,"GeometrySource":"ICF","IsRemainder":"NO","ParcelStartDate":null,"PositionalError":4.53963055,"LegalDescription":"LOT 1 DISTRICT LOTS 2104 AND 3063S SIMILKAMEEN DIVISION YALE DISTRICT PLAN KAP48471","CaptureMethod":"UNKNOWN","OwnerType":"PRIVATE","Compiled":1,"CreatedDate":"2016-09-20T23:24:06.000Z","ModifiedDate":"2022-01-19T23:19:33.000Z","StatedArea":null,"ErrorReportedBy":"LSA","Municipality":"0163","OBJECTID":49703,"created_user":"SDE","created_date":"2024-11-12T16:15:31.000Z","last_edited_user":"SDE","last_edited_date":"2026-03-25T16:06:10.000Z","Shape__Area":2355.858326915,"Shape__Length":274.48102715797097,"CommonName":null,"SourceGlobalID":"{B0FA6CE8-134E-4AF0-810A-07CE8989F444}","Comments":null,"UpdateStatus":"AUTO","UpdateSource":"PMBC"}},{"type":"Feature","geometry":{"type":"Polygon","coordinates":[[[-118.223945,49.104512],[-118.223951,49.104502],[-118.224753,49.103089],[-118.225504,49.103275],[-118.22466,49.104761],[-118.224654,49.104772],[-118.224581,49.104731],[-118.224505,49.104695],[-118.224427,49.104656],[-118.224346,49.104622],[-118.224263,49.104594],[-118.223945,49.104512]]]},"properties":{"GlobalID":"{1EC8BB07-99AF-4F6A-B317-9114E7CAC4BB}","Name":"026838826","PlanID":"{95BAA5EF-BD59-43F5-A001-EF929C788D89}","PlanNumber":"KAP82119","PIN":null,"PID":26838826,"Designation1":"Lot 15","Designation2":null,"Designation3":null,"ParcelStatus":"ACTIVE","RegionalDistrict":"0019","ParcelClass":"SUBDIVISION","SourceParcelID":null,"GeometrySource":"ICF","IsRemainder":"NO","ParcelStartDate":"2006-10-18T07:00:00.000Z","PositionalError":3.5990476,"LegalDescription":"LOT 15 DISTRICT LOT 963 SIMILKAMEEN DIVISION YALE DISTRICT PLAN KAP82119","CaptureMethod":"UNKNOWN","OwnerType":"PRIVATE","Compiled":1,"CreatedDate":"2016-09-20T23:24:06.000Z","ModifiedDate":"2025-04-24T17:58:10.000Z","StatedArea":null,"ErrorReportedBy":"LSA","Municipality":"0163","OBJECTID":49704,"created_user":"SDE","created_date":"2024-11-12T16:15:31.000Z","last_edited_user":"SDE","last_edited_date":"2026-03-25T16:06:10.000Z","Shape__Area":10027.594280565,"Shape__Length":464.87964197346673,"CommonName":null,"SourceGlobalID":"{3A994E39-E025-45C9-9D27-EC42FBF754FD}","Comments":null,"UpdateStatus":"AUTO","UpdateSource":"PMBC"}},{"type":"Feature","geometry":{"type":"Polygon","coordinates":[[[-118.235746,49.101537],[-118.23561,49.100861],[-118.235859,49.100839],[-118.236002,49.101562],[-118.235755,49.101584],[-118.235746,49.101537]]]},"properties":{"GlobalID":"{040D9C43-6BCA-4178-942F-BB4177D94513}","Name":"001969579","PlanID":"{A451A3CC-EBD7-4B93-8A2A-C233C144C473}","PlanNumber":"KAP6348","PIN":null,"PID":1969579,"Designation1":"Lot 4","Designation2":"Block 4","Designation3":null,"ParcelStatus":"ACTIVE","RegionalDistrict":"0019","ParcelClass":"SUBDIVISION","SourceParcelID":null,"GeometrySource":"ICF","IsRemainder":"NO","ParcelStartDate":null,"PositionalError":1.43954104,"LegalDescription":"LOT 4 BLOCK 4 DISTRICT LOT 963 SIMILKAMEEN DIVISION YALE DISTRICT PLAN 6348","CaptureMethod":"UNKNOWN","OwnerType":"PRIVATE","Compiled":1,"CreatedDate":"2016-09-20T23:24:06.000Z","ModifiedDate":"2025-03-17T22:00:03.000Z","StatedArea":null,"ErrorReportedBy":"PMBC-OPERATIONS","Municipality":"0163","OBJECTID":49705,"created_user":"SDE","created_date":"2024-11-12T16:15:31.000Z","last_edited_user":"SDE","last_edited_date":"2026-03-25T16:06:10.000Z","Shape__Area":1483.01045822,"Shape__Length":198.76259143985496,"CommonName":null,"SourceGlobalID":"{BC31DE74-3FAB-4709-8EF9-31A90A1E0FB0}","Comments":null,"UpdateStatus":"AUTO","UpdateSource":"PMBC"}},{"type":"Feature","geometry":{"type":"Polygon","coordinates":[[[-118.233447,49.101539],[-118.233634,49.101399],[-118.233854,49.101527],[-118.234086,49.101844],[-118.233234,49.101697],[-118.233447,49.101539]]]},"properties":{"GlobalID":"{3BFED37E-C1E1-421E-B650-7BB74F80170B}","Name":"003357155","PlanID":"{373D5771-540B-4DD5-8E94-E2919232F42E}","PlanNumber":"KAP12457","PIN":null,"PID":3357155,"Designation1":"Lot 1","Designation2":null,"Designation3":null,"ParcelStatus":"ACTIVE","RegionalDistrict":"0019","ParcelClass":"SUBDIVISION","SourceParcelID":null,"GeometrySource":"ICF","IsRemainder":"NO","ParcelStartDate":null,"PositionalError":2.21559429,"LegalDescription":"LOT 1 DISTRICT LOT 963 SIMILKAMEEN DIVISION YALE DISTRICT PLAN 12457","CaptureMethod":"UNKNOWN","OwnerType":"PRIVATE","Compiled":1,"CreatedDate":"2016-09-20T23:24:06.000Z","ModifiedDate":"2022-01-19T23:19:33.000Z","StatedArea":null,"ErrorReportedBy":"LSA","Municipality":"0163","OBJECTID":49706,"created_user":"SDE","created_date":"2024-11-12T16:15:31.000Z","last_edited_user":"SDE","last_edited_date":"2026-03-25T16:06:10.000Z","Shape__Area":1432.830179035,"Shape__Length":169.14885432909114,"CommonName":null,"SourceGlobalID":"{5352B52D-B254-4ED4-87EE-439A79E0AE6A}","Comments":null,"UpdateStatus":"AUTO","UpdateSource":"PMBC"}},{"type":"Feature","geometry":{"type":"Polygon","coordinates":[[[-118.231906,49.101127],[-118.231979,49.1011],[-118.232,49.101085],[-118.232011,49.101077],[-118.232044,49.10105],[-118.232064,49.101039],[-118.232086,49.101032],[-118.232108,49.101027],[-118.232137,49.101017],[-118.232139,49.10103],[-118.232148,49.101075],[-118.232171,49.101202],[-118.231933,49.101273],[-118.231909,49.101146],[-118.231906,49.101127]]]},"properties":{"GlobalID":"{EB219FC0-54A2-41F6-AC65-E0A359D5C060}","Name":"010149309","PlanID":"{A451A3CC-EBD7-4B93-8A2A-C233C144C473}","PlanNumber":"KAP6348","PIN":null,"PID":10149309,"Designation1":"Lot 10","Designation2":"Block 2","Designation3":null,"ParcelStatus":"ACTIVE","RegionalDistrict":"0019","ParcelClass":"SUBDIVISION","SourceParcelID":null,"GeometrySource":"ICF","IsRemainder":"NO","ParcelStartDate":null,"PositionalError":2.4653525,"LegalDescription":"LOT 10 BLOCK 2 DISTRICT LOT 963 SIMILKAMEEN DIVISION YALE DISTRICT PLAN 6348","CaptureMethod":"UNKNOWN","OwnerType":"PRIVATE","Compiled":1,"CreatedDate":"2016-09-20T23:24:06.000Z","ModifiedDate":"2025-03-17T22:00:03.000Z","StatedArea":null,"ErrorReportedBy":"LSA","Municipality":"0163","OBJECTID":49707,"created_user":"SDE","created_date":"2024-11-12T16:15:31.000Z","last_edited_user":"SDE","last_edited_date":"2026-03-25T16:06:10.000Z","Shape__Area":341.70266016,"Shape__Length":77.41509508865049,"CommonName":null,"SourceGlobalID":"{E4CD1000-9F40-40B5-9309-EC2603667BB9}","Comments":null,"UpdateStatus":"AUTO","UpdateSource":"PMBC"}},{"type":"Feature","geometry":{"type":"Polygon","coordinates":[[[-118.22196,49.101462],[-118.221667,49.10139],[-118.221672,49.101382],[-118.22178,49.101195],[-118.222051,49.10083],[-118.222758,49.101011],[-118.222345,49.101558],[-118.222318,49.101551],[-118.22196,49.101462]]]},"properties":{"GlobalID":"{732C45A1-1AF7-40A8-86E5-8867AA6077FC}","Name":"008859841","PlanID":"{2DF9357F-7E60-4CC4-9347-7BA1B9BABE6A}","PlanNumber":"KAP15266","PIN":3723061,"PID":8859841,"Designation1":"Lot 1","Designation2":null,"Designation3":null,"ParcelStatus":"ACTIVE","RegionalDistrict":"0019","ParcelClass":"SUBDIVISION","SourceParcelID":null,"GeometrySource":"ICF","IsRemainder":"NO","ParcelStartDate":null,"PositionalError":3.59709,"LegalDescription":"LOT 1 DISTRICT LOT 963 SIMILKAMEEN DIVISION YALE DISTRICT PLAN 15266","CaptureMethod":"UNKNOWN","OwnerType":"CROWN PROVINCIAL","Compiled":1,"CreatedDate":"2016-09-20T23:24:06.000Z","ModifiedDate":"2025-04-24T17:58:10.000Z","StatedArea":null,"ErrorReportedBy":"LSA","Municipality":"0163","OBJECTID":49708,"created_user":"SDE","created_date":"2024-11-12T16:15:31.000Z","last_edited_user":"SDE","last_edited_date":"2026-03-25T16:06:10.000Z","Shape__Area":3722.963639695,"Shape__Length":244.4767395653312,"CommonName":null,"SourceGlobalID":"{E2CB0FB8-BC14-4FE9-A8EB-1701B5491ED5}","Comments":null,"UpdateStatus":"AUTO","UpdateSource":"PMBC"}},{"type":"Feature","geometry":{"type":"Polygon","coordinates":[[[-118.238792,49.104657],[-118.238694,49.104485],[-118.239997,49.104702],[-118.240037,49.10471],[-118.240016,49.10475],[-118.239994,49.104789],[-118.239971,49.10482],[-118.239909,49.104811],[-118.239061,49.104695],[-118.238792,49.104657]]]},"properties":{"GlobalID":"{3AB7C83D-3F69-475C-88B8-2F032AF302F6}","Name":"008875863","PlanID":"{BA820DAC-AD11-41BA-80F6-A53FB5F7402D}","PlanNumber":"KAP15183","PIN":null,"PID":8875863,"Designation1":"Lot A","Designation2":null,"Designation3":null,"ParcelStatus":"ACTIVE","RegionalDistrict":"0019","ParcelClass":"SUBDIVISION","SourceParcelID":null,"GeometrySource":"ICF","IsRemainder":"NO","ParcelStartDate":null,"PositionalError":3.4116074,"LegalDescription":"LOT A DISTRICT LOT 963 SIMILKAMEEN DIVISION YALE DISTRICT PLAN 15183","CaptureMethod":"UNKNOWN","OwnerType":"PRIVATE","Compiled":1,"CreatedDate":"2016-09-20T23:24:06.000Z","ModifiedDate":"2025-03-17T22:00:03.000Z","StatedArea":null,"ErrorReportedBy":"LSA","Municipality":"0163","OBJECTID":49709,"created_user":"SDE","created_date":"2024-11-12T16:15:31.000Z","last_edited_user":"SDE","last_edited_date":"2026-03-25T16:06:10.000Z","Shape__Area":1424.7881052,"Shape__Length":222.74881963812848,"CommonName":null,"SourceGlobalID":"{DE820001-CFA8-426E-B3D4-ECCEF3C0E100}","Comments":null,"UpdateStatus":"AUTO","UpdateSource":"PMBC"}},{"type":"Feature","geometry":{"type":"Polygon","coordinates":[[[-118.225922,49.105294],[-118.226378,49.105098],[-118.227173,49.105383],[-118.228449,49.10584],[-118.228503,49.10586],[-118.228363,49.105923],[-118.228385,49.105947],[-118.227918,49.106176],[-118.227615,49.106324],[-118.227573,49.106298],[-118.225922,49.105294]]]},"properties":{"GlobalID":"{CBC95293-64CC-4183-824E-67D94E18BA84}","Name":"026838729","PlanID":"{95BAA5EF-BD59-43F5-A001-EF929C788D89}","PlanNumber":"KAP82119","PIN":null,"PID":26838729,"Designation1":"Lot 5","Designation2":null,"Designation3":null,"ParcelStatus":"ACTIVE","RegionalDistrict":"0019","ParcelClass":"SUBDIVISION","SourceParcelID":null,"GeometrySource":"ICF","IsRemainder":"NO","ParcelStartDate":"2006-10-18T07:00:00.000Z","PositionalError":3.8483969,"LegalDescription":"LOT 5 DISTRICT LOT 963 SIMILKAMEEN DIVISION YALE DISTRICT PLAN KAP82119","CaptureMethod":"UNKNOWN","OwnerType":"PRIVATE","Compiled":1,"CreatedDate":"2016-09-20T23:24:06.000Z","ModifiedDate":"2025-03-17T22:00:03.000Z","StatedArea":null,"ErrorReportedBy":"LSA","Municipality":"0163","OBJECTID":49710,"created_user":"SDE","created_date":"2024-11-12T16:15:31.000Z","last_edited_user":"SDE","last_edited_date":"2026-03-25T16:06:10.000Z","Shape__Area":10074.907948265,"Shape__Length":470.6166768152025,"CommonName":null,"SourceGlobalID":"{21C06C8E-73B8-42B1-B8A9-3A76A70729D3}","Comments":null,"UpdateStatus":"AUTO","UpdateSource":"PMBC"}},{"type":"Feature","geometry":{"type":"Polygon","coordinates":[[[-118.228125,49.105091],[-118.226713,49.104894],[-118.226756,49.104856],[-118.226794,49.104815],[-118.226827,49.104769],[-118.226855,49.104719],[-118.226877,49.104667],[-118.226893,49.104613],[-118.227713,49.104606],[-118.227714,49.104606],[-118.229577,49.104591],[-118.229544,49.104693],[-118.229503,49.104793],[-118.229457,49.104891],[-118.229404,49.104985],[-118.229345,49.105075],[-118.22928,49.105161],[-118.22921,49.105243],[-118.228127,49.105091],[-118.228125,49.105091]]]},"properties":{"GlobalID":"{DDFD785C-6ED9-46AC-A174-426DB1E6C141}","Name":"026838745","PlanID":"{95BAA5EF-BD59-43F5-A001-EF929C788D89}","PlanNumber":"KAP82119","PIN":null,"PID":26838745,"Designation1":"Lot 7","Designation2":null,"Designation3":null,"ParcelStatus":"ACTIVE","RegionalDistrict":"0019","ParcelClass":"SUBDIVISION","SourceParcelID":null,"GeometrySource":"ICF","IsRemainder":"NO","ParcelStartDate":"2006-10-18T07:00:00.000Z","PositionalError":3.729228,"LegalDescription":"LOT 7 DISTRICT LOT 963 SIMILKAMEEN DIVISION YALE DISTRICT PLAN KAP82119","CaptureMethod":"UNKNOWN","OwnerType":"PRIVATE","Compiled":1,"CreatedDate":"2016-09-20T23:24:06.000Z","ModifiedDate":"2025-03-17T22:00:03.000Z","StatedArea":null,"ErrorReportedBy":"LSA","Municipality":"0163","OBJECTID":49711,"created_user":"SDE","created_date":"2024-11-12T16:15:31.000Z","last_edited_user":"SDE","last_edited_date":"2026-03-25T16:06:10.000Z","Shape__Area":10294.175600535,"Shape__Length":494.2291782727444,"CommonName":null,"SourceGlobalID":"{19C0DD94-A9EB-45D0-9864-66C5348EC1D3}","Comments":null,"UpdateStatus":"AUTO","UpdateSource":"PMBC"}},{"type":"Feature","geometry":{"type":"Polygon","coordinates":[[[-118.231373,49.109923],[-118.230339,49.109636],[-118.230263,49.109615],[-118.230334,49.109469],[-118.230423,49.109465],[-118.23096,49.109441],[-118.230982,49.109436],[-118.231193,49.109384],[-118.231657,49.109395],[-118.231701,49.109396],[-118.231696,49.109486],[-118.231675,49.109881],[-118.231869,49.109886],[-118.232017,49.109889],[-118.232209,49.109884],[-118.232865,49.109866],[-118.232798,49.110014],[-118.232773,49.110069],[-118.232734,49.110124],[-118.232588,49.110328],[-118.232359,49.110648],[-118.232181,49.110605],[-118.232051,49.110573],[-118.231726,49.110493],[-118.231152,49.110282],[-118.231225,49.110164],[-118.231259,49.110109],[-118.231292,49.110055],[-118.231373,49.109923]]]},"properties":{"GlobalID":"{E62855E0-D1FB-4890-8239-9439572835E0}","Name":"031396054","PlanID":"{E3300ED6-75E5-4D36-A540-AEFE09D3B089}","PlanNumber":"EPP107272","PIN":null,"PID":31396054,"Designation1":"Lot 2","Designation2":null,"Designation3":null,"ParcelStatus":"ACTIVE","RegionalDistrict":"0019","ParcelClass":"SUBDIVISION","SourceParcelID":null,"GeometrySource":"SPDS","IsRemainder":null,"ParcelStartDate":"2021-05-12T07:00:00.000Z","PositionalError":0.0858897,"LegalDescription":"LOT 2 DISTRICT LOT 4037S SIMILKAMEEN DIVISION YALE DISTRICT PLAN EPP107272","CaptureMethod":"SPDS","OwnerType":"PRIVATE","Compiled":0,"CreatedDate":"2021-05-25T15:26:35.000Z","ModifiedDate":"2025-03-17T22:00:03.000Z","StatedArea":"11410","ErrorReportedBy":"LSA","Municipality":"0163","OBJECTID":49712,"created_user":"SDE","created_date":"2024-11-12T16:15:31.000Z","last_edited_user":"SDE","last_edited_date":"2026-03-25T16:06:10.000Z","Shape__Area":11400.68038365,"Shape__Length":581.9288410797989,"CommonName":null,"SourceGlobalID":"{CFB7F951-9FD7-41A5-BD84-1801D04EF6FA}","Comments":null,"UpdateStatus":"AUTO","UpdateSource":"PMBC"}},{"type":"Feature","geometry":{"type":"Polygon","coordinates":[[[-118.23494,49.07884],[-118.234909,49.078773],[-118.234907,49.078746],[-118.234899,49.078737],[-118.234894,49.078727],[-118.23489,49.078716],[-118.234888,49.078704],[-118.234886,49.078654],[-118.234874,49.078643],[-118.234869,49.078618],[-118.234936,49.078611],[-118.23603,49.078498],[-118.236847,49.078742],[-118.237073,49.078581],[-118.237065,49.078558],[-118.237853,49.078551],[-118.237921,49.078815],[-118.236655,49.078827],[-118.23494,49.07884]]]},"properties":{"GlobalID":"{F3C3EBCA-DD85-4AF1-A04F-A994ECB9DC25}","Name":"003197221","PlanID":"{56144FD2-C10D-4EFA-A547-4CD96ED8D756}","PlanNumber":"KAP33439","PIN":null,"PID":3197221,"Designation1":"Lot B","Designation2":null,"Designation3":null,"ParcelStatus":"ACTIVE","RegionalDistrict":"0019","ParcelClass":"SUBDIVISION","SourceParcelID":null,"GeometrySource":"ICF","IsRemainder":"NO","ParcelStartDate":null,"PositionalError":5.03802299,"LegalDescription":"LOT B DISTRICT LOT 1181S SIMILKAMEEN DIVISION YALE DISTRICT PLAN 33439","CaptureMethod":"UNKNOWN","OwnerType":"PRIVATE","Compiled":1,"CreatedDate":"2021-07-13T21:41:01.000Z","ModifiedDate":"2022-01-20T23:21:53.000Z","StatedArea":null,"ErrorReportedBy":"LSA","Municipality":"0163","OBJECTID":49713,"created_user":"SDE","created_date":"2024-11-12T16:15:31.000Z","last_edited_user":"SDE","last_edited_date":"2026-03-25T16:06:10.000Z","Shape__Area":5996.66738011,"Shape__Length":509.01031785368014,"CommonName":null,"SourceGlobalID":"{D3C97B60-5820-4187-98AB-5E0D1B860387}","Comments":null,"UpdateStatus":"AUTO","UpdateSource":"PMBC"}},{"type":"Feature","geometry":{"type":"MultiPolygon","coordinates":[[[[-118.23678,49.077845],[-118.23649,49.077676],[-118.237245,49.077614],[-118.237467,49.078001],[-118.237868,49.078475],[-118.237885,49.078548],[-118.237853,49.078551],[-118.237065,49.078558],[-118.237036,49.078559],[-118.23678,49.077845]]],[[[-118.234682,49.078088],[-118.234697,49.078063],[-118.234715,49.078041],[-118.234737,49.07803],[-118.234756,49.078016],[-118.234773,49.077999],[-118.234786,49.077979],[-118.23481,49.077956],[-118.234837,49.077937],[-118.234936,49.07789],[-118.235016,49.077879],[-118.235047,49.077867],[-118.235075,49.077851],[-118.2351,49.077829],[-118.235145,49.077781],[-118.235224,49.077775],[-118.235497,49.07775],[-118.235552,49.077745],[-118.235683,49.077733],[-118.236217,49.077695],[-118.236226,49.077718],[-118.236594,49.077922],[-118.236801,49.07854],[-118.236778,49.078557],[-118.236048,49.078357],[-118.235878,49.078372],[-118.235805,49.078379],[-118.234807,49.078457],[-118.234795,49.078439],[-118.234781,49.078424],[-118.234765,49.078411],[-118.234758,49.078398],[-118.234749,49.078386],[-118.234739,49.078376],[-118.234726,49.078368],[-118.234717,49.078359],[-118.234709,49.078348],[-118.234703,49.078335],[-118.2347,49.078322],[-118.234698,49.07831],[-118.234698,49.078297],[-118.2347,49.078285],[-118.234703,49.078272],[-118.234707,49.078244],[-118.23468,49.078143],[-118.234682,49.078088]]]]},"properties":{"GlobalID":"{D13FD71E-DD99-4890-ACD2-74B520CF0451}","Name":"009781226","PlanID":"{8358B5C6-FFAF-4707-B271-04E4F1212D2F}","PlanNumber":"KAP8844","PIN":null,"PID":9781226,"Designation1":"Lot 5","Designation2":"Block A","Designation3":null,"ParcelStatus":"ACTIVE","RegionalDistrict":"0019","ParcelClass":"SUBDIVISION","SourceParcelID":null,"GeometrySource":"ICF","IsRemainder":"NO","ParcelStartDate":null,"PositionalError":3.18594185,"LegalDescription":"LOT 5 BLOCK A DISTRICT LOT 1181S SIMILKAMEEN DIVISION YALE DISTRICT PLAN 8844","CaptureMethod":"UNKNOWN","OwnerType":"PRIVATE","Compiled":1,"CreatedDate":"2021-07-13T21:33:33.000Z","ModifiedDate":"2022-01-20T23:21:53.000Z","StatedArea":"15160","ErrorReportedBy":"LSA","Municipality":"0163","OBJECTID":49714,"created_user":"SDE","created_date":"2024-11-12T16:15:31.000Z","last_edited_user":"SDE","last_edited_date":"2026-03-25T16:06:10.000Z","Shape__Area":15425.117395215,"Shape__Length":774.0157075665036,"CommonName":null,"SourceGlobalID":"{FA33BFCB-C9BD-4413-815C-B737313B1D27}","Comments":null,"UpdateStatus":"AUTO","UpdateSource":"PMBC"}},{"type":"Feature","geometry":{"type":"Polygon","coordinates":[[[-118.238062,49.085209],[-118.238069,49.085287],[-118.237776,49.08535],[-118.237742,49.085281],[-118.238062,49.085209]]]},"properties":{"GlobalID":"{0F2CE2AB-0882-443D-B8A3-2DE2B278E238}","Name":"009969071","PlanID":"{ADCEFD02-9438-4380-9435-28EB2C07F7CF}","PlanNumber":"KAP594H","PIN":null,"PID":9969071,"Designation1":"Lot 2","Designation2":null,"Designation3":null,"ParcelStatus":"ACTIVE","RegionalDistrict":"0019","ParcelClass":"SUBDIVISION","SourceParcelID":null,"GeometrySource":"PMBC-OPERATIONS","IsRemainder":null,"ParcelStartDate":null,"PositionalError":1.33998046,"LegalDescription":"THAT PART OF AMENDED LOT 2 OUTLINED RED ON PLAN H594; DISTRICT LOT 1181S SIMILKAMEEN DIVISION YALE DISTRICT PLAN 7571","CaptureMethod":"UNKNOWN","OwnerType":"CROWN PROVINCIAL","Compiled":0,"CreatedDate":"2020-03-27T18:05:56.000Z","ModifiedDate":"2022-01-20T23:21:53.000Z","StatedArea":"107.5","ErrorReportedBy":"LSA","Municipality":"0163","OBJECTID":49715,"created_user":"SDE","created_date":"2024-11-12T16:15:31.000Z","last_edited_user":"SDE","last_edited_date":"2026-03-25T16:06:10.000Z","Shape__Area":194.21519337,"Shape__Length":63.96462659868892,"CommonName":null,"SourceGlobalID":"{D793C8A0-9BD8-461D-9FDC-7E4DA9EEF46A}","Comments":null,"UpdateStatus":"AUTO","UpdateSource":"PMBC"}},{"type":"Feature","geometry":{"type":"MultiPolygon","coordinates":[[[[-118.238051,49.08241],[-118.23781,49.081933],[-118.243652,49.081944],[-118.243787,49.081945],[-118.243784,49.082441],[-118.243659,49.082441],[-118.238051,49.08241]]],[[[-118.235154,49.082369],[-118.235147,49.082322],[-118.235146,49.082269],[-118.235156,49.082205],[-118.235175,49.082142],[-118.235201,49.082072],[-118.235226,49.082],[-118.235242,49.081928],[-118.235276,49.081928],[-118.23759,49.081932],[-118.237832,49.08241],[-118.235178,49.082417],[-118.235164,49.082417],[-118.235154,49.082369]]]]},"properties":{"GlobalID":"{37A8F119-AB0C-4517-934E-D651690F6815}","Name":"010405445","PlanID":"{2D8D7856-D39B-4584-9688-57B38D74CAF3}","PlanNumber":"KAP4913","PIN":null,"PID":10405445,"Designation1":"Lot 1","Designation2":null,"Designation3":null,"ParcelStatus":"ACTIVE","RegionalDistrict":"0019","ParcelClass":"SUBDIVISION","SourceParcelID":null,"GeometrySource":"PMBC-OPERATIONS","IsRemainder":"NO","ParcelStartDate":null,"PositionalError":0.42005964,"LegalDescription":"THAT PART OF LOT 1 LYING SOUTH OF A LINE AND ITS PRODUCTION EASTERLY AND 181.5 FEET PERPENDICULARLY DISTANT FROM THE SOUTH BOUNDARY OF SAID LOT; DISTRICT LOT 1181S SIMILKAMEEN DIVISION YALE DISTRICT PLAN 4913","CaptureMethod":"UNKNOWN","OwnerType":"PRIVATE","Compiled":0,"CreatedDate":"2020-03-27T15:46:34.000Z","ModifiedDate":"2022-01-20T23:27:13.000Z","StatedArea":null,"ErrorReportedBy":"LSA","Municipality":"0163","OBJECTID":49716,"created_user":"SDE","created_date":"2024-11-12T16:15:31.000Z","last_edited_user":"SDE","last_edited_date":"2026-03-25T16:06:10.000Z","Shape__Area":33077.97671456,"Shape__Length":1443.7601749900632,"CommonName":null,"SourceGlobalID":"{B570D9BA-1B5B-4E3F-9C0D-82D984427B6A}","Comments":null,"UpdateStatus":"AUTO","UpdateSource":"PMBC"}},{"type":"Feature","geometry":{"type":"MultiPolygon","coordinates":[[[[-118.238479,49.084373],[-118.238693,49.084372],[-118.238706,49.084413],[-118.238857,49.084893],[-118.238862,49.084992],[-118.238051,49.08507],[-118.238033,49.084861],[-118.238386,49.084539],[-118.238438,49.084446],[-118.238479,49.084373]]],[[[-118.237422,49.085125],[-118.237392,49.085099],[-118.23736,49.085079],[-118.237324,49.085063],[-118.237302,49.085053],[-118.237281,49.085039],[-118.237263,49.085024],[-118.237247,49.085005],[-118.237237,49.084993],[-118.237228,49.08498],[-118.237222,49.084967],[-118.237218,49.084954],[-118.237219,49.084928],[-118.237217,49.084903],[-118.237212,49.084875],[-118.237204,49.084847],[-118.237203,49.084845],[-118.237193,49.084819],[-118.23718,49.084793],[-118.237157,49.084747],[-118.237139,49.084699],[-118.237126,49.08465],[-118.237119,49.084599],[-118.237117,49.084572],[-118.237112,49.084545],[-118.237112,49.084544],[-118.23711,49.08453],[-118.237099,49.084491],[-118.23709,49.084472],[-118.23708,49.084453],[-118.237079,49.084452],[-118.237055,49.084418],[-118.237049,49.084411],[-118.237022,49.084382],[-118.23702,49.084379],[-118.237063,49.084379],[-118.238251,49.084374],[-118.238187,49.084496],[-118.237826,49.084825],[-118.237849,49.085111],[-118.237673,49.085146],[-118.237533,49.085173],[-118.237494,49.085181],[-118.237456,49.085155],[-118.237422,49.085125]]],[[[-118.239069,49.084972],[-118.239064,49.084863],[-118.23891,49.084371],[-118.243771,49.084275],[-118.243766,49.084878],[-118.24368,49.084879],[-118.239069,49.084972]]]]},"properties":{"GlobalID":"{2D03CDD2-B163-473B-9554-A582A2675BAD}","Name":"031053653","PlanID":"{643F4D5D-84FE-4F60-9EDF-FB6173817482}","PlanNumber":"EPP99344","PIN":null,"PID":31053653,"Designation1":"Lot 1","Designation2":null,"Designation3":null,"ParcelStatus":"ACTIVE","RegionalDistrict":"0019","ParcelClass":"SUBDIVISION","SourceParcelID":null,"GeometrySource":"SPDS","IsRemainder":null,"ParcelStartDate":"2020-03-05T08:00:00.000Z","PositionalError":0.25409202,"LegalDescription":"LOT 1 DISTRICT LOT 1181S SIMILKAMEEN DIVISION YALE DISTRICT PLAN EPP99344","CaptureMethod":"SPDS","OwnerType":"PRIVATE","Compiled":0,"CreatedDate":"2020-03-27T15:39:47.000Z","ModifiedDate":"2022-01-20T23:27:13.000Z","StatedArea":"31333","ErrorReportedBy":"LSA","Municipality":"0163","OBJECTID":49717,"created_user":"SDE","created_date":"2024-11-12T16:15:31.000Z","last_edited_user":"SDE","last_edited_date":"2026-03-25T16:06:10.000Z","Shape__Area":31325.752512005,"Shape__Length":1373.3505705368032,"CommonName":null,"SourceGlobalID":"{B04767B9-15FE-4690-8FB9-82BEFA433B2F}","Comments":null,"UpdateStatus":"AUTO","UpdateSource":"PMBC"}},{"type":"Feature","geometry":{"type":"Polygon","coordinates":[[[-118.235146,49.076278],[-118.235186,49.076236],[-118.235213,49.076216],[-118.235244,49.076204],[-118.235311,49.076186],[-118.235422,49.076147],[-118.236976,49.076506],[-118.237123,49.076837],[-118.235117,49.076361],[-118.235124,49.076332],[-118.235133,49.076304],[-118.235146,49.076278]]]},"properties":{"GlobalID":"{81CAAA41-ECC3-4C01-9B6A-CBBC89E5230F}","Name":"009781161","PlanID":"{8358B5C6-FFAF-4707-B271-04E4F1212D2F}","PlanNumber":"KAP8844","PIN":null,"PID":9781161,"Designation1":"Lot 2","Designation2":"Block A","Designation3":null,"ParcelStatus":"ACTIVE","RegionalDistrict":"0019","ParcelClass":"SUBDIVISION","SourceParcelID":null,"GeometrySource":"ICF","IsRemainder":"NO","ParcelStartDate":null,"PositionalError":4.82946191,"LegalDescription":"LOT 2 BLOCK A DISTRICT LOT 1181S SIMILKAMEEN DIVISION YALE DISTRICT PLAN 8844","CaptureMethod":"UNKNOWN","OwnerType":"PRIVATE","Compiled":1,"CreatedDate":"2016-09-20T23:24:06.000Z","ModifiedDate":"2022-01-20T23:21:53.000Z","StatedArea":null,"ErrorReportedBy":"LSA","Municipality":"0163","OBJECTID":49718,"created_user":"SDE","created_date":"2024-11-12T16:15:31.000Z","last_edited_user":"SDE","last_edited_date":"2026-03-25T16:06:10.000Z","Shape__Area":4319.3148389,"Shape__Length":349.4985588593759,"CommonName":null,"SourceGlobalID":"{4021FC1D-A10F-4C1B-BF1D-5451923B84A5}","Comments":null,"UpdateStatus":"AUTO","UpdateSource":"PMBC"}},{"type":"Feature","geometry":{"type":"Polygon","coordinates":[[[-118.236258,49.076123],[-118.235679,49.075763],[-118.235703,49.075747],[-118.235736,49.075702],[-118.235758,49.075683],[-118.235879,49.075653],[-118.235913,49.075648],[-118.23599,49.075624],[-118.236025,49.075609],[-118.236075,49.075571],[-118.236122,49.075545],[-118.236483,49.075939],[-118.236915,49.076155],[-118.236889,49.076217],[-118.236868,49.076267],[-118.236899,49.076336],[-118.236592,49.076234],[-118.236414,49.076175],[-118.236258,49.076123]]]},"properties":{"GlobalID":"{62B1FB38-62E4-4B85-8949-D9DC5C6543E5}","Name":"015919927","PlanID":"{65B1720A-6402-47B1-8AC1-C4E601B6A0E9}","PlanNumber":"KAP42852","PIN":null,"PID":15919927,"Designation1":"Lot B","Designation2":null,"Designation3":null,"ParcelStatus":"ACTIVE","RegionalDistrict":"0019","ParcelClass":"SUBDIVISION","SourceParcelID":null,"GeometrySource":"ICF","IsRemainder":"NO","ParcelStartDate":null,"PositionalError":5.28770879,"LegalDescription":"LOT B DISTRICT LOT 1181S SIMILKAMEEN DIVISION YALE DISTRICT PLAN 42852","CaptureMethod":"UNKNOWN","OwnerType":"PRIVATE","Compiled":1,"CreatedDate":"2016-09-20T23:24:06.000Z","ModifiedDate":"2022-01-20T23:21:53.000Z","StatedArea":null,"ErrorReportedBy":"LSA","Municipality":"0163","OBJECTID":49719,"created_user":"SDE","created_date":"2024-11-12T16:15:31.000Z","last_edited_user":"SDE","last_edited_date":"2026-03-25T16:06:10.000Z","Shape__Area":2794.377898155,"Shape__Length":264.4110099446789,"CommonName":null,"SourceGlobalID":"{7BBF08CD-2708-4375-8CD6-4680E3F1D99C}","Comments":null,"UpdateStatus":"AUTO","UpdateSource":"PMBC"}},{"type":"Feature","geometry":{"type":"MultiPolygon","coordinates":[[[[-118.238693,49.084372],[-118.238479,49.084373],[-118.23859,49.084033],[-118.238693,49.084372]]],[[[-118.236878,49.084304],[-118.236834,49.08429],[-118.236775,49.084251],[-118.236749,49.08423],[-118.236716,49.08421],[-118.236629,49.084123],[-118.236603,49.084103],[-118.236585,49.084081],[-118.236482,49.083993],[-118.236453,49.083972],[-118.236421,49.083954],[-118.236404,49.083939],[-118.236386,49.083926],[-118.236366,49.083916],[-118.236329,49.083903],[-118.236292,49.083887],[-118.236257,49.083868],[-118.236232,49.083859],[-118.236208,49.083845],[-118.236187,49.083829],[-118.236168,49.08381],[-118.236134,49.083791],[-118.236098,49.083774],[-118.236048,49.083731],[-118.236001,49.083664],[-118.235975,49.083637],[-118.235945,49.083589],[-118.235899,49.083497],[-118.235905,49.083488],[-118.238391,49.083518],[-118.238491,49.083715],[-118.238251,49.084374],[-118.237063,49.084379],[-118.236944,49.08434],[-118.236878,49.084304]]],[[[-118.243779,49.083557],[-118.243771,49.084275],[-118.23891,49.084371],[-118.238693,49.083679],[-118.238619,49.083534],[-118.24367,49.083554],[-118.243779,49.083557]]]]},"properties":{"GlobalID":"{6364202C-8504-4E86-813D-9DAA45BB844F}","Name":"010405569","PlanID":"{2D8D7856-D39B-4584-9688-57B38D74CAF3}","PlanNumber":"KAP4913","PIN":null,"PID":10405569,"Designation1":"Lot 3","Designation2":null,"Designation3":null,"ParcelStatus":"ACTIVE","RegionalDistrict":"0019","ParcelClass":"SUBDIVISION","SourceParcelID":null,"GeometrySource":"PMBC-OPERATIONS","IsRemainder":"NO","ParcelStartDate":null,"PositionalError":5.28893274,"LegalDescription":"LOT 3 DISTRICT LOT 1181S SIMILKAMEEN DIVISION YALE DISTRICT PLAN 4913","CaptureMethod":"UNKNOWN","OwnerType":"PRIVATE","Compiled":1,"CreatedDate":"2016-09-20T23:24:06.000Z","ModifiedDate":"2022-01-20T23:27:13.000Z","StatedArea":null,"ErrorReportedBy":"LSA","Municipality":"0163","OBJECTID":49720,"created_user":"SDE","created_date":"2024-11-12T16:15:31.000Z","last_edited_user":"SDE","last_edited_date":"2026-03-25T16:06:10.000Z","Shape__Area":46145.443809635,"Shape__Length":1501.428094075744,"CommonName":null,"SourceGlobalID":"{777BEB15-CAB1-4F03-89C9-B03B7FAD8318}","Comments":null,"UpdateStatus":"AUTO","UpdateSource":"PMBC"}},{"type":"Feature","geometry":{"type":"Polygon","coordinates":[[[-118.244108,49.094016],[-118.244642,49.093655],[-118.245146,49.09398],[-118.244467,49.094452],[-118.244405,49.094375],[-118.244373,49.09433],[-118.244345,49.094273],[-118.244324,49.09425],[-118.244268,49.094158],[-118.244216,49.094092],[-118.244207,49.094076],[-118.244195,49.094062],[-118.244182,49.094048],[-118.244144,49.094034],[-118.244108,49.094016]]]},"properties":{"GlobalID":"{0D5026E4-810C-442B-BA37-A94F086BB726}","Name":"018911129","PlanID":"{F0DB3B36-A152-4C45-B118-275779D2B1D7}","PlanNumber":"NO_PLAN","PIN":3607511,"PID":18911129,"Designation1":"2820S","Designation2":"","Designation3":"","ParcelStatus":"ACTIVE","RegionalDistrict":"0019","ParcelClass":"SUBDIVISION","SourceParcelID":null,"GeometrySource":"ICF","IsRemainder":"NO","ParcelStartDate":null,"PositionalError":2.97231447,"LegalDescription":"BLOCK B-2 DISTRICT LOT 2820S SIMILKAMEEN DIVISION YALE DISTRICT (SEE CROWN GRANT KH91054 AS TO LIMITED ACCESS)","CaptureMethod":"UNKNOWN","OwnerType":"PRIVATE","Compiled":1,"CreatedDate":"2016-09-20T23:24:06.000Z","ModifiedDate":"2022-01-20T23:21:53.000Z","StatedArea":null,"ErrorReportedBy":"DATACOMPILATION","Municipality":"0163","OBJECTID":49721,"created_user":"SDE","created_date":"2024-11-12T16:15:31.000Z","last_edited_user":"SDE","last_edited_date":"2026-03-25T16:06:10.000Z","Shape__Area":3249.32584219,"Shape__Length":235.85501320402105,"CommonName":null,"SourceGlobalID":"{BCB898E2-B580-4743-89D0-A85335369C6A}","Comments":null,"UpdateStatus":"AUTO","UpdateSource":"PMBC"}},{"type":"Feature","geometry":{"type":"MultiPolygon","coordinates":[[[[-118.238823,49.118059],[-118.23883,49.118066],[-118.238837,49.118073],[-118.238842,49.118082],[-118.238846,49.118092],[-118.238848,49.118102],[-118.23886,49.118213],[-118.238873,49.118265],[-118.238875,49.118296],[-118.238892,49.118346],[-118.238808,49.118348],[-118.238715,49.118347],[-118.238712,49.118012],[-118.238698,49.117979],[-118.238805,49.117978],[-118.238811,49.11803],[-118.238823,49.118059]]],[[[-118.238508,49.118344],[-118.237938,49.118336],[-118.237685,49.117974],[-118.238467,49.117977],[-118.238485,49.118025],[-118.238508,49.118344]]]]},"properties":{"GlobalID":"{142EF23D-2B13-459B-A266-9B8C0BB7DDEC}","Name":"011074621","PlanID":"{5A3E3837-6E25-4D25-9872-9B85E78D574A}","PlanNumber":"KAP1919","PIN":4164141,"PID":11074621,"Designation1":"Lot 31","Designation2":null,"Designation3":null,"ParcelStatus":"ACTIVE","RegionalDistrict":"0019","ParcelClass":"SUBDIVISION","SourceParcelID":null,"GeometrySource":"ICF","IsRemainder":"NO","ParcelStartDate":null,"PositionalError":3.11886939,"LegalDescription":"LOT 31 DISTRICT LOT 3063S SIMILKAMEEN DIVISION YALE DISTRICT PLAN 1919","CaptureMethod":"UNKNOWN","OwnerType":"PRIVATE","Compiled":1,"CreatedDate":"2016-09-20T23:24:06.000Z","ModifiedDate":"2022-01-20T20:27:00.000Z","StatedArea":null,"ErrorReportedBy":"LSA","Municipality":"0163","OBJECTID":49722,"created_user":"SDE","created_date":"2024-11-12T16:15:31.000Z","last_edited_user":"SDE","last_edited_date":"2026-03-25T16:06:10.000Z","Shape__Area":2421.985834715,"Shape__Length":287.3632200123693,"CommonName":null,"SourceGlobalID":"{9A8C575D-C0D9-425B-81F5-636DE75C2103}","Comments":null,"UpdateStatus":"AUTO","UpdateSource":"PMBC"}},{"type":"Feature","geometry":{"type":"Polygon","coordinates":[[[-118.23501,49.079072],[-118.235003,49.079045],[-118.234974,49.078976],[-118.234956,49.078949],[-118.234951,49.078922],[-118.234947,49.078869],[-118.23494,49.07884],[-118.236655,49.078827],[-118.237921,49.078815],[-118.237987,49.079076],[-118.23666,49.079095],[-118.234998,49.07912],[-118.23501,49.079072]]]},"properties":{"GlobalID":"{54760353-16F6-4F71-B675-21630B9906DB}","Name":"003197191","PlanID":"{56144FD2-C10D-4EFA-A547-4CD96ED8D756}","PlanNumber":"KAP33439","PIN":null,"PID":3197191,"Designation1":"Lot A","Designation2":null,"Designation3":null,"ParcelStatus":"ACTIVE","RegionalDistrict":"0019","ParcelClass":"SUBDIVISION","SourceParcelID":null,"GeometrySource":"ICF","IsRemainder":"NO","ParcelStartDate":null,"PositionalError":5.12688176,"LegalDescription":"LOT A DISTRICT LOT 1181S SIMILKAMEEN DIVISION YALE DISTRICT PLAN 33439","CaptureMethod":"UNKNOWN","OwnerType":"PRIVATE","Compiled":1,"CreatedDate":"2016-09-20T23:24:06.000Z","ModifiedDate":"2022-01-20T23:21:53.000Z","StatedArea":null,"ErrorReportedBy":"LSA","Municipality":"0163","OBJECTID":49723,"created_user":"SDE","created_date":"2024-11-12T16:15:31.000Z","last_edited_user":"SDE","last_edited_date":"2026-03-25T16:06:10.000Z","Shape__Area":6532.38745328,"Shape__Length":497.251697978218,"CommonName":null,"SourceGlobalID":"{8CA91EA6-44C8-40D0-BCDE-94A9C961156C}","Comments":null,"UpdateStatus":"AUTO","UpdateSource":"PMBC"}},{"type":"Feature","geometry":{"type":"MultiPolygon","coordinates":[[[[-118.238577,49.1187],[-118.238178,49.118703],[-118.238022,49.118456],[-118.237938,49.118336],[-118.238508,49.118344],[-118.238509,49.11836],[-118.238543,49.118677],[-118.238577,49.1187]]],[[[-118.238921,49.118432],[-118.238951,49.118506],[-118.238959,49.118536],[-118.238959,49.118563],[-118.238974,49.118634],[-118.238984,49.118657],[-118.239014,49.118701],[-118.238854,49.118699],[-118.238719,49.118573],[-118.238715,49.118361],[-118.238715,49.118347],[-118.238808,49.118348],[-118.238892,49.118346],[-118.238921,49.118432]]]]},"properties":{"GlobalID":"{650416DB-51C5-4998-B372-5A7A42FD7CAB}","Name":"011074639","PlanID":"{5A3E3837-6E25-4D25-9872-9B85E78D574A}","PlanNumber":"KAP1919","PIN":4164271,"PID":11074639,"Designation1":"Lot 32","Designation2":null,"Designation3":null,"ParcelStatus":"ACTIVE","RegionalDistrict":"0019","ParcelClass":"SUBDIVISION","SourceParcelID":null,"GeometrySource":"ICF","IsRemainder":"NO","ParcelStartDate":null,"PositionalError":3.50661675,"LegalDescription":"LOT 32 DISTRICT LOT 3063S SIMILKAMEEN DIVISION YALE DISTRICT PLAN 1919","CaptureMethod":"UNKNOWN","OwnerType":"PRIVATE","Compiled":1,"CreatedDate":"2016-09-20T23:24:06.000Z","ModifiedDate":"2022-01-20T20:27:00.000Z","StatedArea":null,"ErrorReportedBy":"LSA","Municipality":"0163","OBJECTID":49724,"created_user":"SDE","created_date":"2024-11-12T16:15:31.000Z","last_edited_user":"SDE","last_edited_date":"2026-03-25T16:06:10.000Z","Shape__Area":1957.94543195,"Shape__Length":263.4083873811786,"CommonName":null,"SourceGlobalID":"{EBB8291D-CA16-45AD-80B5-D066EFECF55E}","Comments":null,"UpdateStatus":"AUTO","UpdateSource":"PMBC"}},{"type":"Feature","geometry":{"type":"Polygon","coordinates":[[[-118.237066,49.075798],[-118.236915,49.076155],[-118.236483,49.075939],[-118.236122,49.075545],[-118.23615,49.075535],[-118.236179,49.075529],[-118.236208,49.075526],[-118.236266,49.075535],[-118.236325,49.075538],[-118.236368,49.075541],[-118.236411,49.075542],[-118.236434,49.075537],[-118.236455,49.075529],[-118.236476,49.075518],[-118.23661,49.075461],[-118.236679,49.075439],[-118.236694,49.075435],[-118.237066,49.075798]]]},"properties":{"GlobalID":"{46AE7C4B-7035-4168-9B78-9EF13DBD04C0}","Name":"010056661","PlanID":"{F46780FE-98BB-4A6E-A979-73E762328E2B}","PlanNumber":"KAP6867","PIN":null,"PID":10056661,"Designation1":"Lot 1","Designation2":null,"Designation3":null,"ParcelStatus":"ACTIVE","RegionalDistrict":"0019","ParcelClass":"SUBDIVISION","SourceParcelID":null,"GeometrySource":"ICF","IsRemainder":"NO","ParcelStartDate":null,"PositionalError":4.96115893,"LegalDescription":"LOT 1 DISTRICT LOT 1181S SIMILKAMEEN DIVISION YALE DISTRICT PLAN 6867","CaptureMethod":"UNKNOWN","OwnerType":"PRIVATE","Compiled":1,"CreatedDate":"2016-09-20T23:24:06.000Z","ModifiedDate":"2022-01-20T23:21:53.000Z","StatedArea":null,"ErrorReportedBy":"LSA","Municipality":"0163","OBJECTID":49725,"created_user":"SDE","created_date":"2024-11-12T16:15:31.000Z","last_edited_user":"SDE","last_edited_date":"2026-03-25T16:06:10.000Z","Shape__Area":2806.44806191,"Shape__Length":226.19044043619755,"CommonName":null,"SourceGlobalID":"{D296F440-E335-4D57-BC84-1F6FF4B61F56}","Comments":null,"UpdateStatus":"AUTO","UpdateSource":"PMBC"}},{"type":"Feature","geometry":{"type":"Polygon","coordinates":[[[-118.237066,49.075798],[-118.236694,49.075435],[-118.236792,49.075412],[-118.236902,49.075377],[-118.237012,49.07535],[-118.237041,49.075338],[-118.237067,49.075322],[-118.237081,49.075296],[-118.237095,49.075224],[-118.237109,49.075126],[-118.237121,49.07509],[-118.237125,49.075059],[-118.237136,49.07501],[-118.237147,49.074995],[-118.237156,49.074978],[-118.237161,49.07496],[-118.237164,49.074942],[-118.237188,49.074905],[-118.237191,49.074871],[-118.237457,49.074863],[-118.237444,49.074905],[-118.237066,49.075798]]]},"properties":{"GlobalID":"{325F5E8E-90EC-4097-AB8E-48CF1ABDAA9B}","Name":"002275619","PlanID":"{4368C3B6-8271-47A1-8720-0360EFD87C82}","PlanNumber":"KAP5660","PIN":null,"PID":2275619,"Designation1":"Lot 1","Designation2":null,"Designation3":null,"ParcelStatus":"ACTIVE","RegionalDistrict":"0019","ParcelClass":"SUBDIVISION","SourceParcelID":null,"GeometrySource":"ICF","IsRemainder":"NO","ParcelStartDate":null,"PositionalError":5.84876747,"LegalDescription":"LOT 1 DISTRICT LOT 1181S SIMILKAMEEN DIVISION YALE DISTRICT PLAN 5660","CaptureMethod":"UNKNOWN","OwnerType":"PRIVATE","Compiled":1,"CreatedDate":"2016-09-20T23:24:06.000Z","ModifiedDate":"2022-01-20T23:21:53.000Z","StatedArea":null,"ErrorReportedBy":"LSA","Municipality":"0163","OBJECTID":49726,"created_user":"SDE","created_date":"2024-11-12T16:15:31.000Z","last_edited_user":"SDE","last_edited_date":"2026-03-25T16:06:10.000Z","Shape__Area":1969.83275221,"Shape__Length":257.3795566790315,"CommonName":null,"SourceGlobalID":"{45D5A41D-76D2-4490-A322-0D989AABBB86}","Comments":null,"UpdateStatus":"AUTO","UpdateSource":"PMBC"}},{"type":"Feature","geometry":{"type":"MultiPolygon","coordinates":[[[[-118.236454,49.077183],[-118.23653,49.077042],[-118.236809,49.077087],[-118.23691,49.077208],[-118.236454,49.077183]]],[[[-118.237383,49.077224],[-118.237143,49.07721],[-118.236933,49.076959],[-118.236381,49.076875],[-118.236215,49.077171],[-118.235061,49.077096],[-118.235063,49.077058],[-118.235069,49.07703],[-118.235118,49.076932],[-118.235151,49.076855],[-118.235191,49.076733],[-118.235193,49.076703],[-118.23518,49.076653],[-118.235177,49.076625],[-118.235172,49.076597],[-118.235163,49.076569],[-118.235153,49.076522],[-118.235142,49.076497],[-118.235128,49.076474],[-118.235111,49.076453],[-118.23511,49.076403],[-118.235117,49.076361],[-118.237123,49.076837],[-118.237148,49.076894],[-118.237383,49.077224]]]]},"properties":{"GlobalID":"{7DC6F496-F7A5-4AC5-ABF1-2B9B1E23AD64}","Name":"009781188","PlanID":"{8358B5C6-FFAF-4707-B271-04E4F1212D2F}","PlanNumber":"KAP8844","PIN":null,"PID":9781188,"Designation1":"Lot 3","Designation2":"Block A","Designation3":null,"ParcelStatus":"ACTIVE","RegionalDistrict":"0019","ParcelClass":"SUBDIVISION","SourceParcelID":null,"GeometrySource":"ICF","IsRemainder":"NO","ParcelStartDate":null,"PositionalError":5.31879712,"LegalDescription":"LOT 3 BLOCK A DISTRICT LOT 1181S SIMILKAMEEN DIVISION YALE DISTRICT PLAN 8844","CaptureMethod":"UNKNOWN","OwnerType":"PRIVATE","Compiled":1,"CreatedDate":"2016-09-20T23:24:06.000Z","ModifiedDate":"2022-01-20T23:21:53.000Z","StatedArea":null,"ErrorReportedBy":"LSA","Municipality":"0163","OBJECTID":49727,"created_user":"SDE","created_date":"2024-11-12T16:15:31.000Z","last_edited_user":"SDE","last_edited_date":"2026-03-25T16:06:10.000Z","Shape__Area":8143.352133405,"Shape__Length":583.5907813116063,"CommonName":null,"SourceGlobalID":"{1E675015-0D0C-4D1B-B49D-3F85642BCF8B}","Comments":null,"UpdateStatus":"AUTO","UpdateSource":"PMBC"}},{"type":"Feature","geometry":{"type":"Polygon","coordinates":[[[-118.235166,49.080294],[-118.235179,49.080187],[-118.235181,49.080141],[-118.235166,49.080035],[-118.235144,49.079982],[-118.235139,49.079957],[-118.235169,49.079828],[-118.235182,49.079805],[-118.235716,49.079798],[-118.236397,49.079791],[-118.237693,49.079778],[-118.237473,49.080559],[-118.235148,49.080577],[-118.235144,49.080484],[-118.235148,49.080374],[-118.235166,49.080294]]]},"properties":{"GlobalID":"{B717E419-2FCE-40C4-80B0-13321399CD11}","Name":"002114186","PlanID":"{8358B5C6-FFAF-4707-B271-04E4F1212D2F}","PlanNumber":"KAP8844","PIN":null,"PID":2114186,"Designation1":"Lot 8","Designation2":"Block A","Designation3":null,"ParcelStatus":"ACTIVE","RegionalDistrict":"0019","ParcelClass":"SUBDIVISION","SourceParcelID":null,"GeometrySource":"ICF","IsRemainder":"NO","ParcelStartDate":null,"PositionalError":5.13495983,"LegalDescription":"LOT 8 BLOCK A DISTRICT LOT 1181S SIMILKAMEEN DIVISION YALE DISTRICT PLAN 8844","CaptureMethod":"UNKNOWN","OwnerType":"PRIVATE","Compiled":1,"CreatedDate":"2016-09-20T23:24:06.000Z","ModifiedDate":"2022-01-20T23:21:53.000Z","StatedArea":null,"ErrorReportedBy":"LSA","Municipality":"0163","OBJECTID":49728,"created_user":"SDE","created_date":"2024-11-12T16:15:31.000Z","last_edited_user":"SDE","last_edited_date":"2026-03-25T16:06:10.000Z","Shape__Area":15261.328047345,"Shape__Length":528.0296608976876,"CommonName":null,"SourceGlobalID":"{0D7AEAFE-CCF3-408C-AF66-F7EEC0809634}","Comments":null,"UpdateStatus":"AUTO","UpdateSource":"PMBC"}},{"type":"Feature","geometry":{"type":"MultiPolygon","coordinates":[[[[-118.235784,49.083183],[-118.235733,49.083115],[-118.23572,49.083087],[-118.235696,49.083065],[-118.235616,49.083001],[-118.2356,49.082988],[-118.235586,49.082972],[-118.235575,49.082955],[-118.235576,49.082914],[-118.235613,49.082913],[-118.238083,49.082907],[-118.238391,49.083518],[-118.235905,49.083488],[-118.235898,49.083476],[-118.235884,49.083447],[-118.235857,49.083365],[-118.235839,49.083319],[-118.235816,49.083276],[-118.23581,49.083254],[-118.235795,49.083231],[-118.235784,49.083183]]],[[[-118.238302,49.082906],[-118.243664,49.082938],[-118.243783,49.08294],[-118.243779,49.083557],[-118.24367,49.083554],[-118.238619,49.083534],[-118.238302,49.082906]]]]},"properties":{"GlobalID":"{5988FCE8-2B4D-442D-94DB-A233ED51CA06}","Name":"010405500","PlanID":"{2D8D7856-D39B-4584-9688-57B38D74CAF3}","PlanNumber":"KAP4913","PIN":null,"PID":10405500,"Designation1":"Lot 2","Designation2":null,"Designation3":null,"ParcelStatus":"ACTIVE","RegionalDistrict":"0019","ParcelClass":"SUBDIVISION","SourceParcelID":null,"GeometrySource":"PMBC-OPERATIONS","IsRemainder":"NO","ParcelStartDate":null,"PositionalError":5.00277323,"LegalDescription":"LOT 2 DISTRICT LOT 1181S SIMILKAMEEN DIVISION YALE DISTRICT PLAN 4913","CaptureMethod":"UNKNOWN","OwnerType":"PRIVATE","Compiled":1,"CreatedDate":"2016-09-20T23:24:06.000Z","ModifiedDate":"2022-01-20T23:27:13.000Z","StatedArea":null,"ErrorReportedBy":"LSA","Municipality":"0163","OBJECTID":49729,"created_user":"SDE","created_date":"2024-11-12T16:15:31.000Z","last_edited_user":"SDE","last_edited_date":"2026-03-25T16:06:10.000Z","Shape__Area":38713.92611729,"Shape__Length":1425.0655544628978,"CommonName":null,"SourceGlobalID":"{E289707A-2E88-4301-8165-46176DECD6D6}","Comments":null,"UpdateStatus":"AUTO","UpdateSource":"PMBC"}},{"type":"Feature","geometry":{"type":"Polygon","coordinates":[[[-118.24286,49.093257],[-118.242824,49.093247],[-118.242787,49.093228],[-118.243732,49.093226],[-118.243954,49.093345],[-118.24349,49.093669],[-118.243455,49.093655],[-118.243405,49.093624],[-118.243375,49.093609],[-118.243284,49.093524],[-118.243212,49.093468],[-118.243159,49.093421],[-118.243104,49.093382],[-118.243075,49.09336],[-118.243044,49.093342],[-118.243011,49.093328],[-118.242976,49.093318],[-118.24286,49.093257]]]},"properties":{"GlobalID":"{26474778-3674-4F02-8F05-364856CEB00E}","Name":"016785495","PlanID":"{F0DB3B36-A152-4C45-B118-275779D2B1D7}","PlanNumber":"NO_PLAN","PIN":3607351,"PID":16785495,"Designation1":"2820S","Designation2":null,"Designation3":null,"ParcelStatus":"ACTIVE","RegionalDistrict":"0019","ParcelClass":"SUBDIVISION","SourceParcelID":null,"GeometrySource":"ICF","IsRemainder":"NO","ParcelStartDate":null,"PositionalError":7.4930219,"LegalDescription":"BLOCK A-2 DISTRICT LOT 2820S SIMILKAMEEN DIVISION YALE DISTRICT (SEE CROWN GRANT KD95049 AS TO LIMITED ACCESS)","CaptureMethod":"UNKNOWN","OwnerType":"PRIVATE","Compiled":1,"CreatedDate":"2016-09-20T23:24:06.000Z","ModifiedDate":"2022-01-20T23:21:53.000Z","StatedArea":null,"ErrorReportedBy":"LSA","Municipality":"0163","OBJECTID":49730,"created_user":"SDE","created_date":"2024-11-12T16:15:31.000Z","last_edited_user":"SDE","last_edited_date":"2026-03-25T16:06:10.000Z","Shape__Area":2100.653068495,"Shape__Length":211.19579440096425,"CommonName":null,"SourceGlobalID":"{19F555C3-08E5-47F6-8468-0F9C55734746}","Comments":null,"UpdateStatus":"AUTO","UpdateSource":"PMBC"}},{"type":"Feature","geometry":{"type":"Polygon","coordinates":[[[-118.244642,49.093655],[-118.244108,49.094016],[-118.244085,49.093981],[-118.244064,49.093959],[-118.243968,49.093886],[-118.243903,49.093856],[-118.243873,49.093845],[-118.243747,49.093776],[-118.243646,49.093726],[-118.243548,49.093693],[-118.24349,49.093669],[-118.243954,49.093345],[-118.244642,49.093655]]]},"properties":{"GlobalID":"{F53F6A3F-D7E2-4605-B590-398E55E0E1F1}","Name":"017710316","PlanID":"{F0DB3B36-A152-4C45-B118-275779D2B1D7}","PlanNumber":"NO_PLAN","PIN":3607221,"PID":17710316,"Designation1":"2820S","Designation2":null,"Designation3":null,"ParcelStatus":"ACTIVE","RegionalDistrict":"0019","ParcelClass":"SUBDIVISION","SourceParcelID":null,"GeometrySource":"ICF","IsRemainder":"NO","ParcelStartDate":null,"PositionalError":7.73267131,"LegalDescription":"BLOCK A-1 DISTRICT LOT 2820S SIMILKAMEEN DIVISION YALE DISTRICT (SEE CROWN GRANT KF21549 AS TO LIMITED ACCESS)","CaptureMethod":"UNKNOWN","OwnerType":"PRIVATE","Compiled":1,"CreatedDate":"2016-09-20T23:24:06.000Z","ModifiedDate":"2022-01-20T23:21:53.000Z","StatedArea":null,"ErrorReportedBy":"LSA","Municipality":"0163","OBJECTID":49731,"created_user":"SDE","created_date":"2024-11-12T16:15:31.000Z","last_edited_user":"SDE","last_edited_date":"2026-03-25T16:06:10.000Z","Shape__Area":2985.69988246,"Shape__Length":226.73692679918148,"CommonName":null,"SourceGlobalID":"{4DBC8A06-6317-42E8-9135-45AE6E0E224A}","Comments":null,"UpdateStatus":"AUTO","UpdateSource":"PMBC"}},{"type":"Feature","geometry":{"type":"MultiPolygon","coordinates":[[[[-118.238434,49.119063],[-118.238178,49.118703],[-118.238577,49.1187],[-118.238978,49.119071],[-118.238434,49.119063]]],[[[-118.238854,49.118699],[-118.239014,49.118701],[-118.239098,49.118795],[-118.239152,49.118831],[-118.239165,49.118853],[-118.239209,49.118981],[-118.23923,49.119008],[-118.239275,49.11905],[-118.239298,49.119068],[-118.239249,49.119068],[-118.238876,49.118722],[-118.238854,49.118699]]]]},"properties":{"GlobalID":"{A2425381-00D7-40E6-9F26-696F55C338EB}","Name":"011074655","PlanID":"{5A3E3837-6E25-4D25-9872-9B85E78D574A}","PlanNumber":"KAP1919","PIN":4164301,"PID":11074655,"Designation1":"Lot 33","Designation2":null,"Designation3":null,"ParcelStatus":"ACTIVE","RegionalDistrict":"0019","ParcelClass":"SUBDIVISION","SourceParcelID":null,"GeometrySource":"ICF","IsRemainder":"NO","ParcelStartDate":null,"PositionalError":3.31739408,"LegalDescription":"LOT 33 DISTRICT LOT 3063S SIMILKAMEEN DIVISION YALE DISTRICT PLAN 1919","CaptureMethod":"UNKNOWN","OwnerType":"PRIVATE","Compiled":1,"CreatedDate":"2016-09-20T23:24:06.000Z","ModifiedDate":"2022-01-20T20:27:00.000Z","StatedArea":null,"ErrorReportedBy":"LSA","Municipality":"0163","OBJECTID":49732,"created_user":"SDE","created_date":"2024-11-12T16:15:31.000Z","last_edited_user":"SDE","last_edited_date":"2026-03-25T16:06:10.000Z","Shape__Area":1718.97544873,"Shape__Length":275.81054865300223,"CommonName":null,"SourceGlobalID":"{582DA735-2833-4B25-9272-C33BAEBB45A4}","Comments":null,"UpdateStatus":"AUTO","UpdateSource":"PMBC"}},{"type":"Feature","geometry":{"type":"Polygon","coordinates":[[[-118.237709,49.07972],[-118.237693,49.079778],[-118.236397,49.079791],[-118.235716,49.079798],[-118.235182,49.079805],[-118.235223,49.079734],[-118.235235,49.079705],[-118.23524,49.079678],[-118.235214,49.079578],[-118.235186,49.079532],[-118.235161,49.079481],[-118.235154,49.079426],[-118.235137,49.079405],[-118.235111,49.079356],[-118.235092,49.079332],[-118.235043,49.079258],[-118.235035,49.079233],[-118.234998,49.07912],[-118.23666,49.079095],[-118.237987,49.079076],[-118.238042,49.079079],[-118.237709,49.07972]]]},"properties":{"GlobalID":"{1BD7B783-7F8D-4F5C-8EDE-C6239DAB000E}","Name":"009781242","PlanID":"{8358B5C6-FFAF-4707-B271-04E4F1212D2F}","PlanNumber":"KAP8844","PIN":null,"PID":9781242,"Designation1":"Lot 7","Designation2":"Block A","Designation3":null,"ParcelStatus":"ACTIVE","RegionalDistrict":"0019","ParcelClass":"SUBDIVISION","SourceParcelID":null,"GeometrySource":"ICF","IsRemainder":"NO","ParcelStartDate":null,"PositionalError":5.54277997,"LegalDescription":"LOT 7 BLOCK A DISTRICT LOT 1181S SIMILKAMEEN DIVISION YALE DISTRICT PLAN 8844","CaptureMethod":"UNKNOWN","OwnerType":"PRIVATE","Compiled":1,"CreatedDate":"2016-09-20T23:24:06.000Z","ModifiedDate":"2022-01-20T23:21:53.000Z","StatedArea":null,"ErrorReportedBy":"LSA","Municipality":"0163","OBJECTID":49733,"created_user":"SDE","created_date":"2024-11-12T16:15:31.000Z","last_edited_user":"SDE","last_edited_date":"2026-03-25T16:06:10.000Z","Shape__Area":15314.541294265,"Shape__Length":567.4246393118198,"CommonName":null,"SourceGlobalID":"{D0BAF3C6-A792-4822-93FA-51A9A1381112}","Comments":null,"UpdateStatus":"AUTO","UpdateSource":"PMBC"}},{"type":"Feature","geometry":{"type":"Polygon","coordinates":[[[-118.236899,49.076336],[-118.236959,49.076469],[-118.236976,49.076506],[-118.235422,49.076147],[-118.235453,49.076131],[-118.235481,49.07611],[-118.235496,49.076098],[-118.235508,49.076083],[-118.235518,49.076067],[-118.235555,49.076018],[-118.235569,49.07599],[-118.235578,49.075978],[-118.235586,49.075965],[-118.235591,49.075951],[-118.235595,49.075936],[-118.235595,49.075921],[-118.235594,49.075906],[-118.23559,49.075892],[-118.23559,49.075839],[-118.235596,49.075821],[-118.235604,49.075803],[-118.235614,49.075786],[-118.235638,49.07577],[-118.235679,49.075763],[-118.236258,49.076123],[-118.236414,49.076175],[-118.236592,49.076234],[-118.236899,49.076336]]]},"properties":{"GlobalID":"{13E16AD9-26E3-4680-9D36-0BF8665BDC1C}","Name":"015919919","PlanID":"{65B1720A-6402-47B1-8AC1-C4E601B6A0E9}","PlanNumber":"KAP42852","PIN":null,"PID":15919919,"Designation1":"Lot A","Designation2":null,"Designation3":null,"ParcelStatus":"ACTIVE","RegionalDistrict":"0019","ParcelClass":"SUBDIVISION","SourceParcelID":null,"GeometrySource":"ICF","IsRemainder":"NO","ParcelStartDate":null,"PositionalError":5.22259465,"LegalDescription":"LOT A DISTRICT LOT 1181S SIMILKAMEEN DIVISION YALE DISTRICT PLAN 42852","CaptureMethod":"UNKNOWN","OwnerType":"PRIVATE","Compiled":1,"CreatedDate":"2016-09-20T23:24:06.000Z","ModifiedDate":"2022-01-20T23:21:53.000Z","StatedArea":null,"ErrorReportedBy":"LSA","Municipality":"0163","OBJECTID":49734,"created_user":"SDE","created_date":"2024-11-12T16:15:31.000Z","last_edited_user":"SDE","last_edited_date":"2026-03-25T16:06:10.000Z","Shape__Area":2989.79830863,"Shape__Length":300.49408968013574,"CommonName":null,"SourceGlobalID":"{ABF46727-714C-400D-A713-2DCC96DB891D}","Comments":null,"UpdateStatus":"AUTO","UpdateSource":"PMBC"}},{"type":"Feature","geometry":{"type":"MultiPolygon","coordinates":[[[[-118.235192,49.077533],[-118.235171,49.077511],[-118.235125,49.077439],[-118.235086,49.077359],[-118.235077,49.077325],[-118.235064,49.07724],[-118.235055,49.07721],[-118.235061,49.077096],[-118.236215,49.077171],[-118.236101,49.077376],[-118.236217,49.077695],[-118.235683,49.077733],[-118.235552,49.077745],[-118.235497,49.07775],[-118.235224,49.077775],[-118.235145,49.077781],[-118.235159,49.077763],[-118.235185,49.077713],[-118.235192,49.07769],[-118.235203,49.077559],[-118.235192,49.077533]]],[[[-118.237383,49.077224],[-118.237484,49.077366],[-118.237457,49.077584],[-118.237143,49.07721],[-118.237383,49.077224]]],[[[-118.236454,49.077183],[-118.23691,49.077208],[-118.237245,49.077614],[-118.23649,49.077676],[-118.236471,49.077664],[-118.236334,49.077402],[-118.236454,49.077183]]]]},"properties":{"GlobalID":"{E0707600-B339-4BA1-9597-654F39ABD4BB}","Name":"009781200","PlanID":"{8358B5C6-FFAF-4707-B271-04E4F1212D2F}","PlanNumber":"KAP8844","PIN":null,"PID":9781200,"Designation1":"Lot 4","Designation2":"Block A","Designation3":null,"ParcelStatus":"ACTIVE","RegionalDistrict":"0019","ParcelClass":"SUBDIVISION","SourceParcelID":null,"GeometrySource":"ICF","IsRemainder":"NO","ParcelStartDate":null,"PositionalError":4.44832388,"LegalDescription":"LOT 4 BLOCK A DISTRICT LOT 1181S SIMILKAMEEN DIVISION YALE DISTRICT PLAN 8844","CaptureMethod":"UNKNOWN","OwnerType":"PRIVATE","Compiled":1,"CreatedDate":"2016-09-20T23:24:06.000Z","ModifiedDate":"2022-01-20T23:21:53.000Z","StatedArea":null,"ErrorReportedBy":"LSA","Municipality":"0163","OBJECTID":49735,"created_user":"SDE","created_date":"2024-11-12T16:15:31.000Z","last_edited_user":"SDE","last_edited_date":"2026-03-25T16:06:10.000Z","Shape__Area":8039.803706635,"Shape__Length":608.5848805573767,"CommonName":null,"SourceGlobalID":"{FB95861E-9260-4683-88DE-050A07F70145}","Comments":null,"UpdateStatus":"AUTO","UpdateSource":"PMBC"}},{"type":"Feature","geometry":{"type":"Polygon","coordinates":[[[-118.237736,49.074549],[-118.237595,49.074553],[-118.237172,49.074565],[-118.237163,49.07455],[-118.237156,49.074535],[-118.237151,49.074518],[-118.237149,49.074502],[-118.237149,49.074484],[-118.237127,49.074378],[-118.237117,49.074351],[-118.237102,49.074325],[-118.237083,49.074303],[-118.237052,49.074226],[-118.237055,49.074199],[-118.237081,49.074142],[-118.237759,49.074146],[-118.237908,49.074148],[-118.238444,49.07415],[-118.238454,49.07453],[-118.237736,49.074549]]]},"properties":{"GlobalID":"{49C3F156-1D41-4126-93A5-C3526E38377C}","Name":"016917014","PlanID":"{F0DB3B36-A152-4C45-B118-275779D2B1D7}","PlanNumber":"NO_PLAN","PIN":3737941,"PID":16917014,"Designation1":"3991S","Designation2":null,"Designation3":null,"ParcelStatus":"ACTIVE","RegionalDistrict":"0019","ParcelClass":"SUBDIVISION","SourceParcelID":null,"GeometrySource":"ICF","IsRemainder":"NO","ParcelStartDate":null,"PositionalError":6.54274712,"LegalDescription":"BLOCK A OF DISTRICT LOT 3991S SIMILKAMEEN DIVISION YALE DISTRICT","CaptureMethod":"UNKNOWN","OwnerType":"PRIVATE","Compiled":1,"CreatedDate":"2016-09-20T23:24:06.000Z","ModifiedDate":"2022-01-20T23:21:53.000Z","StatedArea":null,"ErrorReportedBy":"LSA","Municipality":"0163","OBJECTID":49736,"created_user":"SDE","created_date":"2024-11-12T16:15:31.000Z","last_edited_user":"SDE","last_edited_date":"2026-03-25T16:06:10.000Z","Shape__Area":4372.82285423,"Shape__Length":284.1233790963972,"CommonName":null,"SourceGlobalID":"{377F2041-D537-4DBD-A171-4BD15F434799}","Comments":null,"UpdateStatus":"AUTO","UpdateSource":"PMBC"}},{"type":"Feature","geometry":{"type":"Polygon","coordinates":[[[-118.237555,49.081902],[-118.237421,49.081904],[-118.237402,49.081804],[-118.237546,49.081415],[-118.237478,49.0813],[-118.237505,49.0813],[-118.237571,49.081412],[-118.237555,49.081902]]]},"properties":{"GlobalID":"{1D53DFA6-49DD-45C2-8F3E-396DBDFB3A7D}","Name":"Road","PlanID":"{6BF8938B-B2D7-4A8F-BB3D-3B33774A3B81}","PlanNumber":"KAP16641","PIN":null,"PID":null,"Designation1":null,"Designation2":null,"Designation3":null,"ParcelStatus":"ACTIVE","RegionalDistrict":"0019","ParcelClass":"ROAD","SourceParcelID":null,"GeometrySource":"PMBC-OPERATIONS","IsRemainder":"NO","ParcelStartDate":null,"PositionalError":0.41320552,"LegalDescription":null,"CaptureMethod":"COGO","OwnerType":"CROWN PROVINCIAL","Compiled":0,"CreatedDate":"2022-01-20T22:43:47.000Z","ModifiedDate":"2022-01-20T23:27:13.000Z","StatedArea":null,"ErrorReportedBy":"LSA","Municipality":"0163","OBJECTID":49737,"created_user":"SDE","created_date":"2024-11-12T16:15:31.000Z","last_edited_user":"SDE","last_edited_date":"2026-03-25T16:06:10.000Z","Shape__Area":429.3100264,"Shape__Length":149.0455242459131,"CommonName":null,"SourceGlobalID":"{748213A9-92CB-4841-84B7-8DBE72326D7F}","Comments":null,"UpdateStatus":"AUTO","UpdateSource":"PMBC"}},{"type":"Feature","geometry":{"type":"Polygon","coordinates":[[[-118.235199,49.081526],[-118.235219,49.081506],[-118.235205,49.081466],[-118.235206,49.08145],[-118.235246,49.081415],[-118.23527,49.081376],[-118.235309,49.081324],[-118.237478,49.0813],[-118.237546,49.081415],[-118.237402,49.081804],[-118.237421,49.081904],[-118.235242,49.081928],[-118.235208,49.081874],[-118.235186,49.081808],[-118.235178,49.081733],[-118.235178,49.081669],[-118.23518,49.081618],[-118.235196,49.081574],[-118.235199,49.081526]]]},"properties":{"GlobalID":"{B62963A8-87B5-49A5-ABD9-0A0143887488}","Name":"008557489","PlanID":"{6BF8938B-B2D7-4A8F-BB3D-3B33774A3B81}","PlanNumber":"KAP16641","PIN":null,"PID":8557489,"Designation1":"Lot 1","Designation2":null,"Designation3":null,"ParcelStatus":"ACTIVE","RegionalDistrict":"0019","ParcelClass":"SUBDIVISION","SourceParcelID":null,"GeometrySource":"ICF","IsRemainder":"NO","ParcelStartDate":null,"PositionalError":3.90072865,"LegalDescription":"LOT 1 DISTRICT LOT 1181S SIMILKAMEEN DIVISION YALE DISTRICT PLAN 16641","CaptureMethod":"UNKNOWN","OwnerType":"PRIVATE","Compiled":0,"CreatedDate":"2022-01-20T22:50:45.000Z","ModifiedDate":"2022-01-20T23:27:13.000Z","StatedArea":null,"ErrorReportedBy":"LSA","Municipality":"0163","OBJECTID":49738,"created_user":"SDE","created_date":"2024-11-12T16:15:31.000Z","last_edited_user":"SDE","last_edited_date":"2026-03-25T16:06:10.000Z","Shape__Area":11076.15326726,"Shape__Length":457.5065654523598,"CommonName":null,"SourceGlobalID":"{F9F8E2F6-E725-4B55-8E32-5AE1A8846870}","Comments":null,"UpdateStatus":"AUTO","UpdateSource":"PMBC"}},{"type":"Feature","geometry":{"type":"Polygon","coordinates":[[[-118.686481,49.079321],[-118.686596,49.079228],[-118.686596,49.079228],[-118.686897,49.07923],[-118.686897,49.079272],[-118.686828,49.079328],[-118.686481,49.079325],[-118.686481,49.079321]]]},"properties":{"GlobalID":"{E53E7E98-9827-40E2-98F5-8EC2301691F9}","Name":"012791253","PlanID":"{F21644BF-ED25-4569-85AC-B882D45FA2DF}","PlanNumber":"KAP8332B","PIN":null,"PID":12791253,"Designation1":"Lot 13","Designation2":"Block 19","Designation3":null,"ParcelStatus":"ACTIVE","RegionalDistrict":"0019","ParcelClass":"SUBDIVISION","SourceParcelID":null,"GeometrySource":"PMBC-OPERATIONS","IsRemainder":"NO","ParcelStartDate":null,"PositionalError":0.4539185,"LegalDescription":"THAT PART LOT 13 SHOWN OUTLINED RED ON PLAN B8332 BLOCK 19 SECTION 32 TOWNSHIP 70 SIMILKAMEEN DIVISION YALE DISTRICT PLAN 24","CaptureMethod":"COGO","OwnerType":"CROWN PROVINCIAL","Compiled":1,"CreatedDate":"2016-09-20T23:24:06.000Z","ModifiedDate":"2025-10-27T22:37:46.000Z","StatedArea":null,"ErrorReportedBy":"LSA","Municipality":"0163","OBJECTID":49739,"created_user":"SDE","created_date":"2024-11-12T16:15:31.000Z","last_edited_user":"SDE","last_edited_date":"2026-03-25T16:06:10.000Z","Shape__Area":272.277975505,"Shape__Length":73.73538119935938,"CommonName":null,"SourceGlobalID":"{5CF1271E-A8D3-4FE4-98B7-39D5950E3548}","Comments":null,"UpdateStatus":"AUTO","UpdateSource":"PMBC"}},{"type":"Feature","geometry":{"type":"Polygon","coordinates":[[[-118.684417,49.078366],[-118.68442,49.078457],[-118.684017,49.078461],[-118.684016,49.078371],[-118.684417,49.078366]]]},"properties":{"GlobalID":"{1AAF4303-AA76-4368-A89A-D33F6CD5CC40}","Name":"012785440","PlanID":"{E6CCA1B6-13F5-4401-972C-9541DC39E4B8}","PlanNumber":"KAP24","PIN":13056411,"PID":12785440,"Designation1":"Lot 14","Designation2":"Block 4","Designation3":null,"ParcelStatus":"ACTIVE","RegionalDistrict":"0019","ParcelClass":"SUBDIVISION","SourceParcelID":null,"GeometrySource":"PMBC-OPERATIONS","IsRemainder":"NO","ParcelStartDate":null,"PositionalError":0.42715855,"LegalDescription":"LOT 14 BLOCK 4 SECTION 32 TOWNSHIP 70 SIMILKAMEEN DIVISION YALE DISTRICT PLAN 24","CaptureMethod":"COGO","OwnerType":"PRIVATE","Compiled":1,"CreatedDate":"2016-09-20T23:24:06.000Z","ModifiedDate":"2022-01-20T17:34:08.000Z","StatedArea":null,"ErrorReportedBy":"LSA","Municipality":"0163","OBJECTID":49740,"created_user":"SDE","created_date":"2024-11-12T16:15:31.000Z","last_edited_user":"SDE","last_edited_date":"2026-03-25T16:06:10.000Z","Shape__Area":295.888085115,"Shape__Length":78.92033470588655,"CommonName":null,"SourceGlobalID":"{069E7D48-3E8F-4462-A849-220992C280CE}","Comments":null,"UpdateStatus":"AUTO","UpdateSource":"PMBC"}},{"type":"Feature","geometry":{"type":"Polygon","coordinates":[[[-118.681905,49.077251],[-118.682222,49.077247],[-118.682227,49.077428],[-118.68211,49.077429],[-118.681905,49.077251]]]},"properties":{"GlobalID":"{AB46906C-5131-4C23-B239-59CA6206B33D}","Name":"012718327","PlanID":"{EF69E8E0-575B-4D1C-B751-6A4B02AA77B6}","PlanNumber":"KAP115","PIN":10333331,"PID":12718327,"Designation1":"Lot 17","Designation2":"Block 4","Designation3":null,"ParcelStatus":"ACTIVE","RegionalDistrict":"0019","ParcelClass":"SUBDIVISION","SourceParcelID":null,"GeometrySource":"PMBC-OPERATIONS","IsRemainder":"NO","ParcelStartDate":null,"PositionalError":0.7906717,"LegalDescription":"LOT 17 BLOCK 4 DISTRICT LOT 914 SIMILKAMEEN DIVISION YALE DISTRICT PLAN 115","CaptureMethod":"COGO","OwnerType":"CROWN PROVINCIAL","Compiled":1,"CreatedDate":"2016-09-20T23:24:06.000Z","ModifiedDate":"2022-01-20T17:34:18.000Z","StatedArea":null,"ErrorReportedBy":"LSA","Municipality":"0163","OBJECTID":49741,"created_user":"SDE","created_date":"2024-11-12T16:15:31.000Z","last_edited_user":"SDE","last_edited_date":"2026-03-25T16:06:10.000Z","Shape__Area":318.664916045,"Shape__Length":76.66905591257573,"CommonName":null,"SourceGlobalID":"{FB99A63C-A82E-4638-98F0-D3BFC0B168AD}","Comments":null,"UpdateStatus":"AUTO","UpdateSource":"PMBC"}},{"type":"Feature","geometry":{"type":"Polygon","coordinates":[[[-118.686831,49.075951],[-118.686833,49.076042],[-118.686415,49.076045],[-118.686413,49.075955],[-118.686831,49.075951]]]},"properties":{"GlobalID":"{27E115EF-EC8D-43CC-AAF8-A1B008262A0D}","Name":"006441840","PlanID":"{E6CCA1B6-13F5-4401-972C-9541DC39E4B8}","PlanNumber":"KAP24","PIN":null,"PID":6441840,"Designation1":"Lot 14","Designation2":"Block 15","Designation3":null,"ParcelStatus":"ACTIVE","RegionalDistrict":"0019","ParcelClass":"SUBDIVISION","SourceParcelID":null,"GeometrySource":"PMBC-OPERATIONS","IsRemainder":"NO","ParcelStartDate":null,"PositionalError":0.98772765,"LegalDescription":"LOT 14 BLOCK 15 SECTION 32 TOWNSHIP 70 SIMILKAMEEN DIVISION YALE DISTRICT PLAN 24","CaptureMethod":"COGO","OwnerType":"PRIVATE","Compiled":1,"CreatedDate":"2016-09-20T23:24:06.000Z","ModifiedDate":"2022-01-20T17:34:17.000Z","StatedArea":null,"ErrorReportedBy":"LSA","Municipality":"0163","OBJECTID":49742,"created_user":"SDE","created_date":"2024-11-12T16:15:31.000Z","last_edited_user":"SDE","last_edited_date":"2026-03-25T16:06:10.000Z","Shape__Area":306.198452865,"Shape__Length":81.04293052924736,"CommonName":null,"SourceGlobalID":"{81EB26E0-7158-4F7D-A6BE-A217C61E7A44}","Comments":null,"UpdateStatus":"AUTO","UpdateSource":"PMBC"}},{"type":"Feature","geometry":{"type":"Polygon","coordinates":[[[-118.682943,49.077916],[-118.68336,49.077911],[-118.683361,49.077996],[-118.682944,49.078001],[-118.682943,49.077916]]]},"properties":{"GlobalID":"{56105E2A-44B2-4027-B960-7E176FC8E085}","Name":"012717789","PlanID":"{EF69E8E0-575B-4D1C-B751-6A4B02AA77B6}","PlanNumber":"KAP115","PIN":33305201,"PID":12717789,"Designation1":"Lot 5","Designation2":"Block 1","Designation3":null,"ParcelStatus":"ACTIVE","RegionalDistrict":"0019","ParcelClass":"SUBDIVISION","SourceParcelID":null,"GeometrySource":"PMBC-OPERATIONS","IsRemainder":"NO","ParcelStartDate":null,"PositionalError":0.77084371,"LegalDescription":"LOT 5 BLOCK 1 DISTRICT LOT 914 SIMILKAMEEN DIVISION YALE DISTRICT PLAN 115","CaptureMethod":"COGO","OwnerType":"PRIVATE","Compiled":1,"CreatedDate":"2016-09-20T23:24:06.000Z","ModifiedDate":"2022-01-20T17:34:21.000Z","StatedArea":null,"ErrorReportedBy":"LSA","Municipality":"0163","OBJECTID":49743,"created_user":"SDE","created_date":"2024-11-12T16:15:31.000Z","last_edited_user":"SDE","last_edited_date":"2026-03-25T16:06:10.000Z","Shape__Area":287.829530385,"Shape__Length":79.83604821383318,"CommonName":null,"SourceGlobalID":"{EC552B77-9F9F-404C-8B01-98B7217AEC16}","Comments":null,"UpdateStatus":"AUTO","UpdateSource":"PMBC"}},{"type":"Feature","geometry":{"type":"Polygon","coordinates":[[[-118.683525,49.077938],[-118.683524,49.077848],[-118.683941,49.077845],[-118.683942,49.077936],[-118.683525,49.077938]]]},"properties":{"GlobalID":"{5E72B302-B2C4-49DB-BFC6-9A0ED423BB8D}","Name":"012784915","PlanID":"{E6CCA1B6-13F5-4401-972C-9541DC39E4B8}","PlanNumber":"KAP24","PIN":24394621,"PID":12784915,"Designation1":"Lot 4","Designation2":"Block 3","Designation3":null,"ParcelStatus":"ACTIVE","RegionalDistrict":"0019","ParcelClass":"SUBDIVISION","SourceParcelID":null,"GeometrySource":"PMBC-OPERATIONS","IsRemainder":"NO","ParcelStartDate":null,"PositionalError":0.96961319,"LegalDescription":"LOT 4 BLOCK 3 SECTION 32 TOWNSHIP 70 SIMILKAMEEN DIVISION YALE DISTRICT PLAN 24","CaptureMethod":"COGO","OwnerType":"PRIVATE","Compiled":1,"CreatedDate":"2016-09-20T23:24:06.000Z","ModifiedDate":"2022-01-20T17:34:03.000Z","StatedArea":null,"ErrorReportedBy":"LSA","Municipality":"0163","OBJECTID":49744,"created_user":"SDE","created_date":"2024-11-12T16:15:31.000Z","last_edited_user":"SDE","last_edited_date":"2026-03-25T16:06:10.000Z","Shape__Area":306.40379833,"Shape__Length":81.05411079717994,"CommonName":null,"SourceGlobalID":"{2C88942B-3860-4BEC-9DEF-CC8F3FD3B544}","Comments":null,"UpdateStatus":"AUTO","UpdateSource":"PMBC"}},{"type":"Feature","geometry":{"type":"Polygon","coordinates":[[[-118.683266,49.077144],[-118.683269,49.077415],[-118.682936,49.077419],[-118.682932,49.077148],[-118.683266,49.077144]]]},"properties":{"GlobalID":"{86CDE184-6352-4BA0-A967-5FA68E866AFB}","Name":"001890964","PlanID":"{B223129F-601E-42A6-95FC-6E5C41B386AF}","PlanNumber":"KAP28495","PIN":null,"PID":1890964,"Designation1":"Lot X","Designation2":null,"Designation3":null,"ParcelStatus":"ACTIVE","RegionalDistrict":"0019","ParcelClass":"SUBDIVISION","SourceParcelID":null,"GeometrySource":"PMBC-OPERATIONS","IsRemainder":"NO","ParcelStartDate":null,"PositionalError":0.42128359,"LegalDescription":"LOT X DISTRICT LOT 914 SIMILKAMEEN DIVISION YALE DISTRICT PLAN 28495","CaptureMethod":"COGO","OwnerType":"PRIVATE","Compiled":1,"CreatedDate":"2016-09-20T23:24:06.000Z","ModifiedDate":"2022-01-20T17:34:21.000Z","StatedArea":null,"ErrorReportedBy":"LSA","Municipality":"0163","OBJECTID":49745,"created_user":"SDE","created_date":"2024-11-12T16:15:31.000Z","last_edited_user":"SDE","last_edited_date":"2026-03-25T16:06:10.000Z","Shape__Area":734.70356743,"Shape__Length":109.03540356824568,"CommonName":null,"SourceGlobalID":"{E3373CBE-2D86-4BAB-8C70-D97D66B98B4E}","Comments":null,"UpdateStatus":"AUTO","UpdateSource":"PMBC"}},{"type":"Feature","geometry":{"type":"Polygon","coordinates":[[[-118.687691,49.078082],[-118.687958,49.078079],[-118.687958,49.07808],[-118.687905,49.07817],[-118.687693,49.078172],[-118.687691,49.078082]]]},"properties":{"GlobalID":"{AE5836A5-E555-41B4-9BCE-55B216BE746C}","Name":"012793264","PlanID":"{F21644BF-ED25-4569-85AC-B882D45FA2DF}","PlanNumber":"KAP8332B","PIN":null,"PID":12793264,"Designation1":"Lot 8","Designation2":"Block 23","Designation3":null,"ParcelStatus":"ACTIVE","RegionalDistrict":"0019","ParcelClass":"SUBDIVISION","SourceParcelID":null,"GeometrySource":"PMBC-OPERATIONS","IsRemainder":"NO","ParcelStartDate":null,"PositionalError":0.4810802,"LegalDescription":"THAT PART LOT 8 SHOWN OUTLINED RED ON PLAN B8332 BLOCK 23 SECTION 32 TOWNSHIP 70 SIMILKAMEEN DIVISION YALE DISTRICT PLAN 24","CaptureMethod":"COGO","OwnerType":"CROWN PROVINCIAL","Compiled":1,"CreatedDate":"2016-09-20T23:24:06.000Z","ModifiedDate":"2025-10-27T22:37:46.000Z","StatedArea":null,"ErrorReportedBy":"LSA","Municipality":"0163","OBJECTID":49746,"created_user":"SDE","created_date":"2024-11-12T16:15:31.000Z","last_edited_user":"SDE","last_edited_date":"2026-03-25T16:06:10.000Z","Shape__Area":175.983501815,"Shape__Length":55.85546990875513,"CommonName":null,"SourceGlobalID":"{0C4A4974-79C8-4C22-AD42-428B33123B39}","Comments":null,"UpdateStatus":"AUTO","UpdateSource":"PMBC"}},{"type":"Feature","geometry":{"type":"Polygon","coordinates":[[[-118.682289,49.077844],[-118.682286,49.077759],[-118.682703,49.077754],[-118.682706,49.077839],[-118.682289,49.077844]]]},"properties":{"GlobalID":"{002AD9D7-62E3-4891-9B89-C315AC607D01}","Name":"012718246","PlanID":"{EF69E8E0-575B-4D1C-B751-6A4B02AA77B6}","PlanNumber":"KAP115","PIN":10332421,"PID":12718246,"Designation1":"Lot 12","Designation2":"Block 4","Designation3":null,"ParcelStatus":"ACTIVE","RegionalDistrict":"0019","ParcelClass":"SUBDIVISION","SourceParcelID":null,"GeometrySource":"PMBC-OPERATIONS","IsRemainder":"NO","ParcelStartDate":null,"PositionalError":0.90939485,"LegalDescription":"LOT 12 BLOCK 4 DISTRICT LOT 914 SIMILKAMEEN DIVISION YALE DISTRICT PLAN 115","CaptureMethod":"COGO","OwnerType":"CROWN PROVINCIAL","Compiled":1,"CreatedDate":"2016-09-20T23:24:06.000Z","ModifiedDate":"2022-01-20T17:34:03.000Z","StatedArea":null,"ErrorReportedBy":"LSA","Municipality":"0163","OBJECTID":49747,"created_user":"SDE","created_date":"2024-11-12T16:15:31.000Z","last_edited_user":"SDE","last_edited_date":"2026-03-25T16:06:10.000Z","Shape__Area":287.840752225,"Shape__Length":79.83613851627588,"CommonName":null,"SourceGlobalID":"{178DDA18-8BF5-4389-BD58-30687A6441F9}","Comments":null,"UpdateStatus":"AUTO","UpdateSource":"PMBC"}},{"type":"Feature","geometry":{"type":"Polygon","coordinates":[[[-118.684329,49.079955],[-118.684443,49.079954],[-118.684445,49.080045],[-118.68419,49.080046],[-118.684329,49.079955]]]},"properties":{"GlobalID":"{362BEDF5-72AC-4BB9-9E0F-40F0A27FBF88}","Name":"017298288","PlanID":"{E6CCA1B6-13F5-4401-972C-9541DC39E4B8}","PlanNumber":"KAP24","PIN":null,"PID":17298288,"Designation1":"Lot 14","Designation2":"Block 6","Designation3":null,"ParcelStatus":"ACTIVE","RegionalDistrict":"0019","ParcelClass":"SUBDIVISION","SourceParcelID":null,"GeometrySource":"PMBC-OPERATIONS","IsRemainder":"NO","ParcelStartDate":"2019-02-28T08:00:00.000Z","PositionalError":0.9305941,"LegalDescription":"LOT 14 BLOCK 6 PLAN 24","CaptureMethod":"COGO","OwnerType":"CROWN PROVINCIAL","Compiled":0,"CreatedDate":"2018-03-28T15:57:54.000Z","ModifiedDate":"2025-10-27T22:37:46.000Z","StatedArea":null,"ErrorReportedBy":"LSA","Municipality":"0163","OBJECTID":49748,"created_user":"SDE","created_date":"2024-11-12T16:15:31.000Z","last_edited_user":"SDE","last_edited_date":"2026-03-25T16:06:10.000Z","Shape__Area":135.51194416,"Shape__Length":51.37131487507207,"CommonName":null,"SourceGlobalID":"{5574CFFA-0DB8-462D-830A-A26C79F046FB}","Comments":null,"UpdateStatus":"AUTO","UpdateSource":"PMBC"}},{"type":"Feature","geometry":{"type":"Polygon","coordinates":[[[-118.686379,49.077551],[-118.686386,49.077912],[-118.685969,49.077916],[-118.685967,49.077555],[-118.686379,49.077551]]]},"properties":{"GlobalID":"{7AAE3906-B9F3-4144-9F53-38E984BB70AA}","Name":"004597621","PlanID":"{6A2B0D34-15FC-4D87-8419-9006FD85F866}","PlanNumber":"KAP28267","PIN":null,"PID":4597621,"Designation1":"Lot R","Designation2":null,"Designation3":null,"ParcelStatus":"ACTIVE","RegionalDistrict":"0019","ParcelClass":"SUBDIVISION","SourceParcelID":null,"GeometrySource":"PMBC-OPERATIONS","IsRemainder":"NO","ParcelStartDate":null,"PositionalError":0.42715855,"LegalDescription":"LOT R SECTION 32 TOWNSHIP 70 SIMILKAMEEN DIVISION YALE DISTRICT PLAN 28267","CaptureMethod":"COGO","OwnerType":"PRIVATE","Compiled":1,"CreatedDate":"2016-09-20T23:24:06.000Z","ModifiedDate":"2022-01-20T17:34:09.000Z","StatedArea":null,"ErrorReportedBy":"LSA","Municipality":"0163","OBJECTID":49749,"created_user":"SDE","created_date":"2024-11-12T16:15:31.000Z","last_edited_user":"SDE","last_edited_date":"2026-03-25T16:06:10.000Z","Shape__Area":1215.2927938,"Shape__Length":140.83811767316897,"CommonName":null,"SourceGlobalID":"{5120268C-FF66-4B35-9190-2866FDF91430}","Comments":null,"UpdateStatus":"AUTO","UpdateSource":"PMBC"}},{"type":"Feature","geometry":{"type":"Polygon","coordinates":[[[-118.683524,49.077413],[-118.683522,49.077323],[-118.68394,49.077319],[-118.683942,49.07741],[-118.683524,49.077413]]]},"properties":{"GlobalID":"{D63CF57E-6D73-4A35-8C24-2421054B3132}","Name":"012784435","PlanID":"{E6CCA1B6-13F5-4401-972C-9541DC39E4B8}","PlanNumber":"KAP24","PIN":4170971,"PID":12784435,"Designation1":"Lot 7","Designation2":"Block 2","Designation3":null,"ParcelStatus":"ACTIVE","RegionalDistrict":"0019","ParcelClass":"SUBDIVISION","SourceParcelID":null,"GeometrySource":"PMBC-OPERATIONS","IsRemainder":"NO","ParcelStartDate":null,"PositionalError":1.01857119,"LegalDescription":"LOT 7 BLOCK 2 SECTION 32 TOWNSHIP 70 SIMILKAMEEN DIVISION YALE DISTRICT PLAN 24","CaptureMethod":"COGO","OwnerType":"CROWN PROVINCIAL","Compiled":1,"CreatedDate":"2016-09-20T23:24:06.000Z","ModifiedDate":"2022-01-20T17:34:11.000Z","StatedArea":null,"ErrorReportedBy":"LSA","Municipality":"0163","OBJECTID":49750,"created_user":"SDE","created_date":"2024-11-12T16:15:31.000Z","last_edited_user":"SDE","last_edited_date":"2026-03-25T16:06:10.000Z","Shape__Area":306.570517835,"Shape__Length":81.11019502153573,"CommonName":null,"SourceGlobalID":"{DBF6C75F-EA66-4A2C-8F66-09BDE4B9A5BC}","Comments":null,"UpdateStatus":"AUTO","UpdateSource":"PMBC"}},{"type":"Feature","geometry":{"type":"Polygon","coordinates":[[[-118.683541,49.079263],[-118.683959,49.079259],[-118.68396,49.079349],[-118.683543,49.079354],[-118.683541,49.079263]]]},"properties":{"GlobalID":"{1EEE5D06-BE84-4907-9AF6-B0CAFA1AFD3D}","Name":"008192421","PlanID":"{E6CCA1B6-13F5-4401-972C-9541DC39E4B8}","PlanNumber":"KAP24","PIN":null,"PID":8192421,"Designation1":"Lot 2","Designation2":"Block 5","Designation3":null,"ParcelStatus":"ACTIVE","RegionalDistrict":"0019","ParcelClass":"SUBDIVISION","SourceParcelID":null,"GeometrySource":"PMBC-OPERATIONS","IsRemainder":"NO","ParcelStartDate":null,"PositionalError":0.7759437,"LegalDescription":"LOT 2 BLOCK 5 SECTION 32 TOWNNSHIP 70 SIMILKAMEEN DIVISION YALE DISTRICT PLAN 24","CaptureMethod":"COGO","OwnerType":"PRIVATE","Compiled":1,"CreatedDate":"2016-09-20T23:24:06.000Z","ModifiedDate":"2025-10-27T22:37:46.000Z","StatedArea":null,"ErrorReportedBy":"LSA","Municipality":"0163","OBJECTID":49751,"created_user":"SDE","created_date":"2024-11-12T16:15:31.000Z","last_edited_user":"SDE","last_edited_date":"2026-03-25T16:06:10.000Z","Shape__Area":305.88317305,"Shape__Length":81.0270369780905,"CommonName":null,"SourceGlobalID":"{B7807FB1-3579-4078-B4D3-F77F1F81DA14}","Comments":null,"UpdateStatus":"AUTO","UpdateSource":"PMBC"}},{"type":"Feature","geometry":{"type":"Polygon","coordinates":[[[-118.688098,49.077536],[-118.688099,49.077626],[-118.687921,49.077628],[-118.687973,49.077537],[-118.688098,49.077536]]]},"properties":{"GlobalID":"{80B928BE-F95E-4C86-AD64-3752B36C3DF8}","Name":"012793337","PlanID":"{F21644BF-ED25-4569-85AC-B882D45FA2DF}","PlanNumber":"KAP8332B","PIN":null,"PID":12793337,"Designation1":"Lot 14","Designation2":"Block 23","Designation3":null,"ParcelStatus":"ACTIVE","RegionalDistrict":"0019","ParcelClass":"SUBDIVISION","SourceParcelID":null,"GeometrySource":"PMBC-OPERATIONS","IsRemainder":"NO","ParcelStartDate":null,"PositionalError":0.33511751,"LegalDescription":"THAT PART LOT 14 SHOWN OUTLINED RED ON PLAN B8332 BLOCK 23 SECTION 32 TOWNSHIP 70 SIMILKAMEEN DIVISION YALE DISTRICT PLAN 24","CaptureMethod":"COGO","OwnerType":"CROWN PROVINCIAL","Compiled":1,"CreatedDate":"2016-09-20T23:24:06.000Z","ModifiedDate":"2022-01-20T17:34:21.000Z","StatedArea":null,"ErrorReportedBy":"LSA","Municipality":"0163","OBJECTID":49752,"created_user":"SDE","created_date":"2024-11-12T16:15:31.000Z","last_edited_user":"SDE","last_edited_date":"2026-03-25T16:06:10.000Z","Shape__Area":111.479259305,"Shape__Length":43.01680910951967,"CommonName":null,"SourceGlobalID":"{81A4D8BC-2DD5-424C-8628-ED9E69618D42}","Comments":null,"UpdateStatus":"AUTO","UpdateSource":"PMBC"}},{"type":"Feature","geometry":{"type":"Polygon","coordinates":[[[-118.68438,49.076863],[-118.684382,49.076953],[-118.683998,49.076957],[-118.683996,49.076866],[-118.68438,49.076863]]]},"properties":{"GlobalID":"{E24C5FE4-365B-4B0A-81D3-64086CAEBE91}","Name":"012784508","PlanID":"{E6CCA1B6-13F5-4401-972C-9541DC39E4B8}","PlanNumber":"KAP24","PIN":32407691,"PID":12784508,"Designation1":"Lot 13","Designation2":"Block 2","Designation3":null,"ParcelStatus":"ACTIVE","RegionalDistrict":"0019","ParcelClass":"SUBDIVISION","SourceParcelID":null,"GeometrySource":"PMBC-OPERATIONS","IsRemainder":"NO","ParcelStartDate":null,"PositionalError":0.43254393,"LegalDescription":"LOT 13 BLOCK 2 SECTION 32 TOWNSHIP 70 SIMILKAMEEN DIVISION YALE DISTRICT PLAN 24","CaptureMethod":"COGO","OwnerType":"CROWN PROVINCIAL","Compiled":1,"CreatedDate":"2016-09-20T23:24:06.000Z","ModifiedDate":"2022-01-20T17:34:07.000Z","StatedArea":null,"ErrorReportedBy":"LSA","Municipality":"0163","OBJECTID":49753,"created_user":"SDE","created_date":"2024-11-12T16:15:31.000Z","last_edited_user":"SDE","last_edited_date":"2026-03-25T16:06:10.000Z","Shape__Area":282.00220221,"Shape__Length":76.19917092278529,"CommonName":null,"SourceGlobalID":"{8B6D658C-62F3-4B0E-9159-B5ECD10F0132}","Comments":null,"UpdateStatus":"AUTO","UpdateSource":"PMBC"}},{"type":"Feature","geometry":{"type":"Polygon","coordinates":[[[-118.683923,49.076069],[-118.683506,49.076073],[-118.683505,49.075982],[-118.683922,49.075979],[-118.683923,49.076069]]]},"properties":{"GlobalID":"{9F816A1F-1A4E-401F-9487-A27B54214C68}","Name":"012781797","PlanID":"{E6CCA1B6-13F5-4401-972C-9541DC39E4B8}","PlanNumber":"KAP24","PIN":24393971,"PID":12781797,"Designation1":"Lot 1","Designation2":"Block 1","Designation3":null,"ParcelStatus":"ACTIVE","RegionalDistrict":"0019","ParcelClass":"SUBDIVISION","SourceParcelID":null,"GeometrySource":"PMBC-OPERATIONS","IsRemainder":"NO","ParcelStartDate":null,"PositionalError":0.0538538,"LegalDescription":"LOT 1 BLOCK 1 SECTION 32 TOWNSHIP 70 SIMILKAMEEN DIVISION YALE DISTRICT PLAN 24","CaptureMethod":"COGO","OwnerType":"CROWN PROVINCIAL","Compiled":1,"CreatedDate":"2016-09-20T23:24:06.000Z","ModifiedDate":"2022-01-20T17:34:13.000Z","StatedArea":null,"ErrorReportedBy":"LSA","Municipality":"0163","OBJECTID":49754,"created_user":"SDE","created_date":"2024-11-12T16:15:31.000Z","last_edited_user":"SDE","last_edited_date":"2026-03-25T16:06:10.000Z","Shape__Area":306.487937315,"Shape__Length":81.06052263451254,"CommonName":null,"SourceGlobalID":"{AFCD16F0-62C5-47A1-9B16-3BF3720009A2}","Comments":null,"UpdateStatus":"AUTO","UpdateSource":"PMBC"}},{"type":"Feature","geometry":{"type":"Polygon","coordinates":[[[-118.68642,49.079597],[-118.686101,49.079597],[-118.686237,49.079504],[-118.686418,49.079506],[-118.68642,49.079597]]]},"properties":{"GlobalID":"{693EC4B2-A48E-4E78-A347-CC8CD369A2AF}","Name":"012791113","PlanID":"{F21644BF-ED25-4569-85AC-B882D45FA2DF}","PlanNumber":"KAP8332B","PIN":null,"PID":12791113,"Designation1":"Lot 5","Designation2":"Block 19","Designation3":null,"ParcelStatus":"ACTIVE","RegionalDistrict":"0019","ParcelClass":"SUBDIVISION","SourceParcelID":null,"GeometrySource":"PMBC-OPERATIONS","IsRemainder":"NO","ParcelStartDate":null,"PositionalError":0.4430699,"LegalDescription":"THAT PART LOT 5 SHOWN OUTLINED RED ON PLAN B8332 BLOCK 19 SECTION 32 TOWNSHIP 70 SIMILKAMEEN DIVISION YALE DISTRICT PLAN 24","CaptureMethod":"COGO","OwnerType":"CROWN PROVINCIAL","Compiled":1,"CreatedDate":"2016-09-20T23:24:06.000Z","ModifiedDate":"2022-01-20T17:34:04.000Z","StatedArea":null,"ErrorReportedBy":"LSA","Municipality":"0163","OBJECTID":49755,"created_user":"SDE","created_date":"2024-11-12T16:15:31.000Z","last_edited_user":"SDE","last_edited_date":"2026-03-25T16:06:10.000Z","Shape__Area":186.3339887,"Shape__Length":60.89015248647509,"CommonName":null,"SourceGlobalID":"{82DB9D9E-B854-438B-B0D2-ED46566F23F3}","Comments":null,"UpdateStatus":"AUTO","UpdateSource":"PMBC"}},{"type":"Feature","geometry":{"type":"Polygon","coordinates":[[[-118.688844,49.077365],[-118.68843,49.077368],[-118.688428,49.077278],[-118.688844,49.077275],[-118.688844,49.077365]]]},"properties":{"GlobalID":"{708ACBB3-FDA6-4763-B2F6-A932D0A22085}","Name":"012814342","PlanID":"{E6CCA1B6-13F5-4401-972C-9541DC39E4B8}","PlanNumber":"KAP24","PIN":null,"PID":12814342,"Designation1":"Lot 7","Designation2":"Block 27","Designation3":null,"ParcelStatus":"ACTIVE","RegionalDistrict":"0019","ParcelClass":"SUBDIVISION","SourceParcelID":null,"GeometrySource":"PMBC-OPERATIONS","IsRemainder":"NO","ParcelStartDate":null,"PositionalError":0.74269286,"LegalDescription":"LOT 7 BLOCK 27 SECTION 32 TOWNSHIP 70 SIMILKAMEEN DIVISION YALE DISTRICT PLAN 24","CaptureMethod":"COGO","OwnerType":"PRIVATE","Compiled":1,"CreatedDate":"2016-09-20T23:24:06.000Z","ModifiedDate":"2022-01-20T17:34:17.000Z","StatedArea":null,"ErrorReportedBy":"LSA","Municipality":"0163","OBJECTID":49756,"created_user":"SDE","created_date":"2024-11-12T16:15:31.000Z","last_edited_user":"SDE","last_edited_date":"2026-03-25T16:06:10.000Z","Shape__Area":303.91147444,"Shape__Length":80.68244342398759,"CommonName":null,"SourceGlobalID":"{76693473-FEA0-480F-98FA-8EEE473274DA}","Comments":null,"UpdateStatus":"AUTO","UpdateSource":"PMBC"}},{"type":"Feature","geometry":{"type":"Polygon","coordinates":[[[-118.687223,49.078882],[-118.687324,49.078882],[-118.687245,49.078974],[-118.687225,49.078974],[-118.687223,49.078882]]]},"properties":{"GlobalID":"{013A71A7-0AD1-47DC-8001-D802FC512FB1}","Name":"012791431","PlanID":"{F21644BF-ED25-4569-85AC-B882D45FA2DF}","PlanNumber":"KAP8332B","PIN":null,"PID":12791431,"Designation1":"Lot 7","Designation2":"Block 22","Designation3":null,"ParcelStatus":"ACTIVE","RegionalDistrict":"0019","ParcelClass":"SUBDIVISION","SourceParcelID":null,"GeometrySource":"PMBC-OPERATIONS","IsRemainder":"NO","ParcelStartDate":null,"PositionalError":0.3638689,"LegalDescription":"THAT PART LOT 7 SHOWN OUTLINED RED ON PLAN B8332 BLOCK 22 SECTION 32 TOWNSHIP 70 SIMILKAMEEN DIVISION YALE DISTRICT PLAN 24","CaptureMethod":"COGO","OwnerType":"CROWN PROVINCIAL","Compiled":1,"CreatedDate":"2016-09-20T23:24:06.000Z","ModifiedDate":"2025-10-27T22:37:46.000Z","StatedArea":null,"ErrorReportedBy":"LSA","Municipality":"0163","OBJECTID":49757,"created_user":"SDE","created_date":"2024-11-12T16:15:31.000Z","last_edited_user":"SDE","last_edited_date":"2026-03-25T16:06:10.000Z","Shape__Area":44.93261898,"Shape__Length":30.79527794756766,"CommonName":null,"SourceGlobalID":"{24BBFA79-CC61-4DC2-B4F3-C5FEC3D3E2E8}","Comments":null,"UpdateStatus":"AUTO","UpdateSource":"PMBC"}},{"type":"Feature","geometry":{"type":"Polygon","coordinates":[[[-118.686483,49.079415],[-118.686718,49.079418],[-118.686718,49.079418],[-118.68665,49.079473],[-118.68661,49.079506],[-118.686558,49.079507],[-118.686485,49.079507],[-118.686483,49.079415]]]},"properties":{"GlobalID":"{7D87E4EB-994B-4F3C-ACD9-0A0049544379}","Name":"012791199","PlanID":"{F21644BF-ED25-4569-85AC-B882D45FA2DF}","PlanNumber":"KAP8332B","PIN":null,"PID":12791199,"Designation1":"Lot 11","Designation2":"Block 19","Designation3":null,"ParcelStatus":"ACTIVE","RegionalDistrict":"0019","ParcelClass":"SUBDIVISION","SourceParcelID":null,"GeometrySource":"PMBC-OPERATIONS","IsRemainder":"NO","ParcelStartDate":null,"PositionalError":0.4778991,"LegalDescription":"THAT PART LOT 11 SHOWN OUTLINED RED ON PLAN B8332 BLOCK 19 SECTION 32 TOWNSHIP 70 SIMILKAMEEN DIVISION YALE DISTRICT PLAN 24","CaptureMethod":"COGO","OwnerType":"CROWN PROVINCIAL","Compiled":1,"CreatedDate":"2016-09-20T23:24:06.000Z","ModifiedDate":"2025-10-27T22:37:46.000Z","StatedArea":null,"ErrorReportedBy":"LSA","Municipality":"0163","OBJECTID":49758,"created_user":"SDE","created_date":"2024-11-12T16:15:31.000Z","last_edited_user":"SDE","last_edited_date":"2026-03-25T16:06:10.000Z","Shape__Area":131.883422245,"Shape__Length":49.06695953534379,"CommonName":null,"SourceGlobalID":"{6E34003A-B2D0-4156-A92F-9E36E9FA252F}","Comments":null,"UpdateStatus":"AUTO","UpdateSource":"PMBC"}},{"type":"Feature","geometry":{"type":"Polygon","coordinates":[[[-118.688635,49.076298],[-118.688406,49.0763],[-118.688404,49.076209],[-118.688657,49.076207],[-118.688635,49.076298]]]},"properties":{"GlobalID":"{FE6096A5-CDA0-43CA-B382-12C2D9BF5B68}","Name":"012793965","PlanID":"{F21644BF-ED25-4569-85AC-B882D45FA2DF}","PlanNumber":"KAP8332B","PIN":null,"PID":12793965,"Designation1":"Lot 4","Designation2":"Block 26","Designation3":null,"ParcelStatus":"ACTIVE","RegionalDistrict":"0019","ParcelClass":"SUBDIVISION","SourceParcelID":null,"GeometrySource":"PMBC-OPERATIONS","IsRemainder":"NO","ParcelStartDate":null,"PositionalError":0.45408545,"LegalDescription":"THAT PART LOT 4 SHOWN OUTLINED RED ON PLAN B8332 BLOCK 26 SECTION 32 TOWNSHIP 70 SIMILKAMEEN DIVISION YALE DISTRICT PLAN 24","CaptureMethod":"COGO","OwnerType":"CROWN PROVINCIAL","Compiled":1,"CreatedDate":"2016-09-20T23:24:06.000Z","ModifiedDate":"2022-01-20T17:34:16.000Z","StatedArea":null,"ErrorReportedBy":"LSA","Municipality":"0163","OBJECTID":49759,"created_user":"SDE","created_date":"2024-11-12T16:15:31.000Z","last_edited_user":"SDE","last_edited_date":"2026-03-25T16:06:10.000Z","Shape__Area":177.864418535,"Shape__Length":55.58741702860542,"CommonName":null,"SourceGlobalID":"{08477FB9-ED59-4501-A676-C85E82A877E0}","Comments":null,"UpdateStatus":"AUTO","UpdateSource":"PMBC"}},{"type":"Feature","geometry":{"type":"Polygon","coordinates":[[[-118.686004,49.079664],[-118.686101,49.079597],[-118.68642,49.079597],[-118.686421,49.079641],[-118.686354,49.079687],[-118.686005,49.079688],[-118.686004,49.079664]]]},"properties":{"GlobalID":"{4C577EA7-DF03-4232-82DA-97D8EEF95170}","Name":"012791130","PlanID":"{F21644BF-ED25-4569-85AC-B882D45FA2DF}","PlanNumber":"KAP8332B","PIN":null,"PID":12791130,"Designation1":"Lot 6","Designation2":"Block 19","Designation3":null,"ParcelStatus":"ACTIVE","RegionalDistrict":"0019","ParcelClass":"SUBDIVISION","SourceParcelID":null,"GeometrySource":"PMBC-OPERATIONS","IsRemainder":"NO","ParcelStartDate":null,"PositionalError":0.4641959,"LegalDescription":"THAT PART LOT 6 SHOWN OUTLINED RED ON PLAN B8332 BLOCK 19 SECTION 32 TOWNSHIP 70 SIMILKAMEEN DIVISION YALE DISTRICT PLAN 24","CaptureMethod":"COGO","OwnerType":"CROWN PROVINCIAL","Compiled":1,"CreatedDate":"2016-09-20T23:24:06.000Z","ModifiedDate":"2025-10-27T22:37:46.000Z","StatedArea":null,"ErrorReportedBy":"LSA","Municipality":"0163","OBJECTID":49760,"created_user":"SDE","created_date":"2024-11-12T16:15:31.000Z","last_edited_user":"SDE","last_edited_date":"2026-03-25T16:06:10.000Z","Shape__Area":266.12016719,"Shape__Length":73.65458299065776,"CommonName":null,"SourceGlobalID":"{6FF9DF04-9817-41D4-87E3-EA64A0358BB8}","Comments":null,"UpdateStatus":"AUTO","UpdateSource":"PMBC"}},{"type":"Feature","geometry":{"type":"Polygon","coordinates":[[[-118.682217,49.077066],[-118.68222,49.077157],[-118.681802,49.077162],[-118.6818,49.077071],[-118.682217,49.077066]]]},"properties":{"GlobalID":"{FEA9BC48-F9BE-4331-8523-C76806AC3D58}","Name":"012718467","PlanID":"{EF69E8E0-575B-4D1C-B751-6A4B02AA77B6}","PlanNumber":"KAP115","PIN":10333591,"PID":12718467,"Designation1":"Lot 19","Designation2":"Block 4","Designation3":null,"ParcelStatus":"ACTIVE","RegionalDistrict":"0019","ParcelClass":"SUBDIVISION","SourceParcelID":null,"GeometrySource":"PMBC-OPERATIONS","IsRemainder":"NO","ParcelStartDate":null,"PositionalError":0.77157808,"LegalDescription":"LOT 19 BLOCK 4 DISTRICT LOT 914 SIMILKAMEEN DIVISION YALE DISTRICT PLAN 115","CaptureMethod":"COGO","OwnerType":"CROWN PROVINCIAL","Compiled":1,"CreatedDate":"2016-09-20T23:24:06.000Z","ModifiedDate":"2022-01-20T17:34:19.000Z","StatedArea":null,"ErrorReportedBy":"LSA","Municipality":"0163","OBJECTID":49761,"created_user":"SDE","created_date":"2024-11-12T16:15:31.000Z","last_edited_user":"SDE","last_edited_date":"2026-03-25T16:06:10.000Z","Shape__Area":306.412448025,"Shape__Length":81.05533129279004,"CommonName":null,"SourceGlobalID":"{56A7F902-9F84-4947-9B2F-E44054FFA651}","Comments":null,"UpdateStatus":"AUTO","UpdateSource":"PMBC"}},{"type":"Feature","geometry":{"type":"Polygon","coordinates":[[[-118.686351,49.076137],[-118.685934,49.076141],[-118.685932,49.076051],[-118.686349,49.076047],[-118.686351,49.076137]]]},"properties":{"GlobalID":"{BABDD196-9E29-46FC-8591-9A31758A9794}","Name":"006432981","PlanID":"{E6CCA1B6-13F5-4401-972C-9541DC39E4B8}","PlanNumber":"KAP24","PIN":null,"PID":6432981,"Designation1":"Lot 2","Designation2":"Block 15","Designation3":null,"ParcelStatus":"ACTIVE","RegionalDistrict":"0019","ParcelClass":"SUBDIVISION","SourceParcelID":null,"GeometrySource":"PMBC-OPERATIONS","IsRemainder":"NO","ParcelStartDate":null,"PositionalError":0.91453544,"LegalDescription":"LOT 2 BLOCK 15 SECTION 32 TOWNSHIP 70 SIMILKAMEEN DIVISION YALE DISTRICT PLAN 24","CaptureMethod":"COGO","OwnerType":"PRIVATE","Compiled":1,"CreatedDate":"2016-09-20T23:24:06.000Z","ModifiedDate":"2022-01-20T17:34:09.000Z","StatedArea":null,"ErrorReportedBy":"LSA","Municipality":"0163","OBJECTID":49762,"created_user":"SDE","created_date":"2024-11-12T16:15:31.000Z","last_edited_user":"SDE","last_edited_date":"2026-03-25T16:06:10.000Z","Shape__Area":305.987482755,"Shape__Length":81.00172348179997,"CommonName":null,"SourceGlobalID":"{96650EF9-39F3-427F-B319-DF3B2DE9CDF3}","Comments":null,"UpdateStatus":"AUTO","UpdateSource":"PMBC"}},{"type":"Feature","geometry":{"type":"Polygon","coordinates":[[[-118.688909,49.077275],[-118.689325,49.077271],[-118.689327,49.077362],[-118.688911,49.077365],[-118.688909,49.077275]]]},"properties":{"GlobalID":"{A1A2F523-771E-4E25-A710-F4D3A663CF30}","Name":"012814351","PlanID":"{E6CCA1B6-13F5-4401-972C-9541DC39E4B8}","PlanNumber":"KAP24","PIN":24403691,"PID":12814351,"Designation1":"Lot 8","Designation2":"Block 27","Designation3":null,"ParcelStatus":"ACTIVE","RegionalDistrict":"0019","ParcelClass":"SUBDIVISION","SourceParcelID":null,"GeometrySource":"PMBC-OPERATIONS","IsRemainder":"NO","ParcelStartDate":null,"PositionalError":2.64275284,"LegalDescription":"LOT 8 BLOCK 27 SECTION 32 TOWNSHIP 70 SIMILKAMEEN DIVISION YALE DISTRICT PLAN 24","CaptureMethod":"COGO","OwnerType":"PRIVATE","Compiled":1,"CreatedDate":"2016-09-20T23:24:06.000Z","ModifiedDate":"2022-01-20T17:34:21.000Z","StatedArea":null,"ErrorReportedBy":"LSA","Municipality":"0163","OBJECTID":49763,"created_user":"SDE","created_date":"2024-11-12T16:15:31.000Z","last_edited_user":"SDE","last_edited_date":"2026-03-25T16:06:10.000Z","Shape__Area":305.79593823,"Shape__Length":80.95181055905614,"CommonName":null,"SourceGlobalID":"{B985ED52-0250-484D-BE1A-12502F64506D}","Comments":null,"UpdateStatus":"AUTO","UpdateSource":"PMBC"}},{"type":"Feature","geometry":{"type":"Polygon","coordinates":[[[-118.687584,49.076036],[-118.687585,49.076127],[-118.687168,49.07613],[-118.687166,49.07604],[-118.687584,49.076036]]]},"properties":{"GlobalID":"{8E9F5064-68EF-42D6-BD0C-3F4088B7DCEF}","Name":"006442005","PlanID":"{E6CCA1B6-13F5-4401-972C-9541DC39E4B8}","PlanNumber":"KAP24","PIN":null,"PID":6442005,"Designation1":"Lot 2","Designation2":"Block 25","Designation3":null,"ParcelStatus":"ACTIVE","RegionalDistrict":"0019","ParcelClass":"SUBDIVISION","SourceParcelID":null,"GeometrySource":"PMBC-OPERATIONS","IsRemainder":"NO","ParcelStartDate":null,"PositionalError":0.91453544,"LegalDescription":"LOT 2 BLOCK 25 SECTION 32 TOWNSHIP 70 SIMILKAMEEN DIVISION YALE DISTRICT PLAN 24","CaptureMethod":"COGO","OwnerType":"PRIVATE","Compiled":1,"CreatedDate":"2016-09-20T23:24:06.000Z","ModifiedDate":"2022-01-20T17:34:05.000Z","StatedArea":null,"ErrorReportedBy":"LSA","Municipality":"0163","OBJECTID":49764,"created_user":"SDE","created_date":"2024-11-12T16:15:31.000Z","last_edited_user":"SDE","last_edited_date":"2026-03-25T16:06:10.000Z","Shape__Area":306.818521385,"Shape__Length":81.08729058029336,"CommonName":null,"SourceGlobalID":"{ED8E52C6-B38E-4D6C-877C-3FF941E4E2BC}","Comments":null,"UpdateStatus":"AUTO","UpdateSource":"PMBC"}},{"type":"Feature","geometry":{"type":"Polygon","coordinates":[[[-118.683262,49.076873],[-118.683266,49.077144],[-118.682932,49.077148],[-118.682928,49.076877],[-118.683262,49.076873]]]},"properties":{"GlobalID":"{20EAF1C6-4EB4-4488-A69A-434D38368ABC}","Name":"001890981","PlanID":"{B223129F-601E-42A6-95FC-6E5C41B386AF}","PlanNumber":"KAP28495","PIN":3721661,"PID":1890981,"Designation1":"Lot Y","Designation2":null,"Designation3":null,"ParcelStatus":"ACTIVE","RegionalDistrict":"0019","ParcelClass":"SUBDIVISION","SourceParcelID":null,"GeometrySource":"PMBC-OPERATIONS","IsRemainder":"NO","ParcelStartDate":null,"PositionalError":0.41491905,"LegalDescription":"LOT Y DISTRICT LOT 914 SIMILKAMEEN DIVISION YALE DISTRICT PLAN 28495","CaptureMethod":"COGO","OwnerType":"PRIVATE","Compiled":1,"CreatedDate":"2016-09-20T23:24:06.000Z","ModifiedDate":"2022-01-20T17:34:04.000Z","StatedArea":null,"ErrorReportedBy":"LSA","Municipality":"0163","OBJECTID":49765,"created_user":"SDE","created_date":"2024-11-12T16:15:31.000Z","last_edited_user":"SDE","last_edited_date":"2026-03-25T16:06:10.000Z","Shape__Area":734.226132325,"Shape__Length":108.99710770045894,"CommonName":null,"SourceGlobalID":"{F7F3C9EB-2390-4E31-B0F9-5DD637E6D491}","Comments":null,"UpdateStatus":"AUTO","UpdateSource":"PMBC"}},{"type":"Feature","geometry":{"type":"Polygon","coordinates":[[[-118.68394,49.077755],[-118.683941,49.077845],[-118.683524,49.077848],[-118.683523,49.077757],[-118.68394,49.077755]]]},"properties":{"GlobalID":"{6AE2CD36-CD69-4AE8-8E89-290D2F0FE0DC}","Name":"012784907","PlanID":"{E6CCA1B6-13F5-4401-972C-9541DC39E4B8}","PlanNumber":"KAP24","PIN":4171201,"PID":12784907,"Designation1":"Lot 3","Designation2":"Block 3","Designation3":null,"ParcelStatus":"ACTIVE","RegionalDistrict":"0019","ParcelClass":"SUBDIVISION","SourceParcelID":null,"GeometrySource":"PMBC-OPERATIONS","IsRemainder":"NO","ParcelStartDate":null,"PositionalError":1.03007632,"LegalDescription":"LOT 3 BLOCK 3 SECTION 32 TOWNSHIP 70 SIMILKAMEEN DIVISION YALE DISTRICT PLAN 24","CaptureMethod":"COGO","OwnerType":"PRIVATE","Compiled":1,"CreatedDate":"2016-09-20T23:24:06.000Z","ModifiedDate":"2022-01-20T17:34:11.000Z","StatedArea":null,"ErrorReportedBy":"LSA","Municipality":"0163","OBJECTID":49766,"created_user":"SDE","created_date":"2024-11-12T16:15:31.000Z","last_edited_user":"SDE","last_edited_date":"2026-03-25T16:06:10.000Z","Shape__Area":306.41339296,"Shape__Length":81.05480383808383,"CommonName":null,"SourceGlobalID":"{F1AC66EA-BB94-40C2-8B8E-C159B07A89AC}","Comments":null,"UpdateStatus":"AUTO","UpdateSource":"PMBC"}},{"type":"Feature","geometry":{"type":"Polygon","coordinates":[[[-118.682792,49.076646],[-118.682655,49.076647],[-118.682653,49.076402],[-118.682707,49.076372],[-118.68279,49.076372],[-118.682792,49.076646]]]},"properties":{"GlobalID":"{39636ACC-463B-40F5-ABD5-AD284FA34741}","Name":"012718025","PlanID":"{EF69E8E0-575B-4D1C-B751-6A4B02AA77B6}","PlanNumber":"KAP115","PIN":3720911,"PID":12718025,"Designation1":"Lot 5","Designation2":"Block 3","Designation3":null,"ParcelStatus":"ACTIVE","RegionalDistrict":"0019","ParcelClass":"SUBDIVISION","SourceParcelID":null,"GeometrySource":"PMBC-OPERATIONS","IsRemainder":"NO","ParcelStartDate":null,"PositionalError":1.26507472,"LegalDescription":"LOT 5 BLOCK 3 DISTRICT LOT 914 SIMILKAMEEN DIVISION YALE DISTRICT PLAN 115","CaptureMethod":"COGO","OwnerType":"CROWN PROVINCIAL","Compiled":1,"CreatedDate":"2016-09-20T23:24:06.000Z","ModifiedDate":"2022-01-20T17:34:21.000Z","StatedArea":null,"ErrorReportedBy":"LSA","Municipality":"0163","OBJECTID":49767,"created_user":"SDE","created_date":"2024-11-12T16:15:31.000Z","last_edited_user":"SDE","last_edited_date":"2026-03-25T16:06:10.000Z","Shape__Area":299.92308672,"Shape__Length":78.95561963099026,"CommonName":null,"SourceGlobalID":"{682DE0F5-19EE-4191-8F2B-1EC210CADCBE}","Comments":null,"UpdateStatus":"AUTO","UpdateSource":"PMBC"}},{"type":"Feature","geometry":{"type":"Polygon","coordinates":[[[-118.685157,49.078014],[-118.68474,49.078019],[-118.684737,49.077928],[-118.685154,49.077924],[-118.685157,49.078014]]]},"properties":{"GlobalID":"{B8E7082F-D585-41AA-9A50-7E7B8E893297}","Name":"012789950","PlanID":"{E6CCA1B6-13F5-4401-972C-9541DC39E4B8}","PlanNumber":"KAP24","PIN":24397641,"PID":12789950,"Designation1":"Lot 5","Designation2":"Block 12","Designation3":null,"ParcelStatus":"ACTIVE","RegionalDistrict":"0019","ParcelClass":"SUBDIVISION","SourceParcelID":null,"GeometrySource":"PMBC-OPERATIONS","IsRemainder":"NO","ParcelStartDate":null,"PositionalError":0.85554105,"LegalDescription":"LOT 5 BLOCK 12 SECTION 32 TOWNSHIP 70 SIMILKAMEEN DIVISION YALE DISTRICT PLAN 24","CaptureMethod":"COGO","OwnerType":"CROWN PROVINCIAL","Compiled":1,"CreatedDate":"2016-09-20T23:24:06.000Z","ModifiedDate":"2022-01-20T17:34:13.000Z","StatedArea":null,"ErrorReportedBy":"LSA","Municipality":"0163","OBJECTID":49768,"created_user":"SDE","created_date":"2024-11-12T16:15:31.000Z","last_edited_user":"SDE","last_edited_date":"2026-03-25T16:06:10.000Z","Shape__Area":306.45918361,"Shape__Length":81.06136914377399,"CommonName":null,"SourceGlobalID":"{FC812CD1-1E0B-4919-A5E9-766360C96451}","Comments":null,"UpdateStatus":"AUTO","UpdateSource":"PMBC"}},{"type":"Feature","geometry":{"type":"Polygon","coordinates":[[[-118.686427,49.076589],[-118.686425,49.076498],[-118.686842,49.076494],[-118.686844,49.076585],[-118.686427,49.076589]]]},"properties":{"GlobalID":"{A7204D4D-CF05-41F9-9899-82C9C4A01312}","Name":"006433162","PlanID":"{E6CCA1B6-13F5-4401-972C-9541DC39E4B8}","PlanNumber":"KAP24","PIN":null,"PID":6433162,"Designation1":"Lot 8","Designation2":"Block 15","Designation3":null,"ParcelStatus":"ACTIVE","RegionalDistrict":"0019","ParcelClass":"SUBDIVISION","SourceParcelID":null,"GeometrySource":"PMBC-OPERATIONS","IsRemainder":"NO","ParcelStartDate":null,"PositionalError":0.43180956,"LegalDescription":"LOT 8 BLOCK 15 SECTION 32 TOWNSHIP 70 SIMILKAMEEN DIVISION YALE DISTRICT PLAN 24","CaptureMethod":"COGO","OwnerType":"PRIVATE","Compiled":1,"CreatedDate":"2016-09-20T23:24:06.000Z","ModifiedDate":"2022-01-20T17:34:15.000Z","StatedArea":null,"ErrorReportedBy":"LSA","Municipality":"0163","OBJECTID":49769,"created_user":"SDE","created_date":"2024-11-12T16:15:31.000Z","last_edited_user":"SDE","last_edited_date":"2026-03-25T16:06:10.000Z","Shape__Area":307.634435025,"Shape__Length":81.12001139771446,"CommonName":null,"SourceGlobalID":"{4F71D425-9E2A-40F4-9AAA-CE3AB72A34BB}","Comments":null,"UpdateStatus":"AUTO","UpdateSource":"PMBC"}},{"type":"Feature","geometry":{"type":"Polygon","coordinates":[[[-118.683527,49.078119],[-118.683527,49.078119],[-118.683944,49.078117],[-118.683946,49.078207],[-118.683528,49.078209],[-118.683527,49.078119]]]},"properties":{"GlobalID":"{6C953A60-82F5-49EF-B31D-F4D1B6A4BA0D}","Name":"012785393","PlanID":"{E6CCA1B6-13F5-4401-972C-9541DC39E4B8}","PlanNumber":"KAP24","PIN":24394911,"PID":12785393,"Designation1":"Lot 7","Designation2":"Block 3","Designation3":null,"ParcelStatus":"ACTIVE","RegionalDistrict":"0019","ParcelClass":"SUBDIVISION","SourceParcelID":null,"GeometrySource":"PMBC-OPERATIONS","IsRemainder":"NO","ParcelStartDate":null,"PositionalError":0.8948679,"LegalDescription":"LOT 7 BLOCK 3 SECTION 32 TOWNSHIP 70 SIMILKAMEEN DIVISION YALE DISTRICT PLAN 24","CaptureMethod":"COGO","OwnerType":"CROWN PROVINCIAL","Compiled":1,"CreatedDate":"2016-09-20T23:24:06.000Z","ModifiedDate":"2025-10-27T22:37:46.000Z","StatedArea":null,"ErrorReportedBy":"LSA","Municipality":"0163","OBJECTID":49770,"created_user":"SDE","created_date":"2024-11-12T16:15:31.000Z","last_edited_user":"SDE","last_edited_date":"2026-03-25T16:06:10.000Z","Shape__Area":306.41373499,"Shape__Length":81.05530461529192,"CommonName":null,"SourceGlobalID":"{967FEE00-D4C2-435A-AD45-17F39482748B}","Comments":null,"UpdateStatus":"AUTO","UpdateSource":"PMBC"}},{"type":"Feature","geometry":{"type":"Polygon","coordinates":[[[-118.682699,49.077587],[-118.682701,49.077669],[-118.682284,49.077674],[-118.682282,49.077592],[-118.682699,49.077587]]]},"properties":{"GlobalID":"{D21B68C9-91BF-48A3-A28F-38CDC9E5B53A}","Name":"012718220","PlanID":"{EF69E8E0-575B-4D1C-B751-6A4B02AA77B6}","PlanNumber":"KAP115","PIN":10332131,"PID":12718220,"Designation1":"Lot 10","Designation2":"Block 4","Designation3":null,"ParcelStatus":"ACTIVE","RegionalDistrict":"0019","ParcelClass":"SUBDIVISION","SourceParcelID":null,"GeometrySource":"PMBC-OPERATIONS","IsRemainder":"NO","ParcelStartDate":null,"PositionalError":0.83767138,"LegalDescription":"LOT 10 BLOCK 4 DISTRICT LOT 914 SIMILKAMEEN DIVISION YALE DISTRICT PLAN 115","CaptureMethod":"COGO","OwnerType":"CROWN PROVINCIAL","Compiled":1,"CreatedDate":"2016-09-20T23:24:06.000Z","ModifiedDate":"2022-01-20T17:34:03.000Z","StatedArea":null,"ErrorReportedBy":"LSA","Municipality":"0163","OBJECTID":49771,"created_user":"SDE","created_date":"2024-11-12T16:15:31.000Z","last_edited_user":"SDE","last_edited_date":"2026-03-25T16:06:10.000Z","Shape__Area":278.55554867,"Shape__Length":79.2264333930155,"CommonName":null,"SourceGlobalID":"{5A91D3AD-C6FF-4AE9-9C9E-5E8766BB86CD}","Comments":null,"UpdateStatus":"AUTO","UpdateSource":"PMBC"}},{"type":"Feature","geometry":{"type":"Polygon","coordinates":[[[-118.682682,49.07697],[-118.682265,49.076975],[-118.682262,49.076885],[-118.682679,49.07688],[-118.682682,49.07697]]]},"properties":{"GlobalID":"{2E6201D9-1628-4C59-A3BD-DC287888C109}","Name":"012718076","PlanID":"{EF69E8E0-575B-4D1C-B751-6A4B02AA77B6}","PlanNumber":"KAP115","PIN":3721111,"PID":12718076,"Designation1":"Lot 2","Designation2":"Block 4","Designation3":null,"ParcelStatus":"ACTIVE","RegionalDistrict":"0019","ParcelClass":"SUBDIVISION","SourceParcelID":null,"GeometrySource":"PMBC-OPERATIONS","IsRemainder":"NO","ParcelStartDate":null,"PositionalError":0.56938154,"LegalDescription":"LOT 2 BLOCK 4 DISTRICT LOT 914 SIMILKAMEEN DIVISION YALE DISTRICT PLAN 115","CaptureMethod":"COGO","OwnerType":"CROWN PROVINCIAL","Compiled":1,"CreatedDate":"2016-09-20T23:24:06.000Z","ModifiedDate":"2022-01-20T17:34:09.000Z","StatedArea":null,"ErrorReportedBy":"LSA","Municipality":"0163","OBJECTID":49772,"created_user":"SDE","created_date":"2024-11-12T16:15:31.000Z","last_edited_user":"SDE","last_edited_date":"2026-03-25T16:06:10.000Z","Shape__Area":306.112251615,"Shape__Length":81.03516965764292,"CommonName":null,"SourceGlobalID":"{804CD053-0951-4E25-BAB3-2F76907A6E11}","Comments":null,"UpdateStatus":"AUTO","UpdateSource":"PMBC"}},{"type":"Feature","geometry":{"type":"Polygon","coordinates":[[[-118.682212,49.076886],[-118.682215,49.076976],[-118.681798,49.076981],[-118.681795,49.076891],[-118.682212,49.076886]]]},"properties":{"GlobalID":"{6402E679-F5DE-4F03-9809-FF4F4620BC5E}","Name":"012718394","PlanID":"{EF69E8E0-575B-4D1C-B751-6A4B02AA77B6}","PlanNumber":"KAP115","PIN":3721241,"PID":12718394,"Designation1":"Lot 21","Designation2":"Block 4","Designation3":null,"ParcelStatus":"ACTIVE","RegionalDistrict":"0019","ParcelClass":"SUBDIVISION","SourceParcelID":null,"GeometrySource":"PMBC-OPERATIONS","IsRemainder":"NO","ParcelStartDate":null,"PositionalError":0.77182287,"LegalDescription":"LOT 21 BLOCK 4 DISTRICT LOT 914 SIMILKAMEEN DIVISION YALE DISTRICT PLAN 115","CaptureMethod":"COGO","OwnerType":"CROWN PROVINCIAL","Compiled":1,"CreatedDate":"2016-09-20T23:24:06.000Z","ModifiedDate":"2022-01-20T17:34:06.000Z","StatedArea":null,"ErrorReportedBy":"LSA","Municipality":"0163","OBJECTID":49773,"created_user":"SDE","created_date":"2024-11-12T16:15:31.000Z","last_edited_user":"SDE","last_edited_date":"2026-03-25T16:06:10.000Z","Shape__Area":306.403368345,"Shape__Length":81.0541321056991,"CommonName":null,"SourceGlobalID":"{9020FEF5-F19E-4BC5-B2E4-16099540FB06}","Comments":null,"UpdateStatus":"AUTO","UpdateSource":"PMBC"}},{"type":"Feature","geometry":{"type":"Polygon","coordinates":[[[-118.685663,49.079332],[-118.685245,49.079336],[-118.685244,49.079245],[-118.685661,49.079242],[-118.685663,49.079332]]]},"properties":{"GlobalID":"{BDB5B057-4647-45DB-A9F0-09BDF6C19447}","Name":"012788562","PlanID":"{E6CCA1B6-13F5-4401-972C-9541DC39E4B8}","PlanNumber":"KAP24","PIN":null,"PID":12788562,"Designation1":"Lot 13","Designation2":"Block 10","Designation3":null,"ParcelStatus":"ACTIVE","RegionalDistrict":"0019","ParcelClass":"SUBDIVISION","SourceParcelID":null,"GeometrySource":"PMBC-OPERATIONS","IsRemainder":"NO","ParcelStartDate":null,"PositionalError":0.61075105,"LegalDescription":"LOT 13 BLOCK 10 SECTION 32 TOWNSHIP 70 SIMILKAMEEN DIVISION YALE DISTRICT PLAN 24","CaptureMethod":"COGO","OwnerType":"PRIVATE","Compiled":1,"CreatedDate":"2016-09-20T23:24:06.000Z","ModifiedDate":"2022-01-20T17:34:09.000Z","StatedArea":null,"ErrorReportedBy":"LSA","Municipality":"0163","OBJECTID":49774,"created_user":"SDE","created_date":"2024-11-12T16:15:31.000Z","last_edited_user":"SDE","last_edited_date":"2026-03-25T16:06:10.000Z","Shape__Area":305.989572885,"Shape__Length":81.00918308809227,"CommonName":null,"SourceGlobalID":"{60531ECC-ADAC-4E9F-9612-AD65FC429D66}","Comments":null,"UpdateStatus":"AUTO","UpdateSource":"PMBC"}},{"type":"Feature","geometry":{"type":"Polygon","coordinates":[[[-118.68859,49.076478],[-118.68841,49.07648],[-118.688408,49.07639],[-118.688612,49.076388],[-118.68859,49.076478]]]},"properties":{"GlobalID":"{28B50163-08F5-466A-A514-CF6117716EE0}","Name":"012793981","PlanID":"{F21644BF-ED25-4569-85AC-B882D45FA2DF}","PlanNumber":"KAP8332B","PIN":null,"PID":12793981,"Designation1":"Lot 6","Designation2":"Block 26","Designation3":null,"ParcelStatus":"ACTIVE","RegionalDistrict":"0019","ParcelClass":"SUBDIVISION","SourceParcelID":null,"GeometrySource":"PMBC-OPERATIONS","IsRemainder":"NO","ParcelStartDate":null,"PositionalError":0.43841889,"LegalDescription":"THAT PART LOT 6 SHOWN OUTLINED RED ON PLAN B8332 BLOCK 26 SECTION 32 TOWNSHIP 70 SIMILKAMEEN DIVISION YALE DISTRICT PLAN 24","CaptureMethod":"COGO","OwnerType":"CROWN PROVINCIAL","Compiled":1,"CreatedDate":"2016-09-20T23:24:06.000Z","ModifiedDate":"2022-01-20T17:34:16.000Z","StatedArea":null,"ErrorReportedBy":"LSA","Municipality":"0163","OBJECTID":49775,"created_user":"SDE","created_date":"2024-11-12T16:15:31.000Z","last_edited_user":"SDE","last_edited_date":"2026-03-25T16:06:10.000Z","Shape__Area":140.77165272,"Shape__Length":48.29846189204167,"CommonName":null,"SourceGlobalID":"{B88C8E3E-8F45-4513-9B21-2CBB5E224442}","Comments":null,"UpdateStatus":"AUTO","UpdateSource":"PMBC"}},{"type":"Feature","geometry":{"type":"Polygon","coordinates":[[[-118.683508,49.076344],[-118.683507,49.076254],[-118.683924,49.07625],[-118.683925,49.07634],[-118.683508,49.076344]]]},"properties":{"GlobalID":"{BB5D9BAA-E06A-43D4-8BED-84FEF311F3BE}","Name":"012782017","PlanID":"{E6CCA1B6-13F5-4401-972C-9541DC39E4B8}","PlanNumber":"KAP24","PIN":24394201,"PID":12782017,"Designation1":"Lot 4","Designation2":"Block 1","Designation3":null,"ParcelStatus":"ACTIVE","RegionalDistrict":"0019","ParcelClass":"SUBDIVISION","SourceParcelID":null,"GeometrySource":"PMBC-OPERATIONS","IsRemainder":"NO","ParcelStartDate":null,"PositionalError":0.05507775,"LegalDescription":"LOT 4 BLOCK 1 SECTION 32 TOWNSHIP 70 SIMILKAMEEN DIVISION YALE DISTRICT PLAN 24","CaptureMethod":"COGO","OwnerType":"CROWN PROVINCIAL","Compiled":1,"CreatedDate":"2016-09-20T23:24:06.000Z","ModifiedDate":"2022-01-20T17:34:21.000Z","StatedArea":null,"ErrorReportedBy":"LSA","Municipality":"0163","OBJECTID":49776,"created_user":"SDE","created_date":"2024-11-12T16:15:31.000Z","last_edited_user":"SDE","last_edited_date":"2026-03-25T16:06:10.000Z","Shape__Area":306.4919466,"Shape__Length":81.06091914286907,"CommonName":null,"SourceGlobalID":"{7AA04BB5-14BC-463A-BC1D-4B8C459CC315}","Comments":null,"UpdateStatus":"AUTO","UpdateSource":"PMBC"}},{"type":"Feature","geometry":{"type":"Polygon","coordinates":[[[-118.685141,49.077399],[-118.684724,49.077402],[-118.684722,49.077312],[-118.684721,49.077222],[-118.684719,49.077131],[-118.685136,49.077127],[-118.685141,49.077399]]]},"properties":{"GlobalID":"{E48E07A1-7764-4EA2-9449-72B02CF2C99E}","Name":"025537491","PlanID":"{E6CCA1B6-13F5-4401-972C-9541DC39E4B8}","PlanNumber":"KAP24","PIN":null,"PID":25537491,"Designation1":"Parcel A","Designation2":"Block 13","Designation3":null,"ParcelStatus":"ACTIVE","RegionalDistrict":"0019","ParcelClass":"SUBDIVISION","SourceParcelID":null,"GeometrySource":"PMBC-OPERATIONS","IsRemainder":"NO","ParcelStartDate":"2002-12-06T08:00:00.000Z","PositionalError":1.12725795,"LegalDescription":"PARCEL A (SEE KT135121) BLOCK 13 SECTION 32 TOWNSHIP 70 SIMILKAMEEN DIVISION YALE DISTRICT PLAN 24","CaptureMethod":"COGO","OwnerType":"PRIVATE","Compiled":1,"CreatedDate":"2016-09-20T23:24:06.000Z","ModifiedDate":"2022-01-20T17:34:06.000Z","StatedArea":null,"ErrorReportedBy":"LSA","Municipality":"0163","OBJECTID":49777,"created_user":"SDE","created_date":"2024-11-12T16:15:31.000Z","last_edited_user":"SDE","last_edited_date":"2026-03-25T16:06:10.000Z","Shape__Area":919.67460002,"Shape__Length":121.30602103729689,"CommonName":null,"SourceGlobalID":"{061F5ECA-7498-4F78-8439-7023CAFA50C2}","Comments":null,"UpdateStatus":"AUTO","UpdateSource":"PMBC"}},{"type":"Feature","geometry":{"type":"Polygon","coordinates":[[[-118.687202,49.077815],[-118.687619,49.077811],[-118.687622,49.077962],[-118.687625,49.078082],[-118.687625,49.078083],[-118.687625,49.078083],[-118.687207,49.078086],[-118.687202,49.077815]]]},"properties":{"GlobalID":"{0A07C9B4-66CA-4EB9-83B3-E1E3493898B3}","Name":"001973002","PlanID":"{6A2B0D34-15FC-4D87-8419-9006FD85F866}","PlanNumber":"KAP28267","PIN":null,"PID":1973002,"Designation1":"Lot K","Designation2":null,"Designation3":null,"ParcelStatus":"ACTIVE","RegionalDistrict":"0019","ParcelClass":"SUBDIVISION","SourceParcelID":null,"GeometrySource":"PMBC-OPERATIONS","IsRemainder":"NO","ParcelStartDate":null,"PositionalError":0.3995951,"LegalDescription":"LOT K SECTION 32 TOWNSHIP 70 SIMILKAMEEN DIVISION YALE DISTRICT PLAN 28267","CaptureMethod":"COGO","OwnerType":"CROWN PROVINCIAL","Compiled":1,"CreatedDate":"2016-09-20T23:24:06.000Z","ModifiedDate":"2025-10-27T22:37:46.000Z","StatedArea":null,"ErrorReportedBy":"LSA","Municipality":"0163","OBJECTID":49778,"created_user":"SDE","created_date":"2024-11-12T16:15:31.000Z","last_edited_user":"SDE","last_edited_date":"2026-03-25T16:06:10.000Z","Shape__Area":919.10554766,"Shape__Length":121.26926439147957,"CommonName":null,"SourceGlobalID":"{727A8271-8608-4340-8155-9433C05DB0D6}","Comments":null,"UpdateStatus":"AUTO","UpdateSource":"PMBC"}},{"type":"Feature","geometry":{"type":"Polygon","coordinates":[[[-118.683932,49.076957],[-118.683934,49.077048],[-118.683517,49.077052],[-118.683515,49.076961],[-118.683932,49.076957]]]},"properties":{"GlobalID":"{1C64F52B-C7B4-44CA-B7EA-153F3F7820CA}","Name":"012784346","PlanID":"{E6CCA1B6-13F5-4401-972C-9541DC39E4B8}","PlanNumber":"KAP24","PIN":4170711,"PID":12784346,"Designation1":"Lot 3","Designation2":"Block 2","Designation3":null,"ParcelStatus":"ACTIVE","RegionalDistrict":"0019","ParcelClass":"SUBDIVISION","SourceParcelID":null,"GeometrySource":"PMBC-OPERATIONS","IsRemainder":"NO","ParcelStartDate":null,"PositionalError":0.67586519,"LegalDescription":"LOT 3 BLOCK 2 SECTION 32 TOWNSHIP 70 SIMILKAMEEN DIVISION YALE DISTRICT PLAN 24","CaptureMethod":"COGO","OwnerType":"PRIVATE","Compiled":1,"CreatedDate":"2016-09-20T23:24:06.000Z","ModifiedDate":"2022-01-20T17:34:13.000Z","StatedArea":null,"ErrorReportedBy":"LSA","Municipality":"0163","OBJECTID":49779,"created_user":"SDE","created_date":"2024-11-12T16:15:31.000Z","last_edited_user":"SDE","last_edited_date":"2026-03-25T16:06:10.000Z","Shape__Area":307.19011938,"Shape__Length":81.15612757087534,"CommonName":null,"SourceGlobalID":"{E4D7A5F0-BE23-44C6-89CD-40CC9A86F5C3}","Comments":null,"UpdateStatus":"AUTO","UpdateSource":"PMBC"}},{"type":"Feature","geometry":{"type":"Polygon","coordinates":[[[-118.684454,49.080587],[-118.684069,49.08059],[-118.684316,49.080498],[-118.684453,49.080497],[-118.684454,49.080587]]]},"properties":{"GlobalID":"{1E8CBC6C-F438-4337-B947-25A787717E53}","Name":"001948334","PlanID":"{F21644BF-ED25-4569-85AC-B882D45FA2DF}","PlanNumber":"KAP8332B","PIN":null,"PID":1948334,"Designation1":"Lot 8","Designation2":"Block 6","Designation3":null,"ParcelStatus":"ACTIVE","RegionalDistrict":"0019","ParcelClass":"SUBDIVISION","SourceParcelID":null,"GeometrySource":"PMBC-OPERATIONS","IsRemainder":"NO","ParcelStartDate":null,"PositionalError":0.74391681,"LegalDescription":"THAT PART OF LOT 8 SHOWN OUTLINED RED ON PLAN B8332 BLOCK 6 SECTION 32 TOWNSHIP 70 SIMILKAMEEN DIVISION YALE DISTRICT PLAN 24","CaptureMethod":"COGO","OwnerType":"CROWN PROVINCIAL","Compiled":1,"CreatedDate":"2016-09-20T23:24:06.000Z","ModifiedDate":"2022-01-20T17:34:15.000Z","StatedArea":null,"ErrorReportedBy":"LSA","Municipality":"0163","OBJECTID":49780,"created_user":"SDE","created_date":"2024-11-12T16:15:31.000Z","last_edited_user":"SDE","last_edited_date":"2026-03-25T16:06:10.000Z","Shape__Area":191.449049415,"Shape__Length":68.89808303114607,"CommonName":null,"SourceGlobalID":"{50EDA91E-6EAD-4D19-9572-B5373D8C48C7}","Comments":null,"UpdateStatus":"AUTO","UpdateSource":"PMBC"}},{"type":"Feature","geometry":{"type":"Polygon","coordinates":[[[-118.683518,49.077142],[-118.683517,49.077052],[-118.683934,49.077048],[-118.683936,49.077138],[-118.683518,49.077142]]]},"properties":{"GlobalID":"{550CF563-0BA0-4327-8CC0-E83A3B1D7135}","Name":"012784354","PlanID":"{E6CCA1B6-13F5-4401-972C-9541DC39E4B8}","PlanNumber":"KAP24","PIN":13162751,"PID":12784354,"Designation1":"Lot 4","Designation2":"Block 2","Designation3":null,"ParcelStatus":"ACTIVE","RegionalDistrict":"0019","ParcelClass":"SUBDIVISION","SourceParcelID":null,"GeometrySource":"PMBC-OPERATIONS","IsRemainder":"NO","ParcelStartDate":null,"PositionalError":0.76423438,"LegalDescription":"LOT 4 BLOCK 2 SECTION 32 TOWNSHIP 70 SIMILKAMEEN DIVISION YALE DISTRICT PLAN 24","CaptureMethod":"COGO","OwnerType":"PRIVATE","Compiled":1,"CreatedDate":"2016-09-20T23:24:06.000Z","ModifiedDate":"2022-01-20T17:34:16.000Z","StatedArea":null,"ErrorReportedBy":"LSA","Municipality":"0163","OBJECTID":49781,"created_user":"SDE","created_date":"2024-11-12T16:15:31.000Z","last_edited_user":"SDE","last_edited_date":"2026-03-25T16:06:10.000Z","Shape__Area":306.249872125,"Shape__Length":81.09190328036877,"CommonName":null,"SourceGlobalID":"{3103A480-DC8B-4F75-B7D8-57912158A7AC}","Comments":null,"UpdateStatus":"AUTO","UpdateSource":"PMBC"}},{"type":"Feature","geometry":{"type":"Polygon","coordinates":[[[-118.682689,49.077242],[-118.682692,49.077332],[-118.682275,49.077337],[-118.682272,49.077247],[-118.682689,49.077242]]]},"properties":{"GlobalID":"{8A6D99A7-65A2-4809-BB93-3B91C4936F3A}","Name":"012718165","PlanID":"{EF69E8E0-575B-4D1C-B751-6A4B02AA77B6}","PlanNumber":"KAP115","PIN":10334111,"PID":12718165,"Designation1":"Lot 6","Designation2":"Block 4","Designation3":null,"ParcelStatus":"ACTIVE","RegionalDistrict":"0019","ParcelClass":"SUBDIVISION","SourceParcelID":null,"GeometrySource":"PMBC-OPERATIONS","IsRemainder":"NO","ParcelStartDate":null,"PositionalError":0.6707246,"LegalDescription":"LOT 6 BLOCK 4 DISTRICT LOT 914 SIMILKAMEEN DIVISION YALE DISTRICT PLAN 115","CaptureMethod":"COGO","OwnerType":"CROWN PROVINCIAL","Compiled":1,"CreatedDate":"2016-09-20T23:24:06.000Z","ModifiedDate":"2022-01-20T17:34:16.000Z","StatedArea":null,"ErrorReportedBy":"LSA","Municipality":"0163","OBJECTID":49782,"created_user":"SDE","created_date":"2024-11-12T16:15:31.000Z","last_edited_user":"SDE","last_edited_date":"2026-03-25T16:06:10.000Z","Shape__Area":306.409523695,"Shape__Length":81.05474796537433,"CommonName":null,"SourceGlobalID":"{34A8F6E0-1930-4A97-8600-1D9185CB81ED}","Comments":null,"UpdateStatus":"AUTO","UpdateSource":"PMBC"}},{"type":"Feature","geometry":{"type":"Polygon","coordinates":[[[-118.684017,49.078461],[-118.68442,49.078457],[-118.684427,49.078728],[-118.68402,49.078733],[-118.684017,49.078461]]]},"properties":{"GlobalID":"{17E48287-0C99-4C8E-905F-46BFABD8D535}","Name":"004597656","PlanID":"{6A2B0D34-15FC-4D87-8419-9006FD85F866}","PlanNumber":"KAP28267","PIN":null,"PID":4597656,"Designation1":"Lot T","Designation2":null,"Designation3":null,"ParcelStatus":"ACTIVE","RegionalDistrict":"0019","ParcelClass":"SUBDIVISION","SourceParcelID":null,"GeometrySource":"PMBC-OPERATIONS","IsRemainder":"NO","ParcelStartDate":null,"PositionalError":0.45677814,"LegalDescription":"LOT T SECTION 32 TOWNSHIP 70 SIMILKAMEEN DIVISION YALE DISTRICT PLAN 28267","CaptureMethod":"COGO","OwnerType":"CROWN PROVINCIAL","Compiled":1,"CreatedDate":"2016-09-20T23:24:06.000Z","ModifiedDate":"2022-01-20T17:34:11.000Z","StatedArea":null,"ErrorReportedBy":"LSA","Municipality":"0163","OBJECTID":49783,"created_user":"SDE","created_date":"2024-11-12T16:15:31.000Z","last_edited_user":"SDE","last_edited_date":"2026-03-25T16:06:10.000Z","Shape__Area":892.64775178,"Shape__Length":119.51692684126955,"CommonName":null,"SourceGlobalID":"{97BAAD1E-ADBC-48A3-961D-AED42AA6FA74}","Comments":null,"UpdateStatus":"AUTO","UpdateSource":"PMBC"}},{"type":"Feature","geometry":{"type":"Polygon","coordinates":[[[-118.685161,49.078195],[-118.684744,49.0782],[-118.684742,49.078109],[-118.685159,49.078105],[-118.685161,49.078195]]]},"properties":{"GlobalID":"{9636439D-9868-4554-B969-E1A221D65816}","Name":"012790001","PlanID":"{E6CCA1B6-13F5-4401-972C-9541DC39E4B8}","PlanNumber":"KAP24","PIN":24397801,"PID":12790001,"Designation1":"Lot 7","Designation2":"Block 12","Designation3":null,"ParcelStatus":"ACTIVE","RegionalDistrict":"0019","ParcelClass":"SUBDIVISION","SourceParcelID":null,"GeometrySource":"PMBC-OPERATIONS","IsRemainder":"NO","ParcelStartDate":null,"PositionalError":0.74269286,"LegalDescription":"LOT 7 BLOCK 12 SECTION 32 TOWNSHIP 70 SIMILKAMEEN DIVISION YALE DISTRICT PLAN 24","CaptureMethod":"COGO","OwnerType":"CROWN PROVINCIAL","Compiled":1,"CreatedDate":"2016-09-20T23:24:06.000Z","ModifiedDate":"2022-01-20T17:34:11.000Z","StatedArea":null,"ErrorReportedBy":"LSA","Municipality":"0163","OBJECTID":49784,"created_user":"SDE","created_date":"2024-11-12T16:15:31.000Z","last_edited_user":"SDE","last_edited_date":"2026-03-25T16:06:10.000Z","Shape__Area":306.432453855,"Shape__Length":81.05646245056691,"CommonName":null,"SourceGlobalID":"{222FAB65-689C-4B54-9863-FB36F5F74FFA}","Comments":null,"UpdateStatus":"AUTO","UpdateSource":"PMBC"}},{"type":"Feature","geometry":{"type":"Polygon","coordinates":[[[-118.685952,49.077029],[-118.68595,49.076939],[-118.686367,49.076935],[-118.686369,49.077025],[-118.685952,49.077029]]]},"properties":{"GlobalID":"{21BB314E-A234-4B10-B9C9-76FF2D7E9F17}","Name":"012790613","PlanID":"{E6CCA1B6-13F5-4401-972C-9541DC39E4B8}","PlanNumber":"KAP24","PIN":null,"PID":12790613,"Designation1":"Lot 3","Designation2":"Block 16","Designation3":null,"ParcelStatus":"ACTIVE","RegionalDistrict":"0019","ParcelClass":"SUBDIVISION","SourceParcelID":null,"GeometrySource":"PMBC-OPERATIONS","IsRemainder":"NO","ParcelStartDate":null,"PositionalError":0.45947083,"LegalDescription":"LOT 3 BLOCK 16 SECTION 32 TOWNSHIP 70 SIMILKAMEEN DIVISION YALE DISTRICT PLAN 24","CaptureMethod":"COGO","OwnerType":"PRIVATE","Compiled":1,"CreatedDate":"2016-09-20T23:24:06.000Z","ModifiedDate":"2022-01-20T17:34:03.000Z","StatedArea":null,"ErrorReportedBy":"LSA","Municipality":"0163","OBJECTID":49785,"created_user":"SDE","created_date":"2024-11-12T16:15:31.000Z","last_edited_user":"SDE","last_edited_date":"2026-03-25T16:06:10.000Z","Shape__Area":306.189640645,"Shape__Length":81.03488629886253,"CommonName":null,"SourceGlobalID":"{145AF018-CD8B-4C1E-A079-ECD684D7413F}","Comments":null,"UpdateStatus":"AUTO","UpdateSource":"PMBC"}},{"type":"Feature","geometry":{"type":"Polygon","coordinates":[[[-118.68684,49.076404],[-118.686423,49.076408],[-118.686421,49.076318],[-118.686838,49.076314],[-118.68684,49.076404]]]},"properties":{"GlobalID":"{5CCFC042-3438-418E-8A9A-9B89EA3D4B1F}","Name":"006433235","PlanID":"{E6CCA1B6-13F5-4401-972C-9541DC39E4B8}","PlanNumber":"KAP24","PIN":null,"PID":6433235,"Designation1":"Lot 10","Designation2":"Block 15","Designation3":null,"ParcelStatus":"ACTIVE","RegionalDistrict":"0019","ParcelClass":"SUBDIVISION","SourceParcelID":null,"GeometrySource":"PMBC-OPERATIONS","IsRemainder":"NO","ParcelStartDate":null,"PositionalError":0.67390687,"LegalDescription":"LOT 10 BLOCK 15 SECTION 32 TOWNSHIP 70 SIMILKAMEEN DIVISION YALE DISTRICT PLAN 24","CaptureMethod":"COGO","OwnerType":"PRIVATE","Compiled":1,"CreatedDate":"2016-09-20T23:24:06.000Z","ModifiedDate":"2022-01-20T17:34:13.000Z","StatedArea":null,"ErrorReportedBy":"LSA","Municipality":"0163","OBJECTID":49786,"created_user":"SDE","created_date":"2024-11-12T16:15:31.000Z","last_edited_user":"SDE","last_edited_date":"2026-03-25T16:06:10.000Z","Shape__Area":306.206528895,"Shape__Length":81.02768810695068,"CommonName":null,"SourceGlobalID":"{8EA110D1-0178-468C-B6B0-B5692898233E}","Comments":null,"UpdateStatus":"AUTO","UpdateSource":"PMBC"}},{"type":"Feature","geometry":{"type":"Polygon","coordinates":[[[-118.687595,49.076578],[-118.687178,49.076582],[-118.687176,49.076492],[-118.687593,49.076488],[-118.687595,49.076578]]]},"properties":{"GlobalID":"{E6EFCC27-5CC8-4D26-8300-F046D8F2D78E}","Name":"012793850","PlanID":"{E6CCA1B6-13F5-4401-972C-9541DC39E4B8}","PlanNumber":"KAP24","PIN":24401741,"PID":12793850,"Designation1":"Lot 7","Designation2":"Block 25","Designation3":null,"ParcelStatus":"ACTIVE","RegionalDistrict":"0019","ParcelClass":"SUBDIVISION","SourceParcelID":null,"GeometrySource":"PMBC-OPERATIONS","IsRemainder":"NO","ParcelStartDate":null,"PositionalError":0.43156477,"LegalDescription":"LOT 7 BLOCK 25 SECTION 32 TOWNSHIP 70 SIMILKAMEEN DIVISION YALE DISTRICT PLAN 24","CaptureMethod":"COGO","OwnerType":"PRIVATE","Compiled":1,"CreatedDate":"2016-09-20T23:24:06.000Z","ModifiedDate":"2022-01-20T17:34:21.000Z","StatedArea":null,"ErrorReportedBy":"LSA","Municipality":"0163","OBJECTID":49787,"created_user":"SDE","created_date":"2024-11-12T16:15:31.000Z","last_edited_user":"SDE","last_edited_date":"2026-03-25T16:06:10.000Z","Shape__Area":304.95524555,"Shape__Length":80.90983262410064,"CommonName":null,"SourceGlobalID":"{00DB738D-4D3F-4720-9226-7B880231940C}","Comments":null,"UpdateStatus":"AUTO","UpdateSource":"PMBC"}},{"type":"Feature","geometry":{"type":"Polygon","coordinates":[[[-118.682699,49.077587],[-118.682282,49.077592],[-118.682279,49.07751],[-118.682697,49.077505],[-118.682699,49.077587]]]},"properties":{"GlobalID":"{CEF32020-D5D7-46F5-AF87-897CEB7278BB}","Name":"012718203","PlanID":"{EF69E8E0-575B-4D1C-B751-6A4B02AA77B6}","PlanNumber":"KAP115","PIN":10332001,"PID":12718203,"Designation1":"Lot 9","Designation2":"Block 4","Designation3":null,"ParcelStatus":"ACTIVE","RegionalDistrict":"0019","ParcelClass":"SUBDIVISION","SourceParcelID":null,"GeometrySource":"PMBC-OPERATIONS","IsRemainder":"NO","ParcelStartDate":null,"PositionalError":0.79923935,"LegalDescription":"LOT 9 BLOCK 4 DISTRICT LOT 914 SIMILKAMEEN DIVISION YALE DISTRICT PLAN 115","CaptureMethod":"COGO","OwnerType":"CROWN PROVINCIAL","Compiled":1,"CreatedDate":"2016-09-20T23:24:06.000Z","ModifiedDate":"2022-01-20T17:34:11.000Z","StatedArea":null,"ErrorReportedBy":"LSA","Municipality":"0163","OBJECTID":49788,"created_user":"SDE","created_date":"2024-11-12T16:15:31.000Z","last_edited_user":"SDE","last_edited_date":"2026-03-25T16:06:10.000Z","Shape__Area":278.552510055,"Shape__Length":79.2262333930897,"CommonName":null,"SourceGlobalID":"{029BD5D0-1C5B-46AE-8050-C23B2A80533D}","Comments":null,"UpdateStatus":"AUTO","UpdateSource":"PMBC"}},{"type":"Feature","geometry":{"type":"Polygon","coordinates":[[[-118.688528,49.076733],[-118.688506,49.076823],[-118.688417,49.076826],[-118.688415,49.076735],[-118.688528,49.076733]]]},"properties":{"GlobalID":"{AD70A3AA-D84B-4E61-9460-545F7C125CAC}","Name":"012814270","PlanID":"{F21644BF-ED25-4569-85AC-B882D45FA2DF}","PlanNumber":"KAP8332B","PIN":null,"PID":12814270,"Designation1":"Lot 1","Designation2":"Block 27","Designation3":null,"ParcelStatus":"ACTIVE","RegionalDistrict":"0019","ParcelClass":"SUBDIVISION","SourceParcelID":null,"GeometrySource":"PMBC-OPERATIONS","IsRemainder":"NO","ParcelStartDate":null,"PositionalError":0.26608673,"LegalDescription":"THAT PART LOT 1 SHOWN OUTLINED RED ON PLAN B8332 BLOCK 27 SECTION 32 TOWNSHIP 70 SIMILKAMEEN DIVISION YALE DISTRICT PLAN 24","CaptureMethod":"COGO","OwnerType":"CROWN PROVINCIAL","Compiled":1,"CreatedDate":"2016-09-20T23:24:06.000Z","ModifiedDate":"2022-01-20T17:34:20.000Z","StatedArea":null,"ErrorReportedBy":"LSA","Municipality":"0163","OBJECTID":49789,"created_user":"SDE","created_date":"2024-11-12T16:15:31.000Z","last_edited_user":"SDE","last_edited_date":"2026-03-25T16:06:10.000Z","Shape__Area":74.08420544,"Shape__Length":35.03604830410888,"CommonName":null,"SourceGlobalID":"{57299EC2-6B35-4507-B1DB-8A2C88B13082}","Comments":null,"UpdateStatus":"AUTO","UpdateSource":"PMBC"}},{"type":"Feature","geometry":{"type":"Polygon","coordinates":[[[-118.68932,49.076999],[-118.689322,49.077089],[-118.688905,49.077093],[-118.688903,49.077002],[-118.68932,49.076999]]]},"properties":{"GlobalID":"{FE9E2673-81F9-4857-B79A-3F43F2C6B451}","Name":"012814491","PlanID":"{E6CCA1B6-13F5-4401-972C-9541DC39E4B8}","PlanNumber":"KAP24","PIN":12575081,"PID":12814491,"Designation1":"Lot 11","Designation2":"Block 27","Designation3":null,"ParcelStatus":"ACTIVE","RegionalDistrict":"0019","ParcelClass":"SUBDIVISION","SourceParcelID":null,"GeometrySource":"PMBC-OPERATIONS","IsRemainder":"NO","ParcelStartDate":null,"PositionalError":2.58522719,"LegalDescription":"LOT 11 BLOCK 27 SECTION 32 TOWNSHIP 70 SIMILKAMEEN DIVISION YALE DISTRICT PLAN 24","CaptureMethod":"COGO","OwnerType":"CROWN PROVINCIAL","Compiled":1,"CreatedDate":"2016-09-20T23:24:06.000Z","ModifiedDate":"2022-01-20T17:34:15.000Z","StatedArea":null,"ErrorReportedBy":"LSA","Municipality":"0163","OBJECTID":49790,"created_user":"SDE","created_date":"2024-11-12T16:15:31.000Z","last_edited_user":"SDE","last_edited_date":"2026-03-25T16:06:10.000Z","Shape__Area":306.156689475,"Shape__Length":81.00812849351891,"CommonName":null,"SourceGlobalID":"{34F8DC4F-34BB-4AE6-A5B1-7107FEFEA493}","Comments":null,"UpdateStatus":"AUTO","UpdateSource":"PMBC"}},{"type":"Feature","geometry":{"type":"Polygon","coordinates":[[[-118.689301,49.076021],[-118.689303,49.076111],[-118.688886,49.076115],[-118.688884,49.076024],[-118.689301,49.076021]]]},"properties":{"GlobalID":"{D70C9466-FC34-4805-B2D8-D5473A279818}","Name":"012794431","PlanID":"{E6CCA1B6-13F5-4401-972C-9541DC39E4B8}","PlanNumber":"KAP24","PIN":24402491,"PID":12794431,"Designation1":"Lot 13","Designation2":"Block 26","Designation3":null,"ParcelStatus":"ACTIVE","RegionalDistrict":"0019","ParcelClass":"SUBDIVISION","SourceParcelID":null,"GeometrySource":"PMBC-OPERATIONS","IsRemainder":"NO","ParcelStartDate":null,"PositionalError":2.5776387,"LegalDescription":"LOT 13 BLOCK 26 SECTION 32 TOWNSHIP 70 SIMILKAMEEN DIVISION YALE DISTRICT PLAN 24","CaptureMethod":"COGO","OwnerType":"CROWN PROVINCIAL","Compiled":1,"CreatedDate":"2016-09-20T23:24:06.000Z","ModifiedDate":"2022-01-20T17:34:02.000Z","StatedArea":null,"ErrorReportedBy":"LSA","Municipality":"0163","OBJECTID":49791,"created_user":"SDE","created_date":"2024-11-12T16:15:31.000Z","last_edited_user":"SDE","last_edited_date":"2026-03-25T16:06:10.000Z","Shape__Area":306.2539824,"Shape__Length":81.0201337296793,"CommonName":null,"SourceGlobalID":"{BC0F3F8B-36AB-4204-A7B0-575196E3F44C}","Comments":null,"UpdateStatus":"AUTO","UpdateSource":"PMBC"}},{"type":"Feature","geometry":{"type":"Polygon","coordinates":[[[-118.687868,49.077719],[-118.687921,49.077628],[-118.688099,49.077626],[-118.688101,49.077717],[-118.687868,49.077719]]]},"properties":{"GlobalID":"{27523C69-4ECC-478C-9A84-56EE604AF3E7}","Name":"012793311","PlanID":"{F21644BF-ED25-4569-85AC-B882D45FA2DF}","PlanNumber":"KAP8332B","PIN":null,"PID":12793311,"Designation1":"Lot 13","Designation2":"Block 23","Designation3":null,"ParcelStatus":"ACTIVE","RegionalDistrict":"0019","ParcelClass":"SUBDIVISION","SourceParcelID":null,"GeometrySource":"PMBC-OPERATIONS","IsRemainder":"NO","ParcelStartDate":null,"PositionalError":0.35641424,"LegalDescription":"THAT PART LOT 13 SHOWN OUTLINED RED ON PLAN B8332 BLOCK 23 SECTION 32 TOWNSHIP 70 SIMILKAMEEN DIVISION YALE DISTRICT PLAN 24","CaptureMethod":"COGO","OwnerType":"CROWN PROVINCIAL","Compiled":1,"CreatedDate":"2016-09-20T23:24:06.000Z","ModifiedDate":"2022-01-20T17:34:10.000Z","StatedArea":null,"ErrorReportedBy":"LSA","Municipality":"0163","OBJECTID":49792,"created_user":"SDE","created_date":"2024-11-12T16:15:31.000Z","last_edited_user":"SDE","last_edited_date":"2026-03-25T16:06:10.000Z","Shape__Area":151.03435504,"Shape__Length":50.90546060513561,"CommonName":null,"SourceGlobalID":"{B80C1578-1B7D-4AD5-9B45-3962C77C63D8}","Comments":null,"UpdateStatus":"AUTO","UpdateSource":"PMBC"}},{"type":"Feature","geometry":{"type":"Polygon","coordinates":[[[-118.683343,49.076644],[-118.682792,49.076646],[-118.68279,49.076372],[-118.683341,49.07637],[-118.683343,49.076644]]]},"properties":{"GlobalID":"{3B56EA5D-936C-441E-9E89-9C64AF0E94CF}","Name":"018412874","PlanID":"{EF69E8E0-575B-4D1C-B751-6A4B02AA77B6}","PlanNumber":"KAP115","PIN":null,"PID":18412874,"Designation1":"Parcel A","Designation2":"Block 3","Designation3":null,"ParcelStatus":"ACTIVE","RegionalDistrict":"0019","ParcelClass":"SUBDIVISION","SourceParcelID":null,"GeometrySource":"PMBC-OPERATIONS","IsRemainder":"NO","ParcelStartDate":null,"PositionalError":1.22737706,"LegalDescription":"PARCEL A (KG98866) BLOCK 3 DISTRICT LOT 914 SIMILKAMEEN DIVISION YALE DISTRICT PLAN 115","CaptureMethod":"COGO","OwnerType":"PRIVATE","Compiled":1,"CreatedDate":"2016-09-20T23:24:06.000Z","ModifiedDate":"2022-01-20T17:34:17.000Z","StatedArea":null,"ErrorReportedBy":"LSA","Municipality":"0163","OBJECTID":49793,"created_user":"SDE","created_date":"2024-11-12T16:15:31.000Z","last_edited_user":"SDE","last_edited_date":"2026-03-25T16:06:10.000Z","Shape__Area":1225.62549442,"Shape__Length":141.3873710889001,"CommonName":null,"SourceGlobalID":"{6EC17BEE-2A05-42B0-8376-6056E76B2708}","Comments":null,"UpdateStatus":"AUTO","UpdateSource":"PMBC"}},{"type":"Feature","geometry":{"type":"Polygon","coordinates":[[[-118.684009,49.080823],[-118.684008,49.080755],[-118.684158,49.080754],[-118.684158,49.080766],[-118.684009,49.080823]]]},"properties":{"GlobalID":"{FED5F6D9-161E-4B5B-9201-D2A76BD6F7EE}","Name":"001969951","PlanID":"{F21644BF-ED25-4569-85AC-B882D45FA2DF}","PlanNumber":"KAP8332B","PIN":null,"PID":1969951,"Designation1":"Lot 4","Designation2":"Block 7","Designation3":null,"ParcelStatus":"ACTIVE","RegionalDistrict":"0019","ParcelClass":"SUBDIVISION","SourceParcelID":null,"GeometrySource":"PMBC-OPERATIONS","IsRemainder":"NO","ParcelStartDate":null,"PositionalError":0.79116128,"LegalDescription":"THAT PART OF LOT 4 SHOWN OUTLINED RED ON PLAN B8332 BLOCK 7 SECTION 32 TOWNSHIP 70 SIMILKAMEEN DIVISION YALE DISTRICT PLAN 24","CaptureMethod":"COGO","OwnerType":"CROWN PROVINCIAL","Compiled":1,"CreatedDate":"2016-09-20T23:24:06.000Z","ModifiedDate":"2022-01-20T17:34:07.000Z","StatedArea":null,"ErrorReportedBy":"LSA","Municipality":"0163","OBJECTID":49794,"created_user":"SDE","created_date":"2024-11-12T16:15:31.000Z","last_edited_user":"SDE","last_edited_date":"2026-03-25T16:06:10.000Z","Shape__Area":48.7560642,"Shape__Length":32.40892188509817,"CommonName":null,"SourceGlobalID":"{21A18743-704E-457C-B6E0-9197C80B7C44}","Comments":null,"UpdateStatus":"AUTO","UpdateSource":"PMBC"}},{"type":"Feature","geometry":{"type":"Polygon","coordinates":[[[-118.686416,49.079382],[-118.686416,49.079416],[-118.686367,49.079415],[-118.686416,49.079382]]]},"properties":{"GlobalID":"{2BD3CEA5-7485-41BE-8D96-F37C6E1E4191}","Name":"012788406","PlanID":"{F21644BF-ED25-4569-85AC-B882D45FA2DF}","PlanNumber":"KAP8332B","PIN":null,"PID":12788406,"Designation1":"Lot 3","Designation2":"Block 19","Designation3":null,"ParcelStatus":"ACTIVE","RegionalDistrict":"0019","ParcelClass":"SUBDIVISION","SourceParcelID":null,"GeometrySource":"PMBC-OPERATIONS","IsRemainder":"NO","ParcelStartDate":null,"PositionalError":4.0879582,"LegalDescription":"THAT PART LOT 3 SHOWN OUTLINED RED ON PLAN B8332 BLOCK 19 SECTION 32 TOWNSHIP 70 SIMILKAMEEN DIVISION YALE DISTRICT PLAN 24","CaptureMethod":"COGO","OwnerType":"CROWN PROVINCIAL","Compiled":1,"CreatedDate":"2016-09-20T23:24:06.000Z","ModifiedDate":"2025-10-27T22:37:46.000Z","StatedArea":null,"ErrorReportedBy":"LSA","Municipality":"0163","OBJECTID":49795,"created_user":"SDE","created_date":"2024-11-12T16:15:31.000Z","last_edited_user":"SDE","last_edited_date":"2026-03-25T16:06:10.000Z","Shape__Area":6.64599041,"Shape__Length":12.381788452479011,"CommonName":null,"SourceGlobalID":"{ED599FE9-F29E-45B3-9A0F-D270D9A65077}","Comments":null,"UpdateStatus":"AUTO","UpdateSource":"PMBC"}},{"type":"Feature","geometry":{"type":"Polygon","coordinates":[[[-118.689306,49.076293],[-118.689308,49.076383],[-118.688892,49.076387],[-118.68889,49.076297],[-118.689306,49.076293]]]},"properties":{"GlobalID":"{159B5BAE-5F79-48B9-8606-193666D986A0}","Name":"012794350","PlanID":"{E6CCA1B6-13F5-4401-972C-9541DC39E4B8}","PlanNumber":"KAP24","PIN":24402101,"PID":12794350,"Designation1":"Lot 10","Designation2":"Block 26","Designation3":null,"ParcelStatus":"ACTIVE","RegionalDistrict":"0019","ParcelClass":"SUBDIVISION","SourceParcelID":null,"GeometrySource":"PMBC-OPERATIONS","IsRemainder":"NO","ParcelStartDate":null,"PositionalError":2.63100292,"LegalDescription":"LOT 10 BLOCK 26 SECTION 32 TOWNSHIP 70 SIMILKAMEEN DIVISION YALE DISTRICT PLAN 24","CaptureMethod":"COGO","OwnerType":"CROWN PROVINCIAL","Compiled":1,"CreatedDate":"2016-09-20T23:24:06.000Z","ModifiedDate":"2022-01-20T17:34:04.000Z","StatedArea":null,"ErrorReportedBy":"LSA","Municipality":"0163","OBJECTID":49796,"created_user":"SDE","created_date":"2024-11-12T16:15:31.000Z","last_edited_user":"SDE","last_edited_date":"2026-03-25T16:06:10.000Z","Shape__Area":306.47623853,"Shape__Length":81.0053842217212,"CommonName":null,"SourceGlobalID":"{23500101-A9DB-4974-9BDB-80EC81BB0181}","Comments":null,"UpdateStatus":"AUTO","UpdateSource":"PMBC"}},{"type":"Feature","geometry":{"type":"Polygon","coordinates":[[[-118.686837,49.076223],[-118.686838,49.076314],[-118.686421,49.076318],[-118.686419,49.076227],[-118.686837,49.076223]]]},"properties":{"GlobalID":"{16BB921D-8351-4578-80C9-5C0E9C9F924B}","Name":"006433260","PlanID":"{E6CCA1B6-13F5-4401-972C-9541DC39E4B8}","PlanNumber":"KAP24","PIN":null,"PID":6433260,"Designation1":"Lot 11","Designation2":"Block 15","Designation3":null,"ParcelStatus":"ACTIVE","RegionalDistrict":"0019","ParcelClass":"SUBDIVISION","SourceParcelID":null,"GeometrySource":"PMBC-OPERATIONS","IsRemainder":"NO","ParcelStartDate":null,"PositionalError":0.76227606,"LegalDescription":"LOT 11 BLOCK 15 SECTION 32 TOWNSHIP 70 SIMILKAMEEN DIVISION YALE DISTRICT PLAN 24","CaptureMethod":"COGO","OwnerType":"PRIVATE","Compiled":1,"CreatedDate":"2016-09-20T23:24:06.000Z","ModifiedDate":"2022-01-20T17:34:05.000Z","StatedArea":null,"ErrorReportedBy":"LSA","Municipality":"0163","OBJECTID":49797,"created_user":"SDE","created_date":"2024-11-12T16:15:31.000Z","last_edited_user":"SDE","last_edited_date":"2026-03-25T16:06:10.000Z","Shape__Area":307.765811775,"Shape__Length":81.13941817459423,"CommonName":null,"SourceGlobalID":"{34C90A34-2E48-45B2-BD68-F8463671C8B2}","Comments":null,"UpdateStatus":"AUTO","UpdateSource":"PMBC"}},{"type":"Feature","geometry":{"type":"Polygon","coordinates":[[[-118.686702,49.079142],[-118.686895,49.07914],[-118.686897,49.07923],[-118.686596,49.079228],[-118.686596,49.079228],[-118.686702,49.079142]]]},"properties":{"GlobalID":"{8918BD71-B629-4BB4-8C0F-BB6A76B44129}","Name":"012791288","PlanID":"{F21644BF-ED25-4569-85AC-B882D45FA2DF}","PlanNumber":"KAP8332B","PIN":null,"PID":12791288,"Designation1":"Lot 14","Designation2":"Block 19","Designation3":null,"ParcelStatus":"ACTIVE","RegionalDistrict":"0019","ParcelClass":"SUBDIVISION","SourceParcelID":null,"GeometrySource":"PMBC-OPERATIONS","IsRemainder":"NO","ParcelStartDate":null,"PositionalError":0.3682735,"LegalDescription":"THAT PART LOT 14 SHOWN OUTLINED RED ON PLAN B8332 BLOCK 19 SECTION 32 TOWNSHIP 70 SIMILKAMEEN DIVISION YALE DISTRICT PLAN 24","CaptureMethod":"COGO","OwnerType":"CROWN PROVINCIAL","Compiled":1,"CreatedDate":"2016-09-20T23:24:06.000Z","ModifiedDate":"2025-10-27T22:37:46.000Z","StatedArea":null,"ErrorReportedBy":"LSA","Municipality":"0163","OBJECTID":49798,"created_user":"SDE","created_date":"2024-11-12T16:15:31.000Z","last_edited_user":"SDE","last_edited_date":"2026-03-25T16:06:10.000Z","Shape__Area":177.178233465,"Shape__Length":58.44156193099304,"CommonName":null,"SourceGlobalID":"{A0714849-72A7-486E-BA07-1E0126AA4040}","Comments":null,"UpdateStatus":"AUTO","UpdateSource":"PMBC"}},{"type":"Feature","geometry":{"type":"Polygon","coordinates":[[[-118.687318,49.078521],[-118.687633,49.078518],[-118.687634,49.078523],[-118.687559,49.078609],[-118.68724,49.078611],[-118.687318,49.078521]]]},"properties":{"GlobalID":"{D9962D4B-391A-4F0E-AF09-55381C8D536F}","Name":"012791377","PlanID":"{F21644BF-ED25-4569-85AC-B882D45FA2DF}","PlanNumber":"KAP8332B","PIN":null,"PID":12791377,"Designation1":"Lot 3","Designation2":"Block 22","Designation3":null,"ParcelStatus":"ACTIVE","RegionalDistrict":"0019","ParcelClass":"SUBDIVISION","SourceParcelID":null,"GeometrySource":"PMBC-OPERATIONS","IsRemainder":"NO","ParcelStartDate":null,"PositionalError":0.433119,"LegalDescription":"THAT PART LOT 3 SHOWN OUTLINED RED ON PLAN B8332 BLOCK 22 SECTION 32 TOWNSHIP 70 SIMILKAMEEN DIVISION YALE DISTRICT PLAN 24","CaptureMethod":"COGO","OwnerType":"CROWN PROVINCIAL","Compiled":1,"CreatedDate":"2016-09-20T23:24:06.000Z","ModifiedDate":"2025-10-27T22:37:46.000Z","StatedArea":null,"ErrorReportedBy":"LSA","Municipality":"0163","OBJECTID":49799,"created_user":"SDE","created_date":"2024-11-12T16:15:31.000Z","last_edited_user":"SDE","last_edited_date":"2026-03-25T16:06:10.000Z","Shape__Area":235.043162825,"Shape__Length":69.58396456743822,"CommonName":null,"SourceGlobalID":"{09DFF07D-FAB4-4249-86C9-CA357B772D2E}","Comments":null,"UpdateStatus":"AUTO","UpdateSource":"PMBC"}},{"type":"Feature","geometry":{"type":"Polygon","coordinates":[[[-118.686416,49.079416],[-118.686418,49.079506],[-118.686237,49.079504],[-118.686367,49.079415],[-118.686416,49.079416]]]},"properties":{"GlobalID":"{B6388D20-5F18-410E-B120-1E2B5F69090F}","Name":"012788422","PlanID":"{F21644BF-ED25-4569-85AC-B882D45FA2DF}","PlanNumber":"KAP8332B","PIN":null,"PID":12788422,"Designation1":"Lot 4","Designation2":"Block 19","Designation3":null,"ParcelStatus":"ACTIVE","RegionalDistrict":"0019","ParcelClass":"SUBDIVISION","SourceParcelID":null,"GeometrySource":"PMBC-OPERATIONS","IsRemainder":"NO","ParcelStartDate":null,"PositionalError":0.4430699,"LegalDescription":"THAT PART LOT 4 SHOWN OUTLINED RED ON PLAN B8332 BLOCK 19 SECTION 32 TOWNSHIP 70 SIMILKAMEEN DIVISION YALE DISTRICT PLAN 24","CaptureMethod":"COGO","OwnerType":"CROWN PROVINCIAL","Compiled":1,"CreatedDate":"2016-09-20T23:24:06.000Z","ModifiedDate":"2022-01-20T17:34:17.000Z","StatedArea":null,"ErrorReportedBy":"LSA","Municipality":"0163","OBJECTID":49800,"created_user":"SDE","created_date":"2024-11-12T16:15:31.000Z","last_edited_user":"SDE","last_edited_date":"2026-03-25T16:06:10.000Z","Shape__Area":84.486365805,"Shape__Length":40.62450949048935,"CommonName":null,"SourceGlobalID":"{725CF501-65C9-4D6C-B229-CC4140C3A39E}","Comments":null,"UpdateStatus":"AUTO","UpdateSource":"PMBC"}},{"type":"Feature","geometry":{"type":"Polygon","coordinates":[[[-118.682212,49.076886],[-118.681795,49.076891],[-118.681958,49.076798],[-118.68221,49.076795],[-118.682212,49.076886]]]},"properties":{"GlobalID":"{25D506DD-2D1D-44C4-A61D-8EA4D7BE9E81}","Name":"012718424","PlanID":"{EF69E8E0-575B-4D1C-B751-6A4B02AA77B6}","PlanNumber":"KAP115","PIN":3721371,"PID":12718424,"Designation1":"Lot 22","Designation2":"Block 4","Designation3":null,"ParcelStatus":"ACTIVE","RegionalDistrict":"0019","ParcelClass":"SUBDIVISION","SourceParcelID":null,"GeometrySource":"PMBC-OPERATIONS","IsRemainder":"NO","ParcelStartDate":null,"PositionalError":0.79165086,"LegalDescription":"LOT 22 BLOCK 4 DISTRICT LOT 914 SIMILKAMEEN DIVISION YALE DISTRICT PLAN 115","CaptureMethod":"COGO","OwnerType":"CROWN PROVINCIAL","Compiled":1,"CreatedDate":"2016-09-20T23:24:06.000Z","ModifiedDate":"2022-01-20T17:34:20.000Z","StatedArea":null,"ErrorReportedBy":"LSA","Municipality":"0163","OBJECTID":49801,"created_user":"SDE","created_date":"2024-11-12T16:15:31.000Z","last_edited_user":"SDE","last_edited_date":"2026-03-25T16:06:10.000Z","Shape__Area":245.75235867,"Shape__Length":74.640404034364,"CommonName":null,"SourceGlobalID":"{8C0FE641-323A-4AF3-9897-D73B4F90840F}","Comments":null,"UpdateStatus":"AUTO","UpdateSource":"PMBC"}},{"type":"Feature","geometry":{"type":"Polygon","coordinates":[[[-118.683994,49.076611],[-118.683993,49.076521],[-118.684374,49.076517],[-118.684375,49.076608],[-118.683994,49.076611]]]},"properties":{"GlobalID":"{6AAAF450-C8C5-4EB3-8C9B-300939038CCE}","Name":"012782076","PlanID":"{E6CCA1B6-13F5-4401-972C-9541DC39E4B8}","PlanNumber":"KAP24","PIN":4170421,"PID":12782076,"Designation1":"Lot 8","Designation2":"Block 1","Designation3":null,"ParcelStatus":"ACTIVE","RegionalDistrict":"0019","ParcelClass":"SUBDIVISION","SourceParcelID":null,"GeometrySource":"PMBC-OPERATIONS","IsRemainder":"NO","ParcelStartDate":null,"PositionalError":0.05360901,"LegalDescription":"LOT 8 BLOCK 1 SECTION 32 TOWNSHIP 70 SIMILKAMEEN DIVISION YALE DISTRICT PLAN 24","CaptureMethod":"COGO","OwnerType":"PRIVATE","Compiled":1,"CreatedDate":"2016-09-20T23:24:06.000Z","ModifiedDate":"2022-01-20T17:34:18.000Z","StatedArea":null,"ErrorReportedBy":"LSA","Municipality":"0163","OBJECTID":49802,"created_user":"SDE","created_date":"2024-11-12T16:15:31.000Z","last_edited_user":"SDE","last_edited_date":"2026-03-25T16:06:10.000Z","Shape__Area":280.05941053,"Shape__Length":75.80577602238698,"CommonName":null,"SourceGlobalID":"{0D2C89B1-F7D9-4644-B6E1-4B12498FDD6A}","Comments":null,"UpdateStatus":"AUTO","UpdateSource":"PMBC"}},{"type":"Feature","geometry":{"type":"Polygon","coordinates":[[[-118.688902,49.076912],[-118.6889,49.076821],[-118.689317,49.076817],[-118.689319,49.076908],[-118.688902,49.076912]]]},"properties":{"GlobalID":"{D00EBFD1-0AE4-4AF9-A94E-5BB99F733556}","Name":"012814393","PlanID":"{E6CCA1B6-13F5-4401-972C-9541DC39E4B8}","PlanNumber":"KAP24","PIN":null,"PID":12814393,"Designation1":"Lot 13","Designation2":"Block 27","Designation3":null,"ParcelStatus":"ACTIVE","RegionalDistrict":"0019","ParcelClass":"SUBDIVISION","SourceParcelID":null,"GeometrySource":"PMBC-OPERATIONS","IsRemainder":"NO","ParcelStartDate":null,"PositionalError":2.54997743,"LegalDescription":"LOT 13 BLOCK 27 SECTION 32 TOWNSHIP 70 SIMILKAMEEN DIVISION YALE DISTRICT PLAN 24","CaptureMethod":"COGO","OwnerType":"PRIVATE","Compiled":1,"CreatedDate":"2016-09-20T23:24:06.000Z","ModifiedDate":"2022-01-20T17:34:15.000Z","StatedArea":null,"ErrorReportedBy":"LSA","Municipality":"0163","OBJECTID":49803,"created_user":"SDE","created_date":"2024-11-12T16:15:31.000Z","last_edited_user":"SDE","last_edited_date":"2026-03-25T16:06:10.000Z","Shape__Area":307.0924012,"Shape__Length":81.08125864506258,"CommonName":null,"SourceGlobalID":"{F3A7B337-BB11-4E40-84D3-FF8A939BC209}","Comments":null,"UpdateStatus":"AUTO","UpdateSource":"PMBC"}},{"type":"Feature","geometry":{"type":"Polygon","coordinates":[[[-118.685977,49.078352],[-118.686377,49.078348],[-118.686377,49.078348],[-118.686389,49.078348],[-118.686395,49.078348],[-118.686395,49.078356],[-118.686396,49.078426],[-118.686402,49.078709],[-118.685984,49.078713],[-118.685982,49.078599],[-118.68598,49.078489],[-118.68598,49.078482],[-118.68598,49.078482],[-118.685977,49.078352]]]},"properties":{"GlobalID":"{E2F9AC08-D485-4C44-8EFA-6E5EBCAF6E38}","Name":"001973011","PlanID":"{6A2B0D34-15FC-4D87-8419-9006FD85F866}","PlanNumber":"KAP28267","PIN":null,"PID":1973011,"Designation1":"Lot O","Designation2":null,"Designation3":null,"ParcelStatus":"ACTIVE","RegionalDistrict":"0019","ParcelClass":"SUBDIVISION","SourceParcelID":null,"GeometrySource":"PMBC-OPERATIONS","IsRemainder":"NO","ParcelStartDate":null,"PositionalError":0.3460058,"LegalDescription":"LOT O SECTION 32 TOWNSHIP 70 SIMILKAMEEN DIVISION YALE DISTRICT PLAN 28267","CaptureMethod":"COGO","OwnerType":"CROWN PROVINCIAL","Compiled":1,"CreatedDate":"2016-09-20T23:24:06.000Z","ModifiedDate":"2025-10-27T22:37:46.000Z","StatedArea":null,"ErrorReportedBy":"LSA","Municipality":"0163","OBJECTID":49804,"created_user":"SDE","created_date":"2024-11-12T16:15:31.000Z","last_edited_user":"SDE","last_edited_date":"2026-03-25T16:06:10.000Z","Shape__Area":1224.826374865,"Shape__Length":141.32934839906275,"CommonName":null,"SourceGlobalID":"{443F70AB-FE84-4B60-B264-811EF2289AD4}","Comments":null,"UpdateStatus":"AUTO","UpdateSource":"PMBC"}},{"type":"Feature","geometry":{"type":"Polygon","coordinates":[[[-118.687188,49.077108],[-118.687605,49.077104],[-118.687611,49.077375],[-118.687193,49.077379],[-118.687188,49.077108]]]},"properties":{"GlobalID":"{21F22229-A0EF-465E-8F5F-86BBED8875D1}","Name":"004597575","PlanID":"{6A2B0D34-15FC-4D87-8419-9006FD85F866}","PlanNumber":"KAP28267","PIN":null,"PID":4597575,"Designation1":"Lot J","Designation2":null,"Designation3":null,"ParcelStatus":"ACTIVE","RegionalDistrict":"0019","ParcelClass":"SUBDIVISION","SourceParcelID":null,"GeometrySource":"PMBC-OPERATIONS","IsRemainder":"NO","ParcelStartDate":null,"PositionalError":0.27514396,"LegalDescription":"LOT J SECTION 32 TOWNSHIP 70 SIMILKAMEEN DIVISION YALE DISTRICT PLAN 28267","CaptureMethod":"COGO","OwnerType":"PRIVATE","Compiled":1,"CreatedDate":"2016-09-20T23:24:06.000Z","ModifiedDate":"2022-01-20T17:34:15.000Z","StatedArea":null,"ErrorReportedBy":"LSA","Municipality":"0163","OBJECTID":49805,"created_user":"SDE","created_date":"2024-11-12T16:15:31.000Z","last_edited_user":"SDE","last_edited_date":"2026-03-25T16:06:10.000Z","Shape__Area":919.08992364,"Shape__Length":121.2675605207401,"CommonName":null,"SourceGlobalID":"{69937A30-5553-4A57-8599-E3BDD4826364}","Comments":null,"UpdateStatus":"AUTO","UpdateSource":"PMBC"}},{"type":"Feature","geometry":{"type":"Polygon","coordinates":[[[-118.686351,49.076137],[-118.686352,49.076228],[-118.685936,49.076232],[-118.685934,49.076141],[-118.686351,49.076137]]]},"properties":{"GlobalID":"{79CCD3AF-2A88-4F5C-9AB6-5DB49E77BBF7}","Name":"006433006","PlanID":"{E6CCA1B6-13F5-4401-972C-9541DC39E4B8}","PlanNumber":"KAP24","PIN":null,"PID":6433006,"Designation1":"Lot 3","Designation2":"Block 15","Designation3":null,"ParcelStatus":"ACTIVE","RegionalDistrict":"0019","ParcelClass":"SUBDIVISION","SourceParcelID":null,"GeometrySource":"PMBC-OPERATIONS","IsRemainder":"NO","ParcelStartDate":null,"PositionalError":0.84109844,"LegalDescription":"LOT 3 BLOCK 15 SECTION 32 TOWNSHIP 70 SIMILKAMEEN DIVISION YALE DISTRICT PLAN 24","CaptureMethod":"COGO","OwnerType":"PRIVATE","Compiled":1,"CreatedDate":"2016-09-20T23:24:06.000Z","ModifiedDate":"2022-01-20T17:34:04.000Z","StatedArea":null,"ErrorReportedBy":"LSA","Municipality":"0163","OBJECTID":49806,"created_user":"SDE","created_date":"2024-11-12T16:15:31.000Z","last_edited_user":"SDE","last_edited_date":"2026-03-25T16:06:10.000Z","Shape__Area":306.59477979,"Shape__Length":81.00674130645571,"CommonName":null,"SourceGlobalID":"{0A02F1DA-A28C-4EA4-B2EC-9A1F30A4A92D}","Comments":null,"UpdateStatus":"AUTO","UpdateSource":"PMBC"}},{"type":"Feature","geometry":{"type":"Polygon","coordinates":[[[-118.688747,49.075845],[-118.688724,49.075934],[-118.688439,49.075937],[-118.68846,49.075846],[-118.688747,49.075845]]]},"properties":{"GlobalID":"{2C326766-2CF0-487F-8279-3EFE5B0EB82C}","Name":"012793604","PlanID":"{F21644BF-ED25-4569-85AC-B882D45FA2DF}","PlanNumber":"KAP8332B","PIN":null,"PID":12793604,"Designation1":"Lot A","Designation2":"Block 26","Designation3":null,"ParcelStatus":"ACTIVE","RegionalDistrict":"0019","ParcelClass":"SUBDIVISION","SourceParcelID":null,"GeometrySource":"PMBC-OPERATIONS","IsRemainder":"NO","ParcelStartDate":null,"PositionalError":0.4455178,"LegalDescription":"THAT PART LOT A SHOWN OUTLINED IN RED ON PLAN B8332 BLOCK 26 SECTION 32 TOWNSHIP 70 SIMILKAMEEN DIVISION YALE DISTRICT PLAN 24","CaptureMethod":"COGO","OwnerType":"CROWN PROVINCIAL","Compiled":1,"CreatedDate":"2016-09-20T23:24:06.000Z","ModifiedDate":"2022-01-20T17:34:20.000Z","StatedArea":null,"ErrorReportedBy":"LSA","Municipality":"0163","OBJECTID":49807,"created_user":"SDE","created_date":"2024-11-12T16:15:31.000Z","last_edited_user":"SDE","last_edited_date":"2026-03-25T16:06:10.000Z","Shape__Area":208.88133581,"Shape__Length":62.05314591476901,"CommonName":null,"SourceGlobalID":"{788A3B33-9B62-47C0-A7C6-DC0FBABCB776}","Comments":null,"UpdateStatus":"AUTO","UpdateSource":"PMBC"}},{"type":"Feature","geometry":{"type":"Polygon","coordinates":[[[-118.687697,49.078337],[-118.687795,49.078336],[-118.68777,49.078364],[-118.687717,49.078427],[-118.687698,49.078426],[-118.687697,49.078337]]]},"properties":{"GlobalID":"{2354E272-C01D-4F26-9C8E-D0B84CD96A8F}","Name":"012793248","PlanID":"{E6CCA1B6-13F5-4401-972C-9541DC39E4B8}","PlanNumber":"KAP24","PIN":null,"PID":12793248,"Designation1":"Lot 14","Designation2":"Block 22","Designation3":null,"ParcelStatus":"ACTIVE","RegionalDistrict":"0019","ParcelClass":"SUBDIVISION","SourceParcelID":null,"GeometrySource":"PMBC-OPERATIONS","IsRemainder":"NO","ParcelStartDate":null,"PositionalError":0.4495139,"LegalDescription":"THAT PART LOT 14 SHOWN OUTLINED RED ON PLAN B8332 BLOCK 22 SECTION 32 TOWNSHIP 70 SIMILKAMEEN DIVISION YALE DISTRICT PLAN 24","CaptureMethod":"COGO","OwnerType":"CROWN PROVINCIAL","Compiled":1,"CreatedDate":"2016-09-20T23:24:06.000Z","ModifiedDate":"2025-10-27T22:37:46.000Z","StatedArea":null,"ErrorReportedBy":"LSA","Municipality":"0163","OBJECTID":49808,"created_user":"SDE","created_date":"2024-11-12T16:15:31.000Z","last_edited_user":"SDE","last_edited_date":"2026-03-25T16:06:10.000Z","Shape__Area":42.49910433,"Shape__Length":30.04441626689745,"CommonName":null,"SourceGlobalID":"{59A6BC3B-9843-4E4C-8569-15385CD9BA64}","Comments":null,"UpdateStatus":"AUTO","UpdateSource":"PMBC"}},{"type":"Feature","geometry":{"type":"Polygon","coordinates":[[[-118.683527,49.078119],[-118.683526,49.078029],[-118.683943,49.078026],[-118.683944,49.078117],[-118.683527,49.078119]]]},"properties":{"GlobalID":"{49B32904-D5F4-46A8-AA6D-1B40618B96D2}","Name":"012785385","PlanID":"{E6CCA1B6-13F5-4401-972C-9541DC39E4B8}","PlanNumber":"KAP24","PIN":24394881,"PID":12785385,"Designation1":"Lot 6","Designation2":"Block 3","Designation3":null,"ParcelStatus":"ACTIVE","RegionalDistrict":"0019","ParcelClass":"SUBDIVISION","SourceParcelID":null,"GeometrySource":"PMBC-OPERATIONS","IsRemainder":"NO","ParcelStartDate":null,"PositionalError":0.86239517,"LegalDescription":"LOT 6 BLOCK 3 SECTION 32 TOWNSHIP 70 SIMILKAMEEN DIVISION YALE DISTRICT PLAN 24","CaptureMethod":"COGO","OwnerType":"CROWN PROVINCIAL","Compiled":1,"CreatedDate":"2016-09-20T23:24:06.000Z","ModifiedDate":"2022-01-20T17:34:11.000Z","StatedArea":null,"ErrorReportedBy":"LSA","Municipality":"0163","OBJECTID":49809,"created_user":"SDE","created_date":"2024-11-12T16:15:31.000Z","last_edited_user":"SDE","last_edited_date":"2026-03-25T16:06:10.000Z","Shape__Area":306.41341834,"Shape__Length":81.05520931311007,"CommonName":null,"SourceGlobalID":"{23841EE1-A39B-40F4-9873-02865D410868}","Comments":null,"UpdateStatus":"AUTO","UpdateSource":"PMBC"}},{"type":"Feature","geometry":{"type":"Polygon","coordinates":[[[-118.688888,49.076205],[-118.688886,49.076115],[-118.689303,49.076111],[-118.689305,49.076202],[-118.688888,49.076205]]]},"properties":{"GlobalID":"{7A7FB226-F41F-40FE-AE55-D1BB41569562}","Name":"012794392","PlanID":"{E6CCA1B6-13F5-4401-972C-9541DC39E4B8}","PlanNumber":"KAP24","PIN":24402361,"PID":12794392,"Designation1":"Lot 12","Designation2":"Block 26","Designation3":null,"ParcelStatus":"ACTIVE","RegionalDistrict":"0019","ParcelClass":"SUBDIVISION","SourceParcelID":null,"GeometrySource":"PMBC-OPERATIONS","IsRemainder":"NO","ParcelStartDate":null,"PositionalError":2.59526358,"LegalDescription":"LOT 12 BLOCK 26 SECTION 32 TOWNSHIP 70 SIMILKAMEEN DIVISION YALE DISTRICT PLAN 24","CaptureMethod":"COGO","OwnerType":"CROWN PROVINCIAL","Compiled":1,"CreatedDate":"2016-09-20T23:24:06.000Z","ModifiedDate":"2022-01-20T17:34:15.000Z","StatedArea":null,"ErrorReportedBy":"LSA","Municipality":"0163","OBJECTID":49810,"created_user":"SDE","created_date":"2024-11-12T16:15:31.000Z","last_edited_user":"SDE","last_edited_date":"2026-03-25T16:06:10.000Z","Shape__Area":306.869774925,"Shape__Length":81.04027196323686,"CommonName":null,"SourceGlobalID":"{3F6FB9CE-0E10-49D6-A492-A4B23C436DE3}","Comments":null,"UpdateStatus":"AUTO","UpdateSource":"PMBC"}},{"type":"Feature","geometry":{"type":"Polygon","coordinates":[[[-118.685655,49.078982],[-118.685401,49.078984],[-118.685395,49.078984],[-118.685465,49.078887],[-118.685532,49.078787],[-118.685588,49.078698],[-118.68564,49.078607],[-118.685646,49.078595],[-118.685647,49.078603],[-118.685647,49.078605],[-118.68565,49.078738],[-118.685655,49.078982]]]},"properties":{"GlobalID":"{F2D0C157-7B3F-4A95-B18B-EA8B3EE24E87}","Name":"023352698","PlanID":"{D7AA84CD-462D-4CA2-A6D2-89A4FF80E6D4}","PlanNumber":"KAP56515","PIN":36699041,"PID":23352698,"Designation1":"Lot 1","Designation2":null,"Designation3":null,"ParcelStatus":"ACTIVE","RegionalDistrict":"0019","ParcelClass":"SUBDIVISION","SourceParcelID":null,"GeometrySource":"PMBC-OPERATIONS","IsRemainder":"NO","ParcelStartDate":"1996-03-07T08:00:00.000Z","PositionalError":1.0722754,"LegalDescription":"LOT 1 SECTION 32 TOWNSHIP 70 SIMILKAMEEN DIVISION YALE DISTRICT PLAN KAP56515","CaptureMethod":"COGO","OwnerType":"PRIVATE","Compiled":1,"CreatedDate":"2016-09-20T23:24:06.000Z","ModifiedDate":"2025-10-27T22:37:46.000Z","StatedArea":null,"ErrorReportedBy":"LSA","Municipality":"0163","OBJECTID":49811,"created_user":"SDE","created_date":"2024-11-12T16:15:31.000Z","last_edited_user":"SDE","last_edited_date":"2026-03-25T16:06:10.000Z","Shape__Area":388.26725837,"Shape__Length":109.02170102634055,"CommonName":null,"SourceGlobalID":"{20356D1C-08AC-4863-8D22-A1667E4624B0}","Comments":null,"UpdateStatus":"AUTO","UpdateSource":"PMBC"}},{"type":"Feature","geometry":{"type":"Polygon","coordinates":[[[-118.68393,49.076867],[-118.683513,49.076871],[-118.683511,49.07678],[-118.683929,49.076776],[-118.68393,49.076867]]]},"properties":{"GlobalID":"{6B8AA83B-E9C2-41F7-AB66-0C20B2C33977}","Name":"012784168","PlanID":"{E6CCA1B6-13F5-4401-972C-9541DC39E4B8}","PlanNumber":"KAP24","PIN":null,"PID":12784168,"Designation1":"Lot 1","Designation2":"Block 2","Designation3":null,"ParcelStatus":"ACTIVE","RegionalDistrict":"0019","ParcelClass":"SUBDIVISION","SourceParcelID":null,"GeometrySource":"PMBC-OPERATIONS","IsRemainder":"NO","ParcelStartDate":null,"PositionalError":0.43425746,"LegalDescription":"LOT 1 BLOCK 2 SECTION 32 TOWNSHIP 70 SIMILKAMEEN DIVISION YALE DISTRICT PLAN 24","CaptureMethod":"COGO","OwnerType":"PRIVATE","Compiled":1,"CreatedDate":"2016-09-20T23:24:06.000Z","ModifiedDate":"2022-01-20T17:34:10.000Z","StatedArea":null,"ErrorReportedBy":"LSA","Municipality":"0163","OBJECTID":49812,"created_user":"SDE","created_date":"2024-11-12T16:15:31.000Z","last_edited_user":"SDE","last_edited_date":"2026-03-25T16:06:10.000Z","Shape__Area":307.014119495,"Shape__Length":81.14193972802234,"CommonName":null,"SourceGlobalID":"{B6876557-8BB3-498E-A002-7A33DA3BB191}","Comments":null,"UpdateStatus":"AUTO","UpdateSource":"PMBC"}},{"type":"Feature","geometry":{"type":"Polygon","coordinates":[[[-118.684382,49.076953],[-118.684384,49.077044],[-118.683999,49.077047],[-118.683998,49.076957],[-118.684382,49.076953]]]},"properties":{"GlobalID":"{0F74DE66-012A-469E-953B-F0B6848BDDF5}","Name":"012784478","PlanID":"{E6CCA1B6-13F5-4401-972C-9541DC39E4B8}","PlanNumber":"KAP24","PIN":32407561,"PID":12784478,"Designation1":"Lot 12","Designation2":"Block 2","Designation3":null,"ParcelStatus":"ACTIVE","RegionalDistrict":"0019","ParcelClass":"SUBDIVISION","SourceParcelID":null,"GeometrySource":"PMBC-OPERATIONS","IsRemainder":"NO","ParcelStartDate":null,"PositionalError":0.43254393,"LegalDescription":"LOT 12 BLOCK 2 SECTION 32 TOWNSHIP 70 SIMILKAMEEN DIVISION YALE DISTRICT PLAN 24","CaptureMethod":"COGO","OwnerType":"CROWN PROVINCIAL","Compiled":1,"CreatedDate":"2016-09-20T23:24:06.000Z","ModifiedDate":"2022-01-20T17:34:19.000Z","StatedArea":null,"ErrorReportedBy":"LSA","Municipality":"0163","OBJECTID":49813,"created_user":"SDE","created_date":"2024-11-12T16:15:31.000Z","last_edited_user":"SDE","last_edited_date":"2026-03-25T16:06:10.000Z","Shape__Area":282.79473642,"Shape__Length":76.35796129682535,"CommonName":null,"SourceGlobalID":"{AAEA9D52-CB46-479E-A891-86A6C44C6099}","Comments":null,"UpdateStatus":"AUTO","UpdateSource":"PMBC"}},{"type":"Feature","geometry":{"type":"Polygon","coordinates":[[[-118.684384,49.077044],[-118.684393,49.077405],[-118.684003,49.077409],[-118.683999,49.077047],[-118.684384,49.077044]]]},"properties":{"GlobalID":"{44D3E43A-7258-4B25-9CDD-CDB957585862}","Name":"004597729","PlanID":"{6A2B0D34-15FC-4D87-8419-9006FD85F866}","PlanNumber":"KAP28267","PIN":null,"PID":4597729,"Designation1":"Lot Z","Designation2":null,"Designation3":null,"ParcelStatus":"ACTIVE","RegionalDistrict":"0019","ParcelClass":"SUBDIVISION","SourceParcelID":null,"GeometrySource":"PMBC-OPERATIONS","IsRemainder":"NO","ParcelStartDate":null,"PositionalError":0.4441305,"LegalDescription":"LOT Z SECTION 32 TOWNSHIP 70 SIMILKAMEEN DIVISION YALE DISTRICT PLAN 28267","CaptureMethod":"COGO","OwnerType":"PRIVATE","Compiled":1,"CreatedDate":"2016-09-20T23:24:06.000Z","ModifiedDate":"2025-10-27T22:37:46.000Z","StatedArea":null,"ErrorReportedBy":"LSA","Municipality":"0163","OBJECTID":49814,"created_user":"SDE","created_date":"2024-11-12T16:15:31.000Z","last_edited_user":"SDE","last_edited_date":"2026-03-25T16:06:10.000Z","Shape__Area":1139.22468195,"Shape__Length":137.0882283687671,"CommonName":null,"SourceGlobalID":"{FF5FDFE8-050A-4AE9-AF3A-FC2CEAF5218E}","Comments":null,"UpdateStatus":"AUTO","UpdateSource":"PMBC"}},{"type":"Feature","geometry":{"type":"Polygon","coordinates":[[[-118.684362,49.075975],[-118.684364,49.076065],[-118.68399,49.076068],[-118.683989,49.075978],[-118.684362,49.075975]]]},"properties":{"GlobalID":"{2BDB35BC-AF46-43A4-8B55-B255AAE0DCC0}","Name":"012784061","PlanID":"{E6CCA1B6-13F5-4401-972C-9541DC39E4B8}","PlanNumber":"KAP24","PIN":32407301,"PID":12784061,"Designation1":"Lot 14","Designation2":"Block 1","Designation3":null,"ParcelStatus":"ACTIVE","RegionalDistrict":"0019","ParcelClass":"SUBDIVISION","SourceParcelID":null,"GeometrySource":"PMBC-OPERATIONS","IsRemainder":"NO","ParcelStartDate":null,"PositionalError":0.05532254,"LegalDescription":"LOT 14 BLOCK 1 SECTION 32 TOWNSHIP 70 SIMILKAMEEN DIVISION YALE DISTRICT PLAN 24","CaptureMethod":"COGO","OwnerType":"CROWN PROVINCIAL","Compiled":1,"CreatedDate":"2016-09-20T23:24:06.000Z","ModifiedDate":"2022-01-20T17:34:10.000Z","StatedArea":null,"ErrorReportedBy":"LSA","Municipality":"0163","OBJECTID":49815,"created_user":"SDE","created_date":"2024-11-12T16:15:31.000Z","last_edited_user":"SDE","last_edited_date":"2026-03-25T16:06:10.000Z","Shape__Area":274.78908413,"Shape__Length":74.75725124976198,"CommonName":null,"SourceGlobalID":"{275E4153-54F4-4B17-9BFA-AC4F206CAB4A}","Comments":null,"UpdateStatus":"AUTO","UpdateSource":"PMBC"}},{"type":"Feature","geometry":{"type":"Polygon","coordinates":[[[-118.687763,49.0779],[-118.688063,49.077898],[-118.688063,49.077898],[-118.68806,49.077903],[-118.688049,49.077922],[-118.688011,49.077988],[-118.688011,49.077989],[-118.688011,49.077989],[-118.687711,49.077991],[-118.687758,49.077909],[-118.687763,49.0779]]]},"properties":{"GlobalID":"{01BEE98D-7C4A-450D-BFEF-45C9A542A92D}","Name":"012793281","PlanID":"{F21644BF-ED25-4569-85AC-B882D45FA2DF}","PlanNumber":"KAP8332B","PIN":null,"PID":12793281,"Designation1":"Lot 10","Designation2":"Block 23","Designation3":null,"ParcelStatus":"ACTIVE","RegionalDistrict":"0019","ParcelClass":"SUBDIVISION","SourceParcelID":null,"GeometrySource":"PMBC-OPERATIONS","IsRemainder":"NO","ParcelStartDate":null,"PositionalError":0.3947011,"LegalDescription":"THAT PART LOT 10 SHOWN OUTLINED RED ON PLAN B8332 BLOCK 23 SECTION 32 TOWNSHIP 70 SIMILKAMEEN DIVISION YALE DISTRICT PLAN 24","CaptureMethod":"COGO","OwnerType":"CROWN PROVINCIAL","Compiled":1,"CreatedDate":"2016-09-20T23:24:06.000Z","ModifiedDate":"2025-10-27T22:37:46.000Z","StatedArea":null,"ErrorReportedBy":"LSA","Municipality":"0163","OBJECTID":49816,"created_user":"SDE","created_date":"2024-11-12T16:15:31.000Z","last_edited_user":"SDE","last_edited_date":"2026-03-25T16:06:10.000Z","Shape__Area":220.189466235,"Shape__Length":65.4274249245438,"CommonName":null,"SourceGlobalID":"{72BE84F5-BB2D-4520-8E3D-4575444BC4F7}","Comments":null,"UpdateStatus":"AUTO","UpdateSource":"PMBC"}},{"type":"Feature","geometry":{"type":"Polygon","coordinates":[[[-118.687216,49.078521],[-118.687318,49.078521],[-118.68724,49.078611],[-118.687218,49.078612],[-118.687216,49.078521]]]},"properties":{"GlobalID":"{1E7A85B7-FD68-483A-A622-A00974F4BAC1}","Name":"012791661","PlanID":"{E6CCA1B6-13F5-4401-972C-9541DC39E4B8}","PlanNumber":"KAP24","PIN":null,"PID":12791661,"Designation1":"Lot 3","Designation2":"Block 22","Designation3":null,"ParcelStatus":"ACTIVE","RegionalDistrict":"0019","ParcelClass":"SUBDIVISION","SourceParcelID":null,"GeometrySource":"PMBC-OPERATIONS","IsRemainder":"NO","ParcelStartDate":null,"PositionalError":0.4169688,"LegalDescription":"THAT PART OF LOT 3 BLOCK 22 SECTION 32 TOWNSHIP 70 SIMILKAMEEN DIVISION YALE DISTRICT PLAN 24 DESCRIBED IN DD. 4324","CaptureMethod":"COGO","OwnerType":"CROWN PROVINCIAL","Compiled":1,"CreatedDate":"2016-09-20T23:24:06.000Z","ModifiedDate":"2025-10-27T22:37:46.000Z","StatedArea":null,"ErrorReportedBy":"LSA","Municipality":"0163","OBJECTID":49817,"created_user":"SDE","created_date":"2024-11-12T16:15:31.000Z","last_edited_user":"SDE","last_edited_date":"2026-03-25T16:06:10.000Z","Shape__Area":45.1978488,"Shape__Length":30.647975897918442,"CommonName":null,"SourceGlobalID":"{BE22E79F-1CB2-43EC-94CB-0F977411E4E2}","Comments":null,"UpdateStatus":"AUTO","UpdateSource":"PMBC"}},{"type":"Feature","geometry":{"type":"Polygon","coordinates":[[[-118.688902,49.076912],[-118.689319,49.076908],[-118.68932,49.076999],[-118.688903,49.077002],[-118.688902,49.076912]]]},"properties":{"GlobalID":"{0A4A0C7C-6064-422A-A749-8EE458D78E7F}","Name":"012814504","PlanID":"{E6CCA1B6-13F5-4401-972C-9541DC39E4B8}","PlanNumber":"KAP24","PIN":15777091,"PID":12814504,"Designation1":"Lot 12","Designation2":"Block 27","Designation3":null,"ParcelStatus":"ACTIVE","RegionalDistrict":"0019","ParcelClass":"SUBDIVISION","SourceParcelID":null,"GeometrySource":"PMBC-OPERATIONS","IsRemainder":"NO","ParcelStartDate":null,"PositionalError":2.56760231,"LegalDescription":"LOT 12 BLOCK 27 SECTION 32 TOWNSHIP 70 SIMILKAMEEN DIVISION YALE DISTRICT PLAN 24","CaptureMethod":"COGO","OwnerType":"CROWN PROVINCIAL","Compiled":1,"CreatedDate":"2016-09-20T23:24:06.000Z","ModifiedDate":"2022-01-20T17:34:14.000Z","StatedArea":null,"ErrorReportedBy":"LSA","Municipality":"0163","OBJECTID":49818,"created_user":"SDE","created_date":"2024-11-12T16:15:31.000Z","last_edited_user":"SDE","last_edited_date":"2026-03-25T16:06:10.000Z","Shape__Area":307.36828092,"Shape__Length":81.09662038760786,"CommonName":null,"SourceGlobalID":"{EB97CFA4-931B-47FF-AAC2-DDB8DA75E841}","Comments":null,"UpdateStatus":"AUTO","UpdateSource":"PMBC"}},{"type":"Feature","geometry":{"type":"Polygon","coordinates":[[[-118.685984,49.078713],[-118.686402,49.078709],[-118.686407,49.07898],[-118.68599,49.078984],[-118.685984,49.078713]]]},"properties":{"GlobalID":"{0D460BD5-3919-4DA6-ABED-BCCFA193EFF5}","Name":"004597613","PlanID":"{6A2B0D34-15FC-4D87-8419-9006FD85F866}","PlanNumber":"KAP28267","PIN":null,"PID":4597613,"Designation1":"Lot N","Designation2":null,"Designation3":null,"ParcelStatus":"ACTIVE","RegionalDistrict":"0019","ParcelClass":"SUBDIVISION","SourceParcelID":null,"GeometrySource":"PMBC-OPERATIONS","IsRemainder":"NO","ParcelStartDate":null,"PositionalError":0.3460058,"LegalDescription":"LOT N SECTION 32 TOWNSHIP 70 SIMILKAMEEN DIVISION YALE DISTRICT PLAN 28267","CaptureMethod":"COGO","OwnerType":"PRIVATE","Compiled":1,"CreatedDate":"2016-09-20T23:24:06.000Z","ModifiedDate":"2025-10-27T22:37:46.000Z","StatedArea":null,"ErrorReportedBy":"LSA","Municipality":"0163","OBJECTID":49819,"created_user":"SDE","created_date":"2024-11-12T16:15:31.000Z","last_edited_user":"SDE","last_edited_date":"2026-03-25T16:06:10.000Z","Shape__Area":918.5522915,"Shape__Length":121.23231726169405,"CommonName":null,"SourceGlobalID":"{685F36A0-C1DC-48EF-ABB3-31ADB4509CFC}","Comments":null,"UpdateStatus":"AUTO","UpdateSource":"PMBC"}},{"type":"Feature","geometry":{"type":"Polygon","coordinates":[[[-118.684737,49.077928],[-118.684728,49.077566],[-118.685145,49.077561],[-118.685154,49.077924],[-118.684737,49.077928]]]},"properties":{"GlobalID":"{0D0608B5-59D3-419A-8739-AB723A4B0741}","Name":"026786036","PlanID":"{E6CCA1B6-13F5-4401-972C-9541DC39E4B8}","PlanNumber":"KAP24","PIN":null,"PID":26786036,"Designation1":"Parcel A","Designation2":"Block 12","Designation3":null,"ParcelStatus":"ACTIVE","RegionalDistrict":"0019","ParcelClass":"SUBDIVISION","SourceParcelID":null,"GeometrySource":"PMBC-OPERATIONS","IsRemainder":"NO","ParcelStartDate":"2006-09-01T07:00:00.000Z","PositionalError":1.50031791,"LegalDescription":"PARCEL A (CONSOLIDATION OF LOTS 1,2,3 AND 4, SEE LA117317) BLOCK 12 SECTION 32 TOWNSHIP 70 SIMILKAMEEN DIVISION YALE DISTRICT PLAN 24","CaptureMethod":"COGO","OwnerType":"PRIVATE","Compiled":1,"CreatedDate":"2016-09-20T23:24:06.000Z","ModifiedDate":"2022-01-20T17:34:19.000Z","StatedArea":null,"ErrorReportedBy":"LSA","Municipality":"0163","OBJECTID":49820,"created_user":"SDE","created_date":"2024-11-12T16:15:31.000Z","last_edited_user":"SDE","last_edited_date":"2026-03-25T16:06:10.000Z","Shape__Area":1226.78749295,"Shape__Length":141.4614610833168,"CommonName":null,"SourceGlobalID":"{82BBE57C-3806-41CE-A77B-C600D035A97A}","Comments":null,"UpdateStatus":"AUTO","UpdateSource":"PMBC"}},{"type":"Feature","geometry":{"type":"Polygon","coordinates":[[[-118.68769,49.078027],[-118.687711,49.077991],[-118.688011,49.077989],[-118.688011,49.077989],[-118.688011,49.077989],[-118.687958,49.078079],[-118.687958,49.078079],[-118.687691,49.078082],[-118.68769,49.078027]]]},"properties":{"GlobalID":"{EFD177E3-9889-4382-AB09-2E086A01111A}","Name":"012793272","PlanID":"{F21644BF-ED25-4569-85AC-B882D45FA2DF}","PlanNumber":"KAP8332B","PIN":null,"PID":12793272,"Designation1":"Lot 9","Designation2":"Block 23","Designation3":null,"ParcelStatus":"ACTIVE","RegionalDistrict":"0019","ParcelClass":"SUBDIVISION","SourceParcelID":null,"GeometrySource":"PMBC-OPERATIONS","IsRemainder":"NO","ParcelStartDate":null,"PositionalError":0.4284697,"LegalDescription":"THAT PART LOT 9 SHOWN OUTLINED RED ON PLAN B8332 BLOCK 23 SECTION 32 TOWNSHIP 70 SIMILKAMEEN DIVISION YALE DISTRICT PLAN 24","CaptureMethod":"COGO","OwnerType":"CROWN PROVINCIAL","Compiled":1,"CreatedDate":"2016-09-20T23:24:06.000Z","ModifiedDate":"2025-10-27T22:37:46.000Z","StatedArea":null,"ErrorReportedBy":"LSA","Municipality":"0163","OBJECTID":49821,"created_user":"SDE","created_date":"2024-11-12T16:15:31.000Z","last_edited_user":"SDE","last_edited_date":"2026-03-25T16:06:10.000Z","Shape__Area":212.577375765,"Shape__Length":62.51968430586663,"CommonName":null,"SourceGlobalID":"{EDEC77EE-225F-4A78-A47C-7D7C93A1ADC5}","Comments":null,"UpdateStatus":"AUTO","UpdateSource":"PMBC"}},{"type":"Feature","geometry":{"type":"MultiPolygon","coordinates":[[[[-118.235768,49.11436],[-118.235164,49.11436],[-118.234912,49.113999],[-118.235516,49.113999],[-118.235735,49.114313],[-118.235768,49.11436]]],[[[-118.235826,49.113954],[-118.235973,49.113954],[-118.236058,49.113954],[-118.236094,49.113999],[-118.236126,49.114029],[-118.236156,49.11407],[-118.236181,49.114117],[-118.236202,49.114155],[-118.23621,49.1142],[-118.23621,49.114262],[-118.236198,49.114305],[-118.236041,49.114305],[-118.235826,49.113954]]]]},"properties":{"GlobalID":"{1B336B2F-5824-43E5-8177-D1013035187F}","Name":"003851702","PlanID":"{A1BCDC8D-5C64-4E41-9AF1-9FA8E756475E}","PlanNumber":"KAP30773","PIN":null,"PID":3851702,"Designation1":"Lot 1","Designation2":null,"Designation3":null,"ParcelStatus":"ACTIVE","RegionalDistrict":"0019","ParcelClass":"SUBDIVISION","SourceParcelID":null,"GeometrySource":"MODIFIED-ICF","IsRemainder":"NO","ParcelStartDate":null,"PositionalError":2.42219705,"LegalDescription":"LOT 1 DISTRICT LOT 3063S SIMILKAMEEN DIVISION YALE DISTRICT PLAN 30773","CaptureMethod":"UNKNOWN","OwnerType":"PRIVATE","Compiled":0,"CreatedDate":"2022-01-19T20:27:32.000Z","ModifiedDate":"2022-01-19T23:19:33.000Z","StatedArea":"2437","ErrorReportedBy":"LSA","Municipality":"0163","OBJECTID":49822,"created_user":"SDE","created_date":"2024-11-12T16:15:31.000Z","last_edited_user":"SDE","last_edited_date":"2026-03-25T16:06:10.000Z","Shape__Area":2435.24576825,"Shape__Length":288.587747649758,"CommonName":null,"SourceGlobalID":"{E24B7608-0EA6-46BA-BC7B-9C1B38340153}","Comments":null,"UpdateStatus":"AUTO","UpdateSource":"PMBC"}},{"type":"Feature","geometry":{"type":"Polygon","coordinates":[[[-118.68402,49.078733],[-118.684427,49.078728],[-118.684433,49.079],[-118.684024,49.079004],[-118.68402,49.078733]]]},"properties":{"GlobalID":"{DB363501-E76D-4EFD-8FC6-E9B5842E64EF}","Name":"004597672","PlanID":"{6A2B0D34-15FC-4D87-8419-9006FD85F866}","PlanNumber":"KAP28267","PIN":null,"PID":4597672,"Designation1":"Lot U","Designation2":null,"Designation3":null,"ParcelStatus":"ACTIVE","RegionalDistrict":"0019","ParcelClass":"SUBDIVISION","SourceParcelID":null,"GeometrySource":"PMBC-OPERATIONS","IsRemainder":"NO","ParcelStartDate":null,"PositionalError":0.46191873,"LegalDescription":"LOT U SECTION 32 TOWNSHIP 70 SIMILKAMEEN DIVISION YALE DISTRICT PLAN 28267","CaptureMethod":"COGO","OwnerType":"CROWN PROVINCIAL","Compiled":1,"CreatedDate":"2016-09-20T23:24:06.000Z","ModifiedDate":"2022-01-20T17:34:20.000Z","StatedArea":null,"ErrorReportedBy":"LSA","Municipality":"0163","OBJECTID":49823,"created_user":"SDE","created_date":"2024-11-12T16:15:31.000Z","last_edited_user":"SDE","last_edited_date":"2026-03-25T16:06:10.000Z","Shape__Area":899.59169475,"Shape__Length":119.97651744853528,"CommonName":null,"SourceGlobalID":"{EDE3541E-5145-4A43-8AD2-47E39C006270}","Comments":null,"UpdateStatus":"AUTO","UpdateSource":"PMBC"}},{"type":"Feature","geometry":{"type":"Polygon","coordinates":[[[-118.685203,49.077127],[-118.685311,49.077126],[-118.685554,49.077124],[-118.685557,49.077394],[-118.685208,49.077398],[-118.685207,49.077362],[-118.685203,49.077127]]]},"properties":{"GlobalID":"{33A67B74-0876-44E8-BB48-5D796BA80A08}","Name":"004597630","PlanID":"{6A2B0D34-15FC-4D87-8419-9006FD85F866}","PlanNumber":"KAP28267","PIN":null,"PID":4597630,"Designation1":"Lot S","Designation2":null,"Designation3":null,"ParcelStatus":"ACTIVE","RegionalDistrict":"0019","ParcelClass":"SUBDIVISION","SourceParcelID":null,"GeometrySource":"PMBC-OPERATIONS","IsRemainder":"NO","ParcelStartDate":null,"PositionalError":0.655796,"LegalDescription":"LOT S SECTION 32 TOWNSHIP 70 SIMILKAMEEN DIVISION YALE DISTRICT PLAN 28267","CaptureMethod":"COGO","OwnerType":"CROWN PROVINCIAL","Compiled":1,"CreatedDate":"2016-09-20T23:24:06.000Z","ModifiedDate":"2025-10-27T22:37:46.000Z","StatedArea":null,"ErrorReportedBy":"LSA","Municipality":"0163","OBJECTID":49824,"created_user":"SDE","created_date":"2024-11-12T16:15:31.000Z","last_edited_user":"SDE","last_edited_date":"2026-03-25T16:06:10.000Z","Shape__Area":770.75058637,"Shape__Length":111.42583124039763,"CommonName":null,"SourceGlobalID":"{1F4885F8-3262-40B5-8974-1B99CA9155DB}","Comments":null,"UpdateStatus":"AUTO","UpdateSource":"PMBC"}},{"type":"Feature","geometry":{"type":"Polygon","coordinates":[[[-118.682258,49.076648],[-118.682259,49.07662],[-118.682653,49.076402],[-118.682655,49.076647],[-118.682258,49.076648]]]},"properties":{"GlobalID":"{5767E9FA-E83B-4AE5-AAF6-C6F91498702C}","Name":"012718033","PlanID":"{EF69E8E0-575B-4D1C-B751-6A4B02AA77B6}","PlanNumber":"KAP115","PIN":3721081,"PID":12718033,"Designation1":"Lot 6","Designation2":"Block 3","Designation3":null,"ParcelStatus":"ACTIVE","RegionalDistrict":"0019","ParcelClass":"SUBDIVISION","SourceParcelID":null,"GeometrySource":"PMBC-OPERATIONS","IsRemainder":"NO","ParcelStartDate":null,"PositionalError":1.50888556,"LegalDescription":"LOT 6 BLOCK 3 DISTRICT LOT 914 SIMILKAMEEN DIVISION YALE DISTRICT PLAN 115","CaptureMethod":"COGO","OwnerType":"CROWN PROVINCIAL","Compiled":1,"CreatedDate":"2016-09-20T23:24:06.000Z","ModifiedDate":"2022-01-20T17:34:18.000Z","StatedArea":null,"ErrorReportedBy":"LSA","Municipality":"0163","OBJECTID":49825,"created_user":"SDE","created_date":"2024-11-12T16:15:31.000Z","last_edited_user":"SDE","last_edited_date":"2026-03-25T16:06:10.000Z","Shape__Area":437.669193275,"Shape__Length":96.85226363915956,"CommonName":null,"SourceGlobalID":"{E1ACD22C-723D-4EB0-B059-92D573CE3D2B}","Comments":null,"UpdateStatus":"AUTO","UpdateSource":"PMBC"}},{"type":"Feature","geometry":{"type":"Polygon","coordinates":[[[-118.687221,49.078792],[-118.687403,49.078791],[-118.687324,49.078882],[-118.687223,49.078882],[-118.687221,49.078792]]]},"properties":{"GlobalID":"{9D8C578E-A3B8-4273-BEC4-DC0893DAF856}","Name":"012791423","PlanID":"{F21644BF-ED25-4569-85AC-B882D45FA2DF}","PlanNumber":"KAP8332B","PIN":null,"PID":12791423,"Designation1":"Lot 6","Designation2":"Block 22","Designation3":null,"ParcelStatus":"ACTIVE","RegionalDistrict":"0019","ParcelClass":"SUBDIVISION","SourceParcelID":null,"GeometrySource":"PMBC-OPERATIONS","IsRemainder":"NO","ParcelStartDate":null,"PositionalError":0.4228416,"LegalDescription":"THAT PART LOT 6 SHOWN OUTLINED RED ON PLAN B8332 BLOCK 22 SECTION 32 TOWNSHIP 70 SIMILKAMEEN DIVISION YALE DISTRICT PLAN 24","CaptureMethod":"COGO","OwnerType":"CROWN PROVINCIAL","Compiled":1,"CreatedDate":"2016-09-20T23:24:06.000Z","ModifiedDate":"2025-10-27T22:37:46.000Z","StatedArea":null,"ErrorReportedBy":"LSA","Municipality":"0163","OBJECTID":49826,"created_user":"SDE","created_date":"2024-11-12T16:15:31.000Z","last_edited_user":"SDE","last_edited_date":"2026-03-25T16:06:10.000Z","Shape__Area":103.43765393,"Shape__Length":42.25145421375205,"CommonName":null,"SourceGlobalID":"{2BCDF4E6-F33C-4B85-B1CD-03D7000D2CE3}","Comments":null,"UpdateStatus":"AUTO","UpdateSource":"PMBC"}},{"type":"Feature","geometry":{"type":"Polygon","coordinates":[[[-118.684364,49.076065],[-118.684366,49.076156],[-118.68399,49.076159],[-118.68399,49.076068],[-118.684364,49.076065]]]},"properties":{"GlobalID":"{D20DC4E8-C69F-4B2C-B19C-5E59B7BCC769}","Name":"012784044","PlanID":"{E6CCA1B6-13F5-4401-972C-9541DC39E4B8}","PlanNumber":"KAP24","PIN":32407271,"PID":12784044,"Designation1":"Lot 13","Designation2":"Block 1","Designation3":null,"ParcelStatus":"ACTIVE","RegionalDistrict":"0019","ParcelClass":"SUBDIVISION","SourceParcelID":null,"GeometrySource":"PMBC-OPERATIONS","IsRemainder":"NO","ParcelStartDate":null,"PositionalError":0.05923918,"LegalDescription":"LOT 13 BLOCK 1 SECTION 32 TOWNSHIP 70 SIMILKAMEEN DIVISION YALE DISTRICT PLAN 24","CaptureMethod":"COGO","OwnerType":"CROWN PROVINCIAL","Compiled":1,"CreatedDate":"2016-09-20T23:24:06.000Z","ModifiedDate":"2022-01-20T17:34:16.000Z","StatedArea":null,"ErrorReportedBy":"LSA","Municipality":"0163","OBJECTID":49827,"created_user":"SDE","created_date":"2024-11-12T16:15:31.000Z","last_edited_user":"SDE","last_edited_date":"2026-03-25T16:06:10.000Z","Shape__Area":275.66680521,"Shape__Length":74.93195683684594,"CommonName":null,"SourceGlobalID":"{F106F121-5C77-495F-821E-8AB7AC679755}","Comments":null,"UpdateStatus":"AUTO","UpdateSource":"PMBC"}},{"type":"Feature","geometry":{"type":"Polygon","coordinates":[[[-118.688461,49.077005],[-118.68842,49.077007],[-118.688418,49.076916],[-118.688483,49.076915],[-118.688461,49.077005]]]},"properties":{"GlobalID":"{1EC41EED-C14F-4CB7-8849-BDE5D9D8B7BF}","Name":"012814296","PlanID":"{F21644BF-ED25-4569-85AC-B882D45FA2DF}","PlanNumber":"KAP8332B","PIN":null,"PID":12814296,"Designation1":"Lot 3","Designation2":"Block 27","Designation3":null,"ParcelStatus":"ACTIVE","RegionalDistrict":"0019","ParcelClass":"SUBDIVISION","SourceParcelID":null,"GeometrySource":"PMBC-OPERATIONS","IsRemainder":"NO","ParcelStartDate":null,"PositionalError":0.34441953,"LegalDescription":"THAT PART LOT 3 SHOWN OUTLINED RED ON PLAN B8332 BLOCK 27 SECTION 32 TOWNSHIP 70 SIMILKAMEEN DIVISION YALE DISTRICT PLAN 24","CaptureMethod":"COGO","OwnerType":"CROWN PROVINCIAL","Compiled":1,"CreatedDate":"2016-09-20T23:24:06.000Z","ModifiedDate":"2022-01-20T17:34:07.000Z","StatedArea":null,"ErrorReportedBy":"LSA","Municipality":"0163","OBJECTID":49828,"created_user":"SDE","created_date":"2024-11-12T16:15:31.000Z","last_edited_user":"SDE","last_edited_date":"2026-03-25T16:06:10.000Z","Shape__Area":38.42256947,"Shape__Length":27.86809928924238,"CommonName":null,"SourceGlobalID":"{48AA19EE-9341-4893-98F1-B750A8F68ED3}","Comments":null,"UpdateStatus":"AUTO","UpdateSource":"PMBC"}},{"type":"Feature","geometry":{"type":"Polygon","coordinates":[[[-118.68844,49.077096],[-118.688422,49.077097],[-118.68842,49.077007],[-118.688461,49.077005],[-118.68844,49.077096]]]},"properties":{"GlobalID":"{642AE585-D4E5-4BC0-8A71-91D3166F500A}","Name":"012814300","PlanID":"{F21644BF-ED25-4569-85AC-B882D45FA2DF}","PlanNumber":"KAP8332B","PIN":null,"PID":12814300,"Designation1":"Lot 4","Designation2":"Block 27","Designation3":null,"ParcelStatus":"ACTIVE","RegionalDistrict":"0019","ParcelClass":"SUBDIVISION","SourceParcelID":null,"GeometrySource":"PMBC-OPERATIONS","IsRemainder":"NO","ParcelStartDate":null,"PositionalError":0.35935172,"LegalDescription":"THAT PART LOT 4 SHOWN OUTLINED RED ON PLAN B8332 BLOCK 27 SECTION 32 TOWNSHIP 70 SIMILKAMEEN DIVISION YALE DISTRICT PLAN 24","CaptureMethod":"COGO","OwnerType":"CROWN PROVINCIAL","Compiled":1,"CreatedDate":"2016-09-20T23:24:06.000Z","ModifiedDate":"2022-01-20T17:34:20.000Z","StatedArea":null,"ErrorReportedBy":"LSA","Municipality":"0163","OBJECTID":49829,"created_user":"SDE","created_date":"2024-11-12T16:15:31.000Z","last_edited_user":"SDE","last_edited_date":"2026-03-25T16:06:10.000Z","Shape__Area":21.73833755,"Shape__Length":24.615122011407102,"CommonName":null,"SourceGlobalID":"{173034D0-0B37-475F-B506-E77E35891CA5}","Comments":null,"UpdateStatus":"AUTO","UpdateSource":"PMBC"}},{"type":"Feature","geometry":{"type":"Polygon","coordinates":[[[-118.68419,49.080046],[-118.684445,49.080045],[-118.684446,49.080135],[-118.684051,49.080138],[-118.68419,49.080046]]]},"properties":{"GlobalID":"{533DCF5B-3D26-4680-BE30-43B26521DAA7}","Name":"001868055","PlanID":"{E6CCA1B6-13F5-4401-972C-9541DC39E4B8}","PlanNumber":"KAP24","PIN":null,"PID":1868055,"Designation1":"REM Lot 13","Designation2":"Block 6","Designation3":null,"ParcelStatus":"ACTIVE","RegionalDistrict":"0019","ParcelClass":"SUBDIVISION","SourceParcelID":null,"GeometrySource":"PMBC-OPERATIONS","IsRemainder":"YES","ParcelStartDate":null,"PositionalError":0.9472337,"LegalDescription":"LOT 13 BLOCK 6 SECTION 32 TOWNSHIP 70 SIMILKAMEEN (FORMERLY OSOYOOS) DIVISION YALE DISTRICT PLAN 24 EXCEPT PLAN H731","CaptureMethod":"COGO","OwnerType":"PRIVATE","Compiled":1,"CreatedDate":"2016-09-20T23:24:06.000Z","ModifiedDate":"2025-10-27T22:37:46.000Z","StatedArea":null,"ErrorReportedBy":"LSA","Municipality":"0163","OBJECTID":49830,"created_user":"SDE","created_date":"2024-11-12T16:15:31.000Z","last_edited_user":"SDE","last_edited_date":"2026-03-25T16:06:10.000Z","Shape__Area":238.62726237,"Shape__Length":71.88156385539187,"CommonName":null,"SourceGlobalID":"{22D24EB5-4056-4DD0-A56B-39C4C179F8BB}","Comments":null,"UpdateStatus":"AUTO","UpdateSource":"PMBC"}},{"type":"Feature","geometry":{"type":"Polygon","coordinates":[[[-118.682298,49.078181],[-118.682296,49.078099],[-118.682713,49.078094],[-118.682715,49.078176],[-118.682298,49.078181]]]},"properties":{"GlobalID":"{A09753DF-5215-4163-B52A-21F8E8C089CF}","Name":"012718297","PlanID":"{EF69E8E0-575B-4D1C-B751-6A4B02AA77B6}","PlanNumber":"KAP115","PIN":10333201,"PID":12718297,"Designation1":"Lot 16","Designation2":"Block 4","Designation3":null,"ParcelStatus":"ACTIVE","RegionalDistrict":"0019","ParcelClass":"SUBDIVISION","SourceParcelID":null,"GeometrySource":"PMBC-OPERATIONS","IsRemainder":"NO","ParcelStartDate":null,"PositionalError":1.01318581,"LegalDescription":"LOT 16 BLOCK 4 DISTRICT LOT 914 SIMILKAMEEN DIVISION YALE DISTRICT PLAN 115","CaptureMethod":"COGO","OwnerType":"CROWN PROVINCIAL","Compiled":1,"CreatedDate":"2016-09-20T23:24:06.000Z","ModifiedDate":"2022-01-20T17:34:02.000Z","StatedArea":null,"ErrorReportedBy":"LSA","Municipality":"0163","OBJECTID":49831,"created_user":"SDE","created_date":"2024-11-12T16:15:31.000Z","last_edited_user":"SDE","last_edited_date":"2026-03-25T16:06:10.000Z","Shape__Area":278.556455515,"Shape__Length":79.2266317925665,"CommonName":null,"SourceGlobalID":"{319F4B8F-3CF7-4A7A-B07E-7E6F991A5712}","Comments":null,"UpdateStatus":"AUTO","UpdateSource":"PMBC"}},{"type":"Feature","geometry":{"type":"Polygon","coordinates":[[[-118.686829,49.07586],[-118.686831,49.075951],[-118.686413,49.075955],[-118.686411,49.075864],[-118.686829,49.07586]]]},"properties":{"GlobalID":"{6F37AA9D-F7AB-4DBD-8F3C-45717B540DA1}","Name":"006432913","PlanID":"{E6CCA1B6-13F5-4401-972C-9541DC39E4B8}","PlanNumber":"KAP24","PIN":null,"PID":6432913,"Designation1":"Lot B","Designation2":"Block 15","Designation3":null,"ParcelStatus":"ACTIVE","RegionalDistrict":"0019","ParcelClass":"SUBDIVISION","SourceParcelID":null,"GeometrySource":"PMBC-OPERATIONS","IsRemainder":"NO","ParcelStartDate":null,"PositionalError":1.07756558,"LegalDescription":"LOT B BLOCK 15 SECTION 32 TOWNSHIP 70 SIMILKAMEEN DIVISION YALE DISTRICT PLAN 24","CaptureMethod":"COGO","OwnerType":"PRIVATE","Compiled":1,"CreatedDate":"2016-09-20T23:24:06.000Z","ModifiedDate":"2022-01-20T17:34:07.000Z","StatedArea":null,"ErrorReportedBy":"LSA","Municipality":"0163","OBJECTID":49832,"created_user":"SDE","created_date":"2024-11-12T16:15:31.000Z","last_edited_user":"SDE","last_edited_date":"2026-03-25T16:06:10.000Z","Shape__Area":307.90357386,"Shape__Length":81.16892594474476,"CommonName":null,"SourceGlobalID":"{ED527AA4-792B-4607-9430-28C9CCC5CB2F}","Comments":null,"UpdateStatus":"AUTO","UpdateSource":"PMBC"}},{"type":"Feature","geometry":{"type":"Polygon","coordinates":[[[-118.683707,49.080758],[-118.683857,49.080757],[-118.683861,49.080879],[-118.683712,49.080936],[-118.683712,49.080936],[-118.683707,49.080758]]]},"properties":{"GlobalID":"{8F361E87-D5A2-447C-9804-0B091E280781}","Name":"001948369","PlanID":"{F21644BF-ED25-4569-85AC-B882D45FA2DF}","PlanNumber":"KAP8332B","PIN":null,"PID":1948369,"Designation1":"Lot 2","Designation2":"Block 7","Designation3":null,"ParcelStatus":"ACTIVE","RegionalDistrict":"0019","ParcelClass":"SUBDIVISION","SourceParcelID":null,"GeometrySource":"PMBC-OPERATIONS","IsRemainder":"NO","ParcelStartDate":null,"PositionalError":0.797722,"LegalDescription":"THAT PART OF LOT 2 SHOWN OUTLINED RED ON PLAN B8332 BLOCK 7 SECTION 32 TOWNSHIP 70 SIMILKAMEEN DIVISION YALE DISTRICT PLAN 24","CaptureMethod":"COGO","OwnerType":"CROWN PROVINCIAL","Compiled":1,"CreatedDate":"2016-09-20T23:24:06.000Z","ModifiedDate":"2025-10-27T22:37:46.000Z","StatedArea":null,"ErrorReportedBy":"LSA","Municipality":"0163","OBJECTID":49833,"created_user":"SDE","created_date":"2024-11-12T16:15:31.000Z","last_edited_user":"SDE","last_edited_date":"2026-03-25T16:06:10.000Z","Shape__Area":183.32701081,"Shape__Length":56.94111931049842,"CommonName":null,"SourceGlobalID":"{C93A3D47-0EE5-40BA-BF67-22603FBA25C9}","Comments":null,"UpdateStatus":"AUTO","UpdateSource":"PMBC"}},{"type":"Feature","geometry":{"type":"Polygon","coordinates":[[[-118.684377,49.076772],[-118.68438,49.076863],[-118.683996,49.076866],[-118.683995,49.076776],[-118.684045,49.076775],[-118.684377,49.076772]]]},"properties":{"GlobalID":"{BDD8EBA8-7BED-4D54-A1FE-90BC857E5C0E}","Name":"012784541","PlanID":"{E6CCA1B6-13F5-4401-972C-9541DC39E4B8}","PlanNumber":"KAP24","PIN":32407721,"PID":12784541,"Designation1":"Lot 14","Designation2":"Block 2","Designation3":null,"ParcelStatus":"ACTIVE","RegionalDistrict":"0019","ParcelClass":"SUBDIVISION","SourceParcelID":null,"GeometrySource":"PMBC-OPERATIONS","IsRemainder":"NO","ParcelStartDate":null,"PositionalError":0.38946089,"LegalDescription":"LOT 14 BLOCK 2 SECTION 32 TOWNSHIP 70 SIMILKAMEEN DIVISION YALE DISTRICT PLAN 24","CaptureMethod":"COGO","OwnerType":"CROWN PROVINCIAL","Compiled":1,"CreatedDate":"2016-09-20T23:24:06.000Z","ModifiedDate":"2022-01-20T17:34:04.000Z","StatedArea":null,"ErrorReportedBy":"LSA","Municipality":"0163","OBJECTID":49834,"created_user":"SDE","created_date":"2024-11-12T16:15:31.000Z","last_edited_user":"SDE","last_edited_date":"2026-03-25T16:06:10.000Z","Shape__Area":281.31678375,"Shape__Length":76.03407444712327,"CommonName":null,"SourceGlobalID":"{D59B0E5A-3662-4B10-90D5-ACD075FBC9B9}","Comments":null,"UpdateStatus":"AUTO","UpdateSource":"PMBC"}},{"type":"Feature","geometry":{"type":"Polygon","coordinates":[[[-118.686837,49.076223],[-118.686419,49.076227],[-118.686417,49.076136],[-118.686835,49.076132],[-118.686837,49.076223]]]},"properties":{"GlobalID":"{DEC09472-C79B-4AA0-9BD3-B3B471452CA8}","Name":"006433294","PlanID":"{E6CCA1B6-13F5-4401-972C-9541DC39E4B8}","PlanNumber":"KAP24","PIN":null,"PID":6433294,"Designation1":"Lot 12","Designation2":"Block 15","Designation3":null,"ParcelStatus":"ACTIVE","RegionalDistrict":"0019","ParcelClass":"SUBDIVISION","SourceParcelID":null,"GeometrySource":"PMBC-OPERATIONS","IsRemainder":"NO","ParcelStartDate":null,"PositionalError":0.84134323,"LegalDescription":"LOT 12 BLOCK 15 SECTION 32 TOWNSHIP 70 SIMILKAMEEN DIVISION YALE DISTRICT PLAN 24","CaptureMethod":"COGO","OwnerType":"PRIVATE","Compiled":1,"CreatedDate":"2016-09-20T23:24:06.000Z","ModifiedDate":"2022-01-20T17:34:15.000Z","StatedArea":null,"ErrorReportedBy":"LSA","Municipality":"0163","OBJECTID":49835,"created_user":"SDE","created_date":"2024-11-12T16:15:31.000Z","last_edited_user":"SDE","last_edited_date":"2026-03-25T16:06:10.000Z","Shape__Area":307.29872956,"Shape__Length":81.14612972823421,"CommonName":null,"SourceGlobalID":"{5C8F8CA8-03CD-4676-9780-4D1C2E68AE28}","Comments":null,"UpdateStatus":"AUTO","UpdateSource":"PMBC"}},{"type":"Feature","geometry":{"type":"Polygon","coordinates":[[[-118.684008,49.080755],[-118.684009,49.080823],[-118.683861,49.080879],[-118.683857,49.080757],[-118.684008,49.080755]]]},"properties":{"GlobalID":"{FB98735C-A9A9-4208-8AC3-0155274C2D7D}","Name":"001948377","PlanID":"{F21644BF-ED25-4569-85AC-B882D45FA2DF}","PlanNumber":"KAP8332B","PIN":null,"PID":1948377,"Designation1":"Lot 3","Designation2":"Block 7","Designation3":null,"ParcelStatus":"ACTIVE","RegionalDistrict":"0019","ParcelClass":"SUBDIVISION","SourceParcelID":null,"GeometrySource":"PMBC-OPERATIONS","IsRemainder":"NO","ParcelStartDate":null,"PositionalError":0.79581229,"LegalDescription":"THAT PART OF LOT 3 SHOWN OUTLINED RED ON PLAN B8332 BLOCK 7 SECTION 32 TOWNSHIP 70 SIMILKAMEEN DIVISION YALE DISTRICT PLAN 24","CaptureMethod":"COGO","OwnerType":"CROWN PROVINCIAL","Compiled":1,"CreatedDate":"2016-09-20T23:24:06.000Z","ModifiedDate":"2022-01-20T17:34:13.000Z","StatedArea":null,"ErrorReportedBy":"LSA","Municipality":"0163","OBJECTID":49836,"created_user":"SDE","created_date":"2024-11-12T16:15:31.000Z","last_edited_user":"SDE","last_edited_date":"2026-03-25T16:06:10.000Z","Shape__Area":116.039843585,"Shape__Length":44.671011433421654,"CommonName":null,"SourceGlobalID":"{0DA43256-6EEB-43B4-A47C-691BE158A832}","Comments":null,"UpdateStatus":"AUTO","UpdateSource":"PMBC"}},{"type":"Feature","geometry":{"type":"Polygon","coordinates":[[[-118.683949,49.078462],[-118.683532,49.078467],[-118.68353,49.078376],[-118.683948,49.078371],[-118.683949,49.078462]]]},"properties":{"GlobalID":"{354F5BC1-6683-475A-91CD-445F6E3F3D33}","Name":"012785423","PlanID":"{E6CCA1B6-13F5-4401-972C-9541DC39E4B8}","PlanNumber":"KAP24","PIN":13033361,"PID":12785423,"Designation1":"Lot 1","Designation2":"Block 4","Designation3":null,"ParcelStatus":"ACTIVE","RegionalDistrict":"0019","ParcelClass":"SUBDIVISION","SourceParcelID":null,"GeometrySource":"PMBC-OPERATIONS","IsRemainder":"NO","ParcelStartDate":null,"PositionalError":0.4245545,"LegalDescription":"LOT 1 BLOCK 4 SECTION 32 TOWNSHIP 70 SIMILKAMEEN DIVISION YALE DISTRICT PLAN 24","CaptureMethod":"COGO","OwnerType":"PRIVATE","Compiled":1,"CreatedDate":"2016-09-20T23:24:06.000Z","ModifiedDate":"2025-10-27T22:37:46.000Z","StatedArea":null,"ErrorReportedBy":"LSA","Municipality":"0163","OBJECTID":49837,"created_user":"SDE","created_date":"2024-11-12T16:15:31.000Z","last_edited_user":"SDE","last_edited_date":"2026-03-25T16:06:10.000Z","Shape__Area":307.61016015,"Shape__Length":81.14205519210653,"CommonName":null,"SourceGlobalID":"{A22801D0-E5D9-4DA1-BAE6-5EC03F9EDABA}","Comments":null,"UpdateStatus":"AUTO","UpdateSource":"PMBC"}},{"type":"Feature","geometry":{"type":"Polygon","coordinates":[[[-118.688051,49.077372],[-118.687677,49.077375],[-118.68767,49.077027],[-118.68767,49.077013],[-118.687665,49.076742],[-118.688082,49.076738],[-118.688087,49.077009],[-118.688088,49.077052],[-118.688094,49.077279],[-118.688051,49.077372]]]},"properties":{"GlobalID":"{3D9A5895-A675-42A3-9AA1-A05D49604E23}","Name":"002884127","PlanID":"{7A71EEC9-AB6E-43E4-B063-1BA66CDBB4F0}","PlanNumber":"KAP35227","PIN":null,"PID":2884127,"Designation1":"Lot A","Designation2":null,"Designation3":null,"ParcelStatus":"ACTIVE","RegionalDistrict":"0019","ParcelClass":"SUBDIVISION","SourceParcelID":null,"GeometrySource":"PMBC-OPERATIONS","IsRemainder":"NO","ParcelStartDate":null,"PositionalError":0.19803511,"LegalDescription":"LOT A SECTION 32 TOWNSHIP 70 SIMILKAMEEN DIVISION YALE DISTRICT PLAN 35227","CaptureMethod":"COGO","OwnerType":"PRIVATE","Compiled":1,"CreatedDate":"2016-09-20T23:24:06.000Z","ModifiedDate":"2022-01-20T17:34:07.000Z","StatedArea":null,"ErrorReportedBy":"LSA","Municipality":"0163","OBJECTID":49838,"created_user":"SDE","created_date":"2024-11-12T16:15:31.000Z","last_edited_user":"SDE","last_edited_date":"2026-03-25T16:06:10.000Z","Shape__Area":2130.35865788,"Shape__Length":199.09369971580588,"CommonName":null,"SourceGlobalID":"{D7F7701E-60C8-43A9-AF12-1D3DECAFDD93}","Comments":null,"UpdateStatus":"AUTO","UpdateSource":"PMBC"}},{"type":"Feature","geometry":{"type":"Polygon","coordinates":[[[-118.683936,49.077138],[-118.683938,49.077229],[-118.68352,49.077232],[-118.683518,49.077142],[-118.683936,49.077138]]]},"properties":{"GlobalID":"{16357F7D-429A-4489-9100-E2E4DFD0CF7F}","Name":"012784389","PlanID":"{E6CCA1B6-13F5-4401-972C-9541DC39E4B8}","PlanNumber":"KAP24","PIN":12780211,"PID":12784389,"Designation1":"Lot 5","Designation2":"Block 2","Designation3":null,"ParcelStatus":"ACTIVE","RegionalDistrict":"0019","ParcelClass":"SUBDIVISION","SourceParcelID":null,"GeometrySource":"PMBC-OPERATIONS","IsRemainder":"NO","ParcelStartDate":null,"PositionalError":0.84428071,"LegalDescription":"LOT 5 BLOCK 2 SECTION 32 TOWNSHIP 70 SIMILKAMEEN DIVISION YALE DISTRICT PLAN 24","CaptureMethod":"COGO","OwnerType":"PRIVATE","Compiled":1,"CreatedDate":"2016-09-20T23:24:06.000Z","ModifiedDate":"2022-01-20T17:34:02.000Z","StatedArea":null,"ErrorReportedBy":"LSA","Municipality":"0163","OBJECTID":49839,"created_user":"SDE","created_date":"2024-11-12T16:15:31.000Z","last_edited_user":"SDE","last_edited_date":"2026-03-25T16:06:10.000Z","Shape__Area":307.083465105,"Shape__Length":81.1438732837121,"CommonName":null,"SourceGlobalID":"{7B93EA8C-F879-4E34-A266-0E6EAC68FEDE}","Comments":null,"UpdateStatus":"AUTO","UpdateSource":"PMBC"}},{"type":"Feature","geometry":{"type":"Polygon","coordinates":[[[-118.68222,49.077157],[-118.682222,49.077247],[-118.681905,49.077251],[-118.681802,49.077162],[-118.68222,49.077157]]]},"properties":{"GlobalID":"{9343B331-0254-4630-A87A-B8A27E5CF642}","Name":"012718351","PlanID":"{EF69E8E0-575B-4D1C-B751-6A4B02AA77B6}","PlanNumber":"KAP115","PIN":10333461,"PID":12718351,"Designation1":"Lot 18","Designation2":"Block 4","Designation3":null,"ParcelStatus":"ACTIVE","RegionalDistrict":"0019","ParcelClass":"SUBDIVISION","SourceParcelID":null,"GeometrySource":"PMBC-OPERATIONS","IsRemainder":"NO","ParcelStartDate":null,"PositionalError":0.77818741,"LegalDescription":"LOT 18 BLOCK 4 DISTRICT LOT 914 SIMILKAMEEN DIVISION YALE DISTRICT PLAN 115","CaptureMethod":"COGO","OwnerType":"CROWN PROVINCIAL","Compiled":1,"CreatedDate":"2016-09-20T23:24:06.000Z","ModifiedDate":"2022-01-20T17:34:18.000Z","StatedArea":null,"ErrorReportedBy":"LSA","Municipality":"0163","OBJECTID":49840,"created_user":"SDE","created_date":"2024-11-12T16:15:31.000Z","last_edited_user":"SDE","last_edited_date":"2026-03-25T16:06:10.000Z","Shape__Area":269.6241907,"Shape__Length":76.11884945723061,"CommonName":null,"SourceGlobalID":"{3BFC2EA9-0368-4277-9889-63FA9FE8287B}","Comments":null,"UpdateStatus":"AUTO","UpdateSource":"PMBC"}},{"type":"Feature","geometry":{"type":"Polygon","coordinates":[[[-118.684715,49.07695],[-118.684713,49.07686],[-118.68513,49.076856],[-118.685132,49.076946],[-118.684715,49.07695]]]},"properties":{"GlobalID":"{A5469229-2396-4CA2-8740-4AA06CA5D440}","Name":"012790320","PlanID":"{E6CCA1B6-13F5-4401-972C-9541DC39E4B8}","PlanNumber":"KAP24","PIN":24398681,"PID":12790320,"Designation1":"Lot 2","Designation2":"Block 13","Designation3":null,"ParcelStatus":"ACTIVE","RegionalDistrict":"0019","ParcelClass":"SUBDIVISION","SourceParcelID":null,"GeometrySource":"PMBC-OPERATIONS","IsRemainder":"NO","ParcelStartDate":null,"PositionalError":0.5728086,"LegalDescription":"LOT 2 BLOCK 13 SECTION 32 TOWNSHIP 70 SIMILKAMEEN DIVISION YALE DISTRICT PLAN 24","CaptureMethod":"COGO","OwnerType":"CROWN PROVINCIAL","Compiled":1,"CreatedDate":"2016-09-20T23:24:06.000Z","ModifiedDate":"2022-01-20T17:34:21.000Z","StatedArea":null,"ErrorReportedBy":"LSA","Municipality":"0163","OBJECTID":49841,"created_user":"SDE","created_date":"2024-11-12T16:15:31.000Z","last_edited_user":"SDE","last_edited_date":"2026-03-25T16:06:10.000Z","Shape__Area":306.55531311,"Shape__Length":81.07402198869569,"CommonName":null,"SourceGlobalID":"{B9061618-2B01-45C7-BD87-A11B38D35508}","Comments":null,"UpdateStatus":"AUTO","UpdateSource":"PMBC"}},{"type":"Feature","geometry":{"type":"Polygon","coordinates":[[[-118.686369,49.077025],[-118.686371,49.077116],[-118.68597,49.077119],[-118.685953,49.07712],[-118.685952,49.077029],[-118.686369,49.077025]]]},"properties":{"GlobalID":"{094A9F3D-C8ED-4D72-B0BA-95F95F41C99D}","Name":"012790621","PlanID":"{E6CCA1B6-13F5-4401-972C-9541DC39E4B8}","PlanNumber":"KAP24","PIN":null,"PID":12790621,"Designation1":"Lot 4","Designation2":"Block 16","Designation3":null,"ParcelStatus":"ACTIVE","RegionalDistrict":"0019","ParcelClass":"SUBDIVISION","SourceParcelID":null,"GeometrySource":"PMBC-OPERATIONS","IsRemainder":"NO","ParcelStartDate":null,"PositionalError":0.46069478,"LegalDescription":"LOT 4 BLOCK 16 SECTION 32 TOWNSHIP 70 SIMILKAMEEN DIVISION YALE DISTRICT PLAN 24","CaptureMethod":"COGO","OwnerType":"PRIVATE","Compiled":1,"CreatedDate":"2016-09-20T23:24:06.000Z","ModifiedDate":"2022-01-20T17:34:14.000Z","StatedArea":null,"ErrorReportedBy":"LSA","Municipality":"0163","OBJECTID":49842,"created_user":"SDE","created_date":"2024-11-12T16:15:31.000Z","last_edited_user":"SDE","last_edited_date":"2026-03-25T16:06:10.000Z","Shape__Area":306.15247695,"Shape__Length":81.04243987631403,"CommonName":null,"SourceGlobalID":"{CC467FA1-8677-4975-887B-43945BBAB0AC}","Comments":null,"UpdateStatus":"AUTO","UpdateSource":"PMBC"}},{"type":"Feature","geometry":{"type":"Polygon","coordinates":[[[-118.68445,49.080316],[-118.684032,49.080319],[-118.684031,49.080229],[-118.684448,49.080225],[-118.68445,49.080316]]]},"properties":{"GlobalID":"{BDEBE1C9-9085-438B-A189-F6DD61549DB4}","Name":"012786098","PlanID":"{E6CCA1B6-13F5-4401-972C-9541DC39E4B8}","PlanNumber":"KAP24","PIN":null,"PID":12786098,"Designation1":"Lot 11","Designation2":"Block 6","Designation3":null,"ParcelStatus":"ACTIVE","RegionalDistrict":"0019","ParcelClass":"SUBDIVISION","SourceParcelID":null,"GeometrySource":"PMBC-OPERATIONS","IsRemainder":"NO","ParcelStartDate":null,"PositionalError":0.92579578,"LegalDescription":"LOT 11 BLOCK 6 SECTION 32 TOWNSHIP 70 SIMILKAMEEN DIVISION YALE DISTRICT PLAN 24","CaptureMethod":"COGO","OwnerType":"PRIVATE","Compiled":1,"CreatedDate":"2016-09-20T23:24:06.000Z","ModifiedDate":"2022-01-20T17:34:10.000Z","StatedArea":null,"ErrorReportedBy":"LSA","Municipality":"0163","OBJECTID":49843,"created_user":"SDE","created_date":"2024-11-12T16:15:31.000Z","last_edited_user":"SDE","last_edited_date":"2026-03-25T16:06:10.000Z","Shape__Area":306.42321962,"Shape__Length":81.05933384290644,"CommonName":null,"SourceGlobalID":"{533CF13C-CB67-4C39-9799-BB0A063E7F82}","Comments":null,"UpdateStatus":"AUTO","UpdateSource":"PMBC"}},{"type":"Feature","geometry":{"type":"Polygon","coordinates":[[[-118.682711,49.078009],[-118.682293,49.078014],[-118.682291,49.077929],[-118.682708,49.077924],[-118.682711,49.078009]]]},"properties":{"GlobalID":"{26B2673A-03BB-49D7-AC50-CB4B08E520C8}","Name":"012718271","PlanID":"{EF69E8E0-575B-4D1C-B751-6A4B02AA77B6}","PlanNumber":"KAP115","PIN":10332841,"PID":12718271,"Designation1":"Lot 14","Designation2":"Block 4","Designation3":null,"ParcelStatus":"ACTIVE","RegionalDistrict":"0019","ParcelClass":"SUBDIVISION","SourceParcelID":null,"GeometrySource":"PMBC-OPERATIONS","IsRemainder":"NO","ParcelStartDate":null,"PositionalError":0.97328504,"LegalDescription":"LOT 14 BLOCK 4 DISTRICT LOT 914 SIMILKAMEEN DIVISION YALE DISTRICT PLAN 115","CaptureMethod":"COGO","OwnerType":"CROWN PROVINCIAL","Compiled":1,"CreatedDate":"2016-09-20T23:24:06.000Z","ModifiedDate":"2022-01-20T17:34:21.000Z","StatedArea":null,"ErrorReportedBy":"LSA","Municipality":"0163","OBJECTID":49844,"created_user":"SDE","created_date":"2024-11-12T16:15:31.000Z","last_edited_user":"SDE","last_edited_date":"2026-03-25T16:06:10.000Z","Shape__Area":287.838875215,"Shape__Length":79.83573931737223,"CommonName":null,"SourceGlobalID":"{F275AC8B-F87A-4792-8F1C-29626DBBE10D}","Comments":null,"UpdateStatus":"AUTO","UpdateSource":"PMBC"}},{"type":"Feature","geometry":{"type":"Polygon","coordinates":[[[-118.682277,49.077427],[-118.682275,49.077337],[-118.682692,49.077332],[-118.682694,49.077422],[-118.682277,49.077427]]]},"properties":{"GlobalID":"{A052D5AB-10C9-4441-B0AB-0F7D8D5EBB90}","Name":"012718173","PlanID":"{EF69E8E0-575B-4D1C-B751-6A4B02AA77B6}","PlanNumber":"KAP115","PIN":10331801,"PID":12718173,"Designation1":"Lot 7","Designation2":"Block 4","Designation3":null,"ParcelStatus":"ACTIVE","RegionalDistrict":"0019","ParcelClass":"SUBDIVISION","SourceParcelID":null,"GeometrySource":"PMBC-OPERATIONS","IsRemainder":"NO","ParcelStartDate":null,"PositionalError":0.71601075,"LegalDescription":"LOT 7 BLOCK 4 DISTRICT LOT 914 SIMILKAMEEN DIVISION YALE DISTRICT PLAN 115","CaptureMethod":"COGO","OwnerType":"CROWN PROVINCIAL","Compiled":1,"CreatedDate":"2016-09-20T23:24:06.000Z","ModifiedDate":"2022-01-20T17:34:10.000Z","StatedArea":null,"ErrorReportedBy":"LSA","Municipality":"0163","OBJECTID":49845,"created_user":"SDE","created_date":"2024-11-12T16:15:31.000Z","last_edited_user":"SDE","last_edited_date":"2026-03-25T16:06:10.000Z","Shape__Area":306.412566845,"Shape__Length":81.05494716435221,"CommonName":null,"SourceGlobalID":"{A6F8D028-2472-4F3F-80B1-0A90E27859EA}","Comments":null,"UpdateStatus":"AUTO","UpdateSource":"PMBC"}},{"type":"Feature","geometry":{"type":"Polygon","coordinates":[[[-118.689325,49.077271],[-118.688909,49.077275],[-118.688907,49.077183],[-118.689323,49.07718],[-118.689325,49.077271]]]},"properties":{"GlobalID":"{09D7C62D-921B-4D29-9C4E-AE1811C2F875}","Name":"012814369","PlanID":"{E6CCA1B6-13F5-4401-972C-9541DC39E4B8}","PlanNumber":"KAP24","PIN":24403721,"PID":12814369,"Designation1":"Lot 9","Designation2":"Block 27","Designation3":null,"ParcelStatus":"ACTIVE","RegionalDistrict":"0019","ParcelClass":"SUBDIVISION","SourceParcelID":null,"GeometrySource":"PMBC-OPERATIONS","IsRemainder":"NO","ParcelStartDate":null,"PositionalError":2.62121132,"LegalDescription":"LOT 9 BLOCK 27 SECTION 32 TOWNSHIP 70 SIMILKAMEEN DIVISION YALE DISTRICT PLAN 24","CaptureMethod":"COGO","OwnerType":"PRIVATE","Compiled":1,"CreatedDate":"2016-09-20T23:24:06.000Z","ModifiedDate":"2022-01-20T17:34:06.000Z","StatedArea":null,"ErrorReportedBy":"LSA","Municipality":"0163","OBJECTID":49846,"created_user":"SDE","created_date":"2024-11-12T16:15:31.000Z","last_edited_user":"SDE","last_edited_date":"2026-03-25T16:06:10.000Z","Shape__Area":308.134787325,"Shape__Length":81.09403627277236,"CommonName":null,"SourceGlobalID":"{4AA48A1C-0A83-405A-8B49-2FD20C897539}","Comments":null,"UpdateStatus":"AUTO","UpdateSource":"PMBC"}},{"type":"Feature","geometry":{"type":"Polygon","coordinates":[[[-118.686357,49.076409],[-118.68594,49.076412],[-118.685938,49.076323],[-118.686355,49.076319],[-118.686357,49.076409]]]},"properties":{"GlobalID":"{ACE31C55-399B-4AE6-9322-C93116D75C31}","Name":"006433065","PlanID":"{E6CCA1B6-13F5-4401-972C-9541DC39E4B8}","PlanNumber":"KAP24","PIN":null,"PID":6433065,"Designation1":"Lot 5","Designation2":"Block 15","Designation3":null,"ParcelStatus":"ACTIVE","RegionalDistrict":"0019","ParcelClass":"SUBDIVISION","SourceParcelID":null,"GeometrySource":"PMBC-OPERATIONS","IsRemainder":"NO","ParcelStartDate":null,"PositionalError":0.67390687,"LegalDescription":"LOT 5 BLOCK 15 SECTION 32 TOWNSHIP 70 SIMILKAMEEN DIVISION YALE DISTRICT PLAN 24","CaptureMethod":"COGO","OwnerType":"PRIVATE","Compiled":1,"CreatedDate":"2016-09-20T23:24:06.000Z","ModifiedDate":"2022-01-20T17:34:04.000Z","StatedArea":null,"ErrorReportedBy":"LSA","Municipality":"0163","OBJECTID":49847,"created_user":"SDE","created_date":"2024-11-12T16:15:31.000Z","last_edited_user":"SDE","last_edited_date":"2026-03-25T16:06:10.000Z","Shape__Area":304.405959455,"Shape__Length":80.89385006203904,"CommonName":null,"SourceGlobalID":"{060F6489-EB3E-4150-AD3D-FF1EF01F665D}","Comments":null,"UpdateStatus":"AUTO","UpdateSource":"PMBC"}},{"type":"Feature","geometry":{"type":"Polygon","coordinates":[[[-118.686869,49.077853],[-118.686452,49.077856],[-118.686446,49.077551],[-118.686863,49.077547],[-118.686869,49.077853]]]},"properties":{"GlobalID":"{38DADBA0-21A0-4DD1-A83D-E21344FE1C32}","Name":"018359159","PlanID":"{E6CCA1B6-13F5-4401-972C-9541DC39E4B8}","PlanNumber":"KAP24","PIN":null,"PID":18359159,"Designation1":"Parcel A","Designation2":"Block 17","Designation3":null,"ParcelStatus":"ACTIVE","RegionalDistrict":"0019","ParcelClass":"SUBDIVISION","SourceParcelID":null,"GeometrySource":"PMBC-OPERATIONS","IsRemainder":"NO","ParcelStartDate":null,"PositionalError":0.37722139,"LegalDescription":"PARCEL A (KG84574) BLOCK 17 SECTION 32 TOWNSHIP 70 SIMILKAMEEN DIVISION YALE DISTRICT PLAN 24","CaptureMethod":"COGO","OwnerType":"PRIVATE","Compiled":1,"CreatedDate":"2016-09-20T23:24:06.000Z","ModifiedDate":"2022-01-20T17:34:21.000Z","StatedArea":null,"ErrorReportedBy":"LSA","Municipality":"0163","OBJECTID":49848,"created_user":"SDE","created_date":"2024-11-12T16:15:31.000Z","last_edited_user":"SDE","last_edited_date":"2026-03-25T16:06:10.000Z","Shape__Area":1035.92342851,"Shape__Length":128.93813818269177,"CommonName":null,"SourceGlobalID":"{20014030-977C-4C9F-AC6C-2338836E77DD}","Comments":null,"UpdateStatus":"AUTO","UpdateSource":"PMBC"}},{"type":"Feature","geometry":{"type":"Polygon","coordinates":[[[-118.687587,49.076217],[-118.68717,49.076221],[-118.687168,49.07613],[-118.687585,49.076127],[-118.687587,49.076217]]]},"properties":{"GlobalID":"{45C02B75-C347-48C0-BBDF-EC2C01CB8D4A}","Name":"006442196","PlanID":"{E6CCA1B6-13F5-4401-972C-9541DC39E4B8}","PlanNumber":"KAP24","PIN":null,"PID":6442196,"Designation1":"Lot 3","Designation2":"Block 25","Designation3":null,"ParcelStatus":"ACTIVE","RegionalDistrict":"0019","ParcelClass":"SUBDIVISION","SourceParcelID":null,"GeometrySource":"PMBC-OPERATIONS","IsRemainder":"NO","ParcelStartDate":null,"PositionalError":0.84134323,"LegalDescription":"LOT 3 BLOCK 25 SECTION 32 TOWNSHIP 70 SIMILKAMEEN DIVISION YALE DISTRICT PLAN 24","CaptureMethod":"COGO","OwnerType":"PRIVATE","Compiled":1,"CreatedDate":"2016-09-20T23:24:06.000Z","ModifiedDate":"2022-01-20T17:34:17.000Z","StatedArea":null,"ErrorReportedBy":"LSA","Municipality":"0163","OBJECTID":49849,"created_user":"SDE","created_date":"2024-11-12T16:15:31.000Z","last_edited_user":"SDE","last_edited_date":"2026-03-25T16:06:10.000Z","Shape__Area":306.68870605,"Shape__Length":81.06292927298479,"CommonName":null,"SourceGlobalID":"{EE0D8E21-4EEB-4D04-A440-86195111D644}","Comments":null,"UpdateStatus":"AUTO","UpdateSource":"PMBC"}},{"type":"Feature","geometry":{"type":"Polygon","coordinates":[[[-118.683958,49.079169],[-118.683959,49.079259],[-118.683541,49.079263],[-118.68354,49.079173],[-118.683958,49.079169]]]},"properties":{"GlobalID":"{A350A631-CA81-4040-B80A-BF98C0EFA052}","Name":"008192413","PlanID":"{E6CCA1B6-13F5-4401-972C-9541DC39E4B8}","PlanNumber":"KAP24","PIN":4172241,"PID":8192413,"Designation1":"Lot 1","Designation2":"Block 5","Designation3":null,"ParcelStatus":"ACTIVE","RegionalDistrict":"0019","ParcelClass":"SUBDIVISION","SourceParcelID":null,"GeometrySource":"PMBC-OPERATIONS","IsRemainder":"NO","ParcelStartDate":null,"PositionalError":0.85798895,"LegalDescription":"LOT 1 BLOCK 5 SECTION 32 TOWNNSHIP 70 SIMILKAMEEN DIVISION YALE DISTRICT PLAN 24","CaptureMethod":"COGO","OwnerType":"PRIVATE","Compiled":1,"CreatedDate":"2016-09-20T23:24:06.000Z","ModifiedDate":"2022-01-20T17:34:06.000Z","StatedArea":null,"ErrorReportedBy":"LSA","Municipality":"0163","OBJECTID":49850,"created_user":"SDE","created_date":"2024-11-12T16:15:31.000Z","last_edited_user":"SDE","last_edited_date":"2026-03-25T16:06:10.000Z","Shape__Area":306.19346945,"Shape__Length":81.0894660644412,"CommonName":null,"SourceGlobalID":"{1B0D4670-7B2D-46FA-AA4D-600B11F7CFB4}","Comments":null,"UpdateStatus":"AUTO","UpdateSource":"PMBC"}},{"type":"Feature","geometry":{"type":"Polygon","coordinates":[[[-118.686347,49.075957],[-118.68593,49.075961],[-118.685928,49.07587],[-118.686348,49.075864],[-118.686347,49.075957]]]},"properties":{"GlobalID":"{69C597D2-8BF6-4687-8F51-6F2E7090FFB2}","Name":"006432875","PlanID":"{E6CCA1B6-13F5-4401-972C-9541DC39E4B8}","PlanNumber":"KAP24","PIN":null,"PID":6432875,"Designation1":"Lot A","Designation2":"Block 15","Designation3":null,"ParcelStatus":"ACTIVE","RegionalDistrict":"0019","ParcelClass":"SUBDIVISION","SourceParcelID":null,"GeometrySource":"PMBC-OPERATIONS","IsRemainder":"NO","ParcelStartDate":null,"PositionalError":1.07781037,"LegalDescription":"LOT A BLOCK 15 SECTION 32 TOWNSHIP 70 SIMILKAMEEN DIVISION YALE DISTRICT PLAN 24","CaptureMethod":"COGO","OwnerType":"PRIVATE","Compiled":1,"CreatedDate":"2016-09-20T23:24:06.000Z","ModifiedDate":"2022-01-20T17:34:14.000Z","StatedArea":null,"ErrorReportedBy":"LSA","Municipality":"0163","OBJECTID":49851,"created_user":"SDE","created_date":"2024-11-12T16:15:31.000Z","last_edited_user":"SDE","last_edited_date":"2026-03-25T16:06:10.000Z","Shape__Area":311.47141979,"Shape__Length":81.53193038798715,"CommonName":null,"SourceGlobalID":"{9169903B-3C15-48C0-8E2F-DF6240BD764A}","Comments":null,"UpdateStatus":"AUTO","UpdateSource":"PMBC"}},{"type":"Feature","geometry":{"type":"Polygon","coordinates":[[[-118.684034,49.080409],[-118.684032,49.080319],[-118.68445,49.080316],[-118.684451,49.080406],[-118.684034,49.080409]]]},"properties":{"GlobalID":"{C76C8B57-EA96-483F-AB0F-D13556D6CC27}","Name":"012786080","PlanID":"{E6CCA1B6-13F5-4401-972C-9541DC39E4B8}","PlanNumber":"KAP24","PIN":null,"PID":12786080,"Designation1":"Lot 10","Designation2":"Block 6","Designation3":null,"ParcelStatus":"ACTIVE","RegionalDistrict":"0019","ParcelClass":"SUBDIVISION","SourceParcelID":null,"GeometrySource":"PMBC-OPERATIONS","IsRemainder":"NO","ParcelStartDate":null,"PositionalError":0.88834291,"LegalDescription":"LOT 10 BLOCK 6 SECTION 32 TOWNSHIP 70 SIMILKAMEEN DIVISION YALE DISTRICT PLAN 24","CaptureMethod":"COGO","OwnerType":"PRIVATE","Compiled":1,"CreatedDate":"2016-09-20T23:24:06.000Z","ModifiedDate":"2022-01-20T17:34:18.000Z","StatedArea":null,"ErrorReportedBy":"LSA","Municipality":"0163","OBJECTID":49852,"created_user":"SDE","created_date":"2024-11-12T16:15:31.000Z","last_edited_user":"SDE","last_edited_date":"2026-03-25T16:06:10.000Z","Shape__Area":306.42956432,"Shape__Length":81.06018164977705,"CommonName":null,"SourceGlobalID":"{D2643E9F-4C63-418C-BE63-B33BC22E6A06}","Comments":null,"UpdateStatus":"AUTO","UpdateSource":"PMBC"}},{"type":"Feature","geometry":{"type":"Polygon","coordinates":[[[-118.683924,49.07616],[-118.683506,49.076163],[-118.683506,49.076073],[-118.683923,49.076069],[-118.683924,49.07616]]]},"properties":{"GlobalID":"{99189FEA-D309-4085-9DF2-CCB718A77299}","Name":"012781819","PlanID":"{E6CCA1B6-13F5-4401-972C-9541DC39E4B8}","PlanNumber":"KAP24","PIN":24394041,"PID":12781819,"Designation1":"Lot 2","Designation2":"Block 1","Designation3":null,"ParcelStatus":"ACTIVE","RegionalDistrict":"0019","ParcelClass":"SUBDIVISION","SourceParcelID":null,"GeometrySource":"PMBC-OPERATIONS","IsRemainder":"NO","ParcelStartDate":null,"PositionalError":0.05605691,"LegalDescription":"LOT 2 BLOCK 1 SECTION 32 TOWNSHIP 70 SIMILKAMEEN DIVISION YALE DISTRICT PLAN 24","CaptureMethod":"COGO","OwnerType":"CROWN PROVINCIAL","Compiled":1,"CreatedDate":"2016-09-20T23:24:06.000Z","ModifiedDate":"2022-01-20T17:34:17.000Z","StatedArea":null,"ErrorReportedBy":"LSA","Municipality":"0163","OBJECTID":49853,"created_user":"SDE","created_date":"2024-11-12T16:15:31.000Z","last_edited_user":"SDE","last_edited_date":"2026-03-25T16:06:10.000Z","Shape__Area":306.49251703,"Shape__Length":81.0608252058192,"CommonName":null,"SourceGlobalID":"{65144D9A-8805-4C35-9ACA-0297865E4AD5}","Comments":null,"UpdateStatus":"AUTO","UpdateSource":"PMBC"}},{"type":"Feature","geometry":{"type":"Polygon","coordinates":[[[-118.684783,49.080319],[-118.685181,49.080315],[-118.685199,49.080315],[-118.6852,49.080349],[-118.685069,49.080407],[-118.684784,49.080409],[-118.684783,49.080319]]]},"properties":{"GlobalID":"{C53FA7A8-E99C-49DE-A1B8-7876012C24AF}","Name":"012786471","PlanID":"{F21644BF-ED25-4569-85AC-B882D45FA2DF}","PlanNumber":"KAP8332B","PIN":null,"PID":12786471,"Designation1":"Lot 5","Designation2":"Block 9","Designation3":null,"ParcelStatus":"ACTIVE","RegionalDistrict":"0019","ParcelClass":"SUBDIVISION","SourceParcelID":null,"GeometrySource":"PMBC-OPERATIONS","IsRemainder":"NO","ParcelStartDate":null,"PositionalError":0.6058772,"LegalDescription":"THAT PART LOT 5 SHOWN OUTLINED RED ON PLAN B8332 BLOCK 9 SECTION 32 TOWNSHIP 70 SIMILKAMEEN DIVISION YALE DISTRICT PLAN 24","CaptureMethod":"COGO","OwnerType":"CROWN PROVINCIAL","Compiled":1,"CreatedDate":"2016-09-20T23:24:06.000Z","ModifiedDate":"2025-10-27T22:37:46.000Z","StatedArea":null,"ErrorReportedBy":"LSA","Municipality":"0163","OBJECTID":49854,"created_user":"SDE","created_date":"2024-11-12T16:15:31.000Z","last_edited_user":"SDE","last_edited_date":"2026-03-25T16:06:10.000Z","Shape__Area":275.75148631,"Shape__Length":76.57623230612715,"CommonName":null,"SourceGlobalID":"{9A0DAF84-FAAE-4F7D-8C65-E75121CC986B}","Comments":null,"UpdateStatus":"AUTO","UpdateSource":"PMBC"}},{"type":"Feature","geometry":{"type":"Polygon","coordinates":[[[-118.687591,49.076398],[-118.687174,49.076402],[-118.687172,49.076311],[-118.687589,49.076307],[-118.687591,49.076398]]]},"properties":{"GlobalID":"{2D829741-19D2-42E5-AC6E-9128B4FA7596}","Name":"006442285","PlanID":"{E6CCA1B6-13F5-4401-972C-9541DC39E4B8}","PlanNumber":"KAP24","PIN":null,"PID":6442285,"Designation1":"Lot 5","Designation2":"Block 25","Designation3":null,"ParcelStatus":"ACTIVE","RegionalDistrict":"0019","ParcelClass":"SUBDIVISION","SourceParcelID":null,"GeometrySource":"PMBC-OPERATIONS","IsRemainder":"NO","ParcelStartDate":null,"PositionalError":0.67390687,"LegalDescription":"LOT 5 BLOCK 25 SECTION 32 TOWNSHIP 70 SIMILKAMEEN DIVISION YALE DISTRICT PLAN 24","CaptureMethod":"COGO","OwnerType":"PRIVATE","Compiled":1,"CreatedDate":"2016-09-20T23:24:06.000Z","ModifiedDate":"2022-01-20T17:34:19.000Z","StatedArea":null,"ErrorReportedBy":"LSA","Municipality":"0163","OBJECTID":49855,"created_user":"SDE","created_date":"2024-11-12T16:15:31.000Z","last_edited_user":"SDE","last_edited_date":"2026-03-25T16:06:10.000Z","Shape__Area":306.15684366,"Shape__Length":80.9765321333873,"CommonName":null,"SourceGlobalID":"{D5A727AD-CBF5-4C21-853F-4BDD7A853B8C}","Comments":null,"UpdateStatus":"AUTO","UpdateSource":"PMBC"}},{"type":"Feature","geometry":{"type":"Polygon","coordinates":[[[-118.685676,49.079948],[-118.685678,49.080039],[-118.685357,49.080042],[-118.685532,49.07995],[-118.685676,49.079948]]]},"properties":{"GlobalID":"{4CB3D6B5-5884-464D-A5BC-CEC2A3F965E2}","Name":"012788376","PlanID":"{F21644BF-ED25-4569-85AC-B882D45FA2DF}","PlanNumber":"KAP8332B","PIN":null,"PID":12788376,"Designation1":"Lot 14","Designation2":"Block 9","Designation3":null,"ParcelStatus":"ACTIVE","RegionalDistrict":"0019","ParcelClass":"SUBDIVISION","SourceParcelID":null,"GeometrySource":"PMBC-OPERATIONS","IsRemainder":"NO","ParcelStartDate":null,"PositionalError":0.50132992,"LegalDescription":"THAT PART LOT 14 SHOWN OUTLINED RED ON PLAN B8332 BLOCK 9 SECTION 32 TOWNSHIP 70 SIMILKAMEEN DIVISION YALE DISTRICT PLAN 24","CaptureMethod":"COGO","OwnerType":"CROWN PROVINCIAL","Compiled":1,"CreatedDate":"2016-09-20T23:24:06.000Z","ModifiedDate":"2022-01-20T17:34:03.000Z","StatedArea":null,"ErrorReportedBy":"LSA","Municipality":"0163","OBJECTID":49856,"created_user":"SDE","created_date":"2024-11-12T16:15:31.000Z","last_edited_user":"SDE","last_edited_date":"2026-03-25T16:06:10.000Z","Shape__Area":170.003331975,"Shape__Length":60.28993337279425,"CommonName":null,"SourceGlobalID":"{9EB19040-A3C1-43ED-AAD9-DC315F01E136}","Comments":null,"UpdateStatus":"AUTO","UpdateSource":"PMBC"}},{"type":"Feature","geometry":{"type":"Polygon","coordinates":[[[-118.682697,49.077505],[-118.682279,49.07751],[-118.682277,49.077427],[-118.682694,49.077422],[-118.682697,49.077505]]]},"properties":{"GlobalID":"{6C11E4A4-13E2-4D70-86B9-BE2CB93925D9}","Name":"012718190","PlanID":"{EF69E8E0-575B-4D1C-B751-6A4B02AA77B6}","PlanNumber":"KAP115","PIN":10331931,"PID":12718190,"Designation1":"Lot 8","Designation2":"Block 4","Designation3":null,"ParcelStatus":"ACTIVE","RegionalDistrict":"0019","ParcelClass":"SUBDIVISION","SourceParcelID":null,"GeometrySource":"PMBC-OPERATIONS","IsRemainder":"NO","ParcelStartDate":null,"PositionalError":0.758849,"LegalDescription":"LOT 8 BLOCK 4 DISTRICT LOT 914 SIMILKAMEEN DIVISION YALE DISTRICT PLAN 115","CaptureMethod":"COGO","OwnerType":"CROWN PROVINCIAL","Compiled":1,"CreatedDate":"2016-09-20T23:24:06.000Z","ModifiedDate":"2022-01-20T17:34:02.000Z","StatedArea":null,"ErrorReportedBy":"LSA","Municipality":"0163","OBJECTID":49857,"created_user":"SDE","created_date":"2024-11-12T16:15:31.000Z","last_edited_user":"SDE","last_edited_date":"2026-03-25T16:06:10.000Z","Shape__Area":278.553420525,"Shape__Length":79.22643259206545,"CommonName":null,"SourceGlobalID":"{26332229-864F-4B65-A5A7-5FFA2F74A87E}","Comments":null,"UpdateStatus":"AUTO","UpdateSource":"PMBC"}},{"type":"Feature","geometry":{"type":"Polygon","coordinates":[[[-118.686481,49.079325],[-118.686828,49.079328],[-118.686718,49.079418],[-118.686718,49.079418],[-118.686483,49.079415],[-118.686481,49.079325]]]},"properties":{"GlobalID":"{AD62D4B4-0027-4210-B79F-E90204B49564}","Name":"012791245","PlanID":"{F21644BF-ED25-4569-85AC-B882D45FA2DF}","PlanNumber":"KAP8332B","PIN":null,"PID":12791245,"Designation1":"Lot 12","Designation2":"Block 19","Designation3":null,"ParcelStatus":"ACTIVE","RegionalDistrict":"0019","ParcelClass":"SUBDIVISION","SourceParcelID":null,"GeometrySource":"PMBC-OPERATIONS","IsRemainder":"NO","ParcelStartDate":null,"PositionalError":0.4778991,"LegalDescription":"THAT PART LOT 12 SHOWN OUTLINED RED ON PLAN B8332 BLOCK 19 SECTION 32 TOWNSHIP 70 SIMILKAMEEN DIVISION YALE DISTRICT PLAN 24","CaptureMethod":"COGO","OwnerType":"CROWN PROVINCIAL","Compiled":1,"CreatedDate":"2016-09-20T23:24:06.000Z","ModifiedDate":"2025-10-27T22:37:46.000Z","StatedArea":null,"ErrorReportedBy":"LSA","Municipality":"0163","OBJECTID":49858,"created_user":"SDE","created_date":"2024-11-12T16:15:31.000Z","last_edited_user":"SDE","last_edited_date":"2026-03-25T16:06:10.000Z","Shape__Area":213.887608425,"Shape__Length":65.34775007606247,"CommonName":null,"SourceGlobalID":"{60681D48-A0EC-46DE-9250-704E0E797EF4}","Comments":null,"UpdateStatus":"AUTO","UpdateSource":"PMBC"}},{"type":"Feature","geometry":{"type":"Polygon","coordinates":[[[-118.684448,49.080225],[-118.684031,49.080229],[-118.684029,49.080153],[-118.684051,49.080138],[-118.684446,49.080135],[-118.684448,49.080225]]]},"properties":{"GlobalID":"{5BE5C4FD-C039-42F8-B8F2-D4E1AADBC296}","Name":"001821890","PlanID":"{E6CCA1B6-13F5-4401-972C-9541DC39E4B8}","PlanNumber":"KAP24","PIN":null,"PID":1821890,"Designation1":"Lot 12","Designation2":"Block 6","Designation3":null,"ParcelStatus":"ACTIVE","RegionalDistrict":"0019","ParcelClass":"SUBDIVISION","SourceParcelID":null,"GeometrySource":"PMBC-OPERATIONS","IsRemainder":"NO","ParcelStartDate":null,"PositionalError":0.95884243,"LegalDescription":"LOT 12 BLOCK 6 SECTION 32 TOWNSHIP 70 SIMILKAMEEN DIVISION YALE DISTRICT PLAN 24","CaptureMethod":"COGO","OwnerType":"PRIVATE","Compiled":1,"CreatedDate":"2016-09-20T23:24:06.000Z","ModifiedDate":"2022-01-20T17:34:18.000Z","StatedArea":null,"ErrorReportedBy":"LSA","Municipality":"0163","OBJECTID":49859,"created_user":"SDE","created_date":"2024-11-12T16:15:31.000Z","last_edited_user":"SDE","last_edited_date":"2026-03-25T16:06:10.000Z","Shape__Area":305.08715857,"Shape__Length":80.10380768874036,"CommonName":null,"SourceGlobalID":"{783540EA-D036-40BF-8962-DB2B396C02F5}","Comments":null,"UpdateStatus":"AUTO","UpdateSource":"PMBC"}},{"type":"Feature","geometry":{"type":"Polygon","coordinates":[[[-118.684014,49.078206],[-118.684009,49.077845],[-118.684404,49.077841],[-118.684413,49.078203],[-118.684014,49.078206]]]},"properties":{"GlobalID":"{639DCAD1-4A19-47C8-850C-DD272D8C5A53}","Name":"004597711","PlanID":"{6A2B0D34-15FC-4D87-8419-9006FD85F866}","PlanNumber":"KAP28267","PIN":null,"PID":4597711,"Designation1":"Lot Y","Designation2":null,"Designation3":null,"ParcelStatus":"ACTIVE","RegionalDistrict":"0019","ParcelClass":"SUBDIVISION","SourceParcelID":null,"GeometrySource":"PMBC-OPERATIONS","IsRemainder":"NO","ParcelStartDate":null,"PositionalError":0.46534579,"LegalDescription":"LOT Y SECTION 32 TOWNSHIP 70 SIMILKAMEEN DIVISION YALE DISTRICT PLAN 28267","CaptureMethod":"COGO","OwnerType":"CROWN PROVINCIAL","Compiled":1,"CreatedDate":"2016-09-20T23:24:06.000Z","ModifiedDate":"2022-01-20T17:34:15.000Z","StatedArea":null,"ErrorReportedBy":"LSA","Municipality":"0163","OBJECTID":49860,"created_user":"SDE","created_date":"2024-11-12T16:15:31.000Z","last_edited_user":"SDE","last_edited_date":"2026-03-25T16:06:10.000Z","Shape__Area":1168.55349684,"Shape__Length":138.55607524542356,"CommonName":null,"SourceGlobalID":"{482FE024-06DC-49FA-8204-AD44C4C4B44C}","Comments":null,"UpdateStatus":"AUTO","UpdateSource":"PMBC"}},{"type":"Feature","geometry":{"type":"Polygon","coordinates":[[[-118.682284,49.077674],[-118.682701,49.077669],[-118.682703,49.077754],[-118.682286,49.077759],[-118.682284,49.077674]]]},"properties":{"GlobalID":"{D51224C1-EED3-4258-8DC0-2942659702EE}","Name":"012718238","PlanID":"{EF69E8E0-575B-4D1C-B751-6A4B02AA77B6}","PlanNumber":"KAP115","PIN":10332391,"PID":12718238,"Designation1":"Lot 11","Designation2":"Block 4","Designation3":null,"ParcelStatus":"ACTIVE","RegionalDistrict":"0019","ParcelClass":"SUBDIVISION","SourceParcelID":null,"GeometrySource":"PMBC-OPERATIONS","IsRemainder":"NO","ParcelStartDate":null,"PositionalError":0.8738237,"LegalDescription":"LOT 11 BLOCK 4 DISTRICT LOT 914 SIMILKAMEEN DIVISION YALE DISTRICT PLAN 115","CaptureMethod":"COGO","OwnerType":"CROWN PROVINCIAL","Compiled":1,"CreatedDate":"2016-09-20T23:24:06.000Z","ModifiedDate":"2025-10-27T22:37:46.000Z","StatedArea":null,"ErrorReportedBy":"LSA","Municipality":"0163","OBJECTID":49861,"created_user":"SDE","created_date":"2024-11-12T16:15:31.000Z","last_edited_user":"SDE","last_edited_date":"2026-03-25T16:06:10.000Z","Shape__Area":287.840752225,"Shape__Length":79.83613851627588,"CommonName":null,"SourceGlobalID":"{B44CB02F-8799-4289-A7AE-AF0277C52FF2}","Comments":null,"UpdateStatus":"AUTO","UpdateSource":"PMBC"}},{"type":"Feature","geometry":{"type":"Polygon","coordinates":[[[-118.685187,49.080134],[-118.685196,49.080134],[-118.685198,49.080225],[-118.685129,49.080225],[-118.684982,49.080227],[-118.6851,49.080173],[-118.685187,49.080134]]]},"properties":{"GlobalID":"{A4FA7C86-A576-46D7-8833-8E6EB95949DE}","Name":"001970011","PlanID":"{F21644BF-ED25-4569-85AC-B882D45FA2DF}","PlanNumber":"KAP8332B","PIN":null,"PID":1970011,"Designation1":"Lot 3","Designation2":"Block 9","Designation3":null,"ParcelStatus":"ACTIVE","RegionalDistrict":"0019","ParcelClass":"SUBDIVISION","SourceParcelID":null,"GeometrySource":"PMBC-OPERATIONS","IsRemainder":"NO","ParcelStartDate":null,"PositionalError":0.5696616,"LegalDescription":"THAT PART OF LOT 3 SHOWN OUTLINED RED ON PLAN B8332 BLOCK 9 SECTION 32 TOWNSHIP 70 SIMILKAMEEN DIVISION YALE DISTRICT PLAN 24","CaptureMethod":"COGO","OwnerType":"CROWN PROVINCIAL","Compiled":1,"CreatedDate":"2016-09-20T23:24:06.000Z","ModifiedDate":"2025-10-27T22:37:46.000Z","StatedArea":null,"ErrorReportedBy":"LSA","Municipality":"0163","OBJECTID":49862,"created_user":"SDE","created_date":"2024-11-12T16:15:31.000Z","last_edited_user":"SDE","last_edited_date":"2026-03-25T16:06:10.000Z","Shape__Area":82.65692581,"Shape__Length":44.640246184434005,"CommonName":null,"SourceGlobalID":"{CDD009A1-64A4-4B3F-8DF4-06DD23B8F860}","Comments":null,"UpdateStatus":"AUTO","UpdateSource":"PMBC"}},{"type":"Feature","geometry":{"type":"Polygon","coordinates":[[[-118.687176,49.076492],[-118.687174,49.076402],[-118.687591,49.076398],[-118.687593,49.076488],[-118.687176,49.076492]]]},"properties":{"GlobalID":"{69378E0F-D231-40DB-9CC6-CE5EDACBEE48}","Name":"012793833","PlanID":"{E6CCA1B6-13F5-4401-972C-9541DC39E4B8}","PlanNumber":"KAP24","PIN":24401611,"PID":12793833,"Designation1":"Lot 6","Designation2":"Block 25","Designation3":null,"ParcelStatus":"ACTIVE","RegionalDistrict":"0019","ParcelClass":"SUBDIVISION","SourceParcelID":null,"GeometrySource":"PMBC-OPERATIONS","IsRemainder":"NO","ParcelStartDate":null,"PositionalError":0.5703607,"LegalDescription":"LOT 6 BLOCK 25 SECTION 32 TOWNSHIP 70 SIMILKAMEEN DIVISION YALE DISTRICT PLAN 24","CaptureMethod":"COGO","OwnerType":"PRIVATE","Compiled":1,"CreatedDate":"2016-09-20T23:24:06.000Z","ModifiedDate":"2022-01-20T17:34:04.000Z","StatedArea":null,"ErrorReportedBy":"LSA","Municipality":"0163","OBJECTID":49863,"created_user":"SDE","created_date":"2024-11-12T16:15:31.000Z","last_edited_user":"SDE","last_edited_date":"2026-03-25T16:06:10.000Z","Shape__Area":305.84100633,"Shape__Length":80.93538146515921,"CommonName":null,"SourceGlobalID":"{07C26CFA-621F-4017-8976-A7A87FE83D57}","Comments":null,"UpdateStatus":"AUTO","UpdateSource":"PMBC"}},{"type":"Feature","geometry":{"type":"Polygon","coordinates":[[[-118.683952,49.078734],[-118.683956,49.079005],[-118.683539,49.07901],[-118.683535,49.078738],[-118.683952,49.078734]]]},"properties":{"GlobalID":"{4925BC77-B5FD-408A-9671-382126A4F96B}","Name":"004597681","PlanID":"{6A2B0D34-15FC-4D87-8419-9006FD85F866}","PlanNumber":"KAP28267","PIN":null,"PID":4597681,"Designation1":"Lot V","Designation2":null,"Designation3":null,"ParcelStatus":"ACTIVE","RegionalDistrict":"0019","ParcelClass":"SUBDIVISION","SourceParcelID":null,"GeometrySource":"PMBC-OPERATIONS","IsRemainder":"NO","ParcelStartDate":null,"PositionalError":0.46216352,"LegalDescription":"LOT V SECTION 32 TOWNSHIP 70 SIMILKAMEEN DIVISION YALE DISTRICT PLAN 28267","CaptureMethod":"COGO","OwnerType":"PRIVATE","Compiled":1,"CreatedDate":"2016-09-20T23:24:06.000Z","ModifiedDate":"2022-01-20T17:34:16.000Z","StatedArea":null,"ErrorReportedBy":"LSA","Municipality":"0163","OBJECTID":49864,"created_user":"SDE","created_date":"2024-11-12T16:15:31.000Z","last_edited_user":"SDE","last_edited_date":"2026-03-25T16:06:10.000Z","Shape__Area":920.618341,"Shape__Length":121.37074182956559,"CommonName":null,"SourceGlobalID":"{7063A1B9-92CE-4251-AB57-160571B0C4BF}","Comments":null,"UpdateStatus":"AUTO","UpdateSource":"PMBC"}},{"type":"Feature","geometry":{"type":"Polygon","coordinates":[[[-118.682267,49.077066],[-118.682684,49.077061],[-118.682687,49.077151],[-118.68227,49.077156],[-118.682267,49.077066]]]},"properties":{"GlobalID":"{EE361E48-94EB-412E-B66B-385D52B3421D}","Name":"012718114","PlanID":"{EF69E8E0-575B-4D1C-B751-6A4B02AA77B6}","PlanNumber":"KAP115","PIN":10331511,"PID":12718114,"Designation1":"Lot 4","Designation2":"Block 4","Designation3":null,"ParcelStatus":"ACTIVE","RegionalDistrict":"0019","ParcelClass":"SUBDIVISION","SourceParcelID":null,"GeometrySource":"PMBC-OPERATIONS","IsRemainder":"NO","ParcelStartDate":null,"PositionalError":0.56913675,"LegalDescription":"LOT 4 BLOCK 4 DISTRICT LOT 914 SIMILKAMEEN DIVISION YALE DISTRICT PLAN 115","CaptureMethod":"COGO","OwnerType":"CROWN PROVINCIAL","Compiled":1,"CreatedDate":"2016-09-20T23:24:06.000Z","ModifiedDate":"2022-01-20T17:34:09.000Z","StatedArea":null,"ErrorReportedBy":"LSA","Municipality":"0163","OBJECTID":49865,"created_user":"SDE","created_date":"2024-11-12T16:15:31.000Z","last_edited_user":"SDE","last_edited_date":"2026-03-25T16:06:10.000Z","Shape__Area":306.40901483,"Shape__Length":81.05464756688976,"CommonName":null,"SourceGlobalID":"{C94A072F-0D62-4C20-8A34-426919D37E69}","Comments":null,"UpdateStatus":"AUTO","UpdateSource":"PMBC"}},{"type":"Feature","geometry":{"type":"Polygon","coordinates":[[[-118.688843,49.077184],[-118.688844,49.077275],[-118.688428,49.077278],[-118.688426,49.077187],[-118.688843,49.077184]]]},"properties":{"GlobalID":"{A349696C-99F8-4049-93ED-570F79C710B9}","Name":"012814334","PlanID":"{E6CCA1B6-13F5-4401-972C-9541DC39E4B8}","PlanNumber":"KAP24","PIN":24403561,"PID":12814334,"Designation1":"Lot 6","Designation2":"Block 27","Designation3":null,"ParcelStatus":"ACTIVE","RegionalDistrict":"0019","ParcelClass":"SUBDIVISION","SourceParcelID":null,"GeometrySource":"PMBC-OPERATIONS","IsRemainder":"NO","ParcelStartDate":null,"PositionalError":0.64012585,"LegalDescription":"LOT 6 BLOCK 27 SECTION 32 TOWNSHIP 70 SIMILKAMEEN DIVISION YALE DISTRICT PLAN 24","CaptureMethod":"COGO","OwnerType":"PRIVATE","Compiled":1,"CreatedDate":"2016-09-20T23:24:06.000Z","ModifiedDate":"2022-01-20T17:34:09.000Z","StatedArea":null,"ErrorReportedBy":"LSA","Municipality":"0163","OBJECTID":49866,"created_user":"SDE","created_date":"2024-11-12T16:15:31.000Z","last_edited_user":"SDE","last_edited_date":"2026-03-25T16:06:10.000Z","Shape__Area":307.646220675,"Shape__Length":81.04845668178403,"CommonName":null,"SourceGlobalID":"{C0CEB816-6048-4441-846D-B7EB286C8695}","Comments":null,"UpdateStatus":"AUTO","UpdateSource":"PMBC"}},{"type":"Feature","geometry":{"type":"Polygon","coordinates":[[[-118.683932,49.076957],[-118.683515,49.076961],[-118.683513,49.076871],[-118.68393,49.076867],[-118.683932,49.076957]]]},"properties":{"GlobalID":"{BC497A59-B4DB-45AC-A592-CE6FE18E541F}","Name":"012784303","PlanID":"{E6CCA1B6-13F5-4401-972C-9541DC39E4B8}","PlanNumber":"KAP24","PIN":4170681,"PID":12784303,"Designation1":"Lot 2","Designation2":"Block 2","Designation3":null,"ParcelStatus":"ACTIVE","RegionalDistrict":"0019","ParcelClass":"SUBDIVISION","SourceParcelID":null,"GeometrySource":"PMBC-OPERATIONS","IsRemainder":"NO","ParcelStartDate":null,"PositionalError":0.57256381,"LegalDescription":"LOT 2 BLOCK 2 SECTION 32 TOWNSHIP 70 SIMILKAMEEN DIVISION YALE DISTRICT PLAN 24","CaptureMethod":"COGO","OwnerType":"CROWN PROVINCIAL","Compiled":1,"CreatedDate":"2016-09-20T23:24:06.000Z","ModifiedDate":"2022-01-20T17:34:10.000Z","StatedArea":null,"ErrorReportedBy":"LSA","Municipality":"0163","OBJECTID":49867,"created_user":"SDE","created_date":"2024-11-12T16:15:31.000Z","last_edited_user":"SDE","last_edited_date":"2026-03-25T16:06:10.000Z","Shape__Area":307.24890128,"Shape__Length":81.15717962135768,"CommonName":null,"SourceGlobalID":"{CD2F5595-B212-4633-A2DA-DDA7D091FFCF}","Comments":null,"UpdateStatus":"AUTO","UpdateSource":"PMBC"}},{"type":"Feature","geometry":{"type":"Polygon","coordinates":[[[-118.685263,49.080133],[-118.68563,49.080131],[-118.68563,49.080131],[-118.685456,49.080223],[-118.685265,49.080224],[-118.685263,49.080133]]]},"properties":{"GlobalID":"{9F2DBD94-844A-4B92-80C0-E38F2DCAA1F3}","Name":"012788350","PlanID":"{F21644BF-ED25-4569-85AC-B882D45FA2DF}","PlanNumber":"KAP8332B","PIN":null,"PID":12788350,"Designation1":"Lot 12","Designation2":"Block 9","Designation3":null,"ParcelStatus":"ACTIVE","RegionalDistrict":"0019","ParcelClass":"SUBDIVISION","SourceParcelID":null,"GeometrySource":"PMBC-OPERATIONS","IsRemainder":"NO","ParcelStartDate":null,"PositionalError":0.5735768,"LegalDescription":"THAT PART LOT 12 SHOWN OUTLINED RED ON PLAN B8332 BLOCK 9 SECTION 32 TOWNSHIP 70 SIMILKAMEEN DIVISION YALE DISTRICT PLAN 24","CaptureMethod":"COGO","OwnerType":"CROWN PROVINCIAL","Compiled":1,"CreatedDate":"2016-09-20T23:24:06.000Z","ModifiedDate":"2025-10-27T22:37:46.000Z","StatedArea":null,"ErrorReportedBy":"LSA","Municipality":"0163","OBJECTID":49868,"created_user":"SDE","created_date":"2024-11-12T16:15:31.000Z","last_edited_user":"SDE","last_edited_date":"2026-03-25T16:06:10.000Z","Shape__Area":205.33065741,"Shape__Length":67.11276680279788,"CommonName":null,"SourceGlobalID":"{E813467C-9DC5-4A3F-90EC-FF899DBA4D28}","Comments":null,"UpdateStatus":"AUTO","UpdateSource":"PMBC"}},{"type":"Feature","geometry":{"type":"Polygon","coordinates":[[[-118.685942,49.076503],[-118.68594,49.076412],[-118.686357,49.076409],[-118.686359,49.076499],[-118.685942,49.076503]]]},"properties":{"GlobalID":"{2AD8A550-1E97-42E6-81E2-EFE0E5F91225}","Name":"006433090","PlanID":"{E6CCA1B6-13F5-4401-972C-9541DC39E4B8}","PlanNumber":"KAP24","PIN":null,"PID":6433090,"Designation1":"Lot 6","Designation2":"Block 15","Designation3":null,"ParcelStatus":"ACTIVE","RegionalDistrict":"0019","ParcelClass":"SUBDIVISION","SourceParcelID":null,"GeometrySource":"PMBC-OPERATIONS","IsRemainder":"NO","ParcelStartDate":null,"PositionalError":0.5703607,"LegalDescription":"LOT 6 BLOCK 15 SECTION 32 TOWNSHIP 70 SIMILKAMEEN DIVISION YALE DISTRICT PLAN 24","CaptureMethod":"COGO","OwnerType":"PRIVATE","Compiled":1,"CreatedDate":"2016-09-20T23:24:06.000Z","ModifiedDate":"2022-01-20T17:34:07.000Z","StatedArea":null,"ErrorReportedBy":"LSA","Municipality":"0163","OBJECTID":49869,"created_user":"SDE","created_date":"2024-11-12T16:15:31.000Z","last_edited_user":"SDE","last_edited_date":"2026-03-25T16:06:10.000Z","Shape__Area":307.004659515,"Shape__Length":81.08719363742537,"CommonName":null,"SourceGlobalID":"{855AFE3B-8251-4FF1-BBAD-311B3392DF13}","Comments":null,"UpdateStatus":"AUTO","UpdateSource":"PMBC"}},{"type":"Feature","geometry":{"type":"Polygon","coordinates":[[[-118.685994,49.079148],[-118.686702,49.079142],[-118.686596,49.079228],[-118.686481,49.079321],[-118.686416,49.079382],[-118.686367,49.079415],[-118.686237,49.079504],[-118.686101,49.079597],[-118.686004,49.079664],[-118.685994,49.079148]]]},"properties":{"GlobalID":"{444471B6-C9F7-4603-AD54-FC5FFC320A49}","Name":"008801070","PlanID":"{D6327875-614B-4DBB-8A16-22DA5E825E05}","PlanNumber":"KAP15569","PIN":4178151,"PID":8801070,"Designation1":"Lot 1","Designation2":null,"Designation3":null,"ParcelStatus":"ACTIVE","RegionalDistrict":"0019","ParcelClass":"SUBDIVISION","SourceParcelID":null,"GeometrySource":"PMBC-OPERATIONS","IsRemainder":"NO","ParcelStartDate":null,"PositionalError":0.4430699,"LegalDescription":"LOT 1 SECTION 32 TOWNSHIP 70 SIMILKAMEEN DIVISION YALE DISTRICT PLAN 15569","CaptureMethod":"COGO","OwnerType":"PRIVATE","Compiled":1,"CreatedDate":"2016-09-20T23:24:06.000Z","ModifiedDate":"2022-01-20T17:34:09.000Z","StatedArea":null,"ErrorReportedBy":"LSA","Municipality":"0163","OBJECTID":49870,"created_user":"SDE","created_date":"2024-11-12T16:15:31.000Z","last_edited_user":"SDE","last_edited_date":"2026-03-25T16:06:10.000Z","Shape__Area":1549.68137732,"Shape__Length":186.3922524783024,"CommonName":null,"SourceGlobalID":"{A94EAEFE-441F-475A-89FA-8E6732535606}","Comments":null,"UpdateStatus":"AUTO","UpdateSource":"PMBC"}},{"type":"Feature","geometry":{"type":"Polygon","coordinates":[[[-118.685947,49.076758],[-118.686364,49.076754],[-118.686367,49.076935],[-118.68595,49.076939],[-118.685947,49.076758]]]},"properties":{"GlobalID":"{EE45233C-9281-4D26-8EC9-E6FCBFC5D749}","Name":"002908221","PlanID":"{07BFB220-C2BA-4C4E-B840-124F62149AA7}","PlanNumber":"KAP35014","PIN":null,"PID":2908221,"Designation1":"Lot A","Designation2":null,"Designation3":null,"ParcelStatus":"ACTIVE","RegionalDistrict":"0019","ParcelClass":"SUBDIVISION","SourceParcelID":null,"GeometrySource":"PMBC-OPERATIONS","IsRemainder":"NO","ParcelStartDate":null,"PositionalError":0.40218997,"LegalDescription":"LOT A SECTION 32 TOWNSHIP 70 SIMILKAMEEN DIVISION YALE DISTRICT PLAN 35014","CaptureMethod":"COGO","OwnerType":"PRIVATE","Compiled":1,"CreatedDate":"2016-09-20T23:24:06.000Z","ModifiedDate":"2022-01-20T17:34:03.000Z","StatedArea":null,"ErrorReportedBy":"LSA","Municipality":"0163","OBJECTID":49871,"created_user":"SDE","created_date":"2024-11-12T16:15:31.000Z","last_edited_user":"SDE","last_edited_date":"2026-03-25T16:06:10.000Z","Shape__Area":612.09374247,"Shape__Length":101.10891858550198,"CommonName":null,"SourceGlobalID":"{46FB3B71-6176-4BC0-819B-0E5B7678F72F}","Comments":null,"UpdateStatus":"AUTO","UpdateSource":"PMBC"}},{"type":"Feature","geometry":{"type":"Polygon","coordinates":[[[-118.683275,49.077827],[-118.682941,49.077831],[-118.682938,49.077583],[-118.683272,49.077579],[-118.683275,49.077827]]]},"properties":{"GlobalID":"{A91DD27A-6BDD-4BFB-B0D5-F78A01879C8D}","Name":"004533712","PlanID":"{B223129F-601E-42A6-95FC-6E5C41B386AF}","PlanNumber":"KAP28495","PIN":3721821,"PID":4533712,"Designation1":"Lot Z","Designation2":null,"Designation3":null,"ParcelStatus":"ACTIVE","RegionalDistrict":"0019","ParcelClass":"SUBDIVISION","SourceParcelID":null,"GeometrySource":"PMBC-OPERATIONS","IsRemainder":"NO","ParcelStartDate":null,"PositionalError":0.61075105,"LegalDescription":"LOT Z DISTRICT LOT 914 SIMILKAMEEN DIVISION YALE DISTRICT PLAN 28495","CaptureMethod":"COGO","OwnerType":"CROWN PROVINCIAL","Compiled":1,"CreatedDate":"2016-09-20T23:24:06.000Z","ModifiedDate":"2022-01-20T17:34:03.000Z","StatedArea":null,"ErrorReportedBy":"LSA","Municipality":"0163","OBJECTID":49872,"created_user":"SDE","created_date":"2024-11-12T16:15:31.000Z","last_edited_user":"SDE","last_edited_date":"2026-03-25T16:06:10.000Z","Shape__Area":672.94289644,"Shape__Length":103.9651587023194,"CommonName":null,"SourceGlobalID":"{0E9CC885-5AD4-4C0B-8303-527C5375847F}","Comments":null,"UpdateStatus":"AUTO","UpdateSource":"PMBC"}},{"type":"Feature","geometry":{"type":"Polygon","coordinates":[[[-118.683359,49.077826],[-118.68336,49.077911],[-118.682943,49.077916],[-118.682941,49.077831],[-118.683275,49.077827],[-118.683359,49.077826]]]},"properties":{"GlobalID":"{61D10F83-C1E9-4630-BC46-11474E5EE712}","Name":"012717762","PlanID":"{EF69E8E0-575B-4D1C-B751-6A4B02AA77B6}","PlanNumber":"KAP115","PIN":33305171,"PID":12717762,"Designation1":"Lot 4","Designation2":"Block 1","Designation3":null,"ParcelStatus":"ACTIVE","RegionalDistrict":"0019","ParcelClass":"SUBDIVISION","SourceParcelID":null,"GeometrySource":"PMBC-OPERATIONS","IsRemainder":"NO","ParcelStartDate":null,"PositionalError":0.72922941,"LegalDescription":"LOT 4 BLOCK 1 DISTRICT LOT 914 SIMILKAMEEN DIVISION YALE DISTRICT PLAN 115","CaptureMethod":"COGO","OwnerType":"PRIVATE","Compiled":1,"CreatedDate":"2016-09-20T23:24:06.000Z","ModifiedDate":"2022-01-20T17:34:15.000Z","StatedArea":null,"ErrorReportedBy":"LSA","Municipality":"0163","OBJECTID":49873,"created_user":"SDE","created_date":"2024-11-12T16:15:31.000Z","last_edited_user":"SDE","last_edited_date":"2026-03-25T16:06:10.000Z","Shape__Area":287.85232612,"Shape__Length":79.83595156073748,"CommonName":null,"SourceGlobalID":"{EA079D2B-BB25-4FE5-ABE6-509E32AAC8F1}","Comments":null,"UpdateStatus":"AUTO","UpdateSource":"PMBC"}},{"type":"Feature","geometry":{"type":"Polygon","coordinates":[[[-118.688884,49.076024],[-118.688882,49.075933],[-118.689299,49.07593],[-118.689301,49.076021],[-118.688884,49.076024]]]},"properties":{"GlobalID":"{B3A5DE20-85EA-4D27-960A-1311CD84A072}","Name":"012794449","PlanID":"{E6CCA1B6-13F5-4401-972C-9541DC39E4B8}","PlanNumber":"KAP24","PIN":24402521,"PID":12794449,"Designation1":"Lot 14","Designation2":"Block 26","Designation3":null,"ParcelStatus":"ACTIVE","RegionalDistrict":"0019","ParcelClass":"SUBDIVISION","SourceParcelID":null,"GeometrySource":"PMBC-OPERATIONS","IsRemainder":"NO","ParcelStartDate":null,"PositionalError":2.56025861,"LegalDescription":"LOT 14 BLOCK 26 SECTION 32 TOWNSHIP 70 SIMILKAMEEN DIVISION YALE DISTRICT PLAN 24","CaptureMethod":"COGO","OwnerType":"CROWN PROVINCIAL","Compiled":1,"CreatedDate":"2016-09-20T23:24:06.000Z","ModifiedDate":"2022-01-20T17:34:12.000Z","StatedArea":null,"ErrorReportedBy":"LSA","Municipality":"0163","OBJECTID":49874,"created_user":"SDE","created_date":"2024-11-12T16:15:31.000Z","last_edited_user":"SDE","last_edited_date":"2026-03-25T16:06:10.000Z","Shape__Area":307.30784367,"Shape__Length":81.07706817851025,"CommonName":null,"SourceGlobalID":"{46A8E723-1181-4D2A-913A-84135C78511D}","Comments":null,"UpdateStatus":"AUTO","UpdateSource":"PMBC"}},{"type":"Feature","geometry":{"type":"Polygon","coordinates":[[[-118.688506,49.076823],[-118.688483,49.076915],[-118.688418,49.076916],[-118.688417,49.076826],[-118.688506,49.076823]]]},"properties":{"GlobalID":"{9418CA76-8CF0-40EF-A961-A15A234CE9A7}","Name":"012814288","PlanID":"{F21644BF-ED25-4569-85AC-B882D45FA2DF}","PlanNumber":"KAP8332B","PIN":null,"PID":12814288,"Designation1":"Lot 2","Designation2":"Block 27","Designation3":null,"ParcelStatus":"ACTIVE","RegionalDistrict":"0019","ParcelClass":"SUBDIVISION","SourceParcelID":null,"GeometrySource":"PMBC-OPERATIONS","IsRemainder":"NO","ParcelStartDate":null,"PositionalError":0.30011254,"LegalDescription":"THAT PART LOT 2 SHOWN OUTLINED RED ON PLAN B8332 BLOCK 27 SECTION 32 TOWNSHIP 70 SIMILKAMEEN DIVISION YALE DISTRICT PLAN 24","CaptureMethod":"COGO","OwnerType":"CROWN PROVINCIAL","Compiled":1,"CreatedDate":"2016-09-20T23:24:06.000Z","ModifiedDate":"2022-01-20T17:34:17.000Z","StatedArea":null,"ErrorReportedBy":"LSA","Municipality":"0163","OBJECTID":49875,"created_user":"SDE","created_date":"2024-11-12T16:15:31.000Z","last_edited_user":"SDE","last_edited_date":"2026-03-25T16:06:10.000Z","Shape__Area":56.74812293,"Shape__Length":31.663773425609392,"CommonName":null,"SourceGlobalID":"{84F9CDB1-AA86-4608-AB8B-38BAB4BDE0B1}","Comments":null,"UpdateStatus":"AUTO","UpdateSource":"PMBC"}},{"type":"Feature","geometry":{"type":"Polygon","coordinates":[[[-118.687396,49.078429],[-118.687631,49.078427],[-118.687633,49.078518],[-118.687318,49.078521],[-118.687396,49.078429]]]},"properties":{"GlobalID":"{C27B9F33-7F27-4600-8EEF-4902C3EF9E40}","Name":"012791369","PlanID":"{F21644BF-ED25-4569-85AC-B882D45FA2DF}","PlanNumber":"KAP8332B","PIN":null,"PID":12791369,"Designation1":"Lot 2","Designation2":"Block 22","Designation3":null,"ParcelStatus":"ACTIVE","RegionalDistrict":"0019","ParcelClass":"SUBDIVISION","SourceParcelID":null,"GeometrySource":"PMBC-OPERATIONS","IsRemainder":"NO","ParcelStartDate":null,"PositionalError":0.3751251,"LegalDescription":"THAT PART LOT 2 SHOWN OUTLINED RED ON PLAN B8332 BLOCK 22 SECTION 32 TOWNSHIP 70 SIMILKAMEEN DIVISION YALE DISTRICT PLAN 24","CaptureMethod":"COGO","OwnerType":"CROWN PROVINCIAL","Compiled":1,"CreatedDate":"2016-09-20T23:24:06.000Z","ModifiedDate":"2025-10-27T22:37:46.000Z","StatedArea":null,"ErrorReportedBy":"LSA","Municipality":"0163","OBJECTID":49876,"created_user":"SDE","created_date":"2024-11-12T16:15:31.000Z","last_edited_user":"SDE","last_edited_date":"2026-03-25T16:06:10.000Z","Shape__Area":201.93453246,"Shape__Length":61.86796690000469,"CommonName":null,"SourceGlobalID":"{F970096D-672A-451D-B553-372A8919D1A0}","Comments":null,"UpdateStatus":"AUTO","UpdateSource":"PMBC"}},{"type":"Feature","geometry":{"type":"Polygon","coordinates":[[[-118.684005,49.077573],[-118.684397,49.07757],[-118.684404,49.077841],[-118.684009,49.077845],[-118.684005,49.077573]]]},"properties":{"GlobalID":"{05152CFF-64C6-4B3E-95E0-60E60E951DED}","Name":"004597702","PlanID":"{6A2B0D34-15FC-4D87-8419-9006FD85F866}","PlanNumber":"KAP28267","PIN":null,"PID":4597702,"Designation1":"Lot X","Designation2":null,"Designation3":null,"ParcelStatus":"ACTIVE","RegionalDistrict":"0019","ParcelClass":"SUBDIVISION","SourceParcelID":null,"GeometrySource":"PMBC-OPERATIONS","IsRemainder":"NO","ParcelStartDate":null,"PositionalError":0.48394983,"LegalDescription":"LOT X SECTION 32 TOWNSHIP 70 SIMILKAMEEN DIVISION YALE DISTRICT PLAN 28267","CaptureMethod":"COGO","OwnerType":"PRIVATE","Compiled":1,"CreatedDate":"2016-09-20T23:24:06.000Z","ModifiedDate":"2022-01-20T17:34:07.000Z","StatedArea":null,"ErrorReportedBy":"LSA","Municipality":"0163","OBJECTID":49877,"created_user":"SDE","created_date":"2024-11-12T16:15:31.000Z","last_edited_user":"SDE","last_edited_date":"2026-03-25T16:06:10.000Z","Shape__Area":867.92899635,"Shape__Length":117.87708404395562,"CommonName":null,"SourceGlobalID":"{C64B193D-22F8-4167-AF46-6799102BCC86}","Comments":null,"UpdateStatus":"AUTO","UpdateSource":"PMBC"}},{"type":"Feature","geometry":{"type":"Polygon","coordinates":[[[-118.687202,49.077815],[-118.687197,49.077544],[-118.687614,49.07754],[-118.687619,49.077811],[-118.687202,49.077815]]]},"properties":{"GlobalID":"{034B7923-296A-4098-8A9E-5F9810EB8092}","Name":"004597591","PlanID":"{6A2B0D34-15FC-4D87-8419-9006FD85F866}","PlanNumber":"KAP28267","PIN":null,"PID":4597591,"Designation1":"Lot L","Designation2":null,"Designation3":null,"ParcelStatus":"ACTIVE","RegionalDistrict":"0019","ParcelClass":"SUBDIVISION","SourceParcelID":null,"GeometrySource":"PMBC-OPERATIONS","IsRemainder":"NO","ParcelStartDate":null,"PositionalError":0.39215358,"LegalDescription":"LOT L SECTION 32 TOWNSHIP 70 SIMILKAMEEN DIVISION YALE DISTRICT PLAN 28267","CaptureMethod":"COGO","OwnerType":"PRIVATE","Compiled":1,"CreatedDate":"2016-09-20T23:24:06.000Z","ModifiedDate":"2022-01-20T17:34:03.000Z","StatedArea":null,"ErrorReportedBy":"LSA","Municipality":"0163","OBJECTID":49878,"created_user":"SDE","created_date":"2024-11-12T16:15:31.000Z","last_edited_user":"SDE","last_edited_date":"2026-03-25T16:06:10.000Z","Shape__Area":919.133921645,"Shape__Length":121.2704302810129,"CommonName":null,"SourceGlobalID":"{5820A545-1D13-427E-9CB4-DF970AE79831}","Comments":null,"UpdateStatus":"AUTO","UpdateSource":"PMBC"}},{"type":"Feature","geometry":{"type":"Polygon","coordinates":[[[-118.682706,49.077839],[-118.682708,49.077924],[-118.682291,49.077929],[-118.682289,49.077844],[-118.682706,49.077839]]]},"properties":{"GlobalID":"{364068FB-EA3E-452E-B77B-BCB207BCC5C2}","Name":"012718262","PlanID":"{EF69E8E0-575B-4D1C-B751-6A4B02AA77B6}","PlanNumber":"KAP115","PIN":10332681,"PID":12718262,"Designation1":"Lot 13","Designation2":"Block 4","Designation3":null,"ParcelStatus":"ACTIVE","RegionalDistrict":"0019","ParcelClass":"SUBDIVISION","SourceParcelID":null,"GeometrySource":"PMBC-OPERATIONS","IsRemainder":"NO","ParcelStartDate":null,"PositionalError":0.9424415,"LegalDescription":"LOT 13 BLOCK 4 DISTRICT LOT 914 SIMILKAMEEN DIVISION YALE DISTRICT PLAN 115","CaptureMethod":"COGO","OwnerType":"CROWN PROVINCIAL","Compiled":1,"CreatedDate":"2016-09-20T23:24:06.000Z","ModifiedDate":"2022-01-20T17:34:13.000Z","StatedArea":null,"ErrorReportedBy":"LSA","Municipality":"0163","OBJECTID":49879,"created_user":"SDE","created_date":"2024-11-12T16:15:31.000Z","last_edited_user":"SDE","last_edited_date":"2026-03-25T16:06:10.000Z","Shape__Area":287.837316945,"Shape__Length":79.83563732372464,"CommonName":null,"SourceGlobalID":"{D6A726C2-F588-4D4F-BEE8-3D510A3265AD}","Comments":null,"UpdateStatus":"AUTO","UpdateSource":"PMBC"}},{"type":"Feature","geometry":{"type":"Polygon","coordinates":[[[-118.684715,49.07695],[-118.685132,49.076946],[-118.685134,49.077037],[-118.684717,49.077041],[-118.684715,49.07695]]]},"properties":{"GlobalID":"{80E5F983-A6CD-4AEE-BDF9-EE4DF9BD3D17}","Name":"012790346","PlanID":"{E6CCA1B6-13F5-4401-972C-9541DC39E4B8}","PlanNumber":"KAP24","PIN":24398711,"PID":12790346,"Designation1":"Lot 3","Designation2":"Block 13","Designation3":null,"ParcelStatus":"ACTIVE","RegionalDistrict":"0019","ParcelClass":"SUBDIVISION","SourceParcelID":null,"GeometrySource":"PMBC-OPERATIONS","IsRemainder":"NO","ParcelStartDate":null,"PositionalError":0.6780683,"LegalDescription":"LOT 3 BLOCK 13 SECTION 32 TOWNSHIP 70 SIMILKAMEEN DIVISION YALE DISTRICT PLAN 24","CaptureMethod":"COGO","OwnerType":"CROWN PROVINCIAL","Compiled":1,"CreatedDate":"2016-09-20T23:24:06.000Z","ModifiedDate":"2022-01-20T17:34:10.000Z","StatedArea":null,"ErrorReportedBy":"LSA","Municipality":"0163","OBJECTID":49880,"created_user":"SDE","created_date":"2024-11-12T16:15:31.000Z","last_edited_user":"SDE","last_edited_date":"2026-03-25T16:06:10.000Z","Shape__Area":306.559935375,"Shape__Length":81.07452628853449,"CommonName":null,"SourceGlobalID":"{AD2142BC-EF3D-4A50-B14F-96C959654FC1}","Comments":null,"UpdateStatus":"AUTO","UpdateSource":"PMBC"}},{"type":"Feature","geometry":{"type":"Polygon","coordinates":[[[-118.683992,49.07643],[-118.683992,49.07634],[-118.68437,49.076336],[-118.684372,49.076427],[-118.683992,49.07643]]]},"properties":{"GlobalID":"{176735B1-A3A0-482B-AD50-19F88ADC042D}","Name":"012782939","PlanID":"{E6CCA1B6-13F5-4401-972C-9541DC39E4B8}","PlanNumber":"KAP24","PIN":null,"PID":12782939,"Designation1":"Lot 10","Designation2":"Block 1","Designation3":null,"ParcelStatus":"ACTIVE","RegionalDistrict":"0019","ParcelClass":"SUBDIVISION","SourceParcelID":null,"GeometrySource":"PMBC-OPERATIONS","IsRemainder":"NO","ParcelStartDate":"1996-03-21T07:00:00.000Z","PositionalError":0.05997355,"LegalDescription":"LOT 10 BLOCK 1 SECTION 32 TOWNSHIP 70 SIMILKAMEEN DIVISION YALE DISTRICT PLAN 24","CaptureMethod":"COGO","OwnerType":"PRIVATE","Compiled":1,"CreatedDate":"2016-09-20T23:24:06.000Z","ModifiedDate":"2022-01-20T17:34:20.000Z","StatedArea":null,"ErrorReportedBy":"LSA","Municipality":"0163","OBJECTID":49881,"created_user":"SDE","created_date":"2024-11-12T16:15:31.000Z","last_edited_user":"SDE","last_edited_date":"2026-03-25T16:06:10.000Z","Shape__Area":278.301619385,"Shape__Length":75.45606572948462,"CommonName":null,"SourceGlobalID":"{59BEFF2A-90EF-4D04-9528-A58468E5A706}","Comments":null,"UpdateStatus":"AUTO","UpdateSource":"PMBC"}},{"type":"Feature","geometry":{"type":"Polygon","coordinates":[[[-118.685245,49.079336],[-118.685663,49.079332],[-118.685665,49.079422],[-118.685247,49.079426],[-118.685245,49.079336]]]},"properties":{"GlobalID":"{820CB2FF-5E35-4BFC-8964-372B180C724A}","Name":"012788546","PlanID":"{E6CCA1B6-13F5-4401-972C-9541DC39E4B8}","PlanNumber":"KAP24","PIN":32410111,"PID":12788546,"Designation1":"Lot 12","Designation2":"Block 10","Designation3":null,"ParcelStatus":"ACTIVE","RegionalDistrict":"0019","ParcelClass":"SUBDIVISION","SourceParcelID":null,"GeometrySource":"PMBC-OPERATIONS","IsRemainder":"NO","ParcelStartDate":null,"PositionalError":0.6516361,"LegalDescription":"LOT 12 BLOCK 10 SECTION 32 TOWNSHIP 70 SIMILKAMEEN DIVISION YALE DISTRICT PLAN 24","CaptureMethod":"COGO","OwnerType":"CROWN PROVINCIAL","Compiled":1,"CreatedDate":"2016-09-20T23:24:06.000Z","ModifiedDate":"2025-10-27T22:37:46.000Z","StatedArea":null,"ErrorReportedBy":"LSA","Municipality":"0163","OBJECTID":49882,"created_user":"SDE","created_date":"2024-11-12T16:15:31.000Z","last_edited_user":"SDE","last_edited_date":"2026-03-25T16:06:10.000Z","Shape__Area":306.103066455,"Shape__Length":81.03112486834176,"CommonName":null,"SourceGlobalID":"{1D3C4C94-14FA-43E0-A63A-73228036D168}","Comments":null,"UpdateStatus":"AUTO","UpdateSource":"PMBC"}},{"type":"Feature","geometry":{"type":"Polygon","coordinates":[[[-118.68396,49.079349],[-118.684025,49.079349],[-118.684199,49.079347],[-118.6841,49.079438],[-118.684026,49.079506],[-118.683965,49.079563],[-118.683964,49.07953],[-118.683962,49.07944],[-118.68396,49.079349]]]},"properties":{"GlobalID":"{23DE9014-0706-4B7E-84A6-C9D933838A72}","Name":"002887266","PlanID":"{E05F6F29-1CB9-495B-82FB-6C02DC3C0578}","PlanNumber":"KAP35138","PIN":10012151,"PID":2887266,"Designation1":"Lot A","Designation2":null,"Designation3":null,"ParcelStatus":"ACTIVE","RegionalDistrict":"0019","ParcelClass":"SUBDIVISION","SourceParcelID":null,"GeometrySource":"PMBC-OPERATIONS","IsRemainder":"NO","ParcelStartDate":null,"PositionalError":0.70621915,"LegalDescription":"LOT A SECTION 32 TOWNSHIP 70 SIMILKAMEEN DIVISION YALE DISTRICT PLAN 35138","CaptureMethod":"COGO","OwnerType":"CROWN PROVINCIAL","Compiled":1,"CreatedDate":"2016-09-20T23:24:06.000Z","ModifiedDate":"2022-01-20T17:34:21.000Z","StatedArea":null,"ErrorReportedBy":"LSA","Municipality":"0163","OBJECTID":49883,"created_user":"SDE","created_date":"2024-11-12T16:15:31.000Z","last_edited_user":"SDE","last_edited_date":"2026-03-25T16:06:10.000Z","Shape__Area":207.36426182,"Shape__Length":70.74962110389674,"CommonName":null,"SourceGlobalID":"{54C9D69E-0818-4E47-801A-0B5AB0EDDCE2}","Comments":null,"UpdateStatus":"AUTO","UpdateSource":"PMBC"}},{"type":"Feature","geometry":{"type":"Polygon","coordinates":[[[-118.684368,49.076246],[-118.68437,49.076336],[-118.683992,49.07634],[-118.683991,49.076249],[-118.684368,49.076246]]]},"properties":{"GlobalID":"{BCD68091-227C-4E47-AA08-BB2F127B98ED}","Name":"012782980","PlanID":"{E6CCA1B6-13F5-4401-972C-9541DC39E4B8}","PlanNumber":"KAP24","PIN":null,"PID":12782980,"Designation1":"Lot 11","Designation2":"Block 1","Designation3":null,"ParcelStatus":"ACTIVE","RegionalDistrict":"0019","ParcelClass":"SUBDIVISION","SourceParcelID":null,"GeometrySource":"PMBC-OPERATIONS","IsRemainder":"NO","ParcelStartDate":"1996-03-18T07:00:00.000Z","PositionalError":0.06070792,"LegalDescription":"LOT 11 BLOCK 1 SECTION 32 TOWNSHIP 70 SIMILKAMEEN DIVISION YALE DISTRICT PLAN 24","CaptureMethod":"COGO","OwnerType":"PRIVATE","Compiled":1,"CreatedDate":"2016-09-20T23:24:06.000Z","ModifiedDate":"2022-01-20T17:34:07.000Z","StatedArea":null,"ErrorReportedBy":"LSA","Municipality":"0163","OBJECTID":49884,"created_user":"SDE","created_date":"2024-11-12T16:15:31.000Z","last_edited_user":"SDE","last_edited_date":"2026-03-25T16:06:10.000Z","Shape__Area":277.42673739,"Shape__Length":75.2815662282238,"CommonName":null,"SourceGlobalID":"{2A26AB08-753C-48BC-A609-D7891381D911}","Comments":null,"UpdateStatus":"AUTO","UpdateSource":"PMBC"}},{"type":"Feature","geometry":{"type":"MultiPolygon","coordinates":[[[[-118.685113,49.075968],[-118.685119,49.076239],[-118.684702,49.076242],[-118.684696,49.075972],[-118.685113,49.075968]]],[[[-118.685185,49.076238],[-118.68518,49.075983],[-118.685531,49.075979],[-118.685536,49.076235],[-118.685185,49.076238]]]]},"properties":{"GlobalID":"{D021DF53-B2BC-4B3D-B0ED-676E67736C61}","Name":"028014961","PlanID":"{97FF5873-9D3A-4297-8AA9-FBF12BDDCB7C}","PlanNumber":"KAP89676","PIN":null,"PID":28014961,"Designation1":"Lot 2","Designation2":null,"Designation3":null,"ParcelStatus":"ACTIVE","RegionalDistrict":"0019","ParcelClass":"SUBDIVISION","SourceParcelID":null,"GeometrySource":"PMBC-OPERATIONS","IsRemainder":"NO","ParcelStartDate":"2009-09-12T07:00:00.000Z","PositionalError":0.05532254,"LegalDescription":"LOT 2 SECTION 32 TOWNSHIP 70 SIMILKAMEEN DIVISION YALE DISTRICT PLAN KAP89676","CaptureMethod":"COGO","OwnerType":"PRIVATE","Compiled":1,"CreatedDate":"2016-09-20T23:24:06.000Z","ModifiedDate":"2022-01-20T17:34:14.000Z","StatedArea":null,"ErrorReportedBy":"LSA","Municipality":"0163","OBJECTID":49885,"created_user":"SDE","created_date":"2024-11-12T16:15:31.000Z","last_edited_user":"SDE","last_edited_date":"2026-03-25T16:06:10.000Z","Shape__Area":1645.59927825,"Shape__Length":229.23785760295718,"CommonName":null,"SourceGlobalID":"{4BF26211-D71F-4C11-85A1-54328C15E129}","Comments":null,"UpdateStatus":"AUTO","UpdateSource":"PMBC"}},{"type":"Feature","geometry":{"type":"Polygon","coordinates":[[[-118.685262,49.080092],[-118.685357,49.080042],[-118.685358,49.080042],[-118.685678,49.080039],[-118.685679,49.080105],[-118.68563,49.080131],[-118.685263,49.080133],[-118.685262,49.080092]]]},"properties":{"GlobalID":"{E9D37E3E-D210-4D73-90C3-D23B1E22C4EE}","Name":"012788368","PlanID":"{F21644BF-ED25-4569-85AC-B882D45FA2DF}","PlanNumber":"KAP8332B","PIN":null,"PID":12788368,"Designation1":"Lot 13","Designation2":"Block 9","Designation3":null,"ParcelStatus":"ACTIVE","RegionalDistrict":"0019","ParcelClass":"SUBDIVISION","SourceParcelID":null,"GeometrySource":"PMBC-OPERATIONS","IsRemainder":"NO","ParcelStartDate":null,"PositionalError":0.5473939,"LegalDescription":"THAT PART LOT 13 SHOWN OUTLINED RED ON PLAN B8332 BLOCK 9 SECTION 32 TOWNSHIP 70 SIMILKAMEEN DIVISION YALE DISTRICT PLAN 24","CaptureMethod":"COGO","OwnerType":"CROWN PROVINCIAL","Compiled":1,"CreatedDate":"2016-09-20T23:24:06.000Z","ModifiedDate":"2025-10-27T22:37:46.000Z","StatedArea":null,"ErrorReportedBy":"LSA","Municipality":"0163","OBJECTID":49886,"created_user":"SDE","created_date":"2024-11-12T16:15:31.000Z","last_edited_user":"SDE","last_edited_date":"2026-03-25T16:06:10.000Z","Shape__Area":284.982260555,"Shape__Length":75.72776091270451,"CommonName":null,"SourceGlobalID":"{12AE0B1B-0D6C-4AAA-B220-CDABB5B67356}","Comments":null,"UpdateStatus":"AUTO","UpdateSource":"PMBC"}},{"type":"Feature","geometry":{"type":"Polygon","coordinates":[[[-118.682711,49.078009],[-118.682713,49.078094],[-118.682296,49.078099],[-118.682293,49.078014],[-118.682711,49.078009]]]},"properties":{"GlobalID":"{78FC7578-43E0-416D-ADF9-D3698C6EDAF5}","Name":"012718289","PlanID":"{EF69E8E0-575B-4D1C-B751-6A4B02AA77B6}","PlanNumber":"KAP115","PIN":10333041,"PID":12718289,"Designation1":"Lot 15","Designation2":"Block 4","Designation3":null,"ParcelStatus":"ACTIVE","RegionalDistrict":"0019","ParcelClass":"SUBDIVISION","SourceParcelID":null,"GeometrySource":"PMBC-OPERATIONS","IsRemainder":"NO","ParcelStartDate":null,"PositionalError":0.99923278,"LegalDescription":"LOT 15 BLOCK 4 DISTRICT LOT 914 SIMILKAMEEN DIVISION YALE DISTRICT PLAN 115","CaptureMethod":"COGO","OwnerType":"CROWN PROVINCIAL","Compiled":1,"CreatedDate":"2016-09-20T23:24:06.000Z","ModifiedDate":"2022-01-20T17:34:17.000Z","StatedArea":null,"ErrorReportedBy":"LSA","Municipality":"0163","OBJECTID":49887,"created_user":"SDE","created_date":"2024-11-12T16:15:31.000Z","last_edited_user":"SDE","last_edited_date":"2026-03-25T16:06:10.000Z","Shape__Area":287.840847155,"Shape__Length":79.83593691715889,"CommonName":null,"SourceGlobalID":"{C9680926-8CD4-4ED8-B9CB-6469A97E815C}","Comments":null,"UpdateStatus":"AUTO","UpdateSource":"PMBC"}},{"type":"Feature","geometry":{"type":"Polygon","coordinates":[[[-118.686005,49.079688],[-118.686354,49.079687],[-118.686352,49.079688],[-118.686216,49.079781],[-118.686007,49.079778],[-118.686005,49.079688]]]},"properties":{"GlobalID":"{725B02DE-5367-4AF5-AA4F-3746AE6F18F0}","Name":"012791156","PlanID":"{F21644BF-ED25-4569-85AC-B882D45FA2DF}","PlanNumber":"KAP8332B","PIN":null,"PID":12791156,"Designation1":"Lot 7","Designation2":"Block 19","Designation3":null,"ParcelStatus":"ACTIVE","RegionalDistrict":"0019","ParcelClass":"SUBDIVISION","SourceParcelID":null,"GeometrySource":"PMBC-OPERATIONS","IsRemainder":"NO","ParcelStartDate":null,"PositionalError":0.4641959,"LegalDescription":"THAT PART LOT 7 SHOWN OUTLINED RED ON PLAN B8332 BLOCK 19 SECTION 32 TOWNSHIP 70 SIMILKAMEEN DIVISION YALE DISTRICT PLAN 24","CaptureMethod":"COGO","OwnerType":"CROWN PROVINCIAL","Compiled":1,"CreatedDate":"2016-09-20T23:24:06.000Z","ModifiedDate":"2025-10-27T22:37:46.000Z","StatedArea":null,"ErrorReportedBy":"LSA","Municipality":"0163","OBJECTID":49888,"created_user":"SDE","created_date":"2024-11-12T16:15:31.000Z","last_edited_user":"SDE","last_edited_date":"2026-03-25T16:06:10.000Z","Shape__Area":208.994919935,"Shape__Length":65.25998086400733,"CommonName":null,"SourceGlobalID":"{89BC72A9-A3F0-4FBD-8451-3AC9F0563DEC}","Comments":null,"UpdateStatus":"AUTO","UpdateSource":"PMBC"}},{"type":"Feature","geometry":{"type":"Polygon","coordinates":[[[-118.683964,49.07953],[-118.683547,49.079535],[-118.683545,49.079444],[-118.683962,49.07944],[-118.683964,49.07953]]]},"properties":{"GlobalID":"{AABFF5C2-1CDA-4681-A14B-EFA6583A97D0}","Name":"012785504","PlanID":"{E6CCA1B6-13F5-4401-972C-9541DC39E4B8}","PlanNumber":"KAP24","PIN":13565421,"PID":12785504,"Designation1":"Lot 4","Designation2":"Block 5","Designation3":null,"ParcelStatus":"ACTIVE","RegionalDistrict":"0019","ParcelClass":"SUBDIVISION","SourceParcelID":null,"GeometrySource":"PMBC-OPERATIONS","IsRemainder":"NO","ParcelStartDate":null,"PositionalError":0.79336439,"LegalDescription":"LOT 4 BLOCK 5 SECTION 32 TOWNSHIP 70 SIMILKAMEEN DIVISION YALE DISTRICT PLAN 24","CaptureMethod":"COGO","OwnerType":"PRIVATE","Compiled":1,"CreatedDate":"2016-09-20T23:24:06.000Z","ModifiedDate":"2022-01-20T17:34:09.000Z","StatedArea":null,"ErrorReportedBy":"LSA","Municipality":"0163","OBJECTID":49889,"created_user":"SDE","created_date":"2024-11-12T16:15:31.000Z","last_edited_user":"SDE","last_edited_date":"2026-03-25T16:06:10.000Z","Shape__Area":306.401695375,"Shape__Length":81.05766400667002,"CommonName":null,"SourceGlobalID":"{47093A7F-C114-465F-A0CE-1C6DC0C0A3F0}","Comments":null,"UpdateStatus":"AUTO","UpdateSource":"PMBC"}},{"type":"Feature","geometry":{"type":"Polygon","coordinates":[[[-118.688888,49.076205],[-118.689305,49.076202],[-118.689306,49.076293],[-118.68889,49.076297],[-118.688888,49.076205]]]},"properties":{"GlobalID":"{3B14DC1E-0BD1-47F4-B742-356A4BF6D080}","Name":"012794376","PlanID":"{E6CCA1B6-13F5-4401-972C-9541DC39E4B8}","PlanNumber":"KAP24","PIN":24402231,"PID":12794376,"Designation1":"Lot 11","Designation2":"Block 26","Designation3":null,"ParcelStatus":"ACTIVE","RegionalDistrict":"0019","ParcelClass":"SUBDIVISION","SourceParcelID":null,"GeometrySource":"PMBC-OPERATIONS","IsRemainder":"NO","ParcelStartDate":null,"PositionalError":2.61337804,"LegalDescription":"LOT 11 BLOCK 26 SECTION 32 TOWNSHIP 70 SIMILKAMEEN DIVISION YALE DISTRICT PLAN 24","CaptureMethod":"COGO","OwnerType":"CROWN PROVINCIAL","Compiled":1,"CreatedDate":"2016-09-20T23:24:06.000Z","ModifiedDate":"2022-01-20T17:34:03.000Z","StatedArea":null,"ErrorReportedBy":"LSA","Municipality":"0163","OBJECTID":49890,"created_user":"SDE","created_date":"2024-11-12T16:15:31.000Z","last_edited_user":"SDE","last_edited_date":"2026-03-25T16:06:10.000Z","Shape__Area":308.28111867,"Shape__Length":81.11301641490483,"CommonName":null,"SourceGlobalID":"{DEE3BD7A-6DCE-4802-A076-EE9341498568}","Comments":null,"UpdateStatus":"AUTO","UpdateSource":"PMBC"}},{"type":"Feature","geometry":{"type":"Polygon","coordinates":[[[-118.684717,49.077041],[-118.685134,49.077037],[-118.685136,49.077127],[-118.684719,49.077131],[-118.684717,49.077041]]]},"properties":{"GlobalID":"{F0E06FF2-BD72-4EEC-8CDE-9EA0D5FB2C99}","Name":"012790362","PlanID":"{E6CCA1B6-13F5-4401-972C-9541DC39E4B8}","PlanNumber":"KAP24","PIN":24398841,"PID":12790362,"Designation1":"Lot 4","Designation2":"Block 13","Designation3":null,"ParcelStatus":"ACTIVE","RegionalDistrict":"0019","ParcelClass":"SUBDIVISION","SourceParcelID":null,"GeometrySource":"PMBC-OPERATIONS","IsRemainder":"NO","ParcelStartDate":null,"PositionalError":0.77451556,"LegalDescription":"LOT 4 BLOCK 13 SECTION 32 TOWNSHIP 70 SIMILKAMEEN DIVISION YALE DISTRICT PLAN 24","CaptureMethod":"COGO","OwnerType":"PRIVATE","Compiled":1,"CreatedDate":"2016-09-20T23:24:06.000Z","ModifiedDate":"2022-01-20T17:34:12.000Z","StatedArea":null,"ErrorReportedBy":"LSA","Municipality":"0163","OBJECTID":49891,"created_user":"SDE","created_date":"2024-11-12T16:15:31.000Z","last_edited_user":"SDE","last_edited_date":"2026-03-25T16:06:10.000Z","Shape__Area":306.56240805,"Shape__Length":81.0748219576926,"CommonName":null,"SourceGlobalID":"{D54846E2-DEE3-4D7A-9579-8AF85FBA32AF}","Comments":null,"UpdateStatus":"AUTO","UpdateSource":"PMBC"}},{"type":"Feature","geometry":{"type":"Polygon","coordinates":[[[-118.688402,49.076118],[-118.688401,49.076096],[-118.688418,49.076027],[-118.688702,49.076025],[-118.68868,49.076115],[-118.688402,49.076118]]]},"properties":{"GlobalID":"{44900703-5644-4645-A595-1B434EAB640E}","Name":"012793655","PlanID":"{F21644BF-ED25-4569-85AC-B882D45FA2DF}","PlanNumber":"KAP8332B","PIN":null,"PID":12793655,"Designation1":"Lot 2","Designation2":"Block 26","Designation3":null,"ParcelStatus":"ACTIVE","RegionalDistrict":"0019","ParcelClass":"SUBDIVISION","SourceParcelID":null,"GeometrySource":"PMBC-OPERATIONS","IsRemainder":"NO","ParcelStartDate":null,"PositionalError":0.44772091,"LegalDescription":"THAT PART LOT 2 SHOWN OUTLINED IN RED ON PLAN B8332 BLOCK 26 SECTION 32 TOWNSHIP 70 SIMILKAMEEN DIVISION YALE DISTRICT PLAN 24","CaptureMethod":"COGO","OwnerType":"CROWN PROVINCIAL","Compiled":1,"CreatedDate":"2016-09-20T23:24:06.000Z","ModifiedDate":"2022-01-20T17:34:12.000Z","StatedArea":null,"ErrorReportedBy":"LSA","Municipality":"0163","OBJECTID":49892,"created_user":"SDE","created_date":"2024-11-12T16:15:31.000Z","last_edited_user":"SDE","last_edited_date":"2026-03-25T16:06:10.000Z","Shape__Area":207.61629657,"Shape__Length":61.395126236187075,"CommonName":null,"SourceGlobalID":"{E26809EC-04F4-49BF-A6DA-5370E98D77AF}","Comments":null,"UpdateStatus":"AUTO","UpdateSource":"PMBC"}},{"type":"Feature","geometry":{"type":"Polygon","coordinates":[[[-118.681798,49.076981],[-118.682215,49.076976],[-118.682217,49.077066],[-118.6818,49.077071],[-118.681798,49.076981]]]},"properties":{"GlobalID":"{3C77977E-BDE4-4A04-BEF3-91EF500E9BE7}","Name":"012718360","PlanID":"{EF69E8E0-575B-4D1C-B751-6A4B02AA77B6}","PlanNumber":"KAP115","PIN":10333621,"PID":12718360,"Designation1":"Lot 20","Designation2":"Block 4","Designation3":null,"ParcelStatus":"ACTIVE","RegionalDistrict":"0019","ParcelClass":"SUBDIVISION","SourceParcelID":null,"GeometrySource":"PMBC-OPERATIONS","IsRemainder":"NO","ParcelStartDate":null,"PositionalError":0.77157808,"LegalDescription":"LOT 20 BLOCK 4 DISTRICT LOT 914 SIMILKAMEEN DIVISION YALE DISTRICT PLAN 115","CaptureMethod":"COGO","OwnerType":"CROWN PROVINCIAL","Compiled":1,"CreatedDate":"2016-09-20T23:24:06.000Z","ModifiedDate":"2022-01-20T17:34:14.000Z","StatedArea":null,"ErrorReportedBy":"LSA","Municipality":"0163","OBJECTID":49893,"created_user":"SDE","created_date":"2024-11-12T16:15:31.000Z","last_edited_user":"SDE","last_edited_date":"2026-03-25T16:06:10.000Z","Shape__Area":306.116766075,"Shape__Length":81.03565759616107,"CommonName":null,"SourceGlobalID":"{9408308B-D65E-4EC4-86E4-4463B8AE0C93}","Comments":null,"UpdateStatus":"AUTO","UpdateSource":"PMBC"}},{"type":"Feature","geometry":{"type":"Polygon","coordinates":[[[-118.684694,49.075881],[-118.685111,49.075878],[-118.685113,49.075968],[-118.684696,49.075972],[-118.684694,49.075881]]]},"properties":{"GlobalID":"{F417C950-4BA8-4677-8554-EE1E6CA1A76B}","Name":"004719514","PlanID":"{E6CCA1B6-13F5-4401-972C-9541DC39E4B8}","PlanNumber":"KAP24","PIN":12962341,"PID":4719514,"Designation1":"Lot A","Designation2":"Block 14","Designation3":null,"ParcelStatus":"ACTIVE","RegionalDistrict":"0019","ParcelClass":"SUBDIVISION","SourceParcelID":null,"GeometrySource":"PMBC-OPERATIONS","IsRemainder":"NO","ParcelStartDate":null,"PositionalError":0.05409859,"LegalDescription":"LOT A BLOCK 14 SECTION 32 TOWNSHIP 70 SIMILKAMEEN DIVISION YALE DISTRICT PLAN 24","CaptureMethod":"COGO","OwnerType":"PRIVATE","Compiled":1,"CreatedDate":"2016-09-20T23:24:06.000Z","ModifiedDate":"2022-01-20T17:34:10.000Z","StatedArea":null,"ErrorReportedBy":"LSA","Municipality":"0163","OBJECTID":49894,"created_user":"SDE","created_date":"2024-11-12T16:15:31.000Z","last_edited_user":"SDE","last_edited_date":"2026-03-25T16:06:10.000Z","Shape__Area":306.4625095,"Shape__Length":81.05655468151495,"CommonName":null,"SourceGlobalID":"{4D688C5A-081D-4AAE-9412-98956678B459}","Comments":null,"UpdateStatus":"AUTO","UpdateSource":"PMBC"}},{"type":"Feature","geometry":{"type":"Polygon","coordinates":[[[-118.688402,49.076118],[-118.68868,49.076115],[-118.688657,49.076207],[-118.688404,49.076209],[-118.688402,49.076118]]]},"properties":{"GlobalID":"{767CE3AB-C289-4132-85C1-DF9F3F180152}","Name":"012793663","PlanID":"{F21644BF-ED25-4569-85AC-B882D45FA2DF}","PlanNumber":"KAP8332B","PIN":null,"PID":12793663,"Designation1":"Lot 3","Designation2":"Block 26","Designation3":null,"ParcelStatus":"ACTIVE","RegionalDistrict":"0019","ParcelClass":"SUBDIVISION","SourceParcelID":null,"GeometrySource":"PMBC-OPERATIONS","IsRemainder":"NO","ParcelStartDate":null,"PositionalError":0.45408545,"LegalDescription":"THAT PART LOT 3 SHOWN OUTLINED IN RED ON PLAN B8332 BLOCK 26 SECTION 32 TOWNSHIP 70 SIMILKAMEEN DIVISION YALE DISTRICT PLAN 24","CaptureMethod":"COGO","OwnerType":"CROWN PROVINCIAL","Compiled":1,"CreatedDate":"2016-09-20T23:24:06.000Z","ModifiedDate":"2022-01-20T17:34:21.000Z","StatedArea":null,"ErrorReportedBy":"LSA","Municipality":"0163","OBJECTID":49895,"created_user":"SDE","created_date":"2024-11-12T16:15:31.000Z","last_edited_user":"SDE","last_edited_date":"2026-03-25T16:06:10.000Z","Shape__Area":196.119737155,"Shape__Length":59.18091568830664,"CommonName":null,"SourceGlobalID":"{17AFB066-AE7C-4E6F-91F1-DBF2C2570A0B}","Comments":null,"UpdateStatus":"AUTO","UpdateSource":"PMBC"}},{"type":"Feature","geometry":{"type":"Polygon","coordinates":[[[-118.688635,49.076298],[-118.688612,49.076388],[-118.688408,49.07639],[-118.688406,49.0763],[-118.688635,49.076298]]]},"properties":{"GlobalID":"{89A6E9B5-3B1F-44AE-BE47-E2F298961442}","Name":"012793973","PlanID":"{F21644BF-ED25-4569-85AC-B882D45FA2DF}","PlanNumber":"KAP8332B","PIN":null,"PID":12793973,"Designation1":"Lot 5","Designation2":"Block 26","Designation3":null,"ParcelStatus":"ACTIVE","RegionalDistrict":"0019","ParcelClass":"SUBDIVISION","SourceParcelID":null,"GeometrySource":"PMBC-OPERATIONS","IsRemainder":"NO","ParcelStartDate":null,"PositionalError":0.45261671,"LegalDescription":"THAT PART LOT 5 SHOWN OUTLINED RED ON PLAN B8332 BLOCK 26 SECTION 32 TOWNSHIP 70 SIMILKAMEEN DIVISION YALE DISTRICT PLAN 24","CaptureMethod":"COGO","OwnerType":"CROWN PROVINCIAL","Compiled":1,"CreatedDate":"2016-09-20T23:24:06.000Z","ModifiedDate":"2022-01-20T17:34:18.000Z","StatedArea":null,"ErrorReportedBy":"LSA","Municipality":"0163","OBJECTID":49896,"created_user":"SDE","created_date":"2024-11-12T16:15:31.000Z","last_edited_user":"SDE","last_edited_date":"2026-03-25T16:06:10.000Z","Shape__Area":159.221365625,"Shape__Length":51.939643923177684,"CommonName":null,"SourceGlobalID":"{42E127B5-C641-4F00-85E2-D99568ECEE10}","Comments":null,"UpdateStatus":"AUTO","UpdateSource":"PMBC"}},{"type":"Feature","geometry":{"type":"Polygon","coordinates":[[[-118.685159,49.078105],[-118.684742,49.078109],[-118.68474,49.078019],[-118.685157,49.078014],[-118.685159,49.078105]]]},"properties":{"GlobalID":"{37FDC6AD-BAD7-45DF-BD73-1E7B6A837BC0}","Name":"012789976","PlanID":"{E6CCA1B6-13F5-4401-972C-9541DC39E4B8}","PlanNumber":"KAP24","PIN":24397771,"PID":12789976,"Designation1":"Lot 6","Designation2":"Block 12","Designation3":null,"ParcelStatus":"ACTIVE","RegionalDistrict":"0019","ParcelClass":"SUBDIVISION","SourceParcelID":null,"GeometrySource":"PMBC-OPERATIONS","IsRemainder":"NO","ParcelStartDate":null,"PositionalError":0.7980154,"LegalDescription":"LOT 6 BLOCK 12 SECTION 32 TOWNSHIP 70 SIMILKAMEEN DIVISION YALE DISTRICT PLAN 24","CaptureMethod":"COGO","OwnerType":"CROWN PROVINCIAL","Compiled":1,"CreatedDate":"2016-09-20T23:24:06.000Z","ModifiedDate":"2022-01-20T17:34:10.000Z","StatedArea":null,"ErrorReportedBy":"LSA","Municipality":"0163","OBJECTID":49897,"created_user":"SDE","created_date":"2024-11-12T16:15:31.000Z","last_edited_user":"SDE","last_edited_date":"2026-03-25T16:06:10.000Z","Shape__Area":306.459643525,"Shape__Length":81.06084564291609,"CommonName":null,"SourceGlobalID":"{8425A48E-F308-4C56-BB20-27C85980FD1F}","Comments":null,"UpdateStatus":"AUTO","UpdateSource":"PMBC"}},{"type":"Feature","geometry":{"type":"Polygon","coordinates":[[[-118.68758,49.075856],[-118.687582,49.075946],[-118.687164,49.07595],[-118.687162,49.075859],[-118.68758,49.075856]]]},"properties":{"GlobalID":"{18F54AE2-F81D-435A-968E-395B72F75F5E}","Name":"006441891","PlanID":"{E6CCA1B6-13F5-4401-972C-9541DC39E4B8}","PlanNumber":"KAP24","PIN":null,"PID":6441891,"Designation1":"Lot A","Designation2":"Block 25","Designation3":null,"ParcelStatus":"ACTIVE","RegionalDistrict":"0019","ParcelClass":"SUBDIVISION","SourceParcelID":null,"GeometrySource":"PMBC-OPERATIONS","IsRemainder":"NO","ParcelStartDate":null,"PositionalError":1.07756558,"LegalDescription":"LOT A BLOCK 25 SECTION 32 TOWNSHIP 70 SIMILKAMEEN DIVISION YALE DISTRICT PLAN 24","CaptureMethod":"COGO","OwnerType":"PRIVATE","Compiled":1,"CreatedDate":"2016-09-20T23:24:06.000Z","ModifiedDate":"2022-01-20T17:34:04.000Z","StatedArea":null,"ErrorReportedBy":"LSA","Municipality":"0163","OBJECTID":49898,"created_user":"SDE","created_date":"2024-11-12T16:15:31.000Z","last_edited_user":"SDE","last_edited_date":"2026-03-25T16:06:10.000Z","Shape__Area":306.829579595,"Shape__Length":81.10210440620394,"CommonName":null,"SourceGlobalID":"{9C0DD000-5346-43EF-AE63-A0B211A49D0D}","Comments":null,"UpdateStatus":"AUTO","UpdateSource":"PMBC"}},{"type":"Feature","geometry":{"type":"Polygon","coordinates":[[[-118.685938,49.076323],[-118.685936,49.076232],[-118.686352,49.076228],[-118.686355,49.076319],[-118.685938,49.076323]]]},"properties":{"GlobalID":"{C1C0CB58-97AD-4F4A-BAA7-1AE10BE0E7C4}","Name":"006433031","PlanID":"{E6CCA1B6-13F5-4401-972C-9541DC39E4B8}","PlanNumber":"KAP24","PIN":null,"PID":6433031,"Designation1":"Lot 4","Designation2":"Block 15","Designation3":null,"ParcelStatus":"ACTIVE","RegionalDistrict":"0019","ParcelClass":"SUBDIVISION","SourceParcelID":null,"GeometrySource":"PMBC-OPERATIONS","IsRemainder":"NO","ParcelStartDate":null,"PositionalError":0.76203127,"LegalDescription":"LOT 4 BLOCK 15 SECTION 32 TOWNSHIP 70 SIMILKAMEEN DIVISION YALE DISTRICT PLAN 24","CaptureMethod":"COGO","OwnerType":"PRIVATE","Compiled":1,"CreatedDate":"2016-09-20T23:24:06.000Z","ModifiedDate":"2022-01-20T17:34:11.000Z","StatedArea":null,"ErrorReportedBy":"LSA","Municipality":"0163","OBJECTID":49899,"created_user":"SDE","created_date":"2024-11-12T16:15:31.000Z","last_edited_user":"SDE","last_edited_date":"2026-03-25T16:06:10.000Z","Shape__Area":306.470802,"Shape__Length":80.99370320800546,"CommonName":null,"SourceGlobalID":"{94E4C2B6-C3DA-4D7D-B465-351EF91BA6A4}","Comments":null,"UpdateStatus":"AUTO","UpdateSource":"PMBC"}},{"type":"Feature","geometry":{"type":"Polygon","coordinates":[[[-118.688896,49.076568],[-118.688894,49.076478],[-118.68931,49.076474],[-118.689312,49.076565],[-118.688896,49.076568]]]},"properties":{"GlobalID":"{C4B32D85-EDC4-438E-9CA5-77D764D33AEE}","Name":"012794295","PlanID":"{E6CCA1B6-13F5-4401-972C-9541DC39E4B8}","PlanNumber":"KAP24","PIN":24403271,"PID":12794295,"Designation1":"Lot 8","Designation2":"Block 26","Designation3":null,"ParcelStatus":"ACTIVE","RegionalDistrict":"0019","ParcelClass":"SUBDIVISION","SourceParcelID":null,"GeometrySource":"PMBC-OPERATIONS","IsRemainder":"NO","ParcelStartDate":null,"PositionalError":2.67016932,"LegalDescription":"LOT 8 BLOCK 26 SECTION 32 TOWNSHIP 70 SIMILKAMEEN DIVISION YALE DISTRICT PLAN 24","CaptureMethod":"COGO","OwnerType":"CROWN PROVINCIAL","Compiled":1,"CreatedDate":"2016-09-20T23:24:06.000Z","ModifiedDate":"2022-01-20T17:34:08.000Z","StatedArea":null,"ErrorReportedBy":"LSA","Municipality":"0163","OBJECTID":49900,"created_user":"SDE","created_date":"2024-11-12T16:15:31.000Z","last_edited_user":"SDE","last_edited_date":"2026-03-25T16:06:10.000Z","Shape__Area":306.04342431,"Shape__Length":80.94244630885171,"CommonName":null,"SourceGlobalID":"{FBF2731E-7E4B-44F6-AA64-36308CD959FD}","Comments":null,"UpdateStatus":"AUTO","UpdateSource":"PMBC"}},{"type":"Feature","geometry":{"type":"Polygon","coordinates":[[[-118.683504,49.075892],[-118.683922,49.075888],[-118.683922,49.075979],[-118.683505,49.075982],[-118.683504,49.075892]]]},"properties":{"GlobalID":"{7B8E509C-E930-45C9-968C-C45D975E5787}","Name":"012781266","PlanID":"{E6CCA1B6-13F5-4401-972C-9541DC39E4B8}","PlanNumber":"KAP24","PIN":24393711,"PID":12781266,"Designation1":"Lot A","Designation2":"Block 1","Designation3":null,"ParcelStatus":"ACTIVE","RegionalDistrict":"0019","ParcelClass":"SUBDIVISION","SourceParcelID":null,"GeometrySource":"PMBC-OPERATIONS","IsRemainder":"NO","ParcelStartDate":null,"PositionalError":0.04969237,"LegalDescription":"LOT A BLOCK 1 SECTION 32 TOWNSHIP 70 SIMILKAMEEN DIVISION YALE DISTRICT PLAN 24","CaptureMethod":"COGO","OwnerType":"CROWN PROVINCIAL","Compiled":1,"CreatedDate":"2016-09-20T23:24:06.000Z","ModifiedDate":"2022-01-20T17:34:03.000Z","StatedArea":null,"ErrorReportedBy":"LSA","Municipality":"0163","OBJECTID":49901,"created_user":"SDE","created_date":"2024-11-12T16:15:31.000Z","last_edited_user":"SDE","last_edited_date":"2026-03-25T16:06:10.000Z","Shape__Area":306.49002954,"Shape__Length":81.06073042726113,"CommonName":null,"SourceGlobalID":"{94B53233-289A-410A-B2CD-014BE4C0253F}","Comments":null,"UpdateStatus":"AUTO","UpdateSource":"PMBC"}},{"type":"Feature","geometry":{"type":"Polygon","coordinates":[[[-118.688418,49.076027],[-118.688439,49.075937],[-118.688724,49.075934],[-118.688702,49.076025],[-118.688418,49.076027]]]},"properties":{"GlobalID":"{75E26022-73AE-4074-8998-3748BA433994}","Name":"012793647","PlanID":"{F21644BF-ED25-4569-85AC-B882D45FA2DF}","PlanNumber":"KAP8332B","PIN":null,"PID":12793647,"Designation1":"Lot 1","Designation2":"Block 26","Designation3":null,"ParcelStatus":"ACTIVE","RegionalDistrict":"0019","ParcelClass":"SUBDIVISION","SourceParcelID":null,"GeometrySource":"PMBC-OPERATIONS","IsRemainder":"NO","ParcelStartDate":null,"PositionalError":0.44674175,"LegalDescription":"THAT PART LOT 1 SHOWN OUTLINED IN RED ON PLAN B8332 BLOCK 26 SECTION 32 TOWNSHIP 70 SIMILKAMEEN DIVISION YALE DISTRICT PLAN 24","CaptureMethod":"COGO","OwnerType":"CROWN PROVINCIAL","Compiled":1,"CreatedDate":"2016-09-20T23:24:06.000Z","ModifiedDate":"2022-01-20T17:34:03.000Z","StatedArea":null,"ErrorReportedBy":"LSA","Municipality":"0163","OBJECTID":49902,"created_user":"SDE","created_date":"2024-11-12T16:15:31.000Z","last_edited_user":"SDE","last_edited_date":"2026-03-25T16:06:10.000Z","Shape__Area":209.662755565,"Shape__Length":62.05333487021135,"CommonName":null,"SourceGlobalID":"{4E9B2B19-E7AB-44CF-BB8D-D23422E8AD19}","Comments":null,"UpdateStatus":"AUTO","UpdateSource":"PMBC"}},{"type":"Feature","geometry":{"type":"Polygon","coordinates":[[[-118.686415,49.076045],[-118.686833,49.076042],[-118.686835,49.076132],[-118.686417,49.076136],[-118.686415,49.076045]]]},"properties":{"GlobalID":"{3019432B-404A-4F77-96C9-9B067173DDC8}","Name":"006433316","PlanID":"{E6CCA1B6-13F5-4401-972C-9541DC39E4B8}","PlanNumber":"KAP24","PIN":null,"PID":6433316,"Designation1":"Lot 13","Designation2":"Block 15","Designation3":null,"ParcelStatus":"ACTIVE","RegionalDistrict":"0019","ParcelClass":"SUBDIVISION","SourceParcelID":null,"GeometrySource":"PMBC-OPERATIONS","IsRemainder":"NO","ParcelStartDate":null,"PositionalError":0.91478023,"LegalDescription":"LOT 13 BLOCK 15 SECTION 32 TOWNSHIP 70 SIMILKAMEEN DIVISION YALE DISTRICT PLAN 24","CaptureMethod":"COGO","OwnerType":"PRIVATE","Compiled":1,"CreatedDate":"2016-09-20T23:24:06.000Z","ModifiedDate":"2022-01-20T17:34:08.000Z","StatedArea":null,"ErrorReportedBy":"LSA","Municipality":"0163","OBJECTID":49903,"created_user":"SDE","created_date":"2024-11-12T16:15:31.000Z","last_edited_user":"SDE","last_edited_date":"2026-03-25T16:06:10.000Z","Shape__Area":307.30328218,"Shape__Length":81.1476762569614,"CommonName":null,"SourceGlobalID":"{C7FF4F44-5C43-4587-819B-724A76791B15}","Comments":null,"UpdateStatus":"AUTO","UpdateSource":"PMBC"}},{"type":"Feature","geometry":{"type":"Polygon","coordinates":[[[-118.683924,49.07625],[-118.683507,49.076254],[-118.683506,49.076163],[-118.683924,49.07616],[-118.683924,49.07625]]]},"properties":{"GlobalID":"{A77B6F00-DB67-4840-82C6-93D7CC342D02}","Name":"012781924","PlanID":"{E6CCA1B6-13F5-4401-972C-9541DC39E4B8}","PlanNumber":"KAP24","PIN":24394171,"PID":12781924,"Designation1":"Lot 3","Designation2":"Block 1","Designation3":null,"ParcelStatus":"ACTIVE","RegionalDistrict":"0019","ParcelClass":"SUBDIVISION","SourceParcelID":null,"GeometrySource":"PMBC-OPERATIONS","IsRemainder":"NO","ParcelStartDate":null,"PositionalError":0.05605691,"LegalDescription":"LOT 3 BLOCK 1 SECTION 32 TOWNSHIP 70 SIMILKAMEEN DIVISION YALE DISTRICT PLAN 24","CaptureMethod":"COGO","OwnerType":"CROWN PROVINCIAL","Compiled":1,"CreatedDate":"2016-09-20T23:24:06.000Z","ModifiedDate":"2022-01-20T17:34:12.000Z","StatedArea":null,"ErrorReportedBy":"LSA","Municipality":"0163","OBJECTID":49904,"created_user":"SDE","created_date":"2024-11-12T16:15:31.000Z","last_edited_user":"SDE","last_edited_date":"2026-03-25T16:06:10.000Z","Shape__Area":306.483314495,"Shape__Length":81.06021835790459,"CommonName":null,"SourceGlobalID":"{95E73116-BB92-4FF6-8F79-A2325864C964}","Comments":null,"UpdateStatus":"AUTO","UpdateSource":"PMBC"}},{"type":"Feature","geometry":{"type":"Polygon","coordinates":[[[-118.68841,49.07648],[-118.68859,49.076478],[-118.688569,49.076568],[-118.688412,49.076571],[-118.68841,49.07648]]]},"properties":{"GlobalID":"{3C34A093-5374-41DC-99F3-92EAB2DDCB1E}","Name":"012794007","PlanID":"{F21644BF-ED25-4569-85AC-B882D45FA2DF}","PlanNumber":"KAP8332B","PIN":null,"PID":12794007,"Designation1":"Lot 7","Designation2":"Block 26","Designation3":null,"ParcelStatus":"ACTIVE","RegionalDistrict":"0019","ParcelClass":"SUBDIVISION","SourceParcelID":null,"GeometrySource":"PMBC-OPERATIONS","IsRemainder":"NO","ParcelStartDate":null,"PositionalError":0.41589821,"LegalDescription":"THAT PART LOT 7 SHOWN OUTLINED RED ON PLAN B8332 BLOCK 26 SECTION 32 TOWNSHIP 70 SIMILKAMEEN DIVISION YALE DISTRICT PLAN 24","CaptureMethod":"COGO","OwnerType":"CROWN PROVINCIAL","Compiled":1,"CreatedDate":"2016-09-20T23:24:06.000Z","ModifiedDate":"2022-01-20T17:34:19.000Z","StatedArea":null,"ErrorReportedBy":"LSA","Municipality":"0163","OBJECTID":49905,"created_user":"SDE","created_date":"2024-11-12T16:15:31.000Z","last_edited_user":"SDE","last_edited_date":"2026-03-25T16:06:10.000Z","Shape__Area":123.37456329,"Shape__Length":44.833011882129966,"CommonName":null,"SourceGlobalID":"{4556F80E-6139-4977-A5D1-726EAA6EE383}","Comments":null,"UpdateStatus":"AUTO","UpdateSource":"PMBC"}},{"type":"Feature","geometry":{"type":"Polygon","coordinates":[[[-118.687816,49.07781],[-118.688103,49.077807],[-118.688103,49.077829],[-118.688083,49.077863],[-118.688063,49.077898],[-118.687763,49.0779],[-118.687816,49.07781]]]},"properties":{"GlobalID":"{E5ABD258-4299-4E6F-8B83-2B78F4A1C37F}","Name":"012793299","PlanID":"{F21644BF-ED25-4569-85AC-B882D45FA2DF}","PlanNumber":"KAP8332B","PIN":null,"PID":12793299,"Designation1":"Lot 11","Designation2":"Block 23","Designation3":null,"ParcelStatus":"ACTIVE","RegionalDistrict":"0019","ParcelClass":"SUBDIVISION","SourceParcelID":null,"GeometrySource":"PMBC-OPERATIONS","IsRemainder":"NO","ParcelStartDate":null,"PositionalError":0.3714546,"LegalDescription":"THAT PART LOT 11 SHOWN OUTLINED RED ON PLAN B8332 BLOCK 23 SECTION 32 TOWNSHIP 70 SIMILKAMEEN DIVISION YALE DISTRICT PLAN 24","CaptureMethod":"COGO","OwnerType":"CROWN PROVINCIAL","Compiled":1,"CreatedDate":"2016-09-20T23:24:06.000Z","ModifiedDate":"2025-10-27T22:37:46.000Z","StatedArea":null,"ErrorReportedBy":"LSA","Municipality":"0163","OBJECTID":49906,"created_user":"SDE","created_date":"2024-11-12T16:15:31.000Z","last_edited_user":"SDE","last_edited_date":"2026-03-25T16:06:10.000Z","Shape__Area":218.659090255,"Shape__Length":64.26770769290749,"CommonName":null,"SourceGlobalID":"{8D6B732E-F1C5-4F02-9C3D-7E9864BEDCDD}","Comments":null,"UpdateStatus":"AUTO","UpdateSource":"PMBC"}},{"type":"Feature","geometry":{"type":"Polygon","coordinates":[[[-118.686842,49.076494],[-118.686425,49.076498],[-118.686423,49.076408],[-118.68684,49.076404],[-118.686842,49.076494]]]},"properties":{"GlobalID":"{F5DB7BF1-EC5B-404C-84B8-DF8CFFAECDC2}","Name":"006433201","PlanID":"{E6CCA1B6-13F5-4401-972C-9541DC39E4B8}","PlanNumber":"KAP24","PIN":null,"PID":6433201,"Designation1":"Lot 9","Designation2":"Block 15","Designation3":null,"ParcelStatus":"ACTIVE","RegionalDistrict":"0019","ParcelClass":"SUBDIVISION","SourceParcelID":null,"GeometrySource":"PMBC-OPERATIONS","IsRemainder":"NO","ParcelStartDate":null,"PositionalError":0.5703607,"LegalDescription":"LOT 9 BLOCK 15 SECTION 32 TOWNSHIP 70 SIMILKAMEEN DIVISION YALE DISTRICT PLAN 24","CaptureMethod":"COGO","OwnerType":"PRIVATE","Compiled":1,"CreatedDate":"2016-09-20T23:24:06.000Z","ModifiedDate":"2022-01-20T17:34:14.000Z","StatedArea":null,"ErrorReportedBy":"LSA","Municipality":"0163","OBJECTID":49907,"created_user":"SDE","created_date":"2024-11-12T16:15:31.000Z","last_edited_user":"SDE","last_edited_date":"2026-03-25T16:06:10.000Z","Shape__Area":305.931354075,"Shape__Length":81.00750939195633,"CommonName":null,"SourceGlobalID":"{BE5D3ABF-7145-421F-A385-C284DFC721C8}","Comments":null,"UpdateStatus":"AUTO","UpdateSource":"PMBC"}},{"type":"Feature","geometry":{"type":"Polygon","coordinates":[[[-118.687868,49.077719],[-118.688101,49.077717],[-118.688103,49.077807],[-118.687816,49.07781],[-118.687868,49.077719]]]},"properties":{"GlobalID":"{80BF776F-A44E-4821-96EE-1D55BE22BC79}","Name":"012793302","PlanID":"{F21644BF-ED25-4569-85AC-B882D45FA2DF}","PlanNumber":"KAP8332B","PIN":null,"PID":12793302,"Designation1":"Lot 12","Designation2":"Block 23","Designation3":null,"ParcelStatus":"ACTIVE","RegionalDistrict":"0019","ParcelClass":"SUBDIVISION","SourceParcelID":null,"GeometrySource":"PMBC-OPERATIONS","IsRemainder":"NO","ParcelStartDate":null,"PositionalError":0.3685182,"LegalDescription":"THAT PART LOT 12 SHOWN OUTLINED RED ON PLAN B8332 BLOCK 23 SECTION 32 TOWNSHIP 70 SIMILKAMEEN DIVISION YALE DISTRICT PLAN 24","CaptureMethod":"COGO","OwnerType":"CROWN PROVINCIAL","Compiled":1,"CreatedDate":"2016-09-20T23:24:06.000Z","ModifiedDate":"2025-10-27T22:37:46.000Z","StatedArea":null,"ErrorReportedBy":"LSA","Municipality":"0163","OBJECTID":49908,"created_user":"SDE","created_date":"2024-11-12T16:15:31.000Z","last_edited_user":"SDE","last_edited_date":"2026-03-25T16:06:10.000Z","Shape__Area":190.89740256,"Shape__Length":58.83206156408329,"CommonName":null,"SourceGlobalID":"{AED92608-7A0B-445B-B06E-FAD18CCFB8D8}","Comments":null,"UpdateStatus":"AUTO","UpdateSource":"PMBC"}},{"type":"Feature","geometry":{"type":"Polygon","coordinates":[[[-118.682682,49.07697],[-118.682684,49.077061],[-118.682267,49.077066],[-118.682265,49.076975],[-118.682682,49.07697]]]},"properties":{"GlobalID":"{501E31E5-F33D-4F44-B75E-6B17A30A256B}","Name":"012718092","PlanID":"{EF69E8E0-575B-4D1C-B751-6A4B02AA77B6}","PlanNumber":"KAP115","PIN":10331481,"PID":12718092,"Designation1":"Lot 3","Designation2":"Block 4","Designation3":null,"ParcelStatus":"ACTIVE","RegionalDistrict":"0019","ParcelClass":"SUBDIVISION","SourceParcelID":null,"GeometrySource":"PMBC-OPERATIONS","IsRemainder":"NO","ParcelStartDate":null,"PositionalError":0.56864717,"LegalDescription":"LOT 3 BLOCK 4 DISTRICT LOT 914 SIMILKAMEEN DIVISION YALE DISTRICT PLAN 115","CaptureMethod":"COGO","OwnerType":"CROWN PROVINCIAL","Compiled":1,"CreatedDate":"2016-09-20T23:24:06.000Z","ModifiedDate":"2022-01-20T17:34:05.000Z","StatedArea":null,"ErrorReportedBy":"LSA","Municipality":"0163","OBJECTID":49909,"created_user":"SDE","created_date":"2024-11-12T16:15:31.000Z","last_edited_user":"SDE","last_edited_date":"2026-03-25T16:06:10.000Z","Shape__Area":306.40902702,"Shape__Length":81.05464836545927,"CommonName":null,"SourceGlobalID":"{CBDD1622-A842-41F2-884B-0644C90E5475}","Comments":null,"UpdateStatus":"AUTO","UpdateSource":"PMBC"}},{"type":"Feature","geometry":{"type":"Polygon","coordinates":[[[-118.684783,49.080316],[-118.684982,49.080227],[-118.685129,49.080225],[-118.685198,49.080225],[-118.685199,49.080315],[-118.685181,49.080315],[-118.684783,49.080319],[-118.684783,49.080316]]]},"properties":{"GlobalID":"{3F1D82D1-CEF9-43F9-9143-9DD8748D2426}","Name":"001970038","PlanID":"{F21644BF-ED25-4569-85AC-B882D45FA2DF}","PlanNumber":"KAP8332B","PIN":null,"PID":1970038,"Designation1":"Lot 4","Designation2":"Block 9","Designation3":null,"ParcelStatus":"ACTIVE","RegionalDistrict":"0019","ParcelClass":"SUBDIVISION","SourceParcelID":null,"GeometrySource":"PMBC-OPERATIONS","IsRemainder":"NO","ParcelStartDate":null,"PositionalError":0.5696616,"LegalDescription":"THAT PART OF LOT 4 SHOWN OUTLINED RED ON PLAN B8332 BLOCK 9 SECTION 32 TOWNSHIP 70 SIMILKAMEEN DIVISION YALE DISTRICT PLAN 24","CaptureMethod":"COGO","OwnerType":"CROWN PROVINCIAL","Compiled":1,"CreatedDate":"2016-09-20T23:24:06.000Z","ModifiedDate":"2025-10-27T22:37:46.000Z","StatedArea":null,"ErrorReportedBy":"LSA","Municipality":"0163","OBJECTID":49910,"created_user":"SDE","created_date":"2024-11-12T16:15:31.000Z","last_edited_user":"SDE","last_edited_date":"2026-03-25T16:06:10.000Z","Shape__Area":234.262272555,"Shape__Length":74.16446247401004,"CommonName":null,"SourceGlobalID":"{39597B9B-BC1D-4AE3-8A2B-5978F257B8E8}","Comments":null,"UpdateStatus":"AUTO","UpdateSource":"PMBC"}},{"type":"Feature","geometry":{"type":"Polygon","coordinates":[[[-118.684362,49.075975],[-118.683989,49.075978],[-118.683988,49.075888],[-118.68436,49.075884],[-118.684362,49.075975]]]},"properties":{"GlobalID":"{693A8C1B-1E54-4E2B-9C06-DEF9E66D68E8}","Name":"012781410","PlanID":"{E6CCA1B6-13F5-4401-972C-9541DC39E4B8}","PlanNumber":"KAP24","PIN":24393841,"PID":12781410,"Designation1":"Lot B","Designation2":"Block 1","Designation3":null,"ParcelStatus":"ACTIVE","RegionalDistrict":"0019","ParcelClass":"SUBDIVISION","SourceParcelID":null,"GeometrySource":"PMBC-OPERATIONS","IsRemainder":"NO","ParcelStartDate":null,"PositionalError":0.05287464,"LegalDescription":"LOT B BLOCK 1 SECTION 32 TOWNSHIP 70 SIMILKAMEEN DIVISION YALE DISTRICT PLAN 24","CaptureMethod":"COGO","OwnerType":"CROWN PROVINCIAL","Compiled":1,"CreatedDate":"2016-09-20T23:24:06.000Z","ModifiedDate":"2022-01-20T17:34:19.000Z","StatedArea":null,"ErrorReportedBy":"LSA","Municipality":"0163","OBJECTID":49911,"created_user":"SDE","created_date":"2024-11-12T16:15:31.000Z","last_edited_user":"SDE","last_edited_date":"2026-03-25T16:06:10.000Z","Shape__Area":273.909439885,"Shape__Length":74.58234132596445,"CommonName":null,"SourceGlobalID":"{4541FCB2-D96F-4ED3-96C5-C7315E8C3E9E}","Comments":null,"UpdateStatus":"AUTO","UpdateSource":"PMBC"}},{"type":"Feature","geometry":{"type":"Polygon","coordinates":[[[-118.688905,49.077093],[-118.689322,49.077089],[-118.689323,49.07718],[-118.688907,49.077183],[-118.688905,49.077093]]]},"properties":{"GlobalID":"{1644D81B-3782-4E51-BA6C-7FA5A4A6B092}","Name":"012814474","PlanID":"{E6CCA1B6-13F5-4401-972C-9541DC39E4B8}","PlanNumber":"KAP24","PIN":12574911,"PID":12814474,"Designation1":"Lot 10","Designation2":"Block 27","Designation3":null,"ParcelStatus":"ACTIVE","RegionalDistrict":"0019","ParcelClass":"SUBDIVISION","SourceParcelID":null,"GeometrySource":"PMBC-OPERATIONS","IsRemainder":"NO","ParcelStartDate":null,"PositionalError":2.60309686,"LegalDescription":"LOT 10 BLOCK 27 SECTION 32 TOWNSHIP 70 SIMILKAMEEN DIVISION YALE DISTRICT PLAN 24","CaptureMethod":"COGO","OwnerType":"CROWN PROVINCIAL","Compiled":1,"CreatedDate":"2016-09-20T23:24:06.000Z","ModifiedDate":"2022-01-20T17:34:07.000Z","StatedArea":null,"ErrorReportedBy":"LSA","Municipality":"0163","OBJECTID":49912,"created_user":"SDE","created_date":"2024-11-12T16:15:31.000Z","last_edited_user":"SDE","last_edited_date":"2026-03-25T16:06:10.000Z","Shape__Area":306.81132278,"Shape__Length":81.01349171637814,"CommonName":null,"SourceGlobalID":"{1ECF09B5-BF1F-4F73-B8D3-BBFC4B2E73B4}","Comments":null,"UpdateStatus":"AUTO","UpdateSource":"PMBC"}},{"type":"Feature","geometry":{"type":"Polygon","coordinates":[[[-118.683925,49.07634],[-118.683927,49.076612],[-118.68351,49.076616],[-118.683508,49.076344],[-118.683925,49.07634]]]},"properties":{"GlobalID":"{FCDFC46C-8D26-4C05-A23D-8B06BE9BDBDC}","Name":"019124155","PlanID":"{E6CCA1B6-13F5-4401-972C-9541DC39E4B8}","PlanNumber":"KAP24","PIN":null,"PID":19124155,"Designation1":"Parcel A","Designation2":"Block 1","Designation3":null,"ParcelStatus":"ACTIVE","RegionalDistrict":"0019","ParcelClass":"SUBDIVISION","SourceParcelID":null,"GeometrySource":"PMBC-OPERATIONS","IsRemainder":"NO","ParcelStartDate":null,"PositionalError":0.05189548,"LegalDescription":"PARCEL A (KJ5507) BLOCK 1 TOWNSHIP 70 SIMILKAMEEN DIVISION YALE DISTRICT PLAN 24","CaptureMethod":"COGO","OwnerType":"PRIVATE","Compiled":1,"CreatedDate":"2016-09-20T23:24:06.000Z","ModifiedDate":"2022-01-20T17:34:05.000Z","StatedArea":null,"ErrorReportedBy":"LSA","Municipality":"0163","OBJECTID":49913,"created_user":"SDE","created_date":"2024-11-12T16:15:31.000Z","last_edited_user":"SDE","last_edited_date":"2026-03-25T16:06:10.000Z","Shape__Area":919.46814375,"Shape__Length":121.29469425478189,"CommonName":null,"SourceGlobalID":"{2C8B02A8-BA07-4351-913F-E43AF714BC12}","Comments":null,"UpdateStatus":"AUTO","UpdateSource":"PMBC"}},{"type":"Feature","geometry":{"type":"Polygon","coordinates":[[[-118.685165,49.078459],[-118.684748,49.078458],[-118.684749,49.078367],[-118.685166,49.078369],[-118.685165,49.078459]]]},"properties":{"GlobalID":"{A6AA5582-F971-4F00-A9B5-CD7BD88610D3}","Name":"012785458","PlanID":"{E6CCA1B6-13F5-4401-972C-9541DC39E4B8}","PlanNumber":"KAP24","PIN":13058071,"PID":12785458,"Designation1":"Lot 1","Designation2":"Block 11","Designation3":null,"ParcelStatus":"ACTIVE","RegionalDistrict":"0019","ParcelClass":"SUBDIVISION","SourceParcelID":null,"GeometrySource":"PMBC-OPERATIONS","IsRemainder":"NO","ParcelStartDate":null,"PositionalError":1.8041023,"LegalDescription":"LOT 1 BLOCK 11 SECTION 32 TOWNSHIP 70 SIMILKAMEEN DIVISION YALE DISTRICT PLAN 24","CaptureMethod":"COGO","OwnerType":"PRIVATE","Compiled":1,"CreatedDate":"2016-09-20T23:24:06.000Z","ModifiedDate":"2022-01-20T17:34:05.000Z","StatedArea":"306.8","ErrorReportedBy":"LSA","Municipality":"0163","OBJECTID":49914,"created_user":"SDE","created_date":"2024-11-12T16:15:31.000Z","last_edited_user":"SDE","last_edited_date":"2026-03-25T16:06:10.000Z","Shape__Area":306.58644938,"Shape__Length":81.07752087567033,"CommonName":null,"SourceGlobalID":"{B2E86C2B-E154-40E4-9205-5948B3B68A82}","Comments":null,"UpdateStatus":"AUTO","UpdateSource":"PMBC"}},{"type":"Feature","geometry":{"type":"Polygon","coordinates":[[[-118.683962,49.07944],[-118.683545,49.079444],[-118.683543,49.079354],[-118.68396,49.079349],[-118.683962,49.07944]]]},"properties":{"GlobalID":"{920D5F98-2746-4DD1-BB35-A9BFDDC5F72C}","Name":"012785491","PlanID":"{E6CCA1B6-13F5-4401-972C-9541DC39E4B8}","PlanNumber":"KAP24","PIN":null,"PID":12785491,"Designation1":"Lot 3","Designation2":"Block 5","Designation3":null,"ParcelStatus":"ACTIVE","RegionalDistrict":"0019","ParcelClass":"SUBDIVISION","SourceParcelID":null,"GeometrySource":"PMBC-OPERATIONS","IsRemainder":"NO","ParcelStartDate":null,"PositionalError":0.76766144,"LegalDescription":"LOT 3 BLOCK 5 SECTION 32 TOWNSHIP 70 SIMILKAMEEN DIVISION YALE DISTRICT PLAN 24","CaptureMethod":"COGO","OwnerType":"PRIVATE","Compiled":1,"CreatedDate":"2016-09-20T23:24:06.000Z","ModifiedDate":"2022-01-20T17:34:13.000Z","StatedArea":null,"ErrorReportedBy":"LSA","Municipality":"0163","OBJECTID":49915,"created_user":"SDE","created_date":"2024-11-12T16:15:31.000Z","last_edited_user":"SDE","last_edited_date":"2026-03-25T16:06:10.000Z","Shape__Area":306.35041882,"Shape__Length":81.04905734761888,"CommonName":null,"SourceGlobalID":"{0CA81D70-EB9D-4890-9C57-8CF0548714BF}","Comments":null,"UpdateStatus":"AUTO","UpdateSource":"PMBC"}},{"type":"Feature","geometry":{"type":"Polygon","coordinates":[[[-118.682945,49.078086],[-118.682944,49.078001],[-118.683361,49.077996],[-118.683362,49.078081],[-118.682945,49.078086]]]},"properties":{"GlobalID":"{10B9762E-73D7-4E56-BA80-7B2A6C419E22}","Name":"012717801","PlanID":"{EF69E8E0-575B-4D1C-B751-6A4B02AA77B6}","PlanNumber":"KAP115","PIN":null,"PID":12717801,"Designation1":"Lot 6","Designation2":"Block 1","Designation3":null,"ParcelStatus":"ACTIVE","RegionalDistrict":"0019","ParcelClass":"SUBDIVISION","SourceParcelID":null,"GeometrySource":"PMBC-OPERATIONS","IsRemainder":"NO","ParcelStartDate":null,"PositionalError":0.77084371,"LegalDescription":"LOT 6 BLOCK 1 DISTRICT LOT 914 SIMILKAMEEN DIVISION YALE DISTRICT PLAN 115","CaptureMethod":"COGO","OwnerType":"PRIVATE","Compiled":1,"CreatedDate":"2016-09-20T23:24:06.000Z","ModifiedDate":"2022-01-20T17:34:07.000Z","StatedArea":null,"ErrorReportedBy":"LSA","Municipality":"0163","OBJECTID":49916,"created_user":"SDE","created_date":"2024-11-12T16:15:31.000Z","last_edited_user":"SDE","last_edited_date":"2026-03-25T16:06:10.000Z","Shape__Area":287.832029985,"Shape__Length":79.83635386718609,"CommonName":null,"SourceGlobalID":"{E007F4B7-2829-43D4-86A2-0E12B1871491}","Comments":null,"UpdateStatus":"AUTO","UpdateSource":"PMBC"}},{"type":"Feature","geometry":{"type":"Polygon","coordinates":[[[-118.684769,49.079701],[-118.684829,49.079701],[-118.685186,49.079697],[-118.685188,49.079788],[-118.684881,49.079791],[-118.684771,49.079792],[-118.684769,49.079701]]]},"properties":{"GlobalID":"{86DAF56A-3DDA-4EBA-BD98-5A4FCE9D6ED2}","Name":"001977512","PlanID":"{E6CCA1B6-13F5-4401-972C-9541DC39E4B8}","PlanNumber":"KAP24","PIN":13057321,"PID":1977512,"Designation1":"Lot 7","Designation2":"Block 10","Designation3":null,"ParcelStatus":"ACTIVE","RegionalDistrict":"0019","ParcelClass":"SUBDIVISION","SourceParcelID":null,"GeometrySource":"PMBC-OPERATIONS","IsRemainder":"NO","ParcelStartDate":null,"PositionalError":2.6985516,"LegalDescription":"LOT 7 BLOCK 10 SECTION 32 TOWNSHIP 70 SIMILKAMEEN DIVISION YALE DISTRICT PLAN 24","CaptureMethod":"COGO","OwnerType":"PRIVATE","Compiled":1,"CreatedDate":"2016-09-20T23:24:06.000Z","ModifiedDate":"2025-10-27T22:37:46.000Z","StatedArea":null,"ErrorReportedBy":"LSA","Municipality":"0163","OBJECTID":49917,"created_user":"SDE","created_date":"2024-11-12T16:15:31.000Z","last_edited_user":"SDE","last_edited_date":"2026-03-25T16:06:10.000Z","Shape__Area":307.93403979,"Shape__Length":81.15964790381243,"CommonName":null,"SourceGlobalID":"{10A6FC6D-30C0-43ED-9847-12FC49D14C64}","Comments":null,"UpdateStatus":"AUTO","UpdateSource":"PMBC"}},{"type":"Feature","geometry":{"type":"Polygon","coordinates":[[[-118.684368,49.076246],[-118.683991,49.076249],[-118.68399,49.076159],[-118.684366,49.076156],[-118.684368,49.076246]]]},"properties":{"GlobalID":"{75658670-6998-4AB3-87E1-64B81D8244C1}","Name":"012784036","PlanID":"{E6CCA1B6-13F5-4401-972C-9541DC39E4B8}","PlanNumber":"KAP24","PIN":12913591,"PID":12784036,"Designation1":"Lot 12","Designation2":"Block 1","Designation3":null,"ParcelStatus":"ACTIVE","RegionalDistrict":"0019","ParcelClass":"SUBDIVISION","SourceParcelID":null,"GeometrySource":"PMBC-OPERATIONS","IsRemainder":"NO","ParcelStartDate":null,"PositionalError":0.06070792,"LegalDescription":"LOT 12 BLOCK 1 SECTION 32 TOWNSHIP 70 SIMILKAMEEN DIVISION YALE DISTRICT PLAN 24","CaptureMethod":"COGO","OwnerType":"CROWN PROVINCIAL","Compiled":1,"CreatedDate":"2016-09-20T23:24:06.000Z","ModifiedDate":"2022-01-20T17:34:16.000Z","StatedArea":null,"ErrorReportedBy":"LSA","Municipality":"0163","OBJECTID":49918,"created_user":"SDE","created_date":"2024-11-12T16:15:31.000Z","last_edited_user":"SDE","last_edited_date":"2026-03-25T16:06:10.000Z","Shape__Area":276.544467365,"Shape__Length":75.10665630086737,"CommonName":null,"SourceGlobalID":"{D48BE774-DFF2-444D-B3C4-A9728215F430}","Comments":null,"UpdateStatus":"AUTO","UpdateSource":"PMBC"}},{"type":"Feature","geometry":{"type":"Polygon","coordinates":[[[-118.68722,49.078702],[-118.687481,49.0787],[-118.687403,49.078791],[-118.687221,49.078792],[-118.68722,49.078702]]]},"properties":{"GlobalID":"{F3E7A5A0-65C2-45B5-8525-F8FFB221F096}","Name":"012791415","PlanID":"{F21644BF-ED25-4569-85AC-B882D45FA2DF}","PlanNumber":"KAP8332B","PIN":null,"PID":12791415,"Designation1":"Lot 5","Designation2":"Block 22","Designation3":null,"ParcelStatus":"ACTIVE","RegionalDistrict":"0019","ParcelClass":"SUBDIVISION","SourceParcelID":null,"GeometrySource":"PMBC-OPERATIONS","IsRemainder":"NO","ParcelStartDate":null,"PositionalError":0.442907,"LegalDescription":"THAT PART LOT 5 SHOWN OUTLINED RED ON PLAN B8332 BLOCK 22 SECTION 32 TOWNSHIP 70 SIMILKAMEEN DIVISION YALE DISTRICT PLAN 24","CaptureMethod":"COGO","OwnerType":"CROWN PROVINCIAL","Compiled":1,"CreatedDate":"2016-09-20T23:24:06.000Z","ModifiedDate":"2025-10-27T22:37:46.000Z","StatedArea":null,"ErrorReportedBy":"LSA","Municipality":"0163","OBJECTID":49919,"created_user":"SDE","created_date":"2024-11-12T16:15:31.000Z","last_edited_user":"SDE","last_edited_date":"2026-03-25T16:06:10.000Z","Shape__Area":162.148460345,"Shape__Length":53.9595187936037,"CommonName":null,"SourceGlobalID":"{34E61CF3-F1A7-499F-B906-8C30311EDECF}","Comments":null,"UpdateStatus":"AUTO","UpdateSource":"PMBC"}},{"type":"Feature","geometry":{"type":"Polygon","coordinates":[[[-118.687166,49.07604],[-118.687164,49.07595],[-118.687582,49.075946],[-118.687584,49.076036],[-118.687166,49.07604]]]},"properties":{"GlobalID":"{091CF60C-814F-4948-BB6F-99D9C4DA9A01}","Name":"006441947","PlanID":"{E6CCA1B6-13F5-4401-972C-9541DC39E4B8}","PlanNumber":"KAP24","PIN":null,"PID":6441947,"Designation1":"Lot 1","Designation2":"Block 25","Designation3":null,"ParcelStatus":"ACTIVE","RegionalDistrict":"0019","ParcelClass":"SUBDIVISION","SourceParcelID":null,"GeometrySource":"PMBC-OPERATIONS","IsRemainder":"NO","ParcelStartDate":null,"PositionalError":0.98772765,"LegalDescription":"LOT 1 BLOCK 25 SECTION 32 TOWNSHIP 70 SIMILKAMEEN DIVISION YALE DISTRICT PLAN 24","CaptureMethod":"COGO","OwnerType":"PRIVATE","Compiled":1,"CreatedDate":"2016-09-20T23:24:06.000Z","ModifiedDate":"2022-01-20T17:34:05.000Z","StatedArea":null,"ErrorReportedBy":"LSA","Municipality":"0163","OBJECTID":49920,"created_user":"SDE","created_date":"2024-11-12T16:15:31.000Z","last_edited_user":"SDE","last_edited_date":"2026-03-25T16:06:10.000Z","Shape__Area":305.20771128,"Shape__Length":80.98446426744457,"CommonName":null,"SourceGlobalID":"{606B7E91-9109-4419-B6B8-FAB5C73EED04}","Comments":null,"UpdateStatus":"AUTO","UpdateSource":"PMBC"}},{"type":"Feature","geometry":{"type":"Polygon","coordinates":[[[-118.683525,49.077938],[-118.683525,49.077938],[-118.683942,49.077936],[-118.683943,49.078026],[-118.683526,49.078029],[-118.683526,49.078029],[-118.683525,49.077938]]]},"properties":{"GlobalID":"{94693E29-C1A9-42DF-B139-4946E25BE710}","Name":"012784931","PlanID":"{E6CCA1B6-13F5-4401-972C-9541DC39E4B8}","PlanNumber":"KAP24","PIN":24394751,"PID":12784931,"Designation1":"Lot 5","Designation2":"Block 3","Designation3":null,"ParcelStatus":"ACTIVE","RegionalDistrict":"0019","ParcelClass":"SUBDIVISION","SourceParcelID":null,"GeometrySource":"PMBC-OPERATIONS","IsRemainder":"NO","ParcelStartDate":null,"PositionalError":0.9112628,"LegalDescription":"LOT 5 BLOCK 3 SECTION 32 TOWNSHIP 70 SIMILKAMEEN DIVISION YALE DISTRICT PLAN 24","CaptureMethod":"COGO","OwnerType":"PRIVATE","Compiled":1,"CreatedDate":"2016-09-20T23:24:06.000Z","ModifiedDate":"2025-10-27T22:37:46.000Z","StatedArea":null,"ErrorReportedBy":"LSA","Municipality":"0163","OBJECTID":49921,"created_user":"SDE","created_date":"2024-11-12T16:15:31.000Z","last_edited_user":"SDE","last_edited_date":"2026-03-25T16:06:10.000Z","Shape__Area":306.409564105,"Shape__Length":81.05480803483597,"CommonName":null,"SourceGlobalID":"{42F42B70-90B1-4904-BB0B-74B8AE7203A8}","Comments":null,"UpdateStatus":"AUTO","UpdateSource":"PMBC"}},{"type":"Feature","geometry":{"type":"Polygon","coordinates":[[[-118.683362,49.078081],[-118.683363,49.078164],[-118.682946,49.078168],[-118.682945,49.078086],[-118.683362,49.078081]]]},"properties":{"GlobalID":"{75E88A89-4BD6-4FB2-B60B-B46ED64E2A9B}","Name":"012717827","PlanID":"{EF69E8E0-575B-4D1C-B751-6A4B02AA77B6}","PlanNumber":"KAP115","PIN":null,"PID":12717827,"Designation1":"Lot 7","Designation2":"Block 1","Designation3":null,"ParcelStatus":"ACTIVE","RegionalDistrict":"0019","ParcelClass":"SUBDIVISION","SourceParcelID":null,"GeometrySource":"PMBC-OPERATIONS","IsRemainder":"NO","ParcelStartDate":null,"PositionalError":0.76668228,"LegalDescription":"LOT 7 BLOCK 1 DISTRICT LOT 914 SIMILKAMEEN DIVISION YALE DISTRICT PLAN 115","CaptureMethod":"COGO","OwnerType":"PRIVATE","Compiled":1,"CreatedDate":"2016-09-20T23:24:06.000Z","ModifiedDate":"2022-01-20T17:34:16.000Z","StatedArea":null,"ErrorReportedBy":"LSA","Municipality":"0163","OBJECTID":49922,"created_user":"SDE","created_date":"2024-11-12T16:15:31.000Z","last_edited_user":"SDE","last_edited_date":"2026-03-25T16:06:10.000Z","Shape__Area":278.5422172,"Shape__Length":79.22660179963697,"CommonName":null,"SourceGlobalID":"{9814ED94-A3B9-4E78-81D5-238BEE0EC542}","Comments":null,"UpdateStatus":"AUTO","UpdateSource":"PMBC"}},{"type":"Feature","geometry":{"type":"Polygon","coordinates":[[[-118.687587,49.076217],[-118.687589,49.076307],[-118.687172,49.076311],[-118.68717,49.076221],[-118.687587,49.076217]]]},"properties":{"GlobalID":"{3A45DEDD-5846-4DA9-A978-78F197E19095}","Name":"006442218","PlanID":"{E6CCA1B6-13F5-4401-972C-9541DC39E4B8}","PlanNumber":"KAP24","PIN":null,"PID":6442218,"Designation1":"Lot 4","Designation2":"Block 25","Designation3":null,"ParcelStatus":"ACTIVE","RegionalDistrict":"0019","ParcelClass":"SUBDIVISION","SourceParcelID":null,"GeometrySource":"PMBC-OPERATIONS","IsRemainder":"NO","ParcelStartDate":null,"PositionalError":0.76227606,"LegalDescription":"LOT 4 BLOCK 25 SECTION 32 TOWNSHIP 70 SIMILKAMEEN DIVISION YALE DISTRICT PLAN 24","CaptureMethod":"COGO","OwnerType":"PRIVATE","Compiled":1,"CreatedDate":"2016-09-20T23:24:06.000Z","ModifiedDate":"2022-01-20T17:34:08.000Z","StatedArea":null,"ErrorReportedBy":"LSA","Municipality":"0163","OBJECTID":49923,"created_user":"SDE","created_date":"2024-11-12T16:15:31.000Z","last_edited_user":"SDE","last_edited_date":"2026-03-25T16:06:10.000Z","Shape__Area":304.83412851,"Shape__Length":80.92047409981173,"CommonName":null,"SourceGlobalID":"{6A26A6AB-1E1B-4086-BC20-C76959316FE4}","Comments":null,"UpdateStatus":"AUTO","UpdateSource":"PMBC"}},{"type":"Feature","geometry":{"type":"Polygon","coordinates":[[[-118.687218,49.078636],[-118.68724,49.078611],[-118.687559,49.078609],[-118.687481,49.0787],[-118.68722,49.078702],[-118.687218,49.078636]]]},"properties":{"GlobalID":"{AE451B50-1003-4F7B-A8E8-B6AE6D139FCB}","Name":"012791385","PlanID":"{F21644BF-ED25-4569-85AC-B882D45FA2DF}","PlanNumber":"KAP8332B","PIN":null,"PID":12791385,"Designation1":"Lot 4","Designation2":"Block 22","Designation3":null,"ParcelStatus":"ACTIVE","RegionalDistrict":"0019","ParcelClass":"SUBDIVISION","SourceParcelID":null,"GeometrySource":"PMBC-OPERATIONS","IsRemainder":"NO","ParcelStartDate":null,"PositionalError":0.442907,"LegalDescription":"THAT PART LOT 4 SHOWN OUTLINED RED ON PLAN B8332 BLOCK 22 SECTION 32 TOWNSHIP 70 SIMILKAMEEN DIVISION YALE DISTRICT PLAN 24","CaptureMethod":"COGO","OwnerType":"CROWN PROVINCIAL","Compiled":1,"CreatedDate":"2016-09-20T23:24:06.000Z","ModifiedDate":"2025-10-27T22:37:46.000Z","StatedArea":null,"ErrorReportedBy":"LSA","Municipality":"0163","OBJECTID":49924,"created_user":"SDE","created_date":"2024-11-12T16:15:31.000Z","last_edited_user":"SDE","last_edited_date":"2026-03-25T16:06:10.000Z","Shape__Area":218.716188335,"Shape__Length":64.50995434943097,"CommonName":null,"SourceGlobalID":"{CACC65CA-5A8B-4E1F-8D86-8E0213938EB8}","Comments":null,"UpdateStatus":"AUTO","UpdateSource":"PMBC"}},{"type":"Feature","geometry":{"type":"Polygon","coordinates":[[[-118.683939,49.077665],[-118.683522,49.077667],[-118.683521,49.077667],[-118.68352,49.077576],[-118.683521,49.077576],[-118.683937,49.077574],[-118.683939,49.077665]]]},"properties":{"GlobalID":"{57E48775-EEB4-4874-ACE2-BCCD52E591D9}","Name":"012784842","PlanID":"{E6CCA1B6-13F5-4401-972C-9541DC39E4B8}","PlanNumber":"KAP24","PIN":null,"PID":12784842,"Designation1":"Lot 1","Designation2":"Block 3","Designation3":null,"ParcelStatus":"ACTIVE","RegionalDistrict":"0019","ParcelClass":"SUBDIVISION","SourceParcelID":null,"GeometrySource":"PMBC-OPERATIONS","IsRemainder":"NO","ParcelStartDate":null,"PositionalError":1.1748047,"LegalDescription":"LOT 1 BLOCK 3 SECTION 32 TOWNSHIP 70 SIMILKAMEEN DIVISION YALE DISTRICT PLAN 24","CaptureMethod":"COGO","OwnerType":"PRIVATE","Compiled":1,"CreatedDate":"2016-09-20T23:24:06.000Z","ModifiedDate":"2025-10-27T22:37:46.000Z","StatedArea":null,"ErrorReportedBy":"LSA","Municipality":"0163","OBJECTID":49925,"created_user":"SDE","created_date":"2024-11-12T16:15:31.000Z","last_edited_user":"SDE","last_edited_date":"2026-03-25T16:06:10.000Z","Shape__Area":306.408050455,"Shape__Length":81.05460746303126,"CommonName":null,"SourceGlobalID":"{F8910472-0C7E-4894-8E14-50999524EB63}","Comments":null,"UpdateStatus":"AUTO","UpdateSource":"PMBC"}},{"type":"Feature","geometry":{"type":"MultiPolygon","coordinates":[[[[-118.688278,49.076572],[-118.688302,49.076477],[-118.68831,49.076443],[-118.688401,49.076096],[-118.688402,49.076118],[-118.688404,49.076209],[-118.688406,49.0763],[-118.688408,49.07639],[-118.68841,49.07648],[-118.688412,49.076571],[-118.688569,49.076568],[-118.688528,49.076733],[-118.688415,49.076735],[-118.688417,49.076826],[-118.688418,49.076916],[-118.68842,49.077007],[-118.688422,49.077097],[-118.688426,49.077143],[-118.688336,49.077369],[-118.688094,49.077372],[-118.688094,49.077279],[-118.688235,49.076737],[-118.688235,49.076736],[-118.688278,49.076572]]],[[[-118.685196,49.08013],[-118.685262,49.080092],[-118.685263,49.080133],[-118.685265,49.080224],[-118.685266,49.080314],[-118.685267,49.080323],[-118.6852,49.080349],[-118.685199,49.080315],[-118.685198,49.080225],[-118.685196,49.080134],[-118.685196,49.08013]]],[[[-118.686416,49.079382],[-118.686481,49.079321],[-118.686481,49.079325],[-118.686483,49.079415],[-118.686485,49.079507],[-118.686487,49.079597],[-118.686487,49.079601],[-118.686487,49.079606],[-118.686421,49.079641],[-118.68642,49.079597],[-118.686418,49.079506],[-118.686416,49.079416],[-118.686416,49.079382]]],[[[-118.68849,49.075775],[-118.688766,49.075771],[-118.688747,49.075845],[-118.68846,49.075846],[-118.68849,49.075775]]],[[[-118.688098,49.077536],[-118.688274,49.077538],[-118.688103,49.077829],[-118.688103,49.077807],[-118.688101,49.077717],[-118.688099,49.077626],[-118.688098,49.077536]]],[[[-118.683302,49.08085],[-118.683558,49.080783],[-118.683565,49.081021],[-118.683306,49.081033],[-118.683302,49.08085]]],[[[-118.687631,49.078427],[-118.68763,49.078337],[-118.687475,49.078339],[-118.687605,49.078173],[-118.687626,49.078173],[-118.687626,49.078139],[-118.687626,49.078139],[-118.68769,49.078027],[-118.687691,49.078082],[-118.687693,49.078172],[-118.687905,49.07817],[-118.687832,49.07828],[-118.687795,49.078336],[-118.687697,49.078337],[-118.687698,49.078426],[-118.687699,49.078447],[-118.687651,49.078502],[-118.687634,49.078523],[-118.687633,49.078518],[-118.687631,49.078427]]],[[[-118.684069,49.08059],[-118.684454,49.080587],[-118.684456,49.080654],[-118.684192,49.080754],[-118.684158,49.080754],[-118.684008,49.080755],[-118.683857,49.080757],[-118.683707,49.080758],[-118.683623,49.080759],[-118.684069,49.08059]]],[[[-118.685678,49.080039],[-118.685676,49.079948],[-118.685532,49.07995],[-118.686004,49.079664],[-118.686005,49.079688],[-118.686007,49.079778],[-118.686216,49.079781],[-118.685679,49.080105],[-118.685678,49.080039]]],[[[-118.686897,49.07923],[-118.686895,49.07914],[-118.686702,49.079142],[-118.686891,49.078976],[-118.687218,49.078636],[-118.68722,49.078702],[-118.687221,49.078792],[-118.687223,49.078882],[-118.687225,49.078974],[-118.687245,49.078974],[-118.686897,49.079272],[-118.686897,49.07923]]]]},"properties":{"GlobalID":"{B8C96F58-7021-45FB-A208-C6D9186059F4}","Name":"012817180","PlanID":"{BEB542E7-C347-49EE-B81D-F4F1ADEAEEA1}","PlanNumber":"KAP205CG","PIN":null,"PID":12817180,"Designation1":"Block 32","Designation2":null,"Designation3":null,"ParcelStatus":"ACTIVE","RegionalDistrict":"0019","ParcelClass":"SUBDIVISION","SourceParcelID":null,"GeometrySource":"PMBC-OPERATIONS","IsRemainder":"NO","ParcelStartDate":null,"PositionalError":0.9560429,"LegalDescription":"THOSE PORTIONS OF CLOSED STREETS, AVENUES AND LANES IN SECTION 32 SHOWN AS PARCELS 1 TO 10 (INCLUSIVE) ON PLAN CG 205 TOWNSHIP 70 SIMILKAMEEN DIVISION YALE DISTRICT PLAN 24","CaptureMethod":"COGO","OwnerType":"CROWN PROVINCIAL","Compiled":0,"CreatedDate":"2022-01-18T23:24:40.000Z","ModifiedDate":"2025-10-27T22:37:46.000Z","StatedArea":"6100","ErrorReportedBy":"LSA","Municipality":"0163","OBJECTID":49926,"created_user":"SDE","created_date":"2024-11-12T16:15:31.000Z","last_edited_user":"SDE","last_edited_date":"2026-03-25T16:06:10.000Z","Shape__Area":6103.013350435,"Shape__Length":1306.7933570638395,"CommonName":null,"SourceGlobalID":"{8BE05DB1-F4F6-46CB-89EC-69BEA2EA0680}","Comments":null,"UpdateStatus":"AUTO","UpdateSource":"PMBC"}},{"type":"Feature","geometry":{"type":"Polygon","coordinates":[[[-118.686452,49.077856],[-118.686869,49.077853],[-118.68687,49.077908],[-118.68687,49.077908],[-118.686453,49.077912],[-118.686452,49.077856]]]},"properties":{"GlobalID":"{AE3DA60E-CE32-45F4-B59E-D135477DE908}","Name":"012790958","PlanID":"{E6CCA1B6-13F5-4401-972C-9541DC39E4B8}","PlanNumber":"KAP24","PIN":90053267,"PID":12790958,"Designation1":"Lot 11","Designation2":"Block 17","Designation3":null,"ParcelStatus":"ACTIVE","RegionalDistrict":"0019","ParcelClass":"SUBDIVISION","SourceParcelID":null,"GeometrySource":"PMBC-OPERATIONS","IsRemainder":"NO","ParcelStartDate":null,"PositionalError":0.3770827,"LegalDescription":"LOT 11 BLOCK 17 SECTION 32 TOWNSHIP 70 SIMILKAMEEN DIVISION YALE DISTRICT PLAN 24","CaptureMethod":"COGO","OwnerType":"CROWN PROVINCIAL","Compiled":1,"CreatedDate":"2016-09-20T23:24:06.000Z","ModifiedDate":"2025-10-27T22:37:46.000Z","StatedArea":null,"ErrorReportedBy":"LSA","Municipality":"0163","OBJECTID":49927,"created_user":"SDE","created_date":"2024-11-12T16:15:31.000Z","last_edited_user":"SDE","last_edited_date":"2026-03-25T16:06:10.000Z","Shape__Area":187.44091233,"Shape__Length":73.23351574717053,"CommonName":null,"SourceGlobalID":"{F2AB9AAD-178C-4CAB-A4D8-8B6CD562D03A}","Comments":null,"UpdateStatus":"AUTO","UpdateSource":"PMBC"}},{"type":"Feature","geometry":{"type":"Polygon","coordinates":[[[-118.684374,49.076517],[-118.683993,49.076521],[-118.683992,49.07643],[-118.684372,49.076427],[-118.684374,49.076517]]]},"properties":{"GlobalID":"{2CB82B94-05C5-47F9-B97A-BAACA0E908A6}","Name":"012782785","PlanID":"{E6CCA1B6-13F5-4401-972C-9541DC39E4B8}","PlanNumber":"KAP24","PIN":null,"PID":12782785,"Designation1":"Lot 9","Designation2":"Block 1","Designation3":null,"ParcelStatus":"ACTIVE","RegionalDistrict":"0019","ParcelClass":"SUBDIVISION","SourceParcelID":null,"GeometrySource":"PMBC-OPERATIONS","IsRemainder":"NO","ParcelStartDate":"2016-07-20T07:00:00.000Z","PositionalError":0.05654649,"LegalDescription":"LOT 9 BLOCK 1 SECTION 32 TOWNSHIP 70 SIMILKAMEEN DIVISION YALE DISTRICT PLAN 24","CaptureMethod":"COGO","OwnerType":"CROWN PROVINCIAL","Compiled":1,"CreatedDate":"2016-09-20T23:24:06.000Z","ModifiedDate":"2022-01-20T17:34:19.000Z","StatedArea":null,"ErrorReportedBy":"LSA","Municipality":"0163","OBJECTID":49928,"created_user":"SDE","created_date":"2024-11-12T16:15:31.000Z","last_edited_user":"SDE","last_edited_date":"2026-03-25T16:06:10.000Z","Shape__Area":279.18447425,"Shape__Length":75.6312687079144,"CommonName":null,"SourceGlobalID":"{765EEA56-ED14-42A9-AF65-E6B3748DAC35}","Comments":null,"UpdateStatus":"AUTO","UpdateSource":"PMBC"}},{"type":"Feature","geometry":{"type":"Polygon","coordinates":[[[-118.684312,49.080975],[-118.684308,49.080753],[-118.684458,49.080751],[-118.684462,49.080971],[-118.684312,49.080975]]]},"properties":{"GlobalID":"{2AF13467-B16B-41BD-B6E7-0B90985B8609}","Name":"012396141","PlanID":"{E6CCA1B6-13F5-4401-972C-9541DC39E4B8}","PlanNumber":"KAP24","PIN":null,"PID":12396141,"Designation1":"Lot 6","Designation2":"Block 7","Designation3":null,"ParcelStatus":"ACTIVE","RegionalDistrict":"0019","ParcelClass":"SUBDIVISION","SourceParcelID":null,"GeometrySource":"PMBC-OPERATIONS","IsRemainder":"NO","ParcelStartDate":null,"PositionalError":0.91624897,"LegalDescription":"LOT 6 BLOCK 7 SECTION 32 TOWNSHIP 70 SIMILKAMEEN DIVISION YALE DISTRICT PLAN 24","CaptureMethod":"COGO","OwnerType":"PRIVATE","Compiled":1,"CreatedDate":"2016-09-20T23:24:06.000Z","ModifiedDate":"2022-01-20T17:34:06.000Z","StatedArea":null,"ErrorReportedBy":"LSA","Municipality":"0163","OBJECTID":49929,"created_user":"SDE","created_date":"2024-11-12T16:15:31.000Z","last_edited_user":"SDE","last_edited_date":"2026-03-25T16:06:10.000Z","Shape__Area":268.981239575,"Shape__Length":71.00151105129974,"CommonName":null,"SourceGlobalID":"{8D341897-22EF-4549-9BE4-21A202818DE4}","Comments":null,"UpdateStatus":"AUTO","UpdateSource":"PMBC"}},{"type":"Feature","geometry":{"type":"Polygon","coordinates":[[[-118.685128,49.076766],[-118.68513,49.076856],[-118.684713,49.07686],[-118.684711,49.076769],[-118.685128,49.076766]]]},"properties":{"GlobalID":"{D7DD964A-C102-45F8-82E9-FB1EA4BB145A}","Name":"012790290","PlanID":"{E6CCA1B6-13F5-4401-972C-9541DC39E4B8}","PlanNumber":"KAP24","PIN":13005261,"PID":12790290,"Designation1":"Lot 1","Designation2":"Block 13","Designation3":null,"ParcelStatus":"ACTIVE","RegionalDistrict":"0019","ParcelClass":"SUBDIVISION","SourceParcelID":null,"GeometrySource":"PMBC-OPERATIONS","IsRemainder":"NO","ParcelStartDate":null,"PositionalError":0.43401267,"LegalDescription":"LOT 1 BLOCK 13 SECTION 32 TOWNSHIP 70 SIMILKAMEEN DIVISION YALE DISTRICT PLAN 24","CaptureMethod":"COGO","OwnerType":"CROWN PROVINCIAL","Compiled":1,"CreatedDate":"2016-09-20T23:24:06.000Z","ModifiedDate":"2022-01-20T17:34:11.000Z","StatedArea":null,"ErrorReportedBy":"LSA","Municipality":"0163","OBJECTID":49930,"created_user":"SDE","created_date":"2024-11-12T16:15:31.000Z","last_edited_user":"SDE","last_edited_date":"2026-03-25T16:06:10.000Z","Shape__Area":306.55941933,"Shape__Length":81.07442542678362,"CommonName":null,"SourceGlobalID":"{93293F2B-2C38-442D-8EE6-703874EBD34E}","Comments":null,"UpdateStatus":"AUTO","UpdateSource":"PMBC"}},{"type":"Feature","geometry":{"type":"Polygon","coordinates":[[[-118.687605,49.077104],[-118.687188,49.077108],[-118.687186,49.077018],[-118.687181,49.076746],[-118.687598,49.076743],[-118.687603,49.077014],[-118.687605,49.077104]]]},"properties":{"GlobalID":"{7190C04E-4004-407A-906C-FF4DB9CBC7DE}","Name":"012793728","PlanID":"{E6CCA1B6-13F5-4401-972C-9541DC39E4B8}","PlanNumber":"KAP24","PIN":null,"PID":12793728,"Designation1":"Parcel F","Designation2":"Block 24","Designation3":null,"ParcelStatus":"ACTIVE","RegionalDistrict":"0019","ParcelClass":"SUBDIVISION","SourceParcelID":null,"GeometrySource":"PMBC-OPERATIONS","IsRemainder":"NO","ParcelStartDate":null,"PositionalError":0.27514396,"LegalDescription":"PARCEL F (DD M13192) BLOCK 24 SECTION 32 TOWNSHIP 70 SIMILKAMEEN DIVISION YALE DISTRICT PLAN 24","CaptureMethod":"COGO","OwnerType":"PRIVATE","Compiled":1,"CreatedDate":"2016-09-20T23:24:06.000Z","ModifiedDate":"2022-01-20T17:34:20.000Z","StatedArea":null,"ErrorReportedBy":"LSA","Municipality":"0163","OBJECTID":49931,"created_user":"SDE","created_date":"2024-11-12T16:15:31.000Z","last_edited_user":"SDE","last_edited_date":"2026-03-25T16:06:10.000Z","Shape__Area":1225.25321021,"Shape__Length":141.36386961347898,"CommonName":null,"SourceGlobalID":"{A76FD61B-9415-467F-B092-8F097034E51A}","Comments":null,"UpdateStatus":"AUTO","UpdateSource":"PMBC"}},{"type":"Feature","geometry":{"type":"Polygon","coordinates":[[[-118.682272,49.077247],[-118.68227,49.077156],[-118.682687,49.077151],[-118.682689,49.077242],[-118.682272,49.077247]]]},"properties":{"GlobalID":"{21E8F888-F845-42C3-B2D0-234021ADD025}","Name":"012718149","PlanID":"{EF69E8E0-575B-4D1C-B751-6A4B02AA77B6}","PlanNumber":"KAP115","PIN":10334081,"PID":12718149,"Designation1":"Lot 5","Designation2":"Block 4","Designation3":null,"ParcelStatus":"ACTIVE","RegionalDistrict":"0019","ParcelClass":"SUBDIVISION","SourceParcelID":null,"GeometrySource":"PMBC-OPERATIONS","IsRemainder":"NO","ParcelStartDate":null,"PositionalError":0.62201139,"LegalDescription":"LOT 5 BLOCK 4 DISTRICT LOT 914 SIMILKAMEEN DIVISION YALE DISTRICT PLAN 115","CaptureMethod":"COGO","OwnerType":"CROWN PROVINCIAL","Compiled":1,"CreatedDate":"2016-09-20T23:24:06.000Z","ModifiedDate":"2022-01-20T17:34:16.000Z","StatedArea":null,"ErrorReportedBy":"LSA","Municipality":"0163","OBJECTID":49932,"created_user":"SDE","created_date":"2024-11-12T16:15:31.000Z","last_edited_user":"SDE","last_edited_date":"2026-03-25T16:06:10.000Z","Shape__Area":306.409523695,"Shape__Length":81.05474796537433,"CommonName":null,"SourceGlobalID":"{A96FFD7E-B1CA-4286-B23F-23C9754A90E7}","Comments":null,"UpdateStatus":"AUTO","UpdateSource":"PMBC"}},{"type":"Feature","geometry":{"type":"Polygon","coordinates":[[[-118.685069,49.080407],[-118.684864,49.080499],[-118.684786,49.0805],[-118.684784,49.080409],[-118.685069,49.080407]]]},"properties":{"GlobalID":"{6C2BCA18-624A-4B80-B77B-5531505EE1ED}","Name":"012786501","PlanID":"{F21644BF-ED25-4569-85AC-B882D45FA2DF}","PlanNumber":"KAP8332B","PIN":null,"PID":12786501,"Designation1":"Lot 6","Designation2":"Block 9","Designation3":null,"ParcelStatus":"ACTIVE","RegionalDistrict":"0019","ParcelClass":"SUBDIVISION","SourceParcelID":null,"GeometrySource":"PMBC-OPERATIONS","IsRemainder":"NO","ParcelStartDate":null,"PositionalError":0.60610004,"LegalDescription":"THAT PART LOT 6 SHOWN OUTLINED RED ON PLAN B8332 BLOCK 9 SECTION 32 TOWNSHIP 70 SIMILKAMEEN DIVISION YALE DISTRICT PLAN 24","CaptureMethod":"COGO","OwnerType":"CROWN PROVINCIAL","Compiled":1,"CreatedDate":"2016-09-20T23:24:06.000Z","ModifiedDate":"2022-01-20T17:34:04.000Z","StatedArea":null,"ErrorReportedBy":"LSA","Municipality":"0163","OBJECTID":49933,"created_user":"SDE","created_date":"2024-11-12T16:15:31.000Z","last_edited_user":"SDE","last_edited_date":"2026-03-25T16:06:10.000Z","Shape__Area":133.28884487,"Shape__Length":54.698413788391115,"CommonName":null,"SourceGlobalID":"{C880ADE2-F467-4C06-AEFC-32252FC23330}","Comments":null,"UpdateStatus":"AUTO","UpdateSource":"PMBC"}},{"type":"Feature","geometry":{"type":"Polygon","coordinates":[[[-118.683535,49.078738],[-118.683532,49.078467],[-118.683949,49.078462],[-118.683952,49.078734],[-118.683535,49.078738]]]},"properties":{"GlobalID":"{9A82D24C-40B7-4316-AF33-1FBAE6964668}","Name":"004597699","PlanID":"{6A2B0D34-15FC-4D87-8419-9006FD85F866}","PlanNumber":"KAP28267","PIN":null,"PID":4597699,"Designation1":"Lot W","Designation2":null,"Designation3":null,"ParcelStatus":"ACTIVE","RegionalDistrict":"0019","ParcelClass":"SUBDIVISION","SourceParcelID":null,"GeometrySource":"PMBC-OPERATIONS","IsRemainder":"NO","ParcelStartDate":null,"PositionalError":0.45579898,"LegalDescription":"LOT W SECTION 32 TOWNSHIP 70 SIMILKAMEEN DIVISION YALE DISTRICT PLAN 28267","CaptureMethod":"COGO","OwnerType":"PRIVATE","Compiled":1,"CreatedDate":"2016-09-20T23:24:06.000Z","ModifiedDate":"2022-01-20T17:34:12.000Z","StatedArea":null,"ErrorReportedBy":"LSA","Municipality":"0163","OBJECTID":49934,"created_user":"SDE","created_date":"2024-11-12T16:15:31.000Z","last_edited_user":"SDE","last_edited_date":"2026-03-25T16:06:10.000Z","Shape__Area":920.69019049,"Shape__Length":121.37505620431402,"CommonName":null,"SourceGlobalID":"{DC6549B4-9781-4011-A95F-8CEBB45EE17B}","Comments":null,"UpdateStatus":"AUTO","UpdateSource":"PMBC"}},{"type":"Feature","geometry":{"type":"Polygon","coordinates":[[[-118.683939,49.077665],[-118.68394,49.077755],[-118.683523,49.077757],[-118.683521,49.077667],[-118.683939,49.077665]]]},"properties":{"GlobalID":"{7F1C76C5-C95B-46A1-90F0-0A4DE7399BF0}","Name":"012784877","PlanID":"{E6CCA1B6-13F5-4401-972C-9541DC39E4B8}","PlanNumber":"KAP24","PIN":null,"PID":12784877,"Designation1":"Lot 2","Designation2":"Block 3","Designation3":null,"ParcelStatus":"ACTIVE","RegionalDistrict":"0019","ParcelClass":"SUBDIVISION","SourceParcelID":null,"GeometrySource":"PMBC-OPERATIONS","IsRemainder":"NO","ParcelStartDate":null,"PositionalError":1.09396651,"LegalDescription":"LOT 2 BLOCK 3 SECTION 32 TOWNSHIP 70 SIMILKAMEEN DIVISION YALE DISTRICT PLAN 24","CaptureMethod":"COGO","OwnerType":"PRIVATE","Compiled":1,"CreatedDate":"2016-09-20T23:24:06.000Z","ModifiedDate":"2022-01-20T17:34:15.000Z","StatedArea":null,"ErrorReportedBy":"LSA","Municipality":"0163","OBJECTID":49935,"created_user":"SDE","created_date":"2024-11-12T16:15:31.000Z","last_edited_user":"SDE","last_edited_date":"2026-03-25T16:06:10.000Z","Shape__Area":306.414369105,"Shape__Length":81.05520379980844,"CommonName":null,"SourceGlobalID":"{400D7955-C403-444A-A76A-840A75BB16E0}","Comments":null,"UpdateStatus":"AUTO","UpdateSource":"PMBC"}},{"type":"Feature","geometry":{"type":"MultiPolygon","coordinates":[[[[-118.685119,49.076239],[-118.685126,49.076601],[-118.684709,49.076605],[-118.684702,49.076242],[-118.685119,49.076239]]],[[[-118.685185,49.076238],[-118.685536,49.076235],[-118.685544,49.076597],[-118.685193,49.076601],[-118.685185,49.076238]]]]},"properties":{"GlobalID":"{0C94A29C-1749-4966-B44E-D9858A5E5FC6}","Name":"028014952","PlanID":"{97FF5873-9D3A-4297-8AA9-FBF12BDDCB7C}","PlanNumber":"KAP89676","PIN":null,"PID":28014952,"Designation1":"Lot 1","Designation2":null,"Designation3":null,"ParcelStatus":"ACTIVE","RegionalDistrict":"0019","ParcelClass":"SUBDIVISION","SourceParcelID":null,"GeometrySource":"PMBC-OPERATIONS","IsRemainder":"NO","ParcelStartDate":"2009-09-12T07:00:00.000Z","PositionalError":0.05679128,"LegalDescription":"LOT 1 SECTION 32 TOWNSHIP 70 SIMILKAMEEN DIVISION YALE DISTRICT PLAN KAP89676","CaptureMethod":"COGO","OwnerType":"PRIVATE","Compiled":1,"CreatedDate":"2016-09-20T23:24:06.000Z","ModifiedDate":"2022-01-20T17:34:08.000Z","StatedArea":null,"ErrorReportedBy":"LSA","Municipality":"0163","OBJECTID":49936,"created_user":"SDE","created_date":"2024-11-12T16:15:31.000Z","last_edited_user":"SDE","last_edited_date":"2026-03-25T16:06:10.000Z","Shape__Area":2260.978854315,"Shape__Length":273.40812480495833,"CommonName":null,"SourceGlobalID":"{CB6EA1F1-19E5-4896-8084-E1F3D6D026ED}","Comments":null,"UpdateStatus":"AUTO","UpdateSource":"PMBC"}},{"type":"Feature","geometry":{"type":"Polygon","coordinates":[[[-118.685666,49.079513],[-118.685249,49.079517],[-118.685247,49.079426],[-118.685665,49.079422],[-118.685666,49.079513]]]},"properties":{"GlobalID":"{97F11D2C-503A-4FA8-8358-486E80DAD437}","Name":"012788503","PlanID":"{E6CCA1B6-13F5-4401-972C-9541DC39E4B8}","PlanNumber":"KAP24","PIN":32410081,"PID":12788503,"Designation1":"Lot 11","Designation2":"Block 10","Designation3":null,"ParcelStatus":"ACTIVE","RegionalDistrict":"0019","ParcelClass":"SUBDIVISION","SourceParcelID":null,"GeometrySource":"PMBC-OPERATIONS","IsRemainder":"NO","ParcelStartDate":null,"PositionalError":0.70279209,"LegalDescription":"LOT 11 BLOCK 10 SECTION 32 TOWNSHIP 70 SIMILKAMEEN DIVISION YALE DISTRICT PLAN 24","CaptureMethod":"COGO","OwnerType":"CROWN PROVINCIAL","Compiled":1,"CreatedDate":"2016-09-20T23:24:06.000Z","ModifiedDate":"2022-01-20T17:34:09.000Z","StatedArea":null,"ErrorReportedBy":"LSA","Municipality":"0163","OBJECTID":49937,"created_user":"SDE","created_date":"2024-11-12T16:15:31.000Z","last_edited_user":"SDE","last_edited_date":"2026-03-25T16:06:10.000Z","Shape__Area":306.135702695,"Shape__Length":81.03789137311598,"CommonName":null,"SourceGlobalID":"{2F65B7BB-F5F9-4BEA-A66A-5114F03FADD8}","Comments":null,"UpdateStatus":"AUTO","UpdateSource":"PMBC"}},{"type":"Feature","geometry":{"type":"Polygon","coordinates":[[[-118.686461,49.078356],[-118.686462,49.078356],[-118.686566,49.078355],[-118.686794,49.078353],[-118.68688,49.078405],[-118.686886,49.078705],[-118.686891,49.078976],[-118.686474,49.07898],[-118.686462,49.078398],[-118.686461,49.078356]]]},"properties":{"GlobalID":"{C529839C-98F8-48A2-A643-DE1360788BFA}","Name":"002200376","PlanID":"{008E90B6-9F52-4B65-BA11-0421EE4F32C2}","PlanNumber":"KAP35908","PIN":null,"PID":2200376,"Designation1":"Lot A","Designation2":null,"Designation3":null,"ParcelStatus":"ACTIVE","RegionalDistrict":"0019","ParcelClass":"SUBDIVISION","SourceParcelID":null,"GeometrySource":"PMBC-OPERATIONS","IsRemainder":"NO","ParcelStartDate":null,"PositionalError":0.3704758,"LegalDescription":"LOT A SECTION 32 TOWNSHIP 70 SIMILKAMEEN DIVISION YALE DISTRICT PLAN 35908","CaptureMethod":"COGO","OwnerType":"PRIVATE","Compiled":1,"CreatedDate":"2016-09-20T23:24:06.000Z","ModifiedDate":"2025-10-27T22:37:46.000Z","StatedArea":null,"ErrorReportedBy":"LSA","Municipality":"0163","OBJECTID":49938,"created_user":"SDE","created_date":"2024-11-12T16:15:31.000Z","last_edited_user":"SDE","last_edited_date":"2026-03-25T16:06:10.000Z","Shape__Area":2099.210641295,"Shape__Length":196.26055099972058,"CommonName":null,"SourceGlobalID":"{F0B9E14B-7A41-43A0-851B-0434104F8C31}","Comments":null,"UpdateStatus":"AUTO","UpdateSource":"PMBC"}},{"type":"Feature","geometry":{"type":"Polygon","coordinates":[[[-118.684864,49.080499],[-118.684787,49.080534],[-118.684786,49.0805],[-118.684864,49.080499]]]},"properties":{"GlobalID":"{A30E5A8D-6E44-445C-A094-E962DC2BEAA6}","Name":"012786527","PlanID":"{F21644BF-ED25-4569-85AC-B882D45FA2DF}","PlanNumber":"KAP8332B","PIN":null,"PID":12786527,"Designation1":"Lot 7","Designation2":"Block 9","Designation3":null,"ParcelStatus":"ACTIVE","RegionalDistrict":"0019","ParcelClass":"SUBDIVISION","SourceParcelID":null,"GeometrySource":"PMBC-OPERATIONS","IsRemainder":"NO","ParcelStartDate":null,"PositionalError":0.58774079,"LegalDescription":"THAT PART LOT 7 SHOWN OUTLINED RED ON PLAN B8332 BLOCK 9 SECTION 32 TOWNSHIP 70 SIMILKAMEEN DIVISION YALE DISTRICT PLAN 24","CaptureMethod":"COGO","OwnerType":"CROWN PROVINCIAL","Compiled":1,"CreatedDate":"2016-09-20T23:24:06.000Z","ModifiedDate":"2022-01-20T17:34:07.000Z","StatedArea":null,"ErrorReportedBy":"LSA","Municipality":"0163","OBJECTID":49939,"created_user":"SDE","created_date":"2024-11-12T16:15:31.000Z","last_edited_user":"SDE","last_edited_date":"2026-03-25T16:06:10.000Z","Shape__Area":10.873918435,"Shape__Length":16.383196903660135,"CommonName":null,"SourceGlobalID":"{80ACF70F-BA48-4543-9DCE-D4282493051D}","Comments":null,"UpdateStatus":"AUTO","UpdateSource":"PMBC"}},{"type":"Feature","geometry":{"type":"Polygon","coordinates":[[[-118.688094,49.077372],[-118.688051,49.077372],[-118.688094,49.077279],[-118.688094,49.077372]]]},"properties":{"GlobalID":"{EE9FDDDC-EBC7-4832-BCC1-17FA576907B2}","Name":"012793531","PlanID":"{F21644BF-ED25-4569-85AC-B882D45FA2DF}","PlanNumber":"KAP8332B","PIN":null,"PID":12793531,"Designation1":"Lot 8","Designation2":"Block 24","Designation3":null,"ParcelStatus":"ACTIVE","RegionalDistrict":"0019","ParcelClass":"SUBDIVISION","SourceParcelID":null,"GeometrySource":"PMBC-OPERATIONS","IsRemainder":"NO","ParcelStartDate":null,"PositionalError":0.1979623,"LegalDescription":"THAT PART LOT 8 SHOWN OUTLINED IN RED ON PLAN B8332 BLOCK 24 SECTION 32 TOWNSHIP 70 SIMILKAMEEN DIVISION YALE DISTRICT PLAN 24","CaptureMethod":"COGO","OwnerType":"CROWN PROVINCIAL","Compiled":1,"CreatedDate":"2016-09-20T23:24:06.000Z","ModifiedDate":"2025-03-20T17:10:59.000Z","StatedArea":"16","ErrorReportedBy":"LSA","Municipality":"0163","OBJECTID":49940,"created_user":"SDE","created_date":"2024-11-12T16:15:31.000Z","last_edited_user":"SDE","last_edited_date":"2026-03-25T16:06:10.000Z","Shape__Area":15.8093507,"Shape__Length":24.055083614982884,"CommonName":null,"SourceGlobalID":"{A5E1913C-A9C9-4485-A157-8CCF05589ACA}","Comments":null,"UpdateStatus":"AUTO","UpdateSource":"PMBC"}},{"type":"Feature","geometry":{"type":"Polygon","coordinates":[[[-118.685942,49.076503],[-118.686359,49.076499],[-118.686361,49.07659],[-118.685961,49.076593],[-118.685944,49.076594],[-118.685942,49.076503]]]},"properties":{"GlobalID":"{D01A7B9C-AC36-4213-B5F2-E64896D5B826}","Name":"006433120","PlanID":"{E6CCA1B6-13F5-4401-972C-9541DC39E4B8}","PlanNumber":"KAP24","PIN":null,"PID":6433120,"Designation1":"Lot 7","Designation2":"Block 15","Designation3":null,"ParcelStatus":"ACTIVE","RegionalDistrict":"0019","ParcelClass":"SUBDIVISION","SourceParcelID":null,"GeometrySource":"PMBC-OPERATIONS","IsRemainder":"NO","ParcelStartDate":null,"PositionalError":0.43156477,"LegalDescription":"LOT 7 BLOCK 15 SECTION 32 TOWNSHIP 70 SIMILKAMEEN DIVISION YALE DISTRICT PLAN 24","CaptureMethod":"COGO","OwnerType":"PRIVATE","Compiled":1,"CreatedDate":"2016-09-20T23:24:06.000Z","ModifiedDate":"2022-01-20T17:34:09.000Z","StatedArea":null,"ErrorReportedBy":"LSA","Municipality":"0163","OBJECTID":49941,"created_user":"SDE","created_date":"2024-11-12T16:15:31.000Z","last_edited_user":"SDE","last_edited_date":"2026-03-25T16:06:10.000Z","Shape__Area":306.97391607,"Shape__Length":81.08617478897413,"CommonName":null,"SourceGlobalID":"{A6E44B7E-E455-49FF-A5F9-01851463061F}","Comments":null,"UpdateStatus":"AUTO","UpdateSource":"PMBC"}},{"type":"Feature","geometry":{"type":"Polygon","coordinates":[[[-118.686347,49.075957],[-118.686349,49.076047],[-118.685932,49.076051],[-118.68593,49.075961],[-118.686347,49.075957]]]},"properties":{"GlobalID":"{09520E9B-9050-4F76-B68A-F6CBE68A4FD2}","Name":"006432956","PlanID":"{E6CCA1B6-13F5-4401-972C-9541DC39E4B8}","PlanNumber":"KAP24","PIN":null,"PID":6432956,"Designation1":"Lot 1","Designation2":"Block 15","Designation3":null,"ParcelStatus":"ACTIVE","RegionalDistrict":"0019","ParcelClass":"SUBDIVISION","SourceParcelID":null,"GeometrySource":"PMBC-OPERATIONS","IsRemainder":"NO","ParcelStartDate":null,"PositionalError":0.98772765,"LegalDescription":"LOT 1 BLOCK 15 SECTION 32 TOWNSHIP 70 SIMILKAMEEN DIVISION YALE DISTRICT PLAN 24","CaptureMethod":"COGO","OwnerType":"PRIVATE","Compiled":1,"CreatedDate":"2016-09-20T23:24:06.000Z","ModifiedDate":"2022-01-20T17:34:03.000Z","StatedArea":null,"ErrorReportedBy":"LSA","Municipality":"0163","OBJECTID":49942,"created_user":"SDE","created_date":"2024-11-12T16:15:31.000Z","last_edited_user":"SDE","last_edited_date":"2026-03-25T16:06:10.000Z","Shape__Area":306.056432155,"Shape__Length":81.01460873282643,"CommonName":null,"SourceGlobalID":"{59FAB399-C603-47E1-AFCD-8FC5A7DAE2A9}","Comments":null,"UpdateStatus":"AUTO","UpdateSource":"PMBC"}},{"type":"Feature","geometry":{"type":"Polygon","coordinates":[[[-118.682262,49.076885],[-118.68226,49.076795],[-118.682677,49.07679],[-118.682679,49.07688],[-118.682262,49.076885]]]},"properties":{"GlobalID":"{958316D9-11F6-4BF3-AFE9-2A1E6C713C65}","Name":"012718050","PlanID":"{EF69E8E0-575B-4D1C-B751-6A4B02AA77B6}","PlanNumber":"KAP115","PIN":3721791,"PID":12718050,"Designation1":"Lot 1","Designation2":"Block 4","Designation3":null,"ParcelStatus":"ACTIVE","RegionalDistrict":"0019","ParcelClass":"SUBDIVISION","SourceParcelID":null,"GeometrySource":"PMBC-OPERATIONS","IsRemainder":"NO","ParcelStartDate":null,"PositionalError":0.57011591,"LegalDescription":"LOT 1 BLOCK 4 DISTRICT LOT 914 SIMILKAMEEN DIVISION YALE DISTRICT PLAN 115","CaptureMethod":"COGO","OwnerType":"CROWN PROVINCIAL","Compiled":1,"CreatedDate":"2016-09-20T23:24:06.000Z","ModifiedDate":"2022-01-20T17:34:02.000Z","StatedArea":null,"ErrorReportedBy":"LSA","Municipality":"0163","OBJECTID":49943,"created_user":"SDE","created_date":"2024-11-12T16:15:31.000Z","last_edited_user":"SDE","last_edited_date":"2026-03-25T16:06:10.000Z","Shape__Area":306.40494291,"Shape__Length":81.05444596969636,"CommonName":null,"SourceGlobalID":"{777C8CE7-D0D8-4802-8FF7-5F249F5A886E}","Comments":null,"UpdateStatus":"AUTO","UpdateSource":"PMBC"}},{"type":"Feature","geometry":{"type":"Polygon","coordinates":[[[-118.685255,49.079788],[-118.685249,49.079517],[-118.685666,49.079513],[-118.685672,49.079784],[-118.685255,49.079788]]]},"properties":{"GlobalID":"{C95BEF5B-649E-4276-90DE-E313E0E4E621}","Name":"024112356","PlanID":"{E6CCA1B6-13F5-4401-972C-9541DC39E4B8}","PlanNumber":"KAP24","PIN":null,"PID":24112356,"Designation1":"Parcel A","Designation2":"Block 10","Designation3":null,"ParcelStatus":"ACTIVE","RegionalDistrict":"0019","ParcelClass":"SUBDIVISION","SourceParcelID":null,"GeometrySource":"PMBC-OPERATIONS","IsRemainder":"NO","ParcelStartDate":"1998-04-06T07:00:00.000Z","PositionalError":1.02787321,"LegalDescription":"PARCEL A (KM30967) BLOCK 10 SECTION 32 TOWNSHIP 70 SIMILKAMEEN DIVISION YALE DISTRICT PLAN 24","CaptureMethod":"COGO","OwnerType":"PRIVATE","Compiled":1,"CreatedDate":"2016-09-20T23:24:06.000Z","ModifiedDate":"2022-01-20T17:34:19.000Z","StatedArea":null,"ErrorReportedBy":"LSA","Municipality":"0163","OBJECTID":49944,"created_user":"SDE","created_date":"2024-11-12T16:15:31.000Z","last_edited_user":"SDE","last_edited_date":"2026-03-25T16:06:10.000Z","Shape__Area":919.377670785,"Shape__Length":121.28650286353829,"CommonName":null,"SourceGlobalID":"{79501187-E5F7-4CB1-845B-F68866E6B997}","Comments":null,"UpdateStatus":"AUTO","UpdateSource":"PMBC"}},{"type":"Feature","geometry":{"type":"Polygon","coordinates":[[[-118.68352,49.077232],[-118.683938,49.077229],[-118.68394,49.077319],[-118.683522,49.077323],[-118.68352,49.077232]]]},"properties":{"GlobalID":"{34C92E3B-396D-43C5-BFAB-67A0D27BB02D}","Name":"012784419","PlanID":"{E6CCA1B6-13F5-4401-972C-9541DC39E4B8}","PlanNumber":"KAP24","PIN":4170841,"PID":12784419,"Designation1":"Lot 6","Designation2":"Block 2","Designation3":null,"ParcelStatus":"ACTIVE","RegionalDistrict":"0019","ParcelClass":"SUBDIVISION","SourceParcelID":null,"GeometrySource":"PMBC-OPERATIONS","IsRemainder":"NO","ParcelStartDate":null,"PositionalError":0.92310309,"LegalDescription":"LOT 6 BLOCK 2 SECTION 32 TOWNSHIP 70 SIMILKAMEEN DIVISION YALE DISTRICT PLAN 24","CaptureMethod":"COGO","OwnerType":"PRIVATE","Compiled":1,"CreatedDate":"2016-09-20T23:24:06.000Z","ModifiedDate":"2022-01-20T17:34:21.000Z","StatedArea":null,"ErrorReportedBy":"LSA","Municipality":"0163","OBJECTID":49945,"created_user":"SDE","created_date":"2024-11-12T16:15:31.000Z","last_edited_user":"SDE","last_edited_date":"2026-03-25T16:06:10.000Z","Shape__Area":307.08401958,"Shape__Length":81.14397907871871,"CommonName":null,"SourceGlobalID":"{8276F1D4-A1BD-43EC-BA58-2CB596F5DA88}","Comments":null,"UpdateStatus":"AUTO","UpdateSource":"PMBC"}},{"type":"Feature","geometry":{"type":"MultiPolygon","coordinates":[[[[-117.555077,49.10105],[-117.555182,49.100969],[-117.555228,49.100988],[-117.555757,49.100704],[-117.555826,49.100674],[-117.555897,49.10065],[-117.55597,49.100633],[-117.556044,49.100622],[-117.556119,49.100619],[-117.556194,49.100622],[-117.556268,49.100632],[-117.556341,49.100649],[-117.556412,49.100672],[-117.556481,49.100702],[-117.556908,49.100927],[-117.557033,49.100993],[-117.557074,49.101007],[-117.557064,49.101024],[-117.556957,49.10116],[-117.556888,49.101211],[-117.556811,49.101279],[-117.556725,49.101299],[-117.556669,49.101328],[-117.556528,49.101365],[-117.556426,49.10137],[-117.55627,49.101415],[-117.556267,49.101416],[-117.55612,49.101451],[-117.556038,49.101487],[-117.555939,49.10153],[-117.555791,49.101589],[-117.55569,49.101639],[-117.555582,49.101695],[-117.555431,49.101789],[-117.555354,49.101878],[-117.555292,49.101961],[-117.555244,49.102034],[-117.555211,49.102088],[-117.555142,49.102166],[-117.555084,49.102142],[-117.554611,49.101947],[-117.554155,49.101759],[-117.555077,49.10105]]],[[[-117.557277,49.101076],[-117.557277,49.101074],[-117.557322,49.101089],[-117.558024,49.101459],[-117.558131,49.101592],[-117.557994,49.101727],[-117.557855,49.101861],[-117.557701,49.102008],[-117.556811,49.102854],[-117.555356,49.102255],[-117.555315,49.102238],[-117.555339,49.102207],[-117.555395,49.102138],[-117.555447,49.102075],[-117.555497,49.102029],[-117.555578,49.101933],[-117.555701,49.101825],[-117.55579,49.101768],[-117.555835,49.101717],[-117.555914,49.101668],[-117.55605,49.101601],[-117.556138,49.101561],[-117.556223,49.101558],[-117.55634,49.101519],[-117.556446,49.101495],[-117.556454,49.101494],[-117.556774,49.101431],[-117.55689,49.101359],[-117.556976,49.101318],[-117.557074,49.101286],[-117.557115,49.101229],[-117.557213,49.10118],[-117.55724,49.101134],[-117.557277,49.101076]]]]},"properties":{"GlobalID":"{3FA3561E-2947-46E6-A13C-065DA325314B}","Name":"031609856","PlanID":"{4D3EFE1C-F3C6-4EFD-B926-F34154ABEEA6}","PlanNumber":"EPP101163","PIN":null,"PID":31609856,"Designation1":"Lot A","Designation2":"","Designation3":"","ParcelStatus":"ACTIVE","RegionalDistrict":"0019","ParcelClass":"SUBDIVISION","SourceParcelID":null,"GeometrySource":"SPDS","IsRemainder":null,"ParcelStartDate":"2021-10-01T07:00:00.000Z","PositionalError":null,"LegalDescription":"LOT A DISTRICT LOT 1236 KOOTENAY DISTRICT PLAN EPP101163","CaptureMethod":"SPDS","OwnerType":"PRIVATE","Compiled":0,"CreatedDate":"2022-01-18T22:29:46.000Z","ModifiedDate":"2026-03-10T15:09:03.000Z","StatedArea":"36751","ErrorReportedBy":null,"Municipality":"0163","OBJECTID":49946,"created_user":"SDE","created_date":"2024-11-12T16:15:31.000Z","last_edited_user":"SDE","last_edited_date":"2026-03-25T16:06:10.000Z","Shape__Area":36711.81804407,"Shape__Length":1155.1590268883986,"CommonName":null,"SourceGlobalID":"{D09CBB8E-F0AC-4BE3-88A0-35E5FBCD7786}","Comments":null,"UpdateStatus":"AUTO","UpdateSource":"PMBC"}},{"type":"Feature","geometry":{"type":"Polygon","coordinates":[[[-117.553552,49.100297],[-117.554389,49.099426],[-117.555647,49.099946],[-117.557379,49.100661],[-117.557449,49.10069],[-117.557446,49.100695],[-117.557403,49.100727],[-117.557373,49.100737],[-117.55729,49.100802],[-117.557239,49.100771],[-117.557099,49.100688],[-117.556696,49.100527],[-117.556515,49.100407],[-117.556052,49.100261],[-117.555957,49.100266],[-117.555862,49.100278],[-117.555768,49.100296],[-117.555676,49.10032],[-117.555585,49.100349],[-117.555497,49.100385],[-117.555411,49.100426],[-117.554788,49.100806],[-117.554824,49.100821],[-117.554473,49.10109],[-117.554027,49.10143],[-117.553904,49.101443],[-117.553246,49.101171],[-117.552863,49.101014],[-117.553552,49.100297]]]},"properties":{"GlobalID":"{45639360-4AE8-49C6-9438-437CA5E6969A}","Name":"031609864","PlanID":"{4D3EFE1C-F3C6-4EFD-B926-F34154ABEEA6}","PlanNumber":"EPP101163","PIN":null,"PID":31609864,"Designation1":"Lot B","Designation2":"","Designation3":"","ParcelStatus":"ACTIVE","RegionalDistrict":"0019","ParcelClass":"SUBDIVISION","SourceParcelID":null,"GeometrySource":"SPDS","IsRemainder":null,"ParcelStartDate":"2021-10-01T07:00:00.000Z","PositionalError":null,"LegalDescription":"LOT B DISTRICT LOT 1236 KOOTENAY DISTRICT PLAN EPP101163","CaptureMethod":"SPDS","OwnerType":"PRIVATE","Compiled":0,"CreatedDate":"2022-01-18T22:29:46.000Z","ModifiedDate":"2026-03-10T15:09:03.000Z","StatedArea":"25519","ErrorReportedBy":null,"Municipality":"0163","OBJECTID":49947,"created_user":"SDE","created_date":"2024-11-12T16:15:31.000Z","last_edited_user":"SDE","last_edited_date":"2026-03-25T16:06:10.000Z","Shape__Area":25497.261239545,"Shape__Length":903.6911971149158,"CommonName":null,"SourceGlobalID":"{2DFD3A6F-FC48-465A-AC38-C2F25ADD318E}","Comments":null,"UpdateStatus":"AUTO","UpdateSource":"PMBC"}},{"type":"Feature","geometry":{"type":"Polygon","coordinates":[[[-118.213208,49.056752],[-118.213115,49.057284],[-118.212336,49.05713],[-118.212347,49.056747],[-118.212426,49.056565],[-118.213224,49.056622],[-118.213208,49.056752]]]},"properties":{"GlobalID":"{B700E894-C403-47BE-8AFD-B36604ED049E}","Name":"010965441","PlanID":"{055281AD-6A5A-43E1-A01B-303F728A11EF}","PlanNumber":"KAP2792","PIN":null,"PID":10965441,"Designation1":"Lot 2","Designation2":null,"Designation3":null,"ParcelStatus":"ACTIVE","RegionalDistrict":"0019","ParcelClass":"SUBDIVISION","SourceParcelID":null,"GeometrySource":"ICF","IsRemainder":"NO","ParcelStartDate":null,"PositionalError":2.05109541,"LegalDescription":"THAT PART OF LOT 2 OUTLINED RED ON PLAN B4838; DISTRICT LOT 970 SIMILKAMEEN DIVISION YALE DISTRICT PLAN 2792","CaptureMethod":"UNKNOWN","OwnerType":"PRIVATE","Compiled":1,"CreatedDate":"2016-09-20T23:24:06.000Z","ModifiedDate":"2022-01-25T02:29:30.000Z","StatedArea":null,"ErrorReportedBy":"LSA","Municipality":"0163","OBJECTID":49948,"created_user":"SDE","created_date":"2024-11-12T16:15:31.000Z","last_edited_user":"SDE","last_edited_date":"2026-03-25T16:06:10.000Z","Shape__Area":4145.57772747,"Shape__Length":255.77295724556282,"CommonName":null,"SourceGlobalID":"{CBD88F35-DF5F-483F-A1A9-3F60736E7364}","Comments":null,"UpdateStatus":"AUTO","UpdateSource":"PMBC"}},{"type":"Feature","geometry":{"type":"Polygon","coordinates":[[[-118.20974,49.054109],[-118.209944,49.054024],[-118.210225,49.053909],[-118.210226,49.053909],[-118.210459,49.053813],[-118.210472,49.053823],[-118.210899,49.054152],[-118.210469,49.054447],[-118.210469,49.054447],[-118.210425,49.054477],[-118.210414,49.054508],[-118.210393,49.054496],[-118.20974,49.054109]]]},"properties":{"GlobalID":"{378F85AF-EC36-4103-BF37-ACAEC738E0A8}","Name":"009792945","PlanID":"{FA78CEDF-6142-4082-993B-7D593F1EFEAF}","PlanNumber":"KAP8704","PIN":null,"PID":9792945,"Designation1":"Lot 3","Designation2":null,"Designation3":null,"ParcelStatus":"ACTIVE","RegionalDistrict":"0019","ParcelClass":"SUBDIVISION","SourceParcelID":null,"GeometrySource":"ICF","IsRemainder":"NO","ParcelStartDate":null,"PositionalError":2.6229393,"LegalDescription":"LOT 3 DISTRICT LOT 750 SIMILKAMEEN DIVISION YALE DISTRICT PLAN 8704","CaptureMethod":"UNKNOWN","OwnerType":"PRIVATE","Compiled":1,"CreatedDate":"2016-09-20T23:24:06.000Z","ModifiedDate":"2025-06-24T10:14:53.000Z","StatedArea":null,"ErrorReportedBy":"LSA","Municipality":"0163","OBJECTID":49949,"created_user":"SDE","created_date":"2024-11-12T16:15:31.000Z","last_edited_user":"SDE","last_edited_date":"2026-03-25T16:06:10.000Z","Shape__Area":3236.088594145,"Shape__Length":231.4587442262807,"CommonName":null,"SourceGlobalID":"{DA703D63-437C-431B-9709-D52CB56D1EFE}","Comments":null,"UpdateStatus":"AUTO","UpdateSource":"PMBC"}},{"type":"Feature","geometry":{"type":"Polygon","coordinates":[[[-118.208962,49.062185],[-118.208329,49.062358],[-118.208205,49.062357],[-118.207736,49.060901],[-118.207799,49.060588],[-118.208011,49.060641],[-118.20808,49.060729],[-118.208394,49.061131],[-118.208943,49.061518],[-118.209093,49.061965],[-118.208962,49.062185]]]},"properties":{"GlobalID":"{B82E4C38-417C-472D-A8A7-6AF8E3A6E542}","Name":"027009025","PlanID":"{26382715-7AE2-47F6-8BDC-825CC26F5DDC}","PlanNumber":"KAP83386","PIN":null,"PID":27009025,"Designation1":"Lot 1","Designation2":null,"Designation3":null,"ParcelStatus":"ACTIVE","RegionalDistrict":"0019","ParcelClass":"SUBDIVISION","SourceParcelID":null,"GeometrySource":"ICF","IsRemainder":"NO","ParcelStartDate":"2007-03-19T07:00:00.000Z","PositionalError":4.19398707,"LegalDescription":"LOT 1 DISTRICT LOT 750 SIMILKAMEEN DIVISION YALE DISTRICT PLAN KAP83386","CaptureMethod":"UNKNOWN","OwnerType":"PRIVATE","Compiled":1,"CreatedDate":"2016-09-20T23:24:06.000Z","ModifiedDate":"2022-01-25T02:29:30.000Z","StatedArea":null,"ErrorReportedBy":"LSA","Municipality":"0163","OBJECTID":49950,"created_user":"SDE","created_date":"2024-11-12T16:15:31.000Z","last_edited_user":"SDE","last_edited_date":"2026-03-25T16:06:10.000Z","Shape__Area":10244.926636435,"Shape__Length":473.5278494134735,"CommonName":null,"SourceGlobalID":"{D5315BEC-7AB4-405C-BD47-DC601026220B}","Comments":null,"UpdateStatus":"AUTO","UpdateSource":"PMBC"}},{"type":"Feature","geometry":{"type":"Polygon","coordinates":[[[-118.217703,49.062505],[-118.217783,49.062448],[-118.218063,49.0626],[-118.218044,49.06262],[-118.217987,49.062653],[-118.217894,49.062702],[-118.217803,49.062759],[-118.21777,49.062773],[-118.217749,49.062788],[-118.217579,49.062685],[-118.21753,49.062655],[-118.217651,49.062552],[-118.217315,49.062358],[-118.217373,49.062314],[-118.217703,49.062505]]]},"properties":{"GlobalID":"{9C85C011-06AE-48F3-A10B-77177B37690F}","Name":"008533903","PlanID":"{7F497421-A36A-4A48-B561-445EFA1CE5FE}","PlanNumber":"KAP16806","PIN":null,"PID":8533903,"Designation1":"Lot B","Designation2":null,"Designation3":null,"ParcelStatus":"ACTIVE","RegionalDistrict":"0019","ParcelClass":"SUBDIVISION","SourceParcelID":null,"GeometrySource":"ICF","IsRemainder":"NO","ParcelStartDate":null,"PositionalError":5.05711661,"LegalDescription":"LOT B DISTRICT LOT 970 SIMILKAMEEN DIVISION YALE DISTRICT PLAN 16806","CaptureMethod":"UNKNOWN","OwnerType":"PRIVATE","Compiled":1,"CreatedDate":"2016-09-20T23:24:06.000Z","ModifiedDate":"2022-01-25T02:29:30.000Z","StatedArea":null,"ErrorReportedBy":"LSA","Municipality":"0163","OBJECTID":49951,"created_user":"SDE","created_date":"2024-11-12T16:15:31.000Z","last_edited_user":"SDE","last_edited_date":"2026-03-25T16:06:10.000Z","Shape__Area":955.38595245,"Shape__Length":173.91976054134557,"CommonName":null,"SourceGlobalID":"{2911DCAF-A868-47F5-B70F-8660E61449B7}","Comments":null,"UpdateStatus":"AUTO","UpdateSource":"PMBC"}},{"type":"Feature","geometry":{"type":"Polygon","coordinates":[[[-118.212832,49.065126],[-118.212917,49.065228],[-118.2129,49.065236],[-118.212777,49.065124],[-118.212832,49.065126]]]},"properties":{"GlobalID":"{C8D0993E-3290-4356-A42F-B13A352A40FA}","Name":"Arterial Highway","PlanID":"{92311F22-ACA9-4CF5-A25F-7F3BCB011DA2}","PlanNumber":"KAP1922","PIN":null,"PID":null,"Designation1":null,"Designation2":null,"Designation3":null,"ParcelStatus":"ACTIVE","RegionalDistrict":"0019","ParcelClass":"ROAD","SourceParcelID":null,"GeometrySource":"PMBC-OPERATIONS","IsRemainder":"YES","ParcelStartDate":"2021-12-20T08:00:00.000Z","PositionalError":3.68041765,"LegalDescription":null,"CaptureMethod":"UNKNOWN","OwnerType":"CROWN PROVINCIAL","Compiled":0,"CreatedDate":"2021-12-21T18:29:13.000Z","ModifiedDate":"2022-01-25T02:29:30.000Z","StatedArea":"34.17","ErrorReportedBy":"LSA","Municipality":"0163","OBJECTID":49952,"created_user":"SDE","created_date":"2024-11-12T16:15:31.000Z","last_edited_user":"SDE","last_edited_date":"2026-03-25T16:06:10.000Z","Shape__Area":34.12093215,"Shape__Length":33.89907265696421,"CommonName":null,"SourceGlobalID":"{16CE7AB1-C5DD-431F-86ED-649238B300B5}","Comments":null,"UpdateStatus":"AUTO","UpdateSource":"PMBC"}},{"type":"Feature","geometry":{"type":"Polygon","coordinates":[[[-118.220714,49.059594],[-118.220808,49.0595],[-118.221505,49.059541],[-118.221772,49.059557],[-118.221736,49.059572],[-118.221701,49.059573],[-118.221636,49.059595],[-118.221601,49.0596],[-118.221567,49.05961],[-118.221553,49.059614],[-118.221539,49.05962],[-118.221527,49.059629],[-118.221517,49.059639],[-118.221508,49.059651],[-118.221502,49.059663],[-118.221306,49.059646],[-118.220714,49.059594]]]},"properties":{"GlobalID":"{6C63D921-DD12-4F16-BCF1-EDB9C393B966}","Name":"004683455","PlanID":"{69CBC91C-55EB-4756-A57E-DB0947EE3743}","PlanNumber":"KAP25978","PIN":null,"PID":4683455,"Designation1":"Lot 5","Designation2":null,"Designation3":null,"ParcelStatus":"ACTIVE","RegionalDistrict":"0019","ParcelClass":"SUBDIVISION","SourceParcelID":null,"GeometrySource":"ICF","IsRemainder":"NO","ParcelStartDate":null,"PositionalError":2.8343601,"LegalDescription":"LOT 5 DISTRICT LOT 970 SIMILKAMEEN DIVISION YALE DISTRICT PLAN 25978","CaptureMethod":"UNKNOWN","OwnerType":"PRIVATE","Compiled":1,"CreatedDate":"2016-09-20T23:24:06.000Z","ModifiedDate":"2025-06-24T10:14:53.000Z","StatedArea":null,"ErrorReportedBy":"LSA","Municipality":"0163","OBJECTID":49953,"created_user":"SDE","created_date":"2024-11-12T16:15:31.000Z","last_edited_user":"SDE","last_edited_date":"2026-03-25T16:06:10.000Z","Shape__Area":773.992294215,"Shape__Length":165.5986040994999,"CommonName":null,"SourceGlobalID":"{5647074C-F69F-4E55-8DC5-D8E2161F057F}","Comments":null,"UpdateStatus":"AUTO","UpdateSource":"PMBC"}},{"type":"Feature","geometry":{"type":"Polygon","coordinates":[[[-118.200609,49.058111],[-118.201036,49.058253],[-118.200793,49.05841],[-118.200546,49.058562],[-118.200296,49.058709],[-118.200043,49.058852],[-118.200438,49.058334],[-118.200443,49.058327],[-118.200609,49.058111]]]},"properties":{"GlobalID":"{E4FCCF40-6C11-440A-8FBB-F66F60BA14C1}","Name":"014716879","PlanID":"{F0DB3B36-A152-4C45-B118-275779D2B1D7}","PlanNumber":"NO_PLAN","PIN":null,"PID":14716879,"Designation1":"PART 1189S","Designation2":null,"Designation3":null,"ParcelStatus":"ACTIVE","RegionalDistrict":"0019","ParcelClass":"SUBDIVISION","SourceParcelID":null,"GeometrySource":"MODIFIED-ICF","IsRemainder":"NO","ParcelStartDate":null,"PositionalError":6.922563,"LegalDescription":"THAT PART OF DISTRICT LOT 1189'S' SIMILKAMEEN DIVISION YALE DISTRICT SHOWN ON PLAN DD 14037","CaptureMethod":"UNKNOWN","OwnerType":"CROWN PROVINCIAL","Compiled":1,"CreatedDate":"2016-09-20T23:24:06.000Z","ModifiedDate":"2025-06-24T10:14:53.000Z","StatedArea":null,"ErrorReportedBy":"LSA","Municipality":"0163","OBJECTID":49954,"created_user":"SDE","created_date":"2024-11-12T16:15:31.000Z","last_edited_user":"SDE","last_edited_date":"2026-03-25T16:06:10.000Z","Shape__Area":1680.907504225,"Shape__Length":225.66502357654488,"CommonName":null,"SourceGlobalID":"{5EF20914-4F82-43DD-8209-F9ED5F201011}","Comments":null,"UpdateStatus":"AUTO","UpdateSource":"PMBC"}},{"type":"Feature","geometry":{"type":"Polygon","coordinates":[[[-118.219699,49.061678],[-118.21966,49.061655],[-118.218867,49.061202],[-118.218983,49.061114],[-118.219804,49.061582],[-118.219851,49.061609],[-118.219794,49.061655],[-118.219734,49.061697],[-118.219699,49.061678]]]},"properties":{"GlobalID":"{E52D0675-BCE7-465B-814D-AD1C508F8FBF}","Name":"010892435","PlanID":"{91C62FCA-F93A-4E7C-9ACC-889191DA027F}","PlanNumber":"KAP3079","PIN":null,"PID":10892435,"Designation1":"Lot 1","Designation2":null,"Designation3":null,"ParcelStatus":"ACTIVE","RegionalDistrict":"0019","ParcelClass":"SUBDIVISION","SourceParcelID":null,"GeometrySource":"PMBC-OPERATIONS","IsRemainder":"NO","ParcelStartDate":null,"PositionalError":4.21490656,"LegalDescription":"LOT 1 DISTRICT LOT 970 SIMILKAMEEN DIVISION YALE DISTRICT PLAN 3079","CaptureMethod":"COGO","OwnerType":"PRIVATE","Compiled":1,"CreatedDate":"2016-09-20T23:24:06.000Z","ModifiedDate":"2025-07-30T16:01:09.000Z","StatedArea":null,"ErrorReportedBy":"PMBC-OPERATIONS","Municipality":"0163","OBJECTID":49955,"created_user":"SDE","created_date":"2024-11-12T16:15:31.000Z","last_edited_user":"SDE","last_edited_date":"2026-03-25T16:06:10.000Z","Shape__Area":1093.27139289,"Shape__Length":193.89109569433177,"CommonName":null,"SourceGlobalID":"{EEAE0E03-1B1A-4949-BC98-99C09C9762B5}","Comments":null,"UpdateStatus":"AUTO","UpdateSource":"PMBC"}},{"type":"Feature","geometry":{"type":"Polygon","coordinates":[[[-118.216106,49.063291],[-118.216304,49.063139],[-118.217201,49.063624],[-118.217207,49.063694],[-118.217188,49.063808],[-118.217159,49.063895],[-118.217114,49.063955],[-118.217019,49.063893],[-118.216106,49.063291]]]},"properties":{"GlobalID":"{792213E0-2025-4DEC-9609-7B68E139AB6E}","Name":"014909979","PlanID":"{F0DB3B36-A152-4C45-B118-275779D2B1D7}","PlanNumber":"NO_PLAN","PIN":null,"PID":14909979,"Designation1":"PART 970","Designation2":null,"Designation3":null,"ParcelStatus":"ACTIVE","RegionalDistrict":"0019","ParcelClass":"SUBDIVISION","SourceParcelID":null,"GeometrySource":"ICF","IsRemainder":"NO","ParcelStartDate":null,"PositionalError":2.8984715,"LegalDescription":"THAT PART OF DISTRICT LOT 970 SHOWN ON PLAN 3150D; SIMILKAMEEN DIVISION YALE DISTRICT","CaptureMethod":"UNKNOWN","OwnerType":"PRIVATE","Compiled":1,"CreatedDate":"2016-09-20T23:24:06.000Z","ModifiedDate":"2025-10-15T15:02:49.000Z","StatedArea":null,"ErrorReportedBy":"LSA","Municipality":"0163","OBJECTID":49956,"created_user":"SDE","created_date":"2024-11-12T16:15:31.000Z","last_edited_user":"SDE","last_edited_date":"2026-03-25T16:06:10.000Z","Shape__Area":2599.87488061,"Shape__Length":249.22258513557333,"CommonName":null,"SourceGlobalID":"{F90BD62D-A1F1-4840-AE2F-F9042A577BC3}","Comments":null,"UpdateStatus":"AUTO","UpdateSource":"PMBC"}},{"type":"Feature","geometry":{"type":"Polygon","coordinates":[[[-118.219664,49.060228],[-118.219783,49.059931],[-118.22019,49.059982],[-118.220263,49.059991],[-118.220954,49.060081],[-118.220927,49.060097],[-118.220903,49.060133],[-118.220873,49.060166],[-118.220859,49.060194],[-118.220818,49.06024],[-118.220729,49.060315],[-118.220704,49.060342],[-118.21986,49.06025],[-118.219664,49.060228]]]},"properties":{"GlobalID":"{AE3003AE-3DEA-4F70-8880-95A9B6D49F28}","Name":"010950109","PlanID":"{26039A1A-0FE5-4A82-8FE9-2CD4D548FF35}","PlanNumber":"KAP2833","PIN":null,"PID":10950109,"Designation1":"Lot B","Designation2":null,"Designation3":null,"ParcelStatus":"ACTIVE","RegionalDistrict":"0019","ParcelClass":"SUBDIVISION","SourceParcelID":null,"GeometrySource":"ICF","IsRemainder":"NO","ParcelStartDate":null,"PositionalError":4.3742572,"LegalDescription":"LOT B DISTRICT LOT 970 SIMILKAMEEN DIVISION YALE DISTRICT PLAN 2833","CaptureMethod":"UNKNOWN","OwnerType":"PRIVATE","Compiled":1,"CreatedDate":"2016-09-20T23:24:06.000Z","ModifiedDate":"2025-06-24T10:14:53.000Z","StatedArea":null,"ErrorReportedBy":"LSA","Municipality":"0163","OBJECTID":49957,"created_user":"SDE","created_date":"2024-11-12T16:15:31.000Z","last_edited_user":"SDE","last_edited_date":"2026-03-25T16:06:10.000Z","Shape__Area":2721.08510656,"Shape__Length":233.04652261515176,"CommonName":null,"SourceGlobalID":"{D2EDCB3C-5271-4578-AA53-06CAE27F41A0}","Comments":null,"UpdateStatus":"AUTO","UpdateSource":"PMBC"}},{"type":"Feature","geometry":{"type":"Polygon","coordinates":[[[-118.216338,49.053311],[-118.216362,49.053328],[-118.21644,49.053368],[-118.215816,49.053367],[-118.215835,49.053064],[-118.216062,49.053061],[-118.216073,49.053068],[-118.216083,49.053077],[-118.216092,49.053087],[-118.216108,49.053112],[-118.216153,49.05315],[-118.216175,49.053167],[-118.216194,49.053188],[-118.21621,49.053211],[-118.216224,49.05323],[-118.216273,49.053273],[-118.216305,49.053293],[-118.216338,49.053311]]]},"properties":{"GlobalID":"{76D01C55-4ABB-4B7C-9EA7-1BD5B54984E3}","Name":"014910951","PlanID":"{F0DB3B36-A152-4C45-B118-275779D2B1D7}","PlanNumber":"NO_PLAN","PIN":null,"PID":14910951,"Designation1":"PART 14","Designation2":"970","Designation3":null,"ParcelStatus":"ACTIVE","RegionalDistrict":"0019","ParcelClass":"SUBDIVISION","SourceParcelID":null,"GeometrySource":"ICF","IsRemainder":"NO","ParcelStartDate":null,"PositionalError":4.00378524,"LegalDescription":"THAT PART OF PARCEL 14 (DD 28658F) OF DISTRICT LOT 970 SHOWN ON PLAN B3622; SIMILKAMEEN DIVISION YALE DISTRICT","CaptureMethod":"UNKNOWN","OwnerType":"PRIVATE","Compiled":1,"CreatedDate":"2016-09-20T23:24:06.000Z","ModifiedDate":"2022-01-25T02:29:30.000Z","StatedArea":null,"ErrorReportedBy":"LSA","Municipality":"0163","OBJECTID":49958,"created_user":"SDE","created_date":"2024-11-12T16:15:31.000Z","last_edited_user":"SDE","last_edited_date":"2026-03-25T16:06:10.000Z","Shape__Area":993.5598417,"Shape__Length":140.4913920149096,"CommonName":null,"SourceGlobalID":"{44BD6FE4-FD18-4310-A317-F5484EE977BC}","Comments":null,"UpdateStatus":"AUTO","UpdateSource":"PMBC"}},{"type":"Feature","geometry":{"type":"Polygon","coordinates":[[[-118.213931,49.053656],[-118.214206,49.05366],[-118.214188,49.054219],[-118.214139,49.054219],[-118.213901,49.054218],[-118.213931,49.053656]]]},"properties":{"GlobalID":"{4078405D-5827-477E-ABC9-07786364BCE7}","Name":"004376030","PlanID":"{59A23AA5-0266-46F5-AE0F-83463EB87B25}","PlanNumber":"KAP29184","PIN":null,"PID":4376030,"Designation1":"Lot 6","Designation2":null,"Designation3":null,"ParcelStatus":"ACTIVE","RegionalDistrict":"0019","ParcelClass":"SUBDIVISION","SourceParcelID":null,"GeometrySource":"ICF","IsRemainder":"NO","ParcelStartDate":null,"PositionalError":3.1551618,"LegalDescription":"LOT 6 DISTRICT LOT 970 SIMILKAMEEN DIVISION YALE DISTRICT PLAN 29184","CaptureMethod":"UNKNOWN","OwnerType":"PRIVATE","Compiled":1,"CreatedDate":"2016-09-20T23:24:06.000Z","ModifiedDate":"2025-06-24T10:14:53.000Z","StatedArea":null,"ErrorReportedBy":"LSA","Municipality":"0163","OBJECTID":49959,"created_user":"SDE","created_date":"2024-11-12T16:15:31.000Z","last_edited_user":"SDE","last_edited_date":"2026-03-25T16:06:10.000Z","Shape__Area":1280.021508515,"Shape__Length":165.69861250398054,"CommonName":null,"SourceGlobalID":"{AB03FA79-54E1-406E-8AB5-7F9B6724C598}","Comments":null,"UpdateStatus":"AUTO","UpdateSource":"PMBC"}},{"type":"Feature","geometry":{"type":"Polygon","coordinates":[[[-118.219898,49.059361],[-118.219942,49.059148],[-118.220361,49.05921],[-118.220203,49.059411],[-118.219898,49.059361]]]},"properties":{"GlobalID":"{DFD93692-4F0D-4643-88F8-1A1586723F07}","Name":"001483064","PlanID":"{69CBC91C-55EB-4756-A57E-DB0947EE3743}","PlanNumber":"KAP25978","PIN":null,"PID":1483064,"Designation1":"Lot 13","Designation2":null,"Designation3":null,"ParcelStatus":"ACTIVE","RegionalDistrict":"0019","ParcelClass":"SUBDIVISION","SourceParcelID":null,"GeometrySource":"ICF","IsRemainder":"NO","ParcelStartDate":null,"PositionalError":2.9231862,"LegalDescription":"LOT 13 DISTRICT LOT 970 SIMILKAMEEN DIVISION YALE DISTRICT PLAN 25978","CaptureMethod":"UNKNOWN","OwnerType":"PRIVATE","Compiled":1,"CreatedDate":"2016-09-20T23:24:06.000Z","ModifiedDate":"2025-07-30T16:01:09.000Z","StatedArea":null,"ErrorReportedBy":"LSA","Municipality":"0163","OBJECTID":49960,"created_user":"SDE","created_date":"2024-11-12T16:15:31.000Z","last_edited_user":"SDE","last_edited_date":"2026-03-25T16:06:10.000Z","Shape__Area":653.9991703,"Shape__Length":103.34606413772192,"CommonName":null,"SourceGlobalID":"{B077057B-7E8B-4B6E-ABE9-FA3E1D9F1772}","Comments":null,"UpdateStatus":"AUTO","UpdateSource":"PMBC"}},{"type":"Feature","geometry":{"type":"Polygon","coordinates":[[[-118.212597,49.06483],[-118.212642,49.064889],[-118.212414,49.064834],[-118.212306,49.064756],[-118.212397,49.06478],[-118.212597,49.06483]]]},"properties":{"GlobalID":"{3F1A76DC-B6CE-4E9E-AC56-7F6D8F90CBDB}","Name":"Arterial Highway","PlanID":"{92311F22-ACA9-4CF5-A25F-7F3BCB011DA2}","PlanNumber":"KAP1922","PIN":null,"PID":null,"Designation1":null,"Designation2":null,"Designation3":null,"ParcelStatus":"ACTIVE","RegionalDistrict":"0019","ParcelClass":"ROAD","SourceParcelID":null,"GeometrySource":"PMBC-OPERATIONS","IsRemainder":"YES","ParcelStartDate":"2021-12-20T08:00:00.000Z","PositionalError":3.73108918,"LegalDescription":null,"CaptureMethod":"UNKNOWN","OwnerType":"CROWN PROVINCIAL","Compiled":0,"CreatedDate":"2021-12-21T18:20:30.000Z","ModifiedDate":"2022-01-25T02:29:30.000Z","StatedArea":"104.3","ErrorReportedBy":"LSA","Municipality":"0163","OBJECTID":49961,"created_user":"SDE","created_date":"2024-11-12T16:15:31.000Z","last_edited_user":"SDE","last_edited_date":"2026-03-25T16:06:10.000Z","Shape__Area":103.73619921,"Shape__Length":59.5928981791697,"CommonName":null,"SourceGlobalID":"{E6B98E8A-3EDB-4557-8C02-AB43FAB6142B}","Comments":null,"UpdateStatus":"AUTO","UpdateSource":"PMBC"}},{"type":"Feature","geometry":{"type":"Polygon","coordinates":[[[-118.216301,49.05727],[-118.216503,49.057313],[-118.21671,49.057357],[-118.216698,49.058017],[-118.216279,49.057929],[-118.216301,49.05727]]]},"properties":{"GlobalID":"{3110C44F-BBB3-49AD-A900-642EA79C2117}","Name":"004556127","PlanID":"{1FEA58EA-8C6E-4605-B31B-5B5205CCE338}","PlanNumber":"KAP28429","PIN":null,"PID":4556127,"Designation1":"Lot B","Designation2":null,"Designation3":null,"ParcelStatus":"ACTIVE","RegionalDistrict":"0019","ParcelClass":"SUBDIVISION","SourceParcelID":null,"GeometrySource":"ICF","IsRemainder":"NO","ParcelStartDate":null,"PositionalError":3.12768183,"LegalDescription":"LOT B DISTRICT LOT 970 SIMILKAMEEN DIVISION YALE DISTRICT PLAN 28429","CaptureMethod":"UNKNOWN","OwnerType":"PRIVATE","Compiled":1,"CreatedDate":"2016-09-20T23:24:06.000Z","ModifiedDate":"2022-01-25T02:29:30.000Z","StatedArea":null,"ErrorReportedBy":"LSA","Municipality":"0163","OBJECTID":49962,"created_user":"SDE","created_date":"2024-11-12T16:15:31.000Z","last_edited_user":"SDE","last_edited_date":"2026-03-25T16:06:10.000Z","Shape__Area":2231.05712594,"Shape__Length":210.2498260910275,"CommonName":null,"SourceGlobalID":"{24FA5CEE-A27A-4CA5-A9F8-B37AD91DEF27}","Comments":null,"UpdateStatus":"AUTO","UpdateSource":"PMBC"}},{"type":"Feature","geometry":{"type":"Polygon","coordinates":[[[-118.211557,49.057915],[-118.211818,49.057954],[-118.211794,49.05804],[-118.211188,49.05803],[-118.211169,49.058295],[-118.211167,49.058335],[-118.210523,49.058335],[-118.210537,49.058244],[-118.210578,49.058023],[-118.210598,49.057916],[-118.211557,49.057915]]]},"properties":{"GlobalID":"{18CAE5D5-478C-4869-A261-B21B16946400}","Name":"003659674","PlanID":"{9360DF06-4014-4516-AF67-E236D0FD6802}","PlanNumber":"KAP31529","PIN":null,"PID":3659674,"Designation1":"Lot 2","Designation2":null,"Designation3":null,"ParcelStatus":"ACTIVE","RegionalDistrict":"0019","ParcelClass":"SUBDIVISION","SourceParcelID":null,"GeometrySource":"ICF","IsRemainder":"NO","ParcelStartDate":null,"PositionalError":2.36981199,"LegalDescription":"LOT 2 DISTRICT LOT 750 SIMILKAMEEN DIVISION YALE DISTRICT PLAN 31529","CaptureMethod":"UNKNOWN","OwnerType":"PRIVATE","Compiled":1,"CreatedDate":"2016-09-20T23:24:06.000Z","ModifiedDate":"2022-01-25T02:29:30.000Z","StatedArea":null,"ErrorReportedBy":"LSA","Municipality":"0163","OBJECTID":49963,"created_user":"SDE","created_date":"2024-11-12T16:15:31.000Z","last_edited_user":"SDE","last_edited_date":"2026-03-25T16:06:10.000Z","Shape__Area":2676.068928615,"Shape__Length":271.47952457256855,"CommonName":null,"SourceGlobalID":"{F635C2D7-F114-4A53-AA49-4A919EB1E195}","Comments":null,"UpdateStatus":"AUTO","UpdateSource":"PMBC"}},{"type":"Feature","geometry":{"type":"Polygon","coordinates":[[[-118.215251,49.053714],[-118.215241,49.054224],[-118.214978,49.054222],[-118.214987,49.053698],[-118.215251,49.053714]]]},"properties":{"GlobalID":"{B2A4AD4F-586B-4946-AF55-E3DAA4E81659}","Name":"028684389","PlanID":"{F38A8500-8552-433F-89F0-657430A87844}","PlanNumber":"EPP14802","PIN":null,"PID":28684389,"Designation1":"Lot B","Designation2":null,"Designation3":null,"ParcelStatus":"ACTIVE","RegionalDistrict":"0019","ParcelClass":"SUBDIVISION","SourceParcelID":null,"GeometrySource":"ICF","IsRemainder":"NO","ParcelStartDate":"2011-10-05T07:00:00.000Z","PositionalError":3.46230976,"LegalDescription":"LOT B DISTRICT LOT 970 SIMILKAMEEN DIVISION YALE DISTRICT PLAN EPP14802","CaptureMethod":"UNKNOWN","OwnerType":"PRIVATE","Compiled":1,"CreatedDate":"2016-09-20T23:24:06.000Z","ModifiedDate":"2022-01-25T02:29:30.000Z","StatedArea":null,"ErrorReportedBy":"LSA","Municipality":"0163","OBJECTID":49964,"created_user":"SDE","created_date":"2024-11-12T16:15:31.000Z","last_edited_user":"SDE","last_edited_date":"2026-03-25T16:06:10.000Z","Shape__Area":1108.211879515,"Shape__Length":153.6122386690808,"CommonName":null,"SourceGlobalID":"{5F1774E6-A860-4CA9-B2BF-BDB6E3F48F06}","Comments":null,"UpdateStatus":"AUTO","UpdateSource":"PMBC"}},{"type":"Feature","geometry":{"type":"Polygon","coordinates":[[[-118.217178,49.053819],[-118.217248,49.053851],[-118.217277,49.053867],[-118.217412,49.053948],[-118.217289,49.054011],[-118.217006,49.054235],[-118.217076,49.054377],[-118.215835,49.054418],[-118.215845,49.054225],[-118.216325,49.054231],[-118.217059,49.053782],[-118.217089,49.053784],[-118.217119,49.053788],[-118.217178,49.053819]]]},"properties":{"GlobalID":"{5953A071-9CDB-493B-B9FD-434F5932019F}","Name":"004323289","PlanID":"{B3167CFF-F2E1-43AA-AC94-4F66C1542C13}","PlanNumber":"KAP29415","PIN":null,"PID":4323289,"Designation1":"Lot 2","Designation2":null,"Designation3":null,"ParcelStatus":"ACTIVE","RegionalDistrict":"0019","ParcelClass":"SUBDIVISION","SourceParcelID":null,"GeometrySource":"ICF","IsRemainder":"NO","ParcelStartDate":null,"PositionalError":3.0647708,"LegalDescription":"LOT 2 DISTRICT LOT 970 SIMILKAMEEN DIVISION YALE DISTRICT PLAN 29415","CaptureMethod":"UNKNOWN","OwnerType":"PRIVATE","Compiled":1,"CreatedDate":"2016-09-20T23:24:06.000Z","ModifiedDate":"2022-01-25T02:29:30.000Z","StatedArea":null,"ErrorReportedBy":"LSA","Municipality":"0163","OBJECTID":49965,"created_user":"SDE","created_date":"2024-11-12T16:15:31.000Z","last_edited_user":"SDE","last_edited_date":"2026-03-25T16:06:10.000Z","Shape__Area":3565.610088405,"Shape__Length":313.3241388558324,"CommonName":null,"SourceGlobalID":"{EC15722E-543C-434F-974C-D6ED6F478B18}","Comments":null,"UpdateStatus":"AUTO","UpdateSource":"PMBC"}},{"type":"Feature","geometry":{"type":"Polygon","coordinates":[[[-118.218188,49.057016],[-118.219144,49.05703],[-118.219143,49.057172],[-118.218186,49.057168],[-118.218188,49.057016]]]},"properties":{"GlobalID":"{E6CA5E4C-946E-4FC9-8A84-8CDD107AA880}","Name":"001561952","PlanID":"{EDB22420-62D2-40F5-9028-63723B738194}","PlanNumber":"KAP33365","PIN":null,"PID":1561952,"Designation1":"Lot C","Designation2":null,"Designation3":null,"ParcelStatus":"ACTIVE","RegionalDistrict":"0019","ParcelClass":"SUBDIVISION","SourceParcelID":null,"GeometrySource":"ICF","IsRemainder":"NO","ParcelStartDate":null,"PositionalError":3.9462769,"LegalDescription":"LOT C DISTRICT LOT 970 SIMILKAMEEN DIVISION YALE DISTRICT PLAN 33365","CaptureMethod":"UNKNOWN","OwnerType":"PRIVATE","Compiled":1,"CreatedDate":"2016-09-20T23:24:06.000Z","ModifiedDate":"2025-06-24T10:14:53.000Z","StatedArea":null,"ErrorReportedBy":"LSA","Municipality":"0163","OBJECTID":49966,"created_user":"SDE","created_date":"2024-11-12T16:15:31.000Z","last_edited_user":"SDE","last_edited_date":"2026-03-25T16:06:10.000Z","Shape__Area":1145.189978075,"Shape__Length":172.61570935556847,"CommonName":null,"SourceGlobalID":"{68F7BAF7-D99A-4246-9C1E-EAFA196FAACC}","Comments":null,"UpdateStatus":"AUTO","UpdateSource":"PMBC"}},{"type":"Feature","geometry":{"type":"MultiPolygon","coordinates":[[[[-118.210516,49.055207],[-118.210547,49.055155],[-118.2108,49.055181],[-118.210801,49.055181],[-118.211629,49.055266],[-118.211648,49.054863],[-118.211671,49.054401],[-118.212029,49.054251],[-118.212164,49.054372],[-118.212127,49.055357],[-118.212127,49.05537],[-118.211627,49.055319],[-118.210826,49.055238],[-118.210826,49.055238],[-118.210516,49.055207]]],[[[-118.210116,49.055145],[-118.210105,49.055112],[-118.210277,49.055127],[-118.210269,49.055181],[-118.210269,49.055181],[-118.210161,49.05517],[-118.210127,49.055167],[-118.210116,49.055145]]]]},"properties":{"GlobalID":"{153CBE2B-02AF-4A9A-8A4A-AFB4E06D1B83}","Name":"027689115","PlanID":"{504E4696-24E1-4AD2-A57A-633BC1721880}","PlanNumber":"KAP87645","PIN":null,"PID":27689115,"Designation1":"Lot 1","Designation2":null,"Designation3":null,"ParcelStatus":"ACTIVE","RegionalDistrict":"0019","ParcelClass":"SUBDIVISION","SourceParcelID":null,"GeometrySource":"ICF","IsRemainder":"NO","ParcelStartDate":"2008-10-27T07:00:00.000Z","PositionalError":1.7026226,"LegalDescription":"LOT 1 DISTRICT LOT 750 SIMILKAMEEN DIVISION YALE DISTRICT PLAN KAP87645","CaptureMethod":"UNKNOWN","OwnerType":"PRIVATE","Compiled":1,"CreatedDate":"2016-09-20T23:24:06.000Z","ModifiedDate":"2025-06-24T10:14:53.000Z","StatedArea":null,"ErrorReportedBy":"LSA","Municipality":"0163","OBJECTID":49967,"created_user":"SDE","created_date":"2024-11-12T16:15:31.000Z","last_edited_user":"SDE","last_edited_date":"2026-03-25T16:06:10.000Z","Shape__Area":4677.523673715,"Shape__Length":495.5947937028496,"CommonName":null,"SourceGlobalID":"{30CA0EC6-612F-4999-B169-5B653B94D01A}","Comments":null,"UpdateStatus":"AUTO","UpdateSource":"PMBC"}},{"type":"Feature","geometry":{"type":"Polygon","coordinates":[[[-118.212061,49.064845],[-118.212728,49.065327],[-118.212073,49.065333],[-118.212061,49.064845]]]},"properties":{"GlobalID":"{9A141D9A-DA8D-476E-976A-DD5D66975B92}","Name":"Arterial Highway","PlanID":"{92311F22-ACA9-4CF5-A25F-7F3BCB011DA2}","PlanNumber":"KAP1922","PIN":null,"PID":null,"Designation1":null,"Designation2":null,"Designation3":null,"ParcelStatus":"ACTIVE","RegionalDistrict":"0019","ParcelClass":"ROAD","SourceParcelID":null,"GeometrySource":"PMBC-OPERATIONS","IsRemainder":"NO","ParcelStartDate":"2021-12-20T08:00:00.000Z","PositionalError":3.6326836,"LegalDescription":null,"CaptureMethod":"UNKNOWN","OwnerType":"CROWN PROVINCIAL","Compiled":0,"CreatedDate":"2021-12-21T18:54:38.000Z","ModifiedDate":"2022-01-25T02:29:30.000Z","StatedArea":"1298","ErrorReportedBy":"LSA","Municipality":"0163","OBJECTID":49968,"created_user":"SDE","created_date":"2024-11-12T16:15:31.000Z","last_edited_user":"SDE","last_edited_date":"2026-03-25T16:06:10.000Z","Shape__Area":1297.525585975,"Shape__Length":174.45468010168284,"CommonName":null,"SourceGlobalID":"{D0729E29-1C67-44D9-BB23-C5BAD1C6874D}","Comments":null,"UpdateStatus":"AUTO","UpdateSource":"PMBC"}},{"type":"Feature","geometry":{"type":"Polygon","coordinates":[[[-118.216272,49.055842],[-118.215614,49.055832],[-118.215626,49.055508],[-118.215631,49.055458],[-118.21696,49.055477],[-118.216949,49.055851],[-118.216936,49.055847],[-118.216272,49.055842]]]},"properties":{"GlobalID":"{E890E4A9-AAC7-4156-B33C-7EE6B172E3E1}","Name":"010504648","PlanID":"{7816C656-0438-4305-814E-B5BA7047087E}","PlanNumber":"KAP4527","PIN":null,"PID":10504648,"Designation1":"Lot 5","Designation2":null,"Designation3":null,"ParcelStatus":"ACTIVE","RegionalDistrict":"0019","ParcelClass":"SUBDIVISION","SourceParcelID":null,"GeometrySource":"ICF","IsRemainder":"NO","ParcelStartDate":null,"PositionalError":2.98031825,"LegalDescription":"LOT 5 DISTRICT LOT 970 SIMILKAMEEN DIVISION YALE DISTRICT PLAN 4527","CaptureMethod":"UNKNOWN","OwnerType":"PRIVATE","Compiled":1,"CreatedDate":"2016-09-20T23:24:06.000Z","ModifiedDate":"2022-01-25T02:29:30.000Z","StatedArea":null,"ErrorReportedBy":"LSA","Municipality":"0163","OBJECTID":49969,"created_user":"SDE","created_date":"2024-11-12T16:15:31.000Z","last_edited_user":"SDE","last_edited_date":"2026-03-25T16:06:10.000Z","Shape__Area":4049.462891365,"Shape__Length":277.96950431924785,"CommonName":null,"SourceGlobalID":"{4F2E434F-A069-498F-8E83-3A5D9F2A0121}","Comments":null,"UpdateStatus":"AUTO","UpdateSource":"PMBC"}},{"type":"Feature","geometry":{"type":"Polygon","coordinates":[[[-118.21671,49.057357],[-118.216503,49.057313],[-118.216527,49.056369],[-118.216964,49.056373],[-118.217147,49.056376],[-118.217141,49.056692],[-118.217139,49.056768],[-118.217133,49.057054],[-118.217129,49.057212],[-118.217115,49.05734],[-118.217103,49.057443],[-118.21671,49.057357]]]},"properties":{"GlobalID":"{87C2B586-968C-484D-B8E4-6C8F50661E89}","Name":"002564301","PlanID":"{F7BB04FC-964C-4A29-8823-387FACF2AD65}","PlanNumber":"KAP13026","PIN":null,"PID":2564301,"Designation1":"Lot A","Designation2":null,"Designation3":null,"ParcelStatus":"ACTIVE","RegionalDistrict":"0019","ParcelClass":"SUBDIVISION","SourceParcelID":null,"GeometrySource":"ICF","IsRemainder":"NO","ParcelStartDate":null,"PositionalError":3.4267788,"LegalDescription":"LOT A DISTRICT LOT 970 SIMILKAMEEN DIVISION YALE DISTRICT PLAN 13026","CaptureMethod":"UNKNOWN","OwnerType":"PRIVATE","Compiled":1,"CreatedDate":"2016-09-20T23:24:06.000Z","ModifiedDate":"2025-06-24T10:14:53.000Z","StatedArea":null,"ErrorReportedBy":"LSA","Municipality":"0163","OBJECTID":49970,"created_user":"SDE","created_date":"2024-11-12T16:15:31.000Z","last_edited_user":"SDE","last_edited_date":"2026-03-25T16:06:10.000Z","Shape__Area":5074.209393115,"Shape__Length":315.094940538249,"CommonName":null,"SourceGlobalID":"{704AE4D1-3965-4E69-AFEC-A49505419657}","Comments":null,"UpdateStatus":"AUTO","UpdateSource":"PMBC"}},{"type":"Feature","geometry":{"type":"Polygon","coordinates":[[[-118.213272,49.064313],[-118.213251,49.064276],[-118.213397,49.064279],[-118.213605,49.064284],[-118.213532,49.064313],[-118.213484,49.064332],[-118.213321,49.064398],[-118.213272,49.064313]]]},"properties":{"GlobalID":"{DF3DA08E-7591-4D53-8483-F2A0A96029A0}","Name":"011072741","PlanID":"{92311F22-ACA9-4CF5-A25F-7F3BCB011DA2}","PlanNumber":"KAP1922","PIN":null,"PID":11072741,"Designation1":"Lot A","Designation2":null,"Designation3":null,"ParcelStatus":"ACTIVE","RegionalDistrict":"0019","ParcelClass":"SUBDIVISION","SourceParcelID":null,"GeometrySource":"ICF","IsRemainder":"NO","ParcelStartDate":null,"PositionalError":4.0128353,"LegalDescription":"THAT PART LOT A ON PLAN B3406 DISTRICT LOT 2806 SIMILKAMEEN DIVISION YALE DISTRICT PLAN 1922","CaptureMethod":"UNKNOWN","OwnerType":"PRIVATE","Compiled":1,"CreatedDate":"2016-09-20T23:24:06.000Z","ModifiedDate":"2025-10-15T15:02:49.000Z","StatedArea":null,"ErrorReportedBy":"LSA","Municipality":"0163","OBJECTID":49971,"created_user":"SDE","created_date":"2024-11-12T16:15:31.000Z","last_edited_user":"SDE","last_edited_date":"2026-03-25T16:06:10.000Z","Shape__Area":172.954642595,"Shape__Length":64.62737118522845,"CommonName":null,"SourceGlobalID":"{85B03B03-E19B-4DEC-9D90-3322430ED63F}","Comments":null,"UpdateStatus":"AUTO","UpdateSource":"PMBC"}},{"type":"Feature","geometry":{"type":"Polygon","coordinates":[[[-118.214427,49.053664],[-118.214707,49.05368],[-118.214694,49.054221],[-118.214548,49.05422],[-118.214418,49.05422],[-118.214427,49.053664]]]},"properties":{"GlobalID":"{78FF77A3-C8D2-4AF2-B441-4039510EA370}","Name":"004376013","PlanID":"{59A23AA5-0266-46F5-AE0F-83463EB87B25}","PlanNumber":"KAP29184","PIN":null,"PID":4376013,"Designation1":"Lot 4","Designation2":null,"Designation3":null,"ParcelStatus":"ACTIVE","RegionalDistrict":"0019","ParcelClass":"SUBDIVISION","SourceParcelID":null,"GeometrySource":"ICF","IsRemainder":"NO","ParcelStartDate":null,"PositionalError":3.26256112,"LegalDescription":"LOT 4 DISTRICT LOT 970 SIMILKAMEEN DIVISION YALE DISTRICT PLAN 29184","CaptureMethod":"UNKNOWN","OwnerType":"PRIVATE","Compiled":1,"CreatedDate":"2016-09-20T23:24:06.000Z","ModifiedDate":"2022-01-25T02:29:30.000Z","StatedArea":null,"ErrorReportedBy":"LSA","Municipality":"0163","OBJECTID":49972,"created_user":"SDE","created_date":"2024-11-12T16:15:31.000Z","last_edited_user":"SDE","last_edited_date":"2026-03-25T16:06:10.000Z","Shape__Area":1239.31063658,"Shape__Length":162.65277453506286,"CommonName":null,"SourceGlobalID":"{63940FBF-AB58-487F-A3ED-703A9AF05419}","Comments":null,"UpdateStatus":"AUTO","UpdateSource":"PMBC"}},{"type":"Feature","geometry":{"type":"Polygon","coordinates":[[[-118.213685,49.053652],[-118.213636,49.054217],[-118.213584,49.054217],[-118.213463,49.054216],[-118.213373,49.054216],[-118.213458,49.053649],[-118.213685,49.053652]]]},"properties":{"GlobalID":"{759A3A57-3729-4E8D-B108-7F8921231011}","Name":"004376064","PlanID":"{59A23AA5-0266-46F5-AE0F-83463EB87B25}","PlanNumber":"KAP29184","PIN":null,"PID":4376064,"Designation1":"Lot 8","Designation2":null,"Designation3":null,"ParcelStatus":"ACTIVE","RegionalDistrict":"0019","ParcelClass":"SUBDIVISION","SourceParcelID":null,"GeometrySource":"ICF","IsRemainder":"NO","ParcelStartDate":null,"PositionalError":2.97689119,"LegalDescription":"LOT 8 DISTRICT LOT 970 SIMILKAMEEN DIVISION YALE DISTRICT PLAN 29184","CaptureMethod":"UNKNOWN","OwnerType":"PRIVATE","Compiled":1,"CreatedDate":"2016-09-20T23:24:06.000Z","ModifiedDate":"2022-01-25T02:29:30.000Z","StatedArea":null,"ErrorReportedBy":"LSA","Municipality":"0163","OBJECTID":49973,"created_user":"SDE","created_date":"2024-11-12T16:15:31.000Z","last_edited_user":"SDE","last_edited_date":"2026-03-25T16:06:10.000Z","Shape__Area":1128.360463665,"Shape__Length":162.085393516756,"CommonName":null,"SourceGlobalID":"{BCC2576F-1E0F-4E66-BAB1-B35E5906E9A7}","Comments":null,"UpdateStatus":"AUTO","UpdateSource":"PMBC"}},{"type":"Feature","geometry":{"type":"Polygon","coordinates":[[[-118.211638,49.058594],[-118.210646,49.058587],[-118.210513,49.058579],[-118.210523,49.058335],[-118.211167,49.058335],[-118.211257,49.058335],[-118.21171,49.058337],[-118.211658,49.058521],[-118.211638,49.058594]]]},"properties":{"GlobalID":"{DDCF359A-76E8-4294-9335-2F596F09493E}","Name":"001812742","PlanID":"{DB6393F2-001E-423F-8AA9-FD1FBDE0DC44}","PlanNumber":"KAP18823","PIN":null,"PID":1812742,"Designation1":"Lot B","Designation2":null,"Designation3":null,"ParcelStatus":"ACTIVE","RegionalDistrict":"0019","ParcelClass":"SUBDIVISION","SourceParcelID":null,"GeometrySource":"ICF","IsRemainder":"NO","ParcelStartDate":null,"PositionalError":2.64324242,"LegalDescription":"LOT B DISTRICT LOT 750 SIMILKAMEEN DIVISION YALE DISTRICT PLAN 18823","CaptureMethod":"UNKNOWN","OwnerType":"PRIVATE","Compiled":1,"CreatedDate":"2016-09-20T23:24:06.000Z","ModifiedDate":"2022-01-25T02:29:30.000Z","StatedArea":null,"ErrorReportedBy":"LSA","Municipality":"0163","OBJECTID":49974,"created_user":"SDE","created_date":"2024-11-12T16:15:31.000Z","last_edited_user":"SDE","last_edited_date":"2026-03-25T16:06:10.000Z","Shape__Area":2388.16297765,"Shape__Length":225.20614187926404,"CommonName":null,"SourceGlobalID":"{92DABF07-2D63-486F-80E9-75F371F6AD0B}","Comments":null,"UpdateStatus":"AUTO","UpdateSource":"PMBC"}},{"type":"Feature","geometry":{"type":"Polygon","coordinates":[[[-118.219995,49.05874],[-118.22006,49.058494],[-118.220221,49.057882],[-118.219281,49.057869],[-118.218059,49.057848],[-118.218144,49.057412],[-118.218198,49.057413],[-118.219132,49.057428],[-118.220221,49.057446],[-118.220276,49.057461],[-118.22032,49.05748],[-118.220392,49.057519],[-118.220463,49.057576],[-118.220533,49.05763],[-118.220589,49.057683],[-118.220612,49.057691],[-118.220643,49.057717],[-118.220707,49.057793],[-118.220806,49.057842],[-118.220919,49.057907],[-118.221016,49.057977],[-118.221113,49.058067],[-118.221012,49.058097],[-118.22049,49.058251],[-118.220383,49.058285],[-118.220318,49.05853],[-118.22025,49.058792],[-118.219995,49.05874]]]},"properties":{"GlobalID":"{C417B149-CF8D-483D-BFF4-76A6361E4CDC}","Name":"018571514","PlanID":"{C47A5BDB-1B4E-4568-911B-C9767A579D6E}","PlanNumber":"KAP51316","PIN":null,"PID":18571514,"Designation1":"Lot A","Designation2":null,"Designation3":null,"ParcelStatus":"ACTIVE","RegionalDistrict":"0019","ParcelClass":"SUBDIVISION","SourceParcelID":null,"GeometrySource":"ICF","IsRemainder":"NO","ParcelStartDate":null,"PositionalError":5.2358459,"LegalDescription":"LOT A DISTRICT LOT 970 SIMILKAMEEN DIVISION YALE DISTRICT PLAN KAP51316","CaptureMethod":"UNKNOWN","OwnerType":"PRIVATE","Compiled":1,"CreatedDate":"2016-09-20T23:24:06.000Z","ModifiedDate":"2025-07-30T16:01:09.000Z","StatedArea":null,"ErrorReportedBy":"LSA","Municipality":"0163","OBJECTID":49975,"created_user":"SDE","created_date":"2024-11-12T16:15:31.000Z","last_edited_user":"SDE","last_edited_date":"2026-03-25T16:06:10.000Z","Shape__Area":12096.48992014,"Shape__Length":686.9865145150062,"CommonName":null,"SourceGlobalID":"{74A2003E-C419-40C9-83AC-77DA2AF7E903}","Comments":null,"UpdateStatus":"AUTO","UpdateSource":"PMBC"}},{"type":"Feature","geometry":{"type":"Polygon","coordinates":[[[-118.219153,49.058567],[-118.217966,49.058323],[-118.218059,49.057848],[-118.219281,49.057869],[-118.219153,49.058567]]]},"properties":{"GlobalID":"{1440093A-9FD6-4005-9AB1-D065AB66705E}","Name":"010353445","PlanID":"{36DC09EA-2591-448B-A4AC-4403D4BA2809}","PlanNumber":"KAP5312","PIN":null,"PID":10353445,"Designation1":"Lot 2","Designation2":null,"Designation3":null,"ParcelStatus":"ACTIVE","RegionalDistrict":"0019","ParcelClass":"SUBDIVISION","SourceParcelID":null,"GeometrySource":"ICF","IsRemainder":"NO","ParcelStartDate":null,"PositionalError":3.44150261,"LegalDescription":"LOT 2 DISTRICT LOT 970 SIMILKAMEEN DIVISION YALE DISTRICT PLAN 5312","CaptureMethod":"UNKNOWN","OwnerType":"PRIVATE","Compiled":1,"CreatedDate":"2016-09-20T23:24:06.000Z","ModifiedDate":"2022-01-25T02:29:30.000Z","StatedArea":null,"ErrorReportedBy":"LSA","Municipality":"0163","OBJECTID":49976,"created_user":"SDE","created_date":"2024-11-12T16:15:31.000Z","last_edited_user":"SDE","last_edited_date":"2026-03-25T16:06:10.000Z","Shape__Area":5857.910905515,"Shape__Length":311.5872065451583,"CommonName":null,"SourceGlobalID":"{E602D36E-C0C2-44C7-8B3A-1858852463E1}","Comments":null,"UpdateStatus":"AUTO","UpdateSource":"PMBC"}},{"type":"Feature","geometry":{"type":"Polygon","coordinates":[[[-118.214545,49.054497],[-118.214548,49.05422],[-118.214694,49.054221],[-118.214978,49.054222],[-118.215241,49.054224],[-118.215269,49.054224],[-118.215576,49.054225],[-118.215574,49.054419],[-118.215493,49.054419],[-118.215492,49.0545],[-118.215259,49.054499],[-118.214545,49.054497]]]},"properties":{"GlobalID":"{F0C30159-E93A-4D22-925B-423B1B4465EE}","Name":"028974719","PlanID":"{E29CA68B-A463-4027-974D-FBDB39F00ABC}","PlanNumber":"EPP22661","PIN":null,"PID":28974719,"Designation1":"Lot A","Designation2":null,"Designation3":null,"ParcelStatus":"ACTIVE","RegionalDistrict":"0019","ParcelClass":"SUBDIVISION","SourceParcelID":null,"GeometrySource":"ICF","IsRemainder":"NO","ParcelStartDate":"2012-12-21T08:00:00.000Z","PositionalError":3.42142983,"LegalDescription":"LOT A DISTRICT LOT 970 SIMILKAMEEN DIVISION YALE DISTRICT PLAN EPP22661","CaptureMethod":"UNKNOWN","OwnerType":"PRIVATE","Compiled":1,"CreatedDate":"2016-09-20T23:24:06.000Z","ModifiedDate":"2022-01-25T02:29:30.000Z","StatedArea":null,"ErrorReportedBy":"LSA","Municipality":"0163","OBJECTID":49977,"created_user":"SDE","created_date":"2024-11-12T16:15:31.000Z","last_edited_user":"SDE","last_edited_date":"2026-03-25T16:06:10.000Z","Shape__Area":2246.90215645,"Shape__Length":211.44041332183593,"CommonName":null,"SourceGlobalID":"{76E89897-7DB2-4DF3-8FB7-D37C7143CBAB}","Comments":null,"UpdateStatus":"AUTO","UpdateSource":"PMBC"}},{"type":"Feature","geometry":{"type":"Polygon","coordinates":[[[-118.216203,49.055343],[-118.215908,49.055338],[-118.215794,49.05527],[-118.215823,49.054631],[-118.21619,49.054637],[-118.216203,49.055343]]]},"properties":{"GlobalID":"{165CFEB3-34C4-422A-811C-29BC949E04AE}","Name":"004323360","PlanID":"{B3167CFF-F2E1-43AA-AC94-4F66C1542C13}","PlanNumber":"KAP29415","PIN":null,"PID":4323360,"Designation1":"Lot 7","Designation2":null,"Designation3":null,"ParcelStatus":"ACTIVE","RegionalDistrict":"0019","ParcelClass":"SUBDIVISION","SourceParcelID":null,"GeometrySource":"ICF","IsRemainder":"NO","ParcelStartDate":null,"PositionalError":1.67485318,"LegalDescription":"LOT 7 DISTRICT LOT 970 SIMILKAMEEN DIVISION YALE DISTRICT PLAN 29415","CaptureMethod":"UNKNOWN","OwnerType":"CROWN PROVINCIAL","Compiled":1,"CreatedDate":"2016-09-20T23:24:06.000Z","ModifiedDate":"2022-01-25T02:29:30.000Z","StatedArea":null,"ErrorReportedBy":"LSA","Municipality":"0163","OBJECTID":49978,"created_user":"SDE","created_date":"2024-11-12T16:15:31.000Z","last_edited_user":"SDE","last_edited_date":"2026-03-25T16:06:10.000Z","Shape__Area":2200.51585058,"Shape__Length":209.13159595962915,"CommonName":null,"SourceGlobalID":"{266A89A8-4C93-4743-B3AE-50556FF7D62A}","Comments":null,"UpdateStatus":"AUTO","UpdateSource":"PMBC"}},{"type":"Feature","geometry":{"type":"Polygon","coordinates":[[[-118.200194,49.064471],[-118.198948,49.066883],[-118.198353,49.066702],[-118.198103,49.06707],[-118.197829,49.067072],[-118.197329,49.064702],[-118.196782,49.064705],[-118.196444,49.064657],[-118.196113,49.064722],[-118.195091,49.064699],[-118.195429,49.064526],[-118.196078,49.064542],[-118.196433,49.064471],[-118.196762,49.064518],[-118.197054,49.064462],[-118.197474,49.064402],[-118.19797,49.064483],[-118.200194,49.064471]]]},"properties":{"GlobalID":"{C1051F41-D129-4413-AF42-6DB2DDB92563}","Name":"024412554","PlanID":"{71B4144C-3B65-46F3-B931-2D78D3891DC6}","PlanNumber":"KAP63850","PIN":null,"PID":24412554,"Designation1":"Lot 2","Designation2":null,"Designation3":null,"ParcelStatus":"ACTIVE","RegionalDistrict":"0019","ParcelClass":"SUBDIVISION","SourceParcelID":null,"GeometrySource":"ICF","IsRemainder":"NO","ParcelStartDate":"1999-02-23T08:00:00.000Z","PositionalError":10.01998907,"LegalDescription":"LOT 2 DISTRICT LOTS 2220S AND 2885 SIMILKAMEEN DIVISION YALE DISTRICT PLAN KAP63850","CaptureMethod":"UNKNOWN","OwnerType":"PRIVATE","Compiled":1,"CreatedDate":"2016-09-20T23:24:06.000Z","ModifiedDate":"2022-01-25T02:29:30.000Z","StatedArea":null,"ErrorReportedBy":"LSA","Municipality":"0163","OBJECTID":49979,"created_user":"SDE","created_date":"2024-11-12T16:15:31.000Z","last_edited_user":"SDE","last_edited_date":"2026-03-25T16:06:10.000Z","Shape__Area":43242.40718711,"Shape__Length":1211.0279610547327,"CommonName":null,"SourceGlobalID":"{A506E8FB-D338-4150-874F-C9CA62C251CD}","Comments":null,"UpdateStatus":"AUTO","UpdateSource":"PMBC"}},{"type":"Feature","geometry":{"type":"Polygon","coordinates":[[[-118.219577,49.06048],[-118.219606,49.06037],[-118.2197,49.06038],[-118.220592,49.060477],[-118.220583,49.060491],[-118.22057,49.060599],[-118.220538,49.060695],[-118.220524,49.060717],[-118.220539,49.060777],[-118.219533,49.060648],[-118.219571,49.060503],[-118.219577,49.06048]]]},"properties":{"GlobalID":"{73A39133-14C7-436F-A005-78D17CC5D5BC}","Name":"004271424","PlanID":"{B85E1F4D-4907-4576-AB42-42F27FB9ED38}","PlanNumber":"KAP3059B","PIN":null,"PID":4271424,"Designation1":"PART 970","Designation2":null,"Designation3":null,"ParcelStatus":"ACTIVE","RegionalDistrict":"0019","ParcelClass":"SUBDIVISION","SourceParcelID":null,"GeometrySource":"ICF","IsRemainder":"NO","ParcelStartDate":"1928-12-09T08:00:00.000Z","PositionalError":4.8758922,"LegalDescription":"THAT PART OF DISTRICT LOT 970 SHOWN OUTLINED RED ON PLAN B3059 SIMILKAMEEN DIVISION YALE DISTRICT","CaptureMethod":"UNKNOWN","OwnerType":"PRIVATE","Compiled":1,"CreatedDate":"2016-09-20T23:24:06.000Z","ModifiedDate":"2025-07-30T16:01:09.000Z","StatedArea":null,"ErrorReportedBy":"LSA","Municipality":"0163","OBJECTID":49980,"created_user":"SDE","created_date":"2024-11-12T16:15:31.000Z","last_edited_user":"SDE","last_edited_date":"2026-03-25T16:06:10.000Z","Shape__Area":2382.988885025,"Shape__Length":213.47196911709457,"CommonName":null,"SourceGlobalID":"{7FBE3ACC-B570-4491-AE28-0BFD58AE90DF}","Comments":null,"UpdateStatus":"AUTO","UpdateSource":"PMBC"}},{"type":"Feature","geometry":{"type":"Polygon","coordinates":[[[-118.21125,49.056843],[-118.21133,49.056756],[-118.21153,49.056797],[-118.21153,49.056797],[-118.211841,49.056861],[-118.211698,49.057019],[-118.211681,49.057038],[-118.21163,49.057018],[-118.211629,49.057018],[-118.211233,49.056861],[-118.21125,49.056843]]]},"properties":{"GlobalID":"{1BD68E0D-EB6D-42B8-9778-FDD989E582B3}","Name":"008571767","PlanID":"{8F215252-6350-491B-B0B9-0676E7CB046D}","PlanNumber":"KAP16537","PIN":null,"PID":8571767,"Designation1":"Lot A","Designation2":null,"Designation3":null,"ParcelStatus":"ACTIVE","RegionalDistrict":"0019","ParcelClass":"SUBDIVISION","SourceParcelID":null,"GeometrySource":"ICF","IsRemainder":"NO","ParcelStartDate":null,"PositionalError":0.06707246,"LegalDescription":"LOT A DISTRICT LOT 750 SIMILKAMEEN DIVISION YALE DISTRICT PLAN 16537","CaptureMethod":"UNKNOWN","OwnerType":"PRIVATE","Compiled":1,"CreatedDate":"2016-09-20T23:24:06.000Z","ModifiedDate":"2025-06-24T10:14:53.000Z","StatedArea":null,"ErrorReportedBy":"LSA","Municipality":"0163","OBJECTID":49981,"created_user":"SDE","created_date":"2024-11-12T16:15:31.000Z","last_edited_user":"SDE","last_edited_date":"2026-03-25T16:06:10.000Z","Shape__Area":696.59325289,"Shape__Length":113.87356170566214,"CommonName":null,"SourceGlobalID":"{FA7A8735-16C5-4159-BB0F-BD511255CD81}","Comments":null,"UpdateStatus":"AUTO","UpdateSource":"PMBC"}},{"type":"Feature","geometry":{"type":"Polygon","coordinates":[[[-118.216521,49.054642],[-118.216846,49.054647],[-118.217037,49.055357],[-118.21662,49.05535],[-118.216521,49.054642]]]},"properties":{"GlobalID":"{C8F70AF4-6A47-407A-9B4B-CE240D7E8E99}","Name":"004323327","PlanID":"{B3167CFF-F2E1-43AA-AC94-4F66C1542C13}","PlanNumber":"KAP29415","PIN":null,"PID":4323327,"Designation1":"Lot 5","Designation2":null,"Designation3":null,"ParcelStatus":"ACTIVE","RegionalDistrict":"0019","ParcelClass":"SUBDIVISION","SourceParcelID":null,"GeometrySource":"ICF","IsRemainder":"NO","ParcelStartDate":null,"PositionalError":1.40803208,"LegalDescription":"LOT 5 DISTRICT LOT 970 SIMILKAMEEN DIVISION YALE DISTRICT PLAN 29415","CaptureMethod":"UNKNOWN","OwnerType":"PRIVATE","Compiled":1,"CreatedDate":"2016-09-20T23:24:06.000Z","ModifiedDate":"2022-01-25T02:29:30.000Z","StatedArea":null,"ErrorReportedBy":"LSA","Municipality":"0163","OBJECTID":49982,"created_user":"SDE","created_date":"2024-11-12T16:15:31.000Z","last_edited_user":"SDE","last_edited_date":"2026-03-25T16:06:10.000Z","Shape__Area":2126.31181838,"Shape__Length":213.2983005280423,"CommonName":null,"SourceGlobalID":"{3018D979-4077-4695-BD11-83C7FDF409CC}","Comments":null,"UpdateStatus":"AUTO","UpdateSource":"PMBC"}},{"type":"Feature","geometry":{"type":"Polygon","coordinates":[[[-118.21062,49.059579],[-118.210647,49.059499],[-118.210649,49.05946],[-118.210645,49.059403],[-118.210637,49.059376],[-118.210615,49.059348],[-118.210591,49.059322],[-118.210565,49.059299],[-118.210501,49.059265],[-118.21047,49.059238],[-118.210409,49.059169],[-118.210405,49.059134],[-118.210415,49.059073],[-118.210424,49.059057],[-118.210447,49.059031],[-118.210542,49.05897],[-118.210579,49.058945],[-118.210618,49.058925],[-118.210659,49.058909],[-118.210681,49.058887],[-118.211392,49.058896],[-118.211552,49.058898],[-118.211512,49.059005],[-118.211361,49.059413],[-118.210776,49.059667],[-118.210632,49.059586],[-118.21062,49.059579]]]},"properties":{"GlobalID":"{85C3807F-1802-4FBF-8C60-F61D94963C72}","Name":"027009041","PlanID":"{26382715-7AE2-47F6-8BDC-825CC26F5DDC}","PlanNumber":"KAP83386","PIN":null,"PID":27009041,"Designation1":"Lot 2","Designation2":null,"Designation3":null,"ParcelStatus":"ACTIVE","RegionalDistrict":"0019","ParcelClass":"SUBDIVISION","SourceParcelID":null,"GeometrySource":"ICF","IsRemainder":"NO","ParcelStartDate":"2007-03-19T07:00:00.000Z","PositionalError":3.8914641,"LegalDescription":"LOT 2 DISTRICT LOT 750 SIMILKAMEEN DIVISION YALE DISTRICT PLAN KAP83386","CaptureMethod":"UNKNOWN","OwnerType":"PRIVATE","Compiled":1,"CreatedDate":"2016-09-20T23:24:06.000Z","ModifiedDate":"2025-06-24T10:14:53.000Z","StatedArea":null,"ErrorReportedBy":"LSA","Municipality":"0163","OBJECTID":49983,"created_user":"SDE","created_date":"2024-11-12T16:15:31.000Z","last_edited_user":"SDE","last_edited_date":"2026-03-25T16:06:10.000Z","Shape__Area":4840.23322583,"Shape__Length":279.917624041995,"CommonName":null,"SourceGlobalID":"{69D0FCA8-D888-4A22-BC2A-FA048FE0B6CD}","Comments":null,"UpdateStatus":"AUTO","UpdateSource":"PMBC"}},{"type":"Feature","geometry":{"type":"Polygon","coordinates":[[[-118.217068,49.058096],[-118.217095,49.057614],[-118.217845,49.057688],[-118.217743,49.058198],[-118.217653,49.058237],[-118.217068,49.058096]]]},"properties":{"GlobalID":"{4BA378B6-00AA-4900-8C1C-29BFDEFBE72C}","Name":"004485041","PlanID":"{0C07D7F2-1751-4974-B62D-BCFE976177FB}","PlanNumber":"KAP28830","PIN":null,"PID":4485041,"Designation1":"Lot B","Designation2":null,"Designation3":null,"ParcelStatus":"ACTIVE","RegionalDistrict":"0019","ParcelClass":"SUBDIVISION","SourceParcelID":null,"GeometrySource":"ICF","IsRemainder":"NO","ParcelStartDate":null,"PositionalError":3.26109238,"LegalDescription":"LOT B DISTRICT LOT 970 SIMILKAMEEN DIVISION YALE DISTRICT PLAN 28830","CaptureMethod":"UNKNOWN","OwnerType":"PRIVATE","Compiled":1,"CreatedDate":"2016-09-20T23:24:06.000Z","ModifiedDate":"2022-01-25T02:29:30.000Z","StatedArea":null,"ErrorReportedBy":"LSA","Municipality":"0163","OBJECTID":49984,"created_user":"SDE","created_date":"2024-11-12T16:15:31.000Z","last_edited_user":"SDE","last_edited_date":"2026-03-25T16:06:10.000Z","Shape__Area":3058.70036748,"Shape__Length":219.5587716406066,"CommonName":null,"SourceGlobalID":"{B800A8F2-02E4-4457-8594-0E788A6BD375}","Comments":null,"UpdateStatus":"AUTO","UpdateSource":"PMBC"}},{"type":"Feature","geometry":{"type":"Polygon","coordinates":[[[-118.214904,49.052924],[-118.215144,49.052927],[-118.215136,49.053523],[-118.214872,49.053504],[-118.214904,49.052924]]]},"properties":{"GlobalID":"{CE08AD42-0AAB-40A1-B134-A9B77FEB7846}","Name":"004376145","PlanID":"{59A23AA5-0266-46F5-AE0F-83463EB87B25}","PlanNumber":"KAP29184","PIN":null,"PID":4376145,"Designation1":"Lot 18","Designation2":null,"Designation3":null,"ParcelStatus":"ACTIVE","RegionalDistrict":"0019","ParcelClass":"SUBDIVISION","SourceParcelID":null,"GeometrySource":"ICF","IsRemainder":"NO","ParcelStartDate":null,"PositionalError":1.8320689,"LegalDescription":"LOT 18 DISTRICT LOT 970 SIMILKAMEEN DIVISION YALE DISTRICT PLAN 29184","CaptureMethod":"UNKNOWN","OwnerType":"PRIVATE","Compiled":1,"CreatedDate":"2016-09-20T23:24:06.000Z","ModifiedDate":"2025-06-24T10:14:53.000Z","StatedArea":null,"ErrorReportedBy":"LSA","Municipality":"0163","OBJECTID":49985,"created_user":"SDE","created_date":"2024-11-12T16:15:31.000Z","last_edited_user":"SDE","last_edited_date":"2026-03-25T16:06:10.000Z","Shape__Area":1205.21921577,"Shape__Length":167.6432552085862,"CommonName":null,"SourceGlobalID":"{8977C926-5C7A-41F3-8551-2BDC97279A48}","Comments":null,"UpdateStatus":"AUTO","UpdateSource":"PMBC"}},{"type":"Feature","geometry":{"type":"Polygon","coordinates":[[[-118.21089,49.053636],[-118.21119,49.053504],[-118.211415,49.053701],[-118.211269,49.053798],[-118.21089,49.053636]]]},"properties":{"GlobalID":"{0FCA4A44-E243-49E3-A653-742AD236D7D5}","Name":"009792929","PlanID":"{FA78CEDF-6142-4082-993B-7D593F1EFEAF}","PlanNumber":"KAP8704","PIN":null,"PID":9792929,"Designation1":"Lot 1","Designation2":null,"Designation3":null,"ParcelStatus":"ACTIVE","RegionalDistrict":"0019","ParcelClass":"SUBDIVISION","SourceParcelID":null,"GeometrySource":"ICF","IsRemainder":"NO","ParcelStartDate":null,"PositionalError":2.3376191,"LegalDescription":"LOT 1 DISTRICT LOT 750 SIMILKAMEEN DIVISION YALE DISTRICT PLAN 8704","CaptureMethod":"UNKNOWN","OwnerType":"PRIVATE","Compiled":1,"CreatedDate":"2016-09-20T23:24:06.000Z","ModifiedDate":"2025-06-24T10:14:53.000Z","StatedArea":null,"ErrorReportedBy":"LSA","Municipality":"0163","OBJECTID":49986,"created_user":"SDE","created_date":"2024-11-12T16:15:31.000Z","last_edited_user":"SDE","last_edited_date":"2026-03-25T16:06:10.000Z","Shape__Area":605.300835835,"Shape__Length":101.94056141906036,"CommonName":null,"SourceGlobalID":"{CE1CDFD7-92CB-408C-A166-1E6B1F2EA77D}","Comments":null,"UpdateStatus":"AUTO","UpdateSource":"PMBC"}},{"type":"Feature","geometry":{"type":"Polygon","coordinates":[[[-118.211431,49.053265],[-118.211459,49.053261],[-118.211588,49.053371],[-118.211556,49.053375],[-118.211431,49.053265]]]},"properties":{"GlobalID":"{C6B9A2FE-7F21-47EF-AD29-0435316C7A9A}","Name":"Arterial Highway","PlanID":"{8C727A4E-C957-413C-ABF6-BAA08F434E6E}","PlanNumber":"KAP13621H","PIN":null,"PID":null,"Designation1":null,"Designation2":null,"Designation3":null,"ParcelStatus":"ACTIVE","RegionalDistrict":"0019","ParcelClass":"ROAD","SourceParcelID":null,"GeometrySource":"PMBC-OPERATIONS","IsRemainder":null,"ParcelStartDate":"2021-12-20T08:00:00.000Z","PositionalError":1.519587,"LegalDescription":null,"CaptureMethod":"UNKNOWN","OwnerType":"CROWN PROVINCIAL","Compiled":0,"CreatedDate":"2021-12-24T17:06:22.000Z","ModifiedDate":"2025-06-24T10:14:53.000Z","StatedArea":null,"ErrorReportedBy":"LSA","Municipality":"0163","OBJECTID":49987,"created_user":"SDE","created_date":"2024-11-12T16:15:31.000Z","last_edited_user":"SDE","last_edited_date":"2026-03-25T16:06:10.000Z","Shape__Area":30.886163035,"Shape__Length":35.10311155132598,"CommonName":null,"SourceGlobalID":"{8E9B81E3-B717-418B-A0BF-ECD8C40CCF3C}","Comments":null,"UpdateStatus":"AUTO","UpdateSource":"PMBC"}},{"type":"Feature","geometry":{"type":"Polygon","coordinates":[[[-118.214167,49.055493],[-118.214897,49.0555],[-118.214883,49.055833],[-118.214152,49.055826],[-118.214167,49.055493]]]},"properties":{"GlobalID":"{F240B924-DA01-4C43-A612-66817EEFEE06}","Name":"027334414","PlanID":"{5AB94684-5526-49A7-813C-36D933958F3C}","PlanNumber":"KAP85568","PIN":null,"PID":27334414,"Designation1":"Lot 4","Designation2":null,"Designation3":null,"ParcelStatus":"ACTIVE","RegionalDistrict":"0019","ParcelClass":"SUBDIVISION","SourceParcelID":null,"GeometrySource":"ICF","IsRemainder":"NO","ParcelStartDate":"2007-12-18T08:00:00.000Z","PositionalError":2.601161,"LegalDescription":"LOT 4 DISTRICT LOT 970 SIMILKAMEEN DIVISION YALE DISTRICT PLAN KAP85568","CaptureMethod":"UNKNOWN","OwnerType":"PRIVATE","Compiled":1,"CreatedDate":"2016-09-20T23:24:06.000Z","ModifiedDate":"2025-06-24T10:14:53.000Z","StatedArea":null,"ErrorReportedBy":"LSA","Municipality":"0163","OBJECTID":49988,"created_user":"SDE","created_date":"2024-11-12T16:15:31.000Z","last_edited_user":"SDE","last_edited_date":"2026-03-25T16:06:10.000Z","Shape__Area":1974.06061335,"Shape__Length":180.72590414305662,"CommonName":null,"SourceGlobalID":"{409C1686-468F-4B1A-8419-C5218C2D92DD}","Comments":null,"UpdateStatus":"AUTO","UpdateSource":"PMBC"}},{"type":"Feature","geometry":{"type":"Polygon","coordinates":[[[-118.220221,49.057882],[-118.219995,49.05874],[-118.219153,49.058567],[-118.219281,49.057869],[-118.220221,49.057882]]]},"properties":{"GlobalID":"{1368A18E-6028-4482-B27A-0C9C694BC987}","Name":"002219395","PlanID":"{36DC09EA-2591-448B-A4AC-4403D4BA2809}","PlanNumber":"KAP5312","PIN":null,"PID":2219395,"Designation1":"Lot 1","Designation2":null,"Designation3":null,"ParcelStatus":"ACTIVE","RegionalDistrict":"0019","ParcelClass":"SUBDIVISION","SourceParcelID":null,"GeometrySource":"ICF","IsRemainder":"NO","ParcelStartDate":null,"PositionalError":3.55557475,"LegalDescription":"LOT 1 DISTRICT LOT 970 SIMILKAMEEN DIVISION YALE DISTRICT PLAN 5312","CaptureMethod":"UNKNOWN","OwnerType":"PRIVATE","Compiled":1,"CreatedDate":"2016-09-20T23:24:06.000Z","ModifiedDate":"2022-01-25T02:29:30.000Z","StatedArea":null,"ErrorReportedBy":"LSA","Municipality":"0163","OBJECTID":49989,"created_user":"SDE","created_date":"2024-11-12T16:15:31.000Z","last_edited_user":"SDE","last_edited_date":"2026-03-25T16:06:10.000Z","Shape__Area":5764.22505775,"Shape__Length":308.09763575038284,"CommonName":null,"SourceGlobalID":"{BCEB3362-28E4-44A3-81E6-CE4F2DB81FA7}","Comments":null,"UpdateStatus":"AUTO","UpdateSource":"PMBC"}},{"type":"Feature","geometry":{"type":"Polygon","coordinates":[[[-118.212446,49.064304],[-118.212798,49.064308],[-118.212974,49.064537],[-118.212807,49.064617],[-118.212446,49.064304]]]},"properties":{"GlobalID":"{7DC7E611-09D4-4D72-A89C-27A086EB11AB}","Name":"007246706","PlanID":"{92311F22-ACA9-4CF5-A25F-7F3BCB011DA2}","PlanNumber":"KAP1922","PIN":null,"PID":7246706,"Designation1":"Lot B","Designation2":null,"Designation3":null,"ParcelStatus":"ACTIVE","RegionalDistrict":"0019","ParcelClass":"SUBDIVISION","SourceParcelID":null,"GeometrySource":"ICF","IsRemainder":"NO","ParcelStartDate":null,"PositionalError":1.37280558,"LegalDescription":"LOT B DISTRICT LOT 2806 SIMILKAMEEN DIVISION YALE DISTRICT PLAN 1922","CaptureMethod":"UNKNOWN","OwnerType":"PRIVATE","Compiled":1,"CreatedDate":"2016-09-20T23:24:06.000Z","ModifiedDate":"2025-10-15T15:02:49.000Z","StatedArea":null,"ErrorReportedBy":"PMBC-OPERATIONS","Municipality":"0163","OBJECTID":49990,"created_user":"SDE","created_date":"2024-11-12T16:15:31.000Z","last_edited_user":"SDE","last_edited_date":"2026-03-25T16:06:10.000Z","Shape__Area":652.83242874,"Shape__Length":112.93449899340328,"CommonName":null,"SourceGlobalID":"{ADBEC007-6EEB-4FB7-A3A8-D5652AFE06BB}","Comments":null,"UpdateStatus":"AUTO","UpdateSource":"PMBC"}},{"type":"Feature","geometry":{"type":"Polygon","coordinates":[[[-118.213172,49.055533],[-118.213216,49.055629],[-118.213254,49.055727],[-118.213288,49.055826],[-118.212797,49.055822],[-118.212978,49.05551],[-118.21314,49.055472],[-118.213172,49.055533]]]},"properties":{"GlobalID":"{E1BF23E3-BF07-475F-B00C-C8C96A2447F2}","Name":"010504681","PlanID":"{F0DB3B36-A152-4C45-B118-275779D2B1D7}","PlanNumber":"NO_PLAN","PIN":null,"PID":10504681,"Designation1":"PART A","Designation2":"970","Designation3":null,"ParcelStatus":"ACTIVE","RegionalDistrict":"0019","ParcelClass":"SUBDIVISION","SourceParcelID":null,"GeometrySource":"ICF","IsRemainder":"NO","ParcelStartDate":null,"PositionalError":2.33945803,"LegalDescription":"THAT PART OF CLOSED ROAD IN DISTRICT LOT 970 SIMILKAMEEN DIVISION YALE DISTRICT SHOWN AS PARCEL A ON PLAN M15013 - LYING ADJACENT TO LOT 1 PLAN 4527","CaptureMethod":"UNKNOWN","OwnerType":"PRIVATE","Compiled":1,"CreatedDate":"2016-09-20T23:24:06.000Z","ModifiedDate":"2022-01-25T02:29:30.000Z","StatedArea":null,"ErrorReportedBy":"LSA","Municipality":"0163","OBJECTID":49991,"created_user":"SDE","created_date":"2024-11-12T16:15:31.000Z","last_edited_user":"SDE","last_edited_date":"2026-03-25T16:06:10.000Z","Shape__Area":899.471913445,"Shape__Length":126.38056372954671,"CommonName":null,"SourceGlobalID":"{1960D6DD-29B1-4B2C-8E86-6AAD0466BA21}","Comments":null,"UpdateStatus":"AUTO","UpdateSource":"PMBC"}},{"type":"Feature","geometry":{"type":"Polygon","coordinates":[[[-118.21189,49.056258],[-118.212333,49.0563],[-118.212277,49.056445],[-118.211883,49.056464],[-118.21189,49.056258]]]},"properties":{"GlobalID":"{A89B69DC-1C31-4E35-994C-C7FD62EE0638}","Name":"010855807","PlanID":"{8DF95B83-6EF1-4A84-BCDA-5AB2BE33BFA1}","PlanNumber":"KAP3426","PIN":null,"PID":10855807,"Designation1":"Lot 2","Designation2":null,"Designation3":null,"ParcelStatus":"ACTIVE","RegionalDistrict":"0019","ParcelClass":"SUBDIVISION","SourceParcelID":null,"GeometrySource":"ICF","IsRemainder":"NO","ParcelStartDate":null,"PositionalError":2.2857427,"LegalDescription":"LOT 2 DISTRICT LOTS 750 AND 970 SIMILKAMEEN DIVISION YALE DISTRICT PLAN 3426","CaptureMethod":"UNKNOWN","OwnerType":"PRIVATE","Compiled":1,"CreatedDate":"2016-09-20T23:24:06.000Z","ModifiedDate":"2025-06-24T10:14:53.000Z","StatedArea":null,"ErrorReportedBy":"LSA","Municipality":"0163","OBJECTID":49992,"created_user":"SDE","created_date":"2024-11-12T16:15:31.000Z","last_edited_user":"SDE","last_edited_date":"2026-03-25T16:06:10.000Z","Shape__Area":600.73018064,"Shape__Length":101.17069709769727,"CommonName":null,"SourceGlobalID":"{71F579BB-907B-4427-A014-684A7053E8DA}","Comments":null,"UpdateStatus":"AUTO","UpdateSource":"PMBC"}},{"type":"Feature","geometry":{"type":"Polygon","coordinates":[[[-118.213032,49.054481],[-118.213106,49.054478],[-118.213475,49.054451],[-118.214022,49.05441],[-118.213989,49.054666],[-118.213577,49.054682],[-118.2136,49.054874],[-118.213282,49.054951],[-118.213189,49.054807],[-118.213048,49.054624],[-118.212874,49.054482],[-118.213032,49.054481]]]},"properties":{"GlobalID":"{6CC4A34E-28D0-4944-908B-98B430812F86}","Name":"026644690","PlanID":"{34FDFCAA-E95C-4D98-9C90-C923834124A4}","PlanNumber":"KAP80728","PIN":null,"PID":26644690,"Designation1":"Lot 4","Designation2":null,"Designation3":null,"ParcelStatus":"ACTIVE","RegionalDistrict":"0019","ParcelClass":"SUBDIVISION","SourceParcelID":null,"GeometrySource":"ICF","IsRemainder":"NO","ParcelStartDate":"2006-04-19T07:00:00.000Z","PositionalError":2.31718214,"LegalDescription":"LOT 4 DISTRICT LOT 970 SIMILKAMEEN DIVISION YALE DISTRICT PLAN KAP80728","CaptureMethod":"UNKNOWN","OwnerType":"PRIVATE","Compiled":1,"CreatedDate":"2016-09-20T23:24:06.000Z","ModifiedDate":"2022-01-25T02:29:30.000Z","StatedArea":null,"ErrorReportedBy":"LSA","Municipality":"0163","OBJECTID":49993,"created_user":"SDE","created_date":"2024-11-12T16:15:31.000Z","last_edited_user":"SDE","last_edited_date":"2026-03-25T16:06:10.000Z","Shape__Area":2668.57976568,"Shape__Length":249.80728689557844,"CommonName":null,"SourceGlobalID":"{58DDC364-ED55-4D55-AC7B-45980D313851}","Comments":null,"UpdateStatus":"AUTO","UpdateSource":"PMBC"}},{"type":"Feature","geometry":{"type":"Polygon","coordinates":[[[-118.21168,49.053485],[-118.211711,49.053479],[-118.212081,49.053799],[-118.212079,49.0538],[-118.212046,49.053809],[-118.212045,49.053809],[-118.21168,49.053485]]]},"properties":{"GlobalID":"{27E8E22B-EA15-4F29-9D42-21FCD876A53E}","Name":"Arterial Highway","PlanID":"{8C727A4E-C957-413C-ABF6-BAA08F434E6E}","PlanNumber":"KAP13621H","PIN":null,"PID":null,"Designation1":null,"Designation2":null,"Designation3":null,"ParcelStatus":"ACTIVE","RegionalDistrict":"0019","ParcelClass":"ROAD","SourceParcelID":null,"GeometrySource":"PMBC-OPERATIONS","IsRemainder":null,"ParcelStartDate":"2021-12-20T08:00:00.000Z","PositionalError":1.6928346,"LegalDescription":null,"CaptureMethod":"UNKNOWN","OwnerType":"CROWN PROVINCIAL","Compiled":0,"CreatedDate":"2021-12-24T17:06:22.000Z","ModifiedDate":"2025-06-24T10:14:53.000Z","StatedArea":null,"ErrorReportedBy":"LSA","Municipality":"0163","OBJECTID":49994,"created_user":"SDE","created_date":"2024-11-12T16:15:31.000Z","last_edited_user":"SDE","last_edited_date":"2026-03-25T16:06:10.000Z","Shape__Area":110.87588855,"Shape__Length":94.79294620912742,"CommonName":null,"SourceGlobalID":"{35AF9311-F63E-4FC9-A4BA-D71260D00135}","Comments":null,"UpdateStatus":"AUTO","UpdateSource":"PMBC"}},{"type":"Feature","geometry":{"type":"Polygon","coordinates":[[[-118.218296,49.061634],[-118.218609,49.061397],[-118.219356,49.061801],[-118.219377,49.061812],[-118.21931,49.061841],[-118.219245,49.061875],[-118.219184,49.061915],[-118.219125,49.061959],[-118.21907,49.062007],[-118.219065,49.062018],[-118.219059,49.062029],[-118.219051,49.062038],[-118.219042,49.062047],[-118.219031,49.062054],[-118.218964,49.062015],[-118.218296,49.061634]]]},"properties":{"GlobalID":"{D3224DDF-023F-47AD-B47F-F0F6C72E311B}","Name":"019101074","PlanID":"{A7B2E093-B4C3-4BBE-97AB-381912DEA424}","PlanNumber":"KAP53896","PIN":null,"PID":19101074,"Designation1":"Lot 2","Designation2":null,"Designation3":null,"ParcelStatus":"ACTIVE","RegionalDistrict":"0019","ParcelClass":"SUBDIVISION","SourceParcelID":null,"GeometrySource":"PMBC-OPERATIONS","IsRemainder":"NO","ParcelStartDate":"1994-12-28T08:00:00.000Z","PositionalError":3.88911988,"LegalDescription":"LOT 2 DISTRICT LOT 970 SIMILKAMEEN DIVISION YALE DISTRICT PLAN KAP53896","CaptureMethod":"COGO","OwnerType":"PRIVATE","Compiled":1,"CreatedDate":"2016-09-20T23:24:06.000Z","ModifiedDate":"2025-07-30T16:01:09.000Z","StatedArea":null,"ErrorReportedBy":"PMBC-OPERATIONS","Municipality":"0163","OBJECTID":49995,"created_user":"SDE","created_date":"2024-11-12T16:15:31.000Z","last_edited_user":"SDE","last_edited_date":"2026-03-25T16:06:10.000Z","Shape__Area":2519.491977915,"Shape__Length":216.15914929788005,"CommonName":null,"SourceGlobalID":"{29FC25DD-5699-428E-A7A0-4409136A11E8}","Comments":null,"UpdateStatus":"AUTO","UpdateSource":"PMBC"}},{"type":"Feature","geometry":{"type":"Polygon","coordinates":[[[-118.211711,49.053479],[-118.212202,49.053232],[-118.212188,49.053734],[-118.212187,49.053753],[-118.212081,49.053799],[-118.211711,49.053479]]]},"properties":{"GlobalID":"{857CBA74-0E53-45CF-BA51-4FF2157F4D80}","Name":"003983897","PlanID":"{DEE2F5A5-7BB5-423C-8729-ADFF9618226A}","PlanNumber":"KAP6204","PIN":null,"PID":3983897,"Designation1":"REM Lot 1","Designation2":null,"Designation3":null,"ParcelStatus":"ACTIVE","RegionalDistrict":"0019","ParcelClass":"SUBDIVISION","SourceParcelID":null,"GeometrySource":"MODIFIED-ICF","IsRemainder":"YES","ParcelStartDate":null,"PositionalError":1.71720185,"LegalDescription":"LOT 1 DISTRICT LOT 750 SIMILKAMEEN DIVISION YALE DISTRICT PLAN 6204 EXCEPT PLANS H13621 AND H738","CaptureMethod":"UNKNOWN","OwnerType":"PRIVATE","Compiled":0,"CreatedDate":"2021-12-24T17:07:01.000Z","ModifiedDate":"2022-01-25T02:29:30.000Z","StatedArea":null,"ErrorReportedBy":"LSA","Municipality":"0163","OBJECTID":49996,"created_user":"SDE","created_date":"2024-11-12T16:15:31.000Z","last_edited_user":"SDE","last_edited_date":"2026-03-25T16:06:10.000Z","Shape__Area":1230.63117825,"Shape__Length":157.06835190857785,"CommonName":null,"SourceGlobalID":"{0FAB2A27-0970-499F-9A9F-94DAABFC1754}","Comments":null,"UpdateStatus":"AUTO","UpdateSource":"PMBC"}},{"type":"Feature","geometry":{"type":"Polygon","coordinates":[[[-118.218983,49.061114],[-118.2191,49.061026],[-118.219911,49.061489],[-118.219997,49.061539],[-118.220024,49.061554],[-118.219974,49.061573],[-118.219921,49.061587],[-118.219867,49.061595],[-118.219851,49.061609],[-118.219804,49.061582],[-118.218983,49.061114]]]},"properties":{"GlobalID":"{6D77B86B-9768-4D0C-8B81-8976D7795C69}","Name":"010892460","PlanID":"{91C62FCA-F93A-4E7C-9ACC-889191DA027F}","PlanNumber":"KAP3079","PIN":null,"PID":10892460,"Designation1":"Lot 2","Designation2":null,"Designation3":null,"ParcelStatus":"ACTIVE","RegionalDistrict":"0019","ParcelClass":"SUBDIVISION","SourceParcelID":null,"GeometrySource":"PMBC-OPERATIONS","IsRemainder":"NO","ParcelStartDate":null,"PositionalError":4.76011397,"LegalDescription":"LOT 2 DISTRICT LOT 970 SIMILKAMEEN DIVISION YALE DISTRICT PLAN 3079","CaptureMethod":"COGO","OwnerType":"PRIVATE","Compiled":1,"CreatedDate":"2016-09-20T23:24:06.000Z","ModifiedDate":"2025-07-30T16:01:09.000Z","StatedArea":null,"ErrorReportedBy":"PMBC-OPERATIONS","Municipality":"0163","OBJECTID":49997,"created_user":"SDE","created_date":"2024-11-12T16:15:31.000Z","last_edited_user":"SDE","last_edited_date":"2026-03-25T16:06:10.000Z","Shape__Area":1123.083827465,"Shape__Length":200.9199569268723,"CommonName":null,"SourceGlobalID":"{2421340D-9D55-454D-85F1-E36747CDD819}","Comments":null,"UpdateStatus":"AUTO","UpdateSource":"PMBC"}},{"type":"Feature","geometry":{"type":"Polygon","coordinates":[[[-118.219857,49.055701],[-118.219859,49.055727],[-118.219886,49.055804],[-118.219891,49.055831],[-118.219894,49.055862],[-118.219905,49.055912],[-118.219907,49.055937],[-118.219903,49.055989],[-118.219905,49.056015],[-118.2199,49.056039],[-118.219866,49.056123],[-118.21985,49.056173],[-118.219829,49.056225],[-118.219823,49.056264],[-118.21817,49.056247],[-118.217123,49.056232],[-118.217136,49.055495],[-118.219827,49.055531],[-118.219829,49.05555],[-118.21982,49.055573],[-118.219857,49.055701]]]},"properties":{"GlobalID":"{829769AA-4B89-4A4E-B9A0-50F013A41FB6}","Name":"014909758","PlanID":"{F0DB3B36-A152-4C45-B118-275779D2B1D7}","PlanNumber":"NO_PLAN","PIN":null,"PID":14909758,"Designation1":"PART 970","Designation2":null,"Designation3":null,"ParcelStatus":"ACTIVE","RegionalDistrict":"0019","ParcelClass":"SUBDIVISION","SourceParcelID":null,"GeometrySource":"ICF","IsRemainder":"NO","ParcelStartDate":null,"PositionalError":5.5796494,"LegalDescription":"THAT PART OF DISTRICT LOT 970 OUTLINED RED ON PLAN DD10595; SIMILKAMEEN DIVISION YALE DISTRICT","CaptureMethod":"UNKNOWN","OwnerType":"PRIVATE","Compiled":1,"CreatedDate":"2016-09-20T23:24:06.000Z","ModifiedDate":"2025-06-24T10:14:53.000Z","StatedArea":null,"ErrorReportedBy":"LSA","Municipality":"0163","OBJECTID":49998,"created_user":"SDE","created_date":"2024-11-12T16:15:31.000Z","last_edited_user":"SDE","last_edited_date":"2026-03-25T16:06:10.000Z","Shape__Area":16375.482552305,"Shape__Length":558.7965743419345,"CommonName":null,"SourceGlobalID":"{466ECDB8-3413-487B-B779-52CAE668A387}","Comments":null,"UpdateStatus":"AUTO","UpdateSource":"PMBC"}},{"type":"Feature","geometry":{"type":"Polygon","coordinates":[[[-118.211638,49.058594],[-118.211552,49.058898],[-118.210681,49.058887],[-118.210646,49.058587],[-118.211638,49.058594]]]},"properties":{"GlobalID":"{CE131293-975E-47FA-9B1C-8F92437BEAA2}","Name":"005977819","PlanID":"{70AE1FAF-25BA-4FDA-9EE3-AAE94B88C1FB}","PlanNumber":"KAP24325","PIN":null,"PID":5977819,"Designation1":"Lot 1","Designation2":null,"Designation3":null,"ParcelStatus":"ACTIVE","RegionalDistrict":"0019","ParcelClass":"SUBDIVISION","SourceParcelID":null,"GeometrySource":"ICF","IsRemainder":"NO","ParcelStartDate":null,"PositionalError":2.61949779,"LegalDescription":"LOT 1 DISTRICT LOT 750 SIMILKAMEEN DIVISION YALE DISTRICT PLAN 24325","CaptureMethod":"UNKNOWN","OwnerType":"PRIVATE","Compiled":1,"CreatedDate":"2016-09-20T23:24:06.000Z","ModifiedDate":"2022-01-25T02:29:30.000Z","StatedArea":null,"ErrorReportedBy":"LSA","Municipality":"0163","OBJECTID":49999,"created_user":"SDE","created_date":"2024-11-12T16:15:31.000Z","last_edited_user":"SDE","last_edited_date":"2026-03-25T16:06:10.000Z","Shape__Area":2287.01796351,"Shape__Length":203.96721528592386,"CommonName":null,"SourceGlobalID":"{CCCB4146-C771-48D1-A6CA-A56680482F9E}","Comments":null,"UpdateStatus":"AUTO","UpdateSource":"PMBC"}},{"type":"Feature","geometry":{"type":"Polygon","coordinates":[[[-118.212188,49.053734],[-118.212202,49.053232],[-118.212707,49.053483],[-118.212696,49.053495],[-118.212686,49.05351],[-118.21268,49.053525],[-118.212676,49.053542],[-118.212674,49.053559],[-118.212676,49.053576],[-118.21268,49.053592],[-118.212313,49.053831],[-118.212188,49.053734]]]},"properties":{"GlobalID":"{A60E4566-2278-4EA2-B20D-6A7CE6308BE7}","Name":"004076184","PlanID":"{59A23AA5-0266-46F5-AE0F-83463EB87B25}","PlanNumber":"KAP29184","PIN":null,"PID":4076184,"Designation1":"Lot 12","Designation2":null,"Designation3":null,"ParcelStatus":"ACTIVE","RegionalDistrict":"0019","ParcelClass":"SUBDIVISION","SourceParcelID":null,"GeometrySource":"MODIFIED-ICF","IsRemainder":"NO","ParcelStartDate":null,"PositionalError":2.0593952,"LegalDescription":"LOT 12 DISTRICT LOT 970 SIMILKAMEEN DIVISION YALE DISTRICT PLAN 29184","CaptureMethod":"UNKNOWN","OwnerType":"PRIVATE","Compiled":1,"CreatedDate":"2016-09-20T23:24:06.000Z","ModifiedDate":"2025-06-24T10:14:53.000Z","StatedArea":null,"ErrorReportedBy":"LSA","Municipality":"0163","OBJECTID":50000,"created_user":"SDE","created_date":"2024-11-12T16:15:31.000Z","last_edited_user":"SDE","last_edited_date":"2026-03-25T16:06:10.000Z","Shape__Area":1504.003164465,"Shape__Length":166.62314458609035,"CommonName":null,"SourceGlobalID":"{372786EC-8054-4BF7-BC49-6F4CE307FC7E}","Comments":null,"UpdateStatus":"AUTO","UpdateSource":"PMBC"}},{"type":"Feature","geometry":{"type":"Polygon","coordinates":[[[-118.217453,49.055364],[-118.217037,49.055357],[-118.216846,49.054647],[-118.217192,49.054654],[-118.217453,49.055364]]]},"properties":{"GlobalID":"{59F5639B-10F1-4D52-89E6-347C586D4577}","Name":"001794701","PlanID":"{B3167CFF-F2E1-43AA-AC94-4F66C1542C13}","PlanNumber":"KAP29415","PIN":null,"PID":1794701,"Designation1":"Lot 4","Designation2":null,"Designation3":null,"ParcelStatus":"ACTIVE","RegionalDistrict":"0019","ParcelClass":"SUBDIVISION","SourceParcelID":null,"GeometrySource":"ICF","IsRemainder":"NO","ParcelStartDate":null,"PositionalError":1.36543862,"LegalDescription":"LOT 4 DISTRICT LOT 970 SIMILKAMEEN DIVISION YALE DISTRICT PLAN 29415","CaptureMethod":"UNKNOWN","OwnerType":"PRIVATE","Compiled":1,"CreatedDate":"2016-09-20T23:24:06.000Z","ModifiedDate":"2022-01-25T02:29:30.000Z","StatedArea":null,"ErrorReportedBy":"LSA","Municipality":"0163","OBJECTID":50001,"created_user":"SDE","created_date":"2024-11-12T16:15:31.000Z","last_edited_user":"SDE","last_edited_date":"2026-03-25T16:06:10.000Z","Shape__Area":2184.94946975,"Shape__Length":217.0333399796572,"CommonName":null,"SourceGlobalID":"{49644D32-3009-4AA6-B735-75CBB1FE40BE}","Comments":null,"UpdateStatus":"AUTO","UpdateSource":"PMBC"}},{"type":"Feature","geometry":{"type":"Polygon","coordinates":[[[-118.210564,49.056572],[-118.210584,49.056133],[-118.21059,49.055993],[-118.210777,49.056012],[-118.211194,49.056054],[-118.211195,49.056054],[-118.211355,49.05607],[-118.211251,49.056179],[-118.211251,49.05618],[-118.211052,49.05639],[-118.211343,49.056383],[-118.211343,49.056383],[-118.211669,49.056375],[-118.211713,49.056595],[-118.211468,49.056658],[-118.211467,49.056658],[-118.211404,49.056675],[-118.21133,49.056756],[-118.21125,49.056843],[-118.210933,49.056718],[-118.21062,49.056594],[-118.210564,49.056572]]]},"properties":{"GlobalID":"{7986C4F9-0615-4DA1-8390-5731926CD149}","Name":"030982481","PlanID":"{A502C5F1-1364-411F-86E0-BA2D2CB37E47}","PlanNumber":"EPP96258","PIN":null,"PID":30982481,"Designation1":"Lot B","Designation2":null,"Designation3":null,"ParcelStatus":"ACTIVE","RegionalDistrict":"0019","ParcelClass":"SUBDIVISION","SourceParcelID":null,"GeometrySource":"SPDS","IsRemainder":null,"ParcelStartDate":"2019-11-29T08:00:00.000Z","PositionalError":0.0579939,"LegalDescription":"LOT B DISTRICT LOT 750 SIMILKAMEEN DIVISION YALE DISTRICT PLAN EPP96258","CaptureMethod":"SPDS","OwnerType":"PRIVATE","Compiled":0,"CreatedDate":"2019-12-27T23:17:26.000Z","ModifiedDate":"2025-06-24T10:14:53.000Z","StatedArea":"4708","ErrorReportedBy":"LSA","Municipality":"0163","OBJECTID":50002,"created_user":"SDE","created_date":"2024-11-12T16:15:31.000Z","last_edited_user":"SDE","last_edited_date":"2026-03-25T16:06:10.000Z","Shape__Area":4701.932129515,"Shape__Length":337.0800452590162,"CommonName":null,"SourceGlobalID":"{218268BF-9CDA-43EA-B28D-7C83270DB3B6}","Comments":null,"UpdateStatus":"AUTO","UpdateSource":"PMBC"}},{"type":"Feature","geometry":{"type":"Polygon","coordinates":[[[-118.212874,49.054482],[-118.212776,49.054486],[-118.21244,49.054214],[-118.212769,49.054214],[-118.213031,49.054217],[-118.213032,49.054481],[-118.212874,49.054482]]]},"properties":{"GlobalID":"{994911B6-1465-4D1D-BD7F-07153957B34B}","Name":"014911086","PlanID":"{F0DB3B36-A152-4C45-B118-275779D2B1D7}","PlanNumber":"NO_PLAN","PIN":null,"PID":14911086,"Designation1":"A","Designation2":"970","Designation3":null,"ParcelStatus":"ACTIVE","RegionalDistrict":"0019","ParcelClass":"SUBDIVISION","SourceParcelID":null,"GeometrySource":"ICF","IsRemainder":"NO","ParcelStartDate":null,"PositionalError":2.49857153,"LegalDescription":"PARCEL A (PLAN B5696) OF DISTRICT LOT 970 SIMILKAMEEN DIVISION YALE DISTRICT","CaptureMethod":"UNKNOWN","OwnerType":"PRIVATE","Compiled":1,"CreatedDate":"2016-09-20T23:24:06.000Z","ModifiedDate":"2022-01-25T02:29:30.000Z","StatedArea":null,"ErrorReportedBy":"LSA","Municipality":"0163","OBJECTID":50003,"created_user":"SDE","created_date":"2024-11-12T16:15:31.000Z","last_edited_user":"SDE","last_edited_date":"2026-03-25T16:06:10.000Z","Shape__Area":926.395816325,"Shape__Length":130.29945211680274,"CommonName":null,"SourceGlobalID":"{FCDB4FEB-E701-43A3-B440-A8FA14FB2A9F}","Comments":null,"UpdateStatus":"AUTO","UpdateSource":"PMBC"}},{"type":"Feature","geometry":{"type":"Polygon","coordinates":[[[-118.220006,49.057027],[-118.219999,49.057048],[-118.219722,49.057042],[-118.219144,49.05703],[-118.218188,49.057016],[-118.218183,49.056817],[-118.219997,49.056829],[-118.22,49.056839],[-118.220065,49.056856],[-118.220062,49.056872],[-118.220058,49.056888],[-118.220051,49.056902],[-118.22005,49.056918],[-118.220047,49.056933],[-118.220042,49.056948],[-118.220006,49.057027]]]},"properties":{"GlobalID":"{2DEC5780-1C99-4B5F-9AAE-3C92CFA6C71E}","Name":"014911141","PlanID":"{F0DB3B36-A152-4C45-B118-275779D2B1D7}","PlanNumber":"NO_PLAN","PIN":null,"PID":14911141,"Designation1":"A","Designation2":"970","Designation3":null,"ParcelStatus":"ACTIVE","RegionalDistrict":"0019","ParcelClass":"SUBDIVISION","SourceParcelID":null,"GeometrySource":"ICF","IsRemainder":"NO","ParcelStartDate":null,"PositionalError":4.60131763,"LegalDescription":"PARCEL A (DD 152208F AND PLAN B6999) OF DISTRICT LOT 970 SIMILKAMEEN DIVISION YALE DISTRICT","CaptureMethod":"UNKNOWN","OwnerType":"PRIVATE","Compiled":1,"CreatedDate":"2016-09-20T23:24:06.000Z","ModifiedDate":"2022-01-25T02:29:30.000Z","StatedArea":null,"ErrorReportedBy":"LSA","Municipality":"0163","OBJECTID":50004,"created_user":"SDE","created_date":"2024-11-12T16:15:31.000Z","last_edited_user":"SDE","last_edited_date":"2026-03-25T16:06:10.000Z","Shape__Area":3118.076889845,"Shape__Length":315.2764262561338,"CommonName":null,"SourceGlobalID":"{2D318920-7667-4D90-96FC-A4C92ADE0E97}","Comments":null,"UpdateStatus":"AUTO","UpdateSource":"PMBC"}},{"type":"Feature","geometry":{"type":"Polygon","coordinates":[[[-118.212712,49.064982],[-118.212832,49.065126],[-118.212777,49.065124],[-118.212616,49.064979],[-118.212712,49.064982]]]},"properties":{"GlobalID":"{4168F1CA-9094-419B-A33E-48260537B884}","Name":"Arterial Highway","PlanID":"{92311F22-ACA9-4CF5-A25F-7F3BCB011DA2}","PlanNumber":"KAP1922","PIN":null,"PID":null,"Designation1":null,"Designation2":null,"Designation3":null,"ParcelStatus":"ACTIVE","RegionalDistrict":"0019","ParcelClass":"ROAD","SourceParcelID":null,"GeometrySource":"PMBC-OPERATIONS","IsRemainder":"YES","ParcelStartDate":"2021-12-20T08:00:00.000Z","PositionalError":3.67185,"LegalDescription":null,"CaptureMethod":"UNKNOWN","OwnerType":"CROWN PROVINCIAL","Compiled":0,"CreatedDate":"2021-12-21T18:26:26.000Z","ModifiedDate":"2022-01-25T02:29:30.000Z","StatedArea":"85.74","ErrorReportedBy":"LSA","Municipality":"0163","OBJECTID":50005,"created_user":"SDE","created_date":"2024-11-12T16:15:31.000Z","last_edited_user":"SDE","last_edited_date":"2026-03-25T16:06:10.000Z","Shape__Area":85.717186065,"Shape__Length":49.172524734833615,"CommonName":null,"SourceGlobalID":"{BFC1EBB1-6A5B-4A68-BA53-6DDB30728DF6}","Comments":null,"UpdateStatus":"AUTO","UpdateSource":"PMBC"}},{"type":"Feature","geometry":{"type":"Polygon","coordinates":[[[-118.214152,49.055839],[-118.214152,49.055826],[-118.214883,49.055833],[-118.214872,49.056165],[-118.214136,49.056157],[-118.214147,49.055925],[-118.214152,49.055839]]]},"properties":{"GlobalID":"{A94385AD-F6EB-4551-8ABA-376151076573}","Name":"027334392","PlanID":"{5AB94684-5526-49A7-813C-36D933958F3C}","PlanNumber":"KAP85568","PIN":null,"PID":27334392,"Designation1":"Lot 2","Designation2":null,"Designation3":null,"ParcelStatus":"ACTIVE","RegionalDistrict":"0019","ParcelClass":"SUBDIVISION","SourceParcelID":null,"GeometrySource":"ICF","IsRemainder":"NO","ParcelStartDate":"2007-12-18T08:00:00.000Z","PositionalError":2.659889,"LegalDescription":"LOT 2 DISTRICT LOT 970 SIMILKAMEEN DIVISION YALE DISTRICT PLAN KAP85568","CaptureMethod":"UNKNOWN","OwnerType":"PRIVATE","Compiled":1,"CreatedDate":"2016-09-20T23:24:06.000Z","ModifiedDate":"2025-06-24T10:14:53.000Z","StatedArea":null,"ErrorReportedBy":"LSA","Municipality":"0163","OBJECTID":50006,"created_user":"SDE","created_date":"2024-11-12T16:15:31.000Z","last_edited_user":"SDE","last_edited_date":"2026-03-25T16:06:10.000Z","Shape__Area":1976.614228535,"Shape__Length":180.9522697021628,"CommonName":null,"SourceGlobalID":"{02C7EA61-8AFE-4C4A-93FA-A64C159315F6}","Comments":null,"UpdateStatus":"AUTO","UpdateSource":"PMBC"}},{"type":"Feature","geometry":{"type":"Polygon","coordinates":[[[-118.2191,49.061026],[-118.219382,49.060807],[-118.220289,49.061324],[-118.220255,49.061357],[-118.22021,49.061397],[-118.220162,49.061434],[-118.22011,49.061465],[-118.220039,49.061513],[-118.219997,49.061539],[-118.219911,49.061489],[-118.2191,49.061026]]]},"properties":{"GlobalID":"{A14E4278-3889-4476-A0E4-221B817BA925}","Name":"003935736","PlanID":"{24839581-9D26-4FB6-82BF-0A814789CE74}","PlanNumber":"KAP3371B","PIN":null,"PID":3935736,"Designation1":"PART 970","Designation2":null,"Designation3":null,"ParcelStatus":"ACTIVE","RegionalDistrict":"0019","ParcelClass":"SUBDIVISION","SourceParcelID":null,"GeometrySource":"PMBC-OPERATIONS","IsRemainder":"NO","ParcelStartDate":"1928-05-26T08:00:00.000Z","PositionalError":4.04279407,"LegalDescription":"THAT PART OF DISTRICT LOT 970 SHOWN ON PLAN B3371 SIMILKAMEEN DIVISION YALE DISTRICT","CaptureMethod":"COGO","OwnerType":"PRIVATE","Compiled":1,"CreatedDate":"2016-09-20T23:24:06.000Z","ModifiedDate":"2025-07-30T16:01:09.000Z","StatedArea":null,"ErrorReportedBy":"PMBC-OPERATIONS","Municipality":"0163","OBJECTID":50007,"created_user":"SDE","created_date":"2024-11-12T16:15:31.000Z","last_edited_user":"SDE","last_edited_date":"2026-03-25T16:06:10.000Z","Shape__Area":2812.03745928,"Shape__Length":238.67147879672447,"CommonName":null,"SourceGlobalID":"{FAC0B062-062C-467B-8CC6-82F0D3F075E2}","Comments":null,"UpdateStatus":"AUTO","UpdateSource":"PMBC"}},{"type":"Feature","geometry":{"type":"Polygon","coordinates":[[[-118.213458,49.053649],[-118.213373,49.054216],[-118.213298,49.054216],[-118.213073,49.054216],[-118.213189,49.053645],[-118.213458,49.053649]]]},"properties":{"GlobalID":"{4133722E-A936-4140-8C06-5FEAF6943352}","Name":"004376072","PlanID":"{59A23AA5-0266-46F5-AE0F-83463EB87B25}","PlanNumber":"KAP29184","PIN":null,"PID":4376072,"Designation1":"Lot 9","Designation2":null,"Designation3":null,"ParcelStatus":"ACTIVE","RegionalDistrict":"0019","ParcelClass":"SUBDIVISION","SourceParcelID":null,"GeometrySource":"ICF","IsRemainder":"NO","ParcelStartDate":null,"PositionalError":2.57200853,"LegalDescription":"LOT 9 DISTRICT LOT 970 SIMILKAMEEN DIVISION YALE DISTRICT PLAN 29184","CaptureMethod":"UNKNOWN","OwnerType":"PRIVATE","Compiled":1,"CreatedDate":"2016-09-20T23:24:06.000Z","ModifiedDate":"2022-01-25T02:29:30.000Z","StatedArea":null,"ErrorReportedBy":"LSA","Municipality":"0163","OBJECTID":50008,"created_user":"SDE","created_date":"2024-11-12T16:15:31.000Z","last_edited_user":"SDE","last_edited_date":"2026-03-25T16:06:10.000Z","Shape__Area":1316.390757015,"Shape__Length":168.97960552728208,"CommonName":null,"SourceGlobalID":"{EA54DC8A-F8E5-4264-A417-8DC9828823B3}","Comments":null,"UpdateStatus":"AUTO","UpdateSource":"PMBC"}},{"type":"Feature","geometry":{"type":"Polygon","coordinates":[[[-118.219128,49.057264],[-118.219132,49.057428],[-118.218198,49.057413],[-118.218184,49.057253],[-118.2191,49.057264],[-118.219128,49.057264]]]},"properties":{"GlobalID":"{9F973F97-C022-4035-9D49-FC3822CC8B80}","Name":"001561871","PlanID":"{EDB22420-62D2-40F5-9028-63723B738194}","PlanNumber":"KAP33365","PIN":null,"PID":1561871,"Designation1":"Lot B","Designation2":null,"Designation3":null,"ParcelStatus":"ACTIVE","RegionalDistrict":"0019","ParcelClass":"SUBDIVISION","SourceParcelID":null,"GeometrySource":"ICF","IsRemainder":"NO","ParcelStartDate":null,"PositionalError":3.451539,"LegalDescription":"LOT B DISTRICT LOT 970 SIMILKAMEEN DIVISION YALE DISTRICT PLAN 33365","CaptureMethod":"UNKNOWN","OwnerType":"PRIVATE","Compiled":1,"CreatedDate":"2016-09-20T23:24:06.000Z","ModifiedDate":"2022-01-25T02:29:30.000Z","StatedArea":null,"ErrorReportedBy":"LSA","Municipality":"0163","OBJECTID":50009,"created_user":"SDE","created_date":"2024-11-12T16:15:31.000Z","last_edited_user":"SDE","last_edited_date":"2026-03-25T16:06:10.000Z","Shape__Area":1233.029414085,"Shape__Length":173.34882597057506,"CommonName":null,"SourceGlobalID":"{4CF763A1-82DA-4BE0-A12C-C26C21ECA6E2}","Comments":null,"UpdateStatus":"AUTO","UpdateSource":"PMBC"}},{"type":"Feature","geometry":{"type":"Polygon","coordinates":[[[-118.215136,49.053523],[-118.215144,49.052927],[-118.215397,49.052931],[-118.215382,49.053541],[-118.215136,49.053523]]]},"properties":{"GlobalID":"{6EA02C8B-9DCB-440D-BA9D-8B00664964E5}","Name":"004376153","PlanID":"{59A23AA5-0266-46F5-AE0F-83463EB87B25}","PlanNumber":"KAP29184","PIN":null,"PID":4376153,"Designation1":"Lot 19","Designation2":null,"Designation3":null,"ParcelStatus":"ACTIVE","RegionalDistrict":"0019","ParcelClass":"SUBDIVISION","SourceParcelID":null,"GeometrySource":"ICF","IsRemainder":"NO","ParcelStartDate":null,"PositionalError":2.182724,"LegalDescription":"LOT 19 DISTRICT LOT 970 SIMILKAMEEN DIVISION YALE DISTRICT PLAN 29184","CaptureMethod":"UNKNOWN","OwnerType":"PRIVATE","Compiled":1,"CreatedDate":"2016-09-20T23:24:06.000Z","ModifiedDate":"2025-06-24T10:14:53.000Z","StatedArea":null,"ErrorReportedBy":"LSA","Municipality":"0163","OBJECTID":50010,"created_user":"SDE","created_date":"2024-11-12T16:15:31.000Z","last_edited_user":"SDE","last_edited_date":"2026-03-25T16:06:10.000Z","Shape__Area":1222.06744754,"Shape__Length":170.54191410592293,"CommonName":null,"SourceGlobalID":"{33B613D2-41C5-436B-A263-E8CCE1CC2D47}","Comments":null,"UpdateStatus":"AUTO","UpdateSource":"PMBC"}},{"type":"Feature","geometry":{"type":"Polygon","coordinates":[[[-118.21189,49.056258],[-118.211817,49.056252],[-118.211826,49.056118],[-118.211355,49.05607],[-118.211195,49.056054],[-118.211194,49.056054],[-118.210777,49.056012],[-118.21059,49.055993],[-118.210604,49.055675],[-118.210801,49.055695],[-118.211043,49.055719],[-118.211044,49.055719],[-118.212101,49.055826],[-118.212108,49.055826],[-118.212095,49.056148],[-118.212391,49.05615],[-118.212333,49.0563],[-118.21189,49.056258]]]},"properties":{"GlobalID":"{1E9BF560-A9C9-4FAD-BD68-A0055B1B8B3D}","Name":"010855823","PlanID":"{8DF95B83-6EF1-4A84-BCDA-5AB2BE33BFA1}","PlanNumber":"KAP3426","PIN":null,"PID":10855823,"Designation1":"Lot 3","Designation2":null,"Designation3":null,"ParcelStatus":"ACTIVE","RegionalDistrict":"0019","ParcelClass":"SUBDIVISION","SourceParcelID":null,"GeometrySource":"ICF","IsRemainder":"NO","ParcelStartDate":null,"PositionalError":1.6739927,"LegalDescription":"LOT 3 DISTRICT LOTS 750 AND 970 SIMILKAMEEN DIVISION YALE DISTRICT PLAN 3426","CaptureMethod":"UNKNOWN","OwnerType":"PRIVATE","Compiled":1,"CreatedDate":"2016-09-20T23:24:06.000Z","ModifiedDate":"2025-06-24T10:14:53.000Z","StatedArea":null,"ErrorReportedBy":"LSA","Municipality":"0163","OBJECTID":50011,"created_user":"SDE","created_date":"2024-11-12T16:15:31.000Z","last_edited_user":"SDE","last_edited_date":"2026-03-25T16:06:10.000Z","Shape__Area":4508.924929345,"Shape__Length":365.50754394424837,"CommonName":null,"SourceGlobalID":"{266178CA-344D-43C5-9E23-564F66647F2B}","Comments":null,"UpdateStatus":"AUTO","UpdateSource":"PMBC"}},{"type":"Feature","geometry":{"type":"Polygon","coordinates":[[[-118.212127,49.05537],[-118.212127,49.055357],[-118.212832,49.055349],[-118.212735,49.055523],[-118.212121,49.055515],[-118.212127,49.05537]]]},"properties":{"GlobalID":"{81001B5D-9175-4512-97C1-99E58FC05CC8}","Name":"004235576","PlanID":"{A86B54DE-69F7-4FC0-97CA-7A10772B9869}","PlanNumber":"KAP14994","PIN":null,"PID":4235576,"Designation1":"Lot A","Designation2":null,"Designation3":null,"ParcelStatus":"ACTIVE","RegionalDistrict":"0019","ParcelClass":"SUBDIVISION","SourceParcelID":null,"GeometrySource":"ICF","IsRemainder":"NO","ParcelStartDate":null,"PositionalError":1.3908748,"LegalDescription":"LOT A DISTRICT LOT 970 SIMILKAMEEN DIVISION YALE DISTRICT PLAN 14994","CaptureMethod":"UNKNOWN","OwnerType":"PRIVATE","Compiled":1,"CreatedDate":"2016-09-20T23:24:06.000Z","ModifiedDate":"2025-06-24T10:14:53.000Z","StatedArea":null,"ErrorReportedBy":"LSA","Municipality":"0163","OBJECTID":50012,"created_user":"SDE","created_date":"2024-11-12T16:15:31.000Z","last_edited_user":"SDE","last_edited_date":"2026-03-25T16:06:10.000Z","Shape__Area":887.51108366,"Shape__Length":134.48506709652693,"CommonName":null,"SourceGlobalID":"{49E995A7-EB91-4A01-95FA-7C9586BD759E}","Comments":null,"UpdateStatus":"AUTO","UpdateSource":"PMBC"}},{"type":"Feature","geometry":{"type":"Polygon","coordinates":[[[-118.215615,49.055838],[-118.215602,49.056175],[-118.214872,49.056165],[-118.214883,49.055833],[-118.215615,49.055838]]]},"properties":{"GlobalID":"{985D29F4-EFC1-4F44-B796-E021BCB48002}","Name":"027334384","PlanID":"{5AB94684-5526-49A7-813C-36D933958F3C}","PlanNumber":"KAP85568","PIN":null,"PID":27334384,"Designation1":"Lot 1","Designation2":null,"Designation3":null,"ParcelStatus":"ACTIVE","RegionalDistrict":"0019","ParcelClass":"SUBDIVISION","SourceParcelID":null,"GeometrySource":"ICF","IsRemainder":"NO","ParcelStartDate":"2007-12-18T08:00:00.000Z","PositionalError":2.7147211,"LegalDescription":"LOT 1 DISTRICT LOT 970 SIMILKAMEEN DIVISION YALE DISTRICT PLAN KAP85568","CaptureMethod":"UNKNOWN","OwnerType":"PRIVATE","Compiled":1,"CreatedDate":"2016-09-20T23:24:06.000Z","ModifiedDate":"2022-01-25T02:29:30.000Z","StatedArea":null,"ErrorReportedBy":"LSA","Municipality":"0163","OBJECTID":50013,"created_user":"SDE","created_date":"2024-11-12T16:15:31.000Z","last_edited_user":"SDE","last_edited_date":"2026-03-25T16:06:10.000Z","Shape__Area":1987.079429175,"Shape__Length":181.24841307483297,"CommonName":null,"SourceGlobalID":"{BB025B48-94F9-4E25-A7D4-0D2F906374AA}","Comments":null,"UpdateStatus":"AUTO","UpdateSource":"PMBC"}},{"type":"Feature","geometry":{"type":"Polygon","coordinates":[[[-118.21924,49.055442],[-118.219239,49.055264],[-118.219843,49.055275],[-118.219839,49.055322],[-118.21983,49.05538],[-118.219836,49.055404],[-118.21984,49.055429],[-118.219826,49.055454],[-118.21924,49.055442]]]},"properties":{"GlobalID":"{5F222575-69FC-4DEA-B672-63AF2C4B4AD7}","Name":"007665377","PlanID":"{F0DB3B36-A152-4C45-B118-275779D2B1D7}","PlanNumber":"NO_PLAN","PIN":null,"PID":7665377,"Designation1":"PART 970","Designation2":null,"Designation3":null,"ParcelStatus":"ACTIVE","RegionalDistrict":"0019","ParcelClass":"SUBDIVISION","SourceParcelID":null,"GeometrySource":"ICF","IsRemainder":"NO","ParcelStartDate":null,"PositionalError":3.05351046,"LegalDescription":"THAT PART OF DISTRICT LOT 970 SHOWN ON PLAN B425 SIMILKAMEEN DIVISION YALE DISTRICT","CaptureMethod":"UNKNOWN","OwnerType":"PRIVATE","Compiled":1,"CreatedDate":"2016-09-20T23:24:06.000Z","ModifiedDate":"2022-01-25T02:29:30.000Z","StatedArea":null,"ErrorReportedBy":"LSA","Municipality":"0163","OBJECTID":50014,"created_user":"SDE","created_date":"2024-11-12T16:15:31.000Z","last_edited_user":"SDE","last_edited_date":"2026-03-25T16:06:10.000Z","Shape__Area":866.868495425,"Shape__Length":127.02317036685892,"CommonName":null,"SourceGlobalID":"{3B19106D-864F-46E9-8035-4C2C4DFF0318}","Comments":null,"UpdateStatus":"AUTO","UpdateSource":"PMBC"}},{"type":"Feature","geometry":{"type":"Polygon","coordinates":[[[-118.208685,49.062657],[-118.210737,49.062631],[-118.211803,49.062618],[-118.211698,49.062699],[-118.211673,49.063469],[-118.208537,49.063478],[-118.208531,49.063445],[-118.20852,49.063388],[-118.208701,49.062878],[-118.208628,49.062659],[-118.208685,49.062657]]]},"properties":{"GlobalID":"{29AF6122-1949-4C60-8F2A-9FD0A880B321}","Name":"009491538","PlanID":"{6B5CAF05-E047-4448-98E6-3B988D5D922A}","PlanNumber":"KAP11302","PIN":null,"PID":9491538,"Designation1":"Lot B","Designation2":null,"Designation3":null,"ParcelStatus":"ACTIVE","RegionalDistrict":"0019","ParcelClass":"SUBDIVISION","SourceParcelID":null,"GeometrySource":"ICF","IsRemainder":"NO","ParcelStartDate":null,"PositionalError":3.0046713,"LegalDescription":"LOT B DISTRICT LOT 750 SIMILKAMEEN DIVISION YALE DISTRICT PLAN 11302","CaptureMethod":"UNKNOWN","OwnerType":"PRIVATE","Compiled":1,"CreatedDate":"2016-09-20T23:24:06.000Z","ModifiedDate":"2025-10-15T15:02:49.000Z","StatedArea":null,"ErrorReportedBy":"LSA","Municipality":"0163","OBJECTID":50015,"created_user":"SDE","created_date":"2024-11-12T16:15:31.000Z","last_edited_user":"SDE","last_edited_date":"2026-03-25T16:06:10.000Z","Shape__Area":20848.7407615,"Shape__Length":651.8103752102078,"CommonName":null,"SourceGlobalID":"{444E3A72-C69B-4CA5-A108-759B53B936BD}","Comments":null,"UpdateStatus":"AUTO","UpdateSource":"PMBC"}},{"type":"Feature","geometry":{"type":"Polygon","coordinates":[[[-118.214508,49.064287],[-118.214517,49.063979],[-118.214524,49.06373],[-118.214954,49.063738],[-118.214948,49.06381],[-118.21494,49.064318],[-118.214887,49.064314],[-118.214842,49.064314],[-118.21476,49.064321],[-118.214684,49.064317],[-118.214568,49.064299],[-118.214535,49.06429],[-118.214508,49.064287]]]},"properties":{"GlobalID":"{7ED41296-3C27-4AAF-BA8D-56A76708C446}","Name":"001904451","PlanID":"{80170861-2987-4E97-A0C4-719EE8E42C70}","PlanNumber":"KAP2057","PIN":null,"PID":1904451,"Designation1":"Lot 2","Designation2":null,"Designation3":null,"ParcelStatus":"ACTIVE","RegionalDistrict":"0019","ParcelClass":"SUBDIVISION","SourceParcelID":null,"GeometrySource":"ICF","IsRemainder":"NO","ParcelStartDate":null,"PositionalError":4.4718925,"LegalDescription":"LOT 2 DISTRICT LOT 970 SIMILKAMEEN DIVISION YALE DISTRICT PLAN 2057","CaptureMethod":"UNKNOWN","OwnerType":"PRIVATE","Compiled":1,"CreatedDate":"2016-09-20T23:24:06.000Z","ModifiedDate":"2025-10-15T15:02:49.000Z","StatedArea":null,"ErrorReportedBy":"LSA","Municipality":"0163","OBJECTID":50016,"created_user":"SDE","created_date":"2024-11-12T16:15:31.000Z","last_edited_user":"SDE","last_edited_date":"2026-03-25T16:06:10.000Z","Shape__Area":2011.40028225,"Shape__Length":189.988220969782,"CommonName":null,"SourceGlobalID":"{A7A4A9E8-640F-40F9-B5F7-DEDF9261F2E7}","Comments":null,"UpdateStatus":"AUTO","UpdateSource":"PMBC"}},{"type":"Feature","geometry":{"type":"Polygon","coordinates":[[[-118.213931,49.053656],[-118.213901,49.054218],[-118.21387,49.054218],[-118.213636,49.054217],[-118.213685,49.053652],[-118.213931,49.053656]]]},"properties":{"GlobalID":"{FC95F0BB-1D5D-41FF-84D9-84FFE2BD8604}","Name":"004376056","PlanID":"{59A23AA5-0266-46F5-AE0F-83463EB87B25}","PlanNumber":"KAP29184","PIN":null,"PID":4376056,"Designation1":"Lot 7","Designation2":null,"Designation3":null,"ParcelStatus":"ACTIVE","RegionalDistrict":"0019","ParcelClass":"SUBDIVISION","SourceParcelID":null,"GeometrySource":"ICF","IsRemainder":"NO","ParcelStartDate":null,"PositionalError":3.07554156,"LegalDescription":"LOT 7 DISTRICT LOT 970 SIMILKAMEEN DIVISION YALE DISTRICT PLAN 29184","CaptureMethod":"UNKNOWN","OwnerType":"PRIVATE","Compiled":1,"CreatedDate":"2016-09-20T23:24:06.000Z","ModifiedDate":"2022-01-25T02:29:30.000Z","StatedArea":null,"ErrorReportedBy":"LSA","Municipality":"0163","OBJECTID":50017,"created_user":"SDE","created_date":"2024-11-12T16:15:31.000Z","last_edited_user":"SDE","last_edited_date":"2026-03-25T16:06:10.000Z","Shape__Area":1168.11684565,"Shape__Length":162.65339941833713,"CommonName":null,"SourceGlobalID":"{AF7A8CDF-5B39-4A7C-9F44-4F1BCD6C2D3B}","Comments":null,"UpdateStatus":"AUTO","UpdateSource":"PMBC"}},{"type":"Feature","geometry":{"type":"Polygon","coordinates":[[[-118.203531,49.063647],[-118.203528,49.062161],[-118.203582,49.062227],[-118.203633,49.062297],[-118.204127,49.063127],[-118.204234,49.06331],[-118.204859,49.064372],[-118.204229,49.064386],[-118.203972,49.064392],[-118.203531,49.063647]]]},"properties":{"GlobalID":"{9AF26F62-8921-40DC-9AEB-A700362CE7FD}","Name":"011119845","PlanID":"{77506DF5-E499-4240-8E97-81AB0068DC8A}","PlanNumber":"KAP2164","PIN":null,"PID":11119845,"Designation1":"Lot 9","Designation2":null,"Designation3":null,"ParcelStatus":"ACTIVE","RegionalDistrict":"0019","ParcelClass":"SUBDIVISION","SourceParcelID":null,"GeometrySource":"ICF","IsRemainder":"NO","ParcelStartDate":null,"PositionalError":3.7544321,"LegalDescription":"LOT 9 DISTRICT LOT 750 SIMILKAMEEN DIVISION YALE DISTRICT PLAN 2164","CaptureMethod":"UNKNOWN","OwnerType":"CROWN PROVINCIAL","Compiled":1,"CreatedDate":"2016-09-20T23:24:06.000Z","ModifiedDate":"2025-06-24T10:14:53.000Z","StatedArea":null,"ErrorReportedBy":"LSA","Municipality":"0163","OBJECTID":50018,"created_user":"SDE","created_date":"2024-11-12T16:15:31.000Z","last_edited_user":"SDE","last_edited_date":"2026-03-25T16:06:10.000Z","Shape__Area":10964.711851185,"Shape__Length":583.3964608495368,"CommonName":null,"SourceGlobalID":"{B7EB79BA-03CF-4567-BF25-13535189DDF3}","Comments":null,"UpdateStatus":"AUTO","UpdateSource":"PMBC"}},{"type":"Feature","geometry":{"type":"Polygon","coordinates":[[[-118.212798,49.063704],[-118.213111,49.063706],[-118.213087,49.064251],[-118.212773,49.064243],[-118.212798,49.063704]]]},"properties":{"GlobalID":"{83ABCCDF-EE39-4CA4-8BE5-608E04013BDD}","Name":"010380060","PlanID":"{E48A2E57-AA64-46DF-BEBB-6644BC6DD7D9}","PlanNumber":"KAP5123","PIN":null,"PID":10380060,"Designation1":"Lot 2","Designation2":null,"Designation3":null,"ParcelStatus":"ACTIVE","RegionalDistrict":"0019","ParcelClass":"SUBDIVISION","SourceParcelID":null,"GeometrySource":"ICF","IsRemainder":"NO","ParcelStartDate":null,"PositionalError":1.15190271,"LegalDescription":"LOT 2 DISTRICT LOT 970 SIMILKAMEEN DIVISION YALE DISTRICT PLAN 5123","CaptureMethod":"UNKNOWN","OwnerType":"PRIVATE","Compiled":1,"CreatedDate":"2016-09-20T23:24:06.000Z","ModifiedDate":"2025-10-15T15:02:49.000Z","StatedArea":null,"ErrorReportedBy":"PMBC-OPERATIONS","Municipality":"0163","OBJECTID":50019,"created_user":"SDE","created_date":"2024-11-12T16:15:31.000Z","last_edited_user":"SDE","last_edited_date":"2026-03-25T16:06:10.000Z","Shape__Area":1381.01777798,"Shape__Length":166.43974677352352,"CommonName":null,"SourceGlobalID":"{9209B7DA-D91F-4897-B65C-35DA28593458}","Comments":null,"UpdateStatus":"AUTO","UpdateSource":"PMBC"}},{"type":"Feature","geometry":{"type":"Polygon","coordinates":[[[-118.212248,49.064343],[-118.212246,49.064302],[-118.212446,49.064304],[-118.212807,49.064617],[-118.212757,49.064641],[-118.212709,49.064671],[-118.212248,49.064343]]]},"properties":{"GlobalID":"{EC6A0F52-81A4-43C5-AF9D-82306215586A}","Name":"004016556","PlanID":"{92311F22-ACA9-4CF5-A25F-7F3BCB011DA2}","PlanNumber":"KAP1922","PIN":null,"PID":4016556,"Designation1":"REM Lot C","Designation2":null,"Designation3":null,"ParcelStatus":"ACTIVE","RegionalDistrict":"0019","ParcelClass":"SUBDIVISION","SourceParcelID":null,"GeometrySource":"MODIFIED-ICF","IsRemainder":"YES","ParcelStartDate":"2021-12-20T08:00:00.000Z","PositionalError":4.0982356,"LegalDescription":"LOT C DISTRICT LOT 2806 SIMILKAMEEN DIVISION YALE DISTRICT PLAN 1922 EXCEPT PLAN H738","CaptureMethod":"UNKNOWN","OwnerType":"PRIVATE","Compiled":1,"CreatedDate":"2016-09-20T23:24:06.000Z","ModifiedDate":"2025-10-15T15:02:49.000Z","StatedArea":null,"ErrorReportedBy":"LSA","Municipality":"0163","OBJECTID":50020,"created_user":"SDE","created_date":"2024-11-12T16:15:31.000Z","last_edited_user":"SDE","last_edited_date":"2026-03-25T16:06:10.000Z","Shape__Area":573.906113095,"Shape__Length":121.89427563787531,"CommonName":null,"SourceGlobalID":"{095F01BE-90CF-4707-8B9C-D7A992051FF1}","Comments":null,"UpdateStatus":"AUTO","UpdateSource":"PMBC"}},{"type":"Feature","geometry":{"type":"Polygon","coordinates":[[[-118.211167,49.058335],[-118.211169,49.058295],[-118.211188,49.05803],[-118.211794,49.05804],[-118.21171,49.058337],[-118.211257,49.058335],[-118.211167,49.058335]]]},"properties":{"GlobalID":"{E88C29A3-EE40-4DC4-AD91-FB16BD46F4F5}","Name":"003659658","PlanID":"{9360DF06-4014-4516-AF67-E236D0FD6802}","PlanNumber":"KAP31529","PIN":null,"PID":3659658,"Designation1":"Lot 1","Designation2":null,"Designation3":null,"ParcelStatus":"ACTIVE","RegionalDistrict":"0019","ParcelClass":"SUBDIVISION","SourceParcelID":null,"GeometrySource":"ICF","IsRemainder":"NO","ParcelStartDate":null,"PositionalError":2.36981199,"LegalDescription":"LOT 1 DISTRICT LOT 750 SIMILKAMEEN DIVISION YALE DISTRICT PLAN 31529","CaptureMethod":"UNKNOWN","OwnerType":"PRIVATE","Compiled":1,"CreatedDate":"2016-09-20T23:24:06.000Z","ModifiedDate":"2022-01-25T02:29:30.000Z","StatedArea":null,"ErrorReportedBy":"LSA","Municipality":"0163","OBJECTID":50021,"created_user":"SDE","created_date":"2024-11-12T16:15:31.000Z","last_edited_user":"SDE","last_edited_date":"2026-03-25T16:06:10.000Z","Shape__Area":1410.13444633,"Shape__Length":151.64444706693257,"CommonName":null,"SourceGlobalID":"{9CB0993B-4F41-413C-932B-570A6688A3BE}","Comments":null,"UpdateStatus":"AUTO","UpdateSource":"PMBC"}},{"type":"Feature","geometry":{"type":"Polygon","coordinates":[[[-118.217006,49.054235],[-118.217289,49.054011],[-118.217412,49.053948],[-118.217545,49.054029],[-118.217609,49.054092],[-118.217608,49.054117],[-118.217607,49.05415],[-118.217557,49.055391],[-118.217556,49.055415],[-118.217473,49.055413],[-118.217453,49.055364],[-118.217192,49.054654],[-118.217076,49.054377],[-118.217006,49.054235]]]},"properties":{"GlobalID":"{3688B141-9AE7-49E5-957F-D2EB9CBCC1F6}","Name":"014911027","PlanID":"{F0DB3B36-A152-4C45-B118-275779D2B1D7}","PlanNumber":"NO_PLAN","PIN":null,"PID":14911027,"Designation1":"PART 14","Designation2":"970","Designation3":null,"ParcelStatus":"ACTIVE","RegionalDistrict":"0019","ParcelClass":"SUBDIVISION","SourceParcelID":null,"GeometrySource":"ICF","IsRemainder":"NO","ParcelStartDate":null,"PositionalError":17.95926314,"LegalDescription":"THAT PART OF PARCEL 14 (PLAN B5359) OF DISTRICT LOT 970 CONTAINING 1.024 ACRES MORE OR LESS; SIMILKAMEEN DIVISION YALE DISTRICT","CaptureMethod":"UNKNOWN","OwnerType":"PRIVATE","Compiled":1,"CreatedDate":"2016-09-20T23:24:06.000Z","ModifiedDate":"2022-01-25T02:29:30.000Z","StatedArea":null,"ErrorReportedBy":"LSA","Municipality":"0163","OBJECTID":50022,"created_user":"SDE","created_date":"2024-11-12T16:15:31.000Z","last_edited_user":"SDE","last_edited_date":"2026-03-25T16:06:10.000Z","Shape__Area":4024.668878105,"Shape__Length":354.1525087991957,"CommonName":null,"SourceGlobalID":"{5DCFFF18-D2D2-49DE-AE91-E9A094759541}","Comments":null,"UpdateStatus":"AUTO","UpdateSource":"PMBC"}},{"type":"Feature","geometry":{"type":"Polygon","coordinates":[[[-118.217925,49.057068],[-118.217133,49.057054],[-118.217139,49.056768],[-118.21741,49.056773],[-118.217937,49.056783],[-118.217925,49.057068]]]},"properties":{"GlobalID":"{9B5950FC-AB5F-4A14-8D87-A6498F37FFD1}","Name":"008240361","PlanID":"{0E3E3C3A-819C-41B1-A357-6BD3E02F0E10}","PlanNumber":"KAP18620","PIN":null,"PID":8240361,"Designation1":"Lot 2","Designation2":null,"Designation3":null,"ParcelStatus":"ACTIVE","RegionalDistrict":"0019","ParcelClass":"SUBDIVISION","SourceParcelID":null,"GeometrySource":"ICF","IsRemainder":"NO","ParcelStartDate":null,"PositionalError":3.29879004,"LegalDescription":"LOT 2 DISTRICT LOT 970 SIMILKAMEEN DIVISION YALE DISTRICT PLAN 18620","CaptureMethod":"UNKNOWN","OwnerType":"PRIVATE","Compiled":1,"CreatedDate":"2016-09-20T23:24:06.000Z","ModifiedDate":"2022-01-25T02:29:30.000Z","StatedArea":null,"ErrorReportedBy":"LSA","Municipality":"0163","OBJECTID":50023,"created_user":"SDE","created_date":"2024-11-12T16:15:31.000Z","last_edited_user":"SDE","last_edited_date":"2026-03-25T16:06:10.000Z","Shape__Area":1843.252947595,"Shape__Length":179.6034577686185,"CommonName":null,"SourceGlobalID":"{57978668-169C-4EF9-8ECD-2EDD530B1A5D}","Comments":null,"UpdateStatus":"AUTO","UpdateSource":"PMBC"}},{"type":"Feature","geometry":{"type":"Polygon","coordinates":[[[-118.219238,49.055229],[-118.219237,49.055032],[-118.219332,49.054951],[-118.219449,49.054989],[-118.219488,49.054997],[-118.219527,49.055001],[-118.219583,49.055012],[-118.219638,49.055026],[-118.21967,49.055041],[-118.219704,49.055053],[-118.219734,49.055067],[-118.219761,49.055085],[-118.219783,49.055094],[-118.219802,49.055106],[-118.219819,49.055122],[-118.219833,49.055141],[-118.219844,49.055161],[-118.219849,49.055188],[-118.219849,49.055215],[-118.219845,49.055241],[-118.219843,49.055275],[-118.219239,49.055264],[-118.219238,49.055229]]]},"properties":{"GlobalID":"{A8439E86-8148-4E5B-A2A0-6A82E2571598}","Name":"012964786","PlanID":"{F0DB3B36-A152-4C45-B118-275779D2B1D7}","PlanNumber":"NO_PLAN","PIN":null,"PID":12964786,"Designation1":"A","Designation2":"970","Designation3":null,"ParcelStatus":"ACTIVE","RegionalDistrict":"0019","ParcelClass":"SUBDIVISION","SourceParcelID":null,"GeometrySource":"MODIFIED-ICF","IsRemainder":"NO","ParcelStartDate":null,"PositionalError":3.15240562,"LegalDescription":"PARCEL A (PLAN B1426) OF DISTRICT LOT 970 SIMILKAMEEN DIVISION YALE DISTRICT","CaptureMethod":"UNKNOWN","OwnerType":"PRIVATE","Compiled":1,"CreatedDate":"2016-09-20T23:24:06.000Z","ModifiedDate":"2022-01-25T02:29:30.000Z","StatedArea":null,"ErrorReportedBy":"LSA","Municipality":"0163","OBJECTID":50024,"created_user":"SDE","created_date":"2024-11-12T16:15:31.000Z","last_edited_user":"SDE","last_edited_date":"2026-03-25T16:06:10.000Z","Shape__Area":1227.79222437,"Shape__Length":139.95104337749092,"CommonName":null,"SourceGlobalID":"{46319CD7-1D3E-4DA5-9DFA-C29ABF455EB5}","Comments":null,"UpdateStatus":"AUTO","UpdateSource":"PMBC"}},{"type":"Feature","geometry":{"type":"Polygon","coordinates":[[[-118.213773,49.056292],[-118.213997,49.056296],[-118.213997,49.056325],[-118.213993,49.056753],[-118.213775,49.056751],[-118.213773,49.056292]]]},"properties":{"GlobalID":"{CE2CBDF8-8CC4-449E-B0F6-FC8912D7E0C0}","Name":"010883690","PlanID":"{3622CB08-F2D5-4B0B-96CC-EECB3961F072}","PlanNumber":"KAP6459B","PIN":null,"PID":10883690,"Designation1":"Parcel A","Designation2":"Lot 2","Designation3":null,"ParcelStatus":"ACTIVE","RegionalDistrict":"0019","ParcelClass":"SUBDIVISION","SourceParcelID":null,"GeometrySource":"ICF","IsRemainder":"NO","ParcelStartDate":null,"PositionalError":2.29588541,"LegalDescription":"PARCEL A (PLAN B6459) OF LOT 2 DISTRICT LOT 970 SIMILKAMEEN DIVISION YALE DISTRICT PLAN 3260","CaptureMethod":"UNKNOWN","OwnerType":"PRIVATE","Compiled":1,"CreatedDate":"2016-09-20T23:24:06.000Z","ModifiedDate":"2022-01-25T02:29:30.000Z","StatedArea":"830.5","ErrorReportedBy":"LSA","Municipality":"0163","OBJECTID":50025,"created_user":"SDE","created_date":"2024-11-12T16:15:31.000Z","last_edited_user":"SDE","last_edited_date":"2026-03-25T16:06:10.000Z","Shape__Area":824.01445318,"Shape__Length":134.165256734404,"CommonName":null,"SourceGlobalID":"{FCC76A98-3335-451C-A9CC-B669E0A67E58}","Comments":null,"UpdateStatus":"AUTO","UpdateSource":"PMBC"}},{"type":"Feature","geometry":{"type":"Polygon","coordinates":[[[-118.213111,49.063706],[-118.213424,49.063709],[-118.213407,49.064124],[-118.213405,49.064176],[-118.213087,49.064251],[-118.213111,49.063706]]]},"properties":{"GlobalID":"{6247414A-A0D6-4B12-AC3D-1692732844F4}","Name":"010380051","PlanID":"{E48A2E57-AA64-46DF-BEBB-6644BC6DD7D9}","PlanNumber":"KAP5123","PIN":null,"PID":10380051,"Designation1":"Lot 1","Designation2":null,"Designation3":null,"ParcelStatus":"ACTIVE","RegionalDistrict":"0019","ParcelClass":"SUBDIVISION","SourceParcelID":null,"GeometrySource":"ICF","IsRemainder":"NO","ParcelStartDate":null,"PositionalError":1.4393,"LegalDescription":"LOT 1 DISTRICT LOT 970 SIMILKAMEEN DIVISION YALE DISTRICT PLAN 5123","CaptureMethod":"UNKNOWN","OwnerType":"PRIVATE","Compiled":1,"CreatedDate":"2016-09-20T23:24:06.000Z","ModifiedDate":"2025-10-15T15:02:49.000Z","StatedArea":null,"ErrorReportedBy":"PMBC-OPERATIONS","Municipality":"0163","OBJECTID":50026,"created_user":"SDE","created_date":"2024-11-12T16:15:31.000Z","last_edited_user":"SDE","last_edited_date":"2026-03-25T16:06:10.000Z","Shape__Area":1289.356917145,"Shape__Length":160.1158331307047,"CommonName":null,"SourceGlobalID":"{EEC1F5D1-3DF3-4FFC-A72A-61D8C089434A}","Comments":null,"UpdateStatus":"AUTO","UpdateSource":"PMBC"}},{"type":"Feature","geometry":{"type":"Polygon","coordinates":[[[-118.211307,49.053155],[-118.211333,49.05315],[-118.211459,49.053261],[-118.211431,49.053265],[-118.211307,49.053155]]]},"properties":{"GlobalID":"{DB3E3692-C32D-4783-AD95-8B677422D485}","Name":"Arterial Highway","PlanID":"{8C727A4E-C957-413C-ABF6-BAA08F434E6E}","PlanNumber":"KAP13621H","PIN":null,"PID":null,"Designation1":null,"Designation2":null,"Designation3":null,"ParcelStatus":"ACTIVE","RegionalDistrict":"0019","ParcelClass":"ROAD","SourceParcelID":null,"GeometrySource":"PMBC-OPERATIONS","IsRemainder":null,"ParcelStartDate":"2021-12-20T08:00:00.000Z","PositionalError":1.5550685,"LegalDescription":null,"CaptureMethod":"UNKNOWN","OwnerType":"CROWN PROVINCIAL","Compiled":0,"CreatedDate":"2021-12-24T17:06:22.000Z","ModifiedDate":"2025-06-24T10:14:53.000Z","StatedArea":null,"ErrorReportedBy":"LSA","Municipality":"0163","OBJECTID":50027,"created_user":"SDE","created_date":"2024-11-12T16:15:31.000Z","last_edited_user":"SDE","last_edited_date":"2026-03-25T16:06:10.000Z","Shape__Area":28.50056358,"Shape__Length":34.69551851978189,"CommonName":null,"SourceGlobalID":"{0AB51FC8-E118-4F5A-BA7A-F629796F781D}","Comments":null,"UpdateStatus":"AUTO","UpdateSource":"PMBC"}},{"type":"Feature","geometry":{"type":"Polygon","coordinates":[[[-118.211007,49.054077],[-118.210899,49.054152],[-118.210472,49.053823],[-118.210459,49.053813],[-118.210473,49.053807],[-118.210702,49.053713],[-118.211097,49.053981],[-118.211007,49.054077]]]},"properties":{"GlobalID":"{3302F75F-2D6D-4BB5-8635-819E5FB943F6}","Name":"008286191","PlanID":"{3B112F7C-77DF-4E19-B3A4-2F9EDA34EB41}","PlanNumber":"KAP9327","PIN":null,"PID":8286191,"Designation1":"Lot A","Designation2":null,"Designation3":null,"ParcelStatus":"ACTIVE","RegionalDistrict":"0019","ParcelClass":"SUBDIVISION","SourceParcelID":null,"GeometrySource":"ICF","IsRemainder":"NO","ParcelStartDate":null,"PositionalError":2.81435063,"LegalDescription":"LOT A DISTRICT LOT 750 SIMILKAMEEN DIVISION YALE DISTRICT PLAN 9327","CaptureMethod":"UNKNOWN","OwnerType":"PRIVATE","Compiled":1,"CreatedDate":"2016-09-20T23:24:06.000Z","ModifiedDate":"2022-01-25T02:29:30.000Z","StatedArea":null,"ErrorReportedBy":"LSA","Municipality":"0163","OBJECTID":50028,"created_user":"SDE","created_date":"2024-11-12T16:15:31.000Z","last_edited_user":"SDE","last_edited_date":"2026-03-25T16:06:10.000Z","Shape__Area":1016.20762334,"Shape__Length":135.8821793745406,"CommonName":null,"SourceGlobalID":"{05FA1AED-7657-4630-9851-6D2E07788685}","Comments":null,"UpdateStatus":"AUTO","UpdateSource":"PMBC"}},{"type":"Feature","geometry":{"type":"Polygon","coordinates":[[[-118.210517,49.053418],[-118.210904,49.053252],[-118.210971,49.053311],[-118.210509,49.053502],[-118.210116,49.053664],[-118.210115,49.053664],[-118.209745,49.053817],[-118.209944,49.054024],[-118.20974,49.054109],[-118.209216,49.054323],[-118.209069,49.054383],[-118.208814,49.054488],[-118.208477,49.054626],[-118.208347,49.054311],[-118.208706,49.054163],[-118.208859,49.0541],[-118.208993,49.054045],[-118.210084,49.053596],[-118.210085,49.053596],[-118.210517,49.053418]]]},"properties":{"GlobalID":"{6E5AFE7A-102A-4D7F-ADDB-E315EF8461F4}","Name":"018262562","PlanID":"{84949520-7278-4C40-9FDC-F773D029E6A8}","PlanNumber":"KAP49770","PIN":null,"PID":18262562,"Designation1":"Lot 2","Designation2":null,"Designation3":null,"ParcelStatus":"ACTIVE","RegionalDistrict":"0019","ParcelClass":"SUBDIVISION","SourceParcelID":null,"GeometrySource":"ICF","IsRemainder":"NO","ParcelStartDate":null,"PositionalError":2.3875379,"LegalDescription":"LOT 2 DISTRICT LOT 750 SIMILKAMEEN DIVISION YALE DISTRICT PLAN KAP49770","CaptureMethod":"UNKNOWN","OwnerType":"PRIVATE","Compiled":1,"CreatedDate":"2016-09-20T23:24:06.000Z","ModifiedDate":"2025-07-04T18:17:44.000Z","StatedArea":null,"ErrorReportedBy":"LSA","Municipality":"0163","OBJECTID":50029,"created_user":"SDE","created_date":"2024-11-12T16:15:31.000Z","last_edited_user":"SDE","last_edited_date":"2026-03-25T16:06:10.000Z","Shape__Area":5024.59562573,"Shape__Length":524.6669357001134,"CommonName":null,"SourceGlobalID":"{4AFACDC3-7439-4665-87FD-62BBECE1AD4B}","Comments":null,"UpdateStatus":"AUTO","UpdateSource":"PMBC"}},{"type":"Feature","geometry":{"type":"Polygon","coordinates":[[[-118.221022,49.059277],[-118.221779,49.059293],[-118.221921,49.059296],[-118.221996,49.059298],[-118.221973,49.059381],[-118.221959,49.059408],[-118.221915,49.059443],[-118.221859,49.059441],[-118.221709,49.059434],[-118.220914,49.059394],[-118.221022,49.059277]]]},"properties":{"GlobalID":"{8F3484A4-60AA-4A21-9197-0283C3DD642D}","Name":"004468040","PlanID":"{69CBC91C-55EB-4756-A57E-DB0947EE3743}","PlanNumber":"KAP25978","PIN":null,"PID":4468040,"Designation1":"Lot 3","Designation2":null,"Designation3":null,"ParcelStatus":"ACTIVE","RegionalDistrict":"0019","ParcelClass":"SUBDIVISION","SourceParcelID":null,"GeometrySource":"ICF","IsRemainder":"NO","ParcelStartDate":null,"PositionalError":1.9174692,"LegalDescription":"LOT 3 DISTRICT LOT 970 SIMILKAMEEN DIVISION YALE DISTRICT PLAN 25978","CaptureMethod":"UNKNOWN","OwnerType":"PRIVATE","Compiled":1,"CreatedDate":"2016-09-20T23:24:06.000Z","ModifiedDate":"2025-07-30T16:01:09.000Z","StatedArea":null,"ErrorReportedBy":"LSA","Municipality":"0163","OBJECTID":50030,"created_user":"SDE","created_date":"2024-11-12T16:15:31.000Z","last_edited_user":"SDE","last_edited_date":"2026-03-25T16:06:10.000Z","Shape__Area":1100.112226835,"Shape__Length":177.4488935571894,"CommonName":null,"SourceGlobalID":"{60C0C5E0-086C-4578-A684-1B574E730282}","Comments":null,"UpdateStatus":"AUTO","UpdateSource":"PMBC"}},{"type":"Feature","geometry":{"type":"Polygon","coordinates":[[[-118.20992,49.050857],[-118.209931,49.050675],[-118.209942,49.050467],[-118.210771,49.0504],[-118.211342,49.05015],[-118.211788,49.049914],[-118.212088,49.049756],[-118.212034,49.049664],[-118.212094,49.049668],[-118.212184,49.04967],[-118.212349,49.049683],[-118.21238,49.049696],[-118.212375,49.049813],[-118.212371,49.049915],[-118.212324,49.05101],[-118.21232,49.051094],[-118.212318,49.051141],[-118.212318,49.051158],[-118.209907,49.051107],[-118.209908,49.051091],[-118.209908,49.051091],[-118.209908,49.051091],[-118.20992,49.050857]]]},"properties":{"GlobalID":"{49AF8095-5723-4D4D-82EA-3B6BF2B76167}","Name":"009577742","PlanID":"{ACAA14C9-C4C2-4639-A880-51B16CA62813}","PlanNumber":"KAP10408","PIN":10383251,"PID":9577742,"Designation1":"Lot B","Designation2":null,"Designation3":null,"ParcelStatus":"ACTIVE","RegionalDistrict":"0019","ParcelClass":"SUBDIVISION","SourceParcelID":null,"GeometrySource":"ICF","IsRemainder":"NO","ParcelStartDate":null,"PositionalError":3.0521431,"LegalDescription":"LOT B DISTRICT LOT 750 SIMILKAMEEN DIVISION YALE DISTRICT PLAN 10408","CaptureMethod":"UNKNOWN","OwnerType":"PRIVATE","Compiled":1,"CreatedDate":"2016-09-20T23:24:06.000Z","ModifiedDate":"2025-06-24T10:14:53.000Z","StatedArea":null,"ErrorReportedBy":"LSA","Municipality":"0163","OBJECTID":50031,"created_user":"SDE","created_date":"2024-11-12T16:15:31.000Z","last_edited_user":"SDE","last_edited_date":"2026-03-25T16:06:10.000Z","Shape__Area":19055.901316965,"Shape__Length":628.0071238174354,"CommonName":null,"SourceGlobalID":"{F787161F-199F-49D5-9665-0DD13FC33E0C}","Comments":null,"UpdateStatus":"AUTO","UpdateSource":"PMBC"}},{"type":"Feature","geometry":{"type":"Polygon","coordinates":[[[-118.214707,49.05368],[-118.214987,49.053698],[-118.214978,49.054222],[-118.214694,49.054221],[-118.214707,49.05368]]]},"properties":{"GlobalID":"{3CA3EF28-2118-403A-8D2E-A7DCF8023A56}","Name":"004376005","PlanID":"{59A23AA5-0266-46F5-AE0F-83463EB87B25}","PlanNumber":"KAP29184","PIN":null,"PID":4376005,"Designation1":"Lot 3","Designation2":null,"Designation3":null,"ParcelStatus":"ACTIVE","RegionalDistrict":"0019","ParcelClass":"SUBDIVISION","SourceParcelID":null,"GeometrySource":"ICF","IsRemainder":"NO","ParcelStartDate":null,"PositionalError":3.3883609,"LegalDescription":"LOT 3 DISTRICT LOT 970 SIMILKAMEEN DIVISION YALE DISTRICT PLAN 29184","CaptureMethod":"UNKNOWN","OwnerType":"PRIVATE","Compiled":1,"CreatedDate":"2016-09-20T23:24:06.000Z","ModifiedDate":"2025-06-24T10:14:53.000Z","StatedArea":null,"ErrorReportedBy":"LSA","Municipality":"0163","OBJECTID":50032,"created_user":"SDE","created_date":"2024-11-12T16:15:31.000Z","last_edited_user":"SDE","last_edited_date":"2026-03-25T16:06:10.000Z","Shape__Area":1219.76891486,"Shape__Length":159.6943725987962,"CommonName":null,"SourceGlobalID":"{CDBC69F2-C071-4CA3-8B38-413DF597DFFD}","Comments":null,"UpdateStatus":"AUTO","UpdateSource":"PMBC"}},{"type":"Feature","geometry":{"type":"Polygon","coordinates":[[[-118.211556,49.053375],[-118.211588,49.053371],[-118.211711,49.053479],[-118.21168,49.053485],[-118.211556,49.053375]]]},"properties":{"GlobalID":"{4DE72FA8-BAFC-4350-B5E2-639236D9A604}","Name":"Arterial Highway","PlanID":"{8C727A4E-C957-413C-ABF6-BAA08F434E6E}","PlanNumber":"KAP13621H","PIN":null,"PID":null,"Designation1":null,"Designation2":null,"Designation3":null,"ParcelStatus":"ACTIVE","RegionalDistrict":"0019","ParcelClass":"ROAD","SourceParcelID":null,"GeometrySource":"PMBC-OPERATIONS","IsRemainder":null,"ParcelStartDate":"2021-12-20T08:00:00.000Z","PositionalError":1.519587,"LegalDescription":null,"CaptureMethod":"UNKNOWN","OwnerType":"CROWN PROVINCIAL","Compiled":0,"CreatedDate":"2021-12-24T17:06:22.000Z","ModifiedDate":"2025-06-24T10:14:53.000Z","StatedArea":null,"ErrorReportedBy":"LSA","Municipality":"0163","OBJECTID":50033,"created_user":"SDE","created_date":"2024-11-12T16:15:31.000Z","last_edited_user":"SDE","last_edited_date":"2026-03-25T16:06:10.000Z","Shape__Area":33.11827314,"Shape__Length":35.07520794792396,"CommonName":null,"SourceGlobalID":"{47184C68-DFC3-43AC-817B-5D15F7220C3D}","Comments":null,"UpdateStatus":"AUTO","UpdateSource":"PMBC"}},{"type":"Feature","geometry":{"type":"Polygon","coordinates":[[[-118.215865,49.056993],[-118.215869,49.05685],[-118.215881,49.05636],[-118.215882,49.056324],[-118.216132,49.056328],[-118.216131,49.056364],[-118.216109,49.057261],[-118.215858,49.057249],[-118.215865,49.056993]]]},"properties":{"GlobalID":"{6D01900E-F222-4F43-B902-C17B84B5D670}","Name":"010553924","PlanID":"{0EBF87A1-A48C-4075-A8D3-203E1B422E65}","PlanNumber":"KAP4404","PIN":null,"PID":10553924,"Designation1":"Lot 2","Designation2":null,"Designation3":null,"ParcelStatus":"ACTIVE","RegionalDistrict":"0019","ParcelClass":"SUBDIVISION","SourceParcelID":null,"GeometrySource":"ICF","IsRemainder":"NO","ParcelStartDate":null,"PositionalError":3.19499908,"LegalDescription":"THAT PART OF LOT 2 LYING EAST OF A LINE DRAWN PARALLEL TO AND 60 FEET PERPENDICULARLY FROM THE EASTERLY BOUNDARY OF SAID LOT; DISTRICT LOT 970 SIMILKAMEEN DIVISION YALE DISTRICT PLAN 4404","CaptureMethod":"UNKNOWN","OwnerType":"PRIVATE","Compiled":1,"CreatedDate":"2016-09-20T23:24:06.000Z","ModifiedDate":"2022-01-25T02:29:30.000Z","StatedArea":null,"ErrorReportedBy":"LSA","Municipality":"0163","OBJECTID":50034,"created_user":"SDE","created_date":"2024-11-12T16:15:31.000Z","last_edited_user":"SDE","last_edited_date":"2026-03-25T16:06:10.000Z","Shape__Area":1889.32470522,"Shape__Length":243.26093131190393,"CommonName":null,"SourceGlobalID":"{E793066E-2B6B-4796-8B52-1F2C645DCADF}","Comments":null,"UpdateStatus":"AUTO","UpdateSource":"PMBC"}},{"type":"Feature","geometry":{"type":"Polygon","coordinates":[[[-118.211713,49.056595],[-118.211669,49.056375],[-118.211343,49.056383],[-118.211343,49.056383],[-118.211052,49.05639],[-118.211251,49.05618],[-118.211251,49.056179],[-118.211355,49.05607],[-118.211826,49.056118],[-118.211817,49.056252],[-118.211797,49.056573],[-118.212096,49.056564],[-118.212157,49.056614],[-118.212119,49.056734],[-118.212057,49.057103],[-118.211978,49.057129],[-118.211698,49.057019],[-118.211841,49.056861],[-118.21153,49.056797],[-118.21153,49.056797],[-118.21133,49.056756],[-118.211404,49.056675],[-118.211467,49.056658],[-118.211468,49.056658],[-118.211713,49.056595]]]},"properties":{"GlobalID":"{E8990838-65C0-4AFA-8362-FF9D9D4241BA}","Name":"030982472","PlanID":"{A502C5F1-1364-411F-86E0-BA2D2CB37E47}","PlanNumber":"EPP96258","PIN":null,"PID":30982472,"Designation1":"Lot A","Designation2":null,"Designation3":null,"ParcelStatus":"ACTIVE","RegionalDistrict":"0019","ParcelClass":"SUBDIVISION","SourceParcelID":null,"GeometrySource":"SPDS","IsRemainder":null,"ParcelStartDate":"2019-11-29T08:00:00.000Z","PositionalError":0.06633809,"LegalDescription":"LOT A DISTRICT LOTS 750 AND 970 SIMILKAMEEN DIVISION YALE DISTRICT PLAN EPP96258","CaptureMethod":"SPDS","OwnerType":"PRIVATE","Compiled":0,"CreatedDate":"2019-12-27T23:17:26.000Z","ModifiedDate":"2025-06-24T10:14:53.000Z","StatedArea":"3647","ErrorReportedBy":"LSA","Municipality":"0163","OBJECTID":50035,"created_user":"SDE","created_date":"2024-11-12T16:15:31.000Z","last_edited_user":"SDE","last_edited_date":"2026-03-25T16:06:10.000Z","Shape__Area":3643.750586345,"Shape__Length":405.71250929745975,"CommonName":null,"SourceGlobalID":"{17F2477D-2278-47E0-84C8-14E84D9EC892}","Comments":null,"UpdateStatus":"AUTO","UpdateSource":"PMBC"}},{"type":"Feature","geometry":{"type":"Polygon","coordinates":[[[-118.217076,49.054377],[-118.217192,49.054654],[-118.216846,49.054647],[-118.216521,49.054642],[-118.21619,49.054637],[-118.215823,49.054631],[-118.215835,49.054418],[-118.217076,49.054377]]]},"properties":{"GlobalID":"{9732ECEF-25D9-4D50-9203-3FB5E741D292}","Name":"004323301","PlanID":"{B3167CFF-F2E1-43AA-AC94-4F66C1542C13}","PlanNumber":"KAP29415","PIN":null,"PID":4323301,"Designation1":"Lot 3","Designation2":null,"Designation3":null,"ParcelStatus":"ACTIVE","RegionalDistrict":"0019","ParcelClass":"SUBDIVISION","SourceParcelID":null,"GeometrySource":"ICF","IsRemainder":"NO","ParcelStartDate":null,"PositionalError":1.83445626,"LegalDescription":"LOT 3 DISTRICT LOT 970 SIMILKAMEEN DIVISION YALE DISTRICT PLAN 29415","CaptureMethod":"UNKNOWN","OwnerType":"PRIVATE","Compiled":1,"CreatedDate":"2016-09-20T23:24:06.000Z","ModifiedDate":"2022-01-25T02:29:30.000Z","StatedArea":null,"ErrorReportedBy":"LSA","Municipality":"0163","OBJECTID":50036,"created_user":"SDE","created_date":"2024-11-12T16:15:31.000Z","last_edited_user":"SDE","last_edited_date":"2026-03-25T16:06:10.000Z","Shape__Area":2596.315300685,"Shape__Length":246.52884036794146,"CommonName":null,"SourceGlobalID":"{8E5E8073-2755-46D5-895A-C67677BC3452}","Comments":null,"UpdateStatus":"AUTO","UpdateSource":"PMBC"}},{"type":"Feature","geometry":{"type":"Polygon","coordinates":[[[-118.21704,49.062567],[-118.217079,49.062535],[-118.217315,49.062358],[-118.217651,49.062552],[-118.21753,49.062655],[-118.217579,49.062685],[-118.217749,49.062788],[-118.217656,49.062848],[-118.21763,49.062862],[-118.217615,49.062865],[-118.217601,49.06287],[-118.217588,49.062877],[-118.217374,49.062757],[-118.21704,49.062567]]]},"properties":{"GlobalID":"{F45E8E86-5858-4434-A1F8-B27E317BA979}","Name":"008533946","PlanID":"{7F497421-A36A-4A48-B561-445EFA1CE5FE}","PlanNumber":"KAP16806","PIN":null,"PID":8533946,"Designation1":"Lot C","Designation2":null,"Designation3":null,"ParcelStatus":"ACTIVE","RegionalDistrict":"0019","ParcelClass":"SUBDIVISION","SourceParcelID":null,"GeometrySource":"ICF","IsRemainder":"NO","ParcelStartDate":null,"PositionalError":4.16730496,"LegalDescription":"LOT C DISTRICT LOT 970 SIMILKAMEEN DIVISION YALE DISTRICT PLAN 16806","CaptureMethod":"UNKNOWN","OwnerType":"PRIVATE","Compiled":1,"CreatedDate":"2016-09-20T23:24:06.000Z","ModifiedDate":"2022-01-25T02:29:30.000Z","StatedArea":null,"ErrorReportedBy":"LSA","Municipality":"0163","OBJECTID":50037,"created_user":"SDE","created_date":"2024-11-12T16:15:31.000Z","last_edited_user":"SDE","last_edited_date":"2026-03-25T16:06:10.000Z","Shape__Area":1347.632788305,"Shape__Length":168.0799404826525,"CommonName":null,"SourceGlobalID":"{548F0C78-2EB2-44C0-9C9D-B75207AEF33B}","Comments":null,"UpdateStatus":"AUTO","UpdateSource":"PMBC"}},{"type":"Feature","geometry":{"type":"Polygon","coordinates":[[[-118.217133,49.062689],[-118.216988,49.062607],[-118.21704,49.062567],[-118.217374,49.062757],[-118.217588,49.062877],[-118.217573,49.062889],[-118.217557,49.062899],[-118.217544,49.06292],[-118.217528,49.062939],[-118.217509,49.062955],[-118.217488,49.062969],[-118.217466,49.062979],[-118.217443,49.062996],[-118.217389,49.063029],[-118.217369,49.063048],[-118.217355,49.06307],[-118.217335,49.063118],[-118.216917,49.062882],[-118.217133,49.062689]]]},"properties":{"GlobalID":"{CC5FCD0D-8079-478B-874E-7956C557C4F9}","Name":"014910888","PlanID":"{F0DB3B36-A152-4C45-B118-275779D2B1D7}","PlanNumber":"NO_PLAN","PIN":null,"PID":14910888,"Designation1":"PART 970","Designation2":null,"Designation3":null,"ParcelStatus":"ACTIVE","RegionalDistrict":"0019","ParcelClass":"SUBDIVISION","SourceParcelID":null,"GeometrySource":"ICF","IsRemainder":"NO","ParcelStartDate":null,"PositionalError":3.99839986,"LegalDescription":"THAT PART OF DISTRICT LOT 970 OUTLINED RED ON PLAN B745; SIMILKAMEEN DIVISION YALE DISTRICT","CaptureMethod":"UNKNOWN","OwnerType":"PRIVATE","Compiled":1,"CreatedDate":"2016-09-20T23:24:06.000Z","ModifiedDate":"2022-01-25T02:29:30.000Z","StatedArea":null,"ErrorReportedBy":"LSA","Municipality":"0163","OBJECTID":50038,"created_user":"SDE","created_date":"2024-11-12T16:15:31.000Z","last_edited_user":"SDE","last_edited_date":"2026-03-25T16:06:10.000Z","Shape__Area":1337.470135355,"Shape__Length":172.84019551154236,"CommonName":null,"SourceGlobalID":"{3C6C2A21-2BC1-43C8-B047-9F5D7781833F}","Comments":null,"UpdateStatus":"AUTO","UpdateSource":"PMBC"}},{"type":"Feature","geometry":{"type":"Polygon","coordinates":[[[-118.214427,49.053664],[-118.214418,49.05422],[-118.214188,49.054219],[-118.214206,49.05366],[-118.214384,49.053664],[-118.214427,49.053664]]]},"properties":{"GlobalID":"{8632FC5F-94C8-4AE4-BFD5-62D70F3385C5}","Name":"004376021","PlanID":"{59A23AA5-0266-46F5-AE0F-83463EB87B25}","PlanNumber":"KAP29184","PIN":null,"PID":4376021,"Designation1":"Lot 5","Designation2":null,"Designation3":null,"ParcelStatus":"ACTIVE","RegionalDistrict":"0019","ParcelClass":"SUBDIVISION","SourceParcelID":null,"GeometrySource":"ICF","IsRemainder":"NO","ParcelStartDate":null,"PositionalError":3.45129421,"LegalDescription":"LOT 5 DISTRICT LOT 970 SIMILKAMEEN DIVISION YALE DISTRICT PLAN 29184","CaptureMethod":"UNKNOWN","OwnerType":"PRIVATE","Compiled":1,"CreatedDate":"2016-09-20T23:24:06.000Z","ModifiedDate":"2022-01-25T02:29:30.000Z","StatedArea":null,"ErrorReportedBy":"LSA","Municipality":"0163","OBJECTID":50039,"created_user":"SDE","created_date":"2024-11-12T16:15:31.000Z","last_edited_user":"SDE","last_edited_date":"2026-03-25T16:06:10.000Z","Shape__Area":1021.122476745,"Shape__Length":156.88455273333366,"CommonName":null,"SourceGlobalID":"{AADBC14C-D0EB-49E2-85B0-68306C8528F2}","Comments":null,"UpdateStatus":"AUTO","UpdateSource":"PMBC"}},{"type":"Feature","geometry":{"type":"Polygon","coordinates":[[[-118.216131,49.056364],[-118.216527,49.056369],[-118.216503,49.057313],[-118.216301,49.05727],[-118.216109,49.057261],[-118.216131,49.056364]]]},"properties":{"GlobalID":"{1D75D07D-19BF-43E3-80EB-BC83FDBABB5B}","Name":"008937630","PlanID":"{F7BB04FC-964C-4A29-8823-387FACF2AD65}","PlanNumber":"KAP13026","PIN":null,"PID":8937630,"Designation1":"Lot B","Designation2":null,"Designation3":null,"ParcelStatus":"ACTIVE","RegionalDistrict":"0019","ParcelClass":"SUBDIVISION","SourceParcelID":null,"GeometrySource":"ICF","IsRemainder":"NO","ParcelStartDate":null,"PositionalError":3.27480062,"LegalDescription":"LOT B DISTRICT LOT 970 SIMILKAMEEN DIVISION YALE DISTRICT PLAN 13026","CaptureMethod":"UNKNOWN","OwnerType":"PRIVATE","Compiled":1,"CreatedDate":"2016-09-20T23:24:06.000Z","ModifiedDate":"2022-01-25T02:29:30.000Z","StatedArea":null,"ErrorReportedBy":"LSA","Municipality":"0163","OBJECTID":50040,"created_user":"SDE","created_date":"2024-11-12T16:15:31.000Z","last_edited_user":"SDE","last_edited_date":"2026-03-25T16:06:10.000Z","Shape__Area":2935.64838845,"Shape__Length":263.2791913993413,"CommonName":null,"SourceGlobalID":"{F53CD877-A43A-4077-B995-637759F3B57A}","Comments":null,"UpdateStatus":"AUTO","UpdateSource":"PMBC"}},{"type":"Feature","geometry":{"type":"Polygon","coordinates":[[[-118.212397,49.06478],[-118.212258,49.064507],[-118.212628,49.064756],[-118.212618,49.064803],[-118.212597,49.06483],[-118.212397,49.06478]]]},"properties":{"GlobalID":"{F96B63EA-FC2D-4FC1-956F-69F0AE02DC6E}","Name":"011072784","PlanID":"{92311F22-ACA9-4CF5-A25F-7F3BCB011DA2}","PlanNumber":"KAP1922","PIN":3606601,"PID":11072784,"Designation1":"REM Lot E","Designation2":null,"Designation3":null,"ParcelStatus":"ACTIVE","RegionalDistrict":"0019","ParcelClass":"SUBDIVISION","SourceParcelID":null,"GeometrySource":"MODIFIED-ICF","IsRemainder":"YES","ParcelStartDate":"2021-12-20T08:00:00.000Z","PositionalError":3.8386089,"LegalDescription":"LOT E DISTRICT LOT 2806 SIMILKAMEEN DIVISION YALE DISTRICT PLAN 1922 EXCEPT PLAN H738","CaptureMethod":"UNKNOWN","OwnerType":"CROWN PROVINCIAL","Compiled":1,"CreatedDate":"2016-09-20T23:24:06.000Z","ModifiedDate":"2025-10-15T15:02:49.000Z","StatedArea":null,"ErrorReportedBy":"LSA","Municipality":"0163","OBJECTID":50041,"created_user":"SDE","created_date":"2024-11-12T16:15:31.000Z","last_edited_user":"SDE","last_edited_date":"2026-03-25T16:06:10.000Z","Shape__Area":338.50732869,"Shape__Length":94.95689285449524,"CommonName":null,"SourceGlobalID":"{09A26697-CEB4-43F9-BBF7-5CD34CD63B4B}","Comments":null,"UpdateStatus":"AUTO","UpdateSource":"PMBC"}},{"type":"Feature","geometry":{"type":"Polygon","coordinates":[[[-118.216936,49.055858],[-118.216927,49.056137],[-118.216842,49.05619],[-118.216259,49.056183],[-118.216272,49.055842],[-118.216936,49.055847],[-118.216936,49.055858]]]},"properties":{"GlobalID":"{65251150-FF67-4967-A552-25B612F811F9}","Name":"026594811","PlanID":"{17E3E2FD-D509-4944-B6E3-63167469C7FB}","PlanNumber":"KAP80406","PIN":null,"PID":26594811,"Designation1":"Lot 1","Designation2":null,"Designation3":null,"ParcelStatus":"ACTIVE","RegionalDistrict":"0019","ParcelClass":"SUBDIVISION","SourceParcelID":null,"GeometrySource":"ICF","IsRemainder":"NO","ParcelStartDate":"2006-02-28T08:00:00.000Z","PositionalError":3.21923329,"LegalDescription":"LOT 1 DISTRICT LOT 970 SIMILKAMEEN DIVISION YALE DISTRICT PLAN KAP80406","CaptureMethod":"UNKNOWN","OwnerType":"PRIVATE","Compiled":1,"CreatedDate":"2016-09-20T23:24:06.000Z","ModifiedDate":"2022-01-25T02:29:30.000Z","StatedArea":null,"ErrorReportedBy":"LSA","Municipality":"0163","OBJECTID":50042,"created_user":"SDE","created_date":"2024-11-12T16:15:31.000Z","last_edited_user":"SDE","last_edited_date":"2026-03-25T16:06:10.000Z","Shape__Area":1832.411819805,"Shape__Length":169.80175638282591,"CommonName":null,"SourceGlobalID":"{7ACCE783-8EEE-4DC6-9465-51C331CE234A}","Comments":null,"UpdateStatus":"AUTO","UpdateSource":"PMBC"}},{"type":"Feature","geometry":{"type":"Polygon","coordinates":[[[-118.217141,49.056692],[-118.217147,49.056376],[-118.217418,49.056381],[-118.21741,49.056773],[-118.217139,49.056768],[-118.217141,49.056692]]]},"properties":{"GlobalID":"{8996A385-4CD0-46CB-98B7-B7AE24BDC85E}","Name":"004687523","PlanID":"{098C31AD-E876-40BB-B2FA-1F61FB76DDAE}","PlanNumber":"KAP27923","PIN":null,"PID":4687523,"Designation1":"Lot 1","Designation2":null,"Designation3":null,"ParcelStatus":"ACTIVE","RegionalDistrict":"0019","ParcelClass":"SUBDIVISION","SourceParcelID":null,"GeometrySource":"ICF","IsRemainder":"NO","ParcelStartDate":null,"PositionalError":3.30295147,"LegalDescription":"LOT 1 DISTRICT LOT 970 SIMILKAMEEN DIVISION YALE DISTRICT PLAN 27923","CaptureMethod":"UNKNOWN","OwnerType":"PRIVATE","Compiled":1,"CreatedDate":"2016-09-20T23:24:06.000Z","ModifiedDate":"2022-01-25T02:29:30.000Z","StatedArea":null,"ErrorReportedBy":"LSA","Municipality":"0163","OBJECTID":50043,"created_user":"SDE","created_date":"2024-11-12T16:15:31.000Z","last_edited_user":"SDE","last_edited_date":"2026-03-25T16:06:10.000Z","Shape__Area":862.7159495,"Shape__Length":126.75743233947256,"CommonName":null,"SourceGlobalID":"{4829FB79-97E1-475F-B011-CD46517479D5}","Comments":null,"UpdateStatus":"AUTO","UpdateSource":"PMBC"}},{"type":"Feature","geometry":{"type":"Polygon","coordinates":[[[-118.21817,49.056247],[-118.219823,49.056264],[-118.219822,49.056275],[-118.219823,49.056301],[-118.219842,49.05641],[-118.219853,49.056426],[-118.219862,49.056444],[-118.219869,49.056463],[-118.219875,49.056474],[-118.21988,49.056486],[-118.219883,49.056499],[-118.219884,49.056512],[-118.219883,49.056526],[-118.219884,49.056541],[-118.219886,49.056555],[-118.218176,49.056531],[-118.21817,49.056247]]]},"properties":{"GlobalID":"{828714AB-FB91-4EA3-B68E-B178543CBE3A}","Name":"014910900","PlanID":"{F0DB3B36-A152-4C45-B118-275779D2B1D7}","PlanNumber":"NO_PLAN","PIN":null,"PID":14910900,"Designation1":"PART 12","Designation2":"970","Designation3":null,"ParcelStatus":"ACTIVE","RegionalDistrict":"0019","ParcelClass":"SUBDIVISION","SourceParcelID":null,"GeometrySource":"ICF","IsRemainder":"NO","ParcelStartDate":null,"PositionalError":4.578337,"LegalDescription":"THAT PART OF PARCEL 12 OF DISTRICT LOT 970 CONTAINING 0.97 ACRE MORE OR LESS AS SHOWN ON PLAN B3656; SIMILKAMEEN DIVISION YALE DISTRICT","CaptureMethod":"UNKNOWN","OwnerType":"PRIVATE","Compiled":1,"CreatedDate":"2016-09-20T23:24:06.000Z","ModifiedDate":"2025-06-24T10:14:53.000Z","StatedArea":null,"ErrorReportedBy":"LSA","Municipality":"0163","OBJECTID":50044,"created_user":"SDE","created_date":"2024-11-12T16:15:31.000Z","last_edited_user":"SDE","last_edited_date":"2026-03-25T16:06:10.000Z","Shape__Area":3914.864018935,"Shape__Length":310.3000943704647,"CommonName":null,"SourceGlobalID":"{B27EC467-791C-49C7-A8EB-DCD99394F96A}","Comments":null,"UpdateStatus":"AUTO","UpdateSource":"PMBC"}},{"type":"Feature","geometry":{"type":"Polygon","coordinates":[[[-118.213063,49.056455],[-118.213055,49.056266],[-118.213248,49.056268],[-118.213232,49.056454],[-118.213063,49.056455]]]},"properties":{"GlobalID":"{B7759722-B472-4C8E-BBA1-B6505AB20D0B}","Name":"010882456","PlanID":"{3BD641A7-E17E-4E4E-94FB-44C85114026B}","PlanNumber":"KAP6669B","PIN":null,"PID":10882456,"Designation1":"Parcel B","Designation2":"Lot 1","Designation3":null,"ParcelStatus":"ACTIVE","RegionalDistrict":"0019","ParcelClass":"SUBDIVISION","SourceParcelID":null,"GeometrySource":"ICF","IsRemainder":"NO","ParcelStartDate":null,"PositionalError":2.50101943,"LegalDescription":"PARCEL B (DD 142832F AND PLAN B6669) OF LOT 1 DISTRICT LOT 970 SIMILKAMEEN DIVISION YALE DISTRICT PLAN 3260","CaptureMethod":"UNKNOWN","OwnerType":"PRIVATE","Compiled":1,"CreatedDate":"2016-09-20T23:24:06.000Z","ModifiedDate":"2022-01-25T02:29:30.000Z","StatedArea":"277.9","ErrorReportedBy":"LSA","Municipality":"0163","OBJECTID":50045,"created_user":"SDE","created_date":"2024-11-12T16:15:31.000Z","last_edited_user":"SDE","last_edited_date":"2026-03-25T16:06:10.000Z","Shape__Area":276.15480066,"Shape__Length":68.24579611905128,"CommonName":null,"SourceGlobalID":"{040BD7EF-965A-4C16-8A9B-D769CDA8C11F}","Comments":null,"UpdateStatus":"AUTO","UpdateSource":"PMBC"}},{"type":"Feature","geometry":{"type":"Polygon","coordinates":[[[-118.215452,49.057755],[-118.215462,49.057518],[-118.215486,49.056858],[-118.215535,49.056857],[-118.215869,49.05685],[-118.215865,49.056993],[-118.215858,49.057249],[-118.216109,49.057261],[-118.216301,49.05727],[-118.216279,49.057929],[-118.215658,49.057796],[-118.215452,49.057755]]]},"properties":{"GlobalID":"{7A812A44-EC81-41A9-8287-EAE588381096}","Name":"024931781","PlanID":"{0EBF87A1-A48C-4075-A8D3-203E1B422E65}","PlanNumber":"KAP4404","PIN":null,"PID":24931781,"Designation1":"Parcel A","Designation2":null,"Designation3":null,"ParcelStatus":"ACTIVE","RegionalDistrict":"0019","ParcelClass":"SUBDIVISION","SourceParcelID":null,"GeometrySource":"ICF","IsRemainder":"NO","ParcelStartDate":"2001-01-18T08:00:00.000Z","PositionalError":3.2121769,"LegalDescription":"PARCEL A (SEE KR4131) OF DISTRICT LOT 970 SIMILKAMEEN DIVISION YALE DISTRICT PLAN 4404","CaptureMethod":"UNKNOWN","OwnerType":"PRIVATE","Compiled":1,"CreatedDate":"2016-09-20T23:24:06.000Z","ModifiedDate":"2025-06-24T10:14:53.000Z","StatedArea":null,"ErrorReportedBy":"LSA","Municipality":"0163","OBJECTID":50046,"created_user":"SDE","created_date":"2024-11-12T16:15:31.000Z","last_edited_user":"SDE","last_edited_date":"2026-03-25T16:06:10.000Z","Shape__Area":5192.30590384,"Shape__Length":341.07240428541814,"CommonName":null,"SourceGlobalID":"{C5278E47-F650-476C-A4FD-6E1DB4DCB721}","Comments":null,"UpdateStatus":"AUTO","UpdateSource":"PMBC"}},{"type":"Feature","geometry":{"type":"Polygon","coordinates":[[[-118.213463,49.054216],[-118.213584,49.054217],[-118.213636,49.054217],[-118.21387,49.054218],[-118.213901,49.054218],[-118.214139,49.054219],[-118.214188,49.054219],[-118.214418,49.05422],[-118.214548,49.05422],[-118.214545,49.054497],[-118.214543,49.054763],[-118.214758,49.054768],[-118.214833,49.054889],[-118.215575,49.054914],[-118.215571,49.055265],[-118.215486,49.055319],[-118.213957,49.055322],[-118.213945,49.055149],[-118.213969,49.054861],[-118.213989,49.054666],[-118.214022,49.05441],[-118.213475,49.054451],[-118.213106,49.054478],[-118.213032,49.054481],[-118.213031,49.054217],[-118.213073,49.054216],[-118.213298,49.054216],[-118.213373,49.054216],[-118.213463,49.054216]]]},"properties":{"GlobalID":"{3A46F13C-8F01-4677-829C-7CA973A27F65}","Name":"026644673","PlanID":"{34FDFCAA-E95C-4D98-9C90-C923834124A4}","PlanNumber":"KAP80728","PIN":null,"PID":26644673,"Designation1":"Lot 2","Designation2":null,"Designation3":null,"ParcelStatus":"ACTIVE","RegionalDistrict":"0019","ParcelClass":"SUBDIVISION","SourceParcelID":null,"GeometrySource":"ICF","IsRemainder":"NO","ParcelStartDate":"2006-04-19T07:00:00.000Z","PositionalError":3.13624948,"LegalDescription":"LOT 2 DISTRICT LOT 970 SIMILKAMEEN DIVISION YALE DISTRICT PLAN KAP80728","CaptureMethod":"UNKNOWN","OwnerType":"PRIVATE","Compiled":1,"CreatedDate":"2016-09-20T23:24:06.000Z","ModifiedDate":"2022-01-25T02:29:30.000Z","StatedArea":null,"ErrorReportedBy":"LSA","Municipality":"0163","OBJECTID":50047,"created_user":"SDE","created_date":"2024-11-12T16:15:31.000Z","last_edited_user":"SDE","last_edited_date":"2026-03-25T16:06:10.000Z","Shape__Area":10642.104281635,"Shape__Length":618.8827837010765,"CommonName":null,"SourceGlobalID":"{5D33C18B-2F43-4E03-90D8-244A683F6CB2}","Comments":null,"UpdateStatus":"AUTO","UpdateSource":"PMBC"}},{"type":"Feature","geometry":{"type":"Polygon","coordinates":[[[-118.21619,49.054637],[-118.216521,49.054642],[-118.21662,49.05535],[-118.216203,49.055343],[-118.21619,49.054637]]]},"properties":{"GlobalID":"{A6AA94DE-4DBB-40DB-955C-7D4E50DF102C}","Name":"004323335","PlanID":"{B3167CFF-F2E1-43AA-AC94-4F66C1542C13}","PlanNumber":"KAP29415","PIN":null,"PID":4323335,"Designation1":"Lot 6","Designation2":null,"Designation3":null,"ParcelStatus":"ACTIVE","RegionalDistrict":"0019","ParcelClass":"SUBDIVISION","SourceParcelID":null,"GeometrySource":"ICF","IsRemainder":"NO","ParcelStartDate":null,"PositionalError":1.4222299,"LegalDescription":"LOT 6 DISTRICT LOT 970 SIMILKAMEEN DIVISION YALE DISTRICT PLAN 29415","CaptureMethod":"UNKNOWN","OwnerType":"PRIVATE","Compiled":1,"CreatedDate":"2016-09-20T23:24:06.000Z","ModifiedDate":"2022-01-25T02:29:30.000Z","StatedArea":null,"ErrorReportedBy":"LSA","Municipality":"0163","OBJECTID":50048,"created_user":"SDE","created_date":"2024-11-12T16:15:31.000Z","last_edited_user":"SDE","last_edited_date":"2026-03-25T16:06:10.000Z","Shape__Area":2144.983887835,"Shape__Length":212.16158737456524,"CommonName":null,"SourceGlobalID":"{803055D3-6869-48DD-AE42-25C4F995D738}","Comments":null,"UpdateStatus":"AUTO","UpdateSource":"PMBC"}},{"type":"Feature","geometry":{"type":"Polygon","coordinates":[[[-118.217194,49.063539],[-118.217203,49.063592],[-118.217201,49.063624],[-118.216304,49.063139],[-118.216988,49.062607],[-118.217133,49.062689],[-118.216917,49.062882],[-118.217335,49.063118],[-118.2173,49.06319],[-118.21729,49.063217],[-118.217268,49.063266],[-118.217221,49.063388],[-118.217198,49.063488],[-118.217194,49.063539]]]},"properties":{"GlobalID":"{F077FEBB-7D7E-4B35-AF8F-77721DB5C8C9}","Name":"014910551","PlanID":"{F0DB3B36-A152-4C45-B118-275779D2B1D7}","PlanNumber":"NO_PLAN","PIN":null,"PID":14910551,"Designation1":"PART 970","Designation2":null,"Designation3":null,"ParcelStatus":"ACTIVE","RegionalDistrict":"0019","ParcelClass":"SUBDIVISION","SourceParcelID":null,"GeometrySource":"ICF","IsRemainder":"NO","ParcelStartDate":null,"PositionalError":4.11810217,"LegalDescription":"THAT PART OF DISTRICT LOT 970 SHOWN ON PLAN B1995; SIMILKAMEEN DIVISION YALE DISTRICT","CaptureMethod":"UNKNOWN","OwnerType":"PRIVATE","Compiled":1,"CreatedDate":"2016-09-20T23:24:06.000Z","ModifiedDate":"2022-01-25T02:29:30.000Z","StatedArea":null,"ErrorReportedBy":"LSA","Municipality":"0163","OBJECTID":50049,"created_user":"SDE","created_date":"2024-11-12T16:15:31.000Z","last_edited_user":"SDE","last_edited_date":"2026-03-25T16:06:10.000Z","Shape__Area":3816.650377275,"Shape__Length":300.61295841277234,"CommonName":null,"SourceGlobalID":"{3E5A4608-0A9F-40B9-B934-8E73CA188B16}","Comments":null,"UpdateStatus":"AUTO","UpdateSource":"PMBC"}},{"type":"Feature","geometry":{"type":"Polygon","coordinates":[[[-118.212927,49.0537],[-118.212964,49.053695],[-118.213001,49.053683],[-118.213035,49.053667],[-118.213066,49.053645],[-118.213189,49.053645],[-118.213073,49.054216],[-118.213031,49.054217],[-118.212769,49.054214],[-118.212927,49.0537]]]},"properties":{"GlobalID":"{A9B364B2-DB60-4E42-83EA-24D978D2ECC5}","Name":"004376081","PlanID":"{59A23AA5-0266-46F5-AE0F-83463EB87B25}","PlanNumber":"KAP29184","PIN":null,"PID":4376081,"Designation1":"Lot 10","Designation2":null,"Designation3":null,"ParcelStatus":"ACTIVE","RegionalDistrict":"0019","ParcelClass":"SUBDIVISION","SourceParcelID":null,"GeometrySource":"MODIFIED-ICF","IsRemainder":"NO","ParcelStartDate":null,"PositionalError":2.1543388,"LegalDescription":"LOT 10 DISTRICT LOT 970 SIMILKAMEEN DIVISION YALE DISTRICT PLAN 29184","CaptureMethod":"UNKNOWN","OwnerType":"PRIVATE","Compiled":1,"CreatedDate":"2016-09-20T23:24:06.000Z","ModifiedDate":"2025-06-24T10:14:53.000Z","StatedArea":null,"ErrorReportedBy":"LSA","Municipality":"0163","OBJECTID":50050,"created_user":"SDE","created_date":"2024-11-12T16:15:31.000Z","last_edited_user":"SDE","last_edited_date":"2026-03-25T16:06:10.000Z","Shape__Area":1236.18358175,"Shape__Length":165.58192186740067,"CommonName":null,"SourceGlobalID":"{CFD7DF07-018F-4ABF-93B5-69ED42921202}","Comments":null,"UpdateStatus":"AUTO","UpdateSource":"PMBC"}},{"type":"Feature","geometry":{"type":"Polygon","coordinates":[[[-118.214465,49.056839],[-118.21478,49.056842],[-118.214747,49.057611],[-118.213959,49.057452],[-118.213993,49.056839],[-118.214465,49.056839]]]},"properties":{"GlobalID":"{C72535C2-3899-4BEE-A7C2-68D2E4E4CDFE}","Name":"005706343","PlanID":"{0EBF87A1-A48C-4075-A8D3-203E1B422E65}","PlanNumber":"KAP4404","PIN":null,"PID":5706343,"Designation1":"Lot 6","Designation2":null,"Designation3":null,"ParcelStatus":"ACTIVE","RegionalDistrict":"0019","ParcelClass":"SUBDIVISION","SourceParcelID":null,"GeometrySource":"ICF","IsRemainder":"NO","ParcelStartDate":null,"PositionalError":2.61802905,"LegalDescription":"LOT 6 DISTRICT LOT 970 SIMILKAMEEN DIVISION YALE DISTRICT PLAN 4404","CaptureMethod":"UNKNOWN","OwnerType":"PRIVATE","Compiled":1,"CreatedDate":"2016-09-20T23:24:06.000Z","ModifiedDate":"2022-01-25T02:29:30.000Z","StatedArea":null,"ErrorReportedBy":"LSA","Municipality":"0163","OBJECTID":50051,"created_user":"SDE","created_date":"2024-11-12T16:15:31.000Z","last_edited_user":"SDE","last_edited_date":"2026-03-25T16:06:10.000Z","Shape__Area":4450.08860598,"Shape__Length":271.5351743129086,"CommonName":null,"SourceGlobalID":"{FF89FECB-61A1-4E6B-94EA-A948F5F67040}","Comments":null,"UpdateStatus":"AUTO","UpdateSource":"PMBC"}},{"type":"Feature","geometry":{"type":"Polygon","coordinates":[[[-118.210604,49.055675],[-118.210562,49.055635],[-118.210522,49.055597],[-118.21046,49.055539],[-118.210322,49.055409],[-118.210363,49.055366],[-118.210516,49.055207],[-118.210826,49.055238],[-118.210826,49.055238],[-118.211627,49.055319],[-118.212127,49.05537],[-118.212121,49.055515],[-118.212108,49.055826],[-118.212101,49.055826],[-118.211044,49.055719],[-118.211043,49.055719],[-118.210801,49.055695],[-118.210604,49.055675]]]},"properties":{"GlobalID":"{C05D7CA6-5972-47BE-A26F-FA91F4434601}","Name":"005299144","PlanID":"{0C2CA1B3-DD7D-40AA-8713-707645F4D84C}","PlanNumber":"KAP25939","PIN":null,"PID":5299144,"Designation1":"Lot 1","Designation2":null,"Designation3":null,"ParcelStatus":"ACTIVE","RegionalDistrict":"0019","ParcelClass":"SUBDIVISION","SourceParcelID":null,"GeometrySource":"ICF","IsRemainder":"NO","ParcelStartDate":null,"PositionalError":1.1126509,"LegalDescription":"LOT 1 DISTRICT LOT 750 SIMILKAMEEN DIVISION YALE DISTRICT PLAN 25939","CaptureMethod":"UNKNOWN","OwnerType":"PRIVATE","Compiled":1,"CreatedDate":"2016-09-20T23:24:06.000Z","ModifiedDate":"2025-06-24T10:14:53.000Z","StatedArea":null,"ErrorReportedBy":"LSA","Municipality":"0163","OBJECTID":50052,"created_user":"SDE","created_date":"2024-11-12T16:15:31.000Z","last_edited_user":"SDE","last_edited_date":"2026-03-25T16:06:10.000Z","Shape__Area":6248.5368061,"Shape__Length":343.6781397605219,"CommonName":null,"SourceGlobalID":"{1FB91789-6C4B-4826-837E-A9D6ED40838D}","Comments":null,"UpdateStatus":"AUTO","UpdateSource":"PMBC"}},{"type":"Feature","geometry":{"type":"Polygon","coordinates":[[[-118.208814,49.054488],[-118.209069,49.054383],[-118.209216,49.054323],[-118.20974,49.054109],[-118.210393,49.054496],[-118.210414,49.054508],[-118.210383,49.054592],[-118.208477,49.054626],[-118.208814,49.054488]]]},"properties":{"GlobalID":"{10FD876E-023D-4243-A25D-7F44B2764165}","Name":"009792961","PlanID":"{FA78CEDF-6142-4082-993B-7D593F1EFEAF}","PlanNumber":"KAP8704","PIN":null,"PID":9792961,"Designation1":"Lot 4","Designation2":null,"Designation3":null,"ParcelStatus":"ACTIVE","RegionalDistrict":"0019","ParcelClass":"SUBDIVISION","SourceParcelID":null,"GeometrySource":"ICF","IsRemainder":"NO","ParcelStartDate":null,"PositionalError":2.1269324,"LegalDescription":"LOT 4 DISTRICT LOT 750 SIMILKAMEEN DIVISION YALE DISTRICT PLAN 8704","CaptureMethod":"UNKNOWN","OwnerType":"PRIVATE","Compiled":1,"CreatedDate":"2016-09-20T23:24:06.000Z","ModifiedDate":"2025-06-24T10:14:53.000Z","StatedArea":null,"ErrorReportedBy":"LSA","Municipality":"0163","OBJECTID":50053,"created_user":"SDE","created_date":"2024-11-12T16:15:31.000Z","last_edited_user":"SDE","last_edited_date":"2026-03-25T16:06:10.000Z","Shape__Area":4110.97180233,"Shape__Length":323.95992688279966,"CommonName":null,"SourceGlobalID":"{D2C4F807-D481-4E31-9AE3-B7EDA3E9C61D}","Comments":null,"UpdateStatus":"AUTO","UpdateSource":"PMBC"}},{"type":"Feature","geometry":{"type":"Polygon","coordinates":[[[-118.217114,49.063955],[-118.217092,49.06399],[-118.217015,49.064069],[-118.21696,49.064116],[-118.216927,49.064136],[-118.216806,49.064182],[-118.216762,49.064197],[-118.216712,49.064158],[-118.215849,49.063485],[-118.215885,49.063458],[-118.216106,49.063291],[-118.217019,49.063893],[-118.217114,49.063955]]]},"properties":{"GlobalID":"{50FF7021-0576-48C5-A8B6-36E82420DBB4}","Name":"027798348","PlanID":"{21A3A4A4-FED4-4300-95E1-A78E7DC7E42B}","PlanNumber":"KAP88462","PIN":null,"PID":27798348,"Designation1":"Lot 1","Designation2":null,"Designation3":null,"ParcelStatus":"ACTIVE","RegionalDistrict":"0019","ParcelClass":"SUBDIVISION","SourceParcelID":null,"GeometrySource":"ICF","IsRemainder":"NO","ParcelStartDate":"2009-01-30T08:00:00.000Z","PositionalError":2.52158179,"LegalDescription":"LOT 1 DISTRICT LOT 970 SIMILKAMEEN DIVISION YALE DISTRICT PLAN KAP88462","CaptureMethod":"UNKNOWN","OwnerType":"PRIVATE","Compiled":1,"CreatedDate":"2016-09-20T23:24:06.000Z","ModifiedDate":"2022-01-25T02:29:30.000Z","StatedArea":null,"ErrorReportedBy":"LSA","Municipality":"0163","OBJECTID":50054,"created_user":"SDE","created_date":"2024-11-12T16:15:31.000Z","last_edited_user":"SDE","last_edited_date":"2026-03-25T16:06:10.000Z","Shape__Area":3495.66780275,"Shape__Length":274.66801401145375,"CommonName":null,"SourceGlobalID":"{7BF0F528-94FA-4C28-A21F-A1D7FBB9EEA5}","Comments":null,"UpdateStatus":"AUTO","UpdateSource":"PMBC"}},{"type":"Feature","geometry":{"type":"Polygon","coordinates":[[[-118.217725,49.062066],[-118.218296,49.061634],[-118.218964,49.062015],[-118.219031,49.062054],[-118.218933,49.062099],[-118.218829,49.06216],[-118.218708,49.062228],[-118.218584,49.062305],[-118.218472,49.062364],[-118.218363,49.062439],[-118.217725,49.062066]]]},"properties":{"GlobalID":"{BEF0BDBE-7EBA-4493-8E4B-1415CD9C73AB}","Name":"014909766","PlanID":"{F0DB3B36-A152-4C45-B118-275779D2B1D7}","PlanNumber":"NO_PLAN","PIN":null,"PID":14909766,"Designation1":"2","Designation2":"970","Designation3":null,"ParcelStatus":"ACTIVE","RegionalDistrict":"0019","ParcelClass":"SUBDIVISION","SourceParcelID":null,"GeometrySource":"ICF","IsRemainder":"NO","ParcelStartDate":null,"PositionalError":3.15390382,"LegalDescription":"PARCEL 2 (DD 29521F) OF DISTRICT LOT 970 SIMILKAMEEN DIVISION YALE DISTRICT","CaptureMethod":"UNKNOWN","OwnerType":"PRIVATE","Compiled":1,"CreatedDate":"2016-09-20T23:24:06.000Z","ModifiedDate":"2025-07-30T16:01:09.000Z","StatedArea":null,"ErrorReportedBy":"PMBC-OPERATIONS","Municipality":"0163","OBJECTID":50056,"created_user":"SDE","created_date":"2024-11-12T16:15:31.000Z","last_edited_user":"SDE","last_edited_date":"2026-03-25T16:06:10.000Z","Shape__Area":4227.718637495,"Shape__Length":262.23265563622505,"CommonName":null,"SourceGlobalID":"{4DE1E34B-1135-4291-9033-64A4AE552202}","Comments":null,"UpdateStatus":"AUTO","UpdateSource":"PMBC"}},{"type":"Feature","geometry":{"type":"Polygon","coordinates":[[[-118.218409,49.054986],[-118.218389,49.05543],[-118.218181,49.055426],[-118.218181,49.055424],[-118.2182,49.054983],[-118.218409,49.054986]]]},"properties":{"GlobalID":"{5AED9BFE-0C42-4CE8-9C02-565D75BE01E5}","Name":"011249943","PlanID":"{722F84A8-843A-472E-835E-3FB020E9893F}","PlanNumber":"KAP1960","PIN":null,"PID":11249943,"Designation1":"Lot 3","Designation2":null,"Designation3":null,"ParcelStatus":"ACTIVE","RegionalDistrict":"0019","ParcelClass":"SUBDIVISION","SourceParcelID":null,"GeometrySource":"ICF","IsRemainder":"NO","ParcelStartDate":null,"PositionalError":0.95076436,"LegalDescription":"THAT PART OF LOT 3 LYING TO THE NORTH OF A LINE DRAWN PARALLEL TO AND 165 FEET SOUTHERLY FROM THE NORTHERLY BOUNDARY OF SAID LOT DISTRICT LOT 970 SIMILKAMEEN DIVISION YALE DISTRICT PLAN 1960","CaptureMethod":"UNKNOWN","OwnerType":"PRIVATE","Compiled":1,"CreatedDate":"2016-09-20T23:24:06.000Z","ModifiedDate":"2022-01-25T02:29:30.000Z","StatedArea":null,"ErrorReportedBy":"LSA","Municipality":"0163","OBJECTID":50057,"created_user":"SDE","created_date":"2024-11-12T16:15:31.000Z","last_edited_user":"SDE","last_edited_date":"2026-03-25T16:06:10.000Z","Shape__Area":750.007265785,"Shape__Length":129.03447147170013,"CommonName":null,"SourceGlobalID":"{9979CF17-ECB6-4670-ABE6-DA22A3F399D2}","Comments":null,"UpdateStatus":"AUTO","UpdateSource":"PMBC"}},{"type":"Feature","geometry":{"type":"Polygon","coordinates":[[[-118.213989,49.054666],[-118.213969,49.054861],[-118.213945,49.055149],[-118.213957,49.055322],[-118.213556,49.055322],[-118.213493,49.055225],[-118.213426,49.055131],[-118.213356,49.055039],[-118.213282,49.054951],[-118.2136,49.054874],[-118.213577,49.054682],[-118.213989,49.054666]]]},"properties":{"GlobalID":"{E84B5911-F636-4798-9E7C-2B7FCEFEDF33}","Name":"026644665","PlanID":"{34FDFCAA-E95C-4D98-9C90-C923834124A4}","PlanNumber":"KAP80728","PIN":null,"PID":26644665,"Designation1":"Lot 1","Designation2":null,"Designation3":null,"ParcelStatus":"ACTIVE","RegionalDistrict":"0019","ParcelClass":"SUBDIVISION","SourceParcelID":null,"GeometrySource":"ICF","IsRemainder":"NO","ParcelStartDate":"2006-04-19T07:00:00.000Z","PositionalError":2.59526358,"LegalDescription":"LOT 1 DISTRICT LOT 970 SIMILKAMEEN DIVISION YALE DISTRICT PLAN KAP80728","CaptureMethod":"UNKNOWN","OwnerType":"PRIVATE","Compiled":1,"CreatedDate":"2016-09-20T23:24:06.000Z","ModifiedDate":"2022-01-25T02:29:30.000Z","StatedArea":null,"ErrorReportedBy":"LSA","Municipality":"0163","OBJECTID":50058,"created_user":"SDE","created_date":"2024-11-12T16:15:31.000Z","last_edited_user":"SDE","last_edited_date":"2026-03-25T16:06:10.000Z","Shape__Area":2546.297825095,"Shape__Length":224.54111545025003,"CommonName":null,"SourceGlobalID":"{E79233AF-47F3-42F7-BC56-B186CECBA848}","Comments":null,"UpdateStatus":"AUTO","UpdateSource":"PMBC"}},{"type":"Feature","geometry":{"type":"Polygon","coordinates":[[[-118.214286,49.06428],[-118.214297,49.064034],[-118.214311,49.063726],[-118.214524,49.06373],[-118.214517,49.063979],[-118.214508,49.064287],[-118.214478,49.064288],[-118.214449,49.064291],[-118.214415,49.064291],[-118.214327,49.064283],[-118.214286,49.06428]]]},"properties":{"GlobalID":"{D7D6FC66-B1FF-45C6-BA8F-5752AF73EA10}","Name":"004578007","PlanID":"{80170861-2987-4E97-A0C4-719EE8E42C70}","PlanNumber":"KAP2057","PIN":null,"PID":4578007,"Designation1":"Lot 3","Designation2":null,"Designation3":null,"ParcelStatus":"ACTIVE","RegionalDistrict":"0019","ParcelClass":"SUBDIVISION","SourceParcelID":null,"GeometrySource":"ICF","IsRemainder":"NO","ParcelStartDate":null,"PositionalError":4.084043,"LegalDescription":"LOT 3 DISTRICT LOT 970 SIMILKAMEEN DIVISION YALE DISTRICT PLAN 2057","CaptureMethod":"UNKNOWN","OwnerType":"PRIVATE","Compiled":1,"CreatedDate":"2016-09-20T23:24:06.000Z","ModifiedDate":"2025-10-15T15:02:49.000Z","StatedArea":null,"ErrorReportedBy":"LSA","Municipality":"0163","OBJECTID":50059,"created_user":"SDE","created_date":"2024-11-12T16:15:31.000Z","last_edited_user":"SDE","last_edited_date":"2026-03-25T16:06:10.000Z","Shape__Area":988.887967985,"Shape__Length":155.48022497258276,"CommonName":null,"SourceGlobalID":"{B97695A7-E7AE-4C9B-B573-465269057C05}","Comments":null,"UpdateStatus":"AUTO","UpdateSource":"PMBC"}},{"type":"Feature","geometry":{"type":"Polygon","coordinates":[[[-118.21478,49.056842],[-118.214937,49.056842],[-118.215486,49.056858],[-118.215462,49.057518],[-118.215452,49.057755],[-118.214747,49.057611],[-118.21478,49.056842]]]},"properties":{"GlobalID":"{2D796147-C020-486F-87D2-507EA6AFC0EF}","Name":"010554017","PlanID":"{0EBF87A1-A48C-4075-A8D3-203E1B422E65}","PlanNumber":"KAP4404","PIN":null,"PID":10554017,"Designation1":"Lot 7","Designation2":null,"Designation3":null,"ParcelStatus":"ACTIVE","RegionalDistrict":"0019","ParcelClass":"SUBDIVISION","SourceParcelID":null,"GeometrySource":"ICF","IsRemainder":"NO","ParcelStartDate":null,"PositionalError":2.85523056,"LegalDescription":"LOT 7 DISTRICT LOT 970 SIMILKAMEEN DIVISION YALE DISTRICT PLAN 4404","CaptureMethod":"UNKNOWN","OwnerType":"PRIVATE","Compiled":1,"CreatedDate":"2016-09-20T23:24:06.000Z","ModifiedDate":"2022-01-25T02:29:30.000Z","StatedArea":null,"ErrorReportedBy":"LSA","Municipality":"0163","OBJECTID":50060,"created_user":"SDE","created_date":"2024-11-12T16:15:31.000Z","last_edited_user":"SDE","last_edited_date":"2026-03-25T16:06:10.000Z","Shape__Area":4804.81120082,"Shape__Length":290.7333822221812,"CommonName":null,"SourceGlobalID":"{96E901ED-5071-49A2-AFB5-1921722EB2D8}","Comments":null,"UpdateStatus":"AUTO","UpdateSource":"PMBC"}},{"type":"Feature","geometry":{"type":"Polygon","coordinates":[[[-118.215803,49.053574],[-118.215809,49.053483],[-118.216602,49.053501],[-118.215803,49.053574]]]},"properties":{"GlobalID":"{382FC6A0-7906-48E0-8633-8B54278ABB37}","Name":"009737758","PlanID":"{E3F9AF7E-4EC7-4833-9E81-F7907454BFD4}","PlanNumber":"KAP9129","PIN":null,"PID":9737758,"Designation1":"Lot A","Designation2":null,"Designation3":null,"ParcelStatus":"ACTIVE","RegionalDistrict":"0019","ParcelClass":"SUBDIVISION","SourceParcelID":null,"GeometrySource":"MODIFIED-ICF","IsRemainder":"NO","ParcelStartDate":null,"PositionalError":2.84886602,"LegalDescription":"LOT A DISTRICT LOT 970 SIMILKAMEEN DIVISION YALE DISTRICT PLAN 9129","CaptureMethod":"UNKNOWN","OwnerType":"PRIVATE","Compiled":1,"CreatedDate":"2016-09-20T23:24:06.000Z","ModifiedDate":"2022-01-25T02:29:30.000Z","StatedArea":null,"ErrorReportedBy":"LSA","Municipality":"0163","OBJECTID":50061,"created_user":"SDE","created_date":"2024-11-12T16:15:31.000Z","last_edited_user":"SDE","last_edited_date":"2026-03-25T16:06:10.000Z","Shape__Area":292.557346605,"Shape__Length":126.94093629929118,"CommonName":null,"SourceGlobalID":"{EF117B83-1213-4647-865C-F45D597F820E}","Comments":null,"UpdateStatus":"AUTO","UpdateSource":"PMBC"}},{"type":"Feature","geometry":{"type":"Polygon","coordinates":[[[-118.212258,49.064507],[-118.212248,49.064343],[-118.212709,49.064671],[-118.212666,49.064711],[-118.212628,49.064756],[-118.212258,49.064507]]]},"properties":{"GlobalID":"{DD10D33A-B87E-4BE6-AFEB-EEA1ECD7448D}","Name":"002755882","PlanID":"{92311F22-ACA9-4CF5-A25F-7F3BCB011DA2}","PlanNumber":"KAP1922","PIN":null,"PID":2755882,"Designation1":"REM Lot D","Designation2":null,"Designation3":null,"ParcelStatus":"ACTIVE","RegionalDistrict":"0019","ParcelClass":"SUBDIVISION","SourceParcelID":null,"GeometrySource":"MODIFIED-ICF","IsRemainder":"YES","ParcelStartDate":"2021-12-20T08:00:00.000Z","PositionalError":3.9905676,"LegalDescription":"LOT D DISTRICT LOT 2806 SIMILKAMEEN DIVISION YALE DISTRICT PLAN 1922 EXCEPT PLAN H738","CaptureMethod":"UNKNOWN","OwnerType":"PRIVATE","Compiled":1,"CreatedDate":"2016-09-20T23:24:06.000Z","ModifiedDate":"2025-10-15T15:02:49.000Z","StatedArea":null,"ErrorReportedBy":"LSA","Municipality":"0163","OBJECTID":50062,"created_user":"SDE","created_date":"2024-11-12T16:15:31.000Z","last_edited_user":"SDE","last_edited_date":"2026-03-25T16:06:10.000Z","Shape__Area":501.822829265,"Shape__Length":117.79047336984985,"CommonName":null,"SourceGlobalID":"{3A75EFE2-B473-4C29-B057-965620AE05D5}","Comments":null,"UpdateStatus":"AUTO","UpdateSource":"PMBC"}},{"type":"Feature","geometry":{"type":"Polygon","coordinates":[[[-118.218176,49.056531],[-118.219886,49.056555],[-118.219888,49.056566],[-118.219883,49.056619],[-118.219887,49.056648],[-118.219896,49.056673],[-118.219924,49.056725],[-118.219943,49.056748],[-118.219973,49.056794],[-118.219992,49.056814],[-118.219997,49.056829],[-118.218183,49.056817],[-118.218176,49.056531]]]},"properties":{"GlobalID":"{A84682CF-9238-4B1C-9661-91F41A4E0D4E}","Name":"012773280","PlanID":"{F0DB3B36-A152-4C45-B118-275779D2B1D7}","PlanNumber":"NO_PLAN","PIN":null,"PID":12773280,"Designation1":"PART 970","Designation2":null,"Designation3":null,"ParcelStatus":"ACTIVE","RegionalDistrict":"0019","ParcelClass":"SUBDIVISION","SourceParcelID":null,"GeometrySource":"ICF","IsRemainder":"NO","ParcelStartDate":null,"PositionalError":5.2336436,"LegalDescription":"THAT PART DISTRICT LOT 970 SHOWN OUTLINED IN RED ON PLAN B3657 SIMILKAMEEN DIVISION YALE DISTRICT","CaptureMethod":"UNKNOWN","OwnerType":"PRIVATE","Compiled":1,"CreatedDate":"2016-09-20T23:24:06.000Z","ModifiedDate":"2025-06-24T10:14:53.000Z","StatedArea":null,"ErrorReportedBy":"LSA","Municipality":"0163","OBJECTID":50063,"created_user":"SDE","created_date":"2024-11-12T16:15:31.000Z","last_edited_user":"SDE","last_edited_date":"2026-03-25T16:06:10.000Z","Shape__Area":3951.257004135,"Shape__Length":321.5004809190623,"CommonName":null,"SourceGlobalID":"{5F93505D-1FC0-4BF9-87EA-1AE109E94F2D}","Comments":null,"UpdateStatus":"AUTO","UpdateSource":"PMBC"}},{"type":"Feature","geometry":{"type":"Polygon","coordinates":[[[-118.213405,49.064176],[-118.213407,49.064124],[-118.213424,49.063709],[-118.213914,49.063718],[-118.213883,49.064061],[-118.213877,49.064265],[-118.213854,49.064264],[-118.213661,49.064269],[-118.213628,49.064276],[-118.213605,49.064284],[-118.213397,49.064279],[-118.213405,49.064176]]]},"properties":{"GlobalID":"{1C963AD1-5521-4802-8F4F-BF2A28E6A675}","Name":"011264519","PlanID":"{80170861-2987-4E97-A0C4-719EE8E42C70}","PlanNumber":"KAP2057","PIN":null,"PID":11264519,"Designation1":"Lot 4","Designation2":null,"Designation3":null,"ParcelStatus":"ACTIVE","RegionalDistrict":"0019","ParcelClass":"SUBDIVISION","SourceParcelID":null,"GeometrySource":"ICF","IsRemainder":"NO","ParcelStartDate":null,"PositionalError":4.0429334,"LegalDescription":"THE EAST 117.42 FEET OF LOT 4 MEASURED ALONG THE SOUTH BOUNDARY OF SAID LOT; DISTRICT LOT 970 SIMILKAMEEN DIVISION YALE DISTRICT PLAN 2057","CaptureMethod":"UNKNOWN","OwnerType":"PRIVATE","Compiled":1,"CreatedDate":"2016-09-20T23:24:06.000Z","ModifiedDate":"2025-10-15T15:02:49.000Z","StatedArea":null,"ErrorReportedBy":"LSA","Municipality":"0163","OBJECTID":50064,"created_user":"SDE","created_date":"2024-11-12T16:15:31.000Z","last_edited_user":"SDE","last_edited_date":"2026-03-25T16:06:10.000Z","Shape__Area":2184.09675911,"Shape__Length":195.5331969672082,"CommonName":null,"SourceGlobalID":"{3C425141-5747-4A3D-A41A-8EFD13796790}","Comments":null,"UpdateStatus":"AUTO","UpdateSource":"PMBC"}},{"type":"Feature","geometry":{"type":"Polygon","coordinates":[[[-118.219868,49.059514],[-118.219898,49.059361],[-118.220203,49.059411],[-118.220522,49.059465],[-118.220389,49.059591],[-118.219868,49.059514]]]},"properties":{"GlobalID":"{290F454A-BF0D-4685-9B63-D0E17DE907FF}","Name":"005284015","PlanID":"{69CBC91C-55EB-4756-A57E-DB0947EE3743}","PlanNumber":"KAP25978","PIN":null,"PID":5284015,"Designation1":"Lot 11","Designation2":null,"Designation3":null,"ParcelStatus":"ACTIVE","RegionalDistrict":"0019","ParcelClass":"SUBDIVISION","SourceParcelID":null,"GeometrySource":"ICF","IsRemainder":"NO","ParcelStartDate":null,"PositionalError":2.9549972,"LegalDescription":"LOT 11 DISTRICT LOT 970 SIMILKAMEEN DIVISION YALE DISTRICT PLAN 25978","CaptureMethod":"UNKNOWN","OwnerType":"PRIVATE","Compiled":1,"CreatedDate":"2016-09-20T23:24:06.000Z","ModifiedDate":"2025-07-30T16:01:09.000Z","StatedArea":null,"ErrorReportedBy":"LSA","Municipality":"0163","OBJECTID":50065,"created_user":"SDE","created_date":"2024-11-12T16:15:31.000Z","last_edited_user":"SDE","last_edited_date":"2026-03-25T16:06:10.000Z","Shape__Area":711.07848068,"Shape__Length":120.24398812018997,"CommonName":null,"SourceGlobalID":"{F832A26B-E528-4FF0-B49A-DE9C978D763B}","Comments":null,"UpdateStatus":"AUTO","UpdateSource":"PMBC"}},{"type":"Feature","geometry":{"type":"Polygon","coordinates":[[[-118.214918,49.056331],[-118.214937,49.056842],[-118.21478,49.056842],[-118.214465,49.056839],[-118.214457,49.056328],[-118.214918,49.056331]]]},"properties":{"GlobalID":"{3A057CCD-0226-452A-A6FC-85E2831142F0}","Name":"026193507","PlanID":"{6AA829C5-10D2-4062-839B-842FCA330A7F}","PlanNumber":"KAP77488","PIN":null,"PID":26193507,"Designation1":"Lot A","Designation2":null,"Designation3":null,"ParcelStatus":"ACTIVE","RegionalDistrict":"0019","ParcelClass":"SUBDIVISION","SourceParcelID":null,"GeometrySource":"ICF","IsRemainder":"NO","ParcelStartDate":"2005-02-18T08:00:00.000Z","PositionalError":2.62831023,"LegalDescription":"LOT A DISTRICT LOT 970 SIMILKAMEEN DIVISION YALE DISTRICT PLAN KAP77488","CaptureMethod":"UNKNOWN","OwnerType":"PRIVATE","Compiled":1,"CreatedDate":"2016-09-20T23:24:06.000Z","ModifiedDate":"2022-01-25T02:29:30.000Z","StatedArea":null,"ErrorReportedBy":"LSA","Municipality":"0163","OBJECTID":50066,"created_user":"SDE","created_date":"2024-11-12T16:15:31.000Z","last_edited_user":"SDE","last_edited_date":"2026-03-25T16:06:10.000Z","Shape__Area":1940.857453815,"Shape__Length":181.96813301804056,"CommonName":null,"SourceGlobalID":"{23945F25-192D-4CC7-AF52-415C947E1465}","Comments":null,"UpdateStatus":"AUTO","UpdateSource":"PMBC"}},{"type":"Feature","geometry":{"type":"Polygon","coordinates":[[[-118.219517,49.060702],[-118.219533,49.060648],[-118.220539,49.060777],[-118.220579,49.060782],[-118.220583,49.060783],[-118.220605,49.06084],[-118.220615,49.060884],[-118.220624,49.060921],[-118.220629,49.060948],[-118.22063,49.060975],[-118.220626,49.061002],[-118.220618,49.061029],[-118.220608,49.061065],[-118.220592,49.0611],[-118.220573,49.061133],[-118.220551,49.061164],[-118.220525,49.061194],[-118.220497,49.06122],[-118.220464,49.061243],[-118.220426,49.061221],[-118.219517,49.060702]]]},"properties":{"GlobalID":"{0C30CDD2-3D45-4292-8E95-8EF1AE6C2DF0}","Name":"024632741","PlanID":"{2F71F835-ED16-4A6F-9A7E-9B03D24B2330}","PlanNumber":"KAP65675","PIN":null,"PID":24632741,"Designation1":"Lot 1","Designation2":null,"Designation3":null,"ParcelStatus":"ACTIVE","RegionalDistrict":"0019","ParcelClass":"SUBDIVISION","SourceParcelID":null,"GeometrySource":"ICF","IsRemainder":"NO","ParcelStartDate":"1999-11-23T08:00:00.000Z","PositionalError":1.59940758,"LegalDescription":"LOT 1 DISTRICT LOT 970 SIMILKAMEEN DIVISION YALE DISTRICT PLAN KAP65675","CaptureMethod":"UNKNOWN","OwnerType":"PRIVATE","Compiled":1,"CreatedDate":"2016-09-20T23:24:06.000Z","ModifiedDate":"2025-07-30T16:01:09.000Z","StatedArea":null,"ErrorReportedBy":"PMBC-OPERATIONS","Municipality":"0163","OBJECTID":50067,"created_user":"SDE","created_date":"2024-11-12T16:15:31.000Z","last_edited_user":"SDE","last_edited_date":"2026-03-25T16:06:10.000Z","Shape__Area":2515.79788953,"Shape__Length":230.41583338094856,"CommonName":null,"SourceGlobalID":"{979BBCA6-5C7F-444B-A279-8E36996FB9A2}","Comments":null,"UpdateStatus":"AUTO","UpdateSource":"PMBC"}},{"type":"Feature","geometry":{"type":"Polygon","coordinates":[[[-118.217703,49.062505],[-118.217373,49.062314],[-118.217725,49.062066],[-118.218363,49.062439],[-118.218224,49.062498],[-118.218131,49.062551],[-118.218063,49.0626],[-118.217783,49.062448],[-118.217703,49.062505]]]},"properties":{"GlobalID":"{A18DCE39-9937-4AAA-B627-7FFFD3E367E6}","Name":"008533873","PlanID":"{7F497421-A36A-4A48-B561-445EFA1CE5FE}","PlanNumber":"KAP16806","PIN":null,"PID":8533873,"Designation1":"Lot A","Designation2":null,"Designation3":null,"ParcelStatus":"ACTIVE","RegionalDistrict":"0019","ParcelClass":"SUBDIVISION","SourceParcelID":null,"GeometrySource":"ICF","IsRemainder":"NO","ParcelStartDate":null,"PositionalError":4.9412271,"LegalDescription":"LOT A DISTRICT LOT 970 SIMILKAMEEN DIVISION YALE DISTRICT PLAN 16806","CaptureMethod":"UNKNOWN","OwnerType":"PRIVATE","Compiled":1,"CreatedDate":"2016-09-20T23:24:06.000Z","ModifiedDate":"2025-10-15T15:02:49.000Z","StatedArea":null,"ErrorReportedBy":"LSA","Municipality":"0163","OBJECTID":50068,"created_user":"SDE","created_date":"2024-11-12T16:15:31.000Z","last_edited_user":"SDE","last_edited_date":"2026-03-25T16:06:10.000Z","Shape__Area":1990.616743505,"Shape__Length":195.75897167993378,"CommonName":null,"SourceGlobalID":"{F4379A4E-8095-4883-B15D-A3C3AA69C1DA}","Comments":null,"UpdateStatus":"AUTO","UpdateSource":"PMBC"}},{"type":"Feature","geometry":{"type":"Polygon","coordinates":[[[-118.219606,49.06037],[-118.219664,49.060228],[-118.21986,49.06025],[-118.220704,49.060342],[-118.220692,49.060366],[-118.220632,49.060434],[-118.220612,49.060449],[-118.220592,49.060477],[-118.2197,49.06038],[-118.219606,49.06037]]]},"properties":{"GlobalID":"{75DE4CC8-FA03-43DA-965C-7880281623D8}","Name":"010950061","PlanID":"{26039A1A-0FE5-4A82-8FE9-2CD4D548FF35}","PlanNumber":"KAP2833","PIN":null,"PID":10950061,"Designation1":"Lot A","Designation2":null,"Designation3":null,"ParcelStatus":"ACTIVE","RegionalDistrict":"0019","ParcelClass":"SUBDIVISION","SourceParcelID":null,"GeometrySource":"ICF","IsRemainder":"NO","ParcelStartDate":null,"PositionalError":4.507374,"LegalDescription":"LOT A DISTRICT LOT 970 SIMILKAMEEN DIVISION YALE DISTRICT PLAN 2833","CaptureMethod":"UNKNOWN","OwnerType":"PRIVATE","Compiled":1,"CreatedDate":"2016-09-20T23:24:06.000Z","ModifiedDate":"2025-07-30T16:01:09.000Z","StatedArea":null,"ErrorReportedBy":"LSA","Municipality":"0163","OBJECTID":50069,"created_user":"SDE","created_date":"2024-11-12T16:15:31.000Z","last_edited_user":"SDE","last_edited_date":"2026-03-25T16:06:10.000Z","Shape__Area":1219.51326735,"Shape__Length":183.6533322892391,"CommonName":null,"SourceGlobalID":"{78F3703C-30A9-4C88-8951-749D8A23240C}","Comments":null,"UpdateStatus":"AUTO","UpdateSource":"PMBC"}},{"type":"Feature","geometry":{"type":"Polygon","coordinates":[[[-118.212081,49.053799],[-118.212187,49.053753],[-118.212183,49.05393],[-118.21205,49.053813],[-118.212046,49.053809],[-118.212079,49.0538],[-118.212081,49.053799]]]},"properties":{"GlobalID":"{27FA4AED-8D7B-46E3-A7DA-5ADF26DF63BB}","Name":"Arterial Highway","PlanID":"{8C727A4E-C957-413C-ABF6-BAA08F434E6E}","PlanNumber":"KAP13621H","PIN":null,"PID":null,"Designation1":null,"Designation2":null,"Designation3":null,"ParcelStatus":"ACTIVE","RegionalDistrict":"0019","ParcelClass":"ROAD","SourceParcelID":null,"GeometrySource":"PMBC-OPERATIONS","IsRemainder":null,"ParcelStartDate":"2021-12-20T08:00:00.000Z","PositionalError":1.8208127,"LegalDescription":null,"CaptureMethod":"UNKNOWN","OwnerType":"CROWN PROVINCIAL","Compiled":0,"CreatedDate":"2021-12-24T16:26:59.000Z","ModifiedDate":"2025-07-04T18:17:44.000Z","StatedArea":null,"ErrorReportedBy":"LSA","Municipality":"0163","OBJECTID":50070,"created_user":"SDE","created_date":"2024-11-12T16:15:31.000Z","last_edited_user":"SDE","last_edited_date":"2026-03-25T16:06:10.000Z","Shape__Area":98.17184876,"Shape__Length":48.59393067183106,"CommonName":null,"SourceGlobalID":"{72DB805E-3072-425A-8A84-5ACBB4418A25}","Comments":null,"UpdateStatus":"AUTO","UpdateSource":"PMBC"}},{"type":"Feature","geometry":{"type":"Polygon","coordinates":[[[-118.218184,49.057253],[-118.218186,49.057192],[-118.218186,49.057168],[-118.219143,49.057172],[-118.219144,49.05703],[-118.219722,49.057042],[-118.219999,49.057048],[-118.22,49.057073],[-118.22001,49.057103],[-118.220032,49.057153],[-118.22005,49.057172],[-118.220078,49.057229],[-118.220088,49.057252],[-118.220122,49.057317],[-118.220154,49.05737],[-118.2202,49.05742],[-118.220221,49.057446],[-118.219132,49.057428],[-118.219128,49.057264],[-118.2191,49.057264],[-118.218184,49.057253]]]},"properties":{"GlobalID":"{50B16B3C-1630-4F10-AF6D-BCF9E4C355FE}","Name":"001561901","PlanID":"{EDB22420-62D2-40F5-9028-63723B738194}","PlanNumber":"KAP33365","PIN":null,"PID":1561901,"Designation1":"Lot A","Designation2":null,"Designation3":null,"ParcelStatus":"ACTIVE","RegionalDistrict":"0019","ParcelClass":"SUBDIVISION","SourceParcelID":null,"GeometrySource":"ICF","IsRemainder":"NO","ParcelStartDate":null,"PositionalError":5.0266274,"LegalDescription":"LOT A DISTRICT LOT 970 SIMILKAMEEN DIVISION YALE DISTRICT PLAN 33365","CaptureMethod":"UNKNOWN","OwnerType":"PRIVATE","Compiled":1,"CreatedDate":"2016-09-20T23:24:06.000Z","ModifiedDate":"2025-06-24T10:14:53.000Z","StatedArea":null,"ErrorReportedBy":"LSA","Municipality":"0163","OBJECTID":50071,"created_user":"SDE","created_date":"2024-11-12T16:15:31.000Z","last_edited_user":"SDE","last_edited_date":"2026-03-25T16:06:10.000Z","Shape__Area":3749.87372338,"Shape__Length":371.8279178250898,"CommonName":null,"SourceGlobalID":"{4F912229-F4B5-4596-B21A-1373FB98F8A8}","Comments":null,"UpdateStatus":"AUTO","UpdateSource":"PMBC"}},{"type":"Feature","geometry":{"type":"Polygon","coordinates":[[[-118.218609,49.061397],[-118.218867,49.061202],[-118.21966,49.061655],[-118.219699,49.061678],[-118.219633,49.061714],[-118.219564,49.061745],[-118.219492,49.061768],[-118.219434,49.061788],[-118.219377,49.061812],[-118.219356,49.061801],[-118.218609,49.061397]]]},"properties":{"GlobalID":"{4A120654-DA4A-4DBD-B197-6877A1309562}","Name":"019101058","PlanID":"{A7B2E093-B4C3-4BBE-97AB-381912DEA424}","PlanNumber":"KAP53896","PIN":null,"PID":19101058,"Designation1":"Lot 1","Designation2":null,"Designation3":null,"ParcelStatus":"ACTIVE","RegionalDistrict":"0019","ParcelClass":"SUBDIVISION","SourceParcelID":null,"GeometrySource":"PMBC-OPERATIONS","IsRemainder":"NO","ParcelStartDate":"1994-12-28T08:00:00.000Z","PositionalError":3.88911988,"LegalDescription":"LOT 1 DISTRICT LOT 970 SIMILKAMEEN DIVISION YALE DISTRICT PLAN KAP53896","CaptureMethod":"COGO","OwnerType":"PRIVATE","Compiled":1,"CreatedDate":"2016-09-20T23:24:06.000Z","ModifiedDate":"2025-07-30T16:01:09.000Z","StatedArea":null,"ErrorReportedBy":"PMBC-OPERATIONS","Municipality":"0163","OBJECTID":50072,"created_user":"SDE","created_date":"2024-11-12T16:15:31.000Z","last_edited_user":"SDE","last_edited_date":"2026-03-25T16:06:10.000Z","Shape__Area":2129.96342196,"Shape__Length":209.89305374239484,"CommonName":null,"SourceGlobalID":"{D7BB4FF5-699A-4F0D-8287-0700743BAB96}","Comments":null,"UpdateStatus":"AUTO","UpdateSource":"PMBC"}},{"type":"Feature","geometry":{"type":"Polygon","coordinates":[[[-118.215851,49.054062],[-118.216699,49.053621],[-118.216737,49.053643],[-118.216777,49.05366],[-118.216806,49.053675],[-118.216867,49.053701],[-118.216898,49.05372],[-118.216932,49.053732],[-118.216987,49.053759],[-118.217027,49.053775],[-118.217059,49.053782],[-118.216325,49.054231],[-118.215845,49.054225],[-118.215851,49.054062]]]},"properties":{"GlobalID":"{14E29196-C7A9-4F52-AD86-D7F0CD64DF50}","Name":"004323238","PlanID":"{B3167CFF-F2E1-43AA-AC94-4F66C1542C13}","PlanNumber":"KAP29415","PIN":null,"PID":4323238,"Designation1":"Lot 1","Designation2":null,"Designation3":null,"ParcelStatus":"ACTIVE","RegionalDistrict":"0019","ParcelClass":"SUBDIVISION","SourceParcelID":null,"GeometrySource":"ICF","IsRemainder":"NO","ParcelStartDate":null,"PositionalError":3.8970568,"LegalDescription":"LOT 1 DISTRICT LOT 970 SIMILKAMEEN DIVISION YALE DISTRICT PLAN 29415","CaptureMethod":"UNKNOWN","OwnerType":"PRIVATE","Compiled":1,"CreatedDate":"2016-09-20T23:24:06.000Z","ModifiedDate":"2022-01-25T02:29:30.000Z","StatedArea":null,"ErrorReportedBy":"LSA","Municipality":"0163","OBJECTID":50073,"created_user":"SDE","created_date":"2024-11-12T16:15:31.000Z","last_edited_user":"SDE","last_edited_date":"2026-03-25T16:06:10.000Z","Shape__Area":2872.426552175,"Shape__Length":237.52353628479986,"CommonName":null,"SourceGlobalID":"{488DFFF1-6865-4505-A63D-24484FF5C811}","Comments":null,"UpdateStatus":"AUTO","UpdateSource":"PMBC"}},{"type":"Feature","geometry":{"type":"Polygon","coordinates":[[[-118.218455,49.054531],[-118.218605,49.054562],[-118.218636,49.054562],[-118.218634,49.054607],[-118.218597,49.055433],[-118.21839,49.05543],[-118.218389,49.05543],[-118.218409,49.054986],[-118.218425,49.05461],[-118.218429,49.054531],[-118.218455,49.054531]]]},"properties":{"GlobalID":"{1DBBD66B-C652-4D35-84B3-A4AE0A2E9927}","Name":"011249749","PlanID":"{722F84A8-843A-472E-835E-3FB020E9893F}","PlanNumber":"KAP1960","PIN":null,"PID":11249749,"Designation1":"Lot 4","Designation2":null,"Designation3":null,"ParcelStatus":"ACTIVE","RegionalDistrict":"0019","ParcelClass":"SUBDIVISION","SourceParcelID":null,"GeometrySource":"ICF","IsRemainder":"NO","ParcelStartDate":null,"PositionalError":1.88072157,"LegalDescription":"LOT 4 DISTRICT LOT 970 SIMILKAMEEN DIVISION YALE DISTRICT PLAN 1960","CaptureMethod":"UNKNOWN","OwnerType":"PRIVATE","Compiled":1,"CreatedDate":"2016-09-20T23:24:06.000Z","ModifiedDate":"2022-01-25T02:29:30.000Z","StatedArea":null,"ErrorReportedBy":"LSA","Municipality":"0163","OBJECTID":50074,"created_user":"SDE","created_date":"2024-11-12T16:15:31.000Z","last_edited_user":"SDE","last_edited_date":"2026-03-25T16:06:10.000Z","Shape__Area":1496.21599331,"Shape__Length":227.67373883199525,"CommonName":null,"SourceGlobalID":"{1BDA9D8C-125E-41E9-B239-5C7A2ECEF848}","Comments":null,"UpdateStatus":"AUTO","UpdateSource":"PMBC"}},{"type":"Feature","geometry":{"type":"Polygon","coordinates":[[[-118.215397,49.052931],[-118.215632,49.052935],[-118.215611,49.053447],[-118.215603,49.053467],[-118.215593,49.053485],[-118.21558,49.053502],[-118.215564,49.053517],[-118.215546,49.053528],[-118.215527,49.053537],[-118.215506,49.053543],[-118.215485,49.053546],[-118.215382,49.053541],[-118.215397,49.052931]]]},"properties":{"GlobalID":"{6E1BC818-EF8E-47DB-8D9B-3B682DA9BDC6}","Name":"004376161","PlanID":"{59A23AA5-0266-46F5-AE0F-83463EB87B25}","PlanNumber":"KAP29184","PIN":null,"PID":4376161,"Designation1":"Lot 20","Designation2":null,"Designation3":null,"ParcelStatus":"ACTIVE","RegionalDistrict":"0019","ParcelClass":"SUBDIVISION","SourceParcelID":null,"GeometrySource":"MODIFIED-ICF","IsRemainder":"NO","ParcelStartDate":null,"PositionalError":2.77004364,"LegalDescription":"LOT 20 DISTRICT LOT 970 SIMILKAMEEN DIVISION YALE DISTRICT PLAN 29184","CaptureMethod":"UNKNOWN","OwnerType":"PRIVATE","Compiled":1,"CreatedDate":"2016-09-20T23:24:06.000Z","ModifiedDate":"2022-01-25T02:29:30.000Z","StatedArea":"1130","ErrorReportedBy":"LSA","Municipality":"0163","OBJECTID":50075,"created_user":"SDE","created_date":"2024-11-12T16:15:31.000Z","last_edited_user":"SDE","last_edited_date":"2026-03-25T16:06:10.000Z","Shape__Area":1116.20880892,"Shape__Length":164.69648279637573,"CommonName":null,"SourceGlobalID":"{59752D14-FC40-484C-AD0C-E864B21F2F86}","Comments":null,"UpdateStatus":"AUTO","UpdateSource":"PMBC"}},{"type":"Feature","geometry":{"type":"Polygon","coordinates":[[[-118.217103,49.057443],[-118.217115,49.05734],[-118.217912,49.057353],[-118.217911,49.057379],[-118.217845,49.057688],[-118.217095,49.057614],[-118.217103,49.057443]]]},"properties":{"GlobalID":"{114DED5D-62B3-4233-B535-5AFCC3575735}","Name":"004485033","PlanID":"{0C07D7F2-1751-4974-B62D-BCFE976177FB}","PlanNumber":"KAP28830","PIN":null,"PID":4485033,"Designation1":"Lot A","Designation2":null,"Designation3":null,"ParcelStatus":"ACTIVE","RegionalDistrict":"0019","ParcelClass":"SUBDIVISION","SourceParcelID":null,"GeometrySource":"ICF","IsRemainder":"NO","ParcelStartDate":null,"PositionalError":3.13600469,"LegalDescription":"LOT A DISTRICT LOT 970 SIMILKAMEEN DIVISION YALE DISTRICT PLAN 28830","CaptureMethod":"UNKNOWN","OwnerType":"PRIVATE","Compiled":1,"CreatedDate":"2016-09-20T23:24:06.000Z","ModifiedDate":"2022-01-25T02:29:30.000Z","StatedArea":null,"ErrorReportedBy":"LSA","Municipality":"0163","OBJECTID":50076,"created_user":"SDE","created_date":"2024-11-12T16:15:31.000Z","last_edited_user":"SDE","last_edited_date":"2026-03-25T16:06:10.000Z","Shape__Area":1941.65060859,"Shape__Length":181.82455029025576,"CommonName":null,"SourceGlobalID":"{7A52AAB3-A42E-491E-81FA-8DE85758076F}","Comments":null,"UpdateStatus":"AUTO","UpdateSource":"PMBC"}},{"type":"Feature","geometry":{"type":"Polygon","coordinates":[[[-118.212927,49.0537],[-118.212769,49.054214],[-118.212364,49.053869],[-118.212719,49.053646],[-118.212756,49.05367],[-118.212797,49.053688],[-118.212839,49.053699],[-118.212883,49.053703],[-118.212927,49.0537]]]},"properties":{"GlobalID":"{1B170E23-9D95-4A9A-AE1F-30B48DF9C5A7}","Name":"004076150","PlanID":"{59A23AA5-0266-46F5-AE0F-83463EB87B25}","PlanNumber":"KAP29184","PIN":null,"PID":4076150,"Designation1":"Lot 11","Designation2":null,"Designation3":null,"ParcelStatus":"ACTIVE","RegionalDistrict":"0019","ParcelClass":"SUBDIVISION","SourceParcelID":null,"GeometrySource":"MODIFIED-ICF","IsRemainder":"NO","ParcelStartDate":null,"PositionalError":1.7831289,"LegalDescription":"LOT 11 DISTRICT LOT 970 SIMILKAMEEN DIVISION YALE DISTRICT PLAN 29184","CaptureMethod":"UNKNOWN","OwnerType":"PRIVATE","Compiled":1,"CreatedDate":"2016-09-20T23:24:06.000Z","ModifiedDate":"2025-06-24T10:14:53.000Z","StatedArea":null,"ErrorReportedBy":"LSA","Municipality":"0163","OBJECTID":50077,"created_user":"SDE","created_date":"2024-11-12T16:15:31.000Z","last_edited_user":"SDE","last_edited_date":"2026-03-25T16:06:10.000Z","Shape__Area":1308.421729505,"Shape__Length":159.72367225408837,"CommonName":null,"SourceGlobalID":"{A00EE8DF-5B38-4955-B520-E1FF4D822337}","Comments":null,"UpdateStatus":"AUTO","UpdateSource":"PMBC"}},{"type":"Feature","geometry":{"type":"Polygon","coordinates":[[[-118.215869,49.05685],[-118.215535,49.056857],[-118.215549,49.05632],[-118.215882,49.056324],[-118.215881,49.05636],[-118.215869,49.05685]]]},"properties":{"GlobalID":"{479B7C2C-30B8-41B4-A9FA-99F81D984C4B}","Name":"002171163","PlanID":"{0EBF87A1-A48C-4075-A8D3-203E1B422E65}","PlanNumber":"KAP4404","PIN":null,"PID":2171163,"Designation1":"Lot 5","Designation2":null,"Designation3":null,"ParcelStatus":"ACTIVE","RegionalDistrict":"0019","ParcelClass":"SUBDIVISION","SourceParcelID":null,"GeometrySource":"ICF","IsRemainder":"NO","ParcelStartDate":null,"PositionalError":3.02193255,"LegalDescription":"THE WEST 80 FEET OF LOT 5 DISTRICT LOT 970 SIMILKAMEEN DIVISION YALE DISTRICT PLAN 4404","CaptureMethod":"UNKNOWN","OwnerType":"PRIVATE","Compiled":1,"CreatedDate":"2016-09-20T23:24:06.000Z","ModifiedDate":"2022-01-25T02:29:30.000Z","StatedArea":null,"ErrorReportedBy":"LSA","Municipality":"0163","OBJECTID":50078,"created_user":"SDE","created_date":"2024-11-12T16:15:31.000Z","last_edited_user":"SDE","last_edited_date":"2026-03-25T16:06:10.000Z","Shape__Area":1439.8096477,"Shape__Length":166.9695720054957,"CommonName":null,"SourceGlobalID":"{2E957518-1E6E-45F6-B127-0E68138A9CD0}","Comments":null,"UpdateStatus":"AUTO","UpdateSource":"PMBC"}},{"type":"Feature","geometry":{"type":"Polygon","coordinates":[[[-118.215251,49.053714],[-118.215486,49.053729],[-118.215501,49.053729],[-118.215517,49.053732],[-118.215531,49.053737],[-118.215545,49.053745],[-118.215557,49.053755],[-118.215567,49.053767],[-118.215575,49.053781],[-118.21558,49.053795],[-118.215576,49.054225],[-118.215269,49.054224],[-118.215241,49.054224],[-118.215251,49.053714]]]},"properties":{"GlobalID":"{B70F1F4E-0130-41B9-9BD7-C465C72061DE}","Name":"028684371","PlanID":"{F38A8500-8552-433F-89F0-657430A87844}","PlanNumber":"EPP14802","PIN":null,"PID":28684371,"Designation1":"Lot A","Designation2":null,"Designation3":null,"ParcelStatus":"ACTIVE","RegionalDistrict":"0019","ParcelClass":"SUBDIVISION","SourceParcelID":null,"GeometrySource":"MODIFIED-ICF","IsRemainder":"NO","ParcelStartDate":"2011-10-05T07:00:00.000Z","PositionalError":3.6629143,"LegalDescription":"LOT A DISTRICT LOT 970 SIMILKAMEEN DIVISION YALE DISTRICT PLAN EPP14802","CaptureMethod":"UNKNOWN","OwnerType":"PRIVATE","Compiled":1,"CreatedDate":"2016-09-20T23:24:06.000Z","ModifiedDate":"2025-06-24T10:14:53.000Z","StatedArea":null,"ErrorReportedBy":"LSA","Municipality":"0163","OBJECTID":50079,"created_user":"SDE","created_date":"2024-11-12T16:15:31.000Z","last_edited_user":"SDE","last_edited_date":"2026-03-25T16:06:10.000Z","Shape__Area":1338.392743075,"Shape__Length":157.13942904248543,"CommonName":null,"SourceGlobalID":"{688F6023-B769-4F9A-93B6-DA9354C5A6F6}","Comments":null,"UpdateStatus":"AUTO","UpdateSource":"PMBC"}},{"type":"Feature","geometry":{"type":"Polygon","coordinates":[[[-118.217133,49.057054],[-118.217925,49.057068],[-118.217912,49.057353],[-118.217115,49.05734],[-118.217129,49.057212],[-118.217133,49.057054]]]},"properties":{"GlobalID":"{0F05DA1F-5578-4DF6-B1AF-E320AA3BCCFB}","Name":"008240353","PlanID":"{0E3E3C3A-819C-41B1-A357-6BD3E02F0E10}","PlanNumber":"KAP18620","PIN":null,"PID":8240353,"Designation1":"Lot 1","Designation2":null,"Designation3":null,"ParcelStatus":"ACTIVE","RegionalDistrict":"0019","ParcelClass":"SUBDIVISION","SourceParcelID":null,"GeometrySource":"ICF","IsRemainder":"NO","ParcelStartDate":null,"PositionalError":3.280186,"LegalDescription":"LOT 1 DISTRICT LOT 970 SIMILKAMEEN DIVISION YALE DISTRICT PLAN 18620","CaptureMethod":"UNKNOWN","OwnerType":"PRIVATE","Compiled":1,"CreatedDate":"2016-09-20T23:24:06.000Z","ModifiedDate":"2022-01-25T02:29:30.000Z","StatedArea":null,"ErrorReportedBy":"LSA","Municipality":"0163","OBJECTID":50080,"created_user":"SDE","created_date":"2024-11-12T16:15:31.000Z","last_edited_user":"SDE","last_edited_date":"2026-03-25T16:06:10.000Z","Shape__Area":1838.131898885,"Shape__Length":179.7235709445776,"CommonName":null,"SourceGlobalID":"{C0B068CF-A011-441D-A896-24CD619C28C9}","Comments":null,"UpdateStatus":"AUTO","UpdateSource":"PMBC"}},{"type":"Feature","geometry":{"type":"Polygon","coordinates":[[[-118.216698,49.058017],[-118.21671,49.057357],[-118.217103,49.057443],[-118.217095,49.057614],[-118.217069,49.058085],[-118.217068,49.058096],[-118.216923,49.058065],[-118.216698,49.058017]]]},"properties":{"GlobalID":"{93BBBA97-2E56-46E1-8A48-783C9F24A705}","Name":"004556101","PlanID":"{1FEA58EA-8C6E-4605-B31B-5B5205CCE338}","PlanNumber":"KAP28429","PIN":null,"PID":4556101,"Designation1":"Lot A","Designation2":null,"Designation3":null,"ParcelStatus":"ACTIVE","RegionalDistrict":"0019","ParcelClass":"SUBDIVISION","SourceParcelID":null,"GeometrySource":"ICF","IsRemainder":"NO","ParcelStartDate":null,"PositionalError":3.1265319,"LegalDescription":"LOT A DISTRICT LOT 970 SIMILKAMEEN DIVISION YALE DISTRICT PLAN 28429","CaptureMethod":"UNKNOWN","OwnerType":"PRIVATE","Compiled":1,"CreatedDate":"2016-09-20T23:24:06.000Z","ModifiedDate":"2025-07-30T16:01:09.000Z","StatedArea":null,"ErrorReportedBy":"LSA","Municipality":"0163","OBJECTID":50081,"created_user":"SDE","created_date":"2024-11-12T16:15:31.000Z","last_edited_user":"SDE","last_edited_date":"2026-03-25T16:06:10.000Z","Shape__Area":2053.895372495,"Shape__Length":204.7792499685847,"CommonName":null,"SourceGlobalID":"{609A87A9-6C4D-4F42-A620-58F45A77DA5B}","Comments":null,"UpdateStatus":"AUTO","UpdateSource":"PMBC"}},{"type":"Feature","geometry":{"type":"Polygon","coordinates":[[[-118.219239,49.055264],[-118.21924,49.055442],[-118.219173,49.055442],[-118.219174,49.055233],[-118.219238,49.055229],[-118.219239,49.055264]]]},"properties":{"GlobalID":"{6546C624-5103-46F3-B9FA-6F90320E4105}","Name":"012964794","PlanID":"{F0DB3B36-A152-4C45-B118-275779D2B1D7}","PlanNumber":"NO_PLAN","PIN":null,"PID":12964794,"Designation1":"PART 970","Designation2":null,"Designation3":null,"ParcelStatus":"ACTIVE","RegionalDistrict":"0019","ParcelClass":"SUBDIVISION","SourceParcelID":null,"GeometrySource":"MODIFIED-ICF","IsRemainder":"NO","ParcelStartDate":null,"PositionalError":2.18205806,"LegalDescription":"THAT PART OF DISTRICT LOT 970 SHOWN OUTLINED RED ON PLAN B4764; SIMILKAMEEN DIVISION YALE DISTRICT","CaptureMethod":"UNKNOWN","OwnerType":"PRIVATE","Compiled":1,"CreatedDate":"2016-09-20T23:24:06.000Z","ModifiedDate":"2022-01-25T02:29:30.000Z","StatedArea":null,"ErrorReportedBy":"LSA","Municipality":"0163","OBJECTID":50082,"created_user":"SDE","created_date":"2024-11-12T16:15:31.000Z","last_edited_user":"SDE","last_edited_date":"2026-03-25T16:06:10.000Z","Shape__Area":112.660277115,"Shape__Length":56.50410916013664,"CommonName":null,"SourceGlobalID":"{22A7AE93-AC77-47E1-AF97-B31A3715C94B}","Comments":null,"UpdateStatus":"AUTO","UpdateSource":"PMBC"}},{"type":"Feature","geometry":{"type":"MultiPolygon","coordinates":[[[[-118.210731,49.055027],[-118.21081,49.05501],[-118.210987,49.055026],[-118.211648,49.054863],[-118.211629,49.055266],[-118.210801,49.055181],[-118.2108,49.055181],[-118.210547,49.055155],[-118.210561,49.055065],[-118.210731,49.055028],[-118.210731,49.055027]]],[[[-118.210101,49.055083],[-118.210128,49.055085],[-118.210281,49.0551],[-118.210277,49.055127],[-118.210105,49.055112],[-118.210101,49.055083]]]]},"properties":{"GlobalID":"{848B8F11-F6B4-4B0C-A9A2-48A8B4E0F854}","Name":"027689123","PlanID":"{504E4696-24E1-4AD2-A57A-633BC1721880}","PlanNumber":"KAP87645","PIN":null,"PID":27689123,"Designation1":"Lot 2","Designation2":null,"Designation3":null,"ParcelStatus":"ACTIVE","RegionalDistrict":"0019","ParcelClass":"SUBDIVISION","SourceParcelID":null,"GeometrySource":"ICF","IsRemainder":"NO","ParcelStartDate":"2008-10-27T07:00:00.000Z","PositionalError":1.732476,"LegalDescription":"LOT 2 DISTRICT LOT 750 SIMILKAMEEN DIVISION YALE DISTRICT PLAN KAP87645","CaptureMethod":"UNKNOWN","OwnerType":"PRIVATE","Compiled":1,"CreatedDate":"2016-09-20T23:24:06.000Z","ModifiedDate":"2025-06-24T10:14:53.000Z","StatedArea":null,"ErrorReportedBy":"LSA","Municipality":"0163","OBJECTID":50083,"created_user":"SDE","created_date":"2024-11-12T16:15:31.000Z","last_edited_user":"SDE","last_edited_date":"2026-03-25T16:06:10.000Z","Shape__Area":2083.112899475,"Shape__Length":250.92087764641064,"CommonName":null,"SourceGlobalID":"{BD761EA7-E65B-4C1F-ABDF-6ADE6BD3A850}","Comments":null,"UpdateStatus":"AUTO","UpdateSource":"PMBC"}},{"type":"Feature","geometry":{"type":"Polygon","coordinates":[[[-118.210509,49.053502],[-118.210971,49.053311],[-118.21119,49.053504],[-118.21089,49.053636],[-118.210702,49.053713],[-118.210473,49.053807],[-118.210459,49.053813],[-118.210226,49.053909],[-118.210225,49.053909],[-118.209944,49.054024],[-118.209745,49.053817],[-118.210115,49.053664],[-118.210116,49.053664],[-118.210509,49.053502]]]},"properties":{"GlobalID":"{9C9941DE-F930-4615-BE9F-B7286083C22D}","Name":"018262554","PlanID":"{84949520-7278-4C40-9FDC-F773D029E6A8}","PlanNumber":"KAP49770","PIN":null,"PID":18262554,"Designation1":"Lot 1","Designation2":null,"Designation3":null,"ParcelStatus":"ACTIVE","RegionalDistrict":"0019","ParcelClass":"SUBDIVISION","SourceParcelID":null,"GeometrySource":"ICF","IsRemainder":"NO","ParcelStartDate":null,"PositionalError":2.4352544,"LegalDescription":"LOT 1 DISTRICT LOT 750 SIMILKAMEEN DIVISION YALE DISTRICT PLAN KAP49770","CaptureMethod":"UNKNOWN","OwnerType":"PRIVATE","Compiled":1,"CreatedDate":"2016-09-20T23:24:06.000Z","ModifiedDate":"2025-07-04T18:17:44.000Z","StatedArea":null,"ErrorReportedBy":"LSA","Municipality":"0163","OBJECTID":50084,"created_user":"SDE","created_date":"2024-11-12T16:15:31.000Z","last_edited_user":"SDE","last_edited_date":"2026-03-25T16:06:10.000Z","Shape__Area":2915.576938225,"Shape__Length":267.6834291959939,"CommonName":null,"SourceGlobalID":"{1FD81192-99A6-486F-A060-05706092AC19}","Comments":null,"UpdateStatus":"AUTO","UpdateSource":"PMBC"}},{"type":"Feature","geometry":{"type":"Polygon","coordinates":[[[-118.203335,49.048017],[-118.203327,49.047811],[-118.205493,49.047778],[-118.205572,49.04796],[-118.205657,49.04814],[-118.205717,49.048127],[-118.205799,49.04829],[-118.205886,49.048449],[-118.205828,49.048464],[-118.205942,49.048816],[-118.204284,49.048841],[-118.20337,49.048855],[-118.203335,49.048017]]]},"properties":{"GlobalID":"{5E5A91D6-DE5C-40AA-8374-64CDB0F482BA}","Name":"004143604","PlanID":"{649A3D89-6511-402D-801D-16FE0BBC4CB7}","PlanNumber":"KAP29837","PIN":null,"PID":4143604,"Designation1":"Lot B","Designation2":"","Designation3":"","ParcelStatus":"ACTIVE","RegionalDistrict":"0019","ParcelClass":"SUBDIVISION","SourceParcelID":null,"GeometrySource":"ICF","IsRemainder":"NO","ParcelStartDate":null,"PositionalError":2.97122167,"LegalDescription":"LOT B DISTRICT LOT 498 SIMILKAMEEN DIVISION YALE DISTRICT PLAN 29837","CaptureMethod":"UNKNOWN","OwnerType":"PRIVATE","Compiled":1,"CreatedDate":"2016-09-20T23:24:06.000Z","ModifiedDate":"2025-06-24T13:20:12.000Z","StatedArea":null,"ErrorReportedBy":"DATACOMPILATION","Municipality":"0163","OBJECTID":50085,"created_user":"SDE","created_date":"2024-11-12T16:15:31.000Z","last_edited_user":"SDE","last_edited_date":"2026-03-25T16:06:10.000Z","Shape__Area":20397.46103963,"Shape__Length":591.5457855193351,"CommonName":null,"SourceGlobalID":"{B2A9608D-C633-404B-9FFF-B0B8A7D571DD}","Comments":null,"UpdateStatus":"AUTO","UpdateSource":"PMBC"}},{"type":"Feature","geometry":{"type":"Polygon","coordinates":[[[-118.203972,49.064392],[-118.204218,49.064369],[-118.204229,49.064386],[-118.204762,49.065205],[-118.204825,49.065308],[-118.204882,49.065415],[-118.204933,49.065525],[-118.204978,49.065638],[-118.205017,49.065752],[-118.20505,49.065869],[-118.205077,49.065987],[-118.205103,49.066138],[-118.204972,49.06615],[-118.204979,49.066201],[-118.204979,49.066253],[-118.204974,49.066304],[-118.204962,49.066354],[-118.204946,49.066403],[-118.204923,49.06645],[-118.204896,49.066494],[-118.204864,49.066534],[-118.204556,49.066907],[-118.204318,49.067411],[-118.20433,49.067454],[-118.204349,49.067494],[-118.204372,49.067532],[-118.204399,49.067567],[-118.204831,49.068066],[-118.204763,49.068066],[-118.204342,49.067587],[-118.204311,49.067549],[-118.204286,49.067508],[-118.204266,49.067464],[-118.204252,49.067417],[-118.204499,49.06689],[-118.204809,49.066514],[-118.204815,49.066506],[-118.204845,49.066466],[-118.20487,49.066422],[-118.20489,49.066376],[-118.204905,49.066329],[-118.204913,49.066286],[-118.204917,49.066242],[-118.204915,49.066199],[-118.204909,49.066155],[-118.204881,49.066017],[-118.204877,49.065996],[-118.204849,49.065885],[-118.204816,49.065775],[-118.204777,49.065667],[-118.204732,49.065561],[-118.204683,49.065458],[-118.204627,49.065357],[-118.204567,49.06526],[-118.204335,49.0649],[-118.203972,49.064392]]]},"properties":{"GlobalID":"{7FCE9E69-99B8-4FFB-8EED-7C13B3071F1E}","Name":"015210499","PlanID":"{F0DB3B36-A152-4C45-B118-275779D2B1D7}","PlanNumber":"NO_PLAN","PIN":null,"PID":15210499,"Designation1":"PART 2806","Designation2":null,"Designation3":null,"ParcelStatus":"ACTIVE","RegionalDistrict":"0019","ParcelClass":"SUBDIVISION","SourceParcelID":null,"GeometrySource":"PMBC-COMPILATION","IsRemainder":"NO","ParcelStartDate":null,"PositionalError":2.97122167,"LegalDescription":"THAT PART OF DISTRICT LOT 2806 SHOWN ON PLAN 194848F SIMILKAMEEN DIVISION YALE DISTRICT","CaptureMethod":"UNKNOWN","OwnerType":"CROWN PROVINCIAL","Compiled":0,"CreatedDate":"2016-09-20T23:24:06.000Z","ModifiedDate":"2025-07-04T18:23:30.000Z","StatedArea":null,"ErrorReportedBy":"DATACOMPILATION","Municipality":"0163","OBJECTID":50086,"created_user":"SDE","created_date":"2024-11-12T16:15:31.000Z","last_edited_user":"SDE","last_edited_date":"2026-03-25T16:06:10.000Z","Shape__Area":4292.25214309,"Shape__Length":913.7291877714434,"CommonName":null,"SourceGlobalID":"{68144C49-F50A-4FE3-89BA-74BFE652D950}","Comments":null,"UpdateStatus":"AUTO","UpdateSource":"PMBC"}},{"type":"Feature","geometry":{"type":"Polygon","coordinates":[[[-118.215816,49.053367],[-118.21644,49.053368],[-118.216466,49.053376],[-118.216493,49.053394],[-118.216587,49.053473],[-118.216602,49.053501],[-118.215809,49.053483],[-118.215816,49.053367]]]},"properties":{"GlobalID":"{2769C97E-BB20-4DBC-B105-4C98DD4D73FA}","Name":"014911001","PlanID":"{F0DB3B36-A152-4C45-B118-275779D2B1D7}","PlanNumber":"NO_PLAN","PIN":null,"PID":14911001,"Designation1":"D","Designation2":"970","Designation3":null,"ParcelStatus":"ACTIVE","RegionalDistrict":"0019","ParcelClass":"SUBDIVISION","SourceParcelID":null,"GeometrySource":"MODIFIED-ICF","IsRemainder":"NO","ParcelStartDate":null,"PositionalError":3.49535641,"LegalDescription":"PARCEL D (PLAN B5866) OF DISTRICT LOT 970 SIMILKAMEEN DIVISION YALE DISTRICT","CaptureMethod":"UNKNOWN","OwnerType":"PRIVATE","Compiled":1,"CreatedDate":"2016-09-20T23:24:06.000Z","ModifiedDate":"2022-01-25T02:29:30.000Z","StatedArea":null,"ErrorReportedBy":"LSA","Municipality":"0163","OBJECTID":50087,"created_user":"SDE","created_date":"2024-11-12T16:15:31.000Z","last_edited_user":"SDE","last_edited_date":"2026-03-25T16:06:10.000Z","Shape__Area":728.566909075,"Shape__Length":135.76508046539914,"CommonName":null,"SourceGlobalID":"{8B4DFF2F-9878-4DB7-A60D-C172AE0FE06D}","Comments":null,"UpdateStatus":"AUTO","UpdateSource":"PMBC"}},{"type":"Feature","geometry":{"type":"Polygon","coordinates":[[[-118.212318,49.051158],[-118.214651,49.051203],[-118.214729,49.051222],[-118.214811,49.051275],[-118.21493,49.051381],[-118.214991,49.051423],[-118.215018,49.051438],[-118.215145,49.051514],[-118.215254,49.051571],[-118.215331,49.051628],[-118.215355,49.051653],[-118.215369,49.051678],[-118.215381,49.051731],[-118.215379,49.051752],[-118.215376,49.051791],[-118.215294,49.051789],[-118.212292,49.051731],[-118.212317,49.051167],[-118.212318,49.051158]]]},"properties":{"GlobalID":"{5883DA56-35D8-4CF7-A0E1-D17AC10C9393}","Name":"014867761","PlanID":"{F0DB3B36-A152-4C45-B118-275779D2B1D7}","PlanNumber":"NO_PLAN","PIN":null,"PID":14867761,"Designation1":"PART 970","Designation2":null,"Designation3":null,"ParcelStatus":"ACTIVE","RegionalDistrict":"0019","ParcelClass":"SUBDIVISION","SourceParcelID":null,"GeometrySource":"MODIFIED-ICF","IsRemainder":"NO","ParcelStartDate":null,"PositionalError":2.5683712,"LegalDescription":"THAT PART OF DISTRICT LOT 970 SHOWN ON PLAN B1605 SIMILKAMEEN DIVISION YALE DISTRICT","CaptureMethod":"UNKNOWN","OwnerType":"PRIVATE","Compiled":1,"CreatedDate":"2016-09-20T23:24:06.000Z","ModifiedDate":"2025-06-24T10:14:53.000Z","StatedArea":null,"ErrorReportedBy":"LSA","Municipality":"0163","OBJECTID":50088,"created_user":"SDE","created_date":"2024-11-12T16:15:31.000Z","last_edited_user":"SDE","last_edited_date":"2026-03-25T16:06:10.000Z","Shape__Area":13049.83128538,"Shape__Length":547.9315363411088,"CommonName":null,"SourceGlobalID":"{E01A6863-7EF5-4BE9-8C2D-E44A7E4FBBEB}","Comments":null,"UpdateStatus":"AUTO","UpdateSource":"PMBC"}},{"type":"Feature","geometry":{"type":"Polygon","coordinates":[[[-118.212642,49.064889],[-118.212712,49.064982],[-118.212616,49.064979],[-118.212414,49.064834],[-118.212642,49.064889]]]},"properties":{"GlobalID":"{A0D9C227-AF0A-4923-B6A6-B2FD1971B1AD}","Name":"Arterial Highway","PlanID":"{92311F22-ACA9-4CF5-A25F-7F3BCB011DA2}","PlanNumber":"KAP1922","PIN":null,"PID":null,"Designation1":null,"Designation2":null,"Designation3":null,"ParcelStatus":"ACTIVE","RegionalDistrict":"0019","ParcelClass":"ROAD","SourceParcelID":null,"GeometrySource":"PMBC-OPERATIONS","IsRemainder":"YES","ParcelStartDate":"2021-12-20T08:00:00.000Z","PositionalError":3.69681858,"LegalDescription":null,"CaptureMethod":"UNKNOWN","OwnerType":"CROWN PROVINCIAL","Compiled":0,"CreatedDate":"2021-12-21T19:02:57.000Z","ModifiedDate":"2022-01-25T02:29:30.000Z","StatedArea":"124.1","ErrorReportedBy":"LSA","Municipality":"0163","OBJECTID":50089,"created_user":"SDE","created_date":"2024-11-12T16:15:31.000Z","last_edited_user":"SDE","last_edited_date":"2026-03-25T16:06:10.000Z","Shape__Area":123.74914569,"Shape__Length":58.09462985564496,"CommonName":null,"SourceGlobalID":"{C7222D4C-38EC-436A-A45F-7640A5D6D30A}","Comments":null,"UpdateStatus":"AUTO","UpdateSource":"PMBC"}},{"type":"Feature","geometry":{"type":"Polygon","coordinates":[[[-118.203531,49.063647],[-118.203972,49.064392],[-118.203539,49.064396],[-118.203531,49.063647]]]},"properties":{"GlobalID":"{CB8970E4-AC9B-4102-898C-67EA63E9CA1D}","Name":"014867796","PlanID":"{F0DB3B36-A152-4C45-B118-275779D2B1D7}","PlanNumber":"NO_PLAN","PIN":33509601,"PID":14867796,"Designation1":"PART 750","Designation2":null,"Designation3":null,"ParcelStatus":"ACTIVE","RegionalDistrict":"0019","ParcelClass":"SUBDIVISION","SourceParcelID":null,"GeometrySource":"ICF","IsRemainder":"NO","ParcelStartDate":null,"PositionalError":3.97734792,"LegalDescription":"THAT PART OF DISTRICT LOT 750 SHOWN ON PLAN B1490 SIMILKAMEEN DIVISION YALE DISTRICT","CaptureMethod":"UNKNOWN","OwnerType":"PRIVATE","Compiled":1,"CreatedDate":"2016-09-20T23:24:06.000Z","ModifiedDate":"2022-01-25T02:29:30.000Z","StatedArea":null,"ErrorReportedBy":"LSA","Municipality":"0163","OBJECTID":50090,"created_user":"SDE","created_date":"2024-11-12T16:15:31.000Z","last_edited_user":"SDE","last_edited_date":"2026-03-25T16:06:10.000Z","Shape__Area":1317.87656782,"Shape__Length":203.7137318533918,"CommonName":null,"SourceGlobalID":"{6367E695-0B37-44B8-B525-F0AA95ED7F61}","Comments":null,"UpdateStatus":"AUTO","UpdateSource":"PMBC"}},{"type":"Feature","geometry":{"type":"Polygon","coordinates":[[[-118.217556,49.055415],[-118.217557,49.055391],[-118.217607,49.05415],[-118.217608,49.054117],[-118.217609,49.054092],[-118.217771,49.05418],[-118.217807,49.054202],[-118.217764,49.055419],[-118.217556,49.055415]]]},"properties":{"GlobalID":"{3AB6594A-CD64-4117-BD89-474AF9728804}","Name":"010924361","PlanID":"{44608B5E-D7D0-498F-883D-AD4EB9855C99}","PlanNumber":"KAP2801","PIN":null,"PID":10924361,"Designation1":"Lot 1","Designation2":null,"Designation3":null,"ParcelStatus":"ACTIVE","RegionalDistrict":"0019","ParcelClass":"SUBDIVISION","SourceParcelID":null,"GeometrySource":"ICF","IsRemainder":"NO","ParcelStartDate":null,"PositionalError":2.03396011,"LegalDescription":"LOT 1 DISTRICT LOT 970 SIMILKAMEEN DIVISION YALE DISTRICT PLAN 2801","CaptureMethod":"UNKNOWN","OwnerType":"PRIVATE","Compiled":1,"CreatedDate":"2016-09-20T23:24:06.000Z","ModifiedDate":"2022-01-25T02:46:25.000Z","StatedArea":null,"ErrorReportedBy":"LSA","Municipality":"0163","OBJECTID":50091,"created_user":"SDE","created_date":"2024-11-12T16:15:31.000Z","last_edited_user":"SDE","last_edited_date":"2026-03-25T16:06:10.000Z","Shape__Area":2116.906336225,"Shape__Length":316.64180770999894,"CommonName":null,"SourceGlobalID":"{29938A26-1378-448A-B85C-C48C296FF74A}","Comments":null,"UpdateStatus":"AUTO","UpdateSource":"PMBC"}},{"type":"Feature","geometry":{"type":"Polygon","coordinates":[[[-118.217764,49.055419],[-118.217807,49.054202],[-118.217834,49.054205],[-118.217912,49.054297],[-118.217954,49.054339],[-118.218019,49.05439],[-118.218007,49.054642],[-118.217983,49.055193],[-118.217972,49.055422],[-118.217764,49.055419]]]},"properties":{"GlobalID":"{88C3F086-90F7-4215-A24D-0A590EA08D23}","Name":"011249684","PlanID":"{722F84A8-843A-472E-835E-3FB020E9893F}","PlanNumber":"KAP1960","PIN":null,"PID":11249684,"Designation1":"Lot 1","Designation2":null,"Designation3":null,"ParcelStatus":"ACTIVE","RegionalDistrict":"0019","ParcelClass":"SUBDIVISION","SourceParcelID":null,"GeometrySource":"ICF","IsRemainder":"NO","ParcelStartDate":null,"PositionalError":2.71080446,"LegalDescription":"LOT 1 DISTRICT LOT 970 SIMILKAMEEN DIVISION YALE DISTRICT PLAN 1960","CaptureMethod":"UNKNOWN","OwnerType":"PRIVATE","Compiled":1,"CreatedDate":"2016-09-20T23:24:06.000Z","ModifiedDate":"2022-01-25T02:47:23.000Z","StatedArea":null,"ErrorReportedBy":"LSA","Municipality":"0163","OBJECTID":50092,"created_user":"SDE","created_date":"2024-11-12T16:15:31.000Z","last_edited_user":"SDE","last_edited_date":"2026-03-25T16:06:10.000Z","Shape__Area":1957.16400965,"Shape__Length":292.04100928754264,"CommonName":null,"SourceGlobalID":"{5C8EB6E1-6CCA-4AC2-877A-9D1612AE2C80}","Comments":null,"UpdateStatus":"AUTO","UpdateSource":"PMBC"}},{"type":"Feature","geometry":{"type":"Polygon","coordinates":[[[-118.218181,49.055426],[-118.217972,49.055422],[-118.217983,49.055193],[-118.218007,49.054642],[-118.218019,49.05439],[-118.218083,49.054415],[-118.218223,49.054473],[-118.218215,49.054646],[-118.218211,49.054739],[-118.2182,49.054983],[-118.218181,49.055424],[-118.218181,49.055426]]]},"properties":{"GlobalID":"{D407AC3F-929E-4DDC-903E-5EAC290DEA8C}","Name":"011249714","PlanID":"{722F84A8-843A-472E-835E-3FB020E9893F}","PlanNumber":"KAP1960","PIN":null,"PID":11249714,"Designation1":"Lot 2","Designation2":null,"Designation3":null,"ParcelStatus":"ACTIVE","RegionalDistrict":"0019","ParcelClass":"SUBDIVISION","SourceParcelID":null,"GeometrySource":"ICF","IsRemainder":"NO","ParcelStartDate":null,"PositionalError":1.78647742,"LegalDescription":"LOT 2 DISTRICT LOT 970 SIMILKAMEEN DIVISION YALE DISTRICT PLAN 1960","CaptureMethod":"UNKNOWN","OwnerType":"PRIVATE","Compiled":1,"CreatedDate":"2016-09-20T23:24:06.000Z","ModifiedDate":"2022-01-25T02:47:36.000Z","StatedArea":null,"ErrorReportedBy":"LSA","Municipality":"0163","OBJECTID":50093,"created_user":"SDE","created_date":"2024-11-12T16:15:31.000Z","last_edited_user":"SDE","last_edited_date":"2026-03-25T16:06:10.000Z","Shape__Area":1680.393828405,"Shape__Length":253.62533531063312,"CommonName":null,"SourceGlobalID":"{C2307902-534D-45F5-9411-CE38B97291A4}","Comments":null,"UpdateStatus":"AUTO","UpdateSource":"PMBC"}},{"type":"Feature","geometry":{"type":"Polygon","coordinates":[[[-118.225034,49.042598],[-118.225222,49.042424],[-118.225239,49.042408],[-118.226037,49.041671],[-118.226082,49.0425],[-118.225652,49.042708],[-118.225556,49.042754],[-118.22539,49.042835],[-118.22532,49.042781],[-118.225248,49.042729],[-118.225143,49.042661],[-118.225034,49.042598]]]},"properties":{"GlobalID":"{CBC1F2C4-5688-4554-B3C8-D05C3D824CF4}","Name":"018910599","PlanID":"{F9DE0955-8DD3-4319-B1C5-8B5D76D2C73B}","PlanNumber":"KAP53001","PIN":null,"PID":18910599,"Designation1":"Lot 2","Designation2":null,"Designation3":null,"ParcelStatus":"ACTIVE","RegionalDistrict":"0019","ParcelClass":"SUBDIVISION","SourceParcelID":null,"GeometrySource":"ICF","IsRemainder":"NO","ParcelStartDate":null,"PositionalError":3.7845302,"LegalDescription":"LOT 2 DISTRICT LOT 317 SIMILKAMEEN DIVISION YALE DISTRICT PLAN KAP53001","CaptureMethod":"UNKNOWN","OwnerType":"PRIVATE","Compiled":1,"CreatedDate":"2016-09-20T23:24:06.000Z","ModifiedDate":"2025-01-22T21:36:47.000Z","StatedArea":null,"ErrorReportedBy":"LSA","Municipality":"0163","OBJECTID":50094,"created_user":"SDE","created_date":"2024-11-12T16:15:31.000Z","last_edited_user":"SDE","last_edited_date":"2026-03-25T16:06:10.000Z","Shape__Area":4675.38099286,"Shape__Length":318.4806865258252,"CommonName":null,"SourceGlobalID":"{CA155606-CA9B-4884-B192-3C7CD5691AFA}","Comments":null,"UpdateStatus":"AUTO","UpdateSource":"PMBC"}},{"type":"Feature","geometry":{"type":"Polygon","coordinates":[[[-118.216887,49.040732],[-118.217177,49.040725],[-118.217184,49.040983],[-118.217188,49.041074],[-118.2169,49.041078],[-118.216887,49.040732]]]},"properties":{"GlobalID":"{DD2DCAFD-EFB7-4B6C-B83D-D8C71A1ED391}","Name":"005586330","PlanID":"{8DDAF623-01C2-4C03-BC8F-541F66FEB28D}","PlanNumber":"KAP25163","PIN":null,"PID":5586330,"Designation1":"Lot 15","Designation2":null,"Designation3":null,"ParcelStatus":"ACTIVE","RegionalDistrict":"0019","ParcelClass":"SUBDIVISION","SourceParcelID":null,"GeometrySource":"ICF","IsRemainder":"NO","ParcelStartDate":null,"PositionalError":2.43296781,"LegalDescription":"LOT 15 DISTRICT LOT 317 SIMILKAMEEN DIVISION YALE DISTRICT PLAN 25163","CaptureMethod":"UNKNOWN","OwnerType":"PRIVATE","Compiled":1,"CreatedDate":"2016-09-20T23:24:06.000Z","ModifiedDate":"2022-01-26T01:32:12.000Z","StatedArea":null,"ErrorReportedBy":"LSA","Municipality":"0163","OBJECTID":50095,"created_user":"SDE","created_date":"2024-11-12T16:15:31.000Z","last_edited_user":"SDE","last_edited_date":"2026-03-25T16:06:10.000Z","Shape__Area":815.442715965,"Shape__Length":119.58953973481792,"CommonName":null,"SourceGlobalID":"{36D28C51-5D88-40D5-80C8-F6E1C5C7035C}","Comments":null,"UpdateStatus":"AUTO","UpdateSource":"PMBC"}},{"type":"Feature","geometry":{"type":"Polygon","coordinates":[[[-118.216304,49.039346],[-118.216345,49.039275],[-118.216566,49.03919],[-118.216734,49.039349],[-118.216771,49.039547],[-118.216312,49.039546],[-118.216304,49.039346]]]},"properties":{"GlobalID":"{FAF2818B-1BDF-4ADC-860E-73FF7B69F4E0}","Name":"004655206","PlanID":"{CAF9AD97-3239-4F45-B005-D805FD1D6143}","PlanNumber":"KAP28028","PIN":null,"PID":4655206,"Designation1":"Lot 38","Designation2":null,"Designation3":null,"ParcelStatus":"ACTIVE","RegionalDistrict":"0019","ParcelClass":"SUBDIVISION","SourceParcelID":null,"GeometrySource":"ICF","IsRemainder":"NO","ParcelStartDate":null,"PositionalError":2.17079772,"LegalDescription":"LOT 38 DISTRICT LOT 317 SIMILKAMEEN DIVISION YALE DISTRICT PLAN 28028","CaptureMethod":"UNKNOWN","OwnerType":"PRIVATE","Compiled":1,"CreatedDate":"2016-09-20T23:24:06.000Z","ModifiedDate":"2022-01-26T01:32:12.000Z","StatedArea":null,"ErrorReportedBy":"LSA","Municipality":"0163","OBJECTID":50096,"created_user":"SDE","created_date":"2024-11-12T16:15:31.000Z","last_edited_user":"SDE","last_edited_date":"2026-03-25T16:06:10.000Z","Shape__Area":1044.1466181,"Shape__Length":126.67255248435323,"CommonName":null,"SourceGlobalID":"{B5D37677-6E56-4BD4-BB97-8AE110576902}","Comments":null,"UpdateStatus":"AUTO","UpdateSource":"PMBC"}},{"type":"Feature","geometry":{"type":"Polygon","coordinates":[[[-118.221188,49.035554],[-118.221658,49.035639],[-118.221756,49.03594],[-118.221258,49.035871],[-118.221188,49.035554]]]},"properties":{"GlobalID":"{672C0FF0-B773-42AD-913D-759A882AB037}","Name":"017838738","PlanID":"{101B7626-750C-457D-9DB0-6B8E9CE57367}","PlanNumber":"KAP47593","PIN":null,"PID":17838738,"Designation1":"Lot 1","Designation2":null,"Designation3":null,"ParcelStatus":"ACTIVE","RegionalDistrict":"0019","ParcelClass":"SUBDIVISION","SourceParcelID":null,"GeometrySource":"ICF","IsRemainder":"NO","ParcelStartDate":null,"PositionalError":3.2018995,"LegalDescription":"LOT 1 DISTRICT LOT 317 SIMILKAMEEN DIVISION YALE DISTRICT PLAN KAP47593","CaptureMethod":"UNKNOWN","OwnerType":"PRIVATE","Compiled":1,"CreatedDate":"2016-09-20T23:24:06.000Z","ModifiedDate":"2025-07-17T21:22:57.000Z","StatedArea":null,"ErrorReportedBy":"LSA","Municipality":"0163","OBJECTID":50097,"created_user":"SDE","created_date":"2024-11-12T16:15:31.000Z","last_edited_user":"SDE","last_edited_date":"2026-03-25T16:06:10.000Z","Shape__Area":1163.18312229,"Shape__Length":142.62762048967664,"CommonName":null,"SourceGlobalID":"{C8D64E4F-16ED-43C5-8098-D8ECFD8AA07E}","Comments":null,"UpdateStatus":"AUTO","UpdateSource":"PMBC"}},{"type":"Feature","geometry":{"type":"Polygon","coordinates":[[[-118.22128,49.038094],[-118.220633,49.037766],[-118.220825,49.037609],[-118.221454,49.037953],[-118.22128,49.038094]]]},"properties":{"GlobalID":"{72F38866-9F51-4C0C-86AB-C2AB862D3BB4}","Name":"004655982","PlanID":"{CAF9AD97-3239-4F45-B005-D805FD1D6143}","PlanNumber":"KAP28028","PIN":null,"PID":4655982,"Designation1":"Lot 82","Designation2":null,"Designation3":null,"ParcelStatus":"ACTIVE","RegionalDistrict":"0019","ParcelClass":"SUBDIVISION","SourceParcelID":null,"GeometrySource":"ICF","IsRemainder":"NO","ParcelStartDate":null,"PositionalError":2.83785047,"LegalDescription":"LOT 82 DISTRICT LOT 317 SIMILKAMEEN DIVISION YALE DISTRICT PLAN 28028","CaptureMethod":"UNKNOWN","OwnerType":"PRIVATE","Compiled":1,"CreatedDate":"2016-09-20T23:24:06.000Z","ModifiedDate":"2022-01-26T01:32:12.000Z","StatedArea":null,"ErrorReportedBy":"LSA","Municipality":"0163","OBJECTID":50098,"created_user":"SDE","created_date":"2024-11-12T16:15:31.000Z","last_edited_user":"SDE","last_edited_date":"2026-03-25T16:06:10.000Z","Shape__Area":1270.47031498,"Shape__Length":162.05071430042958,"CommonName":null,"SourceGlobalID":"{3305AD7B-3FA9-4DB5-869A-14BDDED75104}","Comments":null,"UpdateStatus":"AUTO","UpdateSource":"PMBC"}},{"type":"Feature","geometry":{"type":"Polygon","coordinates":[[[-118.216767,49.042289],[-118.216289,49.042295],[-118.216288,49.042084],[-118.216761,49.04208],[-118.216767,49.042289]]]},"properties":{"GlobalID":"{29BFE21D-B2E4-43DA-B885-19991D663C79}","Name":"008290440","PlanID":"{1C181BEB-1B60-46EE-9DB4-649896E8EBB0}","PlanNumber":"KAP18210","PIN":null,"PID":8290440,"Designation1":"Lot 3","Designation2":null,"Designation3":null,"ParcelStatus":"ACTIVE","RegionalDistrict":"0019","ParcelClass":"SUBDIVISION","SourceParcelID":null,"GeometrySource":"ICF","IsRemainder":"NO","ParcelStartDate":null,"PositionalError":2.9227926,"LegalDescription":"LOT 3 DISTRICT LOT 317 SIMILKAMEEN DIVISION YALE DISTRICT PLAN 18210","CaptureMethod":"UNKNOWN","OwnerType":"PRIVATE","Compiled":1,"CreatedDate":"2016-09-20T23:24:06.000Z","ModifiedDate":"2022-01-26T01:32:12.000Z","StatedArea":null,"ErrorReportedBy":"LSA","Municipality":"0163","OBJECTID":50099,"created_user":"SDE","created_date":"2024-11-12T16:15:31.000Z","last_edited_user":"SDE","last_edited_date":"2026-03-25T16:06:10.000Z","Shape__Area":813.080209275,"Shape__Length":116.30079099180149,"CommonName":null,"SourceGlobalID":"{DB20C800-E928-46BA-AB32-C0CB3807F89A}","Comments":null,"UpdateStatus":"AUTO","UpdateSource":"PMBC"}},{"type":"Feature","geometry":{"type":"Polygon","coordinates":[[[-118.219037,49.041374],[-118.219,49.040575],[-118.219408,49.040573],[-118.219419,49.040974],[-118.21943,49.041368],[-118.219037,49.041374]]]},"properties":{"GlobalID":"{269B58AE-2687-46DF-9999-21604524B30A}","Name":"008401667","PlanID":"{9664F574-B064-4B4E-86CA-0E2806F41AC9}","PlanNumber":"KAP17407","PIN":null,"PID":8401667,"Designation1":"Lot 1","Designation2":null,"Designation3":null,"ParcelStatus":"ACTIVE","RegionalDistrict":"0019","ParcelClass":"SUBDIVISION","SourceParcelID":null,"GeometrySource":"ICF","IsRemainder":"NO","ParcelStartDate":null,"PositionalError":2.85302745,"LegalDescription":"LOT 1 DISTRICT LOT 317 SIMILKAMEEN DIVISION YALE DISTRICT PLAN 17407","CaptureMethod":"UNKNOWN","OwnerType":"PRIVATE","Compiled":1,"CreatedDate":"2016-09-20T23:24:06.000Z","ModifiedDate":"2022-01-26T01:32:12.000Z","StatedArea":null,"ErrorReportedBy":"LSA","Municipality":"0163","OBJECTID":50100,"created_user":"SDE","created_date":"2024-11-12T16:15:31.000Z","last_edited_user":"SDE","last_edited_date":"2026-03-25T16:06:10.000Z","Shape__Area":2594.05562273,"Shape__Length":235.7497166960516,"CommonName":null,"SourceGlobalID":"{58F38753-EA6A-4212-AF0F-4A794D250233}","Comments":null,"UpdateStatus":"AUTO","UpdateSource":"PMBC"}},{"type":"Feature","geometry":{"type":"Polygon","coordinates":[[[-118.220118,49.036756],[-118.219981,49.03659],[-118.220033,49.03659],[-118.22056,49.036582],[-118.220574,49.0368],[-118.220118,49.036756]]]},"properties":{"GlobalID":"{4EB53C40-2838-4CF0-91A8-0184E8613CFD}","Name":"001752880","PlanID":"{CAF9AD97-3239-4F45-B005-D805FD1D6143}","PlanNumber":"KAP28028","PIN":null,"PID":1752880,"Designation1":"Lot 61","Designation2":null,"Designation3":null,"ParcelStatus":"ACTIVE","RegionalDistrict":"0019","ParcelClass":"SUBDIVISION","SourceParcelID":null,"GeometrySource":"ICF","IsRemainder":"NO","ParcelStartDate":null,"PositionalError":2.9138876,"LegalDescription":"LOT 61 DISTRICT LOT 317 SIMILKAMEEN DIVISION YALE DISTRICT PLAN 28028","CaptureMethod":"UNKNOWN","OwnerType":"PRIVATE","Compiled":1,"CreatedDate":"2016-09-20T23:24:06.000Z","ModifiedDate":"2026-02-10T15:24:43.000Z","StatedArea":null,"ErrorReportedBy":"LSA","Municipality":"0163","OBJECTID":50101,"created_user":"SDE","created_date":"2024-11-12T16:15:31.000Z","last_edited_user":"SDE","last_edited_date":"2026-03-25T16:06:10.000Z","Shape__Area":796.83520211,"Shape__Length":121.27770050133105,"CommonName":null,"SourceGlobalID":"{7343A9F8-8B52-4A2E-B4B0-2C4E6F52CB80}","Comments":null,"UpdateStatus":"AUTO","UpdateSource":"PMBC"}},{"type":"Feature","geometry":{"type":"Polygon","coordinates":[[[-118.216473,49.038988],[-118.21606,49.039151],[-118.216027,49.039102],[-118.215981,49.039027],[-118.21594,49.03895],[-118.215905,49.038869],[-118.215876,49.038786],[-118.215853,49.038701],[-118.215836,49.038615],[-118.215826,49.038528],[-118.215928,49.038492],[-118.216016,49.038461],[-118.216473,49.038988]]]},"properties":{"GlobalID":"{F2F35139-5CDD-44A1-9FF4-B87EE969B1B8}","Name":"007874146","PlanID":"{B0E04D97-B59D-47B0-A9F1-CEB59B5984B2}","PlanNumber":"KAP20292","PIN":null,"PID":7874146,"Designation1":"Lot 1","Designation2":null,"Designation3":null,"ParcelStatus":"ACTIVE","RegionalDistrict":"0019","ParcelClass":"SUBDIVISION","SourceParcelID":null,"GeometrySource":"ICF","IsRemainder":"NO","ParcelStartDate":null,"PositionalError":2.76588221,"LegalDescription":"LOT 1 DISTRICT LOT 317 SIMILKAMEEN DIVISION YALE DISTRICT PLAN 20292","CaptureMethod":"UNKNOWN","OwnerType":"PRIVATE","Compiled":1,"CreatedDate":"2016-09-20T23:24:06.000Z","ModifiedDate":"2022-01-26T01:32:12.000Z","StatedArea":null,"ErrorReportedBy":"LSA","Municipality":"0163","OBJECTID":50102,"created_user":"SDE","created_date":"2024-11-12T16:15:31.000Z","last_edited_user":"SDE","last_edited_date":"2026-03-25T16:06:10.000Z","Shape__Area":1895.15857589,"Shape__Length":190.29972336849497,"CommonName":null,"SourceGlobalID":"{B4BB58F5-4A3E-49A4-9F0B-D869EB1869DE}","Comments":null,"UpdateStatus":"AUTO","UpdateSource":"PMBC"}},{"type":"Feature","geometry":{"type":"Polygon","coordinates":[[[-118.220149,49.038165],[-118.220272,49.038062],[-118.220908,49.038395],[-118.220645,49.038608],[-118.220149,49.038272],[-118.220149,49.038165]]]},"properties":{"GlobalID":"{FD11CCB3-70B1-4C53-8F65-07D5BC090374}","Name":"004656059","PlanID":"{CAF9AD97-3239-4F45-B005-D805FD1D6143}","PlanNumber":"KAP28028","PIN":null,"PID":4656059,"Designation1":"Lot 85","Designation2":null,"Designation3":null,"ParcelStatus":"ACTIVE","RegionalDistrict":"0019","ParcelClass":"SUBDIVISION","SourceParcelID":null,"GeometrySource":"ICF","IsRemainder":"NO","ParcelStartDate":null,"PositionalError":3.4647073,"LegalDescription":"LOT 85 DISTRICT LOT 317 SIMILKAMEEN DIVISION YALE DISTRICT PLAN 28028","CaptureMethod":"UNKNOWN","OwnerType":"PRIVATE","Compiled":1,"CreatedDate":"2016-09-20T23:24:06.000Z","ModifiedDate":"2025-07-17T21:22:57.000Z","StatedArea":null,"ErrorReportedBy":"LSA","Municipality":"0163","OBJECTID":50104,"created_user":"SDE","created_date":"2024-11-12T16:15:31.000Z","last_edited_user":"SDE","last_edited_date":"2026-03-25T16:06:10.000Z","Shape__Area":1551.674481915,"Shape__Length":168.4316418632428,"CommonName":null,"SourceGlobalID":"{94C39E2D-F8F2-4616-ACD1-513FE602B40D}","Comments":null,"UpdateStatus":"AUTO","UpdateSource":"PMBC"}},{"type":"Feature","geometry":{"type":"Polygon","coordinates":[[[-118.219484,49.035949],[-118.219943,49.035942],[-118.219955,49.036148],[-118.219492,49.036158],[-118.219484,49.035949]]]},"properties":{"GlobalID":"{67FD35E8-22D7-4B6B-B743-222567EC2A59}","Name":"004654862","PlanID":"{CAF9AD97-3239-4F45-B005-D805FD1D6143}","PlanNumber":"KAP28028","PIN":null,"PID":4654862,"Designation1":"Lot 16","Designation2":null,"Designation3":null,"ParcelStatus":"ACTIVE","RegionalDistrict":"0019","ParcelClass":"SUBDIVISION","SourceParcelID":null,"GeometrySource":"ICF","IsRemainder":"NO","ParcelStartDate":null,"PositionalError":2.87824082,"LegalDescription":"LOT 16 DISTRICT LOT 317 SIMILKAMEEN DIVISION YALE DISTRICT PLAN 28028","CaptureMethod":"UNKNOWN","OwnerType":"PRIVATE","Compiled":1,"CreatedDate":"2016-09-20T23:24:06.000Z","ModifiedDate":"2022-01-26T01:32:12.000Z","StatedArea":null,"ErrorReportedBy":"LSA","Municipality":"0163","OBJECTID":50105,"created_user":"SDE","created_date":"2024-11-12T16:15:31.000Z","last_edited_user":"SDE","last_edited_date":"2026-03-25T16:06:10.000Z","Shape__Area":777.289099155,"Shape__Length":113.54329007758065,"CommonName":null,"SourceGlobalID":"{B773F8F8-EF73-4815-9261-76D4F002A247}","Comments":null,"UpdateStatus":"AUTO","UpdateSource":"PMBC"}},{"type":"Feature","geometry":{"type":"Polygon","coordinates":[[[-118.217122,49.038732],[-118.216695,49.038214],[-118.216813,49.038171],[-118.217038,49.03809],[-118.217459,49.038598],[-118.217122,49.038732]]]},"properties":{"GlobalID":"{E49A5C43-28F6-4DEF-8529-FA5B9021DE23}","Name":"007874171","PlanID":"{B0E04D97-B59D-47B0-A9F1-CEB59B5984B2}","PlanNumber":"KAP20292","PIN":null,"PID":7874171,"Designation1":"Lot 4","Designation2":null,"Designation3":null,"ParcelStatus":"ACTIVE","RegionalDistrict":"0019","ParcelClass":"SUBDIVISION","SourceParcelID":null,"GeometrySource":"ICF","IsRemainder":"NO","ParcelStartDate":null,"PositionalError":2.8199808,"LegalDescription":"LOT 4 DISTRICT LOT 317 SIMILKAMEEN DIVISION YALE DISTRICT PLAN 20292","CaptureMethod":"UNKNOWN","OwnerType":"PRIVATE","Compiled":1,"CreatedDate":"2016-09-20T23:24:06.000Z","ModifiedDate":"2022-01-26T01:32:12.000Z","StatedArea":null,"ErrorReportedBy":"LSA","Municipality":"0163","OBJECTID":50106,"created_user":"SDE","created_date":"2024-11-12T16:15:31.000Z","last_edited_user":"SDE","last_edited_date":"2026-03-25T16:06:10.000Z","Shape__Area":1862.218234795,"Shape__Length":187.26600096267393,"CommonName":null,"SourceGlobalID":"{770F546F-DCA1-4F37-A7C5-9F49B14AA233}","Comments":null,"UpdateStatus":"AUTO","UpdateSource":"PMBC"}},{"type":"Feature","geometry":{"type":"Polygon","coordinates":[[[-118.218472,49.036622],[-118.219237,49.036612],[-118.219246,49.036884],[-118.218482,49.036898],[-118.218472,49.036622]]]},"properties":{"GlobalID":"{DDC88213-820F-4FA2-9B5B-6D8ECD4E4D9F}","Name":"004146221","PlanID":"{B0E04D97-B59D-47B0-A9F1-CEB59B5984B2}","PlanNumber":"KAP20292","PIN":null,"PID":4146221,"Designation1":"Lot 11","Designation2":null,"Designation3":null,"ParcelStatus":"ACTIVE","RegionalDistrict":"0019","ParcelClass":"SUBDIVISION","SourceParcelID":null,"GeometrySource":"ICF","IsRemainder":"NO","ParcelStartDate":null,"PositionalError":2.8622559,"LegalDescription":"LOT 11 DISTRICT LOT 317 SIMILKAMEEN DIVISION YALE DISTRICT PLAN 20292","CaptureMethod":"UNKNOWN","OwnerType":"PRIVATE","Compiled":1,"CreatedDate":"2016-09-20T23:24:06.000Z","ModifiedDate":"2026-02-10T15:24:43.000Z","StatedArea":null,"ErrorReportedBy":"LSA","Municipality":"0163","OBJECTID":50107,"created_user":"SDE","created_date":"2024-11-12T16:15:31.000Z","last_edited_user":"SDE","last_edited_date":"2026-03-25T16:06:10.000Z","Shape__Area":1701.588032375,"Shape__Length":172.65794303973325,"CommonName":null,"SourceGlobalID":"{83434DE4-C16E-430A-A359-4853E906B416}","Comments":null,"UpdateStatus":"AUTO","UpdateSource":"PMBC"}},{"type":"Feature","geometry":{"type":"Polygon","coordinates":[[[-118.216753,49.034836],[-118.21715,49.034829],[-118.217172,49.035387],[-118.216775,49.035395],[-118.216753,49.034836]]]},"properties":{"GlobalID":"{247741B6-6EB2-46D6-A10A-742E9C2F4485}","Name":"007874715","PlanID":"{B0E04D97-B59D-47B0-A9F1-CEB59B5984B2}","PlanNumber":"KAP20292","PIN":null,"PID":7874715,"Designation1":"Lot 59","Designation2":null,"Designation3":null,"ParcelStatus":"ACTIVE","RegionalDistrict":"0019","ParcelClass":"SUBDIVISION","SourceParcelID":null,"GeometrySource":"ICF","IsRemainder":"NO","ParcelStartDate":null,"PositionalError":3.0707403,"LegalDescription":"LOT 59 DISTRICT LOT 317 SIMILKAMEEN DIVISION YALE DISTRICT PLAN 20292","CaptureMethod":"UNKNOWN","OwnerType":"PRIVATE","Compiled":1,"CreatedDate":"2016-09-20T23:24:06.000Z","ModifiedDate":"2026-02-10T10:07:01.000Z","StatedArea":null,"ErrorReportedBy":"LSA","Municipality":"0163","OBJECTID":50108,"created_user":"SDE","created_date":"2024-11-12T16:15:31.000Z","last_edited_user":"SDE","last_edited_date":"2026-03-25T16:06:10.000Z","Shape__Area":1801.60340681,"Shape__Length":182.20824634612762,"CommonName":null,"SourceGlobalID":"{A1D2EC28-39CD-4405-B8F9-B419DDDCFE2B}","Comments":null,"UpdateStatus":"AUTO","UpdateSource":"PMBC"}},{"type":"Feature","geometry":{"type":"Polygon","coordinates":[[[-118.218463,49.036354],[-118.219229,49.036349],[-118.219237,49.036612],[-118.218472,49.036622],[-118.218463,49.036354]]]},"properties":{"GlobalID":"{CEC45014-2EF8-4DEF-A283-96FC3378EBEE}","Name":"007874251","PlanID":"{B0E04D97-B59D-47B0-A9F1-CEB59B5984B2}","PlanNumber":"KAP20292","PIN":null,"PID":7874251,"Designation1":"Lot 12","Designation2":null,"Designation3":null,"ParcelStatus":"ACTIVE","RegionalDistrict":"0019","ParcelClass":"SUBDIVISION","SourceParcelID":null,"GeometrySource":"ICF","IsRemainder":"NO","ParcelStartDate":null,"PositionalError":2.9324848,"LegalDescription":"LOT 12 DISTRICT LOT 317 SIMILKAMEEN DIVISION YALE DISTRICT PLAN 20292","CaptureMethod":"UNKNOWN","OwnerType":"PRIVATE","Compiled":1,"CreatedDate":"2016-09-20T23:24:06.000Z","ModifiedDate":"2026-02-10T15:24:43.000Z","StatedArea":null,"ErrorReportedBy":"LSA","Municipality":"0163","OBJECTID":50109,"created_user":"SDE","created_date":"2024-11-12T16:15:31.000Z","last_edited_user":"SDE","last_edited_date":"2026-03-25T16:06:10.000Z","Shape__Area":1650.12751542,"Shape__Length":170.87844790893007,"CommonName":null,"SourceGlobalID":"{AADAF81F-7098-4751-8FFF-2CDCE11A8A1C}","Comments":null,"UpdateStatus":"AUTO","UpdateSource":"PMBC"}},{"type":"Feature","geometry":{"type":"Polygon","coordinates":[[[-118.213684,49.036612],[-118.21372,49.036612],[-118.214081,49.036608],[-118.214085,49.036772],[-118.213951,49.036773],[-118.213688,49.036776],[-118.213686,49.036693],[-118.213684,49.036612]]]},"properties":{"GlobalID":"{14E04E62-0B8B-49B3-B7F6-6FDD7837DDD3}","Name":"027788571","PlanID":"{7D0B5454-775A-4ACF-8B36-192C13F8F239}","PlanNumber":"KAS1647","PIN":null,"PID":27788571,"Designation1":"Lot 32","Designation2":null,"Designation3":null,"ParcelStatus":"ACTIVE","RegionalDistrict":"0019","ParcelClass":"BARE LAND STRATA","SourceParcelID":null,"GeometrySource":"ICF","IsRemainder":"NO","ParcelStartDate":"2009-01-20T08:00:00.000Z","PositionalError":1.2296175,"LegalDescription":"STRATA LOT 32 DISTRICT LOT 317 SIMILKAMEEN DIVISION YALE DISTRICT STRATA PLAN KAS1647 TOGETHER WITH AN INTEREST IN THE COMMON PROPERTY IN PROPORTION TO THE UNIT ENTITLEMENT OF THE STRATA LOT AS SHOWN ON FORM V","CaptureMethod":"UNKNOWN","OwnerType":"PRIVATE","Compiled":1,"CreatedDate":"2016-09-20T23:24:06.000Z","ModifiedDate":"2026-02-10T10:02:01.000Z","StatedArea":null,"ErrorReportedBy":"LSA","Municipality":"0163","OBJECTID":50110,"created_user":"SDE","created_date":"2024-11-12T16:15:31.000Z","last_edited_user":"SDE","last_edited_date":"2026-03-25T16:06:10.000Z","Shape__Area":528.8548865,"Shape__Length":94.46723593476172,"CommonName":null,"SourceGlobalID":"{60B80F3A-7129-453F-9FBC-4E0251DDF35E}","Comments":null,"UpdateStatus":"AUTO","UpdateSource":"PMBC"}},{"type":"Feature","geometry":{"type":"Polygon","coordinates":[[[-118.218148,49.038414],[-118.218196,49.038357],[-118.21824,49.038298],[-118.218281,49.038237],[-118.218681,49.038454],[-118.218585,49.038553],[-118.218551,49.038589],[-118.218148,49.038414]]]},"properties":{"GlobalID":"{5AF21D8C-E089-4DC2-810F-AA5737C50FFB}","Name":"004655087","PlanID":"{CAF9AD97-3239-4F45-B005-D805FD1D6143}","PlanNumber":"KAP28028","PIN":null,"PID":4655087,"Designation1":"Lot 30","Designation2":null,"Designation3":null,"ParcelStatus":"ACTIVE","RegionalDistrict":"0019","ParcelClass":"SUBDIVISION","SourceParcelID":null,"GeometrySource":"ICF","IsRemainder":"NO","ParcelStartDate":null,"PositionalError":3.171312,"LegalDescription":"LOT 30 DISTRICT LOT 317 SIMILKAMEEN DIVISION YALE DISTRICT PLAN 28028","CaptureMethod":"UNKNOWN","OwnerType":"PRIVATE","Compiled":1,"CreatedDate":"2016-09-20T23:24:06.000Z","ModifiedDate":"2026-02-10T15:24:43.000Z","StatedArea":null,"ErrorReportedBy":"LSA","Municipality":"0163","OBJECTID":50111,"created_user":"SDE","created_date":"2024-11-12T16:15:31.000Z","last_edited_user":"SDE","last_edited_date":"2026-03-25T16:06:10.000Z","Shape__Area":711.595656235,"Shape__Length":112.72214568101921,"CommonName":null,"SourceGlobalID":"{9FEC0560-8EB8-4324-87B5-3B73DD5862D6}","Comments":null,"UpdateStatus":"AUTO","UpdateSource":"PMBC"}},{"type":"Feature","geometry":{"type":"Polygon","coordinates":[[[-118.218737,49.038395],[-118.218818,49.038309],[-118.21889,49.038262],[-118.219389,49.038502],[-118.219197,49.038659],[-118.218737,49.038395]]]},"properties":{"GlobalID":"{7AB60781-E43E-472A-A3F6-91883F9F2626}","Name":"004655427","PlanID":"{CAF9AD97-3239-4F45-B005-D805FD1D6143}","PlanNumber":"KAP28028","PIN":null,"PID":4655427,"Designation1":"Lot 50","Designation2":null,"Designation3":null,"ParcelStatus":"ACTIVE","RegionalDistrict":"0019","ParcelClass":"SUBDIVISION","SourceParcelID":null,"GeometrySource":"ICF","IsRemainder":"NO","ParcelStartDate":null,"PositionalError":3.2479031,"LegalDescription":"LOT 50 DISTRICT LOT 317 SIMILKAMEEN DIVISION YALE DISTRICT PLAN 28028","CaptureMethod":"UNKNOWN","OwnerType":"PRIVATE","Compiled":1,"CreatedDate":"2016-09-20T23:24:06.000Z","ModifiedDate":"2025-05-20T18:33:07.000Z","StatedArea":null,"ErrorReportedBy":"LSA","Municipality":"0163","OBJECTID":50112,"created_user":"SDE","created_date":"2024-11-12T16:15:31.000Z","last_edited_user":"SDE","last_edited_date":"2026-03-25T16:06:10.000Z","Shape__Area":927.45956821,"Shape__Length":130.88296256180607,"CommonName":null,"SourceGlobalID":"{94373BF8-A29E-4EF9-8DCE-E45B8886CA87}","Comments":null,"UpdateStatus":"AUTO","UpdateSource":"PMBC"}},{"type":"Feature","geometry":{"type":"Polygon","coordinates":[[[-118.206752,49.042625],[-118.206948,49.042621],[-118.206911,49.042969],[-118.206539,49.042975],[-118.206616,49.042848],[-118.206752,49.042625]]]},"properties":{"GlobalID":"{DE7D5214-6F56-4E62-824D-FF755110366B}","Name":"008112053","PlanID":"{09F3DB9B-F091-4DB0-AC88-3C88CCA2409B}","PlanNumber":"KAP19274","PIN":null,"PID":8112053,"Designation1":"Lot A","Designation2":null,"Designation3":null,"ParcelStatus":"ACTIVE","RegionalDistrict":"0019","ParcelClass":"SUBDIVISION","SourceParcelID":null,"GeometrySource":"ICF","IsRemainder":"NO","ParcelStartDate":null,"PositionalError":2.4377014,"LegalDescription":"LOT A DISTRICT LOT 498 SIMILKAMEEN DIVISION YALE DISTRICT PLAN 19274","CaptureMethod":"UNKNOWN","OwnerType":"PRIVATE","Compiled":1,"CreatedDate":"2016-09-20T23:24:06.000Z","ModifiedDate":"2025-06-24T10:14:53.000Z","StatedArea":null,"ErrorReportedBy":"LSA","Municipality":"0163","OBJECTID":50113,"created_user":"SDE","created_date":"2024-11-12T16:15:31.000Z","last_edited_user":"SDE","last_edited_date":"2026-03-25T16:06:10.000Z","Shape__Area":802.44257902,"Shape__Length":122.30457117859449,"CommonName":null,"SourceGlobalID":"{D2CE6D04-D921-41AD-9897-3E60EBB6789F}","Comments":null,"UpdateStatus":"AUTO","UpdateSource":"PMBC"}},{"type":"Feature","geometry":{"type":"Polygon","coordinates":[[[-118.218824,49.037762],[-118.218932,49.037709],[-118.219041,49.037662],[-118.219425,49.037911],[-118.219248,49.038028],[-118.218824,49.037762]]]},"properties":{"GlobalID":"{F015B0F1-9E37-4D32-88C3-C974B069A388}","Name":"004655010","PlanID":"{CAF9AD97-3239-4F45-B005-D805FD1D6143}","PlanNumber":"KAP28028","PIN":null,"PID":4655010,"Designation1":"Lot 26","Designation2":null,"Designation3":null,"ParcelStatus":"ACTIVE","RegionalDistrict":"0019","ParcelClass":"SUBDIVISION","SourceParcelID":null,"GeometrySource":"ICF","IsRemainder":"NO","ParcelStartDate":null,"PositionalError":3.1598111,"LegalDescription":"LOT 26 DISTRICT LOT 317 SIMILKAMEEN DIVISION YALE DISTRICT PLAN 28028","CaptureMethod":"UNKNOWN","OwnerType":"PRIVATE","Compiled":1,"CreatedDate":"2016-09-20T23:24:06.000Z","ModifiedDate":"2026-02-10T15:24:43.000Z","StatedArea":null,"ErrorReportedBy":"LSA","Municipality":"0163","OBJECTID":50114,"created_user":"SDE","created_date":"2024-11-12T16:15:31.000Z","last_edited_user":"SDE","last_edited_date":"2026-03-25T16:06:10.000Z","Shape__Area":770.88539427,"Shape__Length":119.92097773829151,"CommonName":null,"SourceGlobalID":"{726CB44E-1718-4D6C-A386-AD5FAB30D11A}","Comments":null,"UpdateStatus":"AUTO","UpdateSource":"PMBC"}},{"type":"Feature","geometry":{"type":"Polygon","coordinates":[[[-118.217626,49.03878],[-118.217833,49.038672],[-118.218242,49.03891],[-118.218157,49.038998],[-118.218088,49.03907],[-118.217626,49.03878]]]},"properties":{"GlobalID":"{5CE7EEA2-605A-4C96-B14A-AB285E242093}","Name":"004655133","PlanID":"{CAF9AD97-3239-4F45-B005-D805FD1D6143}","PlanNumber":"KAP28028","PIN":null,"PID":4655133,"Designation1":"Lot 33","Designation2":null,"Designation3":null,"ParcelStatus":"ACTIVE","RegionalDistrict":"0019","ParcelClass":"SUBDIVISION","SourceParcelID":null,"GeometrySource":"ICF","IsRemainder":"NO","ParcelStartDate":null,"PositionalError":3.0027137,"LegalDescription":"LOT 33 DISTRICT LOT 317 SIMILKAMEEN DIVISION YALE DISTRICT PLAN 28028","CaptureMethod":"UNKNOWN","OwnerType":"PRIVATE","Compiled":1,"CreatedDate":"2016-09-20T23:24:06.000Z","ModifiedDate":"2025-07-17T21:22:57.000Z","StatedArea":null,"ErrorReportedBy":"LSA","Municipality":"0163","OBJECTID":50115,"created_user":"SDE","created_date":"2024-11-12T16:15:31.000Z","last_edited_user":"SDE","last_edited_date":"2026-03-25T16:06:10.000Z","Shape__Area":859.701776745,"Shape__Length":126.85714355702191,"CommonName":null,"SourceGlobalID":"{8DE99B7E-07AB-4276-BF28-C89FE458F623}","Comments":null,"UpdateStatus":"AUTO","UpdateSource":"PMBC"}},{"type":"Feature","geometry":{"type":"Polygon","coordinates":[[[-118.216749,49.041601],[-118.216756,49.041867],[-118.216288,49.041872],[-118.216288,49.041608],[-118.216749,49.041601]]]},"properties":{"GlobalID":"{82366D21-AAA9-4E54-8646-234D4CF90B33}","Name":"008290415","PlanID":"{1C181BEB-1B60-46EE-9DB4-649896E8EBB0}","PlanNumber":"KAP18210","PIN":null,"PID":8290415,"Designation1":"Lot 1","Designation2":null,"Designation3":null,"ParcelStatus":"ACTIVE","RegionalDistrict":"0019","ParcelClass":"SUBDIVISION","SourceParcelID":null,"GeometrySource":"ICF","IsRemainder":"NO","ParcelStartDate":null,"PositionalError":2.9175581,"LegalDescription":"LOT 1 DISTRICT LOT 317 SIMILKAMEEN DIVISION YALE DISTRICT PLAN 18210","CaptureMethod":"UNKNOWN","OwnerType":"PRIVATE","Compiled":1,"CreatedDate":"2016-09-20T23:24:06.000Z","ModifiedDate":"2025-06-24T10:14:53.000Z","StatedArea":null,"ErrorReportedBy":"LSA","Municipality":"0163","OBJECTID":50116,"created_user":"SDE","created_date":"2024-11-12T16:15:31.000Z","last_edited_user":"SDE","last_edited_date":"2026-03-25T16:06:10.000Z","Shape__Area":999.51774384,"Shape__Length":126.7895107975199,"CommonName":null,"SourceGlobalID":"{087DAFD2-C980-4FA9-9CDC-BA3CB32C7D81}","Comments":null,"UpdateStatus":"AUTO","UpdateSource":"PMBC"}},{"type":"Feature","geometry":{"type":"Polygon","coordinates":[[[-118.218681,49.038454],[-118.218737,49.038395],[-118.219197,49.038659],[-118.219072,49.038764],[-118.218585,49.038553],[-118.218681,49.038454]]]},"properties":{"GlobalID":"{BA00558D-87EE-4877-8234-1E1C5191BC91}","Name":"004655401","PlanID":"{CAF9AD97-3239-4F45-B005-D805FD1D6143}","PlanNumber":"KAP28028","PIN":null,"PID":4655401,"Designation1":"Lot 49","Designation2":null,"Designation3":null,"ParcelStatus":"ACTIVE","RegionalDistrict":"0019","ParcelClass":"SUBDIVISION","SourceParcelID":null,"GeometrySource":"ICF","IsRemainder":"NO","ParcelStartDate":null,"PositionalError":3.22363951,"LegalDescription":"LOT 49 DISTRICT LOT 317 SIMILKAMEEN DIVISION YALE DISTRICT PLAN 28028","CaptureMethod":"UNKNOWN","OwnerType":"PRIVATE","Compiled":1,"CreatedDate":"2016-09-20T23:24:06.000Z","ModifiedDate":"2022-01-26T01:32:12.000Z","StatedArea":null,"ErrorReportedBy":"LSA","Municipality":"0163","OBJECTID":50117,"created_user":"SDE","created_date":"2024-11-12T16:15:31.000Z","last_edited_user":"SDE","last_edited_date":"2026-03-25T16:06:10.000Z","Shape__Area":774.60074854,"Shape__Length":122.89484704562743,"CommonName":null,"SourceGlobalID":"{4ACB9920-52BB-4854-A7DC-0274C2E1D28F}","Comments":null,"UpdateStatus":"AUTO","UpdateSource":"PMBC"}},{"type":"Feature","geometry":{"type":"Polygon","coordinates":[[[-118.219511,49.036602],[-118.219981,49.03659],[-118.220118,49.036756],[-118.220122,49.03677],[-118.219519,49.036777],[-118.219511,49.036602]]]},"properties":{"GlobalID":"{8A3CE152-3C1D-4CA3-A0AB-F806734148FF}","Name":"004654901","PlanID":"{CAF9AD97-3239-4F45-B005-D805FD1D6143}","PlanNumber":"KAP28028","PIN":null,"PID":4654901,"Designation1":"Lot 19","Designation2":null,"Designation3":null,"ParcelStatus":"ACTIVE","RegionalDistrict":"0019","ParcelClass":"SUBDIVISION","SourceParcelID":null,"GeometrySource":"ICF","IsRemainder":"NO","ParcelStartDate":null,"PositionalError":2.9104618,"LegalDescription":"LOT 19 DISTRICT LOT 317 SIMILKAMEEN DIVISION YALE DISTRICT PLAN 28028","CaptureMethod":"UNKNOWN","OwnerType":"PRIVATE","Compiled":1,"CreatedDate":"2016-09-20T23:24:06.000Z","ModifiedDate":"2025-07-17T21:22:57.000Z","StatedArea":null,"ErrorReportedBy":"LSA","Municipality":"0163","OBJECTID":50118,"created_user":"SDE","created_date":"2024-11-12T16:15:31.000Z","last_edited_user":"SDE","last_edited_date":"2026-03-25T16:06:10.000Z","Shape__Area":783.41594166,"Shape__Length":120.46763151782844,"CommonName":null,"SourceGlobalID":"{6DF6442D-47C8-40C0-B82E-14885D7AA1E0}","Comments":null,"UpdateStatus":"AUTO","UpdateSource":"PMBC"}},{"type":"Feature","geometry":{"type":"Polygon","coordinates":[[[-118.227591,49.042205],[-118.227861,49.042202],[-118.228284,49.042466],[-118.227082,49.043816],[-118.227071,49.043816],[-118.226328,49.043826],[-118.226138,49.043536],[-118.227591,49.042205]]]},"properties":{"GlobalID":"{2E9069C3-C08C-4066-9572-6EFA79FA904A}","Name":"003244423","PlanID":"{196E2C02-884A-4881-9553-3F08BF48305B}","PlanNumber":"KAP33117","PIN":null,"PID":3244423,"Designation1":"Lot 6","Designation2":"","Designation3":"","ParcelStatus":"ACTIVE","RegionalDistrict":"0019","ParcelClass":"SUBDIVISION","SourceParcelID":null,"GeometrySource":"ICF","IsRemainder":"NO","ParcelStartDate":null,"PositionalError":2.97231447,"LegalDescription":"LOT 6 DISTRICT LOT 317 SIMILKAMEEN DIVISION YALE DISTRICT PLAN 33117","CaptureMethod":"UNKNOWN","OwnerType":"PRIVATE","Compiled":1,"CreatedDate":"2016-09-20T23:24:06.000Z","ModifiedDate":"2022-01-26T01:32:12.000Z","StatedArea":null,"ErrorReportedBy":"DATACOMPILATION","Municipality":"0163","OBJECTID":50119,"created_user":"SDE","created_date":"2024-11-12T16:15:31.000Z","last_edited_user":"SDE","last_edited_date":"2026-03-25T16:06:10.000Z","Shape__Area":13018.701896205,"Shape__Length":508.56513918769025,"CommonName":null,"SourceGlobalID":"{B673E8CD-2CA8-4BCC-8CDA-71655209873A}","Comments":null,"UpdateStatus":"AUTO","UpdateSource":"PMBC"}},{"type":"Feature","geometry":{"type":"Polygon","coordinates":[[[-118.207546,49.042959],[-118.207563,49.042959],[-118.207817,49.042956],[-118.207868,49.042956],[-118.207868,49.042974],[-118.207875,49.043],[-118.20788,49.043025],[-118.207917,49.043126],[-118.207967,49.043228],[-118.207984,49.043249],[-118.207992,49.043265],[-118.208002,49.043281],[-118.208014,49.043295],[-118.208003,49.043314],[-118.20793,49.043315],[-118.207287,49.043324],[-118.207189,49.043326],[-118.207209,49.043306],[-118.207211,49.043304],[-118.207546,49.042959]]]},"properties":{"GlobalID":"{60AF9442-A8E7-46B7-91A6-8F8C934EDCB2}","Name":"009387692","PlanID":"{3CA3BA07-0044-487B-BCE6-6582D925F6BC}","PlanNumber":"KAP12628","PIN":null,"PID":9387692,"Designation1":"Lot 1","Designation2":null,"Designation3":null,"ParcelStatus":"ACTIVE","RegionalDistrict":"0019","ParcelClass":"SUBDIVISION","SourceParcelID":null,"GeometrySource":"MODIFIED-ICF","IsRemainder":"NO","ParcelStartDate":null,"PositionalError":3.0780813,"LegalDescription":"LOT 1 DISTRICT LOT 498 SIMILKAMEEN DIVISION YALE DISTRICT PLAN 12628","CaptureMethod":"UNKNOWN","OwnerType":"PRIVATE","Compiled":1,"CreatedDate":"2016-09-20T23:24:06.000Z","ModifiedDate":"2025-07-04T18:17:44.000Z","StatedArea":null,"ErrorReportedBy":"LSA","Municipality":"0163","OBJECTID":50120,"created_user":"SDE","created_date":"2024-11-12T16:15:31.000Z","last_edited_user":"SDE","last_edited_date":"2026-03-25T16:06:10.000Z","Shape__Area":1646.02176743,"Shape__Length":173.1346560600284,"CommonName":null,"SourceGlobalID":"{E990563E-3A9C-4633-957A-AE3A59B87102}","Comments":null,"UpdateStatus":"AUTO","UpdateSource":"PMBC"}},{"type":"Feature","geometry":{"type":"Polygon","coordinates":[[[-118.222624,49.036793],[-118.222643,49.036712],[-118.22325,49.036823],[-118.223128,49.037126],[-118.222561,49.037055],[-118.222624,49.036793]]]},"properties":{"GlobalID":"{3EC5C64D-E43D-4DCF-8004-CB8A0FC79D1B}","Name":"003244733","PlanID":"{196E2C02-884A-4881-9553-3F08BF48305B}","PlanNumber":"KAP33117","PIN":null,"PID":3244733,"Designation1":"Lot 24","Designation2":null,"Designation3":null,"ParcelStatus":"ACTIVE","RegionalDistrict":"0019","ParcelClass":"SUBDIVISION","SourceParcelID":null,"GeometrySource":"ICF","IsRemainder":"NO","ParcelStartDate":null,"PositionalError":3.06183332,"LegalDescription":"LOT 24 DISTRICT LOT 317 SIMILKAMEEN DIVISION YALE DISTRICT PLAN 33117","CaptureMethod":"UNKNOWN","OwnerType":"PRIVATE","Compiled":1,"CreatedDate":"2016-09-20T23:24:06.000Z","ModifiedDate":"2022-01-26T01:32:12.000Z","StatedArea":null,"ErrorReportedBy":"LSA","Municipality":"0163","OBJECTID":50121,"created_user":"SDE","created_date":"2024-11-12T16:15:31.000Z","last_edited_user":"SDE","last_edited_date":"2026-03-25T16:06:10.000Z","Shape__Area":1615.15619002,"Shape__Length":161.65213855952484,"CommonName":null,"SourceGlobalID":"{BBD075BA-8223-4D91-9C15-4E3CDFBCFA22}","Comments":null,"UpdateStatus":"AUTO","UpdateSource":"PMBC"}},{"type":"Feature","geometry":{"type":"Polygon","coordinates":[[[-118.217195,49.038947],[-118.217417,49.03886],[-118.217933,49.039225],[-118.217502,49.03927],[-118.217482,49.039272],[-118.217195,49.038947]]]},"properties":{"GlobalID":"{569BEA47-36C0-4573-A1EF-2FBFEFD01F5C}","Name":"004655168","PlanID":"{CAF9AD97-3239-4F45-B005-D805FD1D6143}","PlanNumber":"KAP28028","PIN":null,"PID":4655168,"Designation1":"Lot 35","Designation2":null,"Designation3":null,"ParcelStatus":"ACTIVE","RegionalDistrict":"0019","ParcelClass":"SUBDIVISION","SourceParcelID":null,"GeometrySource":"ICF","IsRemainder":"NO","ParcelStartDate":null,"PositionalError":2.6953705,"LegalDescription":"LOT 35 DISTRICT LOT 317 SIMILKAMEEN DIVISION YALE DISTRICT PLAN 28028","CaptureMethod":"UNKNOWN","OwnerType":"PRIVATE","Compiled":1,"CreatedDate":"2016-09-20T23:24:06.000Z","ModifiedDate":"2026-02-10T15:24:43.000Z","StatedArea":null,"ErrorReportedBy":"LSA","Municipality":"0163","OBJECTID":50122,"created_user":"SDE","created_date":"2024-11-12T16:15:31.000Z","last_edited_user":"SDE","last_edited_date":"2026-03-25T16:06:10.000Z","Shape__Area":1162.77493376,"Shape__Length":149.49521552374736,"CommonName":null,"SourceGlobalID":"{8264912F-39AA-423F-9069-6F47E3E96173}","Comments":null,"UpdateStatus":"AUTO","UpdateSource":"PMBC"}},{"type":"Feature","geometry":{"type":"Polygon","coordinates":[[[-118.214493,49.038497],[-118.214488,49.038168],[-118.21478,49.038166],[-118.214787,49.038428],[-118.214787,49.038494],[-118.214493,49.038497]]]},"properties":{"GlobalID":"{4E38C919-2CC4-4525-BE9A-1AD4A897CF5B}","Name":"009185020","PlanID":"{022C2003-5114-4C92-9874-68E561BD1B1F}","PlanNumber":"KAP13637","PIN":null,"PID":9185020,"Designation1":"Lot 12","Designation2":null,"Designation3":null,"ParcelStatus":"ACTIVE","RegionalDistrict":"0019","ParcelClass":"SUBDIVISION","SourceParcelID":null,"GeometrySource":"ICF","IsRemainder":"NO","ParcelStartDate":null,"PositionalError":1.45527655,"LegalDescription":"LOT 12 DISTRICT LOT 317 SIMILKAMEEN DIVISION YALE DISTRICT PLAN 13637","CaptureMethod":"UNKNOWN","OwnerType":"PRIVATE","Compiled":1,"CreatedDate":"2016-09-20T23:24:06.000Z","ModifiedDate":"2022-01-26T01:32:12.000Z","StatedArea":null,"ErrorReportedBy":"LSA","Municipality":"0163","OBJECTID":50123,"created_user":"SDE","created_date":"2024-11-12T16:15:31.000Z","last_edited_user":"SDE","last_edited_date":"2026-03-25T16:06:10.000Z","Shape__Area":783.352093895,"Shape__Length":115.85314428265507,"CommonName":null,"SourceGlobalID":"{33F2A629-430B-49D7-AAE4-16B3677E3FDE}","Comments":null,"UpdateStatus":"AUTO","UpdateSource":"PMBC"}},{"type":"Feature","geometry":{"type":"Polygon","coordinates":[[[-118.220715,49.036123],[-118.2207,49.036096],[-118.220602,49.035955],[-118.221141,49.035772],[-118.22117,49.035902],[-118.22117,49.036162],[-118.220742,49.036174],[-118.220715,49.036123]]]},"properties":{"GlobalID":"{732A2BFF-0FED-49A6-8067-D996EEC6483F}","Name":"004654625","PlanID":"{CAF9AD97-3239-4F45-B005-D805FD1D6143}","PlanNumber":"KAP28028","PIN":null,"PID":4654625,"Designation1":"Lot 6","Designation2":null,"Designation3":null,"ParcelStatus":"ACTIVE","RegionalDistrict":"0019","ParcelClass":"SUBDIVISION","SourceParcelID":null,"GeometrySource":"ICF","IsRemainder":"NO","ParcelStartDate":null,"PositionalError":3.4392585,"LegalDescription":"LOT 6 DISTRICT LOT 317 SIMILKAMEEN DIVISION YALE DISTRICT PLAN 28028","CaptureMethod":"UNKNOWN","OwnerType":"PRIVATE","Compiled":1,"CreatedDate":"2016-09-20T23:24:06.000Z","ModifiedDate":"2026-02-10T15:25:26.000Z","StatedArea":null,"ErrorReportedBy":"LSA","Municipality":"0163","OBJECTID":50124,"created_user":"SDE","created_date":"2024-11-12T16:15:31.000Z","last_edited_user":"SDE","last_edited_date":"2026-03-25T16:06:10.000Z","Shape__Area":1286.69479265,"Shape__Length":145.64417803322135,"CommonName":null,"SourceGlobalID":"{F5ADFDCC-22BA-445B-BDBE-96F80D652FCF}","Comments":null,"UpdateStatus":"AUTO","UpdateSource":"PMBC"}},{"type":"Feature","geometry":{"type":"Polygon","coordinates":[[[-118.214282,49.036415],[-118.214704,49.03641],[-118.214707,49.036543],[-118.214286,49.036552],[-118.214282,49.036415]]]},"properties":{"GlobalID":"{64C75FA5-271A-4AB8-AC0A-A883A13432E3}","Name":"023148462","PlanID":"{7D0B5454-775A-4ACF-8B36-192C13F8F239}","PlanNumber":"KAS1647","PIN":null,"PID":23148462,"Designation1":"Lot 1","Designation2":null,"Designation3":null,"ParcelStatus":"ACTIVE","RegionalDistrict":"0019","ParcelClass":"BARE LAND STRATA","SourceParcelID":null,"GeometrySource":"ICF","IsRemainder":"NO","ParcelStartDate":null,"PositionalError":2.5404754,"LegalDescription":"STRATA LOT 1 DISTRICT LOT 317 SIMILKAMEEN DIVISION YALE DISTRICT STRATA PLAN KAS1647 TOGETHER WITH AN INTEREST IN THE COMMON PROPERTY IN PROPORTION TO THE UNIT ENTITLEMENT OF THE STRATA LOT AS SHOWN ON FORM 1","CaptureMethod":"UNKNOWN","OwnerType":"PRIVATE","Compiled":1,"CreatedDate":"2016-09-20T23:24:06.000Z","ModifiedDate":"2026-02-10T10:02:01.000Z","StatedArea":null,"ErrorReportedBy":"LSA","Municipality":"0163","OBJECTID":50125,"created_user":"SDE","created_date":"2024-11-12T16:15:31.000Z","last_edited_user":"SDE","last_edited_date":"2026-03-25T16:06:10.000Z","Shape__Area":462.566506605,"Shape__Length":91.71076571875636,"CommonName":null,"SourceGlobalID":"{00A546CB-17A1-49E5-A916-283089A9E13C}","Comments":null,"UpdateStatus":"AUTO","UpdateSource":"PMBC"}},{"type":"Feature","geometry":{"type":"Polygon","coordinates":[[[-118.219417,49.034941],[-118.219916,49.034927],[-118.219923,49.035106],[-118.219419,49.035125],[-118.219417,49.034941]]]},"properties":{"GlobalID":"{5D0227E1-3BE2-4C1B-B132-B02E31DDC7A0}","Name":"004654803","PlanID":"{CAF9AD97-3239-4F45-B005-D805FD1D6143}","PlanNumber":"KAP28028","PIN":null,"PID":4654803,"Designation1":"Lot 12","Designation2":null,"Designation3":null,"ParcelStatus":"ACTIVE","RegionalDistrict":"0019","ParcelClass":"SUBDIVISION","SourceParcelID":null,"GeometrySource":"ICF","IsRemainder":"NO","ParcelStartDate":null,"PositionalError":1.8183657,"LegalDescription":"LOT 12 DISTRICT LOT 317 SIMILKAMEEN DIVISION YALE DISTRICT PLAN 28028","CaptureMethod":"UNKNOWN","OwnerType":"PRIVATE","Compiled":1,"CreatedDate":"2016-09-20T23:24:06.000Z","ModifiedDate":"2026-02-10T15:25:26.000Z","StatedArea":null,"ErrorReportedBy":"LSA","Municipality":"0163","OBJECTID":50126,"created_user":"SDE","created_date":"2024-11-12T16:15:31.000Z","last_edited_user":"SDE","last_edited_date":"2026-03-25T16:06:10.000Z","Shape__Area":741.41483704,"Shape__Length":113.83020510925498,"CommonName":null,"SourceGlobalID":"{C1C10E9E-DE94-4B87-81DA-943E018E164D}","Comments":null,"UpdateStatus":"AUTO","UpdateSource":"PMBC"}},{"type":"Feature","geometry":{"type":"Polygon","coordinates":[[[-118.222099,49.041979],[-118.222372,49.042001],[-118.222407,49.043249],[-118.22241,49.043355],[-118.222314,49.043337],[-118.222209,49.043326],[-118.222104,49.043319],[-118.222102,49.043264],[-118.222083,49.042734],[-118.222122,49.042645],[-118.222113,49.0424],[-118.222099,49.041979]]]},"properties":{"GlobalID":"{7069F4EE-EC7C-48F1-835F-82F6560410E0}","Name":"005931584","PlanID":"{EEAD32DF-6BA8-4762-AC0B-20C1C4D1A9FA}","PlanNumber":"KAP24392","PIN":null,"PID":5931584,"Designation1":"Lot A","Designation2":null,"Designation3":null,"ParcelStatus":"ACTIVE","RegionalDistrict":"0019","ParcelClass":"SUBDIVISION","SourceParcelID":null,"GeometrySource":"ICF","IsRemainder":"NO","ParcelStartDate":null,"PositionalError":4.48577675,"LegalDescription":"LOT A DISTRICT LOT 317 SIMILKAMEEN DIVISION YALE DISTRICT PLAN 24392","CaptureMethod":"UNKNOWN","OwnerType":"PRIVATE","Compiled":1,"CreatedDate":"2016-09-20T23:24:06.000Z","ModifiedDate":"2022-01-26T01:32:12.000Z","StatedArea":null,"ErrorReportedBy":"LSA","Municipality":"0163","OBJECTID":50127,"created_user":"SDE","created_date":"2024-11-12T16:15:31.000Z","last_edited_user":"SDE","last_edited_date":"2026-03-25T16:06:10.000Z","Shape__Area":3144.532784265,"Shape__Length":342.9839162865698,"CommonName":null,"SourceGlobalID":"{4B313459-290A-4E7E-A261-9FA4B2AB10D7}","Comments":null,"UpdateStatus":"AUTO","UpdateSource":"PMBC"}},{"type":"Feature","geometry":{"type":"Polygon","coordinates":[[[-118.219852,49.037632],[-118.219954,49.037438],[-118.220391,49.037678],[-118.220217,49.03782],[-118.219852,49.037632]]]},"properties":{"GlobalID":"{C97E5CF2-3A3A-4BC3-BFF8-64982CC0DB97}","Name":"004655524","PlanID":"{CAF9AD97-3239-4F45-B005-D805FD1D6143}","PlanNumber":"KAP28028","PIN":null,"PID":4655524,"Designation1":"Lot 56","Designation2":null,"Designation3":null,"ParcelStatus":"ACTIVE","RegionalDistrict":"0019","ParcelClass":"SUBDIVISION","SourceParcelID":null,"GeometrySource":"ICF","IsRemainder":"NO","ParcelStartDate":null,"PositionalError":2.9772649,"LegalDescription":"LOT 56 DISTRICT LOT 317 SIMILKAMEEN DIVISION YALE DISTRICT PLAN 28028","CaptureMethod":"UNKNOWN","OwnerType":"PRIVATE","Compiled":1,"CreatedDate":"2016-09-20T23:24:06.000Z","ModifiedDate":"2025-05-20T18:33:07.000Z","StatedArea":null,"ErrorReportedBy":"LSA","Municipality":"0163","OBJECTID":50128,"created_user":"SDE","created_date":"2024-11-12T16:15:31.000Z","last_edited_user":"SDE","last_edited_date":"2026-03-25T16:06:10.000Z","Shape__Area":788.12698497,"Shape__Length":118.66798962047707,"CommonName":null,"SourceGlobalID":"{A8134C35-15BD-456B-91D6-62629B0407C2}","Comments":null,"UpdateStatus":"AUTO","UpdateSource":"PMBC"}},{"type":"Feature","geometry":{"type":"Polygon","coordinates":[[[-118.221748,49.042226],[-118.221669,49.042226],[-118.221292,49.042233],[-118.221269,49.041521],[-118.22129,49.04152],[-118.221624,49.041825],[-118.22182,49.04189],[-118.221829,49.042169],[-118.221748,49.042226]]]},"properties":{"GlobalID":"{15013FA4-B513-40D1-8AD4-0A0C6D2786BB}","Name":"018073450","PlanID":"{E2FED92C-3CFA-4C87-9F3F-BE7F951BD114}","PlanNumber":"KAP48928","PIN":null,"PID":18073450,"Designation1":"Lot C","Designation2":null,"Designation3":null,"ParcelStatus":"ACTIVE","RegionalDistrict":"0019","ParcelClass":"SUBDIVISION","SourceParcelID":null,"GeometrySource":"ICF","IsRemainder":"NO","ParcelStartDate":null,"PositionalError":4.72567095,"LegalDescription":"LOT C DISTRICT LOT 317 SIMILKAMEEN DIVISION YALE DISTRICT PLAN KAP48928","CaptureMethod":"UNKNOWN","OwnerType":"PRIVATE","Compiled":1,"CreatedDate":"2016-09-20T23:24:06.000Z","ModifiedDate":"2022-01-26T01:32:12.000Z","StatedArea":null,"ErrorReportedBy":"LSA","Municipality":"0163","OBJECTID":50129,"created_user":"SDE","created_date":"2024-11-12T16:15:31.000Z","last_edited_user":"SDE","last_edited_date":"2026-03-25T16:06:10.000Z","Shape__Area":2152.70772641,"Shape__Length":211.61962324537933,"CommonName":null,"SourceGlobalID":"{48E98CCC-77FA-41D1-9D14-E5F0CBF7E1EA}","Comments":null,"UpdateStatus":"AUTO","UpdateSource":"PMBC"}},{"type":"Feature","geometry":{"type":"Polygon","coordinates":[[[-118.219912,49.034784],[-118.219415,49.034789],[-118.219415,49.034707],[-118.220221,49.034686],[-118.220221,49.034519],[-118.220222,49.034314],[-118.220222,49.034165],[-118.220222,49.034156],[-118.220776,49.0342],[-118.220932,49.034774],[-118.219912,49.034784]]]},"properties":{"GlobalID":"{3B1BEA42-3924-4C17-A709-64F8317E77F4}","Name":"003244512","PlanID":"{196E2C02-884A-4881-9553-3F08BF48305B}","PlanNumber":"KAP33117","PIN":null,"PID":3244512,"Designation1":"Lot 40","Designation2":null,"Designation3":null,"ParcelStatus":"ACTIVE","RegionalDistrict":"0019","ParcelClass":"SUBDIVISION","SourceParcelID":null,"GeometrySource":"ICF","IsRemainder":"NO","ParcelStartDate":null,"PositionalError":2.51570683,"LegalDescription":"LOT 40 DISTRICT LOT 1020S SIMILKAMEEN DIVISION YALE DISTRICT PLAN 33117","CaptureMethod":"UNKNOWN","OwnerType":"PRIVATE","Compiled":1,"CreatedDate":"2016-09-20T23:24:06.000Z","ModifiedDate":"2022-01-26T01:32:12.000Z","StatedArea":null,"ErrorReportedBy":"LSA","Municipality":"0163","OBJECTID":50130,"created_user":"SDE","created_date":"2024-11-12T16:15:31.000Z","last_edited_user":"SDE","last_edited_date":"2026-03-25T16:06:10.000Z","Shape__Area":3651.54042286,"Shape__Length":343.6087556683951,"CommonName":null,"SourceGlobalID":"{9E79035D-26CC-44CF-AF24-FF0D35570D00}","Comments":null,"UpdateStatus":"AUTO","UpdateSource":"PMBC"}},{"type":"Feature","geometry":{"type":"Polygon","coordinates":[[[-118.214267,49.035808],[-118.21469,49.035804],[-118.214693,49.035916],[-118.214269,49.035921],[-118.214267,49.035808]]]},"properties":{"GlobalID":"{A92220CD-7ABF-45E1-BF59-38B96C565134}","Name":"023148519","PlanID":"{7D0B5454-775A-4ACF-8B36-192C13F8F239}","PlanNumber":"KAS1647","PIN":null,"PID":23148519,"Designation1":"Lot 6","Designation2":null,"Designation3":null,"ParcelStatus":"ACTIVE","RegionalDistrict":"0019","ParcelClass":"BARE LAND STRATA","SourceParcelID":null,"GeometrySource":"ICF","IsRemainder":"NO","ParcelStartDate":null,"PositionalError":2.5558915,"LegalDescription":"STRATA LOT 6 DISTRICT LOT 317 SIMILKAMEEN DIVISION YALE DISTRICT STRATA PLAN KAS1647 TOGETHER WITH AN INTEREST IN THE COMMON PROPERTY IN PROPORTION TO THE UNIT ENTITLEMENT OF THE STRATA LOT AS SHOWN ON FORM 1","CaptureMethod":"UNKNOWN","OwnerType":"PRIVATE","Compiled":1,"CreatedDate":"2016-09-20T23:24:06.000Z","ModifiedDate":"2026-02-10T10:07:01.000Z","StatedArea":null,"ErrorReportedBy":"LSA","Municipality":"0163","OBJECTID":50131,"created_user":"SDE","created_date":"2024-11-12T16:15:31.000Z","last_edited_user":"SDE","last_edited_date":"2026-03-25T16:06:10.000Z","Shape__Area":387.82141464,"Shape__Length":86.94675213277063,"CommonName":null,"SourceGlobalID":"{1ECBE98D-35E7-4505-9AE1-593F046A6F24}","Comments":null,"UpdateStatus":"AUTO","UpdateSource":"PMBC"}},{"type":"Feature","geometry":{"type":"Polygon","coordinates":[[[-118.22191,49.036327],[-118.222713,49.036415],[-118.222709,49.036433],[-118.222665,49.036617],[-118.221846,49.036514],[-118.22191,49.036327]]]},"properties":{"GlobalID":"{0667A45E-042C-4DC0-BA2A-CAEE942499F2}","Name":"004655842","PlanID":"{CAF9AD97-3239-4F45-B005-D805FD1D6143}","PlanNumber":"KAP28028","PIN":null,"PID":4655842,"Designation1":"Lot 74","Designation2":null,"Designation3":null,"ParcelStatus":"ACTIVE","RegionalDistrict":"0019","ParcelClass":"SUBDIVISION","SourceParcelID":null,"GeometrySource":"ICF","IsRemainder":"NO","ParcelStartDate":null,"PositionalError":3.2630507,"LegalDescription":"LOT 74 DISTRICT LOT 317 SIMILKAMEEN DIVISION YALE DISTRICT PLAN 28028","CaptureMethod":"UNKNOWN","OwnerType":"PRIVATE","Compiled":1,"CreatedDate":"2016-09-20T23:24:06.000Z","ModifiedDate":"2022-01-26T01:32:12.000Z","StatedArea":null,"ErrorReportedBy":"LSA","Municipality":"0163","OBJECTID":50132,"created_user":"SDE","created_date":"2024-11-12T16:15:31.000Z","last_edited_user":"SDE","last_edited_date":"2026-03-25T16:06:10.000Z","Shape__Area":1327.679781135,"Shape__Length":164.57739822651516,"CommonName":null,"SourceGlobalID":"{819C4A6A-8A6A-40C7-A5CF-7C33E65B10FC}","Comments":null,"UpdateStatus":"AUTO","UpdateSource":"PMBC"}},{"type":"Feature","geometry":{"type":"Polygon","coordinates":[[[-118.215761,49.035842],[-118.216568,49.035834],[-118.216574,49.036099],[-118.215767,49.036103],[-118.215761,49.035842]]]},"properties":{"GlobalID":"{7DC994A4-9642-4252-8451-A61B49003300}","Name":"007874481","PlanID":"{B0E04D97-B59D-47B0-A9F1-CEB59B5984B2}","PlanNumber":"KAP20292","PIN":null,"PID":7874481,"Designation1":"Lot 34","Designation2":null,"Designation3":null,"ParcelStatus":"ACTIVE","RegionalDistrict":"0019","ParcelClass":"SUBDIVISION","SourceParcelID":null,"GeometrySource":"ICF","IsRemainder":"NO","ParcelStartDate":null,"PositionalError":4.4909791,"LegalDescription":"LOT 34 DISTRICT LOT 317 SIMILKAMEEN DIVISION YALE DISTRICT PLAN 20292","CaptureMethod":"UNKNOWN","OwnerType":"PRIVATE","Compiled":1,"CreatedDate":"2016-09-20T23:24:06.000Z","ModifiedDate":"2024-11-22T17:11:45.000Z","StatedArea":null,"ErrorReportedBy":"LSA","Municipality":"0163","OBJECTID":50133,"created_user":"SDE","created_date":"2024-11-12T16:15:31.000Z","last_edited_user":"SDE","last_edited_date":"2026-03-25T16:06:10.000Z","Shape__Area":1726.749862,"Shape__Length":176.55465714855399,"CommonName":null,"SourceGlobalID":"{7B582107-2577-4553-84AE-A28639167E14}","Comments":null,"UpdateStatus":"AUTO","UpdateSource":"PMBC"}},{"type":"Feature","geometry":{"type":"Polygon","coordinates":[[[-118.222805,49.03603],[-118.22285,49.035839],[-118.222894,49.035652],[-118.223343,49.036025],[-118.223363,49.036179],[-118.22277,49.036174],[-118.222805,49.03603]]]},"properties":{"GlobalID":"{2BBBCCCC-6909-4A84-ADFF-73E50B4179F0}","Name":"003244814","PlanID":"{196E2C02-884A-4881-9553-3F08BF48305B}","PlanNumber":"KAP33117","PIN":null,"PID":3244814,"Designation1":"Lot 27","Designation2":null,"Designation3":null,"ParcelStatus":"ACTIVE","RegionalDistrict":"0019","ParcelClass":"SUBDIVISION","SourceParcelID":null,"GeometrySource":"ICF","IsRemainder":"NO","ParcelStartDate":null,"PositionalError":3.7306962,"LegalDescription":"LOT 27 DISTRICT LOT 317 SIMILKAMEEN DIVISION YALE DISTRICT PLAN 33117","CaptureMethod":"UNKNOWN","OwnerType":"PRIVATE","Compiled":1,"CreatedDate":"2016-09-20T23:24:06.000Z","ModifiedDate":"2024-11-22T17:11:45.000Z","StatedArea":null,"ErrorReportedBy":"LSA","Municipality":"0163","OBJECTID":50134,"created_user":"SDE","created_date":"2024-11-12T16:15:31.000Z","last_edited_user":"SDE","last_edited_date":"2026-03-25T16:06:10.000Z","Shape__Area":1507.458889565,"Shape__Length":172.10423102680448,"CommonName":null,"SourceGlobalID":"{07C257DF-ED00-4EBC-AAD7-39A64AA8D842}","Comments":null,"UpdateStatus":"AUTO","UpdateSource":"PMBC"}},{"type":"Feature","geometry":{"type":"Polygon","coordinates":[[[-118.21869,49.040038],[-118.218943,49.039698],[-118.219168,49.03977],[-118.218897,49.040135],[-118.21869,49.040038]]]},"properties":{"GlobalID":"{6809B403-D709-412A-957A-7A518C5FE575}","Name":"003963772","PlanID":"{CAF9AD97-3239-4F45-B005-D805FD1D6143}","PlanNumber":"KAP28028","PIN":null,"PID":3963772,"Designation1":"Lot 96","Designation2":null,"Designation3":null,"ParcelStatus":"ACTIVE","RegionalDistrict":"0019","ParcelClass":"SUBDIVISION","SourceParcelID":null,"GeometrySource":"ICF","IsRemainder":"NO","ParcelStartDate":null,"PositionalError":1.16740351,"LegalDescription":"LOT 96 DISTRICT LOT 317 SIMILKAMEEN DIVISION YALE DISTRICT PLAN 28028","CaptureMethod":"UNKNOWN","OwnerType":"PRIVATE","Compiled":1,"CreatedDate":"2016-09-20T23:24:06.000Z","ModifiedDate":"2022-01-26T01:32:12.000Z","StatedArea":null,"ErrorReportedBy":"LSA","Municipality":"0163","OBJECTID":50135,"created_user":"SDE","created_date":"2024-11-12T16:15:31.000Z","last_edited_user":"SDE","last_edited_date":"2026-03-25T16:06:10.000Z","Shape__Area":798.83045522,"Shape__Length":124.1265934044441,"CommonName":null,"SourceGlobalID":"{B2E01130-BB09-4D49-AC41-94452B701A7F}","Comments":null,"UpdateStatus":"AUTO","UpdateSource":"PMBC"}},{"type":"Feature","geometry":{"type":"Polygon","coordinates":[[[-118.219967,49.036369],[-118.220516,49.036353],[-118.220537,49.036428],[-118.220551,49.036504],[-118.22056,49.036582],[-118.220033,49.03659],[-118.219981,49.03659],[-118.219967,49.036369]]]},"properties":{"GlobalID":"{897771E3-2C9F-490B-A1A6-64DD2577C59D}","Name":"004655630","PlanID":"{CAF9AD97-3239-4F45-B005-D805FD1D6143}","PlanNumber":"KAP28028","PIN":null,"PID":4655630,"Designation1":"Lot 62","Designation2":null,"Designation3":null,"ParcelStatus":"ACTIVE","RegionalDistrict":"0019","ParcelClass":"SUBDIVISION","SourceParcelID":null,"GeometrySource":"ICF","IsRemainder":"NO","ParcelStartDate":null,"PositionalError":2.9405599,"LegalDescription":"LOT 62 DISTRICT LOT 317 SIMILKAMEEN DIVISION YALE DISTRICT PLAN 28028","CaptureMethod":"UNKNOWN","OwnerType":"PRIVATE","Compiled":1,"CreatedDate":"2016-09-20T23:24:06.000Z","ModifiedDate":"2025-06-24T10:14:53.000Z","StatedArea":null,"ErrorReportedBy":"LSA","Municipality":"0163","OBJECTID":50136,"created_user":"SDE","created_date":"2024-11-12T16:15:31.000Z","last_edited_user":"SDE","last_edited_date":"2026-03-25T16:06:10.000Z","Shape__Area":1042.71835175,"Shape__Length":132.81229865893206,"CommonName":null,"SourceGlobalID":"{EB619A3E-D0D0-4489-9720-780F1647250D}","Comments":null,"UpdateStatus":"AUTO","UpdateSource":"PMBC"}},{"type":"Feature","geometry":{"type":"Polygon","coordinates":[[[-118.214693,49.035916],[-118.21469,49.035804],[-118.214689,49.035759],[-118.215487,49.035769],[-118.215493,49.036011],[-118.214695,49.036023],[-118.214693,49.035916]]]},"properties":{"GlobalID":"{24B6EBD9-B0D4-4F92-92EB-8067313FA41D}","Name":"007874642","PlanID":"{B0E04D97-B59D-47B0-A9F1-CEB59B5984B2}","PlanNumber":"KAP20292","PIN":null,"PID":7874642,"Designation1":"Lot 52","Designation2":null,"Designation3":null,"ParcelStatus":"ACTIVE","RegionalDistrict":"0019","ParcelClass":"SUBDIVISION","SourceParcelID":null,"GeometrySource":"ICF","IsRemainder":"NO","ParcelStartDate":null,"PositionalError":2.6410471,"LegalDescription":"LOT 52 DISTRICT LOT 317 SIMILKAMEEN DIVISION YALE DISTRICT PLAN 20292","CaptureMethod":"UNKNOWN","OwnerType":"PRIVATE","Compiled":1,"CreatedDate":"2016-09-20T23:24:06.000Z","ModifiedDate":"2024-11-22T17:11:45.000Z","StatedArea":null,"ErrorReportedBy":"LSA","Municipality":"0163","OBJECTID":50137,"created_user":"SDE","created_date":"2024-11-12T16:15:31.000Z","last_edited_user":"SDE","last_edited_date":"2026-03-25T16:06:10.000Z","Shape__Area":1640.087638205,"Shape__Length":172.94168074820203,"CommonName":null,"SourceGlobalID":"{1A4A7A99-7A91-4968-B01E-2AE50C5D583D}","Comments":null,"UpdateStatus":"AUTO","UpdateSource":"PMBC"}},{"type":"Feature","geometry":{"type":"MultiPolygon","coordinates":[[[[-118.215034,49.034203],[-118.215072,49.034164],[-118.215156,49.034153],[-118.215238,49.034157],[-118.215345,49.034191],[-118.215402,49.034187],[-118.215471,49.034142],[-118.215536,49.0341],[-118.21563,49.034031],[-118.215597,49.033954],[-118.215633,49.033882],[-118.215719,49.033852],[-118.215749,49.033836],[-118.215832,49.033784],[-118.21601,49.033707],[-118.21606,49.033711],[-118.216188,49.033714],[-118.216285,49.033702],[-118.216321,49.033668],[-118.216344,49.033588],[-118.216413,49.033521],[-118.216444,49.033497],[-118.216691,49.033494],[-118.216743,49.033481],[-118.21692,49.033364],[-118.217111,49.033294],[-118.217199,49.033283],[-118.217272,49.033332],[-118.217351,49.033333],[-118.217481,49.033305],[-118.21756,49.033294],[-118.217679,49.033253],[-118.217861,49.033252],[-118.217966,49.033242],[-118.218328,49.033255],[-118.218616,49.033337],[-118.218729,49.033284],[-118.219011,49.03328],[-118.219209,49.033225],[-118.219215,49.033385],[-118.219231,49.03387],[-118.219197,49.033909],[-118.219167,49.033951],[-118.219142,49.033996],[-118.219122,49.034044],[-118.219107,49.034093],[-118.219097,49.034144],[-118.219093,49.034195],[-118.21914,49.034794],[-118.21834,49.034808],[-118.217943,49.034815],[-118.217546,49.034822],[-118.21715,49.034829],[-118.216753,49.034836],[-118.216357,49.034843],[-118.215959,49.03485],[-118.215386,49.034861],[-118.213663,49.034891],[-118.21365,49.034891],[-118.213729,49.034836],[-118.213741,49.034755],[-118.213922,49.034699],[-118.21418,49.034554],[-118.214233,49.034549],[-118.214571,49.034462],[-118.214717,49.034358],[-118.214997,49.03427],[-118.215013,49.034229],[-118.215034,49.034203]]],[[[-118.212419,49.034914],[-118.21253,49.034776],[-118.212717,49.034838],[-118.214478,49.032511],[-118.214292,49.03245],[-118.214689,49.031924],[-118.216638,49.031896],[-118.219163,49.031861],[-118.219203,49.033031],[-118.219207,49.033165],[-118.219207,49.033184],[-118.218989,49.033244],[-118.218702,49.033252],[-118.218603,49.033296],[-118.218336,49.033221],[-118.217941,49.033206],[-118.217858,49.033214],[-118.217702,49.033215],[-118.217537,49.03326],[-118.217451,49.033275],[-118.217352,49.033298],[-118.217285,49.033295],[-118.217219,49.033245],[-118.217089,49.03326],[-118.216888,49.033337],[-118.216709,49.033446],[-118.216659,49.033462],[-118.216432,49.033466],[-118.216409,49.033471],[-118.21629,49.03358],[-118.216268,49.033656],[-118.216253,49.033673],[-118.216188,49.03368],[-118.216067,49.033679],[-118.216009,49.033676],[-118.215795,49.033761],[-118.215683,49.033825],[-118.215581,49.03387],[-118.215538,49.033956],[-118.21557,49.034024],[-118.215385,49.034149],[-118.215339,49.03415],[-118.215245,49.034127],[-118.215153,49.034126],[-118.215047,49.034141],[-118.214962,49.034225],[-118.214954,49.034244],[-118.214677,49.034332],[-118.214546,49.034427],[-118.214223,49.034511],[-118.214153,49.034523],[-118.213882,49.034675],[-118.213668,49.034744],[-118.213659,49.034832],[-118.213594,49.034889],[-118.213591,49.034893],[-118.21355,49.034893],[-118.213546,49.034893],[-118.213093,49.034901],[-118.212661,49.034909],[-118.212419,49.034914]]]]},"properties":{"GlobalID":"{5A7C3F3D-A255-4DB7-89BF-7B831683933D}","Name":"028500164","PlanID":"{3052DD17-66C9-4B0C-B425-449AAF11B169}","PlanNumber":"KAP91865","PIN":null,"PID":28500164,"Designation1":"Lot 1","Designation2":null,"Designation3":null,"ParcelStatus":"ACTIVE","RegionalDistrict":"0019","ParcelClass":"SUBDIVISION","SourceParcelID":null,"GeometrySource":"ICF","IsRemainder":"NO","ParcelStartDate":"2011-03-02T08:00:00.000Z","PositionalError":14.84865873,"LegalDescription":"LOT 1 DISTRICT LOT 316 SIMILKAMEEN DIVISION YALE DISTRICT PLAN KAP91865","CaptureMethod":"UNKNOWN","OwnerType":"PRIVATE","Compiled":1,"CreatedDate":"2016-09-20T23:24:06.000Z","ModifiedDate":"2026-02-10T09:52:53.000Z","StatedArea":null,"ErrorReportedBy":"PMBC-OPERATIONS","Municipality":"0163","OBJECTID":50138,"created_user":"SDE","created_date":"2024-11-12T16:15:31.000Z","last_edited_user":"SDE","last_edited_date":"2026-03-25T16:06:10.000Z","Shape__Area":127946.764462265,"Shape__Length":2552.583953740011,"CommonName":null,"SourceGlobalID":"{3CAFF20B-F6ED-4C99-8D11-F376E2D80FA3}","Comments":null,"UpdateStatus":"AUTO","UpdateSource":"PMBC"}},{"type":"Feature","geometry":{"type":"Polygon","coordinates":[[[-118.219955,49.036148],[-118.220429,49.036139],[-118.220455,49.036189],[-118.220479,49.036242],[-118.220499,49.036297],[-118.220516,49.036353],[-118.219967,49.036369],[-118.219955,49.036148]]]},"properties":{"GlobalID":"{D6816FC8-D3F7-4CA1-AEB9-B54EF8ED843E}","Name":"004655656","PlanID":"{CAF9AD97-3239-4F45-B005-D805FD1D6143}","PlanNumber":"KAP28028","PIN":null,"PID":4655656,"Designation1":"Lot 63","Designation2":null,"Designation3":null,"ParcelStatus":"ACTIVE","RegionalDistrict":"0019","ParcelClass":"SUBDIVISION","SourceParcelID":null,"GeometrySource":"ICF","IsRemainder":"NO","ParcelStartDate":null,"PositionalError":3.2802035,"LegalDescription":"LOT 63 DISTRICT LOT 317 SIMILKAMEEN DIVISION YALE DISTRICT PLAN 28028","CaptureMethod":"UNKNOWN","OwnerType":"PRIVATE","Compiled":1,"CreatedDate":"2016-09-20T23:24:06.000Z","ModifiedDate":"2026-02-10T15:25:26.000Z","StatedArea":null,"ErrorReportedBy":"LSA","Municipality":"0163","OBJECTID":50139,"created_user":"SDE","created_date":"2024-11-12T16:15:31.000Z","last_edited_user":"SDE","last_edited_date":"2026-03-25T16:06:10.000Z","Shape__Area":915.62840496,"Shape__Length":124.01471854065689,"CommonName":null,"SourceGlobalID":"{93C4FDFD-C45C-472B-8CEE-854C125E09CD}","Comments":null,"UpdateStatus":"AUTO","UpdateSource":"PMBC"}},{"type":"Feature","geometry":{"type":"Polygon","coordinates":[[[-118.218554,49.040211],[-118.218738,49.040295],[-118.218762,49.040307],[-118.2188,49.040326],[-118.218626,49.040577],[-118.218306,49.040579],[-118.218554,49.040211]]]},"properties":{"GlobalID":"{BDEAF7B5-744A-496D-AFDB-458A944AAE3D}","Name":"005586071","PlanID":"{8DDAF623-01C2-4C03-BC8F-541F66FEB28D}","PlanNumber":"KAP25163","PIN":null,"PID":5586071,"Designation1":"Lot 2","Designation2":null,"Designation3":null,"ParcelStatus":"ACTIVE","RegionalDistrict":"0019","ParcelClass":"SUBDIVISION","SourceParcelID":null,"GeometrySource":"ICF","IsRemainder":"NO","ParcelStartDate":null,"PositionalError":3.1678862,"LegalDescription":"LOT 2 DISTRICT LOT 317 SIMILKAMEEN DIVISION YALE DISTRICT PLAN 25163","CaptureMethod":"UNKNOWN","OwnerType":"PRIVATE","Compiled":1,"CreatedDate":"2016-09-20T23:24:06.000Z","ModifiedDate":"2026-02-10T15:24:43.000Z","StatedArea":null,"ErrorReportedBy":"LSA","Municipality":"0163","OBJECTID":50140,"created_user":"SDE","created_date":"2024-11-12T16:15:31.000Z","last_edited_user":"SDE","last_edited_date":"2026-03-25T16:06:10.000Z","Shape__Area":810.45229441,"Shape__Length":120.8860294230936,"CommonName":null,"SourceGlobalID":"{7098BB84-E716-41A4-AB76-F1EC47B73DA2}","Comments":null,"UpdateStatus":"AUTO","UpdateSource":"PMBC"}},{"type":"Feature","geometry":{"type":"Polygon","coordinates":[[[-118.216065,49.037844],[-118.216372,49.037729],[-118.216813,49.038171],[-118.216695,49.038214],[-118.21635,49.038339],[-118.216065,49.037844]]]},"properties":{"GlobalID":"{46F57D6D-1F53-4585-B2D6-81059C386F9C}","Name":"007874405","PlanID":"{B0E04D97-B59D-47B0-A9F1-CEB59B5984B2}","PlanNumber":"KAP20292","PIN":null,"PID":7874405,"Designation1":"Lot 25","Designation2":null,"Designation3":null,"ParcelStatus":"ACTIVE","RegionalDistrict":"0019","ParcelClass":"SUBDIVISION","SourceParcelID":null,"GeometrySource":"ICF","IsRemainder":"NO","ParcelStartDate":null,"PositionalError":2.659889,"LegalDescription":"LOT 25 DISTRICT LOT 317 SIMILKAMEEN DIVISION YALE DISTRICT PLAN 20292","CaptureMethod":"UNKNOWN","OwnerType":"PRIVATE","Compiled":1,"CreatedDate":"2016-09-20T23:24:06.000Z","ModifiedDate":"2025-06-24T10:14:53.000Z","StatedArea":null,"ErrorReportedBy":"LSA","Municipality":"0163","OBJECTID":50141,"created_user":"SDE","created_date":"2024-11-12T16:15:31.000Z","last_edited_user":"SDE","last_edited_date":"2026-03-25T16:06:10.000Z","Shape__Area":1883.546527565,"Shape__Length":182.13049967261682,"CommonName":null,"SourceGlobalID":"{9DBB2893-D093-4430-B7E2-AAA04AD5BC40}","Comments":null,"UpdateStatus":"AUTO","UpdateSource":"PMBC"}},{"type":"Feature","geometry":{"type":"Polygon","coordinates":[[[-118.213843,49.035469],[-118.214052,49.035465],[-118.214057,49.035685],[-118.214056,49.035689],[-118.214054,49.035694],[-118.214052,49.035698],[-118.214044,49.035706],[-118.214036,49.035712],[-118.214026,49.035718],[-118.214016,49.035722],[-118.214005,49.035724],[-118.213994,49.035725],[-118.213921,49.035727],[-118.213849,49.035736],[-118.213843,49.035469]]]},"properties":{"GlobalID":"{ED62B888-1C69-4CC8-A042-2ED81605145D}","Name":"023148624","PlanID":"{7D0B5454-775A-4ACF-8B36-192C13F8F239}","PlanNumber":"KAS1647","PIN":null,"PID":23148624,"Designation1":"Lot 16","Designation2":null,"Designation3":null,"ParcelStatus":"ACTIVE","RegionalDistrict":"0019","ParcelClass":"BARE LAND STRATA","SourceParcelID":null,"GeometrySource":"ICF","IsRemainder":"NO","ParcelStartDate":null,"PositionalError":2.172936,"LegalDescription":"STRATA LOT 16 DISTRICT LOT 317 SIMILKAMEEN DIVISION YALE DISTRICT STRATA PLAN KAS1647 TOGETHER WITH AN INTEREST IN THE COMMON PROPERTY IN PROPORTION TO THE UNIT ENTITLEMENT OF THE STRATA LOT AS SHOWN ON FORM 1","CaptureMethod":"UNKNOWN","OwnerType":"PRIVATE","Compiled":1,"CreatedDate":"2016-09-20T23:24:06.000Z","ModifiedDate":"2026-02-10T10:07:01.000Z","StatedArea":null,"ErrorReportedBy":"LSA","Municipality":"0163","OBJECTID":50142,"created_user":"SDE","created_date":"2024-11-12T16:15:31.000Z","last_edited_user":"SDE","last_edited_date":"2026-03-25T16:06:10.000Z","Shape__Area":438.05182288,"Shape__Length":87.08490341248516,"CommonName":null,"SourceGlobalID":"{B88423F0-8326-4440-B0A1-054E7B776226}","Comments":null,"UpdateStatus":"AUTO","UpdateSource":"PMBC"}},{"type":"Feature","geometry":{"type":"Polygon","coordinates":[[[-118.22128,49.038094],[-118.221454,49.037953],[-118.221642,49.0378],[-118.221778,49.037691],[-118.222901,49.037686],[-118.222895,49.037703],[-118.222869,49.037908],[-118.221257,49.038112],[-118.22128,49.038094]]]},"properties":{"GlobalID":"{14E28781-3842-4CCD-B632-984FF5AD8C04}","Name":"003244661","PlanID":"{196E2C02-884A-4881-9553-3F08BF48305B}","PlanNumber":"KAP33117","PIN":null,"PID":3244661,"Designation1":"Lot 21","Designation2":null,"Designation3":null,"ParcelStatus":"ACTIVE","RegionalDistrict":"0019","ParcelClass":"SUBDIVISION","SourceParcelID":null,"GeometrySource":"ICF","IsRemainder":"NO","ParcelStartDate":null,"PositionalError":3.0240026,"LegalDescription":"LOT 21 DISTRICT LOT 317 SIMILKAMEEN DIVISION YALE DISTRICT PLAN 33117","CaptureMethod":"UNKNOWN","OwnerType":"PRIVATE","Compiled":1,"CreatedDate":"2016-09-20T23:24:06.000Z","ModifiedDate":"2025-07-17T21:22:57.000Z","StatedArea":null,"ErrorReportedBy":"LSA","Municipality":"0163","OBJECTID":50143,"created_user":"SDE","created_date":"2024-11-12T16:15:31.000Z","last_edited_user":"SDE","last_edited_date":"2026-03-25T16:06:10.000Z","Shape__Area":3340.681287145,"Shape__Length":287.3442291251122,"CommonName":null,"SourceGlobalID":"{DDDD6F5B-EE0A-4C29-8A4F-20C028873A7F}","Comments":null,"UpdateStatus":"AUTO","UpdateSource":"PMBC"}},{"type":"Feature","geometry":{"type":"Polygon","coordinates":[[[-118.216288,49.041872],[-118.216756,49.041867],[-118.216761,49.04208],[-118.216288,49.042084],[-118.216288,49.041872]]]},"properties":{"GlobalID":"{3D136945-185E-42D6-B2FC-1B99D4EFFD5F}","Name":"008290423","PlanID":"{1C181BEB-1B60-46EE-9DB4-649896E8EBB0}","PlanNumber":"KAP18210","PIN":null,"PID":8290423,"Designation1":"Lot 2","Designation2":null,"Designation3":null,"ParcelStatus":"ACTIVE","RegionalDistrict":"0019","ParcelClass":"SUBDIVISION","SourceParcelID":null,"GeometrySource":"ICF","IsRemainder":"NO","ParcelStartDate":null,"PositionalError":2.921718,"LegalDescription":"LOT 2 DISTRICT LOT 317 SIMILKAMEEN DIVISION YALE DISTRICT PLAN 18210","CaptureMethod":"UNKNOWN","OwnerType":"PRIVATE","Compiled":1,"CreatedDate":"2016-09-20T23:24:06.000Z","ModifiedDate":"2025-06-24T10:14:53.000Z","StatedArea":null,"ErrorReportedBy":"LSA","Municipality":"0163","OBJECTID":50144,"created_user":"SDE","created_date":"2024-11-12T16:15:31.000Z","last_edited_user":"SDE","last_edited_date":"2026-03-25T16:06:10.000Z","Shape__Area":811.128778795,"Shape__Length":115.95193342995593,"CommonName":null,"SourceGlobalID":"{E086D7A7-3EE2-43D8-8413-114459B2F185}","Comments":null,"UpdateStatus":"AUTO","UpdateSource":"PMBC"}},{"type":"Feature","geometry":{"type":"Polygon","coordinates":[[[-118.215831,49.03557],[-118.216561,49.035564],[-118.216568,49.035834],[-118.215761,49.035842],[-118.215758,49.035646],[-118.215831,49.03557]]]},"properties":{"GlobalID":"{332CDDF6-C6FF-4F36-B18C-47D2C4AE9CB0}","Name":"002635127","PlanID":"{B0E04D97-B59D-47B0-A9F1-CEB59B5984B2}","PlanNumber":"KAP20292","PIN":null,"PID":2635127,"Designation1":"Lot 33","Designation2":null,"Designation3":null,"ParcelStatus":"ACTIVE","RegionalDistrict":"0019","ParcelClass":"SUBDIVISION","SourceParcelID":null,"GeometrySource":"ICF","IsRemainder":"NO","ParcelStartDate":null,"PositionalError":4.6331498,"LegalDescription":"LOT 33 DISTRICT LOT 317 SIMILKAMEEN DIVISION YALE DISTRICT PLAN 20292","CaptureMethod":"UNKNOWN","OwnerType":"PRIVATE","Compiled":1,"CreatedDate":"2016-09-20T23:24:06.000Z","ModifiedDate":"2025-06-27T10:59:25.000Z","StatedArea":null,"ErrorReportedBy":"LSA","Municipality":"0163","OBJECTID":50145,"created_user":"SDE","created_date":"2024-11-12T16:15:31.000Z","last_edited_user":"SDE","last_edited_date":"2026-03-25T16:06:10.000Z","Shape__Area":1751.57766328,"Shape__Length":174.25910300050097,"CommonName":null,"SourceGlobalID":"{FEB9FC9A-141C-45A1-A6F9-AA7AF7E81291}","Comments":null,"UpdateStatus":"AUTO","UpdateSource":"PMBC"}},{"type":"Feature","geometry":{"type":"Polygon","coordinates":[[[-118.216581,49.036376],[-118.217365,49.036367],[-118.217368,49.036647],[-118.216588,49.036641],[-118.216581,49.036376]]]},"properties":{"GlobalID":"{28F630FB-4AD6-4992-8605-EB2F61837354}","Name":"007874448","PlanID":"{B0E04D97-B59D-47B0-A9F1-CEB59B5984B2}","PlanNumber":"KAP20292","PIN":null,"PID":7874448,"Designation1":"Lot 29","Designation2":null,"Designation3":null,"ParcelStatus":"ACTIVE","RegionalDistrict":"0019","ParcelClass":"SUBDIVISION","SourceParcelID":null,"GeometrySource":"ICF","IsRemainder":"NO","ParcelStartDate":null,"PositionalError":4.7934283,"LegalDescription":"LOT 29 DISTRICT LOT 317 SIMILKAMEEN DIVISION YALE DISTRICT PLAN 20292","CaptureMethod":"UNKNOWN","OwnerType":"PRIVATE","Compiled":1,"CreatedDate":"2016-09-20T23:24:06.000Z","ModifiedDate":"2025-07-17T21:22:57.000Z","StatedArea":null,"ErrorReportedBy":"LSA","Municipality":"0163","OBJECTID":50146,"created_user":"SDE","created_date":"2024-11-12T16:15:31.000Z","last_edited_user":"SDE","last_edited_date":"2026-03-25T16:06:10.000Z","Shape__Area":1735.222452925,"Shape__Length":175.06368244116925,"CommonName":null,"SourceGlobalID":"{754D59A6-FAB6-4C29-AAB9-0D2E1C57688E}","Comments":null,"UpdateStatus":"AUTO","UpdateSource":"PMBC"}},{"type":"Feature","geometry":{"type":"Polygon","coordinates":[[[-118.217618,49.037774],[-118.217961,49.037478],[-118.218437,49.037719],[-118.218123,49.037996],[-118.217618,49.037774]]]},"properties":{"GlobalID":"{75D1A87C-2761-4A4C-8D7A-30D82AA2AAFD}","Name":"007874219","PlanID":"{B0E04D97-B59D-47B0-A9F1-CEB59B5984B2}","PlanNumber":"KAP20292","PIN":null,"PID":7874219,"Designation1":"Lot 7","Designation2":null,"Designation3":null,"ParcelStatus":"ACTIVE","RegionalDistrict":"0019","ParcelClass":"SUBDIVISION","SourceParcelID":null,"GeometrySource":"ICF","IsRemainder":"NO","ParcelStartDate":null,"PositionalError":2.78522062,"LegalDescription":"LOT 7 DISTRICT LOT 317 SIMILKAMEEN DIVISION YALE DISTRICT PLAN 20292","CaptureMethod":"UNKNOWN","OwnerType":"PRIVATE","Compiled":1,"CreatedDate":"2016-09-20T23:24:06.000Z","ModifiedDate":"2022-01-26T01:32:12.000Z","StatedArea":null,"ErrorReportedBy":"LSA","Municipality":"0163","OBJECTID":50147,"created_user":"SDE","created_date":"2024-11-12T16:15:31.000Z","last_edited_user":"SDE","last_edited_date":"2026-03-25T16:06:10.000Z","Shape__Area":1763.421458185,"Shape__Length":168.26433965780475,"CommonName":null,"SourceGlobalID":"{D6FA7C12-D0D9-40E5-8234-EC366CAB03F4}","Comments":null,"UpdateStatus":"AUTO","UpdateSource":"PMBC"}},{"type":"Feature","geometry":{"type":"Polygon","coordinates":[[[-118.217153,49.03744],[-118.217528,49.037172],[-118.218025,49.037422],[-118.217961,49.037478],[-118.217618,49.037774],[-118.217153,49.03744]]]},"properties":{"GlobalID":"{8140AE5D-CA5B-4572-BD17-7C5BC75492C7}","Name":"007874375","PlanID":"{B0E04D97-B59D-47B0-A9F1-CEB59B5984B2}","PlanNumber":"KAP20292","PIN":null,"PID":7874375,"Designation1":"Lot 22","Designation2":null,"Designation3":null,"ParcelStatus":"ACTIVE","RegionalDistrict":"0019","ParcelClass":"SUBDIVISION","SourceParcelID":null,"GeometrySource":"ICF","IsRemainder":"NO","ParcelStartDate":null,"PositionalError":2.70688782,"LegalDescription":"LOT 22 DISTRICT LOT 317 SIMILKAMEEN DIVISION YALE DISTRICT PLAN 20292","CaptureMethod":"UNKNOWN","OwnerType":"PRIVATE","Compiled":1,"CreatedDate":"2016-09-20T23:24:06.000Z","ModifiedDate":"2022-01-26T01:32:12.000Z","StatedArea":null,"ErrorReportedBy":"LSA","Municipality":"0163","OBJECTID":50148,"created_user":"SDE","created_date":"2024-11-12T16:15:31.000Z","last_edited_user":"SDE","last_edited_date":"2026-03-25T16:06:10.000Z","Shape__Area":2139.116318465,"Shape__Length":185.70563692212446,"CommonName":null,"SourceGlobalID":"{55CF58CE-F848-4660-A0F4-85484391C0F0}","Comments":null,"UpdateStatus":"AUTO","UpdateSource":"PMBC"}},{"type":"Feature","geometry":{"type":"Polygon","coordinates":[[[-118.217122,49.038732],[-118.216804,49.038858],[-118.21635,49.038339],[-118.216695,49.038214],[-118.217122,49.038732]]]},"properties":{"GlobalID":"{980D3043-CE52-409B-88CA-9B121C04AC45}","Name":"005763967","PlanID":"{B0E04D97-B59D-47B0-A9F1-CEB59B5984B2}","PlanNumber":"KAP20292","PIN":null,"PID":5763967,"Designation1":"Lot 3","Designation2":null,"Designation3":null,"ParcelStatus":"ACTIVE","RegionalDistrict":"0019","ParcelClass":"SUBDIVISION","SourceParcelID":null,"GeometrySource":"ICF","IsRemainder":"NO","ParcelStartDate":null,"PositionalError":2.73210119,"LegalDescription":"LOT 3 DISTRICT LOT 317 SIMILKAMEEN DIVISION YALE DISTRICT PLAN 20292","CaptureMethod":"UNKNOWN","OwnerType":"PRIVATE","Compiled":1,"CreatedDate":"2016-09-20T23:24:06.000Z","ModifiedDate":"2022-01-26T01:32:12.000Z","StatedArea":null,"ErrorReportedBy":"LSA","Municipality":"0163","OBJECTID":50149,"created_user":"SDE","created_date":"2024-11-12T16:15:31.000Z","last_edited_user":"SDE","last_edited_date":"2026-03-25T16:06:10.000Z","Shape__Area":1845.15424583,"Shape__Length":187.9362799142547,"CommonName":null,"SourceGlobalID":"{4D12B86E-D033-4877-94A4-F87D0AA7604A}","Comments":null,"UpdateStatus":"AUTO","UpdateSource":"PMBC"}},{"type":"Feature","geometry":{"type":"Polygon","coordinates":[[[-118.216601,49.037193],[-118.216594,49.036903],[-118.216592,49.036809],[-118.217303,49.037027],[-118.21708,49.037231],[-118.216606,49.037414],[-118.216601,49.037193]]]},"properties":{"GlobalID":"{B6678E5F-29BE-442C-85A1-7B0B0276F4E6}","Name":"007874421","PlanID":"{B0E04D97-B59D-47B0-A9F1-CEB59B5984B2}","PlanNumber":"KAP20292","PIN":null,"PID":7874421,"Designation1":"Lot 27","Designation2":null,"Designation3":null,"ParcelStatus":"ACTIVE","RegionalDistrict":"0019","ParcelClass":"SUBDIVISION","SourceParcelID":null,"GeometrySource":"ICF","IsRemainder":"NO","ParcelStartDate":null,"PositionalError":5.2045243,"LegalDescription":"LOT 27 DISTRICT LOT 317 SIMILKAMEEN DIVISION YALE DISTRICT PLAN 20292","CaptureMethod":"UNKNOWN","OwnerType":"PRIVATE","Compiled":1,"CreatedDate":"2016-09-20T23:24:06.000Z","ModifiedDate":"2026-02-10T10:07:01.000Z","StatedArea":null,"ErrorReportedBy":"LSA","Municipality":"0163","OBJECTID":50150,"created_user":"SDE","created_date":"2024-11-12T16:15:31.000Z","last_edited_user":"SDE","last_edited_date":"2026-03-25T16:06:10.000Z","Shape__Area":1961.29001531,"Shape__Length":192.7342305390078,"CommonName":null,"SourceGlobalID":"{9659CDC6-BD05-4A8C-AB98-B6FB85F94DE4}","Comments":null,"UpdateStatus":"AUTO","UpdateSource":"PMBC"}},{"type":"Feature","geometry":{"type":"Polygon","coordinates":[[[-118.217657,49.036634],[-118.218472,49.036622],[-118.218482,49.036898],[-118.217658,49.036913],[-118.217657,49.036634]]]},"properties":{"GlobalID":"{302E8F8A-040B-4FF0-8B66-CC5978C27629}","Name":"007874359","PlanID":"{B0E04D97-B59D-47B0-A9F1-CEB59B5984B2}","PlanNumber":"KAP20292","PIN":null,"PID":7874359,"Designation1":"Lot 20","Designation2":null,"Designation3":null,"ParcelStatus":"ACTIVE","RegionalDistrict":"0019","ParcelClass":"SUBDIVISION","SourceParcelID":null,"GeometrySource":"ICF","IsRemainder":"NO","ParcelStartDate":null,"PositionalError":2.8810978,"LegalDescription":"LOT 20 DISTRICT LOT 317 SIMILKAMEEN DIVISION YALE DISTRICT PLAN 20292","CaptureMethod":"UNKNOWN","OwnerType":"PRIVATE","Compiled":1,"CreatedDate":"2016-09-20T23:24:06.000Z","ModifiedDate":"2026-02-10T15:24:43.000Z","StatedArea":null,"ErrorReportedBy":"LSA","Municipality":"0163","OBJECTID":50151,"created_user":"SDE","created_date":"2024-11-12T16:15:31.000Z","last_edited_user":"SDE","last_edited_date":"2026-03-25T16:06:10.000Z","Shape__Area":1846.8543482,"Shape__Length":181.47904365599626,"CommonName":null,"SourceGlobalID":"{7AFCC415-CA81-47B0-B9A6-EF87F8F1D535}","Comments":null,"UpdateStatus":"AUTO","UpdateSource":"PMBC"}},{"type":"Feature","geometry":{"type":"Polygon","coordinates":[[[-118.217559,49.039579],[-118.217502,49.03927],[-118.217933,49.039225],[-118.217908,49.039282],[-118.217838,49.039444],[-118.21776,49.039625],[-118.21766,49.039599],[-118.217559,49.039579]]]},"properties":{"GlobalID":"{863BC287-C2AF-40D1-8300-9F3AA6E5561E}","Name":"004655257","PlanID":"{CAF9AD97-3239-4F45-B005-D805FD1D6143}","PlanNumber":"KAP28028","PIN":null,"PID":4655257,"Designation1":"Lot 41","Designation2":null,"Designation3":null,"ParcelStatus":"ACTIVE","RegionalDistrict":"0019","ParcelClass":"SUBDIVISION","SourceParcelID":null,"GeometrySource":"ICF","IsRemainder":"NO","ParcelStartDate":null,"PositionalError":2.6383554,"LegalDescription":"LOT 41 DISTRICT LOT 317 SIMILKAMEEN DIVISION YALE DISTRICT PLAN 28028","CaptureMethod":"UNKNOWN","OwnerType":"PRIVATE","Compiled":1,"CreatedDate":"2016-09-20T23:24:06.000Z","ModifiedDate":"2024-11-22T17:11:45.000Z","StatedArea":null,"ErrorReportedBy":"LSA","Municipality":"0163","OBJECTID":50152,"created_user":"SDE","created_date":"2024-11-12T16:15:31.000Z","last_edited_user":"SDE","last_edited_date":"2026-03-25T16:06:10.000Z","Shape__Area":906.394051275,"Shape__Length":128.34825613182593,"CommonName":null,"SourceGlobalID":"{92FCCCBB-3B7A-4AA3-A115-0B71F13E668A}","Comments":null,"UpdateStatus":"AUTO","UpdateSource":"PMBC"}},{"type":"Feature","geometry":{"type":"Polygon","coordinates":[[[-118.221188,49.035554],[-118.22114,49.035336],[-118.221046,49.034908],[-118.221254,49.034904],[-118.221712,49.035401],[-118.221638,49.03558],[-118.221658,49.035639],[-118.221188,49.035554]]]},"properties":{"GlobalID":"{C982ADB3-A88C-41D3-AF79-F1782875EFEA}","Name":"017838746","PlanID":"{101B7626-750C-457D-9DB0-6B8E9CE57367}","PlanNumber":"KAP47593","PIN":null,"PID":17838746,"Designation1":"Lot 2","Designation2":null,"Designation3":null,"ParcelStatus":"ACTIVE","RegionalDistrict":"0019","ParcelClass":"SUBDIVISION","SourceParcelID":null,"GeometrySource":"ICF","IsRemainder":"NO","ParcelStartDate":null,"PositionalError":3.0651122,"LegalDescription":"LOT 2 DISTRICT LOT 317 SIMILKAMEEN DIVISION YALE DISTRICT PLAN KAP47593","CaptureMethod":"UNKNOWN","OwnerType":"PRIVATE","Compiled":1,"CreatedDate":"2016-09-20T23:24:06.000Z","ModifiedDate":"2025-07-17T21:22:57.000Z","StatedArea":null,"ErrorReportedBy":"LSA","Municipality":"0163","OBJECTID":50153,"created_user":"SDE","created_date":"2024-11-12T16:15:31.000Z","last_edited_user":"SDE","last_edited_date":"2026-03-25T16:06:10.000Z","Shape__Area":2332.472698905,"Shape__Length":215.30814048796185,"CommonName":null,"SourceGlobalID":"{E53D19AD-E0B4-4434-B7B4-D5A1425380F3}","Comments":null,"UpdateStatus":"AUTO","UpdateSource":"PMBC"}},{"type":"Feature","geometry":{"type":"Polygon","coordinates":[[[-118.220776,49.0342],[-118.221103,49.033618],[-118.222249,49.034159],[-118.222713,49.034378],[-118.222567,49.034552],[-118.221951,49.03443],[-118.220776,49.0342]]]},"properties":{"GlobalID":"{34B1B515-4222-4863-98C4-F368735EFFA2}","Name":"017881129","PlanID":"{F6AA5BF9-FB23-4171-827C-C0FE6654D45D}","PlanNumber":"KAP47882","PIN":null,"PID":17881129,"Designation1":"Lot 4","Designation2":null,"Designation3":null,"ParcelStatus":"ACTIVE","RegionalDistrict":"0019","ParcelClass":"SUBDIVISION","SourceParcelID":null,"GeometrySource":"ICF","IsRemainder":"NO","ParcelStartDate":null,"PositionalError":3.4708248,"LegalDescription":"LOT 4 DISTRICT LOT 1020S SIMILKAMEEN DIVISION YALE DISTRICT PLAN KAP47882","CaptureMethod":"UNKNOWN","OwnerType":"PRIVATE","Compiled":1,"CreatedDate":"2016-09-20T23:24:06.000Z","ModifiedDate":"2025-06-27T10:59:25.000Z","StatedArea":null,"ErrorReportedBy":"LSA","Municipality":"0163","OBJECTID":50154,"created_user":"SDE","created_date":"2024-11-12T16:15:31.000Z","last_edited_user":"SDE","last_edited_date":"2026-03-25T16:06:10.000Z","Shape__Area":6286.981943065,"Shape__Length":372.6456494670862,"CommonName":null,"SourceGlobalID":"{0D4CB109-2B97-4CF6-B33F-9BE499F78FD9}","Comments":null,"UpdateStatus":"AUTO","UpdateSource":"PMBC"}},{"type":"Feature","geometry":{"type":"Polygon","coordinates":[[[-118.218454,49.036089],[-118.219221,49.036083],[-118.219229,49.036349],[-118.218463,49.036354],[-118.218454,49.036089]]]},"properties":{"GlobalID":"{97A01257-E252-4E47-A18D-473551C21798}","Name":"007874260","PlanID":"{B0E04D97-B59D-47B0-A9F1-CEB59B5984B2}","PlanNumber":"KAP20292","PIN":null,"PID":7874260,"Designation1":"Lot 13","Designation2":null,"Designation3":null,"ParcelStatus":"ACTIVE","RegionalDistrict":"0019","ParcelClass":"SUBDIVISION","SourceParcelID":null,"GeometrySource":"ICF","IsRemainder":"NO","ParcelStartDate":null,"PositionalError":2.9581783,"LegalDescription":"LOT 13 DISTRICT LOT 317 SIMILKAMEEN DIVISION YALE DISTRICT PLAN 20292","CaptureMethod":"UNKNOWN","OwnerType":"PRIVATE","Compiled":1,"CreatedDate":"2016-09-20T23:24:06.000Z","ModifiedDate":"2025-05-20T18:33:07.000Z","StatedArea":null,"ErrorReportedBy":"LSA","Municipality":"0163","OBJECTID":50155,"created_user":"SDE","created_date":"2024-11-12T16:15:31.000Z","last_edited_user":"SDE","last_edited_date":"2026-03-25T16:06:10.000Z","Shape__Area":1655.00373982,"Shape__Length":171.1377276206394,"CommonName":null,"SourceGlobalID":"{19D8D9CC-6BA0-4D8C-AE64-7ABBA276643B}","Comments":null,"UpdateStatus":"AUTO","UpdateSource":"PMBC"}},{"type":"Feature","geometry":{"type":"Polygon","coordinates":[[[-118.217933,49.039225],[-118.218017,49.039142],[-118.218647,49.039352],[-118.218533,49.039509],[-118.217908,49.039282],[-118.217933,49.039225]]]},"properties":{"GlobalID":"{52B1F694-57CD-494A-A389-B2254CE6A965}","Name":"004655290","PlanID":"{CAF9AD97-3239-4F45-B005-D805FD1D6143}","PlanNumber":"KAP28028","PIN":null,"PID":4655290,"Designation1":"Lot 44","Designation2":null,"Designation3":null,"ParcelStatus":"ACTIVE","RegionalDistrict":"0019","ParcelClass":"SUBDIVISION","SourceParcelID":null,"GeometrySource":"ICF","IsRemainder":"NO","ParcelStartDate":null,"PositionalError":2.83344425,"LegalDescription":"LOT 44 DISTRICT LOT 317 SIMILKAMEEN DIVISION YALE DISTRICT PLAN 28028","CaptureMethod":"UNKNOWN","OwnerType":"PRIVATE","Compiled":1,"CreatedDate":"2016-09-20T23:24:06.000Z","ModifiedDate":"2022-01-26T01:32:12.000Z","StatedArea":null,"ErrorReportedBy":"LSA","Municipality":"0163","OBJECTID":50156,"created_user":"SDE","created_date":"2024-11-12T16:15:31.000Z","last_edited_user":"SDE","last_edited_date":"2026-03-25T16:06:10.000Z","Shape__Area":962.790417785,"Shape__Length":140.65073528571025,"CommonName":null,"SourceGlobalID":"{E6E803F0-94B1-41EA-B99E-A208B911F1D5}","Comments":null,"UpdateStatus":"AUTO","UpdateSource":"PMBC"}},{"type":"Feature","geometry":{"type":"Polygon","coordinates":[[[-118.21971,49.038238],[-118.219248,49.038028],[-118.219425,49.037911],[-118.219437,49.037904],[-118.219867,49.038109],[-118.21971,49.038238]]]},"properties":{"GlobalID":"{D6739C8C-6915-49D4-B01E-BF16A0A57CA7}","Name":"004655478","PlanID":"{CAF9AD97-3239-4F45-B005-D805FD1D6143}","PlanNumber":"KAP28028","PIN":null,"PID":4655478,"Designation1":"Lot 53","Designation2":null,"Designation3":null,"ParcelStatus":"ACTIVE","RegionalDistrict":"0019","ParcelClass":"SUBDIVISION","SourceParcelID":null,"GeometrySource":"ICF","IsRemainder":"NO","ParcelStartDate":null,"PositionalError":3.15974932,"LegalDescription":"LOT 53 DISTRICT LOT 317 SIMILKAMEEN DIVISION YALE DISTRICT PLAN 28028","CaptureMethod":"UNKNOWN","OwnerType":"PRIVATE","Compiled":1,"CreatedDate":"2016-09-20T23:24:06.000Z","ModifiedDate":"2022-01-26T01:32:12.000Z","StatedArea":null,"ErrorReportedBy":"LSA","Municipality":"0163","OBJECTID":50157,"created_user":"SDE","created_date":"2024-11-12T16:15:31.000Z","last_edited_user":"SDE","last_edited_date":"2026-03-25T16:06:10.000Z","Shape__Area":751.93483857,"Shape__Length":117.88606671768767,"CommonName":null,"SourceGlobalID":"{FAB7E603-E9BB-4971-97F1-582AA51741B9}","Comments":null,"UpdateStatus":"AUTO","UpdateSource":"PMBC"}},{"type":"Feature","geometry":{"type":"Polygon","coordinates":[[[-118.217746,49.035539],[-118.218435,49.035529],[-118.218444,49.035813],[-118.217653,49.035825],[-118.217651,49.035597],[-118.217694,49.035567],[-118.217734,49.03554],[-118.217746,49.035539]]]},"properties":{"GlobalID":"{FFE72130-A7A1-40AD-95E2-20D9FAD41444}","Name":"007874316","PlanID":"{B0E04D97-B59D-47B0-A9F1-CEB59B5984B2}","PlanNumber":"KAP20292","PIN":null,"PID":7874316,"Designation1":"Lot 16","Designation2":null,"Designation3":null,"ParcelStatus":"ACTIVE","RegionalDistrict":"0019","ParcelClass":"SUBDIVISION","SourceParcelID":null,"GeometrySource":"ICF","IsRemainder":"NO","ParcelStartDate":null,"PositionalError":3.4206613,"LegalDescription":"LOT 16 DISTRICT LOT 317 SIMILKAMEEN DIVISION YALE DISTRICT PLAN 20292","CaptureMethod":"UNKNOWN","OwnerType":"PRIVATE","Compiled":1,"CreatedDate":"2016-09-20T23:24:06.000Z","ModifiedDate":"2024-11-22T17:11:45.000Z","StatedArea":null,"ErrorReportedBy":"LSA","Municipality":"0163","OBJECTID":50158,"created_user":"SDE","created_date":"2024-11-12T16:15:31.000Z","last_edited_user":"SDE","last_edited_date":"2026-03-25T16:06:10.000Z","Shape__Area":1799.518801025,"Shape__Length":174.80775536302826,"CommonName":null,"SourceGlobalID":"{A248B820-AB1D-4979-B943-9F7DA15B59A8}","Comments":null,"UpdateStatus":"AUTO","UpdateSource":"PMBC"}},{"type":"Feature","geometry":{"type":"Polygon","coordinates":[[[-118.222372,49.042001],[-118.222539,49.042021],[-118.222581,49.042027],[-118.222615,49.043245],[-118.222618,49.043352],[-118.222576,49.043352],[-118.22241,49.043355],[-118.222407,49.043249],[-118.222372,49.042001]]]},"properties":{"GlobalID":"{749E6D23-F00C-4970-92A2-E97BEE7F9C3D}","Name":"001604759","PlanID":"{F0DB3B36-A152-4C45-B118-275779D2B1D7}","PlanNumber":"NO_PLAN","PIN":null,"PID":1604759,"Designation1":"PART 317","Designation2":null,"Designation3":null,"ParcelStatus":"ACTIVE","RegionalDistrict":"0019","ParcelClass":"SUBDIVISION","SourceParcelID":null,"GeometrySource":"ICF","IsRemainder":"NO","ParcelStartDate":null,"PositionalError":4.2988896,"LegalDescription":"THAT PART OF DISTRICT LOT 317 SIMILKAMEEN DIVISION YALE DISTRICT SHOWN ON PLAN B4354","CaptureMethod":"UNKNOWN","OwnerType":"PRIVATE","Compiled":1,"CreatedDate":"2016-09-20T23:24:06.000Z","ModifiedDate":"2025-06-24T10:14:53.000Z","StatedArea":null,"ErrorReportedBy":"LSA","Municipality":"0163","OBJECTID":50159,"created_user":"SDE","created_date":"2024-11-12T16:15:31.000Z","last_edited_user":"SDE","last_edited_date":"2026-03-25T16:06:10.000Z","Shape__Area":2266.617812425,"Shape__Length":328.62064529073496,"CommonName":null,"SourceGlobalID":"{51E2993B-2EC9-43E4-8B34-4FBDD50EFDDF}","Comments":null,"UpdateStatus":"AUTO","UpdateSource":"PMBC"}},{"type":"Feature","geometry":{"type":"Polygon","coordinates":[[[-118.218333,49.039787],[-118.218199,49.039809],[-118.217901,49.039671],[-118.217831,49.039646],[-118.21776,49.039625],[-118.217838,49.039444],[-118.218419,49.039668],[-118.218333,49.039787]]]},"properties":{"GlobalID":"{46C54C33-AC8E-4870-B8F7-6D501D31B6A4}","Name":"004655273","PlanID":"{CAF9AD97-3239-4F45-B005-D805FD1D6143}","PlanNumber":"KAP28028","PIN":null,"PID":4655273,"Designation1":"Lot 42","Designation2":null,"Designation3":null,"ParcelStatus":"ACTIVE","RegionalDistrict":"0019","ParcelClass":"SUBDIVISION","SourceParcelID":null,"GeometrySource":"ICF","IsRemainder":"NO","ParcelStartDate":null,"PositionalError":3.00234935,"LegalDescription":"LOT 42 DISTRICT LOT 317 SIMILKAMEEN DIVISION YALE DISTRICT PLAN 28028","CaptureMethod":"UNKNOWN","OwnerType":"PRIVATE","Compiled":1,"CreatedDate":"2016-09-20T23:24:06.000Z","ModifiedDate":"2022-01-26T01:32:12.000Z","StatedArea":null,"ErrorReportedBy":"LSA","Municipality":"0163","OBJECTID":50160,"created_user":"SDE","created_date":"2024-11-12T16:15:31.000Z","last_edited_user":"SDE","last_edited_date":"2026-03-25T16:06:10.000Z","Shape__Area":947.675417615,"Shape__Length":133.09315458152554,"CommonName":null,"SourceGlobalID":"{2B98AA33-2330-4903-96E6-87DF4D786ADB}","Comments":null,"UpdateStatus":"AUTO","UpdateSource":"PMBC"}},{"type":"Feature","geometry":{"type":"Polygon","coordinates":[[[-118.21842,49.038725],[-118.218551,49.038589],[-118.218585,49.038553],[-118.219072,49.038764],[-118.218959,49.038917],[-118.21842,49.038725]]]},"properties":{"GlobalID":"{26C9B4E2-984A-4701-9BE6-CD49E1030C50}","Name":"004655389","PlanID":"{CAF9AD97-3239-4F45-B005-D805FD1D6143}","PlanNumber":"KAP28028","PIN":null,"PID":4655389,"Designation1":"Lot 48","Designation2":null,"Designation3":null,"ParcelStatus":"ACTIVE","RegionalDistrict":"0019","ParcelClass":"SUBDIVISION","SourceParcelID":null,"GeometrySource":"ICF","IsRemainder":"NO","ParcelStartDate":null,"PositionalError":3.1647051,"LegalDescription":"LOT 48 DISTRICT LOT 317 SIMILKAMEEN DIVISION YALE DISTRICT PLAN 28028","CaptureMethod":"UNKNOWN","OwnerType":"PRIVATE","Compiled":1,"CreatedDate":"2016-09-20T23:24:06.000Z","ModifiedDate":"2025-07-17T21:22:57.000Z","StatedArea":null,"ErrorReportedBy":"LSA","Municipality":"0163","OBJECTID":50161,"created_user":"SDE","created_date":"2024-11-12T16:15:31.000Z","last_edited_user":"SDE","last_edited_date":"2026-03-25T16:06:10.000Z","Shape__Area":905.76182161,"Shape__Length":129.01622605290353,"CommonName":null,"SourceGlobalID":"{E840597C-44AD-4926-A970-AD6FDC29788C}","Comments":null,"UpdateStatus":"AUTO","UpdateSource":"PMBC"}},{"type":"Feature","geometry":{"type":"Polygon","coordinates":[[[-118.226082,49.0425],[-118.226933,49.041869],[-118.227591,49.042205],[-118.226138,49.043536],[-118.22613,49.043391],[-118.226082,49.0425]]]},"properties":{"GlobalID":"{797E6EA5-C069-4C24-8D67-5351F5932ECA}","Name":"003244431","PlanID":"{196E2C02-884A-4881-9553-3F08BF48305B}","PlanNumber":"KAP33117","PIN":null,"PID":3244431,"Designation1":"Lot 7","Designation2":"","Designation3":"","ParcelStatus":"ACTIVE","RegionalDistrict":"0019","ParcelClass":"SUBDIVISION","SourceParcelID":null,"GeometrySource":"ICF","IsRemainder":"NO","ParcelStartDate":null,"PositionalError":2.97122167,"LegalDescription":"LOT 7 DISTRICT LOT 317 SIMILKAMEEN DIVISION YALE DISTRICT PLAN 33117","CaptureMethod":"UNKNOWN","OwnerType":"PRIVATE","Compiled":1,"CreatedDate":"2016-09-20T23:24:06.000Z","ModifiedDate":"2025-06-24T10:14:53.000Z","StatedArea":null,"ErrorReportedBy":"DATACOMPILATION","Municipality":"0163","OBJECTID":50162,"created_user":"SDE","created_date":"2024-11-12T16:15:31.000Z","last_edited_user":"SDE","last_edited_date":"2026-03-25T16:06:10.000Z","Shape__Area":9273.741702895,"Shape__Length":452.20675869057465,"CommonName":null,"SourceGlobalID":"{5D871132-F39E-4BA4-BCAD-1C34C6BE7308}","Comments":null,"UpdateStatus":"AUTO","UpdateSource":"PMBC"}},{"type":"Feature","geometry":{"type":"Polygon","coordinates":[[[-118.216574,49.039728],[-118.216847,49.039728],[-118.21686,49.040129],[-118.216582,49.040131],[-118.216574,49.039728]]]},"properties":{"GlobalID":"{37331B1E-95F1-4427-AB71-A104DFF07543}","Name":"005586208","PlanID":"{8DDAF623-01C2-4C03-BC8F-541F66FEB28D}","PlanNumber":"KAP25163","PIN":null,"PID":5586208,"Designation1":"Lot 10","Designation2":null,"Designation3":null,"ParcelStatus":"ACTIVE","RegionalDistrict":"0019","ParcelClass":"SUBDIVISION","SourceParcelID":null,"GeometrySource":"ICF","IsRemainder":"NO","ParcelStartDate":null,"PositionalError":2.2864768,"LegalDescription":"LOT 10 DISTRICT LOT 317 SIMILKAMEEN DIVISION YALE DISTRICT PLAN 25163","CaptureMethod":"UNKNOWN","OwnerType":"PRIVATE","Compiled":1,"CreatedDate":"2016-09-20T23:24:06.000Z","ModifiedDate":"2025-01-22T21:36:47.000Z","StatedArea":null,"ErrorReportedBy":"LSA","Municipality":"0163","OBJECTID":50163,"created_user":"SDE","created_date":"2024-11-12T16:15:31.000Z","last_edited_user":"SDE","last_edited_date":"2026-03-25T16:06:10.000Z","Shape__Area":900.4066407,"Shape__Length":129.7029389433084,"CommonName":null,"SourceGlobalID":"{14D214BA-44CE-4BBE-BBC1-C9B10636BA10}","Comments":null,"UpdateStatus":"AUTO","UpdateSource":"PMBC"}},{"type":"Feature","geometry":{"type":"MultiPolygon","coordinates":[[[[-118.235448,49.111818],[-118.235642,49.111738],[-118.235798,49.1118],[-118.235754,49.111834],[-118.235668,49.111926],[-118.235643,49.111949],[-118.235624,49.111962],[-118.235607,49.111977],[-118.235592,49.111994],[-118.235388,49.111914],[-118.235448,49.111818]]],[[[-118.234802,49.111493],[-118.234945,49.111441],[-118.234964,49.111446],[-118.235458,49.111642],[-118.23529,49.111732],[-118.235104,49.111881],[-118.234904,49.11183],[-118.234403,49.111701],[-118.234403,49.111643],[-118.234764,49.111508],[-118.234802,49.111493]]]]},"properties":{"GlobalID":"{D6137D7B-4935-471E-BADB-6BCDF041F4D3}","Name":"026337118","PlanID":"{F5E58C62-5B48-489A-93A4-467487F8881F}","PlanNumber":"KAP78463","PIN":null,"PID":26337118,"Designation1":"Lot 2","Designation2":null,"Designation3":null,"ParcelStatus":"ACTIVE","RegionalDistrict":"0019","ParcelClass":"SUBDIVISION","SourceParcelID":null,"GeometrySource":"ICF","IsRemainder":"NO","ParcelStartDate":"2005-07-14T07:00:00.000Z","PositionalError":3.3487195,"LegalDescription":"LOT 2 DISTRICT LOT 3063S SIMILKAMEEN DIVISION YALE DISTRICT PLAN KAP78463","CaptureMethod":"UNKNOWN","OwnerType":"PRIVATE","Compiled":1,"CreatedDate":"2016-09-20T23:24:06.000Z","ModifiedDate":"2026-03-26T21:37:25.000Z","StatedArea":null,"ErrorReportedBy":"LSA","Municipality":"0163","OBJECTID":49667,"created_user":"SDE","created_date":"2024-11-12T16:15:31.000Z","last_edited_user":"SDE","last_edited_date":"2026-03-30T10:38:52.000Z","Shape__Area":2480.994999915,"Shape__Length":273.15252258406775,"CommonName":null,"SourceGlobalID":"{B5EFCBA6-E79B-4FA3-91CD-9AC8CA945CE5}","Comments":null,"UpdateStatus":"AUTO","UpdateSource":"PMBC"}},{"type":"Feature","geometry":{"type":"MultiPolygon","coordinates":[[[[-118.235378,49.111274],[-118.235611,49.111184],[-118.235902,49.111302],[-118.23607,49.111369],[-118.236,49.1114],[-118.235874,49.111457],[-118.235378,49.111274]]],[[[-118.236117,49.111517],[-118.236276,49.111448],[-118.236437,49.111518],[-118.236422,49.111525],[-118.236383,49.111535],[-118.236239,49.111604],[-118.236178,49.111579],[-118.236074,49.111536],[-118.236117,49.111517]]]]},"properties":{"GlobalID":"{B4548FEB-347E-4AD8-A152-2DE363F015F9}","Name":"009541314","PlanID":"{4B5D52E0-4AA4-4688-8AF0-FA90626C5C23}","PlanNumber":"KAP10615","PIN":null,"PID":9541314,"Designation1":"Lot 3","Designation2":null,"Designation3":null,"ParcelStatus":"ACTIVE","RegionalDistrict":"0019","ParcelClass":"SUBDIVISION","SourceParcelID":null,"GeometrySource":"ICF","IsRemainder":"NO","ParcelStartDate":null,"PositionalError":2.9452092,"LegalDescription":"LOT 3 DISTRICT LOT 3063S SIMILKAMEEN DIVISION YALE DISTRICT PLAN 10615","CaptureMethod":"UNKNOWN","OwnerType":"PRIVATE","Compiled":1,"CreatedDate":"2016-09-20T23:24:06.000Z","ModifiedDate":"2026-03-26T21:37:25.000Z","StatedArea":null,"ErrorReportedBy":"LSA","Municipality":"0163","OBJECTID":49682,"created_user":"SDE","created_date":"2024-11-12T16:15:31.000Z","last_edited_user":"SDE","last_edited_date":"2026-03-30T10:38:52.000Z","Shape__Area":886.881486555,"Shape__Length":181.24183126041018,"CommonName":null,"SourceGlobalID":"{A03F71DC-DE9E-42F6-AD36-CC8143321E90}","Comments":null,"UpdateStatus":"AUTO","UpdateSource":"PMBC"}},{"type":"Feature","geometry":{"type":"MultiPolygon","coordinates":[[[[-118.235897,49.111612],[-118.236074,49.111536],[-118.236178,49.111579],[-118.236239,49.111604],[-118.236215,49.111616],[-118.236108,49.111669],[-118.236057,49.111703],[-118.236008,49.111721],[-118.235957,49.111733],[-118.235929,49.111736],[-118.235902,49.111741],[-118.235758,49.111673],[-118.235897,49.111612]]],[[[-118.235255,49.111321],[-118.235378,49.111274],[-118.235874,49.111457],[-118.235699,49.111533],[-118.235462,49.111643],[-118.235458,49.111642],[-118.234964,49.111446],[-118.234945,49.111441],[-118.235199,49.111339],[-118.235255,49.111321]]]]},"properties":{"GlobalID":"{C0DF042C-1E80-4F51-B8D7-FB3FF14B6A51}","Name":"023673311","PlanID":"{4B5D52E0-4AA4-4688-8AF0-FA90626C5C23}","PlanNumber":"KAP10615","PIN":null,"PID":23673311,"Designation1":"Parcel A","Designation2":null,"Designation3":null,"ParcelStatus":"ACTIVE","RegionalDistrict":"0019","ParcelClass":"SUBDIVISION","SourceParcelID":null,"GeometrySource":"ICF","IsRemainder":"NO","ParcelStartDate":"1997-02-18T08:00:00.000Z","PositionalError":2.9875423,"LegalDescription":"PARCEL A (KL12450) DISTRICT LOT 3063S SIMILKAMEEN DIVISION YALE DISTRICT PLAN 10615","CaptureMethod":"UNKNOWN","OwnerType":"PRIVATE","Compiled":1,"CreatedDate":"2016-09-20T23:24:06.000Z","ModifiedDate":"2026-03-26T21:37:25.000Z","StatedArea":null,"ErrorReportedBy":"LSA","Municipality":"0163","OBJECTID":49684,"created_user":"SDE","created_date":"2024-11-12T16:15:31.000Z","last_edited_user":"SDE","last_edited_date":"2026-03-30T10:38:52.000Z","Shape__Area":1769.746252575,"Shape__Length":242.8788735655204,"CommonName":null,"SourceGlobalID":"{3D1ACB71-EF40-4A32-A334-A8F41B946227}","Comments":null,"UpdateStatus":"AUTO","UpdateSource":"PMBC"}},{"type":"Feature","geometry":{"type":"Polygon","coordinates":[[[-118.235199,49.111339],[-118.234945,49.111441],[-118.234802,49.111493],[-118.234381,49.111136],[-118.233665,49.110534],[-118.23353,49.110423],[-118.233268,49.110207],[-118.233685,49.109452],[-118.233997,49.109858],[-118.234135,49.110033],[-118.235199,49.111339]]]},"properties":{"GlobalID":"{4E35B188-CED7-4796-ACED-C1E0D8F390CD}","Name":"023082330","PlanID":"{B8E9C18E-888D-4124-B090-84012C3AA52C}","PlanNumber":"KAP54795","PIN":null,"PID":23082330,"Designation1":"Lot B","Designation2":null,"Designation3":null,"ParcelStatus":"ACTIVE","RegionalDistrict":"0019","ParcelClass":"SUBDIVISION","SourceParcelID":null,"GeometrySource":"ICF","IsRemainder":"NO","ParcelStartDate":null,"PositionalError":3.1872175,"LegalDescription":"LOT B DISTRICT LOT 4037S SIMILKAMEEN DIVISION YALE DISTRICT PLAN KAP54795","CaptureMethod":"UNKNOWN","OwnerType":"PRIVATE","Compiled":1,"CreatedDate":"2016-09-20T23:24:06.000Z","ModifiedDate":"2026-03-26T20:59:55.000Z","StatedArea":null,"ErrorReportedBy":"LSA","Municipality":"0163","OBJECTID":49694,"created_user":"SDE","created_date":"2024-11-12T16:15:31.000Z","last_edited_user":"SDE","last_edited_date":"2026-03-30T10:38:52.000Z","Shape__Area":10696.22332614,"Shape__Length":541.6847341660049,"CommonName":null,"SourceGlobalID":"{B7AB781E-8F1D-496D-A964-10B26CC1FE7F}","Comments":null,"UpdateStatus":"AUTO","UpdateSource":"PMBC"}},{"type":"Feature","geometry":{"type":"Polygon","coordinates":[[[-118.234135,49.110033],[-118.234153,49.109961],[-118.234267,49.109441],[-118.234281,49.10938],[-118.236748,49.110244],[-118.236611,49.1104],[-118.236344,49.110702],[-118.236079,49.111003],[-118.236065,49.111014],[-118.235793,49.111118],[-118.235611,49.111184],[-118.235378,49.111274],[-118.235255,49.111321],[-118.235199,49.111339],[-118.234135,49.110033]]]},"properties":{"GlobalID":"{722615D2-74ED-4544-8ED8-95C69421C9AD}","Name":"003581527","PlanID":"{97B450FF-E6C6-42C9-8005-2C97C9E955C6}","PlanNumber":"KAP31906","PIN":null,"PID":3581527,"Designation1":"Lot 3","Designation2":null,"Designation3":null,"ParcelStatus":"ACTIVE","RegionalDistrict":"0019","ParcelClass":"SUBDIVISION","SourceParcelID":null,"GeometrySource":"ICF","IsRemainder":"NO","ParcelStartDate":null,"PositionalError":3.4216401,"LegalDescription":"LOT 3 DISTRICT LOT 4037S SIMILKAMEEN DIVISION YALE DISTRICT PLAN 31906","CaptureMethod":"UNKNOWN","OwnerType":"PRIVATE","Compiled":1,"CreatedDate":"2016-09-20T23:24:06.000Z","ModifiedDate":"2026-03-26T20:59:55.000Z","StatedArea":null,"ErrorReportedBy":"LSA","Municipality":"0163","OBJECTID":49696,"created_user":"SDE","created_date":"2024-11-12T16:15:31.000Z","last_edited_user":"SDE","last_edited_date":"2026-03-30T10:38:52.000Z","Shape__Area":21811.081173515,"Shape__Length":614.0677877501271,"CommonName":null,"SourceGlobalID":"{8C3527EC-3A3E-4F23-8684-BC9405100ADC}","Comments":null,"UpdateStatus":"AUTO","UpdateSource":"PMBC"}}]}
