{"type":"FeatureCollection","features":[{"type":"Feature","geometry":{"type":"Polygon","coordinates":[[[-117.547733,49.118236],[-117.547735,49.117953],[-117.548039,49.117955],[-117.548038,49.118239],[-117.547733,49.118236]]]},"properties":{"GlobalID":"{896B8B04-5D9D-4133-85A3-EB5E2AB0640A}","Name":"011401397","PlanID":"{519ED3C5-0FC8-40B0-97A6-57018F4322D3}","PlanNumber":"NEP12953","PIN":null,"PID":11401397,"Designation1":"Lot 19","Designation2":null,"Designation3":null,"ParcelStatus":"ACTIVE","RegionalDistrict":"0019","ParcelClass":"SUBDIVISION","SourceParcelID":null,"GeometrySource":"ICF","IsRemainder":"NO","ParcelStartDate":null,"PositionalError":4.49654751,"LegalDescription":"LOT 19 DISTRICT LOT 1236 KOOTENAY DISTRICT PLAN 12953","CaptureMethod":"UNKNOWN","OwnerType":"PRIVATE","Compiled":1,"CreatedDate":"2016-09-20T23:24:06.000Z","ModifiedDate":"2021-02-11T23:48:16.000Z","StatedArea":null,"ErrorReportedBy":"LSA","Municipality":"0040","OBJECTID":45652,"created_user":"SDE","created_date":"2024-11-12T16:15:31.000Z","last_edited_user":"SDE","last_edited_date":"2026-03-25T16:06:10.000Z","Shape__Area":702.31592998,"Shape__Length":107.64097795901172,"CommonName":null,"SourceGlobalID":"{352ADA17-BA15-4A57-8ADE-7FBD16B1D128}","Comments":null,"UpdateStatus":"AUTO","UpdateSource":"PMBC"}},{"type":"Feature","geometry":{"type":"Polygon","coordinates":[[[-117.527724,49.112373],[-117.527183,49.112166],[-117.527642,49.111686],[-117.528474,49.11201],[-117.52792,49.112278],[-117.527724,49.112373]]]},"properties":{"GlobalID":"{03F71B73-E712-47F7-B00F-6E78C9A6C43F}","Name":"010687874","PlanID":"{0BA4A201-8E1D-4AFF-8A26-4D066D9CF4CE}","PlanNumber":"NEP2651","PIN":null,"PID":10687874,"Designation1":"Lot 3","Designation2":null,"Designation3":null,"ParcelStatus":"ACTIVE","RegionalDistrict":"0019","ParcelClass":"SUBDIVISION","SourceParcelID":null,"GeometrySource":"ICF","IsRemainder":"NO","ParcelStartDate":null,"PositionalError":4.01406642,"LegalDescription":"LOT 3 DISTRICT LOT 1236 KOOTENAY DISTRICT PLAN 2651","CaptureMethod":"UNKNOWN","OwnerType":"PRIVATE","Compiled":1,"CreatedDate":"2016-09-20T23:24:06.000Z","ModifiedDate":"2021-02-11T23:48:16.000Z","StatedArea":null,"ErrorReportedBy":"LSA","Municipality":"0163","OBJECTID":45653,"created_user":"SDE","created_date":"2024-11-12T16:15:31.000Z","last_edited_user":"SDE","last_edited_date":"2026-03-25T16:06:10.000Z","Shape__Area":3650.73903947,"Shape__Length":247.35609358336777,"CommonName":null,"SourceGlobalID":"{CA08C2C0-9609-47EA-8326-96CC89C53B1D}","Comments":null,"UpdateStatus":"AUTO","UpdateSource":"PMBC"}},{"type":"Feature","geometry":{"type":"Polygon","coordinates":[[[-117.510856,49.146218],[-117.510774,49.1463],[-117.510695,49.146383],[-117.510618,49.146468],[-117.510543,49.146552],[-117.510471,49.146639],[-117.5104,49.146726],[-117.510332,49.146814],[-117.510266,49.146902],[-117.510202,49.14699],[-117.510141,49.147081],[-117.510046,49.147231],[-117.509987,49.147349],[-117.50993,49.14747],[-117.509859,49.147634],[-117.509864,49.145899],[-117.510969,49.145899],[-117.511135,49.145892],[-117.511205,49.145896],[-117.511114,49.145976],[-117.511026,49.146055],[-117.51094,49.146136],[-117.510856,49.146218]]]},"properties":{"GlobalID":"{5CF8AB4D-0776-4C20-B5D6-61F239DA571C}","Name":"023564199","PlanID":"{985F95D5-7229-49C1-8D16-0D42E417D141}","PlanNumber":"NEP23417","PIN":null,"PID":23564199,"Designation1":"Lot A","Designation2":null,"Designation3":null,"ParcelStatus":"ACTIVE","RegionalDistrict":"0019","ParcelClass":"SUBDIVISION","SourceParcelID":null,"GeometrySource":"ICF","IsRemainder":"NO","ParcelStartDate":"1996-10-21T07:00:00.000Z","PositionalError":13.55573583,"LegalDescription":"LOT A DISTRICT LOT 1236 KOOTENAY DISTRICT PLAN NEP23417","CaptureMethod":"UNKNOWN","OwnerType":"PRIVATE","Compiled":1,"CreatedDate":"2016-09-20T23:24:06.000Z","ModifiedDate":"2021-02-11T23:48:16.000Z","StatedArea":null,"ErrorReportedBy":"LSA","Municipality":"0163","OBJECTID":45654,"created_user":"SDE","created_date":"2024-11-12T16:15:31.000Z","last_edited_user":"SDE","last_edited_date":"2026-03-25T16:06:10.000Z","Shape__Area":7872.454521225,"Shape__Length":508.9583081398409,"CommonName":null,"SourceGlobalID":"{B3E59C2F-E315-48D4-9FEF-25485FEC2B16}","Comments":null,"UpdateStatus":"AUTO","UpdateSource":"PMBC"}},{"type":"Feature","geometry":{"type":"Polygon","coordinates":[[[-117.544653,49.114282],[-117.544512,49.114348],[-117.544387,49.114408],[-117.544124,49.114175],[-117.544253,49.114116],[-117.544394,49.114051],[-117.544653,49.114282]]]},"properties":{"GlobalID":"{A353C93E-7CD7-4D8E-9141-902131EEED9A}","Name":"024629006","PlanID":"{A5BACF46-A518-44C0-8955-F34899A3BAF8}","PlanNumber":"NEP785C","PIN":null,"PID":24629006,"Designation1":"Parcel A","Designation2":"Block C","Designation3":null,"ParcelStatus":"ACTIVE","RegionalDistrict":"0019","ParcelClass":"SUBDIVISION","SourceParcelID":null,"GeometrySource":"ICF","IsRemainder":"NO","ParcelStartDate":"1999-11-16T08:00:00.000Z","PositionalError":2.82854845,"LegalDescription":"PARCEL A (KN105835) BLOCK C DISTRICT LOT 1236 KOOTENAY DISTRICT PLAN 785C","CaptureMethod":"UNKNOWN","OwnerType":"PRIVATE","Compiled":1,"CreatedDate":"2016-09-20T23:24:06.000Z","ModifiedDate":"2021-02-11T23:36:41.000Z","StatedArea":null,"ErrorReportedBy":"LSA","Municipality":"0040","OBJECTID":45655,"created_user":"SDE","created_date":"2024-11-12T16:15:31.000Z","last_edited_user":"SDE","last_edited_date":"2026-03-25T16:06:10.000Z","Shape__Area":767.95939233,"Shape__Length":112.06388703248392,"CommonName":null,"SourceGlobalID":"{4C90ED90-C012-4B11-A113-1D3ACFD1E09D}","Comments":null,"UpdateStatus":"AUTO","UpdateSource":"PMBC"}},{"type":"Feature","geometry":{"type":"Polygon","coordinates":[[[-117.540981,49.11378],[-117.541203,49.113679],[-117.54141,49.113872],[-117.541196,49.113976],[-117.540981,49.11378]]]},"properties":{"GlobalID":"{086C66DE-15A8-4B41-9E8F-A23008E38D15}","Name":"012996653","PlanID":"{B3DA3BA1-6446-4472-8933-200A07FEB7B4}","PlanNumber":"NEP2679","PIN":null,"PID":12996653,"Designation1":"Lot 10","Designation2":"Block 1","Designation3":null,"ParcelStatus":"ACTIVE","RegionalDistrict":"0019","ParcelClass":"SUBDIVISION","SourceParcelID":null,"GeometrySource":"ICF","IsRemainder":"NO","ParcelStartDate":null,"PositionalError":2.23835976,"LegalDescription":"LOT 10 BLOCK 1 DISTRICT LOT 1236 KOOTENAY DISTRICT PLAN 2679","CaptureMethod":"UNKNOWN","OwnerType":"PRIVATE","Compiled":1,"CreatedDate":"2016-09-20T23:24:06.000Z","ModifiedDate":"2021-02-11T23:48:16.000Z","StatedArea":null,"ErrorReportedBy":"LSA","Municipality":"0040","OBJECTID":45656,"created_user":"SDE","created_date":"2024-11-12T16:15:31.000Z","last_edited_user":"SDE","last_edited_date":"2026-03-25T16:06:10.000Z","Shape__Area":519.541487455,"Shape__Length":92.22233505274575,"CommonName":null,"SourceGlobalID":"{B0BF433F-681B-41E2-B4F9-130001CD1C34}","Comments":null,"UpdateStatus":"AUTO","UpdateSource":"PMBC"}},{"type":"Feature","geometry":{"type":"Polygon","coordinates":[[[-117.541828,49.110049],[-117.541816,49.110045],[-117.541119,49.109757],[-117.541487,49.109372],[-117.542077,49.109615],[-117.542084,49.109617],[-117.542091,49.10962],[-117.542097,49.109624],[-117.542103,49.109629],[-117.542107,49.109635],[-117.542111,49.109641],[-117.542113,49.109649],[-117.542115,49.109656],[-117.542115,49.109663],[-117.542113,49.109671],[-117.542111,49.109678],[-117.542108,49.109685],[-117.542103,49.10969],[-117.542091,49.109703],[-117.542081,49.109718],[-117.542074,49.109733],[-117.54207,49.10975],[-117.542069,49.109768],[-117.542071,49.109785],[-117.542075,49.109802],[-117.542083,49.109817],[-117.542092,49.109832],[-117.542105,49.109844],[-117.542119,49.109854],[-117.542134,49.109862],[-117.542009,49.110124],[-117.541828,49.110049]]]},"properties":{"GlobalID":"{FF7C0BE1-F222-4077-809E-5189844E47BD}","Name":"029696747","PlanID":"{CF732AD1-9238-45B8-BC49-A635FD5434AD}","PlanNumber":"EPP56490","PIN":null,"PID":29696747,"Designation1":"Lot A","Designation2":null,"Designation3":null,"ParcelStatus":"ACTIVE","RegionalDistrict":"0019","ParcelClass":"SUBDIVISION","SourceParcelID":null,"GeometrySource":"PMBC-OPERATIONS","IsRemainder":null,"ParcelStartDate":"2015-10-29T07:00:00.000Z","PositionalError":0.0863791,"LegalDescription":"LOT A DISTRICT LOT 1236 KOOTENAY DISTRICT PLAN EPP56490","CaptureMethod":"COGO","OwnerType":"PRIVATE","Compiled":0,"CreatedDate":"2016-09-20T23:24:06.000Z","ModifiedDate":"2025-10-07T18:11:56.000Z","StatedArea":"3390","ErrorReportedBy":"LSA","Municipality":"0040","OBJECTID":45657,"created_user":"SDE","created_date":"2024-11-12T16:15:31.000Z","last_edited_user":"SDE","last_edited_date":"2026-03-25T16:06:10.000Z","Shape__Area":3383.882056745,"Shape__Length":239.17545076831132,"CommonName":null,"SourceGlobalID":"{43FA9A16-9E23-4C8A-BCCB-DAD46DFA2D0E}","Comments":null,"UpdateStatus":"AUTO","UpdateSource":"PMBC"}},{"type":"Feature","geometry":{"type":"Polygon","coordinates":[[[-117.541305,49.110934],[-117.54159,49.110607],[-117.54186,49.110721],[-117.541667,49.11094],[-117.541574,49.111045],[-117.541498,49.111013],[-117.541305,49.110934]]]},"properties":{"GlobalID":"{529CB2B1-E2D7-4FCE-835E-29A9E462D3B0}","Name":"008206112","PlanID":"{AFDC8EF6-4FA5-4EFE-9566-FD7BCE275EBC}","PlanNumber":"NEP11917","PIN":null,"PID":8206112,"Designation1":"Lot 3","Designation2":null,"Designation3":null,"ParcelStatus":"ACTIVE","RegionalDistrict":"0019","ParcelClass":"SUBDIVISION","SourceParcelID":null,"GeometrySource":"ICF","IsRemainder":"NO","ParcelStartDate":null,"PositionalError":2.6295462,"LegalDescription":"LOT 3 DISTRICT LOT 1236 KOOTENAY DISTRICT PLAN 11917","CaptureMethod":"UNKNOWN","OwnerType":"PRIVATE","Compiled":1,"CreatedDate":"2016-09-20T23:24:06.000Z","ModifiedDate":"2025-07-16T17:14:34.000Z","StatedArea":null,"ErrorReportedBy":"LSA","Municipality":"0040","OBJECTID":45658,"created_user":"SDE","created_date":"2024-11-12T16:15:31.000Z","last_edited_user":"SDE","last_edited_date":"2026-03-25T16:06:10.000Z","Shape__Area":970.89526253,"Shape__Length":130.0332673677006,"CommonName":null,"SourceGlobalID":"{2D51A584-E8A2-461D-8ED7-9B1B23BE0F1D}","Comments":null,"UpdateStatus":"AUTO","UpdateSource":"PMBC"}},{"type":"Feature","geometry":{"type":"Polygon","coordinates":[[[-117.524619,49.13887],[-117.524809,49.138596],[-117.524818,49.138572],[-117.524861,49.138583],[-117.524901,49.138602],[-117.524938,49.138626],[-117.524955,49.138641],[-117.524969,49.138658],[-117.524979,49.138677],[-117.524987,49.138698],[-117.52499,49.13872],[-117.52499,49.138742],[-117.524986,49.138764],[-117.524978,49.138785],[-117.524967,49.138804],[-117.524953,49.138821],[-117.524936,49.138835],[-117.524917,49.138846],[-117.524896,49.138854],[-117.524732,49.138938],[-117.524619,49.13887]]]},"properties":{"GlobalID":"{94B49F27-3C6D-494F-AFAE-3450986DABD8}","Name":"Road","PlanID":"{F4A132A7-AA34-436F-9A4A-DAE9178B14EA}","PlanNumber":"EPP73223","PIN":null,"PID":null,"Designation1":null,"Designation2":null,"Designation3":null,"ParcelStatus":"ACTIVE","RegionalDistrict":"0019","ParcelClass":"ROAD","SourceParcelID":null,"GeometrySource":"SPDS","IsRemainder":null,"ParcelStartDate":"2018-02-05T08:00:00.000Z","PositionalError":0.0787934,"LegalDescription":null,"CaptureMethod":"SPDS","OwnerType":"CROWN PROVINCIAL","Compiled":0,"CreatedDate":"2018-02-24T18:44:56.000Z","ModifiedDate":"2025-10-07T18:11:56.000Z","StatedArea":"618.5","ErrorReportedBy":"LSA","Municipality":"0163","OBJECTID":45659,"created_user":"SDE","created_date":"2024-11-12T16:15:31.000Z","last_edited_user":"SDE","last_edited_date":"2026-03-25T16:06:10.000Z","Shape__Area":616.407987685,"Shape__Length":101.73742993212883,"CommonName":null,"SourceGlobalID":"{44D686E7-A774-43B6-B394-648DB7D4C17E}","Comments":null,"UpdateStatus":"AUTO","UpdateSource":"PMBC"}},{"type":"Feature","geometry":{"type":"MultiPolygon","coordinates":[[[[-117.559685,49.099181],[-117.560207,49.099397],[-117.56011,49.099499],[-117.559987,49.099331],[-117.559568,49.099269],[-117.559313,49.099501],[-117.558062,49.099695],[-117.55795,49.09965],[-117.558235,49.099268],[-117.558237,49.099154],[-117.558536,49.098708],[-117.559685,49.099181]]],[[[-117.557854,49.099641],[-117.557621,49.099544],[-117.558125,49.099261],[-117.557854,49.099641]]],[[[-117.559389,49.099678],[-117.55899,49.099801],[-117.55885,49.099818],[-117.558671,49.09982],[-117.558502,49.099766],[-117.558413,49.099757],[-117.558335,49.099763],[-117.558221,49.099792],[-117.558036,49.099716],[-117.559376,49.09951],[-117.559612,49.099293],[-117.559805,49.09932],[-117.559753,49.099401],[-117.559648,49.099513],[-117.559563,49.099596],[-117.55951,49.099632],[-117.559389,49.099678]]]]},"properties":{"GlobalID":"{A1E6D4A1-38A0-439E-9FF1-DC7FEF2E4865}","Name":"019056745","PlanID":"{816C4699-428D-4E33-BB26-23BCF6E5C35F}","PlanNumber":"NEP785B","PIN":null,"PID":19056745,"Designation1":"Parcel A","Designation2":"Lot 110","Designation3":null,"ParcelStatus":"ACTIVE","RegionalDistrict":"0019","ParcelClass":"SUBDIVISION","SourceParcelID":null,"GeometrySource":"MODIFIED-ICF","IsRemainder":"NO","ParcelStartDate":null,"PositionalError":3.31665971,"LegalDescription":"THAT PART OF LOT 110 DISTRICT LOT 1236 KOOTENAY DISTRICT PLAN 785B, SHOWN OUTLINED IN RED ON REFERENCE PLAN 46209I TO BE HEREAFTER KNOWN AS PARCEL A (REFERENCE PLAN 46209I)","CaptureMethod":"UNKNOWN","OwnerType":"PRIVATE","Compiled":0,"CreatedDate":"2020-07-28T16:35:07.000Z","ModifiedDate":"2021-02-11T23:48:16.000Z","StatedArea":"10311","ErrorReportedBy":"LSA","Municipality":"0163","OBJECTID":45660,"created_user":"SDE","created_date":"2024-11-12T16:15:31.000Z","last_edited_user":"SDE","last_edited_date":"2026-03-25T16:06:10.000Z","Shape__Area":10513.85572613,"Shape__Length":876.5598555189623,"CommonName":null,"SourceGlobalID":"{2BA0CCDC-BC3D-44C4-9AB8-D6866311C2FF}","Comments":null,"UpdateStatus":"AUTO","UpdateSource":"PMBC"}},{"type":"Feature","geometry":{"type":"Polygon","coordinates":[[[-117.549512,49.118693],[-117.549508,49.118976],[-117.549216,49.118972],[-117.549219,49.11869],[-117.549512,49.118693]]]},"properties":{"GlobalID":"{92959B78-7B77-42CD-A2D6-32211396E001}","Name":"007586841","PlanID":"{1A2E4746-CBD2-4460-A936-203D2E978EE1}","PlanNumber":"NEP16569","PIN":null,"PID":7586841,"Designation1":"Lot 2","Designation2":null,"Designation3":null,"ParcelStatus":"ACTIVE","RegionalDistrict":"0019","ParcelClass":"SUBDIVISION","SourceParcelID":null,"GeometrySource":"ICF","IsRemainder":"NO","ParcelStartDate":null,"PositionalError":3.37418536,"LegalDescription":"LOT 2 DISTRICT LOT 1236 KOOTENAY DISTRICT PLAN 16569","CaptureMethod":"UNKNOWN","OwnerType":"PRIVATE","Compiled":1,"CreatedDate":"2016-09-20T23:24:06.000Z","ModifiedDate":"2021-02-11T23:36:41.000Z","StatedArea":null,"ErrorReportedBy":"LSA","Municipality":"0040","OBJECTID":45661,"created_user":"SDE","created_date":"2024-11-12T16:15:31.000Z","last_edited_user":"SDE","last_edited_date":"2026-03-25T16:06:10.000Z","Shape__Area":670.860769905,"Shape__Length":105.52271231826874,"CommonName":null,"SourceGlobalID":"{D2927495-BF2E-4AF2-AD4F-08AE3F7BBF8C}","Comments":null,"UpdateStatus":"AUTO","UpdateSource":"PMBC"}},{"type":"Feature","geometry":{"type":"Polygon","coordinates":[[[-117.511012,49.141485],[-117.514982,49.141483],[-117.514973,49.141868],[-117.511009,49.141866],[-117.511012,49.141485]]]},"properties":{"GlobalID":"{D5DAF89B-DBF9-423E-A3DB-93124BCD97CC}","Name":"006645411","PlanID":"{4BCECE35-189C-46B0-B27E-3C426752261B}","PlanNumber":"NEP785D","PIN":null,"PID":6645411,"Designation1":"Parcel A","Designation2":"Lot 281","Designation3":null,"ParcelStatus":"ACTIVE","RegionalDistrict":"0019","ParcelClass":"SUBDIVISION","SourceParcelID":null,"GeometrySource":"ICF","IsRemainder":"NO","ParcelStartDate":null,"PositionalError":11.97806428,"LegalDescription":"PARCEL A (REFERENCE PLAN 105275-I) BLOCK 281 DISTRICT LOT 1236 KOOTENAY DISTRICT PLAN 785D","CaptureMethod":"UNKNOWN","OwnerType":"PRIVATE","Compiled":1,"CreatedDate":"2016-09-20T23:24:06.000Z","ModifiedDate":"2021-02-11T23:48:16.000Z","StatedArea":null,"ErrorReportedBy":"LSA","Municipality":"0163","OBJECTID":45662,"created_user":"SDE","created_date":"2024-11-12T16:15:31.000Z","last_edited_user":"SDE","last_edited_date":"2026-03-25T16:06:10.000Z","Shape__Area":12321.96749787,"Shape__Length":663.9119255520673,"CommonName":null,"SourceGlobalID":"{8A7E9368-95B4-40A9-AB58-21FE2A4F8CE4}","Comments":null,"UpdateStatus":"AUTO","UpdateSource":"PMBC"}},{"type":"Feature","geometry":{"type":"Polygon","coordinates":[[[-117.532631,49.108569],[-117.532548,49.108535],[-117.531228,49.107993],[-117.531932,49.107253],[-117.533252,49.107795],[-117.533335,49.107829],[-117.532631,49.108569]]]},"properties":{"GlobalID":"{10677F8B-C409-4BFB-81AB-C28DED5BC515}","Name":"026447673","PlanID":"{A4B13EDF-9F73-44D4-982E-91D567015D9F}","PlanNumber":"NEP79247","PIN":null,"PID":26447673,"Designation1":"Lot A","Designation2":null,"Designation3":null,"ParcelStatus":"ACTIVE","RegionalDistrict":"0019","ParcelClass":"SUBDIVISION","SourceParcelID":null,"GeometrySource":"ICF","IsRemainder":"NO","ParcelStartDate":"2005-10-17T07:00:00.000Z","PositionalError":6.9104217,"LegalDescription":"LOT A DISTRICT LOT 1236 KOOTENAY DISTRICT PLAN NEP79247","CaptureMethod":"UNKNOWN","OwnerType":"PRIVATE","Compiled":1,"CreatedDate":"2016-09-20T23:24:06.000Z","ModifiedDate":"2021-02-11T23:36:41.000Z","StatedArea":null,"ErrorReportedBy":"LSA","Municipality":"0163","OBJECTID":45663,"created_user":"SDE","created_date":"2024-11-12T16:15:31.000Z","last_edited_user":"SDE","last_edited_date":"2026-03-25T16:06:10.000Z","Shape__Area":11716.669021335,"Shape__Length":435.5847403279214,"CommonName":null,"SourceGlobalID":"{8D934D86-DEF3-4174-AF19-03AAFA6C91B7}","Comments":null,"UpdateStatus":"AUTO","UpdateSource":"PMBC"}},{"type":"Feature","geometry":{"type":"Polygon","coordinates":[[[-117.539376,49.113552],[-117.539681,49.113409],[-117.539958,49.11328],[-117.540318,49.113601],[-117.540047,49.113731],[-117.539751,49.113876],[-117.539376,49.113552]]]},"properties":{"GlobalID":"{3F0A02C8-33E7-419C-BAF3-2B44B3DAFA70}","Name":"028931211","PlanID":"{C0D8E7AE-5F8A-4A79-A0B3-81D321DE1580}","PlanNumber":"NEP4854","PIN":null,"PID":28931211,"Designation1":null,"Designation2":null,"Designation3":null,"ParcelStatus":"ACTIVE","RegionalDistrict":"0019","ParcelClass":"SUBDIVISION","SourceParcelID":null,"GeometrySource":"ICF","IsRemainder":"NO","ParcelStartDate":"2012-10-11T07:00:00.000Z","PositionalError":3.78567735,"LegalDescription":"PARCEL A (BEING A CONSOLIDATION OF LOTS 3 AND 4, SEE CA2796816) DISTRICT LOT 1236 KOOTENAY DISTRICT PLAN 4854","CaptureMethod":"UNKNOWN","OwnerType":"PRIVATE","Compiled":1,"CreatedDate":"2016-09-20T23:24:06.000Z","ModifiedDate":"2021-02-11T23:48:16.000Z","StatedArea":null,"ErrorReportedBy":"LSA","Municipality":"0163","OBJECTID":45664,"created_user":"SDE","created_date":"2024-11-12T16:15:31.000Z","last_edited_user":"SDE","last_edited_date":"2026-03-25T16:06:10.000Z","Shape__Area":2317.51383999,"Shape__Length":193.26399056536457,"CommonName":null,"SourceGlobalID":"{03024B9A-FBD8-44E1-999E-D0F2F9335B9B}","Comments":null,"UpdateStatus":"AUTO","UpdateSource":"PMBC"}},{"type":"Feature","geometry":{"type":"Polygon","coordinates":[[[-117.50656,49.164192],[-117.506633,49.164145],[-117.506707,49.164099],[-117.506783,49.164054],[-117.506859,49.164009],[-117.506937,49.163966],[-117.507016,49.163923],[-117.507096,49.163882],[-117.507177,49.163841],[-117.507259,49.163801],[-117.507342,49.163762],[-117.507427,49.163724],[-117.507512,49.163687],[-117.507598,49.163651],[-117.507685,49.163616],[-117.507774,49.163582],[-117.507863,49.163549],[-117.507953,49.163517],[-117.508043,49.163487],[-117.508135,49.163457],[-117.508227,49.163428],[-117.508321,49.1634],[-117.508414,49.163373],[-117.508509,49.163348],[-117.508604,49.163323],[-117.5087,49.1633],[-117.508797,49.163277],[-117.508894,49.163256],[-117.508992,49.163236],[-117.509112,49.163213],[-117.509283,49.163177],[-117.509453,49.16314],[-117.509623,49.163101],[-117.509791,49.163059],[-117.509958,49.163016],[-117.510123,49.162971],[-117.510288,49.162924],[-117.510451,49.162876],[-117.510613,49.162825],[-117.510774,49.162772],[-117.510933,49.162718],[-117.51109,49.162662],[-117.511332,49.162572],[-117.51144,49.162525],[-117.511547,49.162477],[-117.511652,49.162428],[-117.511756,49.162378],[-117.511859,49.162326],[-117.512,49.162252],[-117.512052,49.162252],[-117.51319,49.162222],[-117.516739,49.162209],[-117.516808,49.164625],[-117.516633,49.164622],[-117.516631,49.164634],[-117.514271,49.164638],[-117.513237,49.164617],[-117.51238,49.164621],[-117.505964,49.164649],[-117.506025,49.164595],[-117.506087,49.164542],[-117.506151,49.16449],[-117.506216,49.164438],[-117.506282,49.164387],[-117.506349,49.164337],[-117.506418,49.164288],[-117.506489,49.16424],[-117.50656,49.164192]]]},"properties":{"GlobalID":"{B723E75E-F780-4FB8-9CC5-4D3CF613C8C9}","Name":"008876568","PlanID":"{58CE306A-2963-44C7-AADB-A73F25B0122F}","PlanNumber":"NEP67X","PIN":null,"PID":8876568,"Designation1":"Parcel A","Designation2":"Lot 24","Designation3":null,"ParcelStatus":"ACTIVE","RegionalDistrict":"0019","ParcelClass":"SUBDIVISION","SourceParcelID":null,"GeometrySource":"ICF","IsRemainder":"NO","ParcelStartDate":null,"PositionalError":8.76935696,"LegalDescription":"PARCEL A (REFERENCE PLAN 11937-I) SUBLOT 24 DISTRICT LOT 1236 KOOTENAY DISTRICT PLAN X67","CaptureMethod":"UNKNOWN","OwnerType":"PRIVATE","Compiled":1,"CreatedDate":"2016-09-20T23:24:06.000Z","ModifiedDate":"2021-02-11T23:48:16.000Z","StatedArea":null,"ErrorReportedBy":"LSA","Municipality":"0163","OBJECTID":45665,"created_user":"SDE","created_date":"2024-11-12T16:15:31.000Z","last_edited_user":"SDE","last_edited_date":"2026-03-25T16:06:10.000Z","Shape__Area":158343.34569996,"Shape__Length":1928.3025233196533,"CommonName":null,"SourceGlobalID":"{84774A9C-7368-4D8B-B5B1-5777CBC971C4}","Comments":null,"UpdateStatus":"AUTO","UpdateSource":"PMBC"}},{"type":"Feature","geometry":{"type":"Polygon","coordinates":[[[-117.546891,49.118462],[-117.546889,49.118664],[-117.546302,49.118654],[-117.546304,49.118459],[-117.546598,49.11846],[-117.546891,49.118462]]]},"properties":{"GlobalID":"{8E4A96DB-1470-472C-A407-56AFA9C1A8DC}","Name":"017942578","PlanID":"{94B3EB65-B752-49C2-BA46-FDA854FC99A7}","PlanNumber":"NEP20044","PIN":null,"PID":17942578,"Designation1":"Lot A","Designation2":null,"Designation3":null,"ParcelStatus":"ACTIVE","RegionalDistrict":"0019","ParcelClass":"SUBDIVISION","SourceParcelID":null,"GeometrySource":"ICF","IsRemainder":"NO","ParcelStartDate":null,"PositionalError":2.75192918,"LegalDescription":"LOT A DISTRICT LOT 1236 KOOTENAY DISTRICT PLAN NEP20044","CaptureMethod":"UNKNOWN","OwnerType":"PRIVATE","Compiled":1,"CreatedDate":"2016-09-20T23:24:06.000Z","ModifiedDate":"2021-02-11T23:48:16.000Z","StatedArea":null,"ErrorReportedBy":"LSA","Municipality":"0040","OBJECTID":45666,"created_user":"SDE","created_date":"2024-11-12T16:15:31.000Z","last_edited_user":"SDE","last_edited_date":"2026-03-25T16:06:10.000Z","Shape__Area":947.575828295,"Shape__Length":129.8412636840322,"CommonName":null,"SourceGlobalID":"{597A6ED1-B00A-4386-B00F-CEE0B72A27C0}","Comments":null,"UpdateStatus":"AUTO","UpdateSource":"PMBC"}},{"type":"Feature","geometry":{"type":"Polygon","coordinates":[[[-117.547033,49.107299],[-117.547361,49.106956],[-117.547573,49.107043],[-117.547245,49.107386],[-117.547033,49.107299]]]},"properties":{"GlobalID":"{A64BCBDA-61E4-40C8-BBC9-31D8958670B3}","Name":"012286672","PlanID":"{19C9E8A1-31B1-429D-B009-63E2C1506C29}","PlanNumber":"NEP2665","PIN":null,"PID":12286672,"Designation1":"Lot B","Designation2":null,"Designation3":null,"ParcelStatus":"ACTIVE","RegionalDistrict":"0019","ParcelClass":"SUBDIVISION","SourceParcelID":null,"GeometrySource":"MODIFIED-ICF","IsRemainder":"NO","ParcelStartDate":null,"PositionalError":4.6749935,"LegalDescription":"LOT B DISTRICT LOT 1236 KOOTENAY DISTRICT PLAN 2665","CaptureMethod":"UNKNOWN","OwnerType":"PRIVATE","Compiled":1,"CreatedDate":"2016-09-20T23:24:06.000Z","ModifiedDate":"2025-07-16T17:14:34.000Z","StatedArea":null,"ErrorReportedBy":"LSA","Municipality":"0040","OBJECTID":45667,"created_user":"SDE","created_date":"2024-11-12T16:15:31.000Z","last_edited_user":"SDE","last_edited_date":"2026-03-25T16:06:10.000Z","Shape__Area":820.53978744,"Shape__Length":126.46231619279487,"CommonName":null,"SourceGlobalID":"{D724EFE5-3CFC-4C3C-AD56-5728CC3FE92A}","Comments":null,"UpdateStatus":"AUTO","UpdateSource":"PMBC"}},{"type":"Feature","geometry":{"type":"Polygon","coordinates":[[[-117.545478,49.113891],[-117.545336,49.113958],[-117.545085,49.113733],[-117.545227,49.113668],[-117.545478,49.113891]]]},"properties":{"GlobalID":"{B4EAF7F6-C058-4194-9E0C-E687D2FB4618}","Name":"012303101","PlanID":"{A5BACF46-A518-44C0-8955-F34899A3BAF8}","PlanNumber":"NEP785C","PIN":null,"PID":12303101,"Designation1":"Lot 17","Designation2":"Block C","Designation3":null,"ParcelStatus":"ACTIVE","RegionalDistrict":"0019","ParcelClass":"SUBDIVISION","SourceParcelID":null,"GeometrySource":"ICF","IsRemainder":"NO","ParcelStartDate":null,"PositionalError":3.21335833,"LegalDescription":"LOT 17 BLOCK C DISTRICT LOT 1236 KOOTENAY DISTRICT PLAN 785C","CaptureMethod":"UNKNOWN","OwnerType":"PRIVATE","Compiled":1,"CreatedDate":"2016-09-20T23:24:06.000Z","ModifiedDate":"2021-02-11T23:48:16.000Z","StatedArea":null,"ErrorReportedBy":"LSA","Municipality":"0040","OBJECTID":45668,"created_user":"SDE","created_date":"2024-11-12T16:15:31.000Z","last_edited_user":"SDE","last_edited_date":"2026-03-25T16:06:10.000Z","Shape__Area":393.251492935,"Shape__Length":87.25223608573033,"CommonName":null,"SourceGlobalID":"{2B0D00DA-0CB5-452A-82D6-8943AE3E806D}","Comments":null,"UpdateStatus":"AUTO","UpdateSource":"PMBC"}},{"type":"Feature","geometry":{"type":"Polygon","coordinates":[[[-117.544165,49.1182],[-117.544245,49.118163],[-117.544477,49.118053],[-117.544667,49.117964],[-117.544733,49.117933],[-117.544882,49.118066],[-117.544737,49.118134],[-117.544571,49.11821],[-117.544316,49.118329],[-117.544314,49.11833],[-117.544165,49.1182]]]},"properties":{"GlobalID":"{02EB1FC5-6BA8-446C-93EA-5E8B1BAF6A3C}","Name":"012203246","PlanID":"{A6F5EB48-7A43-4B7D-884E-9EEF9917F08F}","PlanNumber":"NEP9307","PIN":null,"PID":12203246,"Designation1":"Lot 2","Designation2":null,"Designation3":null,"ParcelStatus":"ACTIVE","RegionalDistrict":"0019","ParcelClass":"SUBDIVISION","SourceParcelID":null,"GeometrySource":"ICF","IsRemainder":"NO","ParcelStartDate":null,"PositionalError":2.6686982,"LegalDescription":"LOT 2 DISTRICT LOT 1236 KOOTENAY DISTRICT PLAN 9307","CaptureMethod":"UNKNOWN","OwnerType":"PRIVATE","Compiled":1,"CreatedDate":"2016-09-20T23:24:06.000Z","ModifiedDate":"2025-10-07T18:11:56.000Z","StatedArea":null,"ErrorReportedBy":"LSA","Municipality":"0040","OBJECTID":45669,"created_user":"SDE","created_date":"2024-11-12T16:15:31.000Z","last_edited_user":"SDE","last_edited_date":"2026-03-25T16:06:10.000Z","Shape__Area":925.94793214,"Shape__Length":138.14737771251413,"CommonName":null,"SourceGlobalID":"{43F8A65B-ADE1-48CE-94C1-4F8718EE4AC2}","Comments":null,"UpdateStatus":"AUTO","UpdateSource":"PMBC"}},{"type":"Feature","geometry":{"type":"Polygon","coordinates":[[[-117.54601,49.118458],[-117.545675,49.118456],[-117.545763,49.118154],[-117.546015,49.118157],[-117.54601,49.118458]]]},"properties":{"GlobalID":"{2A6DE2BB-779A-4BA9-94A4-B063E02AA06E}","Name":"011401214","PlanID":"{519ED3C5-0FC8-40B0-97A6-57018F4322D3}","PlanNumber":"NEP12953","PIN":null,"PID":11401214,"Designation1":"Lot 10","Designation2":null,"Designation3":null,"ParcelStatus":"ACTIVE","RegionalDistrict":"0019","ParcelClass":"SUBDIVISION","SourceParcelID":null,"GeometrySource":"ICF","IsRemainder":"NO","ParcelStartDate":null,"PositionalError":2.67433075,"LegalDescription":"LOT 10 DISTRICT LOT 1236 KOOTENAY DISTRICT PLAN 12953","CaptureMethod":"UNKNOWN","OwnerType":"PRIVATE","Compiled":1,"CreatedDate":"2016-09-20T23:24:06.000Z","ModifiedDate":"2021-02-11T23:48:16.000Z","StatedArea":null,"ErrorReportedBy":"LSA","Municipality":"0040","OBJECTID":45670,"created_user":"SDE","created_date":"2024-11-12T16:15:31.000Z","last_edited_user":"SDE","last_edited_date":"2026-03-25T16:06:10.000Z","Shape__Area":718.55584065,"Shape__Length":110.45522860144398,"CommonName":null,"SourceGlobalID":"{1D6BBE01-BE21-48E5-8D68-A5D8EA01564E}","Comments":null,"UpdateStatus":"AUTO","UpdateSource":"PMBC"}},{"type":"Feature","geometry":{"type":"Polygon","coordinates":[[[-117.555461,49.107996],[-117.555408,49.107821],[-117.555349,49.107721],[-117.555342,49.10771],[-117.555358,49.107603],[-117.555393,49.107676],[-117.555545,49.108004],[-117.556128,49.108183],[-117.555939,49.108347],[-117.555878,49.108397],[-117.555606,49.108626],[-117.555016,49.108385],[-117.555066,49.108329],[-117.555113,49.108271],[-117.555185,49.107977],[-117.555244,49.107981],[-117.555461,49.107996]]]},"properties":{"GlobalID":"{51280467-0DBB-415D-8AAB-1A1AA40A1F70}","Name":"026420341","PlanID":"{E058BD00-365F-4408-A33A-5B7E88114016}","PlanNumber":"NEP79009","PIN":null,"PID":26420341,"Designation1":"Lot 1","Designation2":null,"Designation3":null,"ParcelStatus":"ACTIVE","RegionalDistrict":"0019","ParcelClass":"SUBDIVISION","SourceParcelID":null,"GeometrySource":"ICF","IsRemainder":"NO","ParcelStartDate":"2005-09-20T07:00:00.000Z","PositionalError":4.70315027,"LegalDescription":"LOT 1 DISTRICT LOT 1236 KOOTENAY DISTRICT PLAN NEP79009","CaptureMethod":"UNKNOWN","OwnerType":"PRIVATE","Compiled":1,"CreatedDate":"2016-09-20T23:24:06.000Z","ModifiedDate":"2021-02-11T23:36:41.000Z","StatedArea":"3577","ErrorReportedBy":"LSA","Municipality":"0040","OBJECTID":45671,"created_user":"SDE","created_date":"2024-11-12T16:15:31.000Z","last_edited_user":"SDE","last_edited_date":"2026-03-25T16:06:10.000Z","Shape__Area":3575.697331285,"Shape__Length":319.4668634280011,"CommonName":null,"SourceGlobalID":"{F8D56ECB-29BC-4FFE-AB1C-A742D85B3B29}","Comments":null,"UpdateStatus":"AUTO","UpdateSource":"PMBC"}},{"type":"Feature","geometry":{"type":"Polygon","coordinates":[[[-117.545593,49.118154],[-117.545763,49.118154],[-117.545675,49.118456],[-117.545132,49.118454],[-117.545132,49.118355],[-117.545594,49.118136],[-117.545593,49.118154]]]},"properties":{"GlobalID":"{8840D8FD-D9A0-4F0B-8F19-45FEBB75B196}","Name":"011401176","PlanID":"{519ED3C5-0FC8-40B0-97A6-57018F4322D3}","PlanNumber":"NEP12953","PIN":null,"PID":11401176,"Designation1":"Lot 9","Designation2":null,"Designation3":null,"ParcelStatus":"ACTIVE","RegionalDistrict":"0019","ParcelClass":"SUBDIVISION","SourceParcelID":null,"GeometrySource":"ICF","IsRemainder":"NO","ParcelStartDate":null,"PositionalError":2.61607073,"LegalDescription":"LOT 9 DISTRICT LOT 1236 KOOTENAY DISTRICT PLAN 12953","CaptureMethod":"UNKNOWN","OwnerType":"PRIVATE","Compiled":1,"CreatedDate":"2016-09-20T23:24:06.000Z","ModifiedDate":"2021-02-11T23:48:16.000Z","StatedArea":null,"ErrorReportedBy":"LSA","Municipality":"0040","OBJECTID":45672,"created_user":"SDE","created_date":"2024-11-12T16:15:31.000Z","last_edited_user":"SDE","last_edited_date":"2026-03-25T16:06:10.000Z","Shape__Area":1092.175264665,"Shape__Length":140.83699758777823,"CommonName":null,"SourceGlobalID":"{16EF54D2-CAB4-4249-9C0C-C3A90B2331CF}","Comments":null,"UpdateStatus":"AUTO","UpdateSource":"PMBC"}},{"type":"Feature","geometry":{"type":"Polygon","coordinates":[[[-117.549971,49.105248],[-117.549754,49.105477],[-117.549461,49.105364],[-117.549696,49.105123],[-117.549971,49.105248]]]},"properties":{"GlobalID":"{5DFF6FBA-A3DC-4E97-BEC5-0355020DD067}","Name":"012850187","PlanID":"{7AC8F2A6-0CC0-49CD-BC4F-2D7B1E233D88}","PlanNumber":"NEP4628","PIN":null,"PID":12850187,"Designation1":"Lot 3","Designation2":null,"Designation3":null,"ParcelStatus":"ACTIVE","RegionalDistrict":"0019","ParcelClass":"SUBDIVISION","SourceParcelID":null,"GeometrySource":"ICF","IsRemainder":"NO","ParcelStartDate":null,"PositionalError":3.86327578,"LegalDescription":"LOT 3 DISTRICT LOT 1236 KOOTENAY DISTRICT PLAN 4628","CaptureMethod":"UNKNOWN","OwnerType":"PRIVATE","Compiled":1,"CreatedDate":"2016-09-20T23:24:06.000Z","ModifiedDate":"2021-02-11T23:36:41.000Z","StatedArea":null,"ErrorReportedBy":"LSA","Municipality":"0163","OBJECTID":45673,"created_user":"SDE","created_date":"2024-11-12T16:15:31.000Z","last_edited_user":"SDE","last_edited_date":"2026-03-25T16:06:10.000Z","Shape__Area":762.13046422,"Shape__Length":111.15984726053921,"CommonName":null,"SourceGlobalID":"{83FD7409-AD4C-48ED-9746-53DB376E86CD}","Comments":null,"UpdateStatus":"AUTO","UpdateSource":"PMBC"}},{"type":"Feature","geometry":{"type":"Polygon","coordinates":[[[-117.540993,49.113001],[-117.541434,49.112986],[-117.541376,49.113087],[-117.541198,49.113175],[-117.540993,49.113001]]]},"properties":{"GlobalID":"{0ECCEE21-FDDA-4CED-A8A1-CEE593E12FA2}","Name":"009384006","PlanID":"{431FFFE0-9F18-4A92-B2DC-0342C712E480}","PlanNumber":"NEP3023","PIN":null,"PID":9384006,"Designation1":"Lot 1","Designation2":null,"Designation3":null,"ParcelStatus":"ACTIVE","RegionalDistrict":"0019","ParcelClass":"SUBDIVISION","SourceParcelID":null,"GeometrySource":"ICF","IsRemainder":"NO","ParcelStartDate":null,"PositionalError":3.2459154,"LegalDescription":"LOT 1 DISTRICT LOT 1236 KOOTENAY DISTRICT PLAN 3023","CaptureMethod":"UNKNOWN","OwnerType":"PRIVATE","Compiled":1,"CreatedDate":"2016-09-20T23:24:06.000Z","ModifiedDate":"2021-02-11T23:48:16.000Z","StatedArea":null,"ErrorReportedBy":"LSA","Municipality":"0163","OBJECTID":45674,"created_user":"SDE","created_date":"2024-11-12T16:15:31.000Z","last_edited_user":"SDE","last_edited_date":"2026-03-25T16:06:10.000Z","Shape__Area":376.77941857,"Shape__Length":84.94649196682568,"CommonName":null,"SourceGlobalID":"{7E6F3CF5-A43C-419D-905A-C0955FE47F83}","Comments":null,"UpdateStatus":"AUTO","UpdateSource":"PMBC"}},{"type":"Feature","geometry":{"type":"Polygon","coordinates":[[[-117.576726,49.086544],[-117.575769,49.086026],[-117.576163,49.08571],[-117.577127,49.086229],[-117.576726,49.086544]]]},"properties":{"GlobalID":"{E330AAE9-728B-495E-9632-844384F1E60D}","Name":"006831346","PlanID":"{4307E980-5023-4977-A432-758416CD5750}","PlanNumber":"NEP2312","PIN":null,"PID":6831346,"Designation1":"Lot B","Designation2":null,"Designation3":null,"ParcelStatus":"ACTIVE","RegionalDistrict":"0019","ParcelClass":"SUBDIVISION","SourceParcelID":null,"GeometrySource":"ICF","IsRemainder":"NO","ParcelStartDate":null,"PositionalError":1.5935829,"LegalDescription":"PARCEL 1 (SEE 152289I) BLOCK B DISTRICT LOT 8392 KOOTENAY DISTRICT PLAN 2312","CaptureMethod":"UNKNOWN","OwnerType":"PRIVATE","Compiled":1,"CreatedDate":"2016-09-20T23:24:06.000Z","ModifiedDate":"2021-02-11T23:36:41.000Z","StatedArea":null,"ErrorReportedBy":"LSA","Municipality":"0163","OBJECTID":45675,"created_user":"SDE","created_date":"2024-11-12T16:15:31.000Z","last_edited_user":"SDE","last_edited_date":"2026-03-25T16:06:10.000Z","Shape__Area":4138.866794135,"Shape__Length":272.7818658016281,"CommonName":null,"SourceGlobalID":"{6DC6F6A9-C67C-47DD-AF14-F16B64CC501E}","Comments":null,"UpdateStatus":"AUTO","UpdateSource":"PMBC"}},{"type":"Feature","geometry":{"type":"Polygon","coordinates":[[[-117.52189,49.138878],[-117.521643,49.139785],[-117.520726,49.139457],[-117.520973,49.138675],[-117.521837,49.138816],[-117.52189,49.138878]]]},"properties":{"GlobalID":"{64B6A9C5-66B0-4531-9034-234F00EA29B2}","Name":"014152517","PlanID":"{14917000-975D-4062-BF9B-83C009C5BC3A}","PlanNumber":"NEP6861","PIN":null,"PID":14152517,"Designation1":"Lot 2","Designation2":null,"Designation3":null,"ParcelStatus":"ACTIVE","RegionalDistrict":"0019","ParcelClass":"SUBDIVISION","SourceParcelID":null,"GeometrySource":"ICF","IsRemainder":"NO","ParcelStartDate":null,"PositionalError":5.40790068,"LegalDescription":"LOT 2 DISTRICT LOT 1236 KOOTENAY DISTRICT PLAN 6861","CaptureMethod":"UNKNOWN","OwnerType":"PRIVATE","Compiled":1,"CreatedDate":"2016-09-20T23:24:06.000Z","ModifiedDate":"2021-02-11T23:48:16.000Z","StatedArea":null,"ErrorReportedBy":"LSA","Municipality":"0163","OBJECTID":45676,"created_user":"SDE","created_date":"2024-11-12T16:15:31.000Z","last_edited_user":"SDE","last_edited_date":"2026-03-25T16:06:10.000Z","Shape__Area":6995.35060071,"Shape__Length":340.16943608343524,"CommonName":null,"SourceGlobalID":"{F8E177EF-6766-484D-AEFB-F977CA15DA8E}","Comments":null,"UpdateStatus":"AUTO","UpdateSource":"PMBC"}},{"type":"Feature","geometry":{"type":"Polygon","coordinates":[[[-117.548923,49.11853],[-117.548629,49.11853],[-117.548633,49.118244],[-117.548929,49.118248],[-117.548923,49.11853]]]},"properties":{"GlobalID":"{C519EDF2-06BD-4BFD-9EBD-1F9D33245416}","Name":"009527273","PlanID":"{D7CD2D0A-571D-4FA4-9304-C79BCD46DF97}","PlanNumber":"NEP15600","PIN":null,"PID":9527273,"Designation1":"Lot 2","Designation2":null,"Designation3":null,"ParcelStatus":"ACTIVE","RegionalDistrict":"0019","ParcelClass":"SUBDIVISION","SourceParcelID":null,"GeometrySource":"ICF","IsRemainder":"NO","ParcelStartDate":null,"PositionalError":4.10219082,"LegalDescription":"LOT 2 DISTRICT LOT 1236 KOOTENAY DISTRICT PLAN 15600","CaptureMethod":"UNKNOWN","OwnerType":"PRIVATE","Compiled":1,"CreatedDate":"2016-09-20T23:24:06.000Z","ModifiedDate":"2021-02-11T23:48:16.000Z","StatedArea":null,"ErrorReportedBy":"LSA","Municipality":"0040","OBJECTID":45677,"created_user":"SDE","created_date":"2024-11-12T16:15:31.000Z","last_edited_user":"SDE","last_edited_date":"2026-03-25T16:06:10.000Z","Shape__Area":680.18992666,"Shape__Length":106.2484275456755,"CommonName":null,"SourceGlobalID":"{442927CC-C002-4879-95FB-71052AB98676}","Comments":null,"UpdateStatus":"AUTO","UpdateSource":"PMBC"}},{"type":"Feature","geometry":{"type":"Polygon","coordinates":[[[-117.531909,49.113866],[-117.531038,49.113116],[-117.531497,49.112908],[-117.532373,49.113692],[-117.531947,49.113897],[-117.531909,49.113866]]]},"properties":{"GlobalID":"{CBB09E74-42B9-4B4B-B5F3-333BBA902EEC}","Name":"015177351","PlanID":"{816C4699-428D-4E33-BB26-23BCF6E5C35F}","PlanNumber":"NEP785B","PIN":null,"PID":15177351,"Designation1":"Parcel A","Designation2":"Lot 172","Designation3":null,"ParcelStatus":"ACTIVE","RegionalDistrict":"0019","ParcelClass":"SUBDIVISION","SourceParcelID":null,"GeometrySource":"ICF","IsRemainder":"NO","ParcelStartDate":null,"PositionalError":4.1873064,"LegalDescription":"PARCEL A (SEE 48501I) OF LOT 172 DISTRICT LOT 1236 KOOTENAY DISTRICT PLAN 785B","CaptureMethod":"UNKNOWN","OwnerType":"PRIVATE","Compiled":1,"CreatedDate":"2016-09-20T23:24:06.000Z","ModifiedDate":"2025-10-07T18:11:56.000Z","StatedArea":null,"ErrorReportedBy":"LSA","Municipality":"0163","OBJECTID":45678,"created_user":"SDE","created_date":"2024-11-12T16:15:31.000Z","last_edited_user":"SDE","last_edited_date":"2026-03-25T16:06:10.000Z","Shape__Area":4307.19340438,"Shape__Length":296.561433865006,"CommonName":null,"SourceGlobalID":"{B905131E-1850-441D-9471-1A394EF469D2}","Comments":null,"UpdateStatus":"AUTO","UpdateSource":"PMBC"}},{"type":"Feature","geometry":{"type":"Polygon","coordinates":[[[-117.535701,49.10351],[-117.536537,49.103374],[-117.536882,49.10332],[-117.537934,49.103135],[-117.539778,49.103896],[-117.538574,49.10511],[-117.535579,49.103869],[-117.535433,49.103808],[-117.53508,49.103662],[-117.535701,49.10351]]]},"properties":{"GlobalID":"{821B8B1F-07A9-4427-86DC-3DCEFDD8D24B}","Name":"011628219","PlanID":"{1301A935-25EA-4C54-B4F8-537D5334C605}","PlanNumber":"NEP11319","PIN":null,"PID":11628219,"Designation1":"Lot 1","Designation2":null,"Designation3":null,"ParcelStatus":"ACTIVE","RegionalDistrict":"0019","ParcelClass":"SUBDIVISION","SourceParcelID":null,"GeometrySource":"ICF","IsRemainder":"NO","ParcelStartDate":null,"PositionalError":3.72350069,"LegalDescription":"LOT 1 DISTRICT LOT 1236 KOOTENAY DISTRICT PLAN 11319","CaptureMethod":"UNKNOWN","OwnerType":"PRIVATE","Compiled":1,"CreatedDate":"2016-09-20T23:24:06.000Z","ModifiedDate":"2021-02-11T23:36:41.000Z","StatedArea":null,"ErrorReportedBy":"LSA","Municipality":"0163","OBJECTID":45679,"created_user":"SDE","created_date":"2024-11-12T16:15:31.000Z","last_edited_user":"SDE","last_edited_date":"2026-03-25T16:06:10.000Z","Shape__Area":37419.423335965,"Shape__Length":838.2686983615803,"CommonName":null,"SourceGlobalID":"{A2FE2069-D2AB-40E4-9EB5-BE160963691A}","Comments":null,"UpdateStatus":"AUTO","UpdateSource":"PMBC"}},{"type":"Feature","geometry":{"type":"Polygon","coordinates":[[[-117.547126,49.109421],[-117.546844,49.109306],[-117.546594,49.109205],[-117.546785,49.109004],[-117.54732,49.109219],[-117.547126,49.109421]]]},"properties":{"GlobalID":"{2AF6BFBE-191B-4AB5-AA27-E28879F85D74}","Name":"023227435","PlanID":"{276F26DC-16AD-4A32-A495-BABB4B671471}","PlanNumber":"NEP22598","PIN":null,"PID":23227435,"Designation1":"Lot B","Designation2":null,"Designation3":null,"ParcelStatus":"ACTIVE","RegionalDistrict":"0019","ParcelClass":"SUBDIVISION","SourceParcelID":null,"GeometrySource":"ICF","IsRemainder":"NO","ParcelStartDate":null,"PositionalError":3.16170764,"LegalDescription":"LOT B DISTRICT LOT 1236 KOOTENAY DISTRICT PLAN NEP22598","CaptureMethod":"UNKNOWN","OwnerType":"PRIVATE","Compiled":1,"CreatedDate":"2016-09-20T23:24:06.000Z","ModifiedDate":"2021-02-11T23:48:16.000Z","StatedArea":null,"ErrorReportedBy":"LSA","Municipality":"0040","OBJECTID":45680,"created_user":"SDE","created_date":"2024-11-12T16:15:31.000Z","last_edited_user":"SDE","last_edited_date":"2026-03-25T16:06:10.000Z","Shape__Area":1209.591927045,"Shape__Length":144.3720673560922,"CommonName":null,"SourceGlobalID":"{49C506F4-BAC9-40E3-AC06-89FFBE1CCDAF}","Comments":null,"UpdateStatus":"AUTO","UpdateSource":"PMBC"}},{"type":"Feature","geometry":{"type":"Polygon","coordinates":[[[-117.555581,49.111736],[-117.555842,49.111533],[-117.556543,49.111808],[-117.55633,49.112029],[-117.55633,49.11203],[-117.555581,49.111736]]]},"properties":{"GlobalID":"{04D2AEF2-732F-4AF7-B39A-48FB8B88A74D}","Name":"012568996","PlanID":"{0170AA42-7033-4858-927F-B4258CE77AEF}","PlanNumber":"NEP12191","PIN":null,"PID":12568996,"Designation1":"Lot 3","Designation2":null,"Designation3":null,"ParcelStatus":"ACTIVE","RegionalDistrict":"0019","ParcelClass":"SUBDIVISION","SourceParcelID":null,"GeometrySource":"ICF","IsRemainder":"NO","ParcelStartDate":null,"PositionalError":2.8346048,"LegalDescription":"LOT 3 DISTRICT LOT 1236 KOOTENAY DISTRICT PLAN 12191","CaptureMethod":"UNKNOWN","OwnerType":"PRIVATE","Compiled":1,"CreatedDate":"2016-09-20T23:24:06.000Z","ModifiedDate":"2025-10-07T18:11:56.000Z","StatedArea":null,"ErrorReportedBy":"LSA","Municipality":"0040","OBJECTID":45681,"created_user":"SDE","created_date":"2024-11-12T16:15:31.000Z","last_edited_user":"SDE","last_edited_date":"2026-03-25T16:06:10.000Z","Shape__Area":1793.064153245,"Shape__Length":181.86348337776516,"CommonName":null,"SourceGlobalID":"{39587F1F-DE27-4CC1-BB1F-F2BA72D821DD}","Comments":null,"UpdateStatus":"AUTO","UpdateSource":"PMBC"}},{"type":"Feature","geometry":{"type":"Polygon","coordinates":[[[-117.560573,49.09305],[-117.564308,49.094605],[-117.564132,49.094771],[-117.563949,49.094953],[-117.560228,49.093406],[-117.560573,49.09305]]]},"properties":{"GlobalID":"{1A39A4D5-4F12-4557-A70C-9C6D94EB19D8}","Name":"014787750","PlanID":"{0B1184C7-153E-40A5-98E9-18108E57343B}","PlanNumber":"NEP4804","PIN":null,"PID":14787750,"Designation1":"Lot A","Designation2":null,"Designation3":null,"ParcelStatus":"ACTIVE","RegionalDistrict":"0019","ParcelClass":"SUBDIVISION","SourceParcelID":null,"GeometrySource":"ICF","IsRemainder":"NO","ParcelStartDate":null,"PositionalError":3.8603383,"LegalDescription":"LOT A DISTRICT LOT 1236 KOOTENAY DISTRICT PLAN 4804","CaptureMethod":"UNKNOWN","OwnerType":"PRIVATE","Compiled":1,"CreatedDate":"2016-09-20T23:24:06.000Z","ModifiedDate":"2021-02-11T23:36:41.000Z","StatedArea":null,"ErrorReportedBy":"LSA","Municipality":"0163","OBJECTID":45682,"created_user":"SDE","created_date":"2024-11-12T16:15:31.000Z","last_edited_user":"SDE","last_edited_date":"2026-03-25T16:06:10.000Z","Shape__Area":15073.181678035,"Shape__Length":737.9158498856393,"CommonName":null,"SourceGlobalID":"{E9823EBF-23A1-48A2-B301-9792FB7EAD98}","Comments":null,"UpdateStatus":"AUTO","UpdateSource":"PMBC"}},{"type":"Feature","geometry":{"type":"Polygon","coordinates":[[[-117.536788,49.115311],[-117.536272,49.114869],[-117.536533,49.114742],[-117.537033,49.115192],[-117.536788,49.115311]]]},"properties":{"GlobalID":"{5ED6E7D0-8A9A-4C68-BE54-C06DC41D65B4}","Name":"012868060","PlanID":"{250D2E1C-8BB4-4C4B-B54E-35C6578B110F}","PlanNumber":"NEP10849","PIN":null,"PID":12868060,"Designation1":"Lot 2","Designation2":null,"Designation3":null,"ParcelStatus":"ACTIVE","RegionalDistrict":"0019","ParcelClass":"SUBDIVISION","SourceParcelID":null,"GeometrySource":"ICF","IsRemainder":"NO","ParcelStartDate":null,"PositionalError":3.93548883,"LegalDescription":"LOT 2 DISTRICT LOT 1236 KOOTENAY DISTRICT PLAN 10849","CaptureMethod":"UNKNOWN","OwnerType":"PRIVATE","Compiled":1,"CreatedDate":"2016-09-20T23:24:06.000Z","ModifiedDate":"2021-02-11T23:36:41.000Z","StatedArea":null,"ErrorReportedBy":"LSA","Municipality":"0163","OBJECTID":45683,"created_user":"SDE","created_date":"2024-11-12T16:15:31.000Z","last_edited_user":"SDE","last_edited_date":"2026-03-25T16:06:10.000Z","Shape__Area":1421.154288515,"Shape__Length":169.7309055687976,"CommonName":null,"SourceGlobalID":"{97F576AD-2C39-4FF4-A667-BFBEED24E567}","Comments":null,"UpdateStatus":"AUTO","UpdateSource":"PMBC"}},{"type":"Feature","geometry":{"type":"Polygon","coordinates":[[[-117.547829,49.101268],[-117.548024,49.101063],[-117.550562,49.102087],[-117.550758,49.101883],[-117.551467,49.102173],[-117.550842,49.102825],[-117.55076,49.102791],[-117.548982,49.102061],[-117.546896,49.101211],[-117.547117,49.100981],[-117.547829,49.101268]]]},"properties":{"GlobalID":"{CE5CD649-0213-4230-8DD2-D78D4EFA4FAD}","Name":"023148934","PlanID":"{0FA1078C-9631-4F9D-9D3E-94E47571CD3C}","PlanNumber":"NEP22431","PIN":null,"PID":23148934,"Designation1":"Lot B","Designation2":null,"Designation3":null,"ParcelStatus":"ACTIVE","RegionalDistrict":"0019","ParcelClass":"SUBDIVISION","SourceParcelID":null,"GeometrySource":"ICF","IsRemainder":"NO","ParcelStartDate":null,"PositionalError":3.82680207,"LegalDescription":"LOT B DISTRICT LOT 1236 KOOTENAY DISTRICT PLAN NEP22431","CaptureMethod":"UNKNOWN","OwnerType":"PRIVATE","Compiled":1,"CreatedDate":"2016-09-20T23:24:06.000Z","ModifiedDate":"2021-02-11T23:36:41.000Z","StatedArea":null,"ErrorReportedBy":"LSA","Municipality":"0163","OBJECTID":45684,"created_user":"SDE","created_date":"2024-11-12T16:15:31.000Z","last_edited_user":"SDE","last_edited_date":"2026-03-25T16:06:10.000Z","Shape__Area":19675.1093238,"Shape__Length":848.4615954070972,"CommonName":null,"SourceGlobalID":"{7BEB20A2-D111-4F16-A84F-29A16830751A}","Comments":null,"UpdateStatus":"AUTO","UpdateSource":"PMBC"}},{"type":"Feature","geometry":{"type":"Polygon","coordinates":[[[-117.548122,49.106595],[-117.547959,49.106767],[-117.547799,49.106937],[-117.547588,49.106851],[-117.54791,49.106508],[-117.548122,49.106595]]]},"properties":{"GlobalID":"{ED23DD9E-1D1D-4CDC-AC58-737BC48D5A8E}","Name":"014016401","PlanID":"{D01F239B-EB5A-46A6-90BE-ACF46E8776C8}","PlanNumber":"NEP11829","PIN":null,"PID":14016401,"Designation1":"Lot A","Designation2":null,"Designation3":null,"ParcelStatus":"ACTIVE","RegionalDistrict":"0019","ParcelClass":"SUBDIVISION","SourceParcelID":null,"GeometrySource":"ICF","IsRemainder":"NO","ParcelStartDate":null,"PositionalError":2.20408916,"LegalDescription":"LOT A DISTRICT LOT 1236 KOOTENAY DISTRICT PLAN 11829","CaptureMethod":"UNKNOWN","OwnerType":"PRIVATE","Compiled":1,"CreatedDate":"2016-09-20T23:24:06.000Z","ModifiedDate":"2021-02-11T23:36:41.000Z","StatedArea":null,"ErrorReportedBy":"LSA","Municipality":"0040","OBJECTID":45685,"created_user":"SDE","created_date":"2024-11-12T16:15:31.000Z","last_edited_user":"SDE","last_edited_date":"2026-03-25T16:06:10.000Z","Shape__Area":813.699029115,"Shape__Length":125.82985846653862,"CommonName":null,"SourceGlobalID":"{994A86C2-E36C-4A3E-9BC8-144307F64462}","Comments":null,"UpdateStatus":"AUTO","UpdateSource":"PMBC"}},{"type":"Feature","geometry":{"type":"Polygon","coordinates":[[[-117.543552,49.110793],[-117.543268,49.111115],[-117.543099,49.111046],[-117.543379,49.110721],[-117.543552,49.110793]]]},"properties":{"GlobalID":"{A6D3B824-5EB2-49E6-8A61-4D826A121D9C}","Name":"010630864","PlanID":"{58DC720E-E82D-43BA-8481-B575C3836B2E}","PlanNumber":"NEP2753","PIN":null,"PID":10630864,"Designation1":"Lot 4","Designation2":null,"Designation3":null,"ParcelStatus":"ACTIVE","RegionalDistrict":"0019","ParcelClass":"SUBDIVISION","SourceParcelID":null,"GeometrySource":"MODIFIED-ICF","IsRemainder":"NO","ParcelStartDate":null,"PositionalError":2.81826727,"LegalDescription":"LOT 4 DISTRICT LOT 1236 KOOTENAY DISTRICT PLAN 2753","CaptureMethod":"UNKNOWN","OwnerType":"PRIVATE","Compiled":1,"CreatedDate":"2016-09-20T23:24:06.000Z","ModifiedDate":"2021-02-11T23:48:16.000Z","StatedArea":null,"ErrorReportedBy":"LSA","Municipality":"0040","OBJECTID":45686,"created_user":"SDE","created_date":"2024-11-12T16:15:31.000Z","last_edited_user":"SDE","last_edited_date":"2026-03-25T16:06:10.000Z","Shape__Area":608.17387568,"Shape__Length":112.20951341825966,"CommonName":null,"SourceGlobalID":"{A171E18F-150F-472C-BEBB-0E4C880E8726}","Comments":null,"UpdateStatus":"AUTO","UpdateSource":"PMBC"}},{"type":"Feature","geometry":{"type":"Polygon","coordinates":[[[-117.542484,49.112136],[-117.542387,49.112058],[-117.542274,49.11197],[-117.542273,49.111969],[-117.54233,49.111939],[-117.542607,49.111799],[-117.542751,49.111923],[-117.543125,49.112246],[-117.542804,49.112407],[-117.542498,49.112148],[-117.542484,49.112136]]]},"properties":{"GlobalID":"{AECA44E0-E6F4-4BDB-80D4-E489396E9D3E}","Name":"010906100","PlanID":"{7B81A034-3574-4455-A673-AE48BFAE3462}","PlanNumber":"NEP9039","PIN":null,"PID":10906100,"Designation1":"Lot 1","Designation2":null,"Designation3":null,"ParcelStatus":"ACTIVE","RegionalDistrict":"0019","ParcelClass":"SUBDIVISION","SourceParcelID":null,"GeometrySource":"ICF","IsRemainder":"NO","ParcelStartDate":null,"PositionalError":1.85159156,"LegalDescription":"LOT 1 DISTRICT LOT 1236 KOOTENAY DISTRICT PLAN 9039","CaptureMethod":"UNKNOWN","OwnerType":"PRIVATE","Compiled":1,"CreatedDate":"2016-09-20T23:24:06.000Z","ModifiedDate":"2021-02-11T23:36:41.000Z","StatedArea":null,"ErrorReportedBy":"LSA","Municipality":"0040","OBJECTID":45688,"created_user":"SDE","created_date":"2024-11-12T16:15:31.000Z","last_edited_user":"SDE","last_edited_date":"2026-03-25T16:06:10.000Z","Shape__Area":1866.30952288,"Shape__Length":185.0197237171017,"CommonName":null,"SourceGlobalID":"{4DC10047-994D-44C3-AC78-CF669B625A81}","Comments":null,"UpdateStatus":"AUTO","UpdateSource":"PMBC"}},{"type":"Feature","geometry":{"type":"Polygon","coordinates":[[[-117.580592,49.087445],[-117.580314,49.087571],[-117.580131,49.086756],[-117.580421,49.086624],[-117.580592,49.087445]]]},"properties":{"GlobalID":"{9A9A8A81-347F-4F5B-8CDF-0F7C11B404EC}","Name":"013713337","PlanID":"{86B7F986-744F-4263-9584-2ED7DA9AB6EC}","PlanNumber":"NEP6857","PIN":null,"PID":13713337,"Designation1":"Lot 1","Designation2":null,"Designation3":null,"ParcelStatus":"ACTIVE","RegionalDistrict":"0019","ParcelClass":"SUBDIVISION","SourceParcelID":null,"GeometrySource":"ICF","IsRemainder":"NO","ParcelStartDate":null,"PositionalError":3.49486683,"LegalDescription":"LOT 1 DISTRICT LOT 8392 KOOTENAY DISTRICT PLAN 6857","CaptureMethod":"UNKNOWN","OwnerType":"PRIVATE","Compiled":1,"CreatedDate":"2016-09-20T23:24:06.000Z","ModifiedDate":"2021-02-11T23:36:41.000Z","StatedArea":null,"ErrorReportedBy":"LSA","Municipality":"0163","OBJECTID":45689,"created_user":"SDE","created_date":"2024-11-12T16:15:31.000Z","last_edited_user":"SDE","last_edited_date":"2026-03-25T16:06:10.000Z","Shape__Area":2069.85547938,"Shape__Length":234.0775721042079,"CommonName":null,"SourceGlobalID":"{DC2041F2-B7BA-4B0D-A813-96F47BBB9722}","Comments":null,"UpdateStatus":"AUTO","UpdateSource":"PMBC"}},{"type":"Feature","geometry":{"type":"Polygon","coordinates":[[[-117.549852,49.108348],[-117.549604,49.108615],[-117.549428,49.108542],[-117.549675,49.108276],[-117.549852,49.108348]]]},"properties":{"GlobalID":"{F7CC2F86-65E4-4D80-8DE5-6941442C1E17}","Name":"014916100","PlanID":"{06789044-E36A-43DF-B7DE-DA9756D528FF}","PlanNumber":"NEP4239","PIN":null,"PID":14916100,"Designation1":"Lot 28","Designation2":null,"Designation3":null,"ParcelStatus":"ACTIVE","RegionalDistrict":"0019","ParcelClass":"SUBDIVISION","SourceParcelID":null,"GeometrySource":"MODIFIED-ICF","IsRemainder":"NO","ParcelStartDate":null,"PositionalError":5.07082485,"LegalDescription":"LOT 28 DISTRICT LOT 1236 KOOTENAY DISTRICT PLAN 4239","CaptureMethod":"UNKNOWN","OwnerType":"PRIVATE","Compiled":1,"CreatedDate":"2016-09-20T23:24:06.000Z","ModifiedDate":"2021-02-11T23:36:41.000Z","StatedArea":null,"ErrorReportedBy":"LSA","Municipality":"0040","OBJECTID":45690,"created_user":"SDE","created_date":"2024-11-12T16:15:31.000Z","last_edited_user":"SDE","last_edited_date":"2026-03-25T16:06:10.000Z","Shape__Area":528.146619035,"Shape__Length":99.86560062577678,"CommonName":null,"SourceGlobalID":"{6BA08E3A-29ED-4163-8C8B-A5FA6E9BE275}","Comments":null,"UpdateStatus":"AUTO","UpdateSource":"PMBC"}},{"type":"Feature","geometry":{"type":"Polygon","coordinates":[[[-117.552326,49.107494],[-117.551981,49.10735],[-117.552156,49.107205],[-117.552504,49.107348],[-117.552326,49.107494]]]},"properties":{"GlobalID":"{17370594-6F89-4108-AB90-054A603938E2}","Name":"008141347","PlanID":"{08CEA011-5EBA-4AF6-AA16-37C652FD0BD5}","PlanNumber":"NEP13739","PIN":null,"PID":8141347,"Designation1":"Lot 4","Designation2":null,"Designation3":null,"ParcelStatus":"ACTIVE","RegionalDistrict":"0019","ParcelClass":"SUBDIVISION","SourceParcelID":null,"GeometrySource":"ICF","IsRemainder":"NO","ParcelStartDate":null,"PositionalError":3.67870412,"LegalDescription":"LOT 4 DISTRICT LOT 1236 KOOTENAY DISTRICT PLAN 13739","CaptureMethod":"UNKNOWN","OwnerType":"PRIVATE","Compiled":1,"CreatedDate":"2016-09-20T23:24:06.000Z","ModifiedDate":"2021-02-11T23:36:41.000Z","StatedArea":null,"ErrorReportedBy":"LSA","Municipality":"0040","OBJECTID":45691,"created_user":"SDE","created_date":"2024-11-12T16:15:31.000Z","last_edited_user":"SDE","last_edited_date":"2026-03-25T16:06:10.000Z","Shape__Area":614.73716469,"Shape__Length":101.17214724014102,"CommonName":null,"SourceGlobalID":"{5EFD0467-8C01-41BA-A15F-FDFEDD57AACB}","Comments":null,"UpdateStatus":"AUTO","UpdateSource":"PMBC"}},{"type":"Feature","geometry":{"type":"Polygon","coordinates":[[[-117.54812,49.109795],[-117.548047,49.109764],[-117.54804,49.109743],[-117.548095,49.109686],[-117.548025,49.109657],[-117.548129,49.109547],[-117.548665,49.109767],[-117.548189,49.109883],[-117.548079,49.109837],[-117.54812,49.109795]]]},"properties":{"GlobalID":"{7F739319-27B8-4A3B-B33C-8B7B61FD47AA}","Name":"024481491","PlanID":"{278C961D-22AC-45E4-9C1C-5560C22D2A77}","PlanNumber":"NES2138","PIN":null,"PID":24481491,"Designation1":"Lot D","Designation2":null,"Designation3":null,"ParcelStatus":"ACTIVE","RegionalDistrict":"0019","ParcelClass":"BARE LAND STRATA","SourceParcelID":null,"GeometrySource":"ICF","IsRemainder":"NO","ParcelStartDate":"1999-04-16T07:00:00.000Z","PositionalError":3.38960713,"LegalDescription":"STRATA LOT D DISTRICT LOT 1236 KOOTENAY DISTRICT STRATA PLAN NES2138 TOGETHER WITH AN INTEREST IN THE COMMON PROPERTY IN PROPORTION TO THE UNIT ENTITLEMENT OF THE STRATA LOT AS SHOWN ON FORM 1","CaptureMethod":"UNKNOWN","OwnerType":"PRIVATE","Compiled":1,"CreatedDate":"2016-09-20T23:24:06.000Z","ModifiedDate":"2021-02-11T23:48:16.000Z","StatedArea":null,"ErrorReportedBy":"LSA","Municipality":"0040","OBJECTID":45692,"created_user":"SDE","created_date":"2024-11-12T16:15:31.000Z","last_edited_user":"SDE","last_edited_date":"2026-03-25T16:06:10.000Z","Shape__Area":883.64979684,"Shape__Length":134.81529885680638,"CommonName":null,"SourceGlobalID":"{C9CDA04C-6D96-4D5F-B026-46F69258A997}","Comments":null,"UpdateStatus":"AUTO","UpdateSource":"PMBC"}},{"type":"Feature","geometry":{"type":"Polygon","coordinates":[[[-117.548245,49.104656],[-117.5478,49.105138],[-117.547556,49.105038],[-117.547985,49.104582],[-117.548245,49.104656]]]},"properties":{"GlobalID":"{A3A5EACF-E6E8-47C3-AE90-EA572C381E52}","Name":"012247006","PlanID":"{7AC8F2A6-0CC0-49CD-BC4F-2D7B1E233D88}","PlanNumber":"NEP4628","PIN":null,"PID":12247006,"Designation1":"Parcel A","Designation2":"Lot 7","Designation3":null,"ParcelStatus":"ACTIVE","RegionalDistrict":"0019","ParcelClass":"SUBDIVISION","SourceParcelID":null,"GeometrySource":"ICF","IsRemainder":"NO","ParcelStartDate":null,"PositionalError":4.13768537,"LegalDescription":"PARCEL A (SEE 168093I) LOT 7 DISTRICT LOT 1236 KOOTENAY DISTRICT PLAN 4628","CaptureMethod":"UNKNOWN","OwnerType":"PRIVATE","Compiled":1,"CreatedDate":"2016-09-20T23:24:06.000Z","ModifiedDate":"2021-02-11T23:36:41.000Z","StatedArea":null,"ErrorReportedBy":"LSA","Municipality":"0163","OBJECTID":45693,"created_user":"SDE","created_date":"2024-11-12T16:15:31.000Z","last_edited_user":"SDE","last_edited_date":"2026-03-25T16:06:10.000Z","Shape__Area":1269.182596045,"Shape__Length":163.98380965368924,"CommonName":null,"SourceGlobalID":"{DFEDE2CF-10E6-4C69-946E-05C60378E9E1}","Comments":null,"UpdateStatus":"AUTO","UpdateSource":"PMBC"}},{"type":"Feature","geometry":{"type":"Polygon","coordinates":[[[-117.54715,49.106869],[-117.547361,49.106956],[-117.547033,49.107299],[-117.546822,49.107212],[-117.54715,49.106869]]]},"properties":{"GlobalID":"{EDA2A025-4875-454A-ABE9-AEC70E5BE4A0}","Name":"015170241","PlanID":"{19C9E8A1-31B1-429D-B009-63E2C1506C29}","PlanNumber":"NEP2665","PIN":null,"PID":15170241,"Designation1":"Lot A","Designation2":null,"Designation3":null,"ParcelStatus":"ACTIVE","RegionalDistrict":"0019","ParcelClass":"SUBDIVISION","SourceParcelID":null,"GeometrySource":"ICF","IsRemainder":"NO","ParcelStartDate":null,"PositionalError":4.67671295,"LegalDescription":"LOT A DISTRICT LOT 1236 KOOTENAY DISTRICT PLAN 2665","CaptureMethod":"UNKNOWN","OwnerType":"PRIVATE","Compiled":1,"CreatedDate":"2016-09-20T23:24:06.000Z","ModifiedDate":"2021-02-11T23:36:41.000Z","StatedArea":null,"ErrorReportedBy":"LSA","Municipality":"0040","OBJECTID":45694,"created_user":"SDE","created_date":"2024-11-12T16:15:31.000Z","last_edited_user":"SDE","last_edited_date":"2026-03-25T16:06:10.000Z","Shape__Area":820.96925465,"Shape__Length":126.52122708799064,"CommonName":null,"SourceGlobalID":"{D562E395-BF81-4DBF-B923-30150E64D520}","Comments":null,"UpdateStatus":"AUTO","UpdateSource":"PMBC"}},{"type":"Feature","geometry":{"type":"Polygon","coordinates":[[[-117.544636,49.114354],[-117.544879,49.114577],[-117.54481,49.114609],[-117.544568,49.114386],[-117.544636,49.114354]]]},"properties":{"GlobalID":"{9B89F8C7-8451-4527-A567-2FF4B1C65CF1}","Name":"016031661","PlanID":"{A5BACF46-A518-44C0-8955-F34899A3BAF8}","PlanNumber":"NEP785C","PIN":null,"PID":16031661,"Designation1":"Lot 2","Designation2":"Block C","Designation3":null,"ParcelStatus":"ACTIVE","RegionalDistrict":"0019","ParcelClass":"SUBDIVISION","SourceParcelID":null,"GeometrySource":"MODIFIED-ICF","IsRemainder":"NO","ParcelStartDate":null,"PositionalError":3.25399347,"LegalDescription":"THAT PART OF LOT 2 BLOCK C DISTRICT LOT 1236 KOOTENAY DISTRICT PLAN 785C LYING NORTHEAST OF A LINE WHICH BISECTS THE NORTHWESTERLY AND SOUTHEASTERLY BOUNDARIES THEREOF","CaptureMethod":"UNKNOWN","OwnerType":"FEDERAL","Compiled":1,"CreatedDate":"2016-09-20T23:24:06.000Z","ModifiedDate":"2021-02-11T23:36:41.000Z","StatedArea":null,"ErrorReportedBy":"LSA","Municipality":"0040","OBJECTID":45695,"created_user":"SDE","created_date":"2024-11-12T16:15:31.000Z","last_edited_user":"SDE","last_edited_date":"2026-03-25T16:06:10.000Z","Shape__Area":187.839884415,"Shape__Length":73.30448277848816,"CommonName":null,"SourceGlobalID":"{86926BEF-CD11-4B88-A4B0-E5102C2336CB}","Comments":null,"UpdateStatus":"AUTO","UpdateSource":"PMBC"}},{"type":"Feature","geometry":{"type":"Polygon","coordinates":[[[-117.548415,49.11085],[-117.548441,49.110822],[-117.548491,49.110768],[-117.548552,49.110703],[-117.548553,49.110779],[-117.548552,49.110902],[-117.548552,49.111048],[-117.548606,49.111082],[-117.54854,49.111153],[-117.548305,49.111408],[-117.548009,49.111287],[-117.548415,49.11085]]]},"properties":{"GlobalID":"{2272F204-409F-455E-99A5-A77FDB7777E0}","Name":"012070912","PlanID":"{93D66FC4-1FE3-4019-A3B9-5D7A2638DCC3}","PlanNumber":"NEP12503","PIN":null,"PID":12070912,"Designation1":"Lot 2","Designation2":null,"Designation3":null,"ParcelStatus":"ACTIVE","RegionalDistrict":"0019","ParcelClass":"SUBDIVISION","SourceParcelID":null,"GeometrySource":"ICF","IsRemainder":"NO","ParcelStartDate":null,"PositionalError":3.50979902,"LegalDescription":"LOT 2 DISTRICT LOT 1236 KOOTENAY DISTRICT PLAN 12503","CaptureMethod":"UNKNOWN","OwnerType":"PRIVATE","Compiled":1,"CreatedDate":"2016-09-20T23:24:06.000Z","ModifiedDate":"2021-02-11T23:48:16.000Z","StatedArea":null,"ErrorReportedBy":"LSA","Municipality":"0040","OBJECTID":45696,"created_user":"SDE","created_date":"2024-11-12T16:15:31.000Z","last_edited_user":"SDE","last_edited_date":"2026-03-25T16:06:10.000Z","Shape__Area":1425.89158943,"Shape__Length":187.54579863548372,"CommonName":null,"SourceGlobalID":"{576A07F3-EA14-4853-B802-C1B9E2DBEAF6}","Comments":null,"UpdateStatus":"AUTO","UpdateSource":"PMBC"}},{"type":"Feature","geometry":{"type":"Polygon","coordinates":[[[-117.544568,49.114386],[-117.54481,49.114609],[-117.544673,49.114673],[-117.544431,49.11445],[-117.544568,49.114386]]]},"properties":{"GlobalID":"{BC52D27D-6827-406F-A2FC-27652D800F65}","Name":"016031652","PlanID":"{A5BACF46-A518-44C0-8955-F34899A3BAF8}","PlanNumber":"NEP785C","PIN":null,"PID":16031652,"Designation1":"Lot 1","Designation2":"Block C","Designation3":null,"ParcelStatus":"ACTIVE","RegionalDistrict":"0019","ParcelClass":"SUBDIVISION","SourceParcelID":null,"GeometrySource":"MODIFIED-ICF","IsRemainder":"NO","ParcelStartDate":null,"PositionalError":3.02438045,"LegalDescription":"LOT 1 BLOCK C DISTRICT LOT 1236 KOOTENAY DISTRICT PLAN 785C","CaptureMethod":"UNKNOWN","OwnerType":"FEDERAL","Compiled":1,"CreatedDate":"2016-09-20T23:24:06.000Z","ModifiedDate":"2021-02-11T23:48:16.000Z","StatedArea":null,"ErrorReportedBy":"LSA","Municipality":"0040","OBJECTID":45697,"created_user":"SDE","created_date":"2024-11-12T16:15:31.000Z","last_edited_user":"SDE","last_edited_date":"2026-03-25T16:06:10.000Z","Shape__Area":373.83008722,"Shape__Length":85.50986400288102,"CommonName":null,"SourceGlobalID":"{9B4AC09E-6931-4661-BF79-7D35D5AE5BE2}","Comments":null,"UpdateStatus":"AUTO","UpdateSource":"PMBC"}},{"type":"Feature","geometry":{"type":"Polygon","coordinates":[[[-117.51696,49.160076],[-117.517041,49.160132],[-117.517121,49.160191],[-117.517238,49.16029],[-117.517292,49.160344],[-117.517331,49.160381],[-117.517367,49.160421],[-117.517425,49.16049],[-117.51748,49.160563],[-117.517511,49.160603],[-117.517538,49.160647],[-117.517565,49.16069],[-117.517589,49.160735],[-117.517625,49.160804],[-117.517656,49.160875],[-117.517683,49.160948],[-117.517706,49.161022],[-117.517724,49.161097],[-117.517735,49.16116],[-117.517741,49.161223],[-117.517722,49.16167],[-117.517708,49.162116],[-117.517705,49.162185],[-117.517708,49.162254],[-117.517716,49.162323],[-117.517728,49.162391],[-117.517746,49.162458],[-117.517768,49.162524],[-117.517795,49.162585],[-117.517825,49.162645],[-117.517858,49.162703],[-117.517881,49.162735],[-117.517902,49.162769],[-117.51795,49.16283],[-117.517976,49.162862],[-117.518004,49.162892],[-117.518032,49.162924],[-117.518064,49.162953],[-117.518117,49.163002],[-117.518171,49.163049],[-117.518208,49.163075],[-117.518243,49.163103],[-117.518268,49.163119],[-117.518184,49.167561],[-117.516561,49.16759],[-117.516631,49.164634],[-117.516633,49.164622],[-117.516808,49.164625],[-117.516739,49.162209],[-117.516745,49.159944],[-117.516765,49.159956],[-117.516821,49.159987],[-117.516892,49.16003],[-117.51696,49.160076]]]},"properties":{"GlobalID":"{E5AB2323-9AD7-4608-AEC9-72220FE80140}","Name":"007256159","PlanID":"{44896A8E-EA60-40CD-95D7-89B2CEC7B21F}","PlanNumber":"NEP17448","PIN":null,"PID":7256159,"Designation1":"Lot 2","Designation2":null,"Designation3":null,"ParcelStatus":"ACTIVE","RegionalDistrict":"0019","ParcelClass":"SUBDIVISION","SourceParcelID":null,"GeometrySource":"ICF","IsRemainder":"NO","ParcelStartDate":null,"PositionalError":7.14982632,"LegalDescription":"LOT 2 DISTRICT LOT 1236 KOOTENAY DISTRICT PLAN 17448","CaptureMethod":"UNKNOWN","OwnerType":"PRIVATE","Compiled":1,"CreatedDate":"2016-09-20T23:24:06.000Z","ModifiedDate":"2021-02-11T23:48:16.000Z","StatedArea":"79182","ErrorReportedBy":"LSA","Municipality":"0163","OBJECTID":45698,"created_user":"SDE","created_date":"2024-11-12T16:15:31.000Z","last_edited_user":"SDE","last_edited_date":"2026-03-25T16:06:10.000Z","Shape__Area":79696.1668914,"Shape__Length":1860.9759523653224,"CommonName":null,"SourceGlobalID":"{25C55B03-BCC4-4455-89B6-EDEF714E2165}","Comments":null,"UpdateStatus":"AUTO","UpdateSource":"PMBC"}},{"type":"Feature","geometry":{"type":"Polygon","coordinates":[[[-117.532265,49.106154],[-117.531508,49.106908],[-117.531204,49.106782],[-117.53122,49.106764],[-117.531942,49.106021],[-117.532265,49.106154]]]},"properties":{"GlobalID":"{7476E2A1-A7C4-4ADD-9826-A2357AA462D4}","Name":"013729951","PlanID":"{E051A820-D014-4AB4-81FE-3E1E35F35225}","PlanNumber":"NEP2721","PIN":null,"PID":13729951,"Designation1":"Lot 11","Designation2":null,"Designation3":null,"ParcelStatus":"ACTIVE","RegionalDistrict":"0019","ParcelClass":"SUBDIVISION","SourceParcelID":null,"GeometrySource":"ICF","IsRemainder":"NO","ParcelStartDate":null,"PositionalError":4.11369595,"LegalDescription":"LOT 11 DISTRICT LOT 1236 KOOTENAY DISTRICT PLAN 2721","CaptureMethod":"UNKNOWN","OwnerType":"PRIVATE","Compiled":1,"CreatedDate":"2016-09-20T23:24:06.000Z","ModifiedDate":"2021-02-11T23:36:41.000Z","StatedArea":null,"ErrorReportedBy":"LSA","Municipality":"0163","OBJECTID":45699,"created_user":"SDE","created_date":"2024-11-12T16:15:31.000Z","last_edited_user":"SDE","last_edited_date":"2026-03-25T16:06:10.000Z","Shape__Area":2716.954616245,"Shape__Length":254.7656972649901,"CommonName":null,"SourceGlobalID":"{76BE837E-B22B-402E-BD22-5517A16BA0BC}","Comments":null,"UpdateStatus":"AUTO","UpdateSource":"PMBC"}},{"type":"Feature","geometry":{"type":"Polygon","coordinates":[[[-117.543397,49.099913],[-117.544378,49.100317],[-117.544396,49.100517],[-117.544421,49.100796],[-117.54448,49.101445],[-117.544189,49.101327],[-117.543939,49.101227],[-117.542348,49.10054],[-117.542456,49.099671],[-117.542592,49.099584],[-117.543397,49.099913]]]},"properties":{"GlobalID":"{A0A62584-4E8D-499D-A49F-23961482F64B}","Name":"017376394","PlanID":"{8E0AD4D5-AD01-41CA-AA2F-056784CAAA9F}","PlanNumber":"NEP19338","PIN":null,"PID":17376394,"Designation1":"Lot B","Designation2":null,"Designation3":null,"ParcelStatus":"ACTIVE","RegionalDistrict":"0019","ParcelClass":"SUBDIVISION","SourceParcelID":null,"GeometrySource":"ICF","IsRemainder":"NO","ParcelStartDate":null,"PositionalError":3.9558064,"LegalDescription":"LOT B DISTRICT LOT 1236 KOOTENAY DISTRICT PLAN NEP19338","CaptureMethod":"UNKNOWN","OwnerType":"PRIVATE","Compiled":1,"CreatedDate":"2016-09-20T23:24:06.000Z","ModifiedDate":"2021-02-11T23:36:41.000Z","StatedArea":null,"ErrorReportedBy":"LSA","Municipality":"0163","OBJECTID":45700,"created_user":"SDE","created_date":"2024-11-12T16:15:31.000Z","last_edited_user":"SDE","last_edited_date":"2026-03-25T16:06:10.000Z","Shape__Area":17588.081469765,"Shape__Length":575.481786656467,"CommonName":null,"SourceGlobalID":"{022B5804-9716-4AE8-9E97-7192936E73EC}","Comments":null,"UpdateStatus":"AUTO","UpdateSource":"PMBC"}},{"type":"Feature","geometry":{"type":"Polygon","coordinates":[[[-117.549216,49.108878],[-117.549023,49.108801],[-117.549268,49.108537],[-117.549459,49.108616],[-117.549649,49.108694],[-117.549407,49.108954],[-117.549216,49.108878]]]},"properties":{"GlobalID":"{3D1C06E9-6CA4-4416-9DC8-79BE29FA434E}","Name":"005339251","PlanID":"{06789044-E36A-43DF-B7DE-DA9756D528FF}","PlanNumber":"NEP4239","PIN":null,"PID":5339251,"Designation1":"Parcel B","Designation2":null,"Designation3":null,"ParcelStatus":"ACTIVE","RegionalDistrict":"0019","ParcelClass":"SUBDIVISION","SourceParcelID":null,"GeometrySource":"ICF","IsRemainder":"NO","ParcelStartDate":null,"PositionalError":5.15136076,"LegalDescription":"PARCEL \"B\" (DD V1886) DISTRICT LOT 1236 KOOTENAY DISTRICT PLAN 4239","CaptureMethod":"UNKNOWN","OwnerType":"PRIVATE","Compiled":1,"CreatedDate":"2016-09-20T23:24:06.000Z","ModifiedDate":"2021-02-11T23:36:41.000Z","StatedArea":null,"ErrorReportedBy":"LSA","Municipality":"0040","OBJECTID":45701,"created_user":"SDE","created_date":"2024-11-12T16:15:31.000Z","last_edited_user":"SDE","last_edited_date":"2026-03-25T16:06:10.000Z","Shape__Area":1118.950500205,"Shape__Length":133.82364671181602,"CommonName":null,"SourceGlobalID":"{7B37F831-AD47-47D8-93C8-E2307BDC838D}","Comments":null,"UpdateStatus":"AUTO","UpdateSource":"PMBC"}},{"type":"Feature","geometry":{"type":"Polygon","coordinates":[[[-117.523772,49.13887],[-117.523772,49.140552],[-117.521929,49.139898],[-117.522194,49.138871],[-117.523772,49.13887]]]},"properties":{"GlobalID":"{05BA76A4-ACEA-49D4-8F4A-E57600AF0262}","Name":"030366046","PlanID":"{70FF5907-A9F0-45F1-ABE2-C48AD4C79B80}","PlanNumber":"EPP73659","PIN":null,"PID":30366046,"Designation1":"Lot 1","Designation2":null,"Designation3":null,"ParcelStatus":"ACTIVE","RegionalDistrict":"0019","ParcelClass":"SUBDIVISION","SourceParcelID":null,"GeometrySource":"SPDS","IsRemainder":null,"ParcelStartDate":"2018-02-05T08:00:00.000Z","PositionalError":0.10550449,"LegalDescription":"LOT 1 DISTRICT LOT 1236 KOOTENAY DISTRICT PLAN EPP73659","CaptureMethod":"SPDS","OwnerType":"PRIVATE","Compiled":0,"CreatedDate":"2018-02-24T18:52:59.000Z","ModifiedDate":"2021-02-11T22:50:53.000Z","StatedArea":"19154","ErrorReportedBy":"LSA","Municipality":"0163","OBJECTID":45702,"created_user":"SDE","created_date":"2024-11-12T16:15:31.000Z","last_edited_user":"SDE","last_edited_date":"2026-03-25T16:06:10.000Z","Shape__Area":19136.25341544,"Shape__Length":570.6920823762683,"CommonName":null,"SourceGlobalID":"{7B78F418-77F2-48BD-AC41-49CAA9C91585}","Comments":null,"UpdateStatus":"AUTO","UpdateSource":"PMBC"}},{"type":"Feature","geometry":{"type":"Polygon","coordinates":[[[-117.582692,49.084886],[-117.582982,49.084779],[-117.582964,49.086146],[-117.582957,49.086628],[-117.582903,49.088072],[-117.581075,49.088069],[-117.582714,49.086541],[-117.582692,49.084886]]]},"properties":{"GlobalID":"{246453A7-3590-401D-9545-71D0F5DE2144}","Name":"015127125","PlanID":"{F0DB3B36-A152-4C45-B118-275779D2B1D7}","PlanNumber":"NO_PLAN","PIN":null,"PID":15127125,"Designation1":"PART 8392","Designation2":null,"Designation3":null,"ParcelStatus":"ACTIVE","RegionalDistrict":"0019","ParcelClass":"SUBDIVISION","SourceParcelID":null,"GeometrySource":"ICF","IsRemainder":"NO","ParcelStartDate":null,"PositionalError":6.33589957,"LegalDescription":"THAT PART OF DISTRICT LOT 8392 KOOTENAY DISTRICT INCLUDED IN REFERENCE PLAN DF10760","CaptureMethod":"UNKNOWN","OwnerType":"CROWN AGENCY","Compiled":1,"CreatedDate":"2016-09-20T23:24:06.000Z","ModifiedDate":"2021-02-11T23:36:41.000Z","StatedArea":null,"ErrorReportedBy":"LSA","Municipality":"0163","OBJECTID":45703,"created_user":"SDE","created_date":"2024-11-12T16:15:31.000Z","last_edited_user":"SDE","last_edited_date":"2026-03-25T16:06:10.000Z","Shape__Area":16601.902737295,"Shape__Length":915.7281503487058,"CommonName":null,"SourceGlobalID":"{6DF69645-F933-4A1D-81B1-65C74D09D676}","Comments":null,"UpdateStatus":"AUTO","UpdateSource":"PMBC"}},{"type":"Feature","geometry":{"type":"Polygon","coordinates":[[[-117.547588,49.109326],[-117.547549,49.109311],[-117.54732,49.109219],[-117.546785,49.109004],[-117.546973,49.108802],[-117.547811,49.10914],[-117.547588,49.109326]]]},"properties":{"GlobalID":"{0D9B7E23-DD17-49B6-BB13-BDBF779A8C99}","Name":"018482660","PlanID":"{77D7B6BA-DB4B-4D0E-AAD3-97BB42038146}","PlanNumber":"NEP20852","PIN":null,"PID":18482660,"Designation1":"Lot A","Designation2":null,"Designation3":null,"ParcelStatus":"ACTIVE","RegionalDistrict":"0019","ParcelClass":"SUBDIVISION","SourceParcelID":null,"GeometrySource":"ICF","IsRemainder":"NO","ParcelStartDate":null,"PositionalError":3.24126439,"LegalDescription":"LOT A DISTRICT LOT 1236 KOOTENAY DISTRICT PLAN NEP20852","CaptureMethod":"UNKNOWN","OwnerType":"PRIVATE","Compiled":1,"CreatedDate":"2016-09-20T23:24:06.000Z","ModifiedDate":"2021-02-11T23:36:41.000Z","StatedArea":null,"ErrorReportedBy":"LSA","Municipality":"0040","OBJECTID":45704,"created_user":"SDE","created_date":"2024-11-12T16:15:31.000Z","last_edited_user":"SDE","last_edited_date":"2026-03-25T16:06:10.000Z","Shape__Area":1840.8964576,"Shape__Length":193.0928836237345,"CommonName":null,"SourceGlobalID":"{7BF69BBB-509E-4EB7-85C4-5635027392A6}","Comments":null,"UpdateStatus":"AUTO","UpdateSource":"PMBC"}},{"type":"Feature","geometry":{"type":"Polygon","coordinates":[[[-117.544746,49.110236],[-117.544592,49.110402],[-117.544443,49.110344],[-117.544368,49.110313],[-117.544658,49.109999],[-117.544711,49.110021],[-117.544879,49.110092],[-117.544746,49.110236]]]},"properties":{"GlobalID":"{E5253021-CCB8-4A52-860B-769DB95BB761}","Name":"012570206","PlanID":"{0C1F59FE-108C-4389-89B6-BC7A1C213BBD}","PlanNumber":"NEP12203","PIN":null,"PID":12570206,"Designation1":"Lot 3","Designation2":null,"Designation3":null,"ParcelStatus":"ACTIVE","RegionalDistrict":"0019","ParcelClass":"SUBDIVISION","SourceParcelID":null,"GeometrySource":"ICF","IsRemainder":"NO","ParcelStartDate":null,"PositionalError":4.00990499,"LegalDescription":"LOT 3 DISTRICT LOT 1236 KOOTENAY DISTRICT PLAN 12203","CaptureMethod":"UNKNOWN","OwnerType":"PRIVATE","Compiled":1,"CreatedDate":"2016-09-20T23:24:06.000Z","ModifiedDate":"2021-02-11T23:48:16.000Z","StatedArea":null,"ErrorReportedBy":"LSA","Municipality":"0040","OBJECTID":45705,"created_user":"SDE","created_date":"2024-11-12T16:15:31.000Z","last_edited_user":"SDE","last_edited_date":"2026-03-25T16:06:10.000Z","Shape__Area":777.40737005,"Shape__Length":119.41090732383032,"CommonName":null,"SourceGlobalID":"{F73518DF-19D5-4431-BECE-2810922E8CBB}","Comments":null,"UpdateStatus":"AUTO","UpdateSource":"PMBC"}},{"type":"Feature","geometry":{"type":"Polygon","coordinates":[[[-117.544879,49.114577],[-117.544636,49.114354],[-117.544705,49.114322],[-117.544948,49.114545],[-117.544879,49.114577]]]},"properties":{"GlobalID":"{9CF9A1CC-4490-4ECA-8570-B2741709BBFA}","Name":"016045351","PlanID":"{A5BACF46-A518-44C0-8955-F34899A3BAF8}","PlanNumber":"NEP785C","PIN":null,"PID":16045351,"Designation1":"Lot 2","Designation2":"Block C","Designation3":null,"ParcelStatus":"ACTIVE","RegionalDistrict":"0019","ParcelClass":"SUBDIVISION","SourceParcelID":null,"GeometrySource":"MODIFIED-ICF","IsRemainder":"NO","ParcelStartDate":null,"PositionalError":3.41433092,"LegalDescription":"THAT PART OF LOT 2 BLOCK C DISTRICT LOT 1236 KOOTENAY DISTRICT PLAN 785C LYING SOUTHWEST OF A LINE WHICH BISECTS THE NORTHWESTERLY AND SOUTHEASTERLY BOUNDARIES THEREOF","CaptureMethod":"UNKNOWN","OwnerType":"PRIVATE","Compiled":1,"CreatedDate":"2016-09-20T23:24:06.000Z","ModifiedDate":"2021-02-11T23:48:16.000Z","StatedArea":null,"ErrorReportedBy":"LSA","Municipality":"0040","OBJECTID":45706,"created_user":"SDE","created_date":"2024-11-12T16:15:31.000Z","last_edited_user":"SDE","last_edited_date":"2026-03-25T16:06:10.000Z","Shape__Area":187.801331355,"Shape__Length":73.29986139061886,"CommonName":null,"SourceGlobalID":"{908A1FEE-1747-4E53-88DC-7E2D3631D573}","Comments":null,"UpdateStatus":"AUTO","UpdateSource":"PMBC"}},{"type":"Feature","geometry":{"type":"Polygon","coordinates":[[[-117.548699,49.103963],[-117.54871,49.103939],[-117.548726,49.103916],[-117.548746,49.103897],[-117.548768,49.103881],[-117.548793,49.103869],[-117.548819,49.103861],[-117.548887,49.103844],[-117.549176,49.10396],[-117.549109,49.103984],[-117.549091,49.104018],[-117.549067,49.104049],[-117.549038,49.104075],[-117.549006,49.104096],[-117.54897,49.104112],[-117.548932,49.104122],[-117.548893,49.104125],[-117.548855,49.104122],[-117.548817,49.104112],[-117.548781,49.104097],[-117.548749,49.104075],[-117.54872,49.104049],[-117.548711,49.104037],[-117.548704,49.104023],[-117.548699,49.104009],[-117.548697,49.103994],[-117.548696,49.103978],[-117.548699,49.103963]]]},"properties":{"GlobalID":"{74C3E1E2-8FAB-471C-8787-06E641B5A81D}","Name":"Road","PlanID":"{46EEB10E-E212-4EFC-93CD-3D55E22BA66E}","PlanNumber":"NEP20328","PIN":null,"PID":null,"Designation1":null,"Designation2":null,"Designation3":null,"ParcelStatus":"ACTIVE","RegionalDistrict":"0019","ParcelClass":"ROAD","SourceParcelID":"7075544000","GeometrySource":"MODIFIED-ICF","IsRemainder":"NO","ParcelStartDate":null,"PositionalError":3.2767777,"LegalDescription":null,"CaptureMethod":"UNKNOWN","OwnerType":"CROWN PROVINCIAL","Compiled":0,"CreatedDate":"2017-10-26T16:43:19.000Z","ModifiedDate":"2025-10-07T18:11:56.000Z","StatedArea":null,"ErrorReportedBy":"LSA","Municipality":"0163","OBJECTID":45707,"created_user":"SDE","created_date":"2024-11-12T16:15:31.000Z","last_edited_user":"SDE","last_edited_date":"2026-03-25T16:06:10.000Z","Shape__Area":705.57539689,"Shape__Length":100.4954035197175,"CommonName":null,"SourceGlobalID":"{02559741-6DBC-485C-8D37-AAAB96562334}","Comments":null,"UpdateStatus":"AUTO","UpdateSource":"PMBC"}},{"type":"Feature","geometry":{"type":"Polygon","coordinates":[[[-117.553511,49.101895],[-117.553274,49.102131],[-117.55299,49.102017],[-117.553224,49.101776],[-117.55334,49.101824],[-117.553511,49.101895]]]},"properties":{"GlobalID":"{A8A876B0-DEA7-44A1-866D-92B99B5AD0FF}","Name":"012546348","PlanID":"{BF64E0CE-811C-431B-8233-2D5AAA99C20A}","PlanNumber":"NEP10566","PIN":null,"PID":12546348,"Designation1":"Lot 7","Designation2":null,"Designation3":null,"ParcelStatus":"ACTIVE","RegionalDistrict":"0019","ParcelClass":"SUBDIVISION","SourceParcelID":null,"GeometrySource":"MODIFIED-ICF","IsRemainder":"NO","ParcelStartDate":null,"PositionalError":4.51196928,"LegalDescription":"LOT 7 DISTRICT LOT 1236 KOOTENAY DISTRICT PLAN 10566","CaptureMethod":"UNKNOWN","OwnerType":"PRIVATE","Compiled":1,"CreatedDate":"2016-09-20T23:24:06.000Z","ModifiedDate":"2021-02-11T23:36:41.000Z","StatedArea":null,"ErrorReportedBy":"LSA","Municipality":"0040","OBJECTID":45708,"created_user":"SDE","created_date":"2024-11-12T16:15:31.000Z","last_edited_user":"SDE","last_edited_date":"2026-03-25T16:06:10.000Z","Shape__Area":775.685488085,"Shape__Length":112.31428660153374,"CommonName":null,"SourceGlobalID":"{31D101BA-C8CD-4C20-A941-540DA2D65296}","Comments":null,"UpdateStatus":"AUTO","UpdateSource":"PMBC"}},{"type":"Feature","geometry":{"type":"Polygon","coordinates":[[[-117.549516,49.105841],[-117.549144,49.105688],[-117.5493,49.105528],[-117.549668,49.10568],[-117.549516,49.105841]]]},"properties":{"GlobalID":"{09741D39-4A3F-4C3C-B262-4EDD08AA8E6C}","Name":"014972468","PlanID":"{7AC8F2A6-0CC0-49CD-BC4F-2D7B1E233D88}","PlanNumber":"NEP4628","PIN":null,"PID":14972468,"Designation1":"Lot 1","Designation2":null,"Designation3":null,"ParcelStatus":"ACTIVE","RegionalDistrict":"0019","ParcelClass":"SUBDIVISION","SourceParcelID":null,"GeometrySource":"ICF","IsRemainder":"NO","ParcelStartDate":null,"PositionalError":4.0072123,"LegalDescription":"LOT 1 DISTRICT LOT 1236 KOOTENAY DISTRICT PLAN 4628","CaptureMethod":"UNKNOWN","OwnerType":"PRIVATE","Compiled":1,"CreatedDate":"2016-09-20T23:24:06.000Z","ModifiedDate":"2021-02-11T23:36:41.000Z","StatedArea":null,"ErrorReportedBy":"LSA","Municipality":"0163","OBJECTID":45709,"created_user":"SDE","created_date":"2024-11-12T16:15:31.000Z","last_edited_user":"SDE","last_edited_date":"2026-03-25T16:06:10.000Z","Shape__Area":671.830014255,"Shape__Length":105.91875355228535,"CommonName":null,"SourceGlobalID":"{FDE18FB4-8B08-49B9-A29D-26B4B47D25BF}","Comments":null,"UpdateStatus":"AUTO","UpdateSource":"PMBC"}},{"type":"Feature","geometry":{"type":"Polygon","coordinates":[[[-117.547351,49.10743],[-117.547679,49.107086],[-117.547914,49.107182],[-117.547594,49.107528],[-117.547351,49.10743]]]},"properties":{"GlobalID":"{5A587471-DE45-45E3-9096-7A2641FCD6D2}","Name":"027116581","PlanID":"{70B3FD10-A520-4F5F-9658-A217B465A915}","PlanNumber":"NEP84260","PIN":null,"PID":27116581,"Designation1":"Lot 2","Designation2":null,"Designation3":null,"ParcelStatus":"ACTIVE","RegionalDistrict":"0019","ParcelClass":"SUBDIVISION","SourceParcelID":null,"GeometrySource":"ICF","IsRemainder":"NO","ParcelStartDate":"2007-07-13T07:00:00.000Z","PositionalError":4.6375544,"LegalDescription":"LOT 2 DISTRICT LOT 1236 KOOTENAY DISTRICT PLAN NEP84260","CaptureMethod":"UNKNOWN","OwnerType":"PRIVATE","Compiled":1,"CreatedDate":"2016-09-20T23:24:06.000Z","ModifiedDate":"2025-07-16T17:14:34.000Z","StatedArea":null,"ErrorReportedBy":"LSA","Municipality":"0040","OBJECTID":45710,"created_user":"SDE","created_date":"2024-11-12T16:15:31.000Z","last_edited_user":"SDE","last_edited_date":"2026-03-25T16:06:10.000Z","Shape__Area":924.16123957,"Shape__Length":131.08817999993545,"CommonName":null,"SourceGlobalID":"{5436CDBA-7373-4480-B6DB-5BC58C351E15}","Comments":null,"UpdateStatus":"AUTO","UpdateSource":"PMBC"}},{"type":"Feature","geometry":{"type":"Polygon","coordinates":[[[-117.543411,49.11663],[-117.543419,49.116627],[-117.54342,49.116626],[-117.543557,49.11656],[-117.543558,49.116559],[-117.543578,49.11655],[-117.543579,49.116549],[-117.543629,49.116525],[-117.544,49.116856],[-117.543913,49.116897],[-117.543857,49.116924],[-117.543801,49.116924],[-117.543801,49.116924],[-117.543738,49.116923],[-117.543697,49.116886],[-117.543696,49.116886],[-117.543417,49.116636],[-117.543416,49.116635],[-117.543411,49.11663]]]},"properties":{"GlobalID":"{EDCDA2AE-8117-417D-9729-CE0163EFE341}","Name":"008804541","PlanID":"{63D3CAE5-3000-403D-975A-00B00390980D}","PlanNumber":"NEP16372","PIN":null,"PID":8804541,"Designation1":"Lot A","Designation2":null,"Designation3":null,"ParcelStatus":"ACTIVE","RegionalDistrict":"0019","ParcelClass":"SUBDIVISION","SourceParcelID":null,"GeometrySource":"ICF","IsRemainder":"NO","ParcelStartDate":"1998-02-05T08:00:00.000Z","PositionalError":0.8273,"LegalDescription":"LOT A DISTRICT LOT 1236 KOOTENAY DISTRICT PLAN 16372","CaptureMethod":"UNKNOWN","OwnerType":"PRIVATE","Compiled":1,"CreatedDate":"2016-09-20T23:24:06.000Z","ModifiedDate":"2025-10-07T18:11:56.000Z","StatedArea":null,"ErrorReportedBy":"PMBC-OPERATIONS","Municipality":"0040","OBJECTID":45711,"created_user":"SDE","created_date":"2024-11-12T16:15:31.000Z","last_edited_user":"SDE","last_edited_date":"2026-03-25T16:06:10.000Z","Shape__Area":886.42803577,"Shape__Length":127.47187305081792,"CommonName":null,"SourceGlobalID":"{383823EE-0EFC-4CDF-B63A-772B565A516C}","Comments":null,"UpdateStatus":"AUTO","UpdateSource":"PMBC"}},{"type":"Feature","geometry":{"type":"Polygon","coordinates":[[[-117.546917,49.116186],[-117.547116,49.116093],[-117.54735,49.116325],[-117.547151,49.116418],[-117.546917,49.116186]]]},"properties":{"GlobalID":"{FB7E83F1-5BA7-4BF4-9E40-AE36493DB870}","Name":"015242188","PlanID":"{6E15A961-0906-48A5-A387-025D7FE00366}","PlanNumber":"NEP2483","PIN":null,"PID":15242188,"Designation1":"Lot 3","Designation2":null,"Designation3":null,"ParcelStatus":"ACTIVE","RegionalDistrict":"0019","ParcelClass":"SUBDIVISION","SourceParcelID":null,"GeometrySource":"ICF","IsRemainder":"NO","ParcelStartDate":null,"PositionalError":3.4982312,"LegalDescription":"LOT 3 DISTRICT LOT 1236 KOOTENAY DISTRICT PLAN 2483","CaptureMethod":"UNKNOWN","OwnerType":"PRIVATE","Compiled":1,"CreatedDate":"2016-09-20T23:24:06.000Z","ModifiedDate":"2025-10-07T18:11:56.000Z","StatedArea":null,"ErrorReportedBy":"LSA","Municipality":"0040","OBJECTID":45712,"created_user":"SDE","created_date":"2024-11-12T16:15:31.000Z","last_edited_user":"SDE","last_edited_date":"2026-03-25T16:06:10.000Z","Shape__Area":551.037557805,"Shape__Length":97.53616369129784,"CommonName":null,"SourceGlobalID":"{11190344-9374-4394-AF6E-A88D26A2BADD}","Comments":null,"UpdateStatus":"AUTO","UpdateSource":"PMBC"}},{"type":"Feature","geometry":{"type":"Polygon","coordinates":[[[-117.548455,49.107243],[-117.548682,49.107336],[-117.548453,49.107584],[-117.548229,49.107492],[-117.548455,49.107243]]]},"properties":{"GlobalID":"{8E86A568-994A-4798-9B42-8F83680275C8}","Name":"013369547","PlanID":"{D0DD864A-E991-48DB-9AB7-49E56E31B295}","PlanNumber":"NEP8197","PIN":null,"PID":13369547,"Designation1":"Lot 2","Designation2":null,"Designation3":null,"ParcelStatus":"ACTIVE","RegionalDistrict":"0019","ParcelClass":"SUBDIVISION","SourceParcelID":null,"GeometrySource":"ICF","IsRemainder":"NO","ParcelStartDate":null,"PositionalError":2.0508307,"LegalDescription":"LOT 2 DISTRICT LOT 1236 KOOTENAY DISTRICT PLAN 8197","CaptureMethod":"UNKNOWN","OwnerType":"PRIVATE","Compiled":1,"CreatedDate":"2016-09-20T23:24:06.000Z","ModifiedDate":"2025-06-03T21:30:27.000Z","StatedArea":null,"ErrorReportedBy":"LSA","Municipality":"0040","OBJECTID":45713,"created_user":"SDE","created_date":"2024-11-12T16:15:31.000Z","last_edited_user":"SDE","last_edited_date":"2026-03-25T16:06:10.000Z","Shape__Area":624.03971025,"Shape__Length":103.17438899766533,"CommonName":null,"SourceGlobalID":"{DCE07474-6C8C-4439-A487-BD6F6217AC64}","Comments":null,"UpdateStatus":"AUTO","UpdateSource":"PMBC"}},{"type":"Feature","geometry":{"type":"Polygon","coordinates":[[[-117.550062,49.107831],[-117.549894,49.107763],[-117.550129,49.10751],[-117.550297,49.107578],[-117.550062,49.107831]]]},"properties":{"GlobalID":"{E4C45A06-75A3-4C23-B8C1-CC903D2109E0}","Name":"013289268","PlanID":"{06789044-E36A-43DF-B7DE-DA9756D528FF}","PlanNumber":"NEP4239","PIN":null,"PID":13289268,"Designation1":"Lot 51","Designation2":null,"Designation3":null,"ParcelStatus":"ACTIVE","RegionalDistrict":"0019","ParcelClass":"SUBDIVISION","SourceParcelID":null,"GeometrySource":"ICF","IsRemainder":"NO","ParcelStartDate":null,"PositionalError":3.86792679,"LegalDescription":"LOT 51 DISTRICT LOT 1236 KOOTENAY DISTRICT PLAN 4239","CaptureMethod":"UNKNOWN","OwnerType":"PRIVATE","Compiled":1,"CreatedDate":"2016-09-20T23:24:06.000Z","ModifiedDate":"2021-02-11T23:36:41.000Z","StatedArea":null,"ErrorReportedBy":"LSA","Municipality":"0040","OBJECTID":45714,"created_user":"SDE","created_date":"2024-11-12T16:15:31.000Z","last_edited_user":"SDE","last_edited_date":"2026-03-25T16:06:10.000Z","Shape__Area":475.703433635,"Shape__Length":94.8168306791773,"CommonName":null,"SourceGlobalID":"{952D0D11-1A7E-4892-88AC-A84C9B9ACAEE}","Comments":null,"UpdateStatus":"AUTO","UpdateSource":"PMBC"}},{"type":"Feature","geometry":{"type":"Polygon","coordinates":[[[-117.51551,49.148041],[-117.515664,49.14582],[-117.517867,49.145818],[-117.517178,49.148037],[-117.51551,49.148041]]]},"properties":{"GlobalID":"{C97665C5-BD31-4256-BFC2-23F4DC5C17FE}","Name":"015859584","PlanID":"{481DDE8D-BDE6-47E7-83E8-8E6254A2EF52}","PlanNumber":"NEP1258","PIN":null,"PID":15859584,"Designation1":"Lot 3","Designation2":null,"Designation3":null,"ParcelStatus":"ACTIVE","RegionalDistrict":"0019","ParcelClass":"SUBDIVISION","SourceParcelID":null,"GeometrySource":"ICF","IsRemainder":"NO","ParcelStartDate":null,"PositionalError":9.7964958,"LegalDescription":"THAT PART OF LOT 3 DISTRICT LOT 1236 KOOTENAY DISTRICT PLAN 1258 LYING WEST OF A LINE PARALLEL TO AND 6.36 CHAINS DISTANT FROM THE EASTERLY BOUNDARY THEREOF","CaptureMethod":"UNKNOWN","OwnerType":"PRIVATE","Compiled":1,"CreatedDate":"2016-09-20T23:24:06.000Z","ModifiedDate":"2021-02-11T23:48:16.000Z","StatedArea":null,"ErrorReportedBy":"LSA","Municipality":"0163","OBJECTID":45715,"created_user":"SDE","created_date":"2024-11-12T16:15:31.000Z","last_edited_user":"SDE","last_edited_date":"2026-03-25T16:06:10.000Z","Shape__Area":34819.209264135,"Shape__Length":781.0924258283455,"CommonName":null,"SourceGlobalID":"{899D5A77-5BA2-4B33-87EC-38E042F9420A}","Comments":null,"UpdateStatus":"AUTO","UpdateSource":"PMBC"}},{"type":"Feature","geometry":{"type":"Polygon","coordinates":[[[-117.547139,49.114841],[-117.547261,49.114784],[-117.547343,49.114746],[-117.547368,49.114766],[-117.547691,49.115059],[-117.547502,49.115149],[-117.547488,49.115156],[-117.547139,49.114841]]]},"properties":{"GlobalID":"{3C5CDB49-2B57-481D-BF33-C3F1A05D7E78}","Name":"016045840","PlanID":"{A5BACF46-A518-44C0-8955-F34899A3BAF8}","PlanNumber":"NEP785C","PIN":null,"PID":16045840,"Designation1":"Lot 10","Designation2":"Block J","Designation3":null,"ParcelStatus":"ACTIVE","RegionalDistrict":"0019","ParcelClass":"SUBDIVISION","SourceParcelID":null,"GeometrySource":"MODIFIED-ICF","IsRemainder":"NO","ParcelStartDate":null,"PositionalError":3.42387773,"LegalDescription":"LOT 10 BLOCK J DISTRICT LOT 1236 KOOTENAY DISTRICT PLAN 785C","CaptureMethod":"UNKNOWN","OwnerType":"PRIVATE","Compiled":1,"CreatedDate":"2016-09-20T23:24:06.000Z","ModifiedDate":"2021-02-11T23:36:41.000Z","StatedArea":null,"ErrorReportedBy":"LSA","Municipality":"0040","OBJECTID":45716,"created_user":"SDE","created_date":"2024-11-12T16:15:31.000Z","last_edited_user":"SDE","last_edited_date":"2026-03-25T16:06:10.000Z","Shape__Area":793.068112995,"Shape__Length":122.98013444518551,"CommonName":null,"SourceGlobalID":"{69039688-8AEF-49A0-85F8-5D0B48C7897A}","Comments":null,"UpdateStatus":"AUTO","UpdateSource":"PMBC"}},{"type":"Feature","geometry":{"type":"Polygon","coordinates":[[[-117.554582,49.10987],[-117.554747,49.109716],[-117.555452,49.109996],[-117.55527,49.110156],[-117.554582,49.10987]]]},"properties":{"GlobalID":"{3FFC9667-CFD2-4C17-BAEC-7A1BAA21AAAA}","Name":"019101945","PlanID":"{7D911CF4-B56A-455F-A504-59BDFDB98476}","PlanNumber":"NEP21888","PIN":null,"PID":19101945,"Designation1":"Lot B","Designation2":null,"Designation3":null,"ParcelStatus":"ACTIVE","RegionalDistrict":"0019","ParcelClass":"SUBDIVISION","SourceParcelID":null,"GeometrySource":"ICF","IsRemainder":"NO","ParcelStartDate":null,"PositionalError":2.46821757,"LegalDescription":"LOT B DISTRICT LOT 1236 KOOTENAY DISTRICT PLAN NEP21888","CaptureMethod":"UNKNOWN","OwnerType":"PRIVATE","Compiled":1,"CreatedDate":"2016-09-20T23:24:06.000Z","ModifiedDate":"2021-02-11T23:48:16.000Z","StatedArea":null,"ErrorReportedBy":"LSA","Municipality":"0040","OBJECTID":45717,"created_user":"SDE","created_date":"2024-11-12T16:15:31.000Z","last_edited_user":"SDE","last_edited_date":"2026-03-25T16:06:10.000Z","Shape__Area":1283.21896409,"Shape__Length":162.61780467357812,"CommonName":null,"SourceGlobalID":"{7FEEC6DA-70E9-426D-8315-C7355DEBEEAF}","Comments":null,"UpdateStatus":"AUTO","UpdateSource":"PMBC"}},{"type":"Feature","geometry":{"type":"MultiPolygon","coordinates":[[[[-117.521739,49.14285],[-117.525577,49.142873],[-117.525565,49.143465],[-117.521707,49.143454],[-117.521739,49.14285]]],[[[-117.519464,49.143443],[-117.519655,49.142835],[-117.521475,49.142853],[-117.521441,49.143455],[-117.519464,49.143443]]]]},"properties":{"GlobalID":"{74664A11-C53D-4218-92F5-D5168136776A}","Name":"014072963","PlanID":"{14917000-975D-4062-BF9B-83C009C5BC3A}","PlanNumber":"NEP6861","PIN":null,"PID":14072963,"Designation1":"Lot 5","Designation2":null,"Designation3":null,"ParcelStatus":"ACTIVE","RegionalDistrict":"0019","ParcelClass":"SUBDIVISION","SourceParcelID":null,"GeometrySource":"MODIFIED-ICF","IsRemainder":"NO","ParcelStartDate":null,"PositionalError":6.54690855,"LegalDescription":"LOT 5 DISTRICT LOT 1236 KOOTENAY DISTRICT PLAN 6861","CaptureMethod":"UNKNOWN","OwnerType":"PRIVATE","Compiled":1,"CreatedDate":"2016-09-20T23:24:06.000Z","ModifiedDate":"2021-02-11T23:48:16.000Z","StatedArea":null,"ErrorReportedBy":"LSA","Municipality":"0163","OBJECTID":45718,"created_user":"SDE","created_date":"2024-11-12T16:15:31.000Z","last_edited_user":"SDE","last_edited_date":"2026-03-25T16:06:10.000Z","Shape__Area":28012.75455058,"Shape__Length":1107.4952877944634,"CommonName":null,"SourceGlobalID":"{BE5BDB29-4F9C-4C2F-AE28-9D6C1F81922C}","Comments":null,"UpdateStatus":"AUTO","UpdateSource":"PMBC"}},{"type":"Feature","geometry":{"type":"Polygon","coordinates":[[[-117.544225,49.109817],[-117.544161,49.10979],[-117.544426,49.109526],[-117.544543,49.109577],[-117.544601,49.109599],[-117.544342,49.109867],[-117.544225,49.109817]]]},"properties":{"GlobalID":"{BAE5016B-800F-4B5F-9528-C027178C1014}","Name":"015418502","PlanID":"{CE97DD94-56A5-4702-BDD2-F99E8ECB3BFB}","PlanNumber":"NEP2176","PIN":null,"PID":15418502,"Designation1":"Lot 14","Designation2":null,"Designation3":null,"ParcelStatus":"ACTIVE","RegionalDistrict":"0019","ParcelClass":"SUBDIVISION","SourceParcelID":null,"GeometrySource":"ICF","IsRemainder":"NO","ParcelStartDate":null,"PositionalError":3.66989168,"LegalDescription":"LOT 14 DISTRICT LOT 1236 KOOTENAY DISTRICT PLAN 2176","CaptureMethod":"UNKNOWN","OwnerType":"PRIVATE","Compiled":1,"CreatedDate":"2016-09-20T23:24:06.000Z","ModifiedDate":"2021-02-11T23:36:41.000Z","StatedArea":null,"ErrorReportedBy":"LSA","Municipality":"0040","OBJECTID":45719,"created_user":"SDE","created_date":"2024-11-12T16:15:31.000Z","last_edited_user":"SDE","last_edited_date":"2026-03-25T16:06:10.000Z","Shape__Area":540.762825025,"Shape__Length":101.17077717867852,"CommonName":null,"SourceGlobalID":"{7F02CE3D-47E0-41CF-9385-AD1056EB8091}","Comments":null,"UpdateStatus":"AUTO","UpdateSource":"PMBC"}},{"type":"Feature","geometry":{"type":"Polygon","coordinates":[[[-117.528757,49.112068],[-117.528611,49.111943],[-117.529011,49.11175],[-117.529289,49.111615],[-117.529433,49.111739],[-117.531038,49.113116],[-117.531909,49.113866],[-117.53171,49.113962],[-117.531237,49.114187],[-117.528757,49.112068]]]},"properties":{"GlobalID":"{6B21A03C-EEE7-4A9C-9327-5281576C5666}","Name":"012896942","PlanID":"{CC532B12-89E0-4042-9639-1D6BF1BD593D}","PlanNumber":"NEP10745","PIN":null,"PID":12896942,"Designation1":"Lot 1","Designation2":null,"Designation3":null,"ParcelStatus":"ACTIVE","RegionalDistrict":"0019","ParcelClass":"SUBDIVISION","SourceParcelID":null,"GeometrySource":"ICF","IsRemainder":"NO","ParcelStartDate":null,"PositionalError":4.1860829,"LegalDescription":"LOT 1 DISTRICT LOT 1236 KOOTENAY DISTRICT PLAN 10745","CaptureMethod":"UNKNOWN","OwnerType":"PRIVATE","Compiled":1,"CreatedDate":"2016-09-20T23:24:06.000Z","ModifiedDate":"2025-10-07T18:11:56.000Z","StatedArea":null,"ErrorReportedBy":"LSA","Municipality":"0163","OBJECTID":45720,"created_user":"SDE","created_date":"2024-11-12T16:15:31.000Z","last_edited_user":"SDE","last_edited_date":"2026-03-25T16:06:10.000Z","Shape__Area":19242.418404735,"Shape__Length":751.681907289202,"CommonName":null,"SourceGlobalID":"{39B29994-D3AE-40F7-AABC-27625F357A5B}","Comments":null,"UpdateStatus":"AUTO","UpdateSource":"PMBC"}},{"type":"Feature","geometry":{"type":"Polygon","coordinates":[[[-117.546301,49.11079],[-117.546082,49.111018],[-117.545873,49.110933],[-117.546088,49.110706],[-117.546286,49.110786],[-117.546301,49.11079]]]},"properties":{"GlobalID":"{14563A2C-60E0-4728-B99E-392ED9301F7F}","Name":"011449454","PlanID":"{6A0880EC-7521-4E3A-8E40-9A97E13FD09B}","PlanNumber":"NEP2881","PIN":null,"PID":11449454,"Designation1":"Lot 7","Designation2":null,"Designation3":null,"ParcelStatus":"ACTIVE","RegionalDistrict":"0019","ParcelClass":"SUBDIVISION","SourceParcelID":null,"GeometrySource":"MODIFIED-ICF","IsRemainder":"NO","ParcelStartDate":null,"PositionalError":5.37460924,"LegalDescription":"LOT 7 DISTRICT LOT 1236 KOOTENAY DISTRICT PLAN 2881","CaptureMethod":"UNKNOWN","OwnerType":"PRIVATE","Compiled":1,"CreatedDate":"2016-09-20T23:24:06.000Z","ModifiedDate":"2021-02-11T23:48:16.000Z","StatedArea":null,"ErrorReportedBy":"LSA","Municipality":"0040","OBJECTID":45721,"created_user":"SDE","created_date":"2024-11-12T16:15:31.000Z","last_edited_user":"SDE","last_edited_date":"2026-03-25T16:06:10.000Z","Shape__Area":537.676348575,"Shape__Length":95.81566374397234,"CommonName":null,"SourceGlobalID":"{9C50D5A5-A8E0-4F71-B564-BA1E63E6BDC7}","Comments":null,"UpdateStatus":"AUTO","UpdateSource":"PMBC"}},{"type":"Feature","geometry":{"type":"Polygon","coordinates":[[[-117.548335,49.118241],[-117.548038,49.118239],[-117.548039,49.117955],[-117.548343,49.117957],[-117.548335,49.118241]]]},"properties":{"GlobalID":"{157C72A4-0ADC-48C5-BA28-FB5E86D50275}","Name":"010643222","PlanID":"{519ED3C5-0FC8-40B0-97A6-57018F4322D3}","PlanNumber":"NEP12953","PIN":null,"PID":10643222,"Designation1":"Lot 18","Designation2":null,"Designation3":null,"ParcelStatus":"ACTIVE","RegionalDistrict":"0019","ParcelClass":"SUBDIVISION","SourceParcelID":null,"GeometrySource":"ICF","IsRemainder":"NO","ParcelStartDate":null,"PositionalError":4.33229342,"LegalDescription":"LOT 18 DISTRICT LOT 1236 KOOTENAY DISTRICT PLAN 12953","CaptureMethod":"UNKNOWN","OwnerType":"PRIVATE","Compiled":1,"CreatedDate":"2016-09-20T23:24:06.000Z","ModifiedDate":"2021-02-11T23:36:41.000Z","StatedArea":null,"ErrorReportedBy":"LSA","Municipality":"0040","OBJECTID":45722,"created_user":"SDE","created_date":"2024-11-12T16:15:31.000Z","last_edited_user":"SDE","last_edited_date":"2026-03-25T16:06:10.000Z","Shape__Area":693.475081725,"Shape__Length":107.08517490435298,"CommonName":null,"SourceGlobalID":"{77720679-F751-44B6-84D0-53A6D5F793A6}","Comments":null,"UpdateStatus":"AUTO","UpdateSource":"PMBC"}},{"type":"Feature","geometry":{"type":"Polygon","coordinates":[[[-117.546665,49.105933],[-117.547364,49.105195],[-117.547411,49.105214],[-117.547895,49.105414],[-117.547195,49.106151],[-117.546665,49.105933]]]},"properties":{"GlobalID":"{7EF8CBC7-0728-48FA-BC92-1C699C1175DB}","Name":"018637442","PlanID":"{C50A2D1D-D69E-4D20-8697-880A0CAF8DDD}","PlanNumber":"NEP21075","PIN":null,"PID":18637442,"Designation1":"Lot A","Designation2":null,"Designation3":null,"ParcelStatus":"ACTIVE","RegionalDistrict":"0019","ParcelClass":"SUBDIVISION","SourceParcelID":null,"GeometrySource":"ICF","IsRemainder":"NO","ParcelStartDate":null,"PositionalError":2.41093671,"LegalDescription":"LOT A DISTRICT LOT 1236 KOOTENAY DISTRICT PLAN NEP21075","CaptureMethod":"UNKNOWN","OwnerType":"PRIVATE","Compiled":1,"CreatedDate":"2016-09-20T23:24:06.000Z","ModifiedDate":"2021-02-11T23:36:41.000Z","StatedArea":null,"ErrorReportedBy":"LSA","Municipality":"0040","OBJECTID":45723,"created_user":"SDE","created_date":"2024-11-12T16:15:31.000Z","last_edited_user":"SDE","last_edited_date":"2026-03-25T16:06:10.000Z","Shape__Area":4421.71658814,"Shape__Length":284.81333826019244,"CommonName":null,"SourceGlobalID":"{2125C6E3-63C3-4232-96A7-BB4BC23ADE22}","Comments":null,"UpdateStatus":"AUTO","UpdateSource":"PMBC"}},{"type":"Feature","geometry":{"type":"Polygon","coordinates":[[[-117.548623,49.107066],[-117.548735,49.106947],[-117.54905,49.107074],[-117.548936,49.107197],[-117.548817,49.107325],[-117.5485,49.107197],[-117.548623,49.107066]]]},"properties":{"GlobalID":"{DDE9C15A-C7D3-4858-9ECC-A4BC20C289F4}","Name":"030273871","PlanID":"{06789044-E36A-43DF-B7DE-DA9756D528FF}","PlanNumber":"NEP4239","PIN":null,"PID":30273871,"Designation1":"Parcel D","Designation2":null,"Designation3":null,"ParcelStatus":"ACTIVE","RegionalDistrict":"0019","ParcelClass":"SUBDIVISION","SourceParcelID":null,"GeometrySource":"MODIFIED-ICF","IsRemainder":"NO","ParcelStartDate":"2017-10-20T07:00:00.000Z","PositionalError":1.36299072,"LegalDescription":"PARCEL D (BEING A CONSOLIDATION OF LOTS 43 AND 44, SEE CA6359016) DISTRICT LOT 1236 KOOTENAY DISTRICT PLAN 4239","CaptureMethod":"UNKNOWN","OwnerType":"PRIVATE","Compiled":0,"CreatedDate":"2018-02-27T17:58:53.000Z","ModifiedDate":"2021-02-11T23:48:16.000Z","StatedArea":"884.4","ErrorReportedBy":"LSA","Municipality":"0040","OBJECTID":45724,"created_user":"SDE","created_date":"2024-11-12T16:15:31.000Z","last_edited_user":"SDE","last_edited_date":"2026-03-25T16:06:10.000Z","Shape__Area":885.090113525,"Shape__Length":119.58868263532948,"CommonName":null,"SourceGlobalID":"{1D368D84-03E1-4143-857C-E7C0356F2A17}","Comments":null,"UpdateStatus":"AUTO","UpdateSource":"PMBC"}},{"type":"Feature","geometry":{"type":"Polygon","coordinates":[[[-117.548659,49.111962],[-117.548682,49.112149],[-117.548262,49.112157],[-117.548266,49.112145],[-117.548268,49.112133],[-117.548267,49.112121],[-117.548265,49.112109],[-117.548261,49.112098],[-117.548255,49.112087],[-117.548659,49.111962]]]},"properties":{"GlobalID":"{F441E79C-4953-4797-B786-42CBB0DA1127}","Name":"012910864","PlanID":"{C8CD020D-C3ED-4379-9C2F-417299172DF0}","PlanNumber":"NEP10245","PIN":null,"PID":12910864,"Designation1":"Lot 7","Designation2":null,"Designation3":null,"ParcelStatus":"ACTIVE","RegionalDistrict":"0019","ParcelClass":"SUBDIVISION","SourceParcelID":null,"GeometrySource":"MODIFIED-ICF","IsRemainder":"NO","ParcelStartDate":null,"PositionalError":3.33036795,"LegalDescription":"LOT 7 DISTRICT LOT 1236 KOOTENAY DISTRICT PLAN 10245","CaptureMethod":"UNKNOWN","OwnerType":"PRIVATE","Compiled":1,"CreatedDate":"2016-09-20T23:24:06.000Z","ModifiedDate":"2021-02-11T23:48:16.000Z","StatedArea":null,"ErrorReportedBy":"LSA","Municipality":"0040","OBJECTID":45725,"created_user":"SDE","created_date":"2024-11-12T16:15:31.000Z","last_edited_user":"SDE","last_edited_date":"2026-03-25T16:06:10.000Z","Shape__Area":432.75889585,"Shape__Length":91.90488577854245,"CommonName":null,"SourceGlobalID":"{CCEDD06F-B7D5-425C-B53F-178312D3A0F0}","Comments":null,"UpdateStatus":"AUTO","UpdateSource":"PMBC"}},{"type":"Feature","geometry":{"type":"Polygon","coordinates":[[[-117.534083,49.112995],[-117.535459,49.112333],[-117.536799,49.113502],[-117.53543,49.114153],[-117.534083,49.112995]]]},"properties":{"GlobalID":"{0F0AA14B-261D-4E13-88E2-AF47847A37FA}","Name":"016032012","PlanID":"{816C4699-428D-4E33-BB26-23BCF6E5C35F}","PlanNumber":"NEP785B","PIN":null,"PID":16032012,"Designation1":"Lot 163","Designation2":null,"Designation3":null,"ParcelStatus":"ACTIVE","RegionalDistrict":"0019","ParcelClass":"SUBDIVISION","SourceParcelID":null,"GeometrySource":"ICF","IsRemainder":"NO","ParcelStartDate":null,"PositionalError":3.7108755,"LegalDescription":"LOT 163 DISTRICT LOT 1236 KOOTENAY DISTRICT PLAN 785B","CaptureMethod":"UNKNOWN","OwnerType":"PRIVATE","Compiled":1,"CreatedDate":"2016-09-20T23:24:06.000Z","ModifiedDate":"2025-07-10T15:29:01.000Z","StatedArea":null,"ErrorReportedBy":"LSA","Municipality":"0163","OBJECTID":45726,"created_user":"SDE","created_date":"2024-11-12T16:15:31.000Z","last_edited_user":"SDE","last_edited_date":"2026-03-25T16:06:10.000Z","Shape__Area":20109.02360605,"Shape__Length":572.4351002336068,"CommonName":null,"SourceGlobalID":"{C7194FA7-B2D9-42C3-88FD-951D81C4E24D}","Comments":null,"UpdateStatus":"AUTO","UpdateSource":"PMBC"}},{"type":"Feature","geometry":{"type":"Polygon","coordinates":[[[-117.546285,49.106319],[-117.546035,49.106214],[-117.546358,49.105873],[-117.546611,49.105976],[-117.546285,49.106319]]]},"properties":{"GlobalID":"{B089913E-1645-4C0A-B76A-7A8B8D5F484B}","Name":"012175919","PlanID":"{0A19A8A9-375A-461F-90E3-B5CBA67F32A7}","PlanNumber":"NEP2630","PIN":13501751,"PID":12175919,"Designation1":"Lot 1","Designation2":null,"Designation3":null,"ParcelStatus":"ACTIVE","RegionalDistrict":"0019","ParcelClass":"SUBDIVISION","SourceParcelID":null,"GeometrySource":"ICF","IsRemainder":"NO","ParcelStartDate":null,"PositionalError":3.25986843,"LegalDescription":"LOT 1 DISTRICT LOT 1236 KOOTENAY DISTRICT PLAN 2630","CaptureMethod":"UNKNOWN","OwnerType":"PRIVATE","Compiled":1,"CreatedDate":"2016-09-20T23:24:06.000Z","ModifiedDate":"2021-02-11T23:36:41.000Z","StatedArea":null,"ErrorReportedBy":"LSA","Municipality":"0040","OBJECTID":45727,"created_user":"SDE","created_date":"2024-11-12T16:15:31.000Z","last_edited_user":"SDE","last_edited_date":"2026-03-25T16:06:10.000Z","Shape__Area":971.921867375,"Shape__Length":133.00197768951287,"CommonName":null,"SourceGlobalID":"{0BEFFCF6-D3FE-4F50-9A3F-4D06C3DC17EF}","Comments":null,"UpdateStatus":"AUTO","UpdateSource":"PMBC"}},{"type":"Feature","geometry":{"type":"Polygon","coordinates":[[[-117.547098,49.115344],[-117.547513,49.115717],[-117.547439,49.115752],[-117.547024,49.115379],[-117.547098,49.115344]]]},"properties":{"GlobalID":"{FC212FB4-82DC-4E22-9170-A4AFC1124FA6}","Name":"015211649","PlanID":"{6E15A961-0906-48A5-A387-025D7FE00366}","PlanNumber":"NEP2483","PIN":null,"PID":15211649,"Designation1":"Lot 13","Designation2":null,"Designation3":null,"ParcelStatus":"ACTIVE","RegionalDistrict":"0019","ParcelClass":"SUBDIVISION","SourceParcelID":null,"GeometrySource":"MODIFIED-ICF","IsRemainder":"NO","ParcelStartDate":null,"PositionalError":3.4564348,"LegalDescription":"THAT PART OF LOT 13 DISTRICT LOT 1236 KOOTENAY DISTRICT PLAN 2483, LYING NORTHEAST OF A LINE WHICH BISECTS THE NORTHWESTERLY AND SOUTHEASTERLY BOUNDARIES THEREOF","CaptureMethod":"UNKNOWN","OwnerType":"PRIVATE","Compiled":1,"CreatedDate":"2016-09-20T23:24:06.000Z","ModifiedDate":"2021-02-11T23:36:41.000Z","StatedArea":null,"ErrorReportedBy":"LSA","Municipality":"0040","OBJECTID":45728,"created_user":"SDE","created_date":"2024-11-12T16:15:31.000Z","last_edited_user":"SDE","last_edited_date":"2026-03-25T16:06:10.000Z","Shape__Area":342.2478185,"Shape__Length":116.05722167440501,"CommonName":null,"SourceGlobalID":"{55B7048C-4D7F-4FB9-8EF4-F038EAACC8A8}","Comments":null,"UpdateStatus":"AUTO","UpdateSource":"PMBC"}},{"type":"Feature","geometry":{"type":"Polygon","coordinates":[[[-117.537623,49.109588],[-117.537627,49.109584],[-117.537816,49.109656],[-117.537999,49.109732],[-117.537568,49.110217],[-117.537179,49.110056],[-117.537623,49.109588]]]},"properties":{"GlobalID":"{6DF83AEE-761F-499A-93B5-8EB1AD1BAE3A}","Name":"009480536","PlanID":"{80ABD494-D467-4CC8-A92E-E1413AC0747C}","PlanNumber":"NEP11578","PIN":null,"PID":9480536,"Designation1":"Lot 1","Designation2":null,"Designation3":null,"ParcelStatus":"ACTIVE","RegionalDistrict":"0019","ParcelClass":"SUBDIVISION","SourceParcelID":null,"GeometrySource":"ICF","IsRemainder":"NO","ParcelStartDate":null,"PositionalError":6.55939284,"LegalDescription":"LOT 1 DISTRICT LOT 1236 KOOTENAY DISTRICT PLAN 11578","CaptureMethod":"UNKNOWN","OwnerType":"PRIVATE","Compiled":1,"CreatedDate":"2016-09-20T23:24:06.000Z","ModifiedDate":"2021-02-11T23:48:16.000Z","StatedArea":null,"ErrorReportedBy":"LSA","Municipality":"0163","OBJECTID":45729,"created_user":"SDE","created_date":"2024-11-12T16:15:31.000Z","last_edited_user":"SDE","last_edited_date":"2026-03-25T16:06:10.000Z","Shape__Area":2034.38461547,"Shape__Length":189.5976697675485,"CommonName":null,"SourceGlobalID":"{757FC7E5-8953-4E11-A177-539A228698FB}","Comments":null,"UpdateStatus":"AUTO","UpdateSource":"PMBC"}},{"type":"Feature","geometry":{"type":"Polygon","coordinates":[[[-117.549663,49.106724],[-117.549399,49.107008],[-117.548868,49.106808],[-117.549162,49.1065],[-117.549663,49.106724]]]},"properties":{"GlobalID":"{75D3AFF3-488F-4025-A1EB-2C4E7D035BB1}","Name":"012886271","PlanID":"{7275045F-ED8D-4A6D-A18B-410010FF8DBF}","PlanNumber":"NEP11024","PIN":null,"PID":12886271,"Designation1":"Lot 1","Designation2":null,"Designation3":null,"ParcelStatus":"ACTIVE","RegionalDistrict":"0019","ParcelClass":"SUBDIVISION","SourceParcelID":null,"GeometrySource":"ICF","IsRemainder":"NO","ParcelStartDate":null,"PositionalError":1.88782048,"LegalDescription":"LOT 1 DISTRICT LOT 1236 KOOTENAY DISTRICT PLAN 11024","CaptureMethod":"UNKNOWN","OwnerType":"PRIVATE","Compiled":1,"CreatedDate":"2016-09-20T23:24:06.000Z","ModifiedDate":"2021-02-11T23:36:41.000Z","StatedArea":null,"ErrorReportedBy":"LSA","Municipality":"0040","OBJECTID":45730,"created_user":"SDE","created_date":"2024-11-12T16:15:31.000Z","last_edited_user":"SDE","last_edited_date":"2026-03-25T16:06:10.000Z","Shape__Area":1719.7041021,"Shape__Length":166.34260804977166,"CommonName":null,"SourceGlobalID":"{25593E98-2245-4D3A-8DBF-AA69E26B3663}","Comments":null,"UpdateStatus":"AUTO","UpdateSource":"PMBC"}},{"type":"Feature","geometry":{"type":"Polygon","coordinates":[[[-117.546682,49.113245],[-117.546192,49.113475],[-117.546125,49.113417],[-117.546016,49.113318],[-117.546437,49.113116],[-117.546581,49.113043],[-117.546607,49.113055],[-117.546824,49.113146],[-117.546856,49.113167],[-117.546682,49.113245]]]},"properties":{"GlobalID":"{E39F284C-181D-4E64-A9D1-AF47C6F4194D}","Name":"015420035","PlanID":"{7978FB9E-59F3-448A-A916-1F7F11B14EC3}","PlanNumber":"NEP2197","PIN":null,"PID":15420035,"Designation1":"Lot 1","Designation2":null,"Designation3":null,"ParcelStatus":"ACTIVE","RegionalDistrict":"0019","ParcelClass":"SUBDIVISION","SourceParcelID":null,"GeometrySource":"ICF","IsRemainder":"NO","ParcelStartDate":null,"PositionalError":2.96049026,"LegalDescription":"LOT 1 DISTRICT LOT 1236 KOOTENAY DISTRICT PLAN 2197","CaptureMethod":"UNKNOWN","OwnerType":"PRIVATE","Compiled":1,"CreatedDate":"2016-09-20T23:24:06.000Z","ModifiedDate":"2021-02-11T23:36:41.000Z","StatedArea":null,"ErrorReportedBy":"LSA","Municipality":"0040","OBJECTID":45731,"created_user":"SDE","created_date":"2024-11-12T16:15:31.000Z","last_edited_user":"SDE","last_edited_date":"2026-03-25T16:06:10.000Z","Shape__Area":1228.10185202,"Shape__Length":156.70807915081292,"CommonName":null,"SourceGlobalID":"{C11EF997-9EDD-4CBE-A983-F036111C1D46}","Comments":null,"UpdateStatus":"AUTO","UpdateSource":"PMBC"}},{"type":"Feature","geometry":{"type":"Polygon","coordinates":[[[-117.55496,49.112926],[-117.555142,49.112736],[-117.555511,49.112885],[-117.555327,49.113077],[-117.55496,49.112926]]]},"properties":{"GlobalID":"{F91351BB-D5E5-4552-84B9-18FD98BBB41F}","Name":"009692525","PlanID":"{6FBF8661-4BAC-4B61-8A73-CBC3C8B206D4}","PlanNumber":"NEP15111","PIN":null,"PID":9692525,"Designation1":"Lot 1","Designation2":null,"Designation3":null,"ParcelStatus":"ACTIVE","RegionalDistrict":"0019","ParcelClass":"SUBDIVISION","SourceParcelID":null,"GeometrySource":"ICF","IsRemainder":"NO","ParcelStartDate":null,"PositionalError":4.152559,"LegalDescription":"LOT 1 DISTRICT LOT 1236 KOOTENAY DISTRICT PLAN 15111","CaptureMethod":"UNKNOWN","OwnerType":"PRIVATE","Compiled":1,"CreatedDate":"2016-09-20T23:24:06.000Z","ModifiedDate":"2025-10-07T18:11:56.000Z","StatedArea":null,"ErrorReportedBy":"LSA","Municipality":"0040","OBJECTID":45732,"created_user":"SDE","created_date":"2024-11-12T16:15:31.000Z","last_edited_user":"SDE","last_edited_date":"2026-03-25T16:06:10.000Z","Shape__Area":793.63667715,"Shape__Length":113.44836554745251,"CommonName":null,"SourceGlobalID":"{0D7A6DD4-5D62-48F0-9395-71C2D99185C3}","Comments":null,"UpdateStatus":"AUTO","UpdateSource":"PMBC"}},{"type":"Feature","geometry":{"type":"Polygon","coordinates":[[[-117.582964,49.086146],[-117.582982,49.084779],[-117.583331,49.084617],[-117.583311,49.086145],[-117.582964,49.086146]]]},"properties":{"GlobalID":"{7580274D-1E6B-46FF-A2D3-4CC73FAA6334}","Name":"008547441","PlanID":"{85970C46-F94B-4B14-9673-C98AEA5AB0BD}","PlanNumber":"NEP2517","PIN":null,"PID":8547441,"Designation1":"Lot 1","Designation2":null,"Designation3":null,"ParcelStatus":"ACTIVE","RegionalDistrict":"0019","ParcelClass":"SUBDIVISION","SourceParcelID":null,"GeometrySource":"ICF","IsRemainder":"NO","ParcelStartDate":null,"PositionalError":4.78099349,"LegalDescription":"LOT 1 TOWNSHIP 7A KOOTENAY DISTRICT PLAN 2517","CaptureMethod":"UNKNOWN","OwnerType":"PRIVATE","Compiled":1,"CreatedDate":"2016-09-20T23:24:06.000Z","ModifiedDate":"2021-02-11T23:36:41.000Z","StatedArea":null,"ErrorReportedBy":"LSA","Municipality":"0163","OBJECTID":45733,"created_user":"SDE","created_date":"2024-11-12T16:15:31.000Z","last_edited_user":"SDE","last_edited_date":"2026-03-25T16:06:10.000Z","Shape__Area":4074.755973025,"Shape__Length":378.36427097648607,"CommonName":null,"SourceGlobalID":"{4E90D115-9C9B-4389-A2BF-97255674ED34}","Comments":null,"UpdateStatus":"AUTO","UpdateSource":"PMBC"}},{"type":"Feature","geometry":{"type":"Polygon","coordinates":[[[-117.544449,49.109912],[-117.544342,49.109867],[-117.544466,49.109739],[-117.544497,49.109707],[-117.544601,49.109599],[-117.544656,49.109623],[-117.544674,49.10963],[-117.544694,49.109638],[-117.544779,49.109673],[-117.544517,49.10994],[-117.544449,49.109912]]]},"properties":{"GlobalID":"{57AD3BF1-3B08-4A50-9591-12B2854D8388}","Name":"011464305","PlanID":"{CE97DD94-56A5-4702-BDD2-F99E8ECB3BFB}","PlanNumber":"NEP2176","PIN":null,"PID":11464305,"Designation1":"Lot 13","Designation2":null,"Designation3":null,"ParcelStatus":"ACTIVE","RegionalDistrict":"0019","ParcelClass":"SUBDIVISION","SourceParcelID":null,"GeometrySource":"ICF","IsRemainder":"NO","ParcelStartDate":null,"PositionalError":3.7275151,"LegalDescription":"LOT 13 DISTRICT LOT 1236 KOOTENAY DISTRICT PLAN 2176","CaptureMethod":"UNKNOWN","OwnerType":"PRIVATE","Compiled":1,"CreatedDate":"2016-09-20T23:24:06.000Z","ModifiedDate":"2025-06-03T21:30:27.000Z","StatedArea":null,"ErrorReportedBy":"LSA","Municipality":"0040","OBJECTID":45734,"created_user":"SDE","created_date":"2024-11-12T16:15:31.000Z","last_edited_user":"SDE","last_edited_date":"2026-03-25T16:06:10.000Z","Shape__Area":536.084272005,"Shape__Length":100.89734447659542,"CommonName":null,"SourceGlobalID":"{FA786466-EF24-4B43-902A-66A0BEDAC90D}","Comments":null,"UpdateStatus":"AUTO","UpdateSource":"PMBC"}},{"type":"Feature","geometry":{"type":"Polygon","coordinates":[[[-117.550129,49.10751],[-117.549894,49.107763],[-117.549713,49.10769],[-117.549948,49.107437],[-117.550129,49.10751]]]},"properties":{"GlobalID":"{44F76A7C-2647-4EC2-AF4E-E985552D9EB3}","Name":"014917645","PlanID":"{06789044-E36A-43DF-B7DE-DA9756D528FF}","PlanNumber":"NEP4239","PIN":null,"PID":14917645,"Designation1":"Lot 50","Designation2":null,"Designation3":null,"ParcelStatus":"ACTIVE","RegionalDistrict":"0019","ParcelClass":"SUBDIVISION","SourceParcelID":null,"GeometrySource":"ICF","IsRemainder":"NO","ParcelStartDate":null,"PositionalError":3.73108918,"LegalDescription":"LOT 50 DISTRICT LOT 1236 KOOTENAY DISTRICT PLAN 4239","CaptureMethod":"UNKNOWN","OwnerType":"PRIVATE","Compiled":1,"CreatedDate":"2016-09-20T23:24:06.000Z","ModifiedDate":"2021-02-11T23:36:41.000Z","StatedArea":null,"ErrorReportedBy":"LSA","Municipality":"0040","OBJECTID":45735,"created_user":"SDE","created_date":"2024-11-12T16:15:31.000Z","last_edited_user":"SDE","last_edited_date":"2026-03-25T16:06:10.000Z","Shape__Area":510.754961345,"Shape__Length":96.88335295807444,"CommonName":null,"SourceGlobalID":"{0809CE13-7773-4BEF-8A4D-4E37C906BB6A}","Comments":null,"UpdateStatus":"AUTO","UpdateSource":"PMBC"}},{"type":"Feature","geometry":{"type":"Polygon","coordinates":[[[-117.547906,49.111965],[-117.54813,49.111731],[-117.548269,49.111793],[-117.548058,49.112023],[-117.547906,49.111965]]]},"properties":{"GlobalID":"{A2677A1C-5F8F-459F-BC90-A251D055510F}","Name":"011891661","PlanID":"{C8CD020D-C3ED-4379-9C2F-417299172DF0}","PlanNumber":"NEP10245","PIN":null,"PID":11891661,"Designation1":"Lot 4","Designation2":null,"Designation3":null,"ParcelStatus":"ACTIVE","RegionalDistrict":"0019","ParcelClass":"SUBDIVISION","SourceParcelID":null,"GeometrySource":"ICF","IsRemainder":"NO","ParcelStartDate":null,"PositionalError":3.51959062,"LegalDescription":"LOT 4 DISTRICT LOT 1236 KOOTENAY DISTRICT PLAN 10245","CaptureMethod":"UNKNOWN","OwnerType":"PRIVATE","Compiled":1,"CreatedDate":"2016-09-20T23:24:06.000Z","ModifiedDate":"2021-02-11T23:48:16.000Z","StatedArea":null,"ErrorReportedBy":"LSA","Municipality":"0040","OBJECTID":45736,"created_user":"SDE","created_date":"2024-11-12T16:15:31.000Z","last_edited_user":"SDE","last_edited_date":"2026-03-25T16:06:10.000Z","Shape__Area":379.28262363,"Shape__Length":85.64275477864344,"CommonName":null,"SourceGlobalID":"{1AC8BC83-7A65-463C-8E17-31FF40463477}","Comments":null,"UpdateStatus":"AUTO","UpdateSource":"PMBC"}},{"type":"Feature","geometry":{"type":"Polygon","coordinates":[[[-117.523782,49.131378],[-117.523921,49.131375],[-117.527168,49.131379],[-117.527363,49.131379],[-117.527289,49.131438],[-117.527208,49.131508],[-117.52735,49.131666],[-117.527665,49.131639],[-117.527667,49.133992],[-117.523769,49.133966],[-117.523782,49.131378]]]},"properties":{"GlobalID":"{BAA8A5E7-0CA6-4C62-9785-554DA5B1E09B}","Name":"010441026","PlanID":"{C7523263-9120-410F-B03C-D7A9E05D476D}","PlanNumber":"NEP14720","PIN":null,"PID":10441026,"Designation1":"Lot 4","Designation2":null,"Designation3":null,"ParcelStatus":"ACTIVE","RegionalDistrict":"0019","ParcelClass":"SUBDIVISION","SourceParcelID":null,"GeometrySource":"ICF","IsRemainder":"NO","ParcelStartDate":null,"PositionalError":7.6725685,"LegalDescription":"LOT 4 DISTRICT LOT 1236 KOOTENAY DISTRICT PLAN 14720","CaptureMethod":"UNKNOWN","OwnerType":"PRIVATE","Compiled":1,"CreatedDate":"2016-09-20T23:24:06.000Z","ModifiedDate":"2025-04-01T23:24:00.000Z","StatedArea":null,"ErrorReportedBy":"LSA","Municipality":"0163","OBJECTID":45737,"created_user":"SDE","created_date":"2024-11-12T16:15:31.000Z","last_edited_user":"SDE","last_edited_date":"2026-03-25T16:06:10.000Z","Shape__Area":81224.413403885,"Shape__Length":1156.6576253375756,"CommonName":null,"SourceGlobalID":"{1346E611-6BED-4BD1-9536-C07B1D8696F6}","Comments":null,"UpdateStatus":"AUTO","UpdateSource":"PMBC"}},{"type":"Feature","geometry":{"type":"Polygon","coordinates":[[[-117.548704,49.116678],[-117.548437,49.116575],[-117.548566,49.116414],[-117.548847,49.116533],[-117.548704,49.116678]]]},"properties":{"GlobalID":"{C550CB60-BC68-4A20-B377-EE9318A65269}","Name":"014657368","PlanID":"{7DE75C5C-E4BA-4B6A-B7AF-96A24466A988}","PlanNumber":"NEP2564","PIN":null,"PID":14657368,"Designation1":"Lot 3","Designation2":null,"Designation3":null,"ParcelStatus":"ACTIVE","RegionalDistrict":"0019","ParcelClass":"SUBDIVISION","SourceParcelID":null,"GeometrySource":"ICF","IsRemainder":"NO","ParcelStartDate":null,"PositionalError":3.45545564,"LegalDescription":"LOT 3 DISTRICT LOT 1236 KOOTENAY DISTRICT PLAN 2564","CaptureMethod":"UNKNOWN","OwnerType":"PRIVATE","Compiled":1,"CreatedDate":"2016-09-20T23:24:06.000Z","ModifiedDate":"2021-02-11T23:36:41.000Z","StatedArea":null,"ErrorReportedBy":"LSA","Municipality":"0040","OBJECTID":45738,"created_user":"SDE","created_date":"2024-11-12T16:15:31.000Z","last_edited_user":"SDE","last_edited_date":"2026-03-25T16:06:10.000Z","Shape__Area":461.10865471,"Shape__Length":86.30075297073435,"CommonName":null,"SourceGlobalID":"{3DE2E58E-8541-4597-A0B1-DF71E93CAB2D}","Comments":null,"UpdateStatus":"AUTO","UpdateSource":"PMBC"}},{"type":"Feature","geometry":{"type":"Polygon","coordinates":[[[-117.548552,49.116834],[-117.548704,49.116678],[-117.548847,49.116533],[-117.549114,49.116258],[-117.549623,49.116684],[-117.549897,49.116916],[-117.549941,49.116955],[-117.548433,49.116956],[-117.548552,49.116834]]]},"properties":{"GlobalID":"{56118F68-7709-4743-BCEA-9B302BFDB3F8}","Name":"016038649","PlanID":"{CF30CE57-CDD7-4B4E-AA4D-5069F6AC911D}","PlanNumber":"NEP785A","PIN":null,"PID":16038649,"Designation1":"Parcel A","Designation2":"Lot 39","Designation3":null,"ParcelStatus":"ACTIVE","RegionalDistrict":"0019","ParcelClass":"SUBDIVISION","SourceParcelID":null,"GeometrySource":"ICF","IsRemainder":"NO","ParcelStartDate":null,"PositionalError":3.67650101,"LegalDescription":"PARCEL A (REFERENCE PLAN 44798I) OF LOT 39 DISTRICT LOT 1236 KOOTENAY DISTRICT PLAN 785A","CaptureMethod":"UNKNOWN","OwnerType":"PRIVATE","Compiled":1,"CreatedDate":"2016-09-20T23:24:06.000Z","ModifiedDate":"2021-02-11T23:36:41.000Z","StatedArea":null,"ErrorReportedBy":"LSA","Municipality":"0040","OBJECTID":45739,"created_user":"SDE","created_date":"2024-11-12T16:15:31.000Z","last_edited_user":"SDE","last_edited_date":"2026-03-25T16:06:10.000Z","Shape__Area":4276.31283341,"Shape__Length":300.4876362378485,"CommonName":null,"SourceGlobalID":"{613A1A94-837C-4526-AF2B-94313FCE5293}","Comments":null,"UpdateStatus":"AUTO","UpdateSource":"PMBC"}},{"type":"Feature","geometry":{"type":"Polygon","coordinates":[[[-117.543363,49.115577],[-117.543668,49.115853],[-117.543582,49.115895],[-117.543283,49.115624],[-117.543363,49.115577]]]},"properties":{"GlobalID":"{82AFB133-D25A-44C5-95BA-CA15D4A1A999}","Name":"018304010","PlanID":"{03793A17-4AE9-4485-A58C-23D06C7AB08E}","PlanNumber":"NEP20557","PIN":null,"PID":18304010,"Designation1":"Lot 17","Designation2":null,"Designation3":null,"ParcelStatus":"ACTIVE","RegionalDistrict":"0019","ParcelClass":"SUBDIVISION","SourceParcelID":null,"GeometrySource":"MODIFIED-ICF","IsRemainder":"NO","ParcelStartDate":null,"PositionalError":2.75168439,"LegalDescription":"LOT 17 DISTRICT LOT 1236 KOOTENAY DISTRICT PLAN NEP20557","CaptureMethod":"UNKNOWN","OwnerType":"PRIVATE","Compiled":1,"CreatedDate":"2016-09-20T23:24:06.000Z","ModifiedDate":"2021-02-11T23:48:16.000Z","StatedArea":null,"ErrorReportedBy":"LSA","Municipality":"0040","OBJECTID":45740,"created_user":"SDE","created_date":"2024-11-12T16:15:31.000Z","last_edited_user":"SDE","last_edited_date":"2026-03-25T16:06:10.000Z","Shape__Area":293.178457875,"Shape__Length":90.6800707480982,"CommonName":null,"SourceGlobalID":"{A6EAE812-4078-480C-A2D7-0799041518DB}","Comments":null,"UpdateStatus":"AUTO","UpdateSource":"PMBC"}},{"type":"Feature","geometry":{"type":"Polygon","coordinates":[[[-117.547534,49.108207],[-117.547668,49.108072],[-117.548008,49.108212],[-117.547884,49.108346],[-117.547534,49.108207]]]},"properties":{"GlobalID":"{76AFD1CC-6456-4E59-97CE-DFA64607BE2E}","Name":"011546816","PlanID":"{06789044-E36A-43DF-B7DE-DA9756D528FF}","PlanNumber":"NEP4239","PIN":null,"PID":11546816,"Designation1":"Lot 9","Designation2":null,"Designation3":null,"ParcelStatus":"ACTIVE","RegionalDistrict":"0019","ParcelClass":"SUBDIVISION","SourceParcelID":null,"GeometrySource":"ICF","IsRemainder":"NO","ParcelStartDate":null,"PositionalError":2.9640511,"LegalDescription":"LOT 9 DISTRICT LOT 1236 KOOTENAY DISTRICT PLAN 4239","CaptureMethod":"UNKNOWN","OwnerType":"PRIVATE","Compiled":1,"CreatedDate":"2016-09-20T23:24:06.000Z","ModifiedDate":"2025-07-16T17:14:34.000Z","StatedArea":null,"ErrorReportedBy":"LSA","Municipality":"0040","OBJECTID":45741,"created_user":"SDE","created_date":"2024-11-12T16:15:31.000Z","last_edited_user":"SDE","last_edited_date":"2026-03-25T16:06:10.000Z","Shape__Area":521.18160128,"Shape__Length":94.37489207282974,"CommonName":null,"SourceGlobalID":"{2945887B-C407-4D28-A222-AC5F1121308B}","Comments":null,"UpdateStatus":"AUTO","UpdateSource":"PMBC"}},{"type":"Feature","geometry":{"type":"Polygon","coordinates":[[[-117.548633,49.111716],[-117.548646,49.11184],[-117.548085,49.111599],[-117.548162,49.111515],[-117.548633,49.111716]]]},"properties":{"GlobalID":"{6F5F4C5D-BB53-47A3-BED7-E129B2A7CC71}","Name":"011925639","PlanID":"{C8CD020D-C3ED-4379-9C2F-417299172DF0}","PlanNumber":"NEP10245","PIN":null,"PID":11925639,"Designation1":"Lot 1","Designation2":null,"Designation3":null,"ParcelStatus":"ACTIVE","RegionalDistrict":"0019","ParcelClass":"SUBDIVISION","SourceParcelID":null,"GeometrySource":"ICF","IsRemainder":"NO","ParcelStartDate":null,"PositionalError":3.50514801,"LegalDescription":"LOT 1 DISTRICT LOT 1236 KOOTENAY DISTRICT PLAN 10245","CaptureMethod":"UNKNOWN","OwnerType":"PRIVATE","Compiled":1,"CreatedDate":"2016-09-20T23:24:06.000Z","ModifiedDate":"2021-02-11T23:36:41.000Z","StatedArea":null,"ErrorReportedBy":"LSA","Municipality":"0040","OBJECTID":45742,"created_user":"SDE","created_date":"2024-11-12T16:15:31.000Z","last_edited_user":"SDE","last_edited_date":"2026-03-25T16:06:10.000Z","Shape__Area":489.44093861,"Shape__Length":114.5039014629154,"CommonName":null,"SourceGlobalID":"{ADDC4738-F938-48B7-BE26-3FCD442CBCA8}","Comments":null,"UpdateStatus":"AUTO","UpdateSource":"PMBC"}},{"type":"Feature","geometry":{"type":"Polygon","coordinates":[[[-117.540077,49.11451],[-117.539634,49.114107],[-117.539867,49.113997],[-117.540309,49.114401],[-117.540077,49.11451]]]},"properties":{"GlobalID":"{0B1823E1-5C57-46BE-9144-2072CB150CFC}","Name":"012124036","PlanID":"{A34D64F5-6443-4C6C-BD72-6DADD9ACB81F}","PlanNumber":"NEP12284","PIN":null,"PID":12124036,"Designation1":"Lot 3","Designation2":null,"Designation3":null,"ParcelStatus":"ACTIVE","RegionalDistrict":"0019","ParcelClass":"SUBDIVISION","SourceParcelID":null,"GeometrySource":"ICF","IsRemainder":"NO","ParcelStartDate":null,"PositionalError":2.65890898,"LegalDescription":"LOT 3 DISTRICT LOT 1236 KOOTENAY DISTRICT PLAN 12284","CaptureMethod":"UNKNOWN","OwnerType":"PRIVATE","Compiled":1,"CreatedDate":"2016-09-20T23:24:06.000Z","ModifiedDate":"2021-02-11T23:48:16.000Z","StatedArea":null,"ErrorReportedBy":"LSA","Municipality":"0040","OBJECTID":45743,"created_user":"SDE","created_date":"2024-11-12T16:15:31.000Z","last_edited_user":"SDE","last_edited_date":"2026-03-25T16:06:10.000Z","Shape__Area":1155.404864975,"Shape__Length":152.39102960938206,"CommonName":null,"SourceGlobalID":"{52DBB144-6913-4B78-AA92-500C675C4928}","Comments":null,"UpdateStatus":"AUTO","UpdateSource":"PMBC"}},{"type":"Feature","geometry":{"type":"Polygon","coordinates":[[[-117.54616,49.116285],[-117.545824,49.116447],[-117.545648,49.116291],[-117.545983,49.116129],[-117.54616,49.116285]]]},"properties":{"GlobalID":"{195FB11E-097E-4286-A465-CC8E4E2E306C}","Name":"010429590","PlanID":"{4D321E7D-90B8-4C88-876C-3D8824352332}","PlanNumber":"NEP13931","PIN":null,"PID":10429590,"Designation1":"Lot 2","Designation2":null,"Designation3":null,"ParcelStatus":"ACTIVE","RegionalDistrict":"0019","ParcelClass":"SUBDIVISION","SourceParcelID":null,"GeometrySource":"ICF","IsRemainder":"NO","ParcelStartDate":null,"PositionalError":2.89611049,"LegalDescription":"LOT 2 DISTRICT LOT 1236 KOOTENAY DISTRICT PLAN 13931","CaptureMethod":"UNKNOWN","OwnerType":"PRIVATE","Compiled":1,"CreatedDate":"2016-09-20T23:24:06.000Z","ModifiedDate":"2021-02-11T23:36:41.000Z","StatedArea":null,"ErrorReportedBy":"LSA","Municipality":"0040","OBJECTID":45744,"created_user":"SDE","created_date":"2024-11-12T16:15:31.000Z","last_edited_user":"SDE","last_edited_date":"2026-03-25T16:06:10.000Z","Shape__Area":657.8192878,"Shape__Length":104.0745393200206,"CommonName":null,"SourceGlobalID":"{2EB40281-56B5-47C0-9EB0-691194380CCF}","Comments":null,"UpdateStatus":"AUTO","UpdateSource":"PMBC"}},{"type":"Feature","geometry":{"type":"Polygon","coordinates":[[[-117.552603,49.110305],[-117.55262,49.110303],[-117.553575,49.110413],[-117.553256,49.110687],[-117.552529,49.110379],[-117.552603,49.110305]]]},"properties":{"GlobalID":"{AB7C57D3-D513-44CA-922A-F230C1F214A2}","Name":"013278908","PlanID":"{583D0D9D-B46A-4203-AE65-04496908261C}","PlanNumber":"NEP8658","PIN":null,"PID":13278908,"Designation1":"Lot 1","Designation2":null,"Designation3":null,"ParcelStatus":"ACTIVE","RegionalDistrict":"0019","ParcelClass":"SUBDIVISION","SourceParcelID":null,"GeometrySource":"ICF","IsRemainder":"NO","ParcelStartDate":null,"PositionalError":7.88909212,"LegalDescription":"LOT 1 DISTRICT LOT 1236 KOOTENAY DISTRICT PLAN 8658","CaptureMethod":"UNKNOWN","OwnerType":"PRIVATE","Compiled":1,"CreatedDate":"2016-09-20T23:24:06.000Z","ModifiedDate":"2021-02-11T23:48:16.000Z","StatedArea":null,"ErrorReportedBy":"LSA","Municipality":"0040","OBJECTID":45745,"created_user":"SDE","created_date":"2024-11-12T16:15:31.000Z","last_edited_user":"SDE","last_edited_date":"2026-03-25T16:06:10.000Z","Shape__Area":1545.698944465,"Shape__Length":183.36663443860124,"CommonName":null,"SourceGlobalID":"{0AD014E1-8830-4DF8-AB57-1C6D75EF6FEB}","Comments":null,"UpdateStatus":"AUTO","UpdateSource":"PMBC"}},{"type":"Feature","geometry":{"type":"Polygon","coordinates":[[[-117.545781,49.106113],[-117.546107,49.105769],[-117.546327,49.105861],[-117.546358,49.105873],[-117.546035,49.106214],[-117.545781,49.106113]]]},"properties":{"GlobalID":"{FB2E3FDD-336A-4E70-9BCB-F90E1C78883A}","Name":"012175927","PlanID":"{0A19A8A9-375A-461F-90E3-B5CBA67F32A7}","PlanNumber":"NEP2630","PIN":13501881,"PID":12175927,"Designation1":"Lot 2","Designation2":null,"Designation3":null,"ParcelStatus":"ACTIVE","RegionalDistrict":"0019","ParcelClass":"SUBDIVISION","SourceParcelID":null,"GeometrySource":"ICF","IsRemainder":"NO","ParcelStartDate":null,"PositionalError":3.35949796,"LegalDescription":"LOT 2 DISTRICT LOT 1236 KOOTENAY DISTRICT PLAN 2630","CaptureMethod":"UNKNOWN","OwnerType":"PRIVATE","Compiled":1,"CreatedDate":"2016-09-20T23:24:06.000Z","ModifiedDate":"2021-02-11T23:36:41.000Z","StatedArea":null,"ErrorReportedBy":"LSA","Municipality":"0040","OBJECTID":45746,"created_user":"SDE","created_date":"2024-11-12T16:15:31.000Z","last_edited_user":"SDE","last_edited_date":"2026-03-25T16:06:10.000Z","Shape__Area":970.4716316,"Shape__Length":133.00265074086852,"CommonName":null,"SourceGlobalID":"{A6D1C284-FD8B-429E-A373-D6DDE29789CE}","Comments":null,"UpdateStatus":"AUTO","UpdateSource":"PMBC"}},{"type":"Feature","geometry":{"type":"Polygon","coordinates":[[[-117.527038,49.116986],[-117.527013,49.116998],[-117.527331,49.117282],[-117.526385,49.117648],[-117.526133,49.117424],[-117.525713,49.117053],[-117.526621,49.116617],[-117.527038,49.116986]]]},"properties":{"GlobalID":"{E70F8B13-7714-411D-9D2F-CD5B67C9BC0D}","Name":"027340694","PlanID":"{D86ACB29-EA7D-4AA4-A3CE-A8393DD1BF43}","PlanNumber":"NEP85611","PIN":null,"PID":27340694,"Designation1":"Lot 1","Designation2":null,"Designation3":null,"ParcelStatus":"ACTIVE","RegionalDistrict":"0019","ParcelClass":"SUBDIVISION","SourceParcelID":null,"GeometrySource":"ICF","IsRemainder":"NO","ParcelStartDate":"2007-12-24T08:00:00.000Z","PositionalError":3.27896205,"LegalDescription":"LOT 1 DISTRICT LOT 1236 KOOTENAY DISTRICT PLAN NEP85611","CaptureMethod":"UNKNOWN","OwnerType":"PRIVATE","Compiled":1,"CreatedDate":"2016-09-20T23:24:06.000Z","ModifiedDate":"2021-02-11T23:36:41.000Z","StatedArea":null,"ErrorReportedBy":"LSA","Municipality":"0163","OBJECTID":45747,"created_user":"SDE","created_date":"2024-11-12T16:15:31.000Z","last_edited_user":"SDE","last_edited_date":"2026-03-25T16:06:10.000Z","Shape__Area":7001.429026575,"Shape__Length":337.0540373719296,"CommonName":null,"SourceGlobalID":"{5174DF49-36B8-4172-B8CF-6DC4B50E8CD5}","Comments":null,"UpdateStatus":"AUTO","UpdateSource":"PMBC"}},{"type":"Feature","geometry":{"type":"Polygon","coordinates":[[[-117.54244,49.109835],[-117.54249,49.109789],[-117.542866,49.110074],[-117.54268,49.110256],[-117.542579,49.110359],[-117.542361,49.10988],[-117.54239,49.109869],[-117.542416,49.109854],[-117.54244,49.109835]]]},"properties":{"GlobalID":"{F62760B6-9A35-4211-BB93-2E63CFD4F293}","Name":"012570460","PlanID":"{3D8861A3-FBB6-4FE7-8D36-F747F0B19167}","PlanNumber":"NEP12204","PIN":null,"PID":12570460,"Designation1":"Lot 7","Designation2":null,"Designation3":null,"ParcelStatus":"ACTIVE","RegionalDistrict":"0019","ParcelClass":"SUBDIVISION","SourceParcelID":null,"GeometrySource":"MODIFIED-ICF","IsRemainder":"NO","ParcelStartDate":null,"PositionalError":1.71940496,"LegalDescription":"LOT 7 DISTRICT LOT 1236 KOOTENAY DISTRICT PLAN 12204","CaptureMethod":"UNKNOWN","OwnerType":"PRIVATE","Compiled":1,"CreatedDate":"2016-09-20T23:24:06.000Z","ModifiedDate":"2021-02-11T23:36:41.000Z","StatedArea":null,"ErrorReportedBy":"LSA","Municipality":"0040","OBJECTID":45748,"created_user":"SDE","created_date":"2024-11-12T16:15:31.000Z","last_edited_user":"SDE","last_edited_date":"2026-03-25T16:06:10.000Z","Shape__Area":1087.660715865,"Shape__Length":149.60725171267924,"CommonName":null,"SourceGlobalID":"{135B1204-553E-46DF-A676-F5B86B29A6F5}","Comments":null,"UpdateStatus":"AUTO","UpdateSource":"PMBC"}},{"type":"Feature","geometry":{"type":"Polygon","coordinates":[[[-117.546024,49.11673],[-117.546189,49.116649],[-117.546372,49.116813],[-117.54647,49.116901],[-117.546197,49.116905],[-117.546024,49.11673]]]},"properties":{"GlobalID":"{E3A06940-9CB5-4F83-BD90-9FC31A39F2E3}","Name":"015087051","PlanID":"{252F5395-A691-4EB8-85AC-5C9A9DBFBD76}","PlanNumber":"NEP2879","PIN":null,"PID":15087051,"Designation1":"Lot 4","Designation2":null,"Designation3":null,"ParcelStatus":"ACTIVE","RegionalDistrict":"0019","ParcelClass":"SUBDIVISION","SourceParcelID":null,"GeometrySource":"ICF","IsRemainder":"NO","ParcelStartDate":null,"PositionalError":3.2711496,"LegalDescription":"LOT 4 DISTRICT LOT 1236 KOOTENAY DISTRICT PLAN 2879","CaptureMethod":"UNKNOWN","OwnerType":"PRIVATE","Compiled":1,"CreatedDate":"2016-09-20T23:24:06.000Z","ModifiedDate":"2025-10-07T18:11:56.000Z","StatedArea":null,"ErrorReportedBy":"LSA","Municipality":"0040","OBJECTID":45749,"created_user":"SDE","created_date":"2024-11-12T16:15:31.000Z","last_edited_user":"SDE","last_edited_date":"2026-03-25T16:06:10.000Z","Shape__Area":456.48784121,"Shape__Length":92.73923052180037,"CommonName":null,"SourceGlobalID":"{CD044B93-54EA-4D11-A8FB-E540F16B2A71}","Comments":null,"UpdateStatus":"AUTO","UpdateSource":"PMBC"}},{"type":"Feature","geometry":{"type":"Polygon","coordinates":[[[-117.542248,49.11346],[-117.542046,49.113282],[-117.542216,49.113199],[-117.542252,49.113464],[-117.542248,49.11346]]]},"properties":{"GlobalID":"{5563BA83-3639-4B58-A9B2-65AE9FE9120C}","Name":"007532261","PlanID":"{D7BE8087-A928-409A-8AB9-95D40F2C62FF}","PlanNumber":"NEP4084","PIN":null,"PID":7532261,"Designation1":"Lot 2","Designation2":null,"Designation3":null,"ParcelStatus":"ACTIVE","RegionalDistrict":"0019","ParcelClass":"SUBDIVISION","SourceParcelID":null,"GeometrySource":"PMBC-COMPILATION","IsRemainder":"NO","ParcelStartDate":null,"PositionalError":1.77644103,"LegalDescription":"LOT 2 DISTRICT LOT 1236 KOOTENAY DISTRICT PLAN 4084","CaptureMethod":"COGO","OwnerType":"PRIVATE","Compiled":0,"CreatedDate":"2016-09-20T23:24:06.000Z","ModifiedDate":"2021-02-11T23:48:16.000Z","StatedArea":"194.5","ErrorReportedBy":"LSA","Municipality":"0040","OBJECTID":45750,"created_user":"SDE","created_date":"2024-11-12T16:15:31.000Z","last_edited_user":"SDE","last_edited_date":"2026-03-25T16:06:10.000Z","Shape__Area":194.32021858,"Shape__Length":70.10925676222972,"CommonName":null,"SourceGlobalID":"{59E967A0-71C1-463F-AFB4-A1C0D0CFACF7}","Comments":null,"UpdateStatus":"AUTO","UpdateSource":"PMBC"}},{"type":"Feature","geometry":{"type":"Polygon","coordinates":[[[-117.542361,49.10988],[-117.542579,49.110359],[-117.542009,49.110124],[-117.542134,49.109862],[-117.54217,49.109877],[-117.542207,49.109888],[-117.542246,49.109894],[-117.542285,49.109895],[-117.542324,49.10989],[-117.542361,49.10988]]]},"properties":{"GlobalID":"{3A556217-2856-4004-89FF-D05B793734B9}","Name":"012570478","PlanID":"{3D8861A3-FBB6-4FE7-8D36-F747F0B19167}","PlanNumber":"NEP12204","PIN":null,"PID":12570478,"Designation1":"Lot 8","Designation2":null,"Designation3":null,"ParcelStatus":"ACTIVE","RegionalDistrict":"0019","ParcelClass":"SUBDIVISION","SourceParcelID":null,"GeometrySource":"MODIFIED-ICF","IsRemainder":"NO","ParcelStartDate":null,"PositionalError":0.64257375,"LegalDescription":"LOT 8 DISTRICT LOT 1236 KOOTENAY DISTRICT PLAN 12204","CaptureMethod":"UNKNOWN","OwnerType":"PRIVATE","Compiled":1,"CreatedDate":"2016-09-20T23:24:06.000Z","ModifiedDate":"2021-02-11T23:48:16.000Z","StatedArea":null,"ErrorReportedBy":"LSA","Municipality":"0040","OBJECTID":45751,"created_user":"SDE","created_date":"2024-11-12T16:15:31.000Z","last_edited_user":"SDE","last_edited_date":"2026-03-25T16:06:10.000Z","Shape__Area":1121.9826119,"Shape__Length":153.00648797862124,"CommonName":null,"SourceGlobalID":"{81FEDBA8-E3C4-4285-BBC9-0A120612BD49}","Comments":null,"UpdateStatus":"AUTO","UpdateSource":"PMBC"}},{"type":"Feature","geometry":{"type":"Polygon","coordinates":[[[-117.55018,49.106938],[-117.549918,49.107219],[-117.549665,49.107115],[-117.549927,49.106834],[-117.55018,49.106938]]]},"properties":{"GlobalID":"{F6F9DA7D-FC38-4575-93D0-715E421BA499}","Name":"006783422","PlanID":"{7275045F-ED8D-4A6D-A18B-410010FF8DBF}","PlanNumber":"NEP11024","PIN":null,"PID":6783422,"Designation1":"Lot 3","Designation2":null,"Designation3":null,"ParcelStatus":"ACTIVE","RegionalDistrict":"0019","ParcelClass":"SUBDIVISION","SourceParcelID":null,"GeometrySource":"ICF","IsRemainder":"NO","ParcelStartDate":null,"PositionalError":3.13429116,"LegalDescription":"LOT 3 DISTRICT LOT 1236 KOOTENAY DISTRICT PLAN 11024","CaptureMethod":"UNKNOWN","OwnerType":"PRIVATE","Compiled":1,"CreatedDate":"2016-09-20T23:24:06.000Z","ModifiedDate":"2021-02-11T23:36:41.000Z","StatedArea":null,"ErrorReportedBy":"LSA","Municipality":"0040","OBJECTID":45752,"created_user":"SDE","created_date":"2024-11-12T16:15:31.000Z","last_edited_user":"SDE","last_edited_date":"2026-03-25T16:06:10.000Z","Shape__Area":797.82423232,"Shape__Length":116.85022315462734,"CommonName":null,"SourceGlobalID":"{48C99C0E-B364-4DEB-B346-91FACF656A07}","Comments":null,"UpdateStatus":"AUTO","UpdateSource":"PMBC"}},{"type":"Feature","geometry":{"type":"Polygon","coordinates":[[[-117.544154,49.110229],[-117.544449,49.109912],[-117.544517,49.10994],[-117.544658,49.109999],[-117.544368,49.110313],[-117.544154,49.110229]]]},"properties":{"GlobalID":"{16BD5F6A-2AA5-40B0-A369-FD7558F436DC}","Name":"012134066","PlanID":"{0C1F59FE-108C-4389-89B6-BC7A1C213BBD}","PlanNumber":"NEP12203","PIN":null,"PID":12134066,"Designation1":"Lot 4","Designation2":null,"Designation3":null,"ParcelStatus":"ACTIVE","RegionalDistrict":"0019","ParcelClass":"SUBDIVISION","SourceParcelID":null,"GeometrySource":"ICF","IsRemainder":"NO","ParcelStartDate":null,"PositionalError":3.606878,"LegalDescription":"LOT 4 DISTRICT LOT 1236 KOOTENAY DISTRICT PLAN 12203","CaptureMethod":"UNKNOWN","OwnerType":"PRIVATE","Compiled":1,"CreatedDate":"2016-09-20T23:24:06.000Z","ModifiedDate":"2025-10-07T18:11:56.000Z","StatedArea":null,"ErrorReportedBy":"LSA","Municipality":"0040","OBJECTID":45753,"created_user":"SDE","created_date":"2024-11-12T16:15:31.000Z","last_edited_user":"SDE","last_edited_date":"2026-03-25T16:06:10.000Z","Shape__Area":743.88250403,"Shape__Length":118.323083504692,"CommonName":null,"SourceGlobalID":"{0B1D544A-A54E-4EBA-8A0F-0A1B480E3C84}","Comments":null,"UpdateStatus":"AUTO","UpdateSource":"PMBC"}},{"type":"Feature","geometry":{"type":"Polygon","coordinates":[[[-117.533087,49.107557],[-117.532706,49.107405],[-117.533468,49.106646],[-117.533848,49.106799],[-117.533087,49.107557]]]},"properties":{"GlobalID":"{1FB57769-B968-449A-B810-351AC0CF9D5F}","Name":"019209134","PlanID":"{D08C2F23-9498-4495-913C-65AD6F8FB1DB}","PlanNumber":"NEP22175","PIN":null,"PID":19209134,"Designation1":"Lot B","Designation2":null,"Designation3":null,"ParcelStatus":"ACTIVE","RegionalDistrict":"0019","ParcelClass":"SUBDIVISION","SourceParcelID":null,"GeometrySource":"ICF","IsRemainder":"NO","ParcelStartDate":null,"PositionalError":4.31711644,"LegalDescription":"LOT B DISTRICT LOT 1236 KOOTENAY DISTRICT PLAN NEP22175","CaptureMethod":"UNKNOWN","OwnerType":"PRIVATE","Compiled":1,"CreatedDate":"2016-09-20T23:24:06.000Z","ModifiedDate":"2021-02-11T23:36:41.000Z","StatedArea":null,"ErrorReportedBy":"LSA","Municipality":"0163","OBJECTID":45754,"created_user":"SDE","created_date":"2024-11-12T16:15:31.000Z","last_edited_user":"SDE","last_edited_date":"2026-03-25T16:06:10.000Z","Shape__Area":3286.64926461,"Shape__Length":267.06926209317925,"CommonName":null,"SourceGlobalID":"{98044C19-00F0-46BD-958B-5970DEC04A36}","Comments":null,"UpdateStatus":"AUTO","UpdateSource":"PMBC"}},{"type":"Feature","geometry":{"type":"Polygon","coordinates":[[[-117.550753,49.108113],[-117.550597,49.10805],[-117.550834,49.107795],[-117.551042,49.107879],[-117.550753,49.108113]]]},"properties":{"GlobalID":"{40626319-3E6C-41C1-AF4D-96398E28E1F6}","Name":"011448032","PlanID":"{06789044-E36A-43DF-B7DE-DA9756D528FF}","PlanNumber":"NEP4239","PIN":null,"PID":11448032,"Designation1":"Lot 55","Designation2":null,"Designation3":null,"ParcelStatus":"ACTIVE","RegionalDistrict":"0019","ParcelClass":"SUBDIVISION","SourceParcelID":null,"GeometrySource":"ICF","IsRemainder":"NO","ParcelStartDate":null,"PositionalError":4.10488351,"LegalDescription":"LOT 55 DISTRICT LOT 1236 KOOTENAY DISTRICT PLAN 4239","CaptureMethod":"UNKNOWN","OwnerType":"PRIVATE","Compiled":1,"CreatedDate":"2016-09-20T23:24:06.000Z","ModifiedDate":"2021-02-11T23:36:41.000Z","StatedArea":null,"ErrorReportedBy":"LSA","Municipality":"0040","OBJECTID":45755,"created_user":"SDE","created_date":"2024-11-12T16:15:31.000Z","last_edited_user":"SDE","last_edited_date":"2026-03-25T16:06:10.000Z","Shape__Area":517.13929729,"Shape__Length":97.84877773720935,"CommonName":null,"SourceGlobalID":"{56A2C702-87E9-49B4-9DA5-70805E38DA62}","Comments":null,"UpdateStatus":"AUTO","UpdateSource":"PMBC"}},{"type":"Feature","geometry":{"type":"Polygon","coordinates":[[[-117.551303,49.099393],[-117.551133,49.099323],[-117.549358,49.098623],[-117.550203,49.097719],[-117.551135,49.098096],[-117.552136,49.098508],[-117.551303,49.099393]]]},"properties":{"GlobalID":"{D6C14285-DB21-46A3-ABDA-BA8F3E32C9F9}","Name":"015925030","PlanID":"{40698873-F640-4A4A-88E4-4E1616E4F75A}","PlanNumber":"NEP18809","PIN":null,"PID":15925030,"Designation1":"Lot 2","Designation2":null,"Designation3":null,"ParcelStatus":"ACTIVE","RegionalDistrict":"0019","ParcelClass":"SUBDIVISION","SourceParcelID":null,"GeometrySource":"ICF","IsRemainder":"NO","ParcelStartDate":null,"PositionalError":3.68702698,"LegalDescription":"LOT 2 DISTRICT LOT 1236 KOOTENAY DISTRICT PLAN 18809","CaptureMethod":"UNKNOWN","OwnerType":"PRIVATE","Compiled":1,"CreatedDate":"2016-09-20T23:24:06.000Z","ModifiedDate":"2021-02-11T23:36:41.000Z","StatedArea":null,"ErrorReportedBy":"LSA","Municipality":"0163","OBJECTID":45756,"created_user":"SDE","created_date":"2024-11-12T16:15:31.000Z","last_edited_user":"SDE","last_edited_date":"2026-03-25T16:06:10.000Z","Shape__Area":19399.880639155,"Shape__Length":565.6135773682918,"CommonName":null,"SourceGlobalID":"{E43E04E7-2E1B-4392-B79D-3C3773A8F49A}","Comments":null,"UpdateStatus":"AUTO","UpdateSource":"PMBC"}},{"type":"Feature","geometry":{"type":"Polygon","coordinates":[[[-117.547914,49.117062],[-117.547902,49.117503],[-117.547741,49.117501],[-117.54748,49.117499],[-117.547484,49.117058],[-117.547914,49.117062]]]},"properties":{"GlobalID":"{84E47D52-AA03-4ABC-9B62-2FBA1D23A3E0}","Name":"016032560","PlanID":"{39D8642D-77BA-47E5-B53D-C3E6A55AC79D}","PlanNumber":"NEP785","PIN":null,"PID":16032560,"Designation1":"Lot 20","Designation2":null,"Designation3":null,"ParcelStatus":"ACTIVE","RegionalDistrict":"0019","ParcelClass":"SUBDIVISION","SourceParcelID":null,"GeometrySource":"ICF","IsRemainder":"NO","ParcelStartDate":null,"PositionalError":4.43094379,"LegalDescription":"THAT PART OF LOT 20 DISTRICT LOT 1236 KOOTENAY DISTRICT PLAN 785 SHOWN OUTLINED IN RED ON REFERENCE PLAN 37912I","CaptureMethod":"UNKNOWN","OwnerType":"PRIVATE","Compiled":1,"CreatedDate":"2016-09-20T23:24:06.000Z","ModifiedDate":"2021-02-11T23:48:16.000Z","StatedArea":null,"ErrorReportedBy":"LSA","Municipality":"0040","OBJECTID":45757,"created_user":"SDE","created_date":"2024-11-12T16:15:31.000Z","last_edited_user":"SDE","last_edited_date":"2026-03-25T16:06:10.000Z","Shape__Area":1523.14937257,"Shape__Length":160.31979180289298,"CommonName":null,"SourceGlobalID":"{131991A7-5E60-4D2D-82B5-D73AFD82A5EC}","Comments":null,"UpdateStatus":"AUTO","UpdateSource":"PMBC"}},{"type":"Feature","geometry":{"type":"Polygon","coordinates":[[[-117.538032,49.114067],[-117.538295,49.114306],[-117.538245,49.114395],[-117.538032,49.114578],[-117.537648,49.114242],[-117.538032,49.114067]]]},"properties":{"GlobalID":"{80845434-44FB-4A1A-8B45-4E66309F8B34}","Name":"006816541","PlanID":"{4321A055-54B8-4ADA-B3D7-E5772E384D60}","PlanNumber":"NEP16821","PIN":null,"PID":6816541,"Designation1":"Lot A","Designation2":null,"Designation3":null,"ParcelStatus":"ACTIVE","RegionalDistrict":"0019","ParcelClass":"SUBDIVISION","SourceParcelID":null,"GeometrySource":"ICF","IsRemainder":"NO","ParcelStartDate":null,"PositionalError":3.98150935,"LegalDescription":"LOT A DISTRICT LOT 1236 KOOTENAY DISTRICT PLAN 16821","CaptureMethod":"UNKNOWN","OwnerType":"PRIVATE","Compiled":1,"CreatedDate":"2016-09-20T23:24:06.000Z","ModifiedDate":"2021-02-11T23:48:16.000Z","StatedArea":null,"ErrorReportedBy":"LSA","Municipality":"0163","OBJECTID":45758,"created_user":"SDE","created_date":"2024-11-12T16:15:31.000Z","last_edited_user":"SDE","last_edited_date":"2026-03-25T16:06:10.000Z","Shape__Area":1381.98092711,"Shape__Length":149.77974395169355,"CommonName":null,"SourceGlobalID":"{6FB1E7A6-1703-4C8B-BC65-E0BF10906B95}","Comments":null,"UpdateStatus":"AUTO","UpdateSource":"PMBC"}},{"type":"Feature","geometry":{"type":"Polygon","coordinates":[[[-117.530973,49.1108],[-117.530697,49.110933],[-117.53045,49.111053],[-117.528885,49.110442],[-117.529202,49.11011],[-117.530973,49.1108]]]},"properties":{"GlobalID":"{EA587770-6B13-4FC5-8533-871375430EDA}","Name":"007282079","PlanID":"{90237A2D-A16D-4FE8-BC79-BB560B91F964}","PlanNumber":"NEP5510","PIN":null,"PID":7282079,"Designation1":"Lot A","Designation2":null,"Designation3":null,"ParcelStatus":"ACTIVE","RegionalDistrict":"0019","ParcelClass":"SUBDIVISION","SourceParcelID":null,"GeometrySource":"ICF","IsRemainder":"NO","ParcelStartDate":null,"PositionalError":4.97192969,"LegalDescription":"LOT A DISTRICT LOT 1236 KOOTENAY DISTRICT PLAN 5510","CaptureMethod":"UNKNOWN","OwnerType":"PRIVATE","Compiled":1,"CreatedDate":"2016-09-20T23:24:06.000Z","ModifiedDate":"2021-02-11T23:48:16.000Z","StatedArea":null,"ErrorReportedBy":"LSA","Municipality":"0163","OBJECTID":45759,"created_user":"SDE","created_date":"2024-11-12T16:15:31.000Z","last_edited_user":"SDE","last_edited_date":"2026-03-25T16:06:10.000Z","Shape__Area":6176.20070429,"Shape__Length":374.1531950531285,"CommonName":null,"SourceGlobalID":"{6721776C-6486-4773-B208-A64F331B398F}","Comments":null,"UpdateStatus":"AUTO","UpdateSource":"PMBC"}},{"type":"Feature","geometry":{"type":"Polygon","coordinates":[[[-117.540915,49.114554],[-117.541155,49.114775],[-117.540704,49.114778],[-117.540689,49.114755],[-117.54067,49.114734],[-117.540649,49.114717],[-117.540625,49.114703],[-117.540599,49.114693],[-117.540572,49.114687],[-117.540915,49.114554]]]},"properties":{"GlobalID":"{8B98B6AE-EA6B-4AD5-B5ED-77B05767C463}","Name":"012124141","PlanID":"{A34D64F5-6443-4C6C-BD72-6DADD9ACB81F}","PlanNumber":"NEP12284","PIN":null,"PID":12124141,"Designation1":"Lot 7","Designation2":null,"Designation3":null,"ParcelStatus":"ACTIVE","RegionalDistrict":"0019","ParcelClass":"SUBDIVISION","SourceParcelID":null,"GeometrySource":"MODIFIED-ICF","IsRemainder":"NO","ParcelStartDate":null,"PositionalError":1.30179322,"LegalDescription":"LOT 7 DISTRICT LOT 1236 KOOTENAY DISTRICT PLAN 12284","CaptureMethod":"UNKNOWN","OwnerType":"PRIVATE","Compiled":1,"CreatedDate":"2016-09-20T23:24:06.000Z","ModifiedDate":"2021-02-11T23:48:16.000Z","StatedArea":null,"ErrorReportedBy":"LSA","Municipality":"0040","OBJECTID":45760,"created_user":"SDE","created_date":"2024-11-12T16:15:31.000Z","last_edited_user":"SDE","last_edited_date":"2026-03-25T16:06:10.000Z","Shape__Area":589.915652425,"Shape__Length":106.75807229356585,"CommonName":null,"SourceGlobalID":"{C5B33EBB-F782-4CA3-8F6C-B2D57CB5361D}","Comments":null,"UpdateStatus":"AUTO","UpdateSource":"PMBC"}},{"type":"Feature","geometry":{"type":"Polygon","coordinates":[[[-117.54251,49.111477],[-117.541979,49.111747],[-117.541818,49.111626],[-117.541659,49.111507],[-117.542076,49.111294],[-117.542497,49.111472],[-117.54251,49.111477]]]},"properties":{"GlobalID":"{1A971AC2-0A42-451D-860C-D778A1E9CD42}","Name":"017993750","PlanID":"{C25140F4-8F53-4010-B589-4D93DCE115C7}","PlanNumber":"NEP15536","PIN":null,"PID":17993750,"Designation1":"Parcel A","Designation2":null,"Designation3":null,"ParcelStatus":"ACTIVE","RegionalDistrict":"0019","ParcelClass":"SUBDIVISION","SourceParcelID":null,"GeometrySource":"ICF","IsRemainder":"NO","ParcelStartDate":null,"PositionalError":4.84096704,"LegalDescription":"PARCEL A (SEE XF30420) DISTRICT LOT 1236 KOOTENAY DISTRICT PLAN 15536","CaptureMethod":"UNKNOWN","OwnerType":"PRIVATE","Compiled":1,"CreatedDate":"2016-09-20T23:24:06.000Z","ModifiedDate":"2021-02-11T23:36:41.000Z","StatedArea":null,"ErrorReportedBy":"LSA","Municipality":"0040","OBJECTID":45761,"created_user":"SDE","created_date":"2024-11-12T16:15:31.000Z","last_edited_user":"SDE","last_edited_date":"2026-03-25T16:06:10.000Z","Shape__Area":1552.596656055,"Shape__Length":160.72413005630312,"CommonName":null,"SourceGlobalID":"{8862087B-577B-4A58-91F0-973871E9C66A}","Comments":null,"UpdateStatus":"AUTO","UpdateSource":"PMBC"}},{"type":"Feature","geometry":{"type":"Polygon","coordinates":[[[-117.543437,49.098531],[-117.54554,49.099417],[-117.545758,49.099509],[-117.546715,49.099913],[-117.547531,49.100264],[-117.546703,49.101114],[-117.544901,49.10035],[-117.544668,49.100255],[-117.543833,49.099921],[-117.542624,49.099382],[-117.543437,49.098531]]]},"properties":{"GlobalID":"{C8325603-E76E-4477-B866-237F8033515F}","Name":"016045939","PlanID":"{816C4699-428D-4E33-BB26-23BCF6E5C35F}","PlanNumber":"NEP785B","PIN":null,"PID":16045939,"Designation1":"Lot 187","Designation2":null,"Designation3":null,"ParcelStatus":"ACTIVE","RegionalDistrict":"0019","ParcelClass":"SUBDIVISION","SourceParcelID":null,"GeometrySource":"ICF","IsRemainder":"NO","ParcelStartDate":null,"PositionalError":5.43874422,"LegalDescription":"LOT 187 DISTRICT LOT 1236 KOOTENAY DISTRICT PLAN 785B","CaptureMethod":"UNKNOWN","OwnerType":"PRIVATE","Compiled":1,"CreatedDate":"2016-09-20T23:24:06.000Z","ModifiedDate":"2021-02-11T23:36:41.000Z","StatedArea":null,"ErrorReportedBy":"LSA","Municipality":"0163","OBJECTID":45762,"created_user":"SDE","created_date":"2024-11-12T16:15:31.000Z","last_edited_user":"SDE","last_edited_date":"2026-03-25T16:06:10.000Z","Shape__Area":40075.01582062,"Shape__Length":933.9980216461748,"CommonName":null,"SourceGlobalID":"{9753D138-FC0F-40B3-A041-E568678B264D}","Comments":null,"UpdateStatus":"AUTO","UpdateSource":"PMBC"}},{"type":"Feature","geometry":{"type":"Polygon","coordinates":[[[-117.533848,49.106799],[-117.533468,49.106646],[-117.533216,49.106543],[-117.532744,49.10635],[-117.532473,49.106239],[-117.532265,49.106154],[-117.531942,49.106021],[-117.532734,49.105214],[-117.532798,49.105149],[-117.534705,49.105926],[-117.534958,49.10603],[-117.535216,49.106137],[-117.53684,49.1068],[-117.535975,49.107673],[-117.535206,49.107359],[-117.534787,49.107187],[-117.534748,49.107171],[-117.534521,49.107078],[-117.534492,49.107066],[-117.534222,49.106955],[-117.533848,49.106799]]]},"properties":{"GlobalID":"{BEE43D67-2023-4882-9B51-CB5ABD26B986}","Name":"010228764","PlanID":"{BD41C0F2-CA81-48F9-BB2F-C1396B00D5ED}","PlanNumber":"NEP5588","PIN":null,"PID":10228764,"Designation1":"Parcel A","Designation2":null,"Designation3":null,"ParcelStatus":"ACTIVE","RegionalDistrict":"0019","ParcelClass":"SUBDIVISION","SourceParcelID":null,"GeometrySource":"ICF","IsRemainder":"NO","ParcelStartDate":null,"PositionalError":4.15751336,"LegalDescription":"PARCEL A (DD V23764) DISTRICT LOT 1236 KOOTENAY DISTRICT PLAN 5588","CaptureMethod":"UNKNOWN","OwnerType":"PRIVATE","Compiled":1,"CreatedDate":"2016-09-20T23:24:06.000Z","ModifiedDate":"2021-02-11T23:36:41.000Z","StatedArea":null,"ErrorReportedBy":"LSA","Municipality":"0163","OBJECTID":45763,"created_user":"SDE","created_date":"2024-11-12T16:15:31.000Z","last_edited_user":"SDE","last_edited_date":"2026-03-25T16:06:10.000Z","Shape__Area":40138.35047925,"Shape__Length":925.6481672017637,"CommonName":null,"SourceGlobalID":"{5FA4DF6E-3916-4077-B2F6-57DBE78E94D3}","Comments":null,"UpdateStatus":"AUTO","UpdateSource":"PMBC"}},{"type":"Feature","geometry":{"type":"Polygon","coordinates":[[[-117.549777,49.108686],[-117.549604,49.108615],[-117.549852,49.108348],[-117.550026,49.108418],[-117.549777,49.108686]]]},"properties":{"GlobalID":"{857BB264-6387-4908-BD98-1D724884B26F}","Name":"014916118","PlanID":"{06789044-E36A-43DF-B7DE-DA9756D528FF}","PlanNumber":"NEP4239","PIN":null,"PID":14916118,"Designation1":"Lot 29","Designation2":null,"Designation3":null,"ParcelStatus":"ACTIVE","RegionalDistrict":"0019","ParcelClass":"SUBDIVISION","SourceParcelID":null,"GeometrySource":"MODIFIED-ICF","IsRemainder":"NO","ParcelStartDate":null,"PositionalError":5.36677596,"LegalDescription":"LOT 29 DISTRICT LOT 1236 KOOTENAY DISTRICT PLAN 4239","CaptureMethod":"UNKNOWN","OwnerType":"PRIVATE","Compiled":1,"CreatedDate":"2016-09-20T23:24:06.000Z","ModifiedDate":"2021-02-11T23:36:41.000Z","StatedArea":null,"ErrorReportedBy":"LSA","Municipality":"0040","OBJECTID":45764,"created_user":"SDE","created_date":"2024-11-12T16:15:31.000Z","last_edited_user":"SDE","last_edited_date":"2026-03-25T16:06:10.000Z","Shape__Area":519.0049098,"Shape__Length":99.47158106449706,"CommonName":null,"SourceGlobalID":"{F6C97D80-71CE-4512-8F7B-276459EADDF0}","Comments":null,"UpdateStatus":"AUTO","UpdateSource":"PMBC"}},{"type":"Feature","geometry":{"type":"Polygon","coordinates":[[[-117.541574,49.111045],[-117.541667,49.11094],[-117.54186,49.110721],[-117.542018,49.110787],[-117.542108,49.110824],[-117.541816,49.111146],[-117.541574,49.111045]]]},"properties":{"GlobalID":"{7C15235F-9290-4BF1-B652-D617A2E0CD4E}","Name":"012623822","PlanID":"{AFDC8EF6-4FA5-4EFE-9566-FD7BCE275EBC}","PlanNumber":"NEP11917","PIN":null,"PID":12623822,"Designation1":"Lot 2","Designation2":null,"Designation3":null,"ParcelStatus":"ACTIVE","RegionalDistrict":"0019","ParcelClass":"SUBDIVISION","SourceParcelID":null,"GeometrySource":"ICF","IsRemainder":"NO","ParcelStartDate":null,"PositionalError":2.9740838,"LegalDescription":"LOT 2 DISTRICT LOT 1236 KOOTENAY DISTRICT PLAN 11917","CaptureMethod":"UNKNOWN","OwnerType":"PRIVATE","Compiled":1,"CreatedDate":"2016-09-20T23:24:06.000Z","ModifiedDate":"2025-07-16T17:14:34.000Z","StatedArea":null,"ErrorReportedBy":"LSA","Municipality":"0040","OBJECTID":45765,"created_user":"SDE","created_date":"2024-11-12T16:15:31.000Z","last_edited_user":"SDE","last_edited_date":"2026-03-25T16:06:10.000Z","Shape__Area":881.5993007,"Shape__Length":125.66735587032262,"CommonName":null,"SourceGlobalID":"{C9BB123C-2F01-4E54-B017-A8BE40392E47}","Comments":null,"UpdateStatus":"AUTO","UpdateSource":"PMBC"}},{"type":"Feature","geometry":{"type":"Polygon","coordinates":[[[-117.57866,49.088502],[-117.576012,49.088508],[-117.576164,49.08836],[-117.576873,49.088074],[-117.579054,49.088068],[-117.57866,49.088502]]]},"properties":{"GlobalID":"{8E54F73E-EE32-4F48-B212-A9433DE9A7F1}","Name":"015268586","PlanID":"{31DF9743-3379-4E3A-8E4D-D05463CC932B}","PlanNumber":"NEP2400","PIN":null,"PID":15268586,"Designation1":"Lot 4","Designation2":null,"Designation3":null,"ParcelStatus":"ACTIVE","RegionalDistrict":"0019","ParcelClass":"SUBDIVISION","SourceParcelID":null,"GeometrySource":"ICF","IsRemainder":"NO","ParcelStartDate":null,"PositionalError":2.59110215,"LegalDescription":"LOT 4 DISTRICT LOT 1236 KOOTENAY DISTRICT PLAN 2400","CaptureMethod":"UNKNOWN","OwnerType":"PRIVATE","Compiled":1,"CreatedDate":"2016-09-20T23:24:06.000Z","ModifiedDate":"2021-02-11T23:36:41.000Z","StatedArea":null,"ErrorReportedBy":"LSA","Municipality":"0163","OBJECTID":45766,"created_user":"SDE","created_date":"2024-11-12T16:15:31.000Z","last_edited_user":"SDE","last_edited_date":"2026-03-25T16:06:10.000Z","Shape__Area":8734.157514965,"Shape__Length":489.40259673372003,"CommonName":null,"SourceGlobalID":"{9E6B7CF4-6FBA-4E58-B4C6-B8A70652A6BE}","Comments":null,"UpdateStatus":"AUTO","UpdateSource":"PMBC"}},{"type":"Feature","geometry":{"type":"Polygon","coordinates":[[[-117.557389,49.123052],[-117.551161,49.122982],[-117.549723,49.122966],[-117.549786,49.120567],[-117.551209,49.120548],[-117.5575,49.120603],[-117.557389,49.123052]]]},"properties":{"GlobalID":"{5366DC2A-121E-4FB1-BC24-4BD5C8734CDA}","Name":"013085344","PlanID":"{52128A1B-2A83-4BEB-B7AA-B93D3F6CBE54}","PlanNumber":"NEP56487I","PIN":null,"PID":13085344,"Designation1":"Parcel A","Designation2":"Lot 30","Designation3":null,"ParcelStatus":"ACTIVE","RegionalDistrict":"0019","ParcelClass":"SUBDIVISION","SourceParcelID":null,"GeometrySource":"ICF","IsRemainder":"NO","ParcelStartDate":"1944-01-03T07:00:00.000Z","PositionalError":9.1899532,"LegalDescription":"PARCEL A (REFERENCE PLAN 56487I) SUBLOT 30 DISTRICT LOT 1236 KOOTENAY DISTRICT PLAN X67","CaptureMethod":"UNKNOWN","OwnerType":"PRIVATE","Compiled":1,"CreatedDate":"2016-09-20T23:24:06.000Z","ModifiedDate":"2025-09-29T19:33:53.000Z","StatedArea":null,"ErrorReportedBy":"LSA","Municipality":"0163","OBJECTID":45767,"created_user":"SDE","created_date":"2024-11-12T16:15:31.000Z","last_edited_user":"SDE","last_edited_date":"2026-03-25T16:06:10.000Z","Shape__Area":152050.46247914,"Shape__Length":1661.5675813742637,"CommonName":null,"SourceGlobalID":"{28042795-A2DE-4699-92D7-E7AE170B14B9}","Comments":null,"UpdateStatus":"AUTO","UpdateSource":"PMBC"}},{"type":"Feature","geometry":{"type":"Polygon","coordinates":[[[-117.564592,49.09435],[-117.564316,49.094596],[-117.564308,49.094605],[-117.560573,49.09305],[-117.561271,49.092315],[-117.565135,49.09393],[-117.565104,49.093949],[-117.5649,49.094104],[-117.564592,49.09435]]]},"properties":{"GlobalID":"{5493289E-A0D8-4463-80D4-BB52E0B30716}","Name":"012885975","PlanID":"{B6125177-D421-4716-9CEC-BC4C8531A12C}","PlanNumber":"NEP11013","PIN":null,"PID":12885975,"Designation1":"Lot 1","Designation2":null,"Designation3":null,"ParcelStatus":"ACTIVE","RegionalDistrict":"0019","ParcelClass":"SUBDIVISION","SourceParcelID":null,"GeometrySource":"ICF","IsRemainder":"NO","ParcelStartDate":null,"PositionalError":3.78053676,"LegalDescription":"LOT 1 DISTRICT LOT 1236 KOOTENAY DISTRICT PLAN 11013","CaptureMethod":"UNKNOWN","OwnerType":"PRIVATE","Compiled":1,"CreatedDate":"2016-09-20T23:24:06.000Z","ModifiedDate":"2021-02-11T23:36:41.000Z","StatedArea":null,"ErrorReportedBy":"LSA","Municipality":"0163","OBJECTID":45768,"created_user":"SDE","created_date":"2024-11-12T16:15:31.000Z","last_edited_user":"SDE","last_edited_date":"2026-03-25T16:06:10.000Z","Shape__Area":31436.661358985,"Shape__Length":849.7795680425585,"CommonName":null,"SourceGlobalID":"{665E1A4D-21C6-43FC-9D69-B5792AEE35A5}","Comments":null,"UpdateStatus":"AUTO","UpdateSource":"PMBC"}},{"type":"Feature","geometry":{"type":"Polygon","coordinates":[[[-117.545817,49.106798],[-117.546145,49.106455],[-117.546396,49.106558],[-117.546067,49.106901],[-117.545817,49.106798]]]},"properties":{"GlobalID":"{0CF8249B-0D42-4D88-94EF-508494F1915B}","Name":"012523763","PlanID":"{6E6BCB1F-CFB2-4E60-9DA5-1D1A9CB35945}","PlanNumber":"NEP2631","PIN":null,"PID":12523763,"Designation1":"Lot 1","Designation2":null,"Designation3":null,"ParcelStatus":"ACTIVE","RegionalDistrict":"0019","ParcelClass":"SUBDIVISION","SourceParcelID":null,"GeometrySource":"ICF","IsRemainder":"NO","ParcelStartDate":null,"PositionalError":4.4439967,"LegalDescription":"LOT 1 DISTRICT LOT 1236 KOOTENAY DISTRICT PLAN 2631","CaptureMethod":"UNKNOWN","OwnerType":"PRIVATE","Compiled":1,"CreatedDate":"2016-09-20T23:24:06.000Z","ModifiedDate":"2025-07-16T17:14:34.000Z","StatedArea":null,"ErrorReportedBy":"LSA","Municipality":"0040","OBJECTID":45769,"created_user":"SDE","created_date":"2024-11-12T16:15:31.000Z","last_edited_user":"SDE","last_edited_date":"2026-03-25T16:06:10.000Z","Shape__Area":973.00896828,"Shape__Length":133.338282798797,"CommonName":null,"SourceGlobalID":"{B42D5F2D-842C-4F92-9D2A-B9AF5F1FD9EF}","Comments":null,"UpdateStatus":"AUTO","UpdateSource":"PMBC"}},{"type":"Feature","geometry":{"type":"Polygon","coordinates":[[[-117.53725,49.10643],[-117.536865,49.1068],[-117.53684,49.1068],[-117.535216,49.106137],[-117.535635,49.105694],[-117.536206,49.105924],[-117.53648,49.106034],[-117.537279,49.106357],[-117.537307,49.106369],[-117.53725,49.10643]]]},"properties":{"GlobalID":"{88D4FADF-F585-42ED-B877-F62085FC3862}","Name":"016037979","PlanID":"{816C4699-428D-4E33-BB26-23BCF6E5C35F}","PlanNumber":"NEP785B","PIN":null,"PID":16037979,"Designation1":"Lot 276","Designation2":null,"Designation3":null,"ParcelStatus":"ACTIVE","RegionalDistrict":"0019","ParcelClass":"SUBDIVISION","SourceParcelID":null,"GeometrySource":"ICF","IsRemainder":"NO","ParcelStartDate":null,"PositionalError":4.15212798,"LegalDescription":"PARCEL A (SEE 102657I) OF LOT 276 DISTRICT LOT 1236 KOOTENAY DISTRICT PLAN 785B","CaptureMethod":"UNKNOWN","OwnerType":"PRIVATE","Compiled":1,"CreatedDate":"2016-09-20T23:24:06.000Z","ModifiedDate":"2021-02-11T23:36:41.000Z","StatedArea":null,"ErrorReportedBy":"LSA","Municipality":"0163","OBJECTID":45770,"created_user":"SDE","created_date":"2024-11-12T16:15:31.000Z","last_edited_user":"SDE","last_edited_date":"2026-03-25T16:06:10.000Z","Shape__Area":8311.77796081,"Shape__Length":400.4772978314819,"CommonName":null,"SourceGlobalID":"{D15429AA-BC2C-4472-939D-81287FD6BDA5}","Comments":null,"UpdateStatus":"AUTO","UpdateSource":"PMBC"}},{"type":"Feature","geometry":{"type":"Polygon","coordinates":[[[-117.540342,49.114562],[-117.54072,49.114378],[-117.540915,49.114554],[-117.540572,49.114687],[-117.540525,49.114679],[-117.540468,49.114678],[-117.540342,49.114562]]]},"properties":{"GlobalID":"{3B851C43-0689-4F7B-9EBE-B4ABA88546E7}","Name":"011788046","PlanID":"{A34D64F5-6443-4C6C-BD72-6DADD9ACB81F}","PlanNumber":"NEP12284","PIN":null,"PID":11788046,"Designation1":"Lot 6","Designation2":null,"Designation3":null,"ParcelStatus":"ACTIVE","RegionalDistrict":"0019","ParcelClass":"SUBDIVISION","SourceParcelID":null,"GeometrySource":"MODIFIED-ICF","IsRemainder":"NO","ParcelStartDate":null,"PositionalError":2.349984,"LegalDescription":"LOT 6 DISTRICT LOT 1236 KOOTENAY DISTRICT PLAN 12284","CaptureMethod":"UNKNOWN","OwnerType":"PRIVATE","Compiled":1,"CreatedDate":"2016-09-20T23:24:06.000Z","ModifiedDate":"2021-02-11T23:36:41.000Z","StatedArea":null,"ErrorReportedBy":"LSA","Municipality":"0040","OBJECTID":45771,"created_user":"SDE","created_date":"2024-11-12T16:15:31.000Z","last_edited_user":"SDE","last_edited_date":"2026-03-25T16:06:10.000Z","Shape__Area":754.65369936,"Shape__Length":111.06901408298648,"CommonName":null,"SourceGlobalID":"{FB7E6D16-B220-4395-9665-764ABD9F1125}","Comments":null,"UpdateStatus":"AUTO","UpdateSource":"PMBC"}},{"type":"Feature","geometry":{"type":"Polygon","coordinates":[[[-117.531484,49.117504],[-117.531753,49.117373],[-117.531994,49.117588],[-117.531728,49.117722],[-117.531484,49.117504]]]},"properties":{"GlobalID":"{86B19486-F145-40D0-9E37-63FCDABC71D5}","Name":"010227229","PlanID":"{A4B562B2-892E-40F8-9908-81684A075B5F}","PlanNumber":"NEP9400","PIN":null,"PID":10227229,"Designation1":"Lot 1","Designation2":null,"Designation3":null,"ParcelStatus":"ACTIVE","RegionalDistrict":"0019","ParcelClass":"SUBDIVISION","SourceParcelID":null,"GeometrySource":"ICF","IsRemainder":"NO","ParcelStartDate":null,"PositionalError":3.9731939,"LegalDescription":"LOT 1 DISTRICT LOT 1236 KOOTENAY DISTRICT PLAN 9400","CaptureMethod":"UNKNOWN","OwnerType":"PRIVATE","Compiled":1,"CreatedDate":"2016-09-20T23:24:06.000Z","ModifiedDate":"2025-07-10T15:29:01.000Z","StatedArea":null,"ErrorReportedBy":"LSA","Municipality":"0163","OBJECTID":45772,"created_user":"SDE","created_date":"2024-11-12T16:15:31.000Z","last_edited_user":"SDE","last_edited_date":"2026-03-25T16:06:10.000Z","Shape__Area":727.861384765,"Shape__Length":108.45804104757235,"CommonName":null,"SourceGlobalID":"{898DDBB9-DD09-4D2C-92A5-69E957EBAD10}","Comments":null,"UpdateStatus":"AUTO","UpdateSource":"PMBC"}},{"type":"Feature","geometry":{"type":"Polygon","coordinates":[[[-117.549637,49.109046],[-117.549407,49.108954],[-117.549649,49.108694],[-117.549936,49.108811],[-117.549637,49.109046]]]},"properties":{"GlobalID":"{E4077C6B-B76A-4306-BAD2-64756BE24DAD}","Name":"013082647","PlanID":"{06789044-E36A-43DF-B7DE-DA9756D528FF}","PlanNumber":"NEP4239","PIN":null,"PID":13082647,"Designation1":"Lot 18","Designation2":null,"Designation3":null,"ParcelStatus":"ACTIVE","RegionalDistrict":"0019","ParcelClass":"SUBDIVISION","SourceParcelID":null,"GeometrySource":"ICF","IsRemainder":"NO","ParcelStartDate":null,"PositionalError":5.46811902,"LegalDescription":"LOT 18 DISTRICT LOT 1236 KOOTENAY DISTRICT PLAN 4239","CaptureMethod":"UNKNOWN","OwnerType":"PRIVATE","Compiled":1,"CreatedDate":"2016-09-20T23:24:06.000Z","ModifiedDate":"2021-02-11T23:36:41.000Z","StatedArea":null,"ErrorReportedBy":"LSA","Municipality":"0040","OBJECTID":45773,"created_user":"SDE","created_date":"2024-11-12T16:15:31.000Z","last_edited_user":"SDE","last_edited_date":"2026-03-25T16:06:10.000Z","Shape__Area":748.462414015,"Shape__Length":112.24815124518189,"CommonName":null,"SourceGlobalID":"{733DC769-FED6-4929-8A89-E87FC4E76727}","Comments":null,"UpdateStatus":"AUTO","UpdateSource":"PMBC"}},{"type":"Feature","geometry":{"type":"Polygon","coordinates":[[[-117.549638,49.115224],[-117.549846,49.115122],[-117.55002,49.11528],[-117.549693,49.115436],[-117.54966,49.115452],[-117.549489,49.115298],[-117.549522,49.115282],[-117.549638,49.115224]]]},"properties":{"GlobalID":"{FB8C7522-ED14-4E8B-9A5E-E8AFC7F1120B}","Name":"011323001","PlanID":"{FA344CD0-9016-41D1-8FBB-8C4FF1F65EEC}","PlanNumber":"NEP13116","PIN":null,"PID":11323001,"Designation1":"Lot 8","Designation2":null,"Designation3":null,"ParcelStatus":"ACTIVE","RegionalDistrict":"0019","ParcelClass":"SUBDIVISION","SourceParcelID":null,"GeometrySource":"ICF","IsRemainder":"NO","ParcelStartDate":null,"PositionalError":1.88928922,"LegalDescription":"LOT 8 DISTRICT LOT 1236 KOOTENAY DISTRICT PLAN 13116","CaptureMethod":"UNKNOWN","OwnerType":"PRIVATE","Compiled":1,"CreatedDate":"2016-09-20T23:24:06.000Z","ModifiedDate":"2021-02-11T23:48:16.000Z","StatedArea":null,"ErrorReportedBy":"LSA","Municipality":"0040","OBJECTID":45774,"created_user":"SDE","created_date":"2024-11-12T16:15:31.000Z","last_edited_user":"SDE","last_edited_date":"2026-03-25T16:06:10.000Z","Shape__Area":697.2886251,"Shape__Length":107.92996437592116,"CommonName":null,"SourceGlobalID":"{3BA7C39C-5DE8-48CF-97D6-D9ACF6D53A9D}","Comments":null,"UpdateStatus":"AUTO","UpdateSource":"PMBC"}},{"type":"Feature","geometry":{"type":"Polygon","coordinates":[[[-117.53674,49.11986],[-117.536834,49.119817],[-117.537433,49.119527],[-117.538206,49.120215],[-117.537507,49.120543],[-117.53674,49.11986]]]},"properties":{"GlobalID":"{D6CE6288-B2C8-4106-8883-7F7FEE5407CD}","Name":"016037219","PlanID":"{39D8642D-77BA-47E5-B53D-C3E6A55AC79D}","PlanNumber":"NEP785","PIN":null,"PID":16037219,"Designation1":"Parcel A","Designation2":"Lot 14","Designation3":null,"ParcelStatus":"ACTIVE","RegionalDistrict":"0019","ParcelClass":"SUBDIVISION","SourceParcelID":null,"GeometrySource":"ICF","IsRemainder":"NO","ParcelStartDate":null,"PositionalError":1.7972,"LegalDescription":"PARCEL A (SEE 149820I) OF LOT 14 DISTRICT LOT 1236 KOOTENAY DISTRICT PLAN 785","CaptureMethod":"UNKNOWN","OwnerType":"PRIVATE","Compiled":1,"CreatedDate":"2016-09-20T23:24:06.000Z","ModifiedDate":"2025-04-01T23:24:00.000Z","StatedArea":null,"ErrorReportedBy":"PMBC-OPERATIONS","Municipality":"0163","OBJECTID":45775,"created_user":"SDE","created_date":"2024-11-12T16:15:31.000Z","last_edited_user":"SDE","last_edited_date":"2026-03-25T16:06:10.000Z","Shape__Area":5929.35625616,"Shape__Length":314.7769180229423,"CommonName":null,"SourceGlobalID":"{1D608F93-771F-44D4-95A0-620A1C47AFDC}","Comments":null,"UpdateStatus":"AUTO","UpdateSource":"PMBC"}},{"type":"Feature","geometry":{"type":"Polygon","coordinates":[[[-117.550834,49.107795],[-117.550597,49.10805],[-117.550411,49.107974],[-117.550647,49.107719],[-117.550834,49.107795]]]},"properties":{"GlobalID":"{A61A1FFF-42D4-4F41-85C9-4DC664E441C1}","Name":"006869823","PlanID":"{06789044-E36A-43DF-B7DE-DA9756D528FF}","PlanNumber":"NEP4239","PIN":null,"PID":6869823,"Designation1":"Lot 54","Designation2":null,"Designation3":null,"ParcelStatus":"ACTIVE","RegionalDistrict":"0019","ParcelClass":"SUBDIVISION","SourceParcelID":null,"GeometrySource":"ICF","IsRemainder":"NO","ParcelStartDate":null,"PositionalError":4.03976937,"LegalDescription":"LOT 54 DISTRICT LOT 1236 KOOTENAY DISTRICT PLAN 4239","CaptureMethod":"UNKNOWN","OwnerType":"PRIVATE","Compiled":1,"CreatedDate":"2016-09-20T23:24:06.000Z","ModifiedDate":"2021-02-11T23:36:41.000Z","StatedArea":null,"ErrorReportedBy":"LSA","Municipality":"0040","OBJECTID":45776,"created_user":"SDE","created_date":"2024-11-12T16:15:31.000Z","last_edited_user":"SDE","last_edited_date":"2026-03-25T16:06:10.000Z","Shape__Area":530.997675315,"Shape__Length":98.34417229529215,"CommonName":null,"SourceGlobalID":"{078133E4-EC44-4E10-8B55-AD335143E2C3}","Comments":null,"UpdateStatus":"AUTO","UpdateSource":"PMBC"}},{"type":"Feature","geometry":{"type":"Polygon","coordinates":[[[-117.538931,49.120691],[-117.539237,49.120543],[-117.540295,49.121481],[-117.539981,49.121631],[-117.538931,49.120691]]]},"properties":{"GlobalID":"{EC676493-31E0-48C6-816D-41DEFB1B8620}","Name":"008567280","PlanID":"{F4793AAE-640F-4AE1-A006-3E6E8AB52DF9}","PlanNumber":"NEP2974","PIN":null,"PID":8567280,"Designation1":"Lot 2","Designation2":null,"Designation3":null,"ParcelStatus":"ACTIVE","RegionalDistrict":"0019","ParcelClass":"SUBDIVISION","SourceParcelID":null,"GeometrySource":"ICF","IsRemainder":"NO","ParcelStartDate":null,"PositionalError":1.4675,"LegalDescription":"LOT 2 DISTRICT LOT 1236 KOOTENAY DISTRICT PLAN 2974","CaptureMethod":"UNKNOWN","OwnerType":"PRIVATE","Compiled":1,"CreatedDate":"2016-09-20T23:24:06.000Z","ModifiedDate":"2025-10-07T18:11:56.000Z","StatedArea":null,"ErrorReportedBy":"PMBC-OPERATIONS","Municipality":"0163","OBJECTID":45777,"created_user":"SDE","created_date":"2024-11-12T16:15:31.000Z","last_edited_user":"SDE","last_edited_date":"2026-03-25T16:06:10.000Z","Shape__Area":3636.19902014,"Shape__Length":315.3529838899621,"CommonName":null,"SourceGlobalID":"{D7FBA135-3612-4DA3-ACA9-08ABC63A51A2}","Comments":null,"UpdateStatus":"AUTO","UpdateSource":"PMBC"}},{"type":"Feature","geometry":{"type":"Polygon","coordinates":[[[-117.545227,49.113668],[-117.545259,49.113652],[-117.545352,49.11361],[-117.545611,49.113826],[-117.545512,49.113874],[-117.545478,49.113891],[-117.545227,49.113668]]]},"properties":{"GlobalID":"{DAA6B9ED-FCF6-4308-BC05-C0B2775B7279}","Name":"017165695","PlanID":"{A5BACF46-A518-44C0-8955-F34899A3BAF8}","PlanNumber":"NEP785C","PIN":null,"PID":17165695,"Designation1":"Lot 16","Designation2":"Block C","Designation3":null,"ParcelStatus":"ACTIVE","RegionalDistrict":"0019","ParcelClass":"SUBDIVISION","SourceParcelID":null,"GeometrySource":"MODIFIED-ICF","IsRemainder":"NO","ParcelStartDate":null,"PositionalError":3.23196237,"LegalDescription":"AMENDED LOT 16 (SEE 53446I) BLOCK C DISTRICT LOT 1236 KOOTENAY DISTRICT PLAN 785C","CaptureMethod":"UNKNOWN","OwnerType":"PRIVATE","Compiled":1,"CreatedDate":"2016-09-20T23:24:06.000Z","ModifiedDate":"2021-02-11T23:36:41.000Z","StatedArea":null,"ErrorReportedBy":"LSA","Municipality":"0040","OBJECTID":45778,"created_user":"SDE","created_date":"2024-11-12T16:15:31.000Z","last_edited_user":"SDE","last_edited_date":"2026-03-25T16:06:10.000Z","Shape__Area":357.00035078,"Shape__Length":84.67092486845438,"CommonName":null,"SourceGlobalID":"{BE440680-CBDD-4515-A441-36742119AA04}","Comments":null,"UpdateStatus":"AUTO","UpdateSource":"PMBC"}},{"type":"Feature","geometry":{"type":"Polygon","coordinates":[[[-117.544155,49.114514],[-117.543836,49.114661],[-117.543589,49.114436],[-117.543905,49.114281],[-117.544155,49.114514]]]},"properties":{"GlobalID":"{64B9C65C-08DB-418C-8111-9B8FB3F1461B}","Name":"026667576","PlanID":"{A5BACF46-A518-44C0-8955-F34899A3BAF8}","PlanNumber":"NEP785C","PIN":null,"PID":26667576,"Designation1":"Parcel A","Designation2":"Block B","Designation3":null,"ParcelStatus":"ACTIVE","RegionalDistrict":"0019","ParcelClass":"SUBDIVISION","SourceParcelID":null,"GeometrySource":"MODIFIED-ICF","IsRemainder":"NO","ParcelStartDate":"2006-05-17T07:00:00.000Z","PositionalError":2.25525027,"LegalDescription":"PARCEL A (BEING A CONSOLIDATION OF LOTS 12 AND 13, SEE LA63739) BLOCK B DISTRICT LOT 1236 KOOTENAY DISTRICT PLAN 785C","CaptureMethod":"UNKNOWN","OwnerType":"PRIVATE","Compiled":1,"CreatedDate":"2016-09-20T23:24:06.000Z","ModifiedDate":"2021-02-11T23:36:41.000Z","StatedArea":null,"ErrorReportedBy":"LSA","Municipality":"0040","OBJECTID":45779,"created_user":"SDE","created_date":"2024-11-12T16:15:31.000Z","last_edited_user":"SDE","last_edited_date":"2026-03-25T16:06:10.000Z","Shape__Area":893.820632125,"Shape__Length":119.70768778610595,"CommonName":null,"SourceGlobalID":"{200332E1-EBA5-473A-B13B-666E1391E5B3}","Comments":null,"UpdateStatus":"AUTO","UpdateSource":"PMBC"}},{"type":"Feature","geometry":{"type":"Polygon","coordinates":[[[-117.541559,49.114053],[-117.541922,49.114402],[-117.541876,49.114437],[-117.541783,49.114509],[-117.541388,49.11413],[-117.541559,49.114053]]]},"properties":{"GlobalID":"{B697D265-3201-46D4-BB9C-855FF57529A5}","Name":"015816893","PlanID":"{B3DA3BA1-6446-4472-8933-200A07FEB7B4}","PlanNumber":"NEP2679","PIN":null,"PID":15816893,"Designation1":"Lot 1","Designation2":"Block 2","Designation3":null,"ParcelStatus":"ACTIVE","RegionalDistrict":"0019","ParcelClass":"SUBDIVISION","SourceParcelID":null,"GeometrySource":"MODIFIED-ICF","IsRemainder":"NO","ParcelStartDate":null,"PositionalError":1.2410853,"LegalDescription":"LOT 1 BLOCK 2 DISTRICT LOT 1236 KOOTENAY DISTRICT PLAN 2679","CaptureMethod":"UNKNOWN","OwnerType":"PRIVATE","Compiled":1,"CreatedDate":"2016-09-20T23:24:06.000Z","ModifiedDate":"2021-02-11T23:36:41.000Z","StatedArea":null,"ErrorReportedBy":"LSA","Municipality":"0040","OBJECTID":45780,"created_user":"SDE","created_date":"2024-11-12T16:15:31.000Z","last_edited_user":"SDE","last_edited_date":"2026-03-25T16:06:10.000Z","Shape__Area":739.812035785,"Shape__Length":128.73668135724432,"CommonName":null,"SourceGlobalID":"{D480DCBA-D0A7-4A1C-BD2C-2E72E3508EE2}","Comments":null,"UpdateStatus":"AUTO","UpdateSource":"PMBC"}},{"type":"Feature","geometry":{"type":"MultiPolygon","coordinates":[[[[-117.521612,49.140566],[-117.520378,49.140559],[-117.520726,49.139457],[-117.521643,49.139785],[-117.521612,49.140566]]],[[[-117.521891,49.140558],[-117.521896,49.140038],[-117.521929,49.139898],[-117.523772,49.140552],[-117.521891,49.140558]]]]},"properties":{"GlobalID":"{712274CA-B0D0-4A28-9C37-67B96B3CEAE3}","Name":"012426636","PlanID":"{14917000-975D-4062-BF9B-83C009C5BC3A}","PlanNumber":"NEP6861","PIN":null,"PID":12426636,"Designation1":"Lot 3","Designation2":null,"Designation3":null,"ParcelStatus":"ACTIVE","RegionalDistrict":"0019","ParcelClass":"SUBDIVISION","SourceParcelID":null,"GeometrySource":"ICF","IsRemainder":"NO","ParcelStartDate":null,"PositionalError":5.6399616,"LegalDescription":"LOT 3 DISTRICT LOT 1236 KOOTENAY DISTRICT PLAN 6861","CaptureMethod":"UNKNOWN","OwnerType":"PRIVATE","Compiled":1,"CreatedDate":"2016-09-20T23:24:06.000Z","ModifiedDate":"2021-02-11T23:48:16.000Z","StatedArea":null,"ErrorReportedBy":"LSA","Municipality":"0163","OBJECTID":45781,"created_user":"SDE","created_date":"2024-11-12T16:15:31.000Z","last_edited_user":"SDE","last_edited_date":"2026-03-25T16:06:10.000Z","Shape__Area":13569.527836815,"Shape__Length":741.6898252382382,"CommonName":null,"SourceGlobalID":"{F3B15546-429A-4966-A45C-8BCC7B7E9C0C}","Comments":null,"UpdateStatus":"AUTO","UpdateSource":"PMBC"}},{"type":"Feature","geometry":{"type":"Polygon","coordinates":[[[-117.545745,49.113762],[-117.545484,49.113552],[-117.545635,49.113483],[-117.545879,49.113698],[-117.545745,49.113762]]]},"properties":{"GlobalID":"{3CB69ECE-09B7-4D18-9A49-151E3FE8B316}","Name":"017165661","PlanID":"{A5BACF46-A518-44C0-8955-F34899A3BAF8}","PlanNumber":"NEP785C","PIN":null,"PID":17165661,"Designation1":"Lot 14","Designation2":"Block C","Designation3":null,"ParcelStatus":"ACTIVE","RegionalDistrict":"0019","ParcelClass":"SUBDIVISION","SourceParcelID":null,"GeometrySource":"MODIFIED-ICF","IsRemainder":"NO","ParcelStartDate":null,"PositionalError":3.28410264,"LegalDescription":"AMENDED LOT 14 (SEE 53446I) BLOCK C DISTRICT LOT 1236 KOOTENAY DISTRICT PLAN 785C","CaptureMethod":"UNKNOWN","OwnerType":"PRIVATE","Compiled":1,"CreatedDate":"2016-09-20T23:24:06.000Z","ModifiedDate":"2021-02-11T23:36:41.000Z","StatedArea":null,"ErrorReportedBy":"LSA","Municipality":"0040","OBJECTID":45782,"created_user":"SDE","created_date":"2024-11-12T16:15:31.000Z","last_edited_user":"SDE","last_edited_date":"2026-03-25T16:06:10.000Z","Shape__Area":381.38624589,"Shape__Length":85.41021906375111,"CommonName":null,"SourceGlobalID":"{6E4CA69F-5C7B-42B3-83CE-4EF2B665E5A0}","Comments":null,"UpdateStatus":"AUTO","UpdateSource":"PMBC"}},{"type":"Feature","geometry":{"type":"Polygon","coordinates":[[[-117.547116,49.116093],[-117.547302,49.116004],[-117.547537,49.116236],[-117.54735,49.116325],[-117.547116,49.116093]]]},"properties":{"GlobalID":"{166E2A68-9C71-410D-974D-41EA48AFAFBE}","Name":"015192181","PlanID":"{6E15A961-0906-48A5-A387-025D7FE00366}","PlanNumber":"NEP2483","PIN":null,"PID":15192181,"Designation1":"Lot 4","Designation2":null,"Designation3":null,"ParcelStatus":"ACTIVE","RegionalDistrict":"0019","ParcelClass":"SUBDIVISION","SourceParcelID":null,"GeometrySource":"ICF","IsRemainder":"NO","ParcelStartDate":null,"PositionalError":3.5459477,"LegalDescription":"LOT 4 DISTRICT LOT 1236 KOOTENAY DISTRICT PLAN 2483","CaptureMethod":"UNKNOWN","OwnerType":"PRIVATE","Compiled":1,"CreatedDate":"2016-09-20T23:24:06.000Z","ModifiedDate":"2025-07-16T17:14:34.000Z","StatedArea":null,"ErrorReportedBy":"LSA","Municipality":"0040","OBJECTID":45783,"created_user":"SDE","created_date":"2024-11-12T16:15:31.000Z","last_edited_user":"SDE","last_edited_date":"2026-03-25T16:06:10.000Z","Shape__Area":520.55232423,"Shape__Length":95.57302924134237,"CommonName":null,"SourceGlobalID":"{5C12942F-1E41-4BDE-A35D-74074219C328}","Comments":null,"UpdateStatus":"AUTO","UpdateSource":"PMBC"}},{"type":"Feature","geometry":{"type":"Polygon","coordinates":[[[-117.550085,49.116477],[-117.550296,49.116373],[-117.55056,49.116602],[-117.55035,49.116706],[-117.550085,49.116477]]]},"properties":{"GlobalID":"{09AD7249-36E0-4B92-88A9-275A5C8DDC9D}","Name":"009695362","PlanID":"{E53EA1E1-D40B-4183-BE12-CBC7B80C1B76}","PlanNumber":"NEP14851","PIN":null,"PID":9695362,"Designation1":"Lot 2","Designation2":null,"Designation3":null,"ParcelStatus":"ACTIVE","RegionalDistrict":"0019","ParcelClass":"SUBDIVISION","SourceParcelID":null,"GeometrySource":"ICF","IsRemainder":"NO","ParcelStartDate":null,"PositionalError":2.71202841,"LegalDescription":"LOT 2 DISTRICT LOT 1236 KOOTENAY DISTRICT PLAN 14851","CaptureMethod":"UNKNOWN","OwnerType":"PRIVATE","Compiled":1,"CreatedDate":"2016-09-20T23:24:06.000Z","ModifiedDate":"2021-02-11T23:36:41.000Z","StatedArea":null,"ErrorReportedBy":"LSA","Municipality":"0040","OBJECTID":45784,"created_user":"SDE","created_date":"2024-11-12T16:15:31.000Z","last_edited_user":"SDE","last_edited_date":"2026-03-25T16:06:10.000Z","Shape__Area":613.561265785,"Shape__Length":102.2990965539413,"CommonName":null,"SourceGlobalID":"{391C40FC-17E6-4010-BF1B-A36C1E555970}","Comments":null,"UpdateStatus":"AUTO","UpdateSource":"PMBC"}},{"type":"Feature","geometry":{"type":"Polygon","coordinates":[[[-117.566052,49.093352],[-117.565767,49.093514],[-117.565523,49.093672],[-117.562191,49.092154],[-117.561593,49.09196],[-117.561901,49.091595],[-117.566052,49.093352]]]},"properties":{"GlobalID":"{5BBD116A-A93F-4757-A782-CC0935BF8F14}","Name":"006454496","PlanID":"{B2A57441-4BB8-48C9-A496-CFF04E440006}","PlanNumber":"NEP17050","PIN":null,"PID":6454496,"Designation1":"Lot A","Designation2":null,"Designation3":null,"ParcelStatus":"ACTIVE","RegionalDistrict":"0019","ParcelClass":"SUBDIVISION","SourceParcelID":null,"GeometrySource":"ICF","IsRemainder":"NO","ParcelStartDate":null,"PositionalError":2.89464175,"LegalDescription":"LOT A DISTRICT LOT 1236 KOOTENAY DISTRICT PLAN 17050","CaptureMethod":"UNKNOWN","OwnerType":"PRIVATE","Compiled":1,"CreatedDate":"2016-09-20T23:24:06.000Z","ModifiedDate":"2021-02-11T23:36:41.000Z","StatedArea":"15627","ErrorReportedBy":"LSA","Municipality":"0163","OBJECTID":45785,"created_user":"SDE","created_date":"2024-11-12T16:15:31.000Z","last_edited_user":"SDE","last_edited_date":"2026-03-25T16:06:10.000Z","Shape__Area":16047.11680881,"Shape__Length":804.169971298979,"CommonName":null,"SourceGlobalID":"{2579A06C-F760-4171-B86E-5D0DB9CA99C8}","Comments":null,"UpdateStatus":"AUTO","UpdateSource":"PMBC"}},{"type":"Feature","geometry":{"type":"Polygon","coordinates":[[[-117.549854,49.115579],[-117.550181,49.115425],[-117.550365,49.115591],[-117.550039,49.115743],[-117.550005,49.115759],[-117.549819,49.115595],[-117.549854,49.115579]]]},"properties":{"GlobalID":"{DD625939-3986-49D7-B6E5-E1ECEABF798D}","Name":"011322977","PlanID":"{FA344CD0-9016-41D1-8FBB-8C4FF1F65EEC}","PlanNumber":"NEP13116","PIN":null,"PID":11322977,"Designation1":"Lot 6","Designation2":null,"Designation3":null,"ParcelStatus":"ACTIVE","RegionalDistrict":"0019","ParcelClass":"SUBDIVISION","SourceParcelID":null,"GeometrySource":"ICF","IsRemainder":"NO","ParcelStartDate":null,"PositionalError":2.04203818,"LegalDescription":"LOT 6 DISTRICT LOT 1236 KOOTENAY DISTRICT PLAN 13116","CaptureMethod":"UNKNOWN","OwnerType":"PRIVATE","Compiled":1,"CreatedDate":"2016-09-20T23:24:06.000Z","ModifiedDate":"2021-02-11T23:48:16.000Z","StatedArea":null,"ErrorReportedBy":"LSA","Municipality":"0040","OBJECTID":45786,"created_user":"SDE","created_date":"2024-11-12T16:15:31.000Z","last_edited_user":"SDE","last_edited_date":"2026-03-25T16:06:10.000Z","Shape__Area":736.929019875,"Shape__Length":110.30399795795581,"CommonName":null,"SourceGlobalID":"{0D4D982E-691F-4D80-A811-8A4338326BE1}","Comments":null,"UpdateStatus":"AUTO","UpdateSource":"PMBC"}},{"type":"Feature","geometry":{"type":"Polygon","coordinates":[[[-117.558368,49.094994],[-117.556779,49.094338],[-117.557203,49.093894],[-117.558789,49.094551],[-117.558368,49.094994]]]},"properties":{"GlobalID":"{2E358B76-4E56-4E95-AFE5-85F82AB86C8A}","Name":"012574406","PlanID":"{1C7481BB-397D-4133-A2B4-CDEB14A75AA3}","PlanNumber":"NEP6393","PIN":null,"PID":12574406,"Designation1":"Lot 1","Designation2":null,"Designation3":null,"ParcelStatus":"ACTIVE","RegionalDistrict":"0019","ParcelClass":"SUBDIVISION","SourceParcelID":null,"GeometrySource":"ICF","IsRemainder":"NO","ParcelStartDate":null,"PositionalError":3.0231565,"LegalDescription":"LOT 1 DISTRICT LOT 1236 KOOTENAY DISTRICT PLAN 6393","CaptureMethod":"UNKNOWN","OwnerType":"PRIVATE","Compiled":1,"CreatedDate":"2016-09-20T23:24:06.000Z","ModifiedDate":"2021-02-11T23:36:41.000Z","StatedArea":null,"ErrorReportedBy":"LSA","Municipality":"0163","OBJECTID":45787,"created_user":"SDE","created_date":"2024-11-12T16:15:31.000Z","last_edited_user":"SDE","last_edited_date":"2026-03-25T16:06:10.000Z","Shape__Area":7963.420767775,"Shape__Length":390.2047824795124,"CommonName":null,"SourceGlobalID":"{FEEA6F2B-DB4A-429F-A9A9-20A0035D52DF}","Comments":null,"UpdateStatus":"AUTO","UpdateSource":"PMBC"}},{"type":"Feature","geometry":{"type":"Polygon","coordinates":[[[-117.546853,49.116901],[-117.54647,49.116901],[-117.546372,49.116813],[-117.546626,49.116699],[-117.546853,49.116901]]]},"properties":{"GlobalID":"{31DBE200-A016-445A-A718-71A0CC4943FA}","Name":"015095550","PlanID":"{252F5395-A691-4EB8-85AC-5C9A9DBFBD76}","PlanNumber":"NEP2879","PIN":null,"PID":15095550,"Designation1":"Lot 3","Designation2":null,"Designation3":null,"ParcelStatus":"ACTIVE","RegionalDistrict":"0019","ParcelClass":"SUBDIVISION","SourceParcelID":null,"GeometrySource":"ICF","IsRemainder":"NO","ParcelStartDate":null,"PositionalError":3.26427465,"LegalDescription":"LOT 3 DISTRICT LOT 1236 KOOTENAY DISTRICT PLAN 2879","CaptureMethod":"UNKNOWN","OwnerType":"PRIVATE","Compiled":1,"CreatedDate":"2016-09-20T23:24:06.000Z","ModifiedDate":"2021-02-11T23:48:16.000Z","StatedArea":null,"ErrorReportedBy":"LSA","Municipality":"0040","OBJECTID":45788,"created_user":"SDE","created_date":"2024-11-12T16:15:31.000Z","last_edited_user":"SDE","last_edited_date":"2026-03-25T16:06:10.000Z","Shape__Area":451.30350134,"Shape__Length":90.5431445020994,"CommonName":null,"SourceGlobalID":"{AAACF7C7-8C13-4DD5-9494-7A2583647470}","Comments":null,"UpdateStatus":"AUTO","UpdateSource":"PMBC"}},{"type":"Feature","geometry":{"type":"Polygon","coordinates":[[[-117.511014,49.141091],[-117.511016,49.140724],[-117.515,49.140724],[-117.514991,49.141081],[-117.511014,49.141091]]]},"properties":{"GlobalID":"{D140E21B-C438-4B51-9468-BCDD3EF5DB81}","Name":"014373203","PlanID":"{A8414CEC-38CD-4EB1-9BD6-9D7F1B147233}","PlanNumber":"NEP7085","PIN":null,"PID":14373203,"Designation1":"Lot 2","Designation2":null,"Designation3":null,"ParcelStatus":"ACTIVE","RegionalDistrict":"0019","ParcelClass":"SUBDIVISION","SourceParcelID":null,"GeometrySource":"ICF","IsRemainder":"NO","ParcelStartDate":null,"PositionalError":11.92102821,"LegalDescription":"LOT 2 DISTRICT LOT 1236 KOOTENAY DISTRICT PLAN 7085","CaptureMethod":"UNKNOWN","OwnerType":"PRIVATE","Compiled":1,"CreatedDate":"2016-09-20T23:24:06.000Z","ModifiedDate":"2021-02-11T23:48:16.000Z","StatedArea":null,"ErrorReportedBy":"LSA","Municipality":"0163","OBJECTID":45789,"created_user":"SDE","created_date":"2024-11-12T16:15:31.000Z","last_edited_user":"SDE","last_edited_date":"2026-03-25T16:06:10.000Z","Shape__Area":11695.408823435,"Shape__Length":661.2002762640859,"CommonName":null,"SourceGlobalID":"{6641D92A-89D7-49A4-A366-AF80D20E6A81}","Comments":null,"UpdateStatus":"AUTO","UpdateSource":"PMBC"}},{"type":"Feature","geometry":{"type":"Polygon","coordinates":[[[-117.550867,49.107615],[-117.551019,49.107451],[-117.551169,49.107529],[-117.551334,49.107597],[-117.551169,49.107742],[-117.550867,49.107615]]]},"properties":{"GlobalID":"{5A95931A-B404-49B6-A047-B03E2C9643BE}","Name":"013058053","PlanID":"{C3B93F02-5206-4CAE-89DF-CB792ED41FC3}","PlanNumber":"NEP9571","PIN":null,"PID":13058053,"Designation1":"Lot 1","Designation2":null,"Designation3":null,"ParcelStatus":"ACTIVE","RegionalDistrict":"0019","ParcelClass":"SUBDIVISION","SourceParcelID":null,"GeometrySource":"ICF","IsRemainder":"NO","ParcelStartDate":null,"PositionalError":5.2727956,"LegalDescription":"LOT 1 DISTRICT LOT 1236 KOOTENAY DISTRICT PLAN 9571","CaptureMethod":"UNKNOWN","OwnerType":"PRIVATE","Compiled":1,"CreatedDate":"2016-09-20T23:24:06.000Z","ModifiedDate":"2025-07-16T17:14:34.000Z","StatedArea":null,"ErrorReportedBy":"LSA","Municipality":"0040","OBJECTID":45790,"created_user":"SDE","created_date":"2024-11-12T16:15:31.000Z","last_edited_user":"SDE","last_edited_date":"2026-03-25T16:06:10.000Z","Shape__Area":551.841876225,"Shape__Length":95.82256417573599,"CommonName":null,"SourceGlobalID":"{72A7F018-BCBE-4FCB-8283-3AEA3180D615}","Comments":null,"UpdateStatus":"AUTO","UpdateSource":"PMBC"}},{"type":"Feature","geometry":{"type":"Polygon","coordinates":[[[-117.54801,49.11696],[-117.548273,49.116731],[-117.548552,49.116834],[-117.548433,49.116956],[-117.54801,49.11696]]]},"properties":{"GlobalID":"{CCBF136B-0689-4EAD-88CC-251D8CD445B9}","Name":"015206645","PlanID":"{7DE75C5C-E4BA-4B6A-B7AF-96A24466A988}","PlanNumber":"NEP2564","PIN":null,"PID":15206645,"Designation1":"Lot 5","Designation2":null,"Designation3":null,"ParcelStatus":"ACTIVE","RegionalDistrict":"0019","ParcelClass":"SUBDIVISION","SourceParcelID":null,"GeometrySource":"ICF","IsRemainder":"NO","ParcelStartDate":null,"PositionalError":3.87233301,"LegalDescription":"LOT 5 DISTRICT LOT 1236 KOOTENAY DISTRICT PLAN 2564","CaptureMethod":"UNKNOWN","OwnerType":"PRIVATE","Compiled":1,"CreatedDate":"2016-09-20T23:24:06.000Z","ModifiedDate":"2021-02-11T23:48:16.000Z","StatedArea":null,"ErrorReportedBy":"LSA","Municipality":"0040","OBJECTID":45791,"created_user":"SDE","created_date":"2024-11-12T16:15:31.000Z","last_edited_user":"SDE","last_edited_date":"2026-03-25T16:06:10.000Z","Shape__Area":575.4265155,"Shape__Length":102.12830413073935,"CommonName":null,"SourceGlobalID":"{FF1E58CF-B608-4B0F-924F-8348AEE78D46}","Comments":null,"UpdateStatus":"AUTO","UpdateSource":"PMBC"}},{"type":"Feature","geometry":{"type":"Polygon","coordinates":[[[-117.545488,49.105448],[-117.546188,49.104708],[-117.546672,49.104907],[-117.545972,49.105647],[-117.545488,49.105448]]]},"properties":{"GlobalID":"{F4CBC122-194D-4009-AEF3-8BE77DAF58A4}","Name":"013064312","PlanID":"{2936B9E3-F52F-4D8C-8358-399220F358E0}","PlanNumber":"NEP9521","PIN":null,"PID":13064312,"Designation1":"Lot 4","Designation2":null,"Designation3":null,"ParcelStatus":"ACTIVE","RegionalDistrict":"0019","ParcelClass":"SUBDIVISION","SourceParcelID":null,"GeometrySource":"ICF","IsRemainder":"NO","ParcelStartDate":null,"PositionalError":2.02881952,"LegalDescription":"LOT 4 DISTRICT LOT 1236 KOOTENAY DISTRICT PLAN 9521","CaptureMethod":"UNKNOWN","OwnerType":"PRIVATE","Compiled":1,"CreatedDate":"2016-09-20T23:24:06.000Z","ModifiedDate":"2021-02-11T23:36:41.000Z","StatedArea":null,"ErrorReportedBy":"LSA","Municipality":"0040","OBJECTID":45792,"created_user":"SDE","created_date":"2024-11-12T16:15:31.000Z","last_edited_user":"SDE","last_edited_date":"2026-03-25T16:06:10.000Z","Shape__Area":4039.82908251,"Shape__Length":277.1563560713556,"CommonName":null,"SourceGlobalID":"{9B10FDEE-8486-45F8-AF5C-934D47896970}","Comments":null,"UpdateStatus":"AUTO","UpdateSource":"PMBC"}},{"type":"Feature","geometry":{"type":"Polygon","coordinates":[[[-117.543418,49.110446],[-117.543341,49.11068],[-117.54294,49.110512],[-117.5433,49.110346],[-117.543312,49.11037],[-117.543328,49.110392],[-117.543347,49.110411],[-117.543369,49.110426],[-117.543393,49.110438],[-117.543418,49.110446]]]},"properties":{"GlobalID":"{998DA647-52D4-45C5-B8FA-6B16E5BF103A}","Name":"010402055","PlanID":"{0C1F59FE-108C-4389-89B6-BC7A1C213BBD}","PlanNumber":"NEP12203","PIN":null,"PID":10402055,"Designation1":"Lot 8","Designation2":null,"Designation3":null,"ParcelStatus":"ACTIVE","RegionalDistrict":"0019","ParcelClass":"SUBDIVISION","SourceParcelID":null,"GeometrySource":"MODIFIED-ICF","IsRemainder":"NO","ParcelStartDate":null,"PositionalError":1.76052968,"LegalDescription":"LOT 8 DISTRICT LOT 1236 KOOTENAY DISTRICT PLAN 12203","CaptureMethod":"UNKNOWN","OwnerType":"PRIVATE","Compiled":1,"CreatedDate":"2016-09-20T23:24:06.000Z","ModifiedDate":"2021-02-11T23:48:16.000Z","StatedArea":null,"ErrorReportedBy":"LSA","Municipality":"0040","OBJECTID":45793,"created_user":"SDE","created_date":"2024-11-12T16:15:31.000Z","last_edited_user":"SDE","last_edited_date":"2026-03-25T16:06:10.000Z","Shape__Area":643.973094315,"Shape__Length":108.05243015596126,"CommonName":null,"SourceGlobalID":"{6184D9F4-CE1A-401E-BD72-E9EA21E5A829}","Comments":null,"UpdateStatus":"AUTO","UpdateSource":"PMBC"}},{"type":"Feature","geometry":{"type":"Polygon","coordinates":[[[-117.530892,49.116608],[-117.530291,49.116899],[-117.530264,49.116913],[-117.530078,49.116748],[-117.531354,49.116129],[-117.53154,49.116295],[-117.531216,49.116452],[-117.530892,49.116608]]]},"properties":{"GlobalID":"{B6410439-2C8B-4E70-B10B-F9E20587D6EC}","Name":"012130702","PlanID":"{65570315-9787-4521-B75D-A8E83092E787}","PlanNumber":"NEP2936","PIN":null,"PID":12130702,"Designation1":"Lot 4","Designation2":null,"Designation3":null,"ParcelStatus":"ACTIVE","RegionalDistrict":"0019","ParcelClass":"SUBDIVISION","SourceParcelID":null,"GeometrySource":"ICF","IsRemainder":"NO","ParcelStartDate":null,"PositionalError":3.90342134,"LegalDescription":"LOT 4 DISTRICT LOT 1236 KOOTENAY DISTRICT PLAN 2936","CaptureMethod":"UNKNOWN","OwnerType":"PRIVATE","Compiled":1,"CreatedDate":"2016-09-20T23:24:06.000Z","ModifiedDate":"2021-02-11T23:48:16.000Z","StatedArea":null,"ErrorReportedBy":"LSA","Municipality":"0163","OBJECTID":45794,"created_user":"SDE","created_date":"2024-11-12T16:15:31.000Z","last_edited_user":"SDE","last_edited_date":"2026-03-25T16:06:10.000Z","Shape__Area":2643.045266695,"Shape__Length":277.29438268041724,"CommonName":null,"SourceGlobalID":"{1E8FD0BD-13C0-461E-A022-A51A41C4F727}","Comments":null,"UpdateStatus":"AUTO","UpdateSource":"PMBC"}},{"type":"Feature","geometry":{"type":"Polygon","coordinates":[[[-117.531508,49.106908],[-117.532265,49.106154],[-117.532473,49.106239],[-117.531715,49.106994],[-117.531508,49.106908]]]},"properties":{"GlobalID":"{3F9670F3-6D08-4026-AB85-0B23145D8BE2}","Name":"013729942","PlanID":"{E051A820-D014-4AB4-81FE-3E1E35F35225}","PlanNumber":"NEP2721","PIN":null,"PID":13729942,"Designation1":"Lot 10","Designation2":null,"Designation3":null,"ParcelStatus":"ACTIVE","RegionalDistrict":"0019","ParcelClass":"SUBDIVISION","SourceParcelID":null,"GeometrySource":"ICF","IsRemainder":"NO","ParcelStartDate":null,"PositionalError":4.196605,"LegalDescription":"LOT 10 DISTRICT LOT 1236 KOOTENAY DISTRICT PLAN 2721","CaptureMethod":"UNKNOWN","OwnerType":"PRIVATE","Compiled":1,"CreatedDate":"2016-09-20T23:24:06.000Z","ModifiedDate":"2025-10-07T18:11:56.000Z","StatedArea":null,"ErrorReportedBy":"LSA","Municipality":"0163","OBJECTID":45795,"created_user":"SDE","created_date":"2024-11-12T16:15:31.000Z","last_edited_user":"SDE","last_edited_date":"2026-03-25T16:06:10.000Z","Shape__Area":1798.070837125,"Shape__Length":236.70854770890082,"CommonName":null,"SourceGlobalID":"{C73AAB8D-3072-46A5-92AC-B47AFBA7D907}","Comments":null,"UpdateStatus":"AUTO","UpdateSource":"PMBC"}},{"type":"Feature","geometry":{"type":"Polygon","coordinates":[[[-117.548297,49.116503],[-117.547897,49.116148],[-117.548123,49.116041],[-117.548439,49.11632],[-117.548297,49.116503]]]},"properties":{"GlobalID":"{57D9213E-B1D4-4026-8B99-5A318594FD6C}","Name":"015197794","PlanID":"{7DE75C5C-E4BA-4B6A-B7AF-96A24466A988}","PlanNumber":"NEP2564","PIN":null,"PID":15197794,"Designation1":"Lot 9","Designation2":null,"Designation3":null,"ParcelStatus":"ACTIVE","RegionalDistrict":"0019","ParcelClass":"SUBDIVISION","SourceParcelID":null,"GeometrySource":"ICF","IsRemainder":"NO","ParcelStartDate":null,"PositionalError":4.15041445,"LegalDescription":"AMENDED LOT 9 (SEE 131522I) DISTRICT LOT 1236 KOOTENAY DISTRICT PLAN 2564","CaptureMethod":"UNKNOWN","OwnerType":"PRIVATE","Compiled":1,"CreatedDate":"2016-09-20T23:24:06.000Z","ModifiedDate":"2021-02-11T23:36:41.000Z","StatedArea":null,"ErrorReportedBy":"LSA","Municipality":"0040","OBJECTID":45796,"created_user":"SDE","created_date":"2024-11-12T16:15:31.000Z","last_edited_user":"SDE","last_edited_date":"2026-03-25T16:06:10.000Z","Shape__Area":891.67540771,"Shape__Length":130.75224225105444,"CommonName":null,"SourceGlobalID":"{B670AD42-AD8E-4572-8FE6-254AD97A6131}","Comments":null,"UpdateStatus":"AUTO","UpdateSource":"PMBC"}},{"type":"Feature","geometry":{"type":"Polygon","coordinates":[[[-117.545935,49.113746],[-117.546071,49.113682],[-117.546314,49.113905],[-117.546177,49.113969],[-117.545935,49.113746]]]},"properties":{"GlobalID":"{E9170B23-DC6A-40BF-8770-78464BDA051B}","Name":"016045629","PlanID":"{A5BACF46-A518-44C0-8955-F34899A3BAF8}","PlanNumber":"NEP785C","PIN":null,"PID":16045629,"Designation1":"Lot 12","Designation2":"Block C","Designation3":null,"ParcelStatus":"ACTIVE","RegionalDistrict":"0019","ParcelClass":"SUBDIVISION","SourceParcelID":null,"GeometrySource":"MODIFIED-ICF","IsRemainder":"NO","ParcelStartDate":null,"PositionalError":3.19010328,"LegalDescription":"AMENDED LOT 12 (SEE 53446I) BLOCK C DISTRICT LOT 1236 KOOTENAY DISTRICT PLAN 785C","CaptureMethod":"UNKNOWN","OwnerType":"PRIVATE","Compiled":1,"CreatedDate":"2016-09-20T23:24:06.000Z","ModifiedDate":"2021-02-11T23:48:16.000Z","StatedArea":null,"ErrorReportedBy":"LSA","Municipality":"0040","OBJECTID":45797,"created_user":"SDE","created_date":"2024-11-12T16:15:31.000Z","last_edited_user":"SDE","last_edited_date":"2026-03-25T16:06:10.000Z","Shape__Area":373.1679748,"Shape__Length":85.45637263875683,"CommonName":null,"SourceGlobalID":"{BD7D5AE5-691E-48EC-A733-19BDBDE9B0C9}","Comments":null,"UpdateStatus":"AUTO","UpdateSource":"PMBC"}},{"type":"Feature","geometry":{"type":"Polygon","coordinates":[[[-117.543002,49.117028],[-117.543846,49.117034],[-117.543814,49.117061],[-117.543576,49.117262],[-117.543338,49.117463],[-117.543004,49.117168],[-117.543002,49.117028]]]},"properties":{"GlobalID":"{2B5E474E-C80D-4A2B-9B5F-3CD62575A563}","Name":"012359700","PlanID":"{39D8642D-77BA-47E5-B53D-C3E6A55AC79D}","PlanNumber":"NEP785","PIN":null,"PID":12359700,"Designation1":"REM Parcel B","Designation2":"REM Lot 18","Designation3":null,"ParcelStatus":"ACTIVE","RegionalDistrict":"0019","ParcelClass":"SUBDIVISION","SourceParcelID":null,"GeometrySource":"MODIFIED-ICF","IsRemainder":"YES","ParcelStartDate":"2017-09-14T07:00:00.000Z","PositionalError":1.0623886,"LegalDescription":"PARCEL B (REFERENCE PLAN 64798I) BLOCK 18 DISTRICT LOT 1236 KOOTENAY DISTRICT PLAN 785 EXCEPT PLAN EPP75273","CaptureMethod":"UNKNOWN","OwnerType":"PRIVATE","Compiled":0,"CreatedDate":"2017-10-26T16:35:15.000Z","ModifiedDate":"2021-02-11T23:48:16.000Z","StatedArea":null,"ErrorReportedBy":"LSA","Municipality":"0040","OBJECTID":45798,"created_user":"SDE","created_date":"2024-11-12T16:15:31.000Z","last_edited_user":"SDE","last_edited_date":"2026-03-25T16:06:10.000Z","Shape__Area":1668.142809825,"Shape__Length":178.44319215169904,"CommonName":null,"SourceGlobalID":"{B5E9E154-5956-4D54-8DD7-BF4FBE12A95D}","Comments":null,"UpdateStatus":"AUTO","UpdateSource":"PMBC"}},{"type":"Feature","geometry":{"type":"Polygon","coordinates":[[[-117.505506,49.142765],[-117.506445,49.142764],[-117.510518,49.142763],[-117.510907,49.142761],[-117.510985,49.142762],[-117.510969,49.145899],[-117.509864,49.145899],[-117.507506,49.145899],[-117.507203,49.145905],[-117.506444,49.145904],[-117.505522,49.145902],[-117.505506,49.142765]]]},"properties":{"GlobalID":"{04A01B08-9DC5-4243-85AE-F3EEF7C953F3}","Name":"015601633","PlanID":"{0D6ECE48-1DD9-42CB-BC28-1590A46DCB04}","PlanNumber":"NEP2102","PIN":null,"PID":15601633,"Designation1":"Lot D","Designation2":null,"Designation3":null,"ParcelStatus":"ACTIVE","RegionalDistrict":"0019","ParcelClass":"SUBDIVISION","SourceParcelID":null,"GeometrySource":"ICF","IsRemainder":"NO","ParcelStartDate":null,"PositionalError":13.44533554,"LegalDescription":"LOT D DISTRICT LOT 1236 KOOTENAY DISTRICT PLAN 2102","CaptureMethod":"UNKNOWN","OwnerType":"PRIVATE","Compiled":1,"CreatedDate":"2016-09-20T23:24:06.000Z","ModifiedDate":"2021-02-11T23:48:16.000Z","StatedArea":null,"ErrorReportedBy":"LSA","Municipality":"0163","OBJECTID":45799,"created_user":"SDE","created_date":"2024-11-12T16:15:31.000Z","last_edited_user":"SDE","last_edited_date":"2026-03-25T16:06:10.000Z","Shape__Area":138954.19219744,"Shape__Length":1494.4416592383661,"CommonName":null,"SourceGlobalID":"{4745DFB8-DD4C-4C66-AF75-6358959E57ED}","Comments":null,"UpdateStatus":"AUTO","UpdateSource":"PMBC"}},{"type":"Feature","geometry":{"type":"Polygon","coordinates":[[[-117.545123,49.119051],[-117.544762,49.118726],[-117.54513,49.118554],[-117.545123,49.119051]]]},"properties":{"GlobalID":"{9EFFAD5A-C53E-4D62-9005-DCCA85742E5D}","Name":"012978141","PlanID":"{C61BA675-7880-4536-8F0B-A142A9D6DEC5}","PlanNumber":"NEP10004","PIN":null,"PID":12978141,"Designation1":"Lot 1","Designation2":null,"Designation3":null,"ParcelStatus":"ACTIVE","RegionalDistrict":"0019","ParcelClass":"SUBDIVISION","SourceParcelID":null,"GeometrySource":"ICF","IsRemainder":"NO","ParcelStartDate":null,"PositionalError":2.95804236,"LegalDescription":"LOT 1 DISTRICT LOT 1236 KOOTENAY DISTRICT PLAN 10004","CaptureMethod":"UNKNOWN","OwnerType":"PRIVATE","Compiled":1,"CreatedDate":"2016-09-20T23:24:06.000Z","ModifiedDate":"2021-02-11T23:36:41.000Z","StatedArea":null,"ErrorReportedBy":"LSA","Municipality":"0040","OBJECTID":45800,"created_user":"SDE","created_date":"2024-11-12T16:15:31.000Z","last_edited_user":"SDE","last_edited_date":"2026-03-25T16:06:10.000Z","Shape__Area":736.51101586,"Shape__Length":132.8287524175082,"CommonName":null,"SourceGlobalID":"{DA81F81D-A39A-4720-BB88-D622F9D4ED7E}","Comments":null,"UpdateStatus":"AUTO","UpdateSource":"PMBC"}},{"type":"Feature","geometry":{"type":"MultiPolygon","coordinates":[[[[-117.516531,49.127546],[-117.51639,49.127948],[-117.516276,49.127946],[-117.512327,49.127951],[-117.511087,49.127953],[-117.511095,49.125958],[-117.512268,49.125961],[-117.516645,49.12597],[-117.516675,49.12597],[-117.516686,49.12668],[-117.516531,49.127546]]],[[[-117.516904,49.127941],[-117.516647,49.127948],[-117.516777,49.127575],[-117.516915,49.126804],[-117.516913,49.127048],[-117.516904,49.127941]]]]},"properties":{"GlobalID":"{3C72DFCD-84B1-4879-ACBC-DB7B65C11C4E}","Name":"030241073","PlanID":"{4BCECE35-189C-46B0-B27E-3C426752261B}","PlanNumber":"NEP785D","PIN":null,"PID":30241073,"Designation1":"1236","Designation2":null,"Designation3":null,"ParcelStatus":"ACTIVE","RegionalDistrict":"0019","ParcelClass":"SUBDIVISION","SourceParcelID":null,"GeometrySource":"MODIFIED-ICF","IsRemainder":"YES","ParcelStartDate":"2017-09-13T07:00:00.000Z","PositionalError":8.31111008,"LegalDescription":"LOT 292 DISTRICT LOT 1236 KOOTENAY DISTRICT PLAN 785D EXCEPT PLAN 9599","CaptureMethod":"UNKNOWN","OwnerType":"CROWN PROVINCIAL","Compiled":0,"CreatedDate":"2019-11-04T17:47:24.000Z","ModifiedDate":"2021-02-11T23:48:16.000Z","StatedArea":null,"ErrorReportedBy":"LSA","Municipality":"0163","OBJECTID":45801,"created_user":"SDE","created_date":"2024-11-12T16:15:31.000Z","last_edited_user":"SDE","last_edited_date":"2026-03-25T16:06:10.000Z","Shape__Area":89734.801283045,"Shape__Length":1511.5627485722528,"CommonName":null,"SourceGlobalID":"{487A848E-E6A6-4A61-9301-A57922743459}","Comments":null,"UpdateStatus":"AUTO","UpdateSource":"PMBC"}},{"type":"Feature","geometry":{"type":"Polygon","coordinates":[[[-117.535841,49.108855],[-117.535357,49.109362],[-117.534878,49.108915],[-117.535386,49.108668],[-117.535841,49.108855]]]},"properties":{"GlobalID":"{5E18519F-8DD2-4D23-AF92-4D8ED08883A3}","Name":"014997274","PlanID":"{3AB06E42-3928-40BC-B9D2-755880CFEF71}","PlanNumber":"NEP2742","PIN":null,"PID":14997274,"Designation1":"Lot 3","Designation2":null,"Designation3":null,"ParcelStatus":"ACTIVE","RegionalDistrict":"0019","ParcelClass":"SUBDIVISION","SourceParcelID":null,"GeometrySource":"ICF","IsRemainder":"NO","ParcelStartDate":null,"PositionalError":6.28082182,"LegalDescription":"LOT 3 DISTRICT LOT 1236 KOOTENAY DISTRICT PLAN 2742","CaptureMethod":"UNKNOWN","OwnerType":"PRIVATE","Compiled":1,"CreatedDate":"2016-09-20T23:24:06.000Z","ModifiedDate":"2021-02-11T23:36:41.000Z","StatedArea":null,"ErrorReportedBy":"LSA","Municipality":"0163","OBJECTID":45802,"created_user":"SDE","created_date":"2024-11-12T16:15:31.000Z","last_edited_user":"SDE","last_edited_date":"2026-03-25T16:06:10.000Z","Shape__Area":2704.84132429,"Shape__Length":212.617080225858,"CommonName":null,"SourceGlobalID":"{5B6A953B-928C-4755-A150-C080BDF647A6}","Comments":null,"UpdateStatus":"AUTO","UpdateSource":"PMBC"}},{"type":"Feature","geometry":{"type":"Polygon","coordinates":[[[-117.547361,49.109882],[-117.547547,49.109686],[-117.547776,49.109781],[-117.547592,49.109976],[-117.547361,49.109882]]]},"properties":{"GlobalID":"{1D1E84E5-EF06-48C6-BE19-64E294C2AD33}","Name":"024481513","PlanID":"{278C961D-22AC-45E4-9C1C-5560C22D2A77}","PlanNumber":"NES2138","PIN":null,"PID":24481513,"Designation1":"Lot F","Designation2":null,"Designation3":null,"ParcelStatus":"ACTIVE","RegionalDistrict":"0019","ParcelClass":"BARE LAND STRATA","SourceParcelID":null,"GeometrySource":"ICF","IsRemainder":"NO","ParcelStartDate":"1999-04-16T07:00:00.000Z","PositionalError":3.1788977,"LegalDescription":"STRATA LOT F DISTRICT LOT 1236 KOOTENAY DISTRICT STRATA PLAN NES2138 TOGETHER WITH AN INTEREST IN THE COMMON PROPERTY IN PROPORTION TO THE UNIT ENTITLEMENT OF THE STRATA LOT AS SHOWN ON FORM 1","CaptureMethod":"UNKNOWN","OwnerType":"PRIVATE","Compiled":1,"CreatedDate":"2016-09-20T23:24:06.000Z","ModifiedDate":"2025-10-07T18:11:56.000Z","StatedArea":null,"ErrorReportedBy":"LSA","Municipality":"0040","OBJECTID":45803,"created_user":"SDE","created_date":"2024-11-12T16:15:31.000Z","last_edited_user":"SDE","last_edited_date":"2026-03-25T16:06:10.000Z","Shape__Area":505.15279929,"Shape__Length":90.64314277724475,"CommonName":null,"SourceGlobalID":"{522E4046-6EBB-4980-A4C4-5235C57E4263}","Comments":null,"UpdateStatus":"AUTO","UpdateSource":"PMBC"}},{"type":"Feature","geometry":{"type":"Polygon","coordinates":[[[-117.527465,49.118595],[-117.528344,49.118172],[-117.52854,49.118347],[-117.527663,49.118771],[-117.527465,49.118595]]]},"properties":{"GlobalID":"{7A68945C-21BB-42BE-A5E7-4EB1E90762E2}","Name":"013092022","PlanID":"{70729657-17FA-474E-9E93-6F8977888F2A}","PlanNumber":"NEP9685","PIN":null,"PID":13092022,"Designation1":"Lot 1","Designation2":null,"Designation3":null,"ParcelStatus":"ACTIVE","RegionalDistrict":"0019","ParcelClass":"SUBDIVISION","SourceParcelID":null,"GeometrySource":"ICF","IsRemainder":"NO","ParcelStartDate":null,"PositionalError":1.6972392,"LegalDescription":"LOT 1 DISTRICT LOT 1236 KOOTENAY DISTRICT PLAN 9685","CaptureMethod":"UNKNOWN","OwnerType":"PRIVATE","Compiled":1,"CreatedDate":"2016-09-20T23:24:06.000Z","ModifiedDate":"2025-10-07T18:11:56.000Z","StatedArea":null,"ErrorReportedBy":"LSA","Municipality":"0163","OBJECTID":45804,"created_user":"SDE","created_date":"2024-11-12T16:15:31.000Z","last_edited_user":"SDE","last_edited_date":"2026-03-25T16:06:10.000Z","Shape__Area":1931.92413247,"Shape__Length":207.6025753614029,"CommonName":null,"SourceGlobalID":"{723560FF-76B1-4D24-BCD0-39715248020D}","Comments":null,"UpdateStatus":"AUTO","UpdateSource":"PMBC"}},{"type":"Feature","geometry":{"type":"Polygon","coordinates":[[[-117.546856,49.113167],[-117.547014,49.113245],[-117.546302,49.113574],[-117.546192,49.113475],[-117.546682,49.113245],[-117.546856,49.113167]]]},"properties":{"GlobalID":"{4963F0F0-7560-44F4-95E7-92F568B11D7E}","Name":"015461980","PlanID":"{7978FB9E-59F3-448A-A916-1F7F11B14EC3}","PlanNumber":"NEP2197","PIN":null,"PID":15461980,"Designation1":"Lot 2","Designation2":null,"Designation3":null,"ParcelStatus":"ACTIVE","RegionalDistrict":"0019","ParcelClass":"SUBDIVISION","SourceParcelID":null,"GeometrySource":"MODIFIED-ICF","IsRemainder":"NO","ParcelStartDate":null,"PositionalError":2.90981873,"LegalDescription":"LOT 2 DISTRICT LOT 1236 KOOTENAY DISTRICT PLAN 2197","CaptureMethod":"UNKNOWN","OwnerType":"PRIVATE","Compiled":1,"CreatedDate":"2016-09-20T23:24:06.000Z","ModifiedDate":"2021-02-11T23:36:41.000Z","StatedArea":null,"ErrorReportedBy":"LSA","Municipality":"0040","OBJECTID":45805,"created_user":"SDE","created_date":"2024-11-12T16:15:31.000Z","last_edited_user":"SDE","last_edited_date":"2026-03-25T16:06:10.000Z","Shape__Area":849.01145447,"Shape__Length":151.03317443375997,"CommonName":null,"SourceGlobalID":"{4C2279E6-B1DD-4D25-8A5A-E47BFC218C3D}","Comments":null,"UpdateStatus":"AUTO","UpdateSource":"PMBC"}},{"type":"Feature","geometry":{"type":"Polygon","coordinates":[[[-117.520533,49.120674],[-117.520726,49.120526],[-117.520743,49.120545],[-117.521068,49.120898],[-117.52186,49.121759],[-117.521637,49.121833],[-117.520416,49.120852],[-117.520533,49.120674]]]},"properties":{"GlobalID":"{9D4A9DA7-D477-4904-B073-A486765E4775}","Name":"008930431","PlanID":"{577D6146-BE9D-4164-84EE-CEAFACB9FC7C}","PlanNumber":"NEP2767","PIN":null,"PID":8930431,"Designation1":"Lot 5","Designation2":null,"Designation3":null,"ParcelStatus":"ACTIVE","RegionalDistrict":"0019","ParcelClass":"SUBDIVISION","SourceParcelID":null,"GeometrySource":"ICF","IsRemainder":"NO","ParcelStartDate":null,"PositionalError":0.16033745,"LegalDescription":"LOT 5 DISTRICT LOT 1236 KOOTENAY DISTRICT PLAN 2767","CaptureMethod":"UNKNOWN","OwnerType":"PRIVATE","Compiled":1,"CreatedDate":"2016-09-20T23:24:06.000Z","ModifiedDate":"2021-02-11T23:48:16.000Z","StatedArea":null,"ErrorReportedBy":"LSA","Municipality":"0163","OBJECTID":45806,"created_user":"SDE","created_date":"2024-11-12T16:15:31.000Z","last_edited_user":"SDE","last_edited_date":"2026-03-25T16:06:10.000Z","Shape__Area":4372.79939185,"Shape__Length":362.3224686604086,"CommonName":null,"SourceGlobalID":"{A0D8B03B-1625-4DCD-861A-86DEC10AE2CD}","Comments":null,"UpdateStatus":"AUTO","UpdateSource":"PMBC"}},{"type":"Feature","geometry":{"type":"Polygon","coordinates":[[[-117.543627,49.111256],[-117.543921,49.110938],[-117.544099,49.111007],[-117.543924,49.111213],[-117.543824,49.111334],[-117.543627,49.111256]]]},"properties":{"GlobalID":"{9E8CA498-7C7D-4DA6-9322-EAB33540183F}","Name":"012170445","PlanID":"{58DC720E-E82D-43BA-8481-B575C3836B2E}","PlanNumber":"NEP2753","PIN":null,"PID":12170445,"Designation1":"Lot 7","Designation2":null,"Designation3":null,"ParcelStatus":"ACTIVE","RegionalDistrict":"0019","ParcelClass":"SUBDIVISION","SourceParcelID":null,"GeometrySource":"ICF","IsRemainder":"NO","ParcelStartDate":null,"PositionalError":3.43783076,"LegalDescription":"LOT 7 DISTRICT LOT 1236 KOOTENAY DISTRICT PLAN 2753","CaptureMethod":"UNKNOWN","OwnerType":"PRIVATE","Compiled":1,"CreatedDate":"2019-08-29T22:44:59.000Z","ModifiedDate":"2021-02-11T23:48:16.000Z","StatedArea":"677.9","ErrorReportedBy":"LSA","Municipality":"0040","OBJECTID":45807,"created_user":"SDE","created_date":"2024-11-12T16:15:31.000Z","last_edited_user":"SDE","last_edited_date":"2026-03-25T16:06:10.000Z","Shape__Area":657.397982815,"Shape__Length":114.74747193323914,"CommonName":null,"SourceGlobalID":"{C9117F99-6C6C-4BC1-AD79-56F55E96832C}","Comments":null,"UpdateStatus":"AUTO","UpdateSource":"PMBC"}},{"type":"Feature","geometry":{"type":"Polygon","coordinates":[[[-117.548481,49.108216],[-117.54868,49.108297],[-117.548432,49.108564],[-117.548232,49.108484],[-117.548481,49.108216]]]},"properties":{"GlobalID":"{4E3BE28F-BBC3-4D34-8704-A2ABDC098DE5}","Name":"014909995","PlanID":"{06789044-E36A-43DF-B7DE-DA9756D528FF}","PlanNumber":"NEP4239","PIN":null,"PID":14909995,"Designation1":"Lot 12","Designation2":null,"Designation3":null,"ParcelStatus":"ACTIVE","RegionalDistrict":"0019","ParcelClass":"SUBDIVISION","SourceParcelID":null,"GeometrySource":"ICF","IsRemainder":"NO","ParcelStartDate":null,"PositionalError":3.32645131,"LegalDescription":"LOT 12 DISTRICT LOT 1236 KOOTENAY DISTRICT PLAN 4239","CaptureMethod":"UNKNOWN","OwnerType":"PRIVATE","Compiled":1,"CreatedDate":"2016-09-20T23:24:06.000Z","ModifiedDate":"2021-02-11T23:36:41.000Z","StatedArea":null,"ErrorReportedBy":"LSA","Municipality":"0040","OBJECTID":45808,"created_user":"SDE","created_date":"2024-11-12T16:15:31.000Z","last_edited_user":"SDE","last_edited_date":"2026-03-25T16:06:10.000Z","Shape__Area":595.52246387,"Shape__Length":103.90201523045903,"CommonName":null,"SourceGlobalID":"{95FA9182-DF39-4D44-8109-C0181DBD608D}","Comments":null,"UpdateStatus":"AUTO","UpdateSource":"PMBC"}},{"type":"Feature","geometry":{"type":"Polygon","coordinates":[[[-117.543913,49.110287],[-117.544132,49.110374],[-117.54388,49.110637],[-117.543705,49.110383],[-117.543771,49.110329],[-117.543787,49.110313],[-117.543805,49.1103],[-117.543825,49.11029],[-117.543846,49.110284],[-117.543869,49.110281],[-117.543891,49.110282],[-117.543913,49.110287]]]},"properties":{"GlobalID":"{238847D2-9F88-4C0F-86BF-1FDDE6B2355E}","Name":"012570273","PlanID":"{0C1F59FE-108C-4389-89B6-BC7A1C213BBD}","PlanNumber":"NEP12203","PIN":null,"PID":12570273,"Designation1":"Lot 6","Designation2":null,"Designation3":null,"ParcelStatus":"ACTIVE","RegionalDistrict":"0019","ParcelClass":"SUBDIVISION","SourceParcelID":null,"GeometrySource":"ICF","IsRemainder":"NO","ParcelStartDate":null,"PositionalError":2.44447294,"LegalDescription":"LOT 6 DISTRICT LOT 1236 KOOTENAY DISTRICT PLAN 12203","CaptureMethod":"UNKNOWN","OwnerType":"PRIVATE","Compiled":1,"CreatedDate":"2016-09-20T23:24:06.000Z","ModifiedDate":"2021-02-11T23:36:41.000Z","StatedArea":"642.8","ErrorReportedBy":"LSA","Municipality":"0040","OBJECTID":45809,"created_user":"SDE","created_date":"2024-11-12T16:15:31.000Z","last_edited_user":"SDE","last_edited_date":"2026-03-25T16:06:10.000Z","Shape__Area":642.016176755,"Shape__Length":104.46091530470594,"CommonName":null,"SourceGlobalID":"{50CD3DCD-BA69-4C66-94C5-244AC694A249}","Comments":null,"UpdateStatus":"AUTO","UpdateSource":"PMBC"}},{"type":"Feature","geometry":{"type":"Polygon","coordinates":[[[-117.550034,49.107894],[-117.550211,49.107967],[-117.549978,49.108218],[-117.549802,49.108144],[-117.550034,49.107894]]]},"properties":{"GlobalID":"{E2A982A8-F9D2-44BC-820C-D3B517EA01F0}","Name":"014997371","PlanID":"{06789044-E36A-43DF-B7DE-DA9756D528FF}","PlanNumber":"NEP4239","PIN":null,"PID":14997371,"Designation1":"Lot 40","Designation2":null,"Designation3":null,"ParcelStatus":"ACTIVE","RegionalDistrict":"0019","ParcelClass":"SUBDIVISION","SourceParcelID":null,"GeometrySource":"MODIFIED-ICF","IsRemainder":"NO","ParcelStartDate":null,"PositionalError":5.09261116,"LegalDescription":"LOT 40 DISTRICT LOT 1236 KOOTENAY DISTRICT PLAN 4239","CaptureMethod":"UNKNOWN","OwnerType":"PRIVATE","Compiled":1,"CreatedDate":"2016-09-20T23:24:06.000Z","ModifiedDate":"2021-02-11T23:36:41.000Z","StatedArea":null,"ErrorReportedBy":"LSA","Municipality":"0040","OBJECTID":45810,"created_user":"SDE","created_date":"2024-11-12T16:15:31.000Z","last_edited_user":"SDE","last_edited_date":"2026-03-25T16:06:10.000Z","Shape__Area":496.960237555,"Shape__Length":95.73976772207281,"CommonName":null,"SourceGlobalID":"{65FE4C9B-7B73-4C53-B751-AC40A276A46F}","Comments":null,"UpdateStatus":"AUTO","UpdateSource":"PMBC"}},{"type":"Feature","geometry":{"type":"Polygon","coordinates":[[[-117.543798,49.116443],[-117.543965,49.116362],[-117.54404,49.116429],[-117.544334,49.116692],[-117.544179,49.116768],[-117.544168,49.116773],[-117.543798,49.116443]]]},"properties":{"GlobalID":"{78BFDDF2-40B3-423D-8007-60768E397352}","Name":"016037677","PlanID":"{A5BACF46-A518-44C0-8955-F34899A3BAF8}","PlanNumber":"NEP785C","PIN":null,"PID":16037677,"Designation1":"Lot 4","Designation2":"Block I","Designation3":null,"ParcelStatus":"ACTIVE","RegionalDistrict":"0019","ParcelClass":"SUBDIVISION","SourceParcelID":null,"GeometrySource":"MODIFIED-ICF","IsRemainder":"NO","ParcelStartDate":null,"PositionalError":2.6263651,"LegalDescription":"LOT 4 BLOCK I DISTRICT LOT 1236 KOOTENAY DISTRICT PLAN 785C","CaptureMethod":"UNKNOWN","OwnerType":"PRIVATE","Compiled":1,"CreatedDate":"2016-09-20T23:24:06.000Z","ModifiedDate":"2025-06-23T16:14:17.000Z","StatedArea":null,"ErrorReportedBy":"LSA","Municipality":"0040","OBJECTID":45811,"created_user":"SDE","created_date":"2024-11-12T16:15:31.000Z","last_edited_user":"SDE","last_edited_date":"2026-03-25T16:06:10.000Z","Shape__Area":688.19441534,"Shape__Length":121.32058321935216,"CommonName":null,"SourceGlobalID":"{39FA1FC1-CF05-4B70-A749-DF46E76F765D}","Comments":null,"UpdateStatus":"AUTO","UpdateSource":"PMBC"}},{"type":"Feature","geometry":{"type":"Polygon","coordinates":[[[-117.545437,49.117067],[-117.545731,49.117068],[-117.545728,49.117369],[-117.545614,49.117369],[-117.545435,49.117369],[-117.545437,49.117067]]]},"properties":{"GlobalID":"{C4FDA93D-D414-4F6D-9B90-5DB166B71371}","Name":"008463786","PlanID":"{AB5574F4-3666-41E7-9FF5-50B7556F577F}","PlanNumber":"NEP12240","PIN":null,"PID":8463786,"Designation1":"Lot 5","Designation2":null,"Designation3":null,"ParcelStatus":"ACTIVE","RegionalDistrict":"0019","ParcelClass":"SUBDIVISION","SourceParcelID":null,"GeometrySource":"ICF","IsRemainder":"NO","ParcelStartDate":null,"PositionalError":2.73822094,"LegalDescription":"LOT 5 DISTRICT LOT 1236 KOOTENAY DISTRICT PLAN 12240","CaptureMethod":"UNKNOWN","OwnerType":"PRIVATE","Compiled":1,"CreatedDate":"2016-09-20T23:24:06.000Z","ModifiedDate":"2021-02-11T23:48:16.000Z","StatedArea":null,"ErrorReportedBy":"LSA","Municipality":"0040","OBJECTID":45812,"created_user":"SDE","created_date":"2024-11-12T16:15:31.000Z","last_edited_user":"SDE","last_edited_date":"2026-03-25T16:06:10.000Z","Shape__Area":716.60069451,"Shape__Length":109.77355670740543,"CommonName":null,"SourceGlobalID":"{8C68AB97-8045-4DA8-B423-37FF3F636FDC}","Comments":null,"UpdateStatus":"AUTO","UpdateSource":"PMBC"}},{"type":"Feature","geometry":{"type":"Polygon","coordinates":[[[-117.526718,49.110229],[-117.5269,49.110042],[-117.528346,49.110607],[-117.527446,49.111558],[-117.525979,49.110986],[-117.526718,49.110229]]]},"properties":{"GlobalID":"{13323579-5627-442E-A900-0CCC8859CEBB}","Name":"015393721","PlanID":"{56060201-0174-43ED-85D9-EC0E65294658}","PlanNumber":"NEP2687","PIN":null,"PID":15393721,"Designation1":"Parcel A","Designation2":null,"Designation3":null,"ParcelStatus":"ACTIVE","RegionalDistrict":"0019","ParcelClass":"SUBDIVISION","SourceParcelID":null,"GeometrySource":"ICF","IsRemainder":"NO","ParcelStartDate":null,"PositionalError":5.23507894,"LegalDescription":"PARCEL A (SEE Q32598) DISTRICT LOT 1236 KOOTENAY DISTRICT PLAN 2687","CaptureMethod":"UNKNOWN","OwnerType":"PRIVATE","Compiled":1,"CreatedDate":"2016-09-20T23:24:06.000Z","ModifiedDate":"2021-02-11T23:36:41.000Z","StatedArea":null,"ErrorReportedBy":"LSA","Municipality":"0163","OBJECTID":45813,"created_user":"SDE","created_date":"2024-11-12T16:15:31.000Z","last_edited_user":"SDE","last_edited_date":"2026-03-25T16:06:10.000Z","Shape__Area":15392.13339934,"Shape__Length":496.3391460494273,"CommonName":null,"SourceGlobalID":"{0F7C19DD-9409-48BA-AA49-2FC8538AB2C4}","Comments":null,"UpdateStatus":"AUTO","UpdateSource":"PMBC"}},{"type":"Feature","geometry":{"type":"Polygon","coordinates":[[[-117.548665,49.109767],[-117.548129,49.109547],[-117.547807,49.109416],[-117.547588,49.109326],[-117.547811,49.10914],[-117.548128,49.108984],[-117.549395,49.109499],[-117.549801,49.109663],[-117.549782,49.109691],[-117.549767,49.109721],[-117.549745,49.109749],[-117.54972,49.109776],[-117.549696,49.109791],[-117.549584,49.109816],[-117.549528,49.109834],[-117.549437,49.109854],[-117.549371,49.10986],[-117.549346,49.109866],[-117.549322,49.109875],[-117.549301,49.109888],[-117.549212,49.109924],[-117.549172,49.109939],[-117.549133,49.109958],[-117.548665,49.109767]]]},"properties":{"GlobalID":"{0EFC9C96-A5FF-4EDE-A2D3-CEEBF1E038B9}","Name":"018482686","PlanID":"{77D7B6BA-DB4B-4D0E-AAD3-97BB42038146}","PlanNumber":"NEP20852","PIN":null,"PID":18482686,"Designation1":"Lot C","Designation2":null,"Designation3":null,"ParcelStatus":"ACTIVE","RegionalDistrict":"0019","ParcelClass":"SUBDIVISION","SourceParcelID":null,"GeometrySource":"ICF","IsRemainder":"NO","ParcelStartDate":null,"PositionalError":3.5789822,"LegalDescription":"LOT C DISTRICT LOT 1236 KOOTENAY DISTRICT PLAN NEP20852","CaptureMethod":"UNKNOWN","OwnerType":"PRIVATE","Compiled":1,"CreatedDate":"2016-09-20T23:24:06.000Z","ModifiedDate":"2025-10-07T18:11:56.000Z","StatedArea":null,"ErrorReportedBy":"LSA","Municipality":"0040","OBJECTID":45814,"created_user":"SDE","created_date":"2024-11-12T16:15:31.000Z","last_edited_user":"SDE","last_edited_date":"2026-03-25T16:06:10.000Z","Shape__Area":7640.01056177,"Shape__Length":393.8042373083034,"CommonName":null,"SourceGlobalID":"{D07AD848-BD41-4BFB-A300-FA40EDB89B0D}","Comments":null,"UpdateStatus":"AUTO","UpdateSource":"PMBC"}},{"type":"Feature","geometry":{"type":"Polygon","coordinates":[[[-117.536725,49.110533],[-117.536398,49.110253],[-117.537173,49.109404],[-117.537623,49.109588],[-117.537179,49.110056],[-117.536725,49.110533]]]},"properties":{"GlobalID":"{0EB8DE94-6B21-47A6-AA32-126132D19FDB}","Name":"012734829","PlanID":"{1901AE13-2DFF-43D2-9757-66C6317B2DBA}","PlanNumber":"NEP10935","PIN":null,"PID":12734829,"Designation1":"Lot A","Designation2":null,"Designation3":null,"ParcelStatus":"ACTIVE","RegionalDistrict":"0019","ParcelClass":"SUBDIVISION","SourceParcelID":null,"GeometrySource":"ICF","IsRemainder":"NO","ParcelStartDate":null,"PositionalError":6.48399752,"LegalDescription":"LOT A DISTRICT LOT 1236 KOOTENAY DISTRICT PLAN 10935","CaptureMethod":"UNKNOWN","OwnerType":"PRIVATE","Compiled":1,"CreatedDate":"2016-09-20T23:24:06.000Z","ModifiedDate":"2021-02-11T23:48:16.000Z","StatedArea":null,"ErrorReportedBy":"LSA","Municipality":"0163","OBJECTID":45815,"created_user":"SDE","created_date":"2024-11-12T16:15:31.000Z","last_edited_user":"SDE","last_edited_date":"2026-03-25T16:06:10.000Z","Shape__Area":4403.97144215,"Shape__Length":311.6884315996404,"CommonName":null,"SourceGlobalID":"{C9A98CE9-A15C-4956-A3BF-40080875D757}","Comments":null,"UpdateStatus":"AUTO","UpdateSource":"PMBC"}},{"type":"Feature","geometry":{"type":"Polygon","coordinates":[[[-117.528474,49.11201],[-117.527642,49.111686],[-117.527977,49.111334],[-117.528028,49.111346],[-117.529011,49.11175],[-117.528611,49.111943],[-117.528474,49.11201]]]},"properties":{"GlobalID":"{4AD968A3-4C39-4DD9-92C2-46FC0AC4CA5C}","Name":"010638555","PlanID":"{0BA4A201-8E1D-4AFF-8A26-4D066D9CF4CE}","PlanNumber":"NEP2651","PIN":null,"PID":10638555,"Designation1":"Lot 2","Designation2":null,"Designation3":null,"ParcelStatus":"ACTIVE","RegionalDistrict":"0019","ParcelClass":"SUBDIVISION","SourceParcelID":null,"GeometrySource":"ICF","IsRemainder":"NO","ParcelStartDate":null,"PositionalError":4.22360666,"LegalDescription":"LOT 2 DISTRICT LOT 1236 KOOTENAY DISTRICT PLAN 2651","CaptureMethod":"UNKNOWN","OwnerType":"PRIVATE","Compiled":1,"CreatedDate":"2016-09-20T23:24:06.000Z","ModifiedDate":"2021-02-11T23:48:16.000Z","StatedArea":null,"ErrorReportedBy":"LSA","Municipality":"0040","OBJECTID":45816,"created_user":"SDE","created_date":"2024-11-12T16:15:31.000Z","last_edited_user":"SDE","last_edited_date":"2026-03-25T16:06:10.000Z","Shape__Area":3660.248099925,"Shape__Length":253.99455368533322,"CommonName":null,"SourceGlobalID":"{490171C7-C773-428D-9C63-48712D5A4667}","Comments":null,"UpdateStatus":"AUTO","UpdateSource":"PMBC"}},{"type":"Feature","geometry":{"type":"Polygon","coordinates":[[[-117.529674,49.106352],[-117.530264,49.106599],[-117.52949,49.107387],[-117.528888,49.107153],[-117.529674,49.106352]]]},"properties":{"GlobalID":"{A84262A2-D613-4E82-B372-16764EA6940A}","Name":"006738290","PlanID":"{FBF2C80E-D2A7-4668-8509-401714D79047}","PlanNumber":"NEP16652","PIN":null,"PID":6738290,"Designation1":"Lot 1","Designation2":null,"Designation3":null,"ParcelStatus":"ACTIVE","RegionalDistrict":"0019","ParcelClass":"SUBDIVISION","SourceParcelID":null,"GeometrySource":"ICF","IsRemainder":"NO","ParcelStartDate":null,"PositionalError":3.63439713,"LegalDescription":"LOT 1 DISTRICT LOT 1236 KOOTENAY DISTRICT PLAN 16652","CaptureMethod":"UNKNOWN","OwnerType":"PRIVATE","Compiled":1,"CreatedDate":"2016-09-20T23:24:06.000Z","ModifiedDate":"2021-02-11T23:36:41.000Z","StatedArea":null,"ErrorReportedBy":"LSA","Municipality":"0163","OBJECTID":45817,"created_user":"SDE","created_date":"2024-11-12T16:15:31.000Z","last_edited_user":"SDE","last_edited_date":"2026-03-25T16:06:10.000Z","Shape__Area":5367.108535335,"Shape__Length":312.3690475777077,"CommonName":null,"SourceGlobalID":"{BE686DB4-D153-4B09-84F8-544A6C024393}","Comments":null,"UpdateStatus":"AUTO","UpdateSource":"PMBC"}},{"type":"Feature","geometry":{"type":"Polygon","coordinates":[[[-117.546344,49.109469],[-117.54684,49.109671],[-117.546632,49.109893],[-117.546348,49.109779],[-117.546133,49.109694],[-117.546344,49.109469]]]},"properties":{"GlobalID":"{EB16A758-A42B-4723-B523-358F70F24D31}","Name":"014804824","PlanID":"{1F33DF87-E0DF-49DA-A6A5-CF1DE4990635}","PlanNumber":"NEP4745","PIN":null,"PID":14804824,"Designation1":"Lot B","Designation2":null,"Designation3":null,"ParcelStatus":"ACTIVE","RegionalDistrict":"0019","ParcelClass":"SUBDIVISION","SourceParcelID":null,"GeometrySource":"ICF","IsRemainder":"NO","ParcelStartDate":null,"PositionalError":3.42754958,"LegalDescription":"LOT B DISTRICT LOT 1236 KOOTENAY DISTRICT PLAN 4745","CaptureMethod":"UNKNOWN","OwnerType":"PRIVATE","Compiled":1,"CreatedDate":"2016-09-20T23:24:06.000Z","ModifiedDate":"2021-02-11T23:48:16.000Z","StatedArea":null,"ErrorReportedBy":"LSA","Municipality":"0040","OBJECTID":45818,"created_user":"SDE","created_date":"2024-11-12T16:15:31.000Z","last_edited_user":"SDE","last_edited_date":"2026-03-25T16:06:10.000Z","Shape__Area":1240.893153,"Shape__Length":143.52192001923592,"CommonName":null,"SourceGlobalID":"{02747EAF-7255-449E-806F-C324CB855221}","Comments":null,"UpdateStatus":"AUTO","UpdateSource":"PMBC"}},{"type":"Feature","geometry":{"type":"Polygon","coordinates":[[[-117.545841,49.115955],[-117.545807,49.115973],[-117.545639,49.116054],[-117.545269,49.115721],[-117.545472,49.115621],[-117.545841,49.115955]]]},"properties":{"GlobalID":"{D885CA9C-EC85-43FC-9D09-E34AB902494A}","Name":"007603321","PlanID":"{D225CA27-5F6C-493E-AE4C-23EF0B275673}","PlanNumber":"NEP9177","PIN":null,"PID":7603321,"Designation1":"Lot 1","Designation2":null,"Designation3":null,"ParcelStatus":"ACTIVE","RegionalDistrict":"0019","ParcelClass":"SUBDIVISION","SourceParcelID":null,"GeometrySource":"ICF","IsRemainder":"NO","ParcelStartDate":null,"PositionalError":3.14604108,"LegalDescription":"LOT 1 DISTRICT LOT 1236 KOOTENAY DISTRICT PLAN 9177","CaptureMethod":"UNKNOWN","OwnerType":"PRIVATE","Compiled":1,"CreatedDate":"2016-09-20T23:24:06.000Z","ModifiedDate":"2021-02-11T23:48:16.000Z","StatedArea":null,"ErrorReportedBy":"LSA","Municipality":"0040","OBJECTID":45819,"created_user":"SDE","created_date":"2024-11-12T16:15:31.000Z","last_edited_user":"SDE","last_edited_date":"2026-03-25T16:06:10.000Z","Shape__Area":847.46935883,"Shape__Length":128.56297413884818,"CommonName":null,"SourceGlobalID":"{21B61FA7-CEDA-4365-8DAC-0EB0488F45CB}","Comments":null,"UpdateStatus":"AUTO","UpdateSource":"PMBC"}},{"type":"Feature","geometry":{"type":"Polygon","coordinates":[[[-117.552412,49.101939],[-117.552167,49.102195],[-117.551945,49.102089],[-117.551916,49.102077],[-117.552152,49.10183],[-117.55218,49.101841],[-117.552412,49.101939]]]},"properties":{"GlobalID":"{C3871484-54EE-4F1B-9025-178CB622E7CE}","Name":"012929891","PlanID":"{BF64E0CE-811C-431B-8233-2D5AAA99C20A}","PlanNumber":"NEP10566","PIN":null,"PID":12929891,"Designation1":"Lot 5","Designation2":null,"Designation3":null,"ParcelStatus":"ACTIVE","RegionalDistrict":"0019","ParcelClass":"SUBDIVISION","SourceParcelID":null,"GeometrySource":"ICF","IsRemainder":"NO","ParcelStartDate":null,"PositionalError":4.86813873,"LegalDescription":"LOT 5 DISTRICT LOT 1236 KOOTENAY DISTRICT PLAN 10566","CaptureMethod":"UNKNOWN","OwnerType":"PRIVATE","Compiled":1,"CreatedDate":"2016-09-20T23:24:06.000Z","ModifiedDate":"2021-02-11T23:36:41.000Z","StatedArea":null,"ErrorReportedBy":"LSA","Municipality":"0040","OBJECTID":45820,"created_user":"SDE","created_date":"2024-11-12T16:15:31.000Z","last_edited_user":"SDE","last_edited_date":"2026-03-25T16:06:10.000Z","Shape__Area":741.716874375,"Shape__Length":111.08917303556015,"CommonName":null,"SourceGlobalID":"{9FE855CC-32F6-4BA3-8971-D2B8D31B3624}","Comments":null,"UpdateStatus":"AUTO","UpdateSource":"PMBC"}},{"type":"Feature","geometry":{"type":"Polygon","coordinates":[[[-117.53139,49.114295],[-117.532718,49.115476],[-117.531354,49.116129],[-117.530753,49.115595],[-117.530043,49.114964],[-117.530033,49.114956],[-117.53139,49.114295]]]},"properties":{"GlobalID":"{F0D8AF1D-883F-4A14-B012-DD1953DCDD38}","Name":"013942816","PlanID":"{816C4699-428D-4E33-BB26-23BCF6E5C35F}","PlanNumber":"NEP785B","PIN":null,"PID":13942816,"Designation1":"Lot 160","Designation2":null,"Designation3":null,"ParcelStatus":"ACTIVE","RegionalDistrict":"0019","ParcelClass":"SUBDIVISION","SourceParcelID":null,"GeometrySource":"ICF","IsRemainder":"NO","ParcelStartDate":null,"PositionalError":4.30291862,"LegalDescription":"LOT 160 DISTRICT LOT 1236 KOOTENAY DISTRICT PLAN 785B","CaptureMethod":"UNKNOWN","OwnerType":"PRIVATE","Compiled":1,"CreatedDate":"2016-09-20T23:24:06.000Z","ModifiedDate":"2021-02-11T23:48:16.000Z","StatedArea":null,"ErrorReportedBy":"LSA","Municipality":"0163","OBJECTID":45821,"created_user":"SDE","created_date":"2024-11-12T16:15:31.000Z","last_edited_user":"SDE","last_edited_date":"2026-03-25T16:06:10.000Z","Shape__Area":20041.609046555,"Shape__Length":571.8861837622093,"CommonName":null,"SourceGlobalID":"{55A45D6B-CEFA-4B27-81A6-8F2D606D3936}","Comments":null,"UpdateStatus":"AUTO","UpdateSource":"PMBC"}},{"type":"Feature","geometry":{"type":"Polygon","coordinates":[[[-117.527446,49.111558],[-117.527221,49.111797],[-117.52575,49.111222],[-117.525979,49.110986],[-117.527446,49.111558]]]},"properties":{"GlobalID":"{38D99C58-5287-459B-A98A-C6089782987C}","Name":"014043483","PlanID":"{56060201-0174-43ED-85D9-EC0E65294658}","PlanNumber":"NEP2687","PIN":null,"PID":14043483,"Designation1":"Lot 7","Designation2":null,"Designation3":null,"ParcelStatus":"ACTIVE","RegionalDistrict":"0019","ParcelClass":"SUBDIVISION","SourceParcelID":null,"GeometrySource":"ICF","IsRemainder":"NO","ParcelStartDate":null,"PositionalError":5.18905842,"LegalDescription":"LOT 7 DISTRICT LOT 1236 KOOTENAY DISTRICT PLAN 2687","CaptureMethod":"UNKNOWN","OwnerType":"PRIVATE","Compiled":1,"CreatedDate":"2016-09-20T23:24:06.000Z","ModifiedDate":"2021-02-11T23:36:41.000Z","StatedArea":null,"ErrorReportedBy":"LSA","Municipality":"0163","OBJECTID":45822,"created_user":"SDE","created_date":"2024-11-12T16:15:31.000Z","last_edited_user":"SDE","last_edited_date":"2026-03-25T16:06:10.000Z","Shape__Area":3888.73262281,"Shape__Length":311.76894254155116,"CommonName":null,"SourceGlobalID":"{36AAADF4-0D60-49E6-8D0A-F2AE777332E7}","Comments":null,"UpdateStatus":"AUTO","UpdateSource":"PMBC"}},{"type":"Feature","geometry":{"type":"Polygon","coordinates":[[[-117.547092,49.098157],[-117.546877,49.098069],[-117.544722,49.097186],[-117.545124,49.096764],[-117.547216,49.097621],[-117.54729,49.097651],[-117.547504,49.097738],[-117.549256,49.098457],[-117.548855,49.098879],[-117.547092,49.098157]]]},"properties":{"GlobalID":"{61654696-E507-489E-8FFB-BF22782B1A9E}","Name":"015773990","PlanID":"{816C4699-428D-4E33-BB26-23BCF6E5C35F}","PlanNumber":"NEP785B","PIN":null,"PID":15773990,"Designation1":"Parcel A","Designation2":"Lot 189","Designation3":null,"ParcelStatus":"ACTIVE","RegionalDistrict":"0019","ParcelClass":"SUBDIVISION","SourceParcelID":null,"GeometrySource":"ICF","IsRemainder":"NO","ParcelStartDate":null,"PositionalError":5.5616288,"LegalDescription":"PARCEL A (SEE 161368I) LOT 189 DISTRICT LOT 1236 KOOTENAY DISTRICT PLAN 785B","CaptureMethod":"UNKNOWN","OwnerType":"PRIVATE","Compiled":1,"CreatedDate":"2016-09-20T23:24:06.000Z","ModifiedDate":"2021-02-11T23:36:41.000Z","StatedArea":null,"ErrorReportedBy":"LSA","Municipality":"0040","OBJECTID":45823,"created_user":"SDE","created_date":"2024-11-12T16:15:31.000Z","last_edited_user":"SDE","last_edited_date":"2026-03-25T16:06:10.000Z","Shape__Area":19687.313890055,"Shape__Length":821.8927736565577,"CommonName":null,"SourceGlobalID":"{4B065EBA-89A0-4DD5-9B4D-0E894DC43282}","Comments":null,"UpdateStatus":"AUTO","UpdateSource":"PMBC"}},{"type":"Feature","geometry":{"type":"Polygon","coordinates":[[[-117.543442,49.11553],[-117.543492,49.1155],[-117.543525,49.115484],[-117.543536,49.115494],[-117.543823,49.115755],[-117.543746,49.115805],[-117.543695,49.115759],[-117.543442,49.11553]]]},"properties":{"GlobalID":"{89270C81-3963-4004-8A1C-88F34304E826}","Name":"018303994","PlanID":"{03793A17-4AE9-4485-A58C-23D06C7AB08E}","PlanNumber":"NEP20557","PIN":null,"PID":18303994,"Designation1":"Lot 15","Designation2":null,"Designation3":null,"ParcelStatus":"ACTIVE","RegionalDistrict":"0019","ParcelClass":"SUBDIVISION","SourceParcelID":null,"GeometrySource":"MODIFIED-ICF","IsRemainder":"NO","ParcelStartDate":null,"PositionalError":3.4730271,"LegalDescription":"LOT 15 DISTRICT LOT 1236 KOOTENAY DISTRICT PLAN NEP20557","CaptureMethod":"UNKNOWN","OwnerType":"PRIVATE","Compiled":1,"CreatedDate":"2016-09-20T23:24:06.000Z","ModifiedDate":"2025-06-23T16:14:17.000Z","StatedArea":null,"ErrorReportedBy":"LSA","Municipality":"0040","OBJECTID":45824,"created_user":"SDE","created_date":"2024-11-12T16:15:31.000Z","last_edited_user":"SDE","last_edited_date":"2026-03-25T16:06:10.000Z","Shape__Area":294.911742445,"Shape__Length":90.6972473292818,"CommonName":null,"SourceGlobalID":"{B2A4F06D-8618-4767-9673-5FB789F5D384}","Comments":null,"UpdateStatus":"AUTO","UpdateSource":"PMBC"}},{"type":"Feature","geometry":{"type":"Polygon","coordinates":[[[-117.537326,49.123066],[-117.537802,49.122833],[-117.539235,49.122146],[-117.539391,49.122074],[-117.539445,49.122119],[-117.539988,49.122599],[-117.541769,49.124172],[-117.538567,49.12417],[-117.538463,49.124235],[-117.537326,49.123066]]]},"properties":{"GlobalID":"{AF323A68-28C7-4AAC-AFD4-AC56B3A321F3}","Name":"013164775","PlanID":"{39D8642D-77BA-47E5-B53D-C3E6A55AC79D}","PlanNumber":"NEP785","PIN":null,"PID":13164775,"Designation1":"Lot 30","Designation2":null,"Designation3":null,"ParcelStatus":"ACTIVE","RegionalDistrict":"0019","ParcelClass":"SUBDIVISION","SourceParcelID":null,"GeometrySource":"ICF","IsRemainder":"NO","ParcelStartDate":null,"PositionalError":10.6319703,"LegalDescription":"LOT 30 DISTRICT LOT 1236 KOOTENAY DISTRICT PLAN 785","CaptureMethod":"UNKNOWN","OwnerType":"PRIVATE","Compiled":1,"CreatedDate":"2016-09-20T23:24:06.000Z","ModifiedDate":"2025-04-01T23:24:00.000Z","StatedArea":null,"ErrorReportedBy":"LSA","Municipality":"0163","OBJECTID":45825,"created_user":"SDE","created_date":"2024-11-12T16:15:31.000Z","last_edited_user":"SDE","last_edited_date":"2026-03-25T16:06:10.000Z","Shape__Area":42335.758196895,"Shape__Length":875.8332222083934,"CommonName":null,"SourceGlobalID":"{0668005F-42B6-4AF0-B594-486344BBDFAD}","Comments":null,"UpdateStatus":"AUTO","UpdateSource":"PMBC"}},{"type":"Feature","geometry":{"type":"Polygon","coordinates":[[[-117.529378,49.106075],[-117.529323,49.106056],[-117.527983,49.105516],[-117.529058,49.1044],[-117.529967,49.104147],[-117.530513,49.104228],[-117.531148,49.104263],[-117.529833,49.105613],[-117.529823,49.105623],[-117.529431,49.106023],[-117.529378,49.106075]]]},"properties":{"GlobalID":"{681E51CF-2920-480F-9F9B-5933753AA593}","Name":"008846529","PlanID":"{816C4699-428D-4E33-BB26-23BCF6E5C35F}","PlanNumber":"NEP785B","PIN":null,"PID":8846529,"Designation1":"Lot 272","Designation2":null,"Designation3":null,"ParcelStatus":"ACTIVE","RegionalDistrict":"0019","ParcelClass":"SUBDIVISION","SourceParcelID":null,"GeometrySource":"ICF","IsRemainder":"NO","ParcelStartDate":null,"PositionalError":4.16926328,"LegalDescription":"LOT 272 DISTRICT LOT 1236 KOOTENAY DISTRICT PLAN 785B","CaptureMethod":"UNKNOWN","OwnerType":"PRIVATE","Compiled":1,"CreatedDate":"2016-09-20T23:24:06.000Z","ModifiedDate":"2021-02-11T23:36:41.000Z","StatedArea":null,"ErrorReportedBy":"LSA","Municipality":"0163","OBJECTID":45826,"created_user":"SDE","created_date":"2024-11-12T16:15:31.000Z","last_edited_user":"SDE","last_edited_date":"2026-03-25T16:06:10.000Z","Shape__Area":24692.279048065,"Shape__Length":664.7882130182339,"CommonName":null,"SourceGlobalID":"{00B7037B-55F6-493B-94E8-59ADAA2ECC7B}","Comments":null,"UpdateStatus":"AUTO","UpdateSource":"PMBC"}},{"type":"Feature","geometry":{"type":"Polygon","coordinates":[[[-117.547702,49.116582],[-117.547645,49.116576],[-117.547423,49.116376],[-117.547646,49.116269],[-117.548098,49.116674],[-117.548044,49.116719],[-117.54785,49.116544],[-117.547792,49.11654],[-117.547702,49.116582]]]},"properties":{"GlobalID":"{EAFEEBDB-DF9C-4F73-BDF2-FB732C0A4882}","Name":"023566434","PlanID":"{EA2E9D9A-49B8-4699-B1F0-403064BAE6B2}","PlanNumber":"NEP23442","PIN":null,"PID":23566434,"Designation1":"Lot A","Designation2":null,"Designation3":null,"ParcelStatus":"ACTIVE","RegionalDistrict":"0019","ParcelClass":"SUBDIVISION","SourceParcelID":null,"GeometrySource":"ICF","IsRemainder":"NO","ParcelStartDate":"1996-10-21T07:00:00.000Z","PositionalError":4.94647153,"LegalDescription":"LOT A DISTRICT LOT 1236 KOOTENAY DISTRICT PLAN NEP23442","CaptureMethod":"UNKNOWN","OwnerType":"PRIVATE","Compiled":1,"CreatedDate":"2016-09-20T23:24:06.000Z","ModifiedDate":"2021-02-11T23:48:16.000Z","StatedArea":null,"ErrorReportedBy":"LSA","Municipality":"0040","OBJECTID":45827,"created_user":"SDE","created_date":"2024-11-12T16:15:31.000Z","last_edited_user":"SDE","last_edited_date":"2026-03-25T16:06:10.000Z","Shape__Area":773.8465822,"Shape__Length":150.27333982246924,"CommonName":null,"SourceGlobalID":"{D3A0FE0E-F19B-43CA-9BA1-ACC29BB1DF84}","Comments":null,"UpdateStatus":"AUTO","UpdateSource":"PMBC"}},{"type":"Feature","geometry":{"type":"Polygon","coordinates":[[[-117.529708,49.109594],[-117.531228,49.107993],[-117.532548,49.108535],[-117.532631,49.108569],[-117.531852,49.109388],[-117.531806,49.109437],[-117.531091,49.110188],[-117.531045,49.110236],[-117.530345,49.10995],[-117.53036,49.109935],[-117.529657,49.109648],[-117.529708,49.109594]]]},"properties":{"GlobalID":"{DAC79456-A888-45D4-A494-D7D248B00F6F}","Name":"026447681","PlanID":"{A4B13EDF-9F73-44D4-982E-91D567015D9F}","PlanNumber":"NEP79247","PIN":null,"PID":26447681,"Designation1":"Lot B","Designation2":null,"Designation3":null,"ParcelStatus":"ACTIVE","RegionalDistrict":"0019","ParcelClass":"SUBDIVISION","SourceParcelID":null,"GeometrySource":"ICF","IsRemainder":"NO","ParcelStartDate":"2005-10-17T07:00:00.000Z","PositionalError":6.89181766,"LegalDescription":"LOT B DISTRICT LOT 1236 KOOTENAY DISTRICT PLAN NEP79247","CaptureMethod":"UNKNOWN","OwnerType":"PRIVATE","Compiled":1,"CreatedDate":"2016-09-20T23:24:06.000Z","ModifiedDate":"2021-02-11T23:48:16.000Z","StatedArea":null,"ErrorReportedBy":"LSA","Municipality":"0163","OBJECTID":45828,"created_user":"SDE","created_date":"2024-11-12T16:15:31.000Z","last_edited_user":"SDE","last_edited_date":"2026-03-25T16:06:10.000Z","Shape__Area":26267.17026766,"Shape__Length":678.7371157324831,"CommonName":null,"SourceGlobalID":"{46004669-D5B1-4812-A10A-6E1B1C38417E}","Comments":null,"UpdateStatus":"AUTO","UpdateSource":"PMBC"}},{"type":"Feature","geometry":{"type":"Polygon","coordinates":[[[-117.55021,49.115896],[-117.550177,49.115913],[-117.550005,49.115759],[-117.550039,49.115743],[-117.550365,49.115591],[-117.550538,49.115745],[-117.55021,49.115896]]]},"properties":{"GlobalID":"{CA381932-6900-47C3-B9CB-14FBEC3238B0}","Name":"011322951","PlanID":"{FA344CD0-9016-41D1-8FBB-8C4FF1F65EEC}","PlanNumber":"NEP13116","PIN":null,"PID":11322951,"Designation1":"Lot 5","Designation2":null,"Designation3":null,"ParcelStatus":"ACTIVE","RegionalDistrict":"0019","ParcelClass":"SUBDIVISION","SourceParcelID":null,"GeometrySource":"ICF","IsRemainder":"NO","ParcelStartDate":null,"PositionalError":2.04203818,"LegalDescription":"LOT 5 DISTRICT LOT 1236 KOOTENAY DISTRICT PLAN 13116","CaptureMethod":"UNKNOWN","OwnerType":"PRIVATE","Compiled":1,"CreatedDate":"2016-09-20T23:24:06.000Z","ModifiedDate":"2021-02-11T23:48:16.000Z","StatedArea":null,"ErrorReportedBy":"LSA","Municipality":"0040","OBJECTID":45829,"created_user":"SDE","created_date":"2024-11-12T16:15:31.000Z","last_edited_user":"SDE","last_edited_date":"2026-03-25T16:06:10.000Z","Shape__Area":683.103104595,"Shape__Length":106.9954545182253,"CommonName":null,"SourceGlobalID":"{521FDDD4-CF02-40FA-BD0E-477EBC5574A0}","Comments":null,"UpdateStatus":"AUTO","UpdateSource":"PMBC"}},{"type":"Feature","geometry":{"type":"Polygon","coordinates":[[[-117.542921,49.115154],[-117.542993,49.11512],[-117.543017,49.115109],[-117.543274,49.115341],[-117.543251,49.115352],[-117.543176,49.115387],[-117.542921,49.115154]]]},"properties":{"GlobalID":"{7F460D0E-D2AA-4112-9DB9-4CC37528080F}","Name":"014063069","PlanID":"{2A0CD614-62C1-4DAA-9987-C4AEA694AF25}","PlanNumber":"NEP6688","PIN":null,"PID":14063069,"Designation1":"Lot A","Designation2":null,"Designation3":null,"ParcelStatus":"ACTIVE","RegionalDistrict":"0019","ParcelClass":"SUBDIVISION","SourceParcelID":null,"GeometrySource":"MODIFIED-ICF","IsRemainder":"NO","ParcelStartDate":null,"PositionalError":3.72888607,"LegalDescription":"LOT A DISTRICT LOT 1236 KOOTENAY DISTRICT PLAN 6688","CaptureMethod":"UNKNOWN","OwnerType":"PRIVATE","Compiled":1,"CreatedDate":"2016-09-20T23:24:06.000Z","ModifiedDate":"2021-02-11T23:36:41.000Z","StatedArea":null,"ErrorReportedBy":"LSA","Municipality":"0040","OBJECTID":45830,"created_user":"SDE","created_date":"2024-11-12T16:15:31.000Z","last_edited_user":"SDE","last_edited_date":"2026-03-25T16:06:10.000Z","Shape__Area":279.099189205,"Shape__Length":81.3242150912899,"CommonName":null,"SourceGlobalID":"{5CA0BC5F-A41F-4D8C-9401-FEA7407C34F4}","Comments":null,"UpdateStatus":"AUTO","UpdateSource":"PMBC"}},{"type":"Feature","geometry":{"type":"Polygon","coordinates":[[[-117.543875,49.115056],[-117.543761,49.11511],[-117.54374,49.11512],[-117.543486,49.114891],[-117.543506,49.114881],[-117.543626,49.114826],[-117.543732,49.114894],[-117.543899,49.115045],[-117.543875,49.115056]]]},"properties":{"GlobalID":"{6BCF7F5E-EF5B-472A-A5A1-2EC9F7BFA30F}","Name":"009412301","PlanID":"{901E45FA-D86C-45B9-B3BC-868AFE2452A7}","PlanNumber":"NEP17722","PIN":null,"PID":9412301,"Designation1":"Lot B","Designation2":null,"Designation3":null,"ParcelStatus":"ACTIVE","RegionalDistrict":"0019","ParcelClass":"SUBDIVISION","SourceParcelID":null,"GeometrySource":"MODIFIED-ICF","IsRemainder":"NO","ParcelStartDate":null,"PositionalError":4.10243561,"LegalDescription":"LOT B DISTRICT LOT 1236 KOOTENAY DISTRICT PLAN 17722","CaptureMethod":"UNKNOWN","OwnerType":"PRIVATE","Compiled":1,"CreatedDate":"2016-09-20T23:24:06.000Z","ModifiedDate":"2021-02-11T23:48:16.000Z","StatedArea":null,"ErrorReportedBy":"LSA","Municipality":"0040","OBJECTID":45831,"created_user":"SDE","created_date":"2024-11-12T16:15:31.000Z","last_edited_user":"SDE","last_edited_date":"2026-03-25T16:06:10.000Z","Shape__Area":440.95752762,"Shape__Length":89.96536645091258,"CommonName":null,"SourceGlobalID":"{FA19C1DD-6F24-467F-BA77-36A9ED2343AA}","Comments":null,"UpdateStatus":"AUTO","UpdateSource":"PMBC"}},{"type":"Feature","geometry":{"type":"Polygon","coordinates":[[[-117.54601,49.118458],[-117.546015,49.118157],[-117.546308,49.118157],[-117.546304,49.118459],[-117.54601,49.118458]]]},"properties":{"GlobalID":"{40EE8B90-D799-473D-BFBC-0BBEA96B0A1A}","Name":"011401265","PlanID":"{519ED3C5-0FC8-40B0-97A6-57018F4322D3}","PlanNumber":"NEP12953","PIN":null,"PID":11401265,"Designation1":"Lot 11","Designation2":null,"Designation3":null,"ParcelStatus":"ACTIVE","RegionalDistrict":"0019","ParcelClass":"SUBDIVISION","SourceParcelID":null,"GeometrySource":"ICF","IsRemainder":"NO","ParcelStartDate":null,"PositionalError":2.69929933,"LegalDescription":"LOT 11 DISTRICT LOT 1236 KOOTENAY DISTRICT PLAN 12953","CaptureMethod":"UNKNOWN","OwnerType":"PRIVATE","Compiled":1,"CreatedDate":"2016-09-20T23:24:06.000Z","ModifiedDate":"2021-02-11T23:48:16.000Z","StatedArea":null,"ErrorReportedBy":"LSA","Municipality":"0040","OBJECTID":45832,"created_user":"SDE","created_date":"2024-11-12T16:15:31.000Z","last_edited_user":"SDE","last_edited_date":"2026-03-25T16:06:10.000Z","Shape__Area":718.132496745,"Shape__Length":109.87051014206092,"CommonName":null,"SourceGlobalID":"{1881A9CE-1FD2-47B7-A81D-705A359444C1}","Comments":null,"UpdateStatus":"AUTO","UpdateSource":"PMBC"}},{"type":"Feature","geometry":{"type":"Polygon","coordinates":[[[-117.54785,49.116544],[-117.548044,49.116719],[-117.547988,49.116762],[-117.547807,49.116598],[-117.547504,49.116747],[-117.547391,49.116644],[-117.547208,49.11648],[-117.547423,49.116376],[-117.547645,49.116576],[-117.547702,49.116582],[-117.547792,49.11654],[-117.54785,49.116544]]]},"properties":{"GlobalID":"{21B8D45B-D142-41A3-AEDE-860756D98B6D}","Name":"023566442","PlanID":"{EA2E9D9A-49B8-4699-B1F0-403064BAE6B2}","PlanNumber":"NEP23442","PIN":null,"PID":23566442,"Designation1":"Lot B","Designation2":null,"Designation3":null,"ParcelStatus":"ACTIVE","RegionalDistrict":"0019","ParcelClass":"SUBDIVISION","SourceParcelID":null,"GeometrySource":"ICF","IsRemainder":"NO","ParcelStartDate":"1996-10-21T07:00:00.000Z","PositionalError":5.17265749,"LegalDescription":"LOT B DISTRICT LOT 1236 KOOTENAY DISTRICT PLAN NEP23442","CaptureMethod":"UNKNOWN","OwnerType":"PRIVATE","Compiled":1,"CreatedDate":"2016-09-20T23:24:06.000Z","ModifiedDate":"2021-02-11T23:48:16.000Z","StatedArea":null,"ErrorReportedBy":"LSA","Municipality":"0040","OBJECTID":45833,"created_user":"SDE","created_date":"2024-11-12T16:15:31.000Z","last_edited_user":"SDE","last_edited_date":"2026-03-25T16:06:10.000Z","Shape__Area":928.47027231,"Shape__Length":180.63364074831424,"CommonName":null,"SourceGlobalID":"{E2EED1BE-667B-4E55-95AC-B5DD38015372}","Comments":null,"UpdateStatus":"AUTO","UpdateSource":"PMBC"}},{"type":"Feature","geometry":{"type":"Polygon","coordinates":[[[-117.544637,49.105835],[-117.544888,49.105938],[-117.54456,49.106281],[-117.544309,49.106178],[-117.544637,49.105835]]]},"properties":{"GlobalID":"{BBE40B8B-45CB-4644-B4F1-0578FF6EB1EB}","Name":"012171824","PlanID":"{0A19A8A9-375A-461F-90E3-B5CBA67F32A7}","PlanNumber":"NEP2630","PIN":null,"PID":12171824,"Designation1":"Lot 11","Designation2":null,"Designation3":null,"ParcelStatus":"ACTIVE","RegionalDistrict":"0019","ParcelClass":"SUBDIVISION","SourceParcelID":null,"GeometrySource":"ICF","IsRemainder":"NO","ParcelStartDate":null,"PositionalError":3.07358324,"LegalDescription":"LOT 11 DISTRICT LOT 1236 KOOTENAY DISTRICT PLAN 2630","CaptureMethod":"UNKNOWN","OwnerType":"PRIVATE","Compiled":1,"CreatedDate":"2016-09-20T23:24:06.000Z","ModifiedDate":"2021-02-11T23:36:41.000Z","StatedArea":null,"ErrorReportedBy":"LSA","Municipality":"0040","OBJECTID":45834,"created_user":"SDE","created_date":"2024-11-12T16:15:31.000Z","last_edited_user":"SDE","last_edited_date":"2026-03-25T16:06:10.000Z","Shape__Area":974.681728925,"Shape__Length":133.3854548255769,"CommonName":null,"SourceGlobalID":"{1518BBBF-F6AE-4D87-B7DF-9423EBF502D4}","Comments":null,"UpdateStatus":"AUTO","UpdateSource":"PMBC"}},{"type":"Feature","geometry":{"type":"Polygon","coordinates":[[[-117.537766,49.113039],[-117.539106,49.114187],[-117.538495,49.114485],[-117.538295,49.114306],[-117.538032,49.114067],[-117.537648,49.114242],[-117.536799,49.113502],[-117.537766,49.113039]]]},"properties":{"GlobalID":"{0763C464-5812-43C2-9AD4-6BBF567343E2}","Name":"006817394","PlanID":"{4321A055-54B8-4ADA-B3D7-E5772E384D60}","PlanNumber":"NEP16821","PIN":null,"PID":6817394,"Designation1":"Lot B","Designation2":null,"Designation3":null,"ParcelStatus":"ACTIVE","RegionalDistrict":"0019","ParcelClass":"SUBDIVISION","SourceParcelID":null,"GeometrySource":"ICF","IsRemainder":"NO","ParcelStartDate":null,"PositionalError":3.7893492,"LegalDescription":"LOT B DISTRICT LOT 1236 KOOTENAY DISTRICT PLAN 16821","CaptureMethod":"UNKNOWN","OwnerType":"PRIVATE","Compiled":1,"CreatedDate":"2016-09-20T23:24:06.000Z","ModifiedDate":"2021-02-11T23:48:16.000Z","StatedArea":null,"ErrorReportedBy":"LSA","Municipality":"0163","OBJECTID":45835,"created_user":"SDE","created_date":"2024-11-12T16:15:31.000Z","last_edited_user":"SDE","last_edited_date":"2026-03-25T16:06:10.000Z","Shape__Area":12234.2327034,"Shape__Length":498.27325474399635,"CommonName":null,"SourceGlobalID":"{5CC9030D-1461-47E9-9637-E5BA77498800}","Comments":null,"UpdateStatus":"AUTO","UpdateSource":"PMBC"}},{"type":"Feature","geometry":{"type":"Polygon","coordinates":[[[-117.542912,49.111816],[-117.543073,49.111709],[-117.543687,49.111971],[-117.543413,49.112105],[-117.542912,49.111816]]]},"properties":{"GlobalID":"{15FF08A6-6712-4BB9-B00B-E5CBF0505795}","Name":"027603741","PlanID":"{E436451B-8A1E-4305-AAA1-10B43590134A}","PlanNumber":"NEP87279","PIN":null,"PID":27603741,"Designation1":"Lot A","Designation2":null,"Designation3":null,"ParcelStatus":"ACTIVE","RegionalDistrict":"0019","ParcelClass":"SUBDIVISION","SourceParcelID":null,"GeometrySource":"ICF","IsRemainder":"NO","ParcelStartDate":"2008-08-16T07:00:00.000Z","PositionalError":2.58645114,"LegalDescription":"LOT A DISTRICT LOT 1236 KOOTENAY DISTRICT PLAN NEP87279","CaptureMethod":"UNKNOWN","OwnerType":"PRIVATE","Compiled":1,"CreatedDate":"2016-09-20T23:24:06.000Z","ModifiedDate":"2021-02-11T23:48:16.000Z","StatedArea":null,"ErrorReportedBy":"LSA","Municipality":"0040","OBJECTID":45836,"created_user":"SDE","created_date":"2024-11-12T16:15:31.000Z","last_edited_user":"SDE","last_edited_date":"2026-03-25T16:06:10.000Z","Shape__Area":1032.9941343,"Shape__Length":143.8237144397817,"CommonName":null,"SourceGlobalID":"{20FB03FC-FE4C-43BA-A2FF-585856F55C89}","Comments":null,"UpdateStatus":"AUTO","UpdateSource":"PMBC"}},{"type":"Feature","geometry":{"type":"Polygon","coordinates":[[[-117.548042,49.11896],[-117.548044,49.118677],[-117.54834,49.118682],[-117.548338,49.118964],[-117.548042,49.11896]]]},"properties":{"GlobalID":"{238CE602-08FE-4036-887B-EE54BA02F1B0}","Name":"009783776","PlanID":"{BF77D975-FCE4-4CF9-8690-36E5D5523F31}","PlanNumber":"NEP14338","PIN":null,"PID":9783776,"Designation1":"Lot 2","Designation2":null,"Designation3":null,"ParcelStatus":"ACTIVE","RegionalDistrict":"0019","ParcelClass":"SUBDIVISION","SourceParcelID":null,"GeometrySource":"ICF","IsRemainder":"NO","ParcelStartDate":null,"PositionalError":3.46573682,"LegalDescription":"LOT 2 DISTRICT LOT 1236 KOOTENAY DISTRICT PLAN 14338","CaptureMethod":"UNKNOWN","OwnerType":"PRIVATE","Compiled":1,"CreatedDate":"2016-09-20T23:24:06.000Z","ModifiedDate":"2021-02-11T23:48:16.000Z","StatedArea":null,"ErrorReportedBy":"LSA","Municipality":"0040","OBJECTID":45837,"created_user":"SDE","created_date":"2024-11-12T16:15:31.000Z","last_edited_user":"SDE","last_edited_date":"2026-03-25T16:06:10.000Z","Shape__Area":679.522659555,"Shape__Length":106.10218232140983,"CommonName":null,"SourceGlobalID":"{EDEA9BC1-B8A1-482E-89F4-902DDAE8D023}","Comments":null,"UpdateStatus":"AUTO","UpdateSource":"PMBC"}},{"type":"Feature","geometry":{"type":"Polygon","coordinates":[[[-117.543456,49.111188],[-117.543746,49.110869],[-117.543921,49.110938],[-117.543627,49.111256],[-117.543456,49.111188]]]},"properties":{"GlobalID":"{1B9D0B63-2178-4C9C-B1FF-32FE79655B26}","Name":"015184170","PlanID":"{58DC720E-E82D-43BA-8481-B575C3836B2E}","PlanNumber":"NEP2753","PIN":null,"PID":15184170,"Designation1":"Lot 6","Designation2":null,"Designation3":null,"ParcelStatus":"ACTIVE","RegionalDistrict":"0019","ParcelClass":"SUBDIVISION","SourceParcelID":null,"GeometrySource":"ICF","IsRemainder":"NO","ParcelStartDate":null,"PositionalError":3.31665971,"LegalDescription":"LOT 6 DISTRICT LOT 1236 KOOTENAY DISTRICT PLAN 2753","CaptureMethod":"UNKNOWN","OwnerType":"PRIVATE","Compiled":1,"CreatedDate":"2019-08-29T22:42:45.000Z","ModifiedDate":"2021-02-11T23:48:16.000Z","StatedArea":null,"ErrorReportedBy":"LSA","Municipality":"0040","OBJECTID":45838,"created_user":"SDE","created_date":"2024-11-12T16:15:31.000Z","last_edited_user":"SDE","last_edited_date":"2026-03-25T16:06:10.000Z","Shape__Area":610.86859555,"Shape__Length":112.27521087087926,"CommonName":null,"SourceGlobalID":"{BA126524-4CA7-4040-9891-72D48045FADF}","Comments":null,"UpdateStatus":"AUTO","UpdateSource":"PMBC"}},{"type":"Feature","geometry":{"type":"Polygon","coordinates":[[[-117.541424,49.113573],[-117.54164,49.113471],[-117.541842,49.113661],[-117.541628,49.113767],[-117.541424,49.113573]]]},"properties":{"GlobalID":"{A7BCA59F-25ED-41BF-85ED-84C1177F6385}","Name":"015157296","PlanID":"{B3DA3BA1-6446-4472-8933-200A07FEB7B4}","PlanNumber":"NEP2679","PIN":null,"PID":15157296,"Designation1":"Lot 8","Designation2":"Block 1","Designation3":null,"ParcelStatus":"ACTIVE","RegionalDistrict":"0019","ParcelClass":"SUBDIVISION","SourceParcelID":null,"GeometrySource":"ICF","IsRemainder":"NO","ParcelStartDate":null,"PositionalError":2.3279529,"LegalDescription":"LOT 8 BLOCK 1 DISTRICT LOT 1236 KOOTENAY DISTRICT PLAN 2679","CaptureMethod":"UNKNOWN","OwnerType":"PRIVATE","Compiled":1,"CreatedDate":"2016-09-20T23:24:06.000Z","ModifiedDate":"2021-02-11T23:48:16.000Z","StatedArea":null,"ErrorReportedBy":"LSA","Municipality":"0040","OBJECTID":45839,"created_user":"SDE","created_date":"2024-11-12T16:15:31.000Z","last_edited_user":"SDE","last_edited_date":"2026-03-25T16:06:10.000Z","Shape__Area":506.703895705,"Shape__Length":91.01276468994644,"CommonName":null,"SourceGlobalID":"{649CBB67-2A7D-454E-BBF5-1E7F37E25DBC}","Comments":null,"UpdateStatus":"AUTO","UpdateSource":"PMBC"}},{"type":"Feature","geometry":{"type":"Polygon","coordinates":[[[-117.54901,49.109261],[-117.548788,49.109174],[-117.548968,49.10898],[-117.549189,49.109069],[-117.54901,49.109261]]]},"properties":{"GlobalID":"{C7D476D5-3BC7-420B-B6F5-AC0186D0C93E}","Name":"014916070","PlanID":"{06789044-E36A-43DF-B7DE-DA9756D528FF}","PlanNumber":"NEP4239","PIN":null,"PID":14916070,"Designation1":"Lot 7","Designation2":null,"Designation3":null,"ParcelStatus":"ACTIVE","RegionalDistrict":"0019","ParcelClass":"SUBDIVISION","SourceParcelID":null,"GeometrySource":"MODIFIED-ICF","IsRemainder":"NO","ParcelStartDate":null,"PositionalError":5.06127804,"LegalDescription":"LOT 7 DISTRICT LOT 1236 KOOTENAY DISTRICT PLAN 4239","CaptureMethod":"UNKNOWN","OwnerType":"PRIVATE","Compiled":1,"CreatedDate":"2016-09-20T23:24:06.000Z","ModifiedDate":"2021-02-11T23:36:41.000Z","StatedArea":null,"ErrorReportedBy":"LSA","Municipality":"0040","OBJECTID":45840,"created_user":"SDE","created_date":"2024-11-12T16:15:31.000Z","last_edited_user":"SDE","last_edited_date":"2026-03-25T16:06:10.000Z","Shape__Area":474.425074325,"Shape__Length":87.99890984214694,"CommonName":null,"SourceGlobalID":"{31187DC9-3E95-40ED-8DC0-9C487E55F411}","Comments":null,"UpdateStatus":"AUTO","UpdateSource":"PMBC"}},{"type":"Feature","geometry":{"type":"Polygon","coordinates":[[[-117.545171,49.119777],[-117.545438,49.119646],[-117.545652,49.119835],[-117.545386,49.119965],[-117.545171,49.119777]]]},"properties":{"GlobalID":"{CE558B03-66CF-4457-93D6-6C1B2B96DCC0}","Name":"023169125","PlanID":"{2B8C97E1-E135-458B-BB57-012FB11F782E}","PlanNumber":"NEP22494","PIN":null,"PID":23169125,"Designation1":"Lot 1","Designation2":null,"Designation3":null,"ParcelStatus":"ACTIVE","RegionalDistrict":"0019","ParcelClass":"SUBDIVISION","SourceParcelID":null,"GeometrySource":"ICF","IsRemainder":"NO","ParcelStartDate":null,"PositionalError":7.0319439,"LegalDescription":"LOT 1 DISTRICT LOT 1236 KOOTENAY DISTRICT PLAN NEP22494","CaptureMethod":"UNKNOWN","OwnerType":"PRIVATE","Compiled":1,"CreatedDate":"2016-09-20T23:24:06.000Z","ModifiedDate":"2025-10-07T18:11:56.000Z","StatedArea":null,"ErrorReportedBy":"LSA","Municipality":"0040","OBJECTID":45841,"created_user":"SDE","created_date":"2024-11-12T16:15:31.000Z","last_edited_user":"SDE","last_edited_date":"2026-03-25T16:06:10.000Z","Shape__Area":633.46594339,"Shape__Length":100.74650973916332,"CommonName":null,"SourceGlobalID":"{AA2DE429-D7C6-4827-8494-04599992E093}","Comments":null,"UpdateStatus":"AUTO","UpdateSource":"PMBC"}},{"type":"Feature","geometry":{"type":"Polygon","coordinates":[[[-117.524384,49.121296],[-117.524123,49.121345],[-117.524121,49.121373],[-117.523511,49.121483],[-117.523513,49.120928],[-117.524076,49.12071],[-117.524372,49.12121],[-117.524384,49.121296]]]},"properties":{"GlobalID":"{E406D02F-3F11-49DC-8307-D03E4031EF5F}","Name":"015391540","PlanID":"{0019945A-AD73-4BB3-91CD-6889213E9AAF}","PlanNumber":"NEP2574","PIN":null,"PID":15391540,"Designation1":"Parcel A","Designation2":"Lot 1","Designation3":null,"ParcelStatus":"ACTIVE","RegionalDistrict":"0019","ParcelClass":"SUBDIVISION","SourceParcelID":null,"GeometrySource":"ICF","IsRemainder":"NO","ParcelStartDate":null,"PositionalError":2.74189279,"LegalDescription":"PARCEL A (REFERENCE PLAN 110308I) LOT 1 DISTRICT LOT 1236 KOOTENAY DISTRICT PLAN 2574","CaptureMethod":"UNKNOWN","OwnerType":"PRIVATE","Compiled":1,"CreatedDate":"2016-09-20T23:24:06.000Z","ModifiedDate":"2021-02-11T23:48:16.000Z","StatedArea":null,"ErrorReportedBy":"LSA","Municipality":"0163","OBJECTID":45842,"created_user":"SDE","created_date":"2024-11-12T16:15:31.000Z","last_edited_user":"SDE","last_edited_date":"2026-03-25T16:06:10.000Z","Shape__Area":3690.933782665,"Shape__Length":247.52841395435647,"CommonName":null,"SourceGlobalID":"{EF3F73B5-C103-4CAA-96BB-9A7CA1A1EC34}","Comments":null,"UpdateStatus":"AUTO","UpdateSource":"PMBC"}},{"type":"Feature","geometry":{"type":"MultiPolygon","coordinates":[[[[-117.552807,49.108492],[-117.552855,49.108493],[-117.552903,49.108497],[-117.552952,49.108499],[-117.553,49.108497],[-117.55309,49.108498],[-117.553148,49.108494],[-117.553352,49.108472],[-117.553382,49.10847],[-117.553075,49.108603],[-117.552807,49.108492]]],[[[-117.552261,49.108199],[-117.552211,49.108194],[-117.552128,49.108185],[-117.552018,49.108168],[-117.551334,49.107887],[-117.551598,49.107668],[-117.553282,49.108358],[-117.553243,49.108356],[-117.553182,49.108353],[-117.55307,49.108352],[-117.55303,49.108356],[-117.552931,49.108377],[-117.55286,49.108393],[-117.552825,49.108398],[-117.552745,49.108398],[-117.552706,49.108401],[-117.552666,49.108401],[-117.552625,49.108387],[-117.552586,49.108366],[-117.552534,49.108342],[-117.552481,49.108309],[-117.552427,49.108277],[-117.552397,49.108256],[-117.552365,49.108236],[-117.552347,49.108222],[-117.552327,49.108211],[-117.552306,49.108203],[-117.552284,49.108199],[-117.552261,49.108199]]]]},"properties":{"GlobalID":"{04360088-50E2-4627-9282-320AC8D40D73}","Name":"027319911","PlanID":"{32054DA3-EFB9-43BF-B59B-6703D3396D6C}","PlanNumber":"NEP85414","PIN":null,"PID":27319911,"Designation1":"Lot A","Designation2":null,"Designation3":null,"ParcelStatus":"ACTIVE","RegionalDistrict":"0019","ParcelClass":"SUBDIVISION","SourceParcelID":null,"GeometrySource":"ICF","IsRemainder":"NO","ParcelStartDate":"2007-11-30T08:00:00.000Z","PositionalError":5.855671,"LegalDescription":"LOT A DISTRICT LOT 1236 KOOTENAY DISTRICT PLAN NEP85414","CaptureMethod":"UNKNOWN","OwnerType":"PRIVATE","Compiled":1,"CreatedDate":"2016-09-20T23:24:06.000Z","ModifiedDate":"2025-10-07T18:11:56.000Z","StatedArea":null,"ErrorReportedBy":"LSA","Municipality":"0040","OBJECTID":45843,"created_user":"SDE","created_date":"2024-11-12T16:15:31.000Z","last_edited_user":"SDE","last_edited_date":"2026-03-25T16:06:10.000Z","Shape__Area":3897.02474852,"Shape__Length":428.6819132408241,"CommonName":null,"SourceGlobalID":"{41C1B36A-D6F0-47A5-9C3D-3A7E5F7FFD6D}","Comments":null,"UpdateStatus":"AUTO","UpdateSource":"PMBC"}},{"type":"Feature","geometry":{"type":"Polygon","coordinates":[[[-117.541495,49.111411],[-117.541898,49.11122],[-117.542076,49.111294],[-117.541659,49.111507],[-117.541495,49.111411]]]},"properties":{"GlobalID":"{E7F4636E-082D-450A-81CA-BF8D0E455834}","Name":"011533919","PlanID":"{94BFDD58-BEBC-4481-8535-1E04EE30EDF0}","PlanNumber":"NEP2365","PIN":null,"PID":11533919,"Designation1":"Lot 4","Designation2":null,"Designation3":null,"ParcelStatus":"ACTIVE","RegionalDistrict":"0019","ParcelClass":"SUBDIVISION","SourceParcelID":null,"GeometrySource":"ICF","IsRemainder":"NO","ParcelStartDate":null,"PositionalError":4.39740756,"LegalDescription":"THAT PART OF LOT 4 SHOWN RED ON REFERENCE PLAN 115992I DISTRICT LOT 1236 KOOTENAY DISTRICT PLAN 2365","CaptureMethod":"UNKNOWN","OwnerType":"PRIVATE","Compiled":1,"CreatedDate":"2016-09-20T23:24:06.000Z","ModifiedDate":"2021-02-11T23:48:16.000Z","StatedArea":null,"ErrorReportedBy":"LSA","Municipality":"0040","OBJECTID":45844,"created_user":"SDE","created_date":"2024-11-12T16:15:31.000Z","last_edited_user":"SDE","last_edited_date":"2026-03-25T16:06:10.000Z","Shape__Area":562.06703052,"Shape__Length":106.27488492324478,"CommonName":null,"SourceGlobalID":"{E3E660E6-3643-4CAB-B351-E207935C0B1F}","Comments":null,"UpdateStatus":"AUTO","UpdateSource":"PMBC"}},{"type":"Feature","geometry":{"type":"Polygon","coordinates":[[[-117.547373,49.113612],[-117.547602,49.113817],[-117.547487,49.113878],[-117.547427,49.113909],[-117.547259,49.114005],[-117.547014,49.113781],[-117.547193,49.113698],[-117.547373,49.113612]]]},"properties":{"GlobalID":"{09B4DA63-1204-4C5E-A796-7287AA80CDC8}","Name":"012360228","PlanID":"{7978FB9E-59F3-448A-A916-1F7F11B14EC3}","PlanNumber":"NEP2197","PIN":null,"PID":12360228,"Designation1":"Parcel C","Designation2":null,"Designation3":null,"ParcelStatus":"ACTIVE","RegionalDistrict":"0019","ParcelClass":"SUBDIVISION","SourceParcelID":null,"GeometrySource":"ICF","IsRemainder":"NO","ParcelStartDate":null,"PositionalError":4.43657396,"LegalDescription":"PARCEL C (SEE U27877) DISTRICT LOT 1236 KOOTENAY DISTRICT PLAN 2197","CaptureMethod":"UNKNOWN","OwnerType":"PRIVATE","Compiled":1,"CreatedDate":"2016-09-20T23:24:06.000Z","ModifiedDate":"2021-02-11T23:48:16.000Z","StatedArea":null,"ErrorReportedBy":"LSA","Municipality":"0040","OBJECTID":45845,"created_user":"SDE","created_date":"2024-11-12T16:15:31.000Z","last_edited_user":"SDE","last_edited_date":"2026-03-25T16:06:10.000Z","Shape__Area":946.951250735,"Shape__Length":123.72474657949223,"CommonName":null,"SourceGlobalID":"{B466F273-4DDB-48B8-A2CC-4275B4D5199E}","Comments":null,"UpdateStatus":"AUTO","UpdateSource":"PMBC"}},{"type":"Feature","geometry":{"type":"Polygon","coordinates":[[[-117.544617,49.104862],[-117.544431,49.105053],[-117.544203,49.104956],[-117.543901,49.104829],[-117.54394,49.104788],[-117.544086,49.10464],[-117.544617,49.104862]]]},"properties":{"GlobalID":"{383EA788-C5C0-4613-801E-A14FD607808F}","Name":"011214121","PlanID":"{4267A6E0-4987-43DD-93B8-EEFC3FEB0A6E}","PlanNumber":"NEP8517","PIN":null,"PID":11214121,"Designation1":"Lot 4","Designation2":null,"Designation3":null,"ParcelStatus":"ACTIVE","RegionalDistrict":"0019","ParcelClass":"SUBDIVISION","SourceParcelID":null,"GeometrySource":"ICF","IsRemainder":"NO","ParcelStartDate":null,"PositionalError":2.85988157,"LegalDescription":"LOT 4 DISTRICT LOT 1236 KOOTENAY DISTRICT PLAN 8517","CaptureMethod":"UNKNOWN","OwnerType":"PRIVATE","Compiled":1,"CreatedDate":"2016-09-20T23:24:06.000Z","ModifiedDate":"2021-02-12T20:22:55.000Z","StatedArea":null,"ErrorReportedBy":"LSA","Municipality":"0163","OBJECTID":45846,"created_user":"SDE","created_date":"2024-11-12T16:15:31.000Z","last_edited_user":"SDE","last_edited_date":"2026-03-25T16:06:10.000Z","Shape__Area":1149.840629515,"Shape__Length":142.01842898467285,"CommonName":null,"SourceGlobalID":"{BE48B540-B9D1-4F75-B779-CEDC38338897}","Comments":null,"UpdateStatus":"AUTO","UpdateSource":"PMBC"}},{"type":"Feature","geometry":{"type":"Polygon","coordinates":[[[-117.544079,49.105415],[-117.541071,49.104112],[-117.541408,49.103759],[-117.543901,49.104829],[-117.544203,49.104956],[-117.544431,49.105053],[-117.544079,49.105415]]]},"properties":{"GlobalID":"{CD108382-CD71-46AE-9BEE-72AEE16D88CE}","Name":"011400013","PlanID":"{C23B0080-162B-4065-BE65-E80358E001E9}","PlanNumber":"NEP12957","PIN":null,"PID":11400013,"Designation1":"Lot 1","Designation2":null,"Designation3":null,"ParcelStatus":"ACTIVE","RegionalDistrict":"0019","ParcelClass":"SUBDIVISION","SourceParcelID":null,"GeometrySource":"ICF","IsRemainder":"NO","ParcelStartDate":null,"PositionalError":3.70073522,"LegalDescription":"LOT 1 DISTRICT LOT 1236 KOOTENAY DISTRICT PLAN 12957","CaptureMethod":"UNKNOWN","OwnerType":"PRIVATE","Compiled":1,"CreatedDate":"2016-09-20T23:24:06.000Z","ModifiedDate":"2021-02-12T20:22:55.000Z","StatedArea":null,"ErrorReportedBy":"LSA","Municipality":"0163","OBJECTID":45847,"created_user":"SDE","created_date":"2024-11-12T16:15:31.000Z","last_edited_user":"SDE","last_edited_date":"2026-03-25T16:06:10.000Z","Shape__Area":12350.23131862,"Shape__Length":620.5310864272501,"CommonName":null,"SourceGlobalID":"{8804E82F-E6AA-439C-A47D-631E378890F6}","Comments":null,"UpdateStatus":"AUTO","UpdateSource":"PMBC"}},{"type":"Feature","geometry":{"type":"Polygon","coordinates":[[[-117.538053,49.108494],[-117.537303,49.109293],[-117.536348,49.108904],[-117.535991,49.108487],[-117.535926,49.108255],[-117.535921,49.108039],[-117.53621,49.107741],[-117.536271,49.10776],[-117.538053,49.108494]]]},"properties":{"GlobalID":"{40899F31-BC03-4EB7-B3F8-71238BC5508C}","Name":"005498066","PlanID":"{B44814D9-550F-492A-9A8B-EC06EDEEA7DD}","PlanNumber":"NEP1919","PIN":null,"PID":5498066,"Designation1":"Parcel A","Designation2":null,"Designation3":null,"ParcelStatus":"ACTIVE","RegionalDistrict":"0019","ParcelClass":"SUBDIVISION","SourceParcelID":null,"GeometrySource":"ICF","IsRemainder":"NO","ParcelStartDate":null,"PositionalError":3.18324916,"LegalDescription":"PARCEL A (DD V26824) DISTRICT LOT 1236 KOOTENAY DISTRICT PLAN 1919","CaptureMethod":"UNKNOWN","OwnerType":"PRIVATE","Compiled":1,"CreatedDate":"2016-09-20T23:24:06.000Z","ModifiedDate":"2021-02-12T20:22:55.000Z","StatedArea":null,"ErrorReportedBy":"LSA","Municipality":"0163","OBJECTID":45848,"created_user":"SDE","created_date":"2024-11-12T16:15:31.000Z","last_edited_user":"SDE","last_edited_date":"2026-03-25T16:06:10.000Z","Shape__Area":14708.507988325,"Shape__Length":487.5204845886778,"CommonName":null,"SourceGlobalID":"{07E39A8C-1891-44DB-886D-8B8201393A7A}","Comments":null,"UpdateStatus":"AUTO","UpdateSource":"PMBC"}},{"type":"Feature","geometry":{"type":"Polygon","coordinates":[[[-117.541239,49.106161],[-117.542739,49.106791],[-117.542318,49.107223],[-117.540455,49.106443],[-117.540386,49.106415],[-117.540805,49.10598],[-117.541239,49.106161]]]},"properties":{"GlobalID":"{A8F97DFF-48D2-4C26-8F03-FE83F90F842D}","Name":"014991284","PlanID":"{FCEF7F51-2908-4FF5-8FEC-64E282B5F7D3}","PlanNumber":"NEP4692","PIN":null,"PID":14991284,"Designation1":"Lot A","Designation2":null,"Designation3":null,"ParcelStatus":"ACTIVE","RegionalDistrict":"0019","ParcelClass":"SUBDIVISION","SourceParcelID":null,"GeometrySource":"ICF","IsRemainder":"NO","ParcelStartDate":null,"PositionalError":2.56001382,"LegalDescription":"LOT A DISTRICT LOT 1236 KOOTENAY DISTRICT PLAN 4692","CaptureMethod":"UNKNOWN","OwnerType":"PRIVATE","Compiled":1,"CreatedDate":"2016-09-20T23:24:06.000Z","ModifiedDate":"2021-02-12T20:22:55.000Z","StatedArea":null,"ErrorReportedBy":"LSA","Municipality":"0163","OBJECTID":45849,"created_user":"SDE","created_date":"2024-11-12T16:15:31.000Z","last_edited_user":"SDE","last_edited_date":"2026-03-25T16:06:10.000Z","Shape__Area":9561.516176685,"Shape__Length":448.91765863864293,"CommonName":null,"SourceGlobalID":"{1770AD2F-8E3F-4AE3-AD25-5492604BE6C2}","Comments":null,"UpdateStatus":"AUTO","UpdateSource":"PMBC"}},{"type":"Feature","geometry":{"type":"Polygon","coordinates":[[[-117.553753,49.109758],[-117.553712,49.109795],[-117.553278,49.109639],[-117.553507,49.109457],[-117.553908,49.109621],[-117.553753,49.109758]]]},"properties":{"GlobalID":"{97AACDD6-669C-4650-AFE1-79BF48EFDFC0}","Name":"012826201","PlanID":"{EE09598C-8E03-49D0-AA09-666E160586C4}","PlanNumber":"NEP11247","PIN":null,"PID":12826201,"Designation1":"Lot 3","Designation2":null,"Designation3":null,"ParcelStatus":"ACTIVE","RegionalDistrict":"0019","ParcelClass":"SUBDIVISION","SourceParcelID":null,"GeometrySource":"ICF","IsRemainder":"NO","ParcelStartDate":null,"PositionalError":7.29204931,"LegalDescription":"LOT 3 DISTRICT LOT 1236 KOOTENAY DISTRICT PLAN 11247","CaptureMethod":"UNKNOWN","OwnerType":"PRIVATE","Compiled":1,"CreatedDate":"2016-09-20T23:24:06.000Z","ModifiedDate":"2021-02-11T23:48:16.000Z","StatedArea":null,"ErrorReportedBy":"LSA","Municipality":"0040","OBJECTID":45850,"created_user":"SDE","created_date":"2024-11-12T16:15:31.000Z","last_edited_user":"SDE","last_edited_date":"2026-03-25T16:06:10.000Z","Shape__Area":879.26272027,"Shape__Length":120.92242226369777,"CommonName":null,"SourceGlobalID":"{A9EDBDE5-5FC7-4619-A680-1825535062DB}","Comments":null,"UpdateStatus":"AUTO","UpdateSource":"PMBC"}},{"type":"Feature","geometry":{"type":"Polygon","coordinates":[[[-117.548742,49.115331],[-117.54899,49.115551],[-117.548538,49.115771],[-117.548269,49.115552],[-117.548742,49.115331]]]},"properties":{"GlobalID":"{DA6CE737-D2F0-4203-993A-71E0A2863A7F}","Name":"014802708","PlanID":"{D273BB41-6903-42F6-870E-0F4DE2F41FEC}","PlanNumber":"NEP4780","PIN":null,"PID":14802708,"Designation1":"Lot A","Designation2":null,"Designation3":null,"ParcelStatus":"ACTIVE","RegionalDistrict":"0019","ParcelClass":"SUBDIVISION","SourceParcelID":null,"GeometrySource":"ICF","IsRemainder":"NO","ParcelStartDate":null,"PositionalError":3.30931601,"LegalDescription":"LOT A DISTRICT LOT 1236 KOOTENAY DISTRICT PLAN 4780","CaptureMethod":"UNKNOWN","OwnerType":"PRIVATE","Compiled":1,"CreatedDate":"2016-09-20T23:24:06.000Z","ModifiedDate":"2021-02-11T23:36:41.000Z","StatedArea":null,"ErrorReportedBy":"LSA","Municipality":"0040","OBJECTID":45851,"created_user":"SDE","created_date":"2024-11-12T16:15:31.000Z","last_edited_user":"SDE","last_edited_date":"2026-03-25T16:06:10.000Z","Shape__Area":1286.06615865,"Shape__Length":145.135384108638,"CommonName":null,"SourceGlobalID":"{E2143049-E03E-45E2-A907-24441A529761}","Comments":null,"UpdateStatus":"AUTO","UpdateSource":"PMBC"}},{"type":"Feature","geometry":{"type":"Polygon","coordinates":[[[-117.543318,49.114567],[-117.543512,49.114473],[-117.543589,49.114436],[-117.543836,49.114661],[-117.543814,49.114671],[-117.543561,49.114789],[-117.543318,49.114567]]]},"properties":{"GlobalID":"{37A6853A-B1C4-467D-A098-E759FA537EDC}","Name":"013133993","PlanID":"{7C8EF0D1-2EA7-4A35-898F-CFD3D51A7A25}","PlanNumber":"NEP9353","PIN":null,"PID":13133993,"Designation1":"Lot A","Designation2":null,"Designation3":null,"ParcelStatus":"ACTIVE","RegionalDistrict":"0019","ParcelClass":"SUBDIVISION","SourceParcelID":null,"GeometrySource":"MODIFIED-ICF","IsRemainder":"NO","ParcelStartDate":null,"PositionalError":2.5270169,"LegalDescription":"LOT A DISTRICT LOT 1236 KOOTENAY DISTRICT PLAN 9353","CaptureMethod":"UNKNOWN","OwnerType":"PRIVATE","Compiled":1,"CreatedDate":"2016-09-20T23:24:06.000Z","ModifiedDate":"2025-07-16T17:14:34.000Z","StatedArea":null,"ErrorReportedBy":"LSA","Municipality":"0040","OBJECTID":45852,"created_user":"SDE","created_date":"2024-11-12T16:15:31.000Z","last_edited_user":"SDE","last_edited_date":"2026-03-25T16:06:10.000Z","Shape__Area":750.309017235,"Shape__Length":110.22286414929785,"CommonName":null,"SourceGlobalID":"{682EAC82-23B0-49B7-9B15-1307028504CE}","Comments":null,"UpdateStatus":"AUTO","UpdateSource":"PMBC"}},{"type":"Feature","geometry":{"type":"Polygon","coordinates":[[[-117.545943,49.104608],[-117.546104,49.104673],[-117.546188,49.104708],[-117.545488,49.105448],[-117.545243,49.105348],[-117.545943,49.104608]]]},"properties":{"GlobalID":"{061297DB-210F-4655-ADD4-8874360C2A4D}","Name":"007706499","PlanID":"{24D8F328-59DF-4273-8EB8-667B736036C1}","PlanNumber":"NEP17511","PIN":null,"PID":7706499,"Designation1":"Lot 1","Designation2":null,"Designation3":null,"ParcelStatus":"ACTIVE","RegionalDistrict":"0019","ParcelClass":"SUBDIVISION","SourceParcelID":null,"GeometrySource":"ICF","IsRemainder":"NO","ParcelStartDate":null,"PositionalError":2.51325893,"LegalDescription":"LOT 1 DISTRICT LOT 1236 KOOTENAY DISTRICT PLAN 17511","CaptureMethod":"UNKNOWN","OwnerType":"PRIVATE","Compiled":1,"CreatedDate":"2016-09-20T23:24:06.000Z","ModifiedDate":"2021-02-11T23:36:41.000Z","StatedArea":null,"ErrorReportedBy":"LSA","Municipality":"0040","OBJECTID":45853,"created_user":"SDE","created_date":"2024-11-12T16:15:31.000Z","last_edited_user":"SDE","last_edited_date":"2026-03-25T16:06:10.000Z","Shape__Area":2038.132336365,"Shape__Length":235.72896244077376,"CommonName":null,"SourceGlobalID":"{F4EDB1AF-AD28-42AD-903C-90007431748F}","Comments":null,"UpdateStatus":"AUTO","UpdateSource":"PMBC"}},{"type":"Feature","geometry":{"type":"Polygon","coordinates":[[[-117.542564,49.111459],[-117.542857,49.111137],[-117.543421,49.11137],[-117.54312,49.11169],[-117.542564,49.111459]]]},"properties":{"GlobalID":"{0F936EF4-283C-4087-9778-A4129D3EBD08}","Name":"013041665","PlanID":"{06571C3A-128C-492A-BD5A-00C2E7521BF0}","PlanNumber":"NEP9891","PIN":null,"PID":13041665,"Designation1":"Lot 2","Designation2":null,"Designation3":null,"ParcelStatus":"ACTIVE","RegionalDistrict":"0019","ParcelClass":"SUBDIVISION","SourceParcelID":null,"GeometrySource":"ICF","IsRemainder":"NO","ParcelStartDate":null,"PositionalError":3.55973618,"LegalDescription":"LOT 2 DISTRICT LOT 1236 KOOTENAY DISTRICT PLAN 9891","CaptureMethod":"UNKNOWN","OwnerType":"PRIVATE","Compiled":1,"CreatedDate":"2016-09-20T23:24:06.000Z","ModifiedDate":"2021-02-11T23:48:16.000Z","StatedArea":null,"ErrorReportedBy":"LSA","Municipality":"0040","OBJECTID":45854,"created_user":"SDE","created_date":"2024-11-12T16:15:31.000Z","last_edited_user":"SDE","last_edited_date":"2026-03-25T16:06:10.000Z","Shape__Area":2017.1258171,"Shape__Length":180.1476599013883,"CommonName":null,"SourceGlobalID":"{FC168FAE-CB82-4FFD-9217-CBCE2EB94034}","Comments":null,"UpdateStatus":"AUTO","UpdateSource":"PMBC"}},{"type":"Feature","geometry":{"type":"Polygon","coordinates":[[[-117.524732,49.138938],[-117.524896,49.138854],[-117.524917,49.138846],[-117.524936,49.138835],[-117.524953,49.138821],[-117.524967,49.138804],[-117.524978,49.138785],[-117.524986,49.138764],[-117.52499,49.138742],[-117.52499,49.13872],[-117.524987,49.138698],[-117.524979,49.138677],[-117.524969,49.138658],[-117.524955,49.138641],[-117.524938,49.138626],[-117.525042,49.138361],[-117.527639,49.137711],[-117.527637,49.140684],[-117.524732,49.138938]]]},"properties":{"GlobalID":"{B32F0FE1-A2BB-4323-B761-97A19211086E}","Name":"030366062","PlanID":"{F4A132A7-AA34-436F-9A4A-DAE9178B14EA}","PlanNumber":"EPP73223","PIN":null,"PID":30366062,"Designation1":"Lot A","Designation2":null,"Designation3":null,"ParcelStatus":"ACTIVE","RegionalDistrict":"0019","ParcelClass":"SUBDIVISION","SourceParcelID":null,"GeometrySource":"SPDS","IsRemainder":null,"ParcelStartDate":"2018-02-05T08:00:00.000Z","PositionalError":0.0934754,"LegalDescription":"LOT A DISTRICT LOT 1236 KOOTENAY DISTRICT PLAN EPP73223","CaptureMethod":"SPDS","OwnerType":"PRIVATE","Compiled":0,"CreatedDate":"2018-02-24T18:44:56.000Z","ModifiedDate":"2025-10-07T18:11:56.000Z","StatedArea":"40000","ErrorReportedBy":"LSA","Municipality":"0163","OBJECTID":45855,"created_user":"SDE","created_date":"2024-11-12T16:15:31.000Z","last_edited_user":"SDE","last_edited_date":"2026-03-25T16:06:10.000Z","Shape__Area":39965.10317939,"Shape__Length":894.4913033543406,"CommonName":null,"SourceGlobalID":"{6CC000FA-2A3D-4D15-A94C-548ECC974868}","Comments":null,"UpdateStatus":"AUTO","UpdateSource":"PMBC"}},{"type":"Feature","geometry":{"type":"Polygon","coordinates":[[[-117.531994,49.117588],[-117.531753,49.117373],[-117.531509,49.117157],[-117.531355,49.11702],[-117.531201,49.116883],[-117.531047,49.116747],[-117.530892,49.116608],[-117.531216,49.116452],[-117.532347,49.117445],[-117.532014,49.117606],[-117.531994,49.117588]]]},"properties":{"GlobalID":"{EFA27CE0-EF44-47AC-A77B-29F273C3E6D7}","Name":"008930520","PlanID":"{65570315-9787-4521-B75D-A8E83092E787}","PlanNumber":"NEP2936","PIN":null,"PID":8930520,"Designation1":"Lot 2","Designation2":null,"Designation3":null,"ParcelStatus":"ACTIVE","RegionalDistrict":"0019","ParcelClass":"SUBDIVISION","SourceParcelID":null,"GeometrySource":"ICF","IsRemainder":"NO","ParcelStartDate":null,"PositionalError":3.9878759,"LegalDescription":"LOT 2 DISTRICT LOT 1236 KOOTENAY DISTRICT PLAN 2936","CaptureMethod":"UNKNOWN","OwnerType":"PRIVATE","Compiled":1,"CreatedDate":"2016-09-20T23:24:06.000Z","ModifiedDate":"2025-07-10T15:29:01.000Z","StatedArea":null,"ErrorReportedBy":"LSA","Municipality":"0163","OBJECTID":45856,"created_user":"SDE","created_date":"2024-11-12T16:15:31.000Z","last_edited_user":"SDE","last_edited_date":"2026-03-25T16:06:10.000Z","Shape__Area":4100.844056445,"Shape__Length":335.19084266730385,"CommonName":null,"SourceGlobalID":"{094D3594-0F63-4E2F-A477-F9F460EB8EE2}","Comments":null,"UpdateStatus":"AUTO","UpdateSource":"PMBC"}},{"type":"Feature","geometry":{"type":"Polygon","coordinates":[[[-117.546318,49.107004],[-117.546647,49.106661],[-117.546898,49.106766],[-117.546571,49.107109],[-117.546318,49.107004]]]},"properties":{"GlobalID":"{02C5D3E6-D28E-46FA-9294-040F24F917D0}","Name":"012187411","PlanID":"{6E6BCB1F-CFB2-4E60-9DA5-1D1A9CB35945}","PlanNumber":"NEP2631","PIN":null,"PID":12187411,"Designation1":"Lot 3","Designation2":null,"Designation3":null,"ParcelStatus":"ACTIVE","RegionalDistrict":"0019","ParcelClass":"SUBDIVISION","SourceParcelID":null,"GeometrySource":"ICF","IsRemainder":"NO","ParcelStartDate":null,"PositionalError":4.61478108,"LegalDescription":"LOT 3 DISTRICT LOT 1236 KOOTENAY DISTRICT PLAN 2631","CaptureMethod":"UNKNOWN","OwnerType":"PRIVATE","Compiled":1,"CreatedDate":"2016-09-20T23:24:06.000Z","ModifiedDate":"2021-02-11T23:36:41.000Z","StatedArea":null,"ErrorReportedBy":"LSA","Municipality":"0040","OBJECTID":45857,"created_user":"SDE","created_date":"2024-11-12T16:15:31.000Z","last_edited_user":"SDE","last_edited_date":"2026-03-25T16:06:10.000Z","Shape__Area":981.076704845,"Shape__Length":133.64296998819395,"CommonName":null,"SourceGlobalID":"{4E0AAC4A-0AD0-494A-A878-2983844E1A1A}","Comments":null,"UpdateStatus":"AUTO","UpdateSource":"PMBC"}},{"type":"Feature","geometry":{"type":"Polygon","coordinates":[[[-117.57893,49.087302],[-117.579531,49.08703],[-117.579747,49.088068],[-117.579054,49.088068],[-117.57893,49.087302]]]},"properties":{"GlobalID":"{376424A0-54AD-49DE-9553-FF2A4338455F}","Name":"011567481","PlanID":"{7EA88276-29D4-4123-B0DB-121EEBCB11F2}","PlanNumber":"NEP2533","PIN":null,"PID":11567481,"Designation1":"Parcel A","Designation2":"Lot 10","Designation3":null,"ParcelStatus":"ACTIVE","RegionalDistrict":"0019","ParcelClass":"SUBDIVISION","SourceParcelID":null,"GeometrySource":"ICF","IsRemainder":"NO","ParcelStartDate":null,"PositionalError":3.05546878,"LegalDescription":"PARCEL A (REFERENCE PLAN 101366I) LOT 10 DISTRICT LOT 8392 KOOTENAY DISTRICT PLAN 2533","CaptureMethod":"UNKNOWN","OwnerType":"PRIVATE","Compiled":1,"CreatedDate":"2016-09-20T23:24:06.000Z","ModifiedDate":"2021-02-11T23:36:41.000Z","StatedArea":null,"ErrorReportedBy":"LSA","Municipality":"0163","OBJECTID":45858,"created_user":"SDE","created_date":"2024-11-12T16:15:31.000Z","last_edited_user":"SDE","last_edited_date":"2026-03-25T16:06:10.000Z","Shape__Area":4927.850862705,"Shape__Length":306.0961380735514,"CommonName":null,"SourceGlobalID":"{E4AD1B1D-F4C6-4E06-9E6D-3B43CF7DB1FD}","Comments":null,"UpdateStatus":"AUTO","UpdateSource":"PMBC"}},{"type":"Feature","geometry":{"type":"Polygon","coordinates":[[[-117.54602,49.117673],[-117.546022,49.117372],[-117.546317,49.117373],[-117.546313,49.117674],[-117.54602,49.117673]]]},"properties":{"GlobalID":"{16CFF019-CB24-41E1-BB30-D0908E4602D5}","Name":"011401036","PlanID":"{519ED3C5-0FC8-40B0-97A6-57018F4322D3}","PlanNumber":"NEP12953","PIN":null,"PID":11401036,"Designation1":"Lot 3","Designation2":null,"Designation3":null,"ParcelStatus":"ACTIVE","RegionalDistrict":"0019","ParcelClass":"SUBDIVISION","SourceParcelID":null,"GeometrySource":"ICF","IsRemainder":"NO","ParcelStartDate":null,"PositionalError":2.77175717,"LegalDescription":"LOT 3 DISTRICT LOT 1236 KOOTENAY DISTRICT PLAN 12953","CaptureMethod":"UNKNOWN","OwnerType":"PRIVATE","Compiled":1,"CreatedDate":"2016-09-20T23:24:06.000Z","ModifiedDate":"2021-02-11T23:48:16.000Z","StatedArea":null,"ErrorReportedBy":"LSA","Municipality":"0040","OBJECTID":45859,"created_user":"SDE","created_date":"2024-11-12T16:15:31.000Z","last_edited_user":"SDE","last_edited_date":"2026-03-25T16:06:10.000Z","Shape__Area":718.95634527,"Shape__Length":109.92477890720177,"CommonName":null,"SourceGlobalID":"{C9B8DECC-5A50-4068-9C3C-9EAA22899132}","Comments":null,"UpdateStatus":"AUTO","UpdateSource":"PMBC"}},{"type":"Feature","geometry":{"type":"Polygon","coordinates":[[[-117.543998,49.119932],[-117.544298,49.119785],[-117.544604,49.120055],[-117.544304,49.120201],[-117.543998,49.119932]]]},"properties":{"GlobalID":"{4E58965A-5556-4097-9741-4FAFCA6D339D}","Name":"016675258","PlanID":"{F3F4936B-126F-4836-9902-FA8E0AE93CBE}","PlanNumber":"NEP19099","PIN":null,"PID":16675258,"Designation1":"Lot 4","Designation2":null,"Designation3":null,"ParcelStatus":"ACTIVE","RegionalDistrict":"0019","ParcelClass":"SUBDIVISION","SourceParcelID":null,"GeometrySource":"ICF","IsRemainder":"NO","ParcelStartDate":null,"PositionalError":7.1383884,"LegalDescription":"LOT 4 DISTRICT LOT 1236 KOOTENAY DISTRICT PLAN 19099","CaptureMethod":"UNKNOWN","OwnerType":"PRIVATE","Compiled":1,"CreatedDate":"2016-09-20T23:24:06.000Z","ModifiedDate":"2025-10-07T18:11:56.000Z","StatedArea":null,"ErrorReportedBy":"LSA","Municipality":"0040","OBJECTID":45860,"created_user":"SDE","created_date":"2024-11-12T16:15:31.000Z","last_edited_user":"SDE","last_edited_date":"2026-03-25T16:06:10.000Z","Shape__Area":1019.023676705,"Shape__Length":129.25947940825247,"CommonName":null,"SourceGlobalID":"{A1425BD4-3FE3-472E-A558-CFCD8EACC345}","Comments":null,"UpdateStatus":"AUTO","UpdateSource":"PMBC"}},{"type":"Feature","geometry":{"type":"Polygon","coordinates":[[[-117.537727,49.10596],[-117.537686,49.105942],[-117.537056,49.105684],[-117.537268,49.105452],[-117.537952,49.105735],[-117.537727,49.10596]]]},"properties":{"GlobalID":"{A8C4B809-FBD6-4BE8-8E0E-786E9A16754A}","Name":"013143964","PlanID":"{310C95A1-D3C7-471C-A086-969EA2A4F49D}","PlanNumber":"NEP9483","PIN":null,"PID":13143964,"Designation1":"Lot 1","Designation2":null,"Designation3":null,"ParcelStatus":"ACTIVE","RegionalDistrict":"0019","ParcelClass":"SUBDIVISION","SourceParcelID":null,"GeometrySource":"ICF","IsRemainder":"NO","ParcelStartDate":null,"PositionalError":3.93965026,"LegalDescription":"LOT 1 DISTRICT LOT 1236 KOOTENAY DISTRICT PLAN 9483","CaptureMethod":"UNKNOWN","OwnerType":"PRIVATE","Compiled":1,"CreatedDate":"2016-09-20T23:24:06.000Z","ModifiedDate":"2021-02-11T23:36:41.000Z","StatedArea":null,"ErrorReportedBy":"LSA","Municipality":"0163","OBJECTID":45861,"created_user":"SDE","created_date":"2024-11-12T16:15:31.000Z","last_edited_user":"SDE","last_edited_date":"2026-03-25T16:06:10.000Z","Shape__Area":1747.04072239,"Shape__Length":176.76113089052365,"CommonName":null,"SourceGlobalID":"{1144589F-1AE5-4D66-AB38-C472AEC616AB}","Comments":null,"UpdateStatus":"AUTO","UpdateSource":"PMBC"}},{"type":"Feature","geometry":{"type":"Polygon","coordinates":[[[-117.548437,49.116575],[-117.548704,49.116678],[-117.548552,49.116834],[-117.548273,49.116731],[-117.548405,49.116616],[-117.548437,49.116575]]]},"properties":{"GlobalID":"{13F816D2-B0F5-45B2-AAC4-B10F98E26948}","Name":"015205410","PlanID":"{7DE75C5C-E4BA-4B6A-B7AF-96A24466A988}","PlanNumber":"NEP2564","PIN":null,"PID":15205410,"Designation1":"Lot 4","Designation2":null,"Designation3":null,"ParcelStatus":"ACTIVE","RegionalDistrict":"0019","ParcelClass":"SUBDIVISION","SourceParcelID":null,"GeometrySource":"ICF","IsRemainder":"NO","ParcelStartDate":null,"PositionalError":3.83414577,"LegalDescription":"LOT 4 DISTRICT LOT 1236 KOOTENAY DISTRICT PLAN 2564","CaptureMethod":"UNKNOWN","OwnerType":"PRIVATE","Compiled":1,"CreatedDate":"2016-09-20T23:24:06.000Z","ModifiedDate":"2021-02-11T23:48:16.000Z","StatedArea":null,"ErrorReportedBy":"LSA","Municipality":"0040","OBJECTID":45862,"created_user":"SDE","created_date":"2024-11-12T16:15:31.000Z","last_edited_user":"SDE","last_edited_date":"2026-03-25T16:06:10.000Z","Shape__Area":470.653835305,"Shape__Length":87.71285367572303,"CommonName":null,"SourceGlobalID":"{26985786-16FF-4190-8255-56FE95FBF8D0}","Comments":null,"UpdateStatus":"AUTO","UpdateSource":"PMBC"}},{"type":"Feature","geometry":{"type":"Polygon","coordinates":[[[-117.541072,49.108521],[-117.540766,49.108811],[-117.539575,49.108311],[-117.539853,49.10802],[-117.540339,49.10822],[-117.541072,49.108521]]]},"properties":{"GlobalID":"{FB2C098A-85DA-4349-86E6-4DC28518F398}","Name":"010554408","PlanID":"{07D3CE42-1B65-4714-8DDF-0D92D487E0DC}","PlanNumber":"NEP13764","PIN":null,"PID":10554408,"Designation1":"Lot 3","Designation2":null,"Designation3":null,"ParcelStatus":"ACTIVE","RegionalDistrict":"0019","ParcelClass":"SUBDIVISION","SourceParcelID":null,"GeometrySource":"ICF","IsRemainder":"NO","ParcelStartDate":null,"PositionalError":1.70814462,"LegalDescription":"LOT 3 DISTRICT LOT 1236 KOOTENAY DISTRICT PLAN 13764","CaptureMethod":"UNKNOWN","OwnerType":"PRIVATE","Compiled":1,"CreatedDate":"2016-09-20T23:24:06.000Z","ModifiedDate":"2021-02-12T20:22:55.000Z","StatedArea":null,"ErrorReportedBy":"LSA","Municipality":"0163","OBJECTID":45863,"created_user":"SDE","created_date":"2024-11-12T16:15:31.000Z","last_edited_user":"SDE","last_edited_date":"2026-03-25T16:06:10.000Z","Shape__Area":4024.510842525,"Shape__Length":285.51561703229294,"CommonName":null,"SourceGlobalID":"{459C0702-9E63-45A6-BCE9-82FE2EAF84B6}","Comments":null,"UpdateStatus":"AUTO","UpdateSource":"PMBC"}},{"type":"Feature","geometry":{"type":"Polygon","coordinates":[[[-117.549708,49.12418],[-117.548215,49.124176],[-117.548308,49.120559],[-117.549786,49.120567],[-117.549723,49.122966],[-117.549708,49.12418]]]},"properties":{"GlobalID":"{EF17408C-4B2A-4A99-A64D-A7656210BABA}","Name":"028435958","PlanID":"{39D8642D-77BA-47E5-B53D-C3E6A55AC79D}","PlanNumber":"NEP785","PIN":null,"PID":28435958,"Designation1":"1236","Designation2":null,"Designation3":null,"ParcelStatus":"ACTIVE","RegionalDistrict":"0019","ParcelClass":"SUBDIVISION","SourceParcelID":null,"GeometrySource":"ICF","IsRemainder":"NO","ParcelStartDate":"2017-09-13T07:00:00.000Z","PositionalError":6.6313611,"LegalDescription":"LOT 35 DISTRICT LOT 1236 KOOTENAY DISTRICT PLAN 785","CaptureMethod":"UNKNOWN","OwnerType":"CROWN PROVINCIAL","Compiled":1,"CreatedDate":"2016-09-20T23:24:06.000Z","ModifiedDate":"2021-02-11T23:48:16.000Z","StatedArea":null,"ErrorReportedBy":"LSA","Municipality":"0163","OBJECTID":45864,"created_user":"SDE","created_date":"2024-11-12T16:15:31.000Z","last_edited_user":"SDE","last_edited_date":"2026-03-25T16:06:10.000Z","Shape__Area":43385.2026222,"Shape__Length":1020.5084783061849,"CommonName":null,"SourceGlobalID":"{993AD2E2-9EC6-4AE0-A8E2-CD0C0A1EE54C}","Comments":null,"UpdateStatus":"AUTO","UpdateSource":"PMBC"}},{"type":"Feature","geometry":{"type":"Polygon","coordinates":[[[-117.534506,49.111606],[-117.535215,49.112261],[-117.534707,49.112506],[-117.533964,49.111859],[-117.534506,49.111606]]]},"properties":{"GlobalID":"{24F41717-D97B-496B-B45E-9C7C9EF0284D}","Name":"014728486","PlanID":"{5757922D-D147-4E3B-868A-39B6811C9A68}","PlanNumber":"NEP5034","PIN":null,"PID":14728486,"Designation1":"Lot A","Designation2":null,"Designation3":null,"ParcelStatus":"ACTIVE","RegionalDistrict":"0019","ParcelClass":"SUBDIVISION","SourceParcelID":null,"GeometrySource":"ICF","IsRemainder":"NO","ParcelStartDate":null,"PositionalError":5.81229376,"LegalDescription":"LOT A DISTRICT LOT 1236 KOOTENAY DISTRICT PLAN 5034","CaptureMethod":"UNKNOWN","OwnerType":"PRIVATE","Compiled":1,"CreatedDate":"2016-09-20T23:24:06.000Z","ModifiedDate":"2021-02-11T23:48:16.000Z","StatedArea":null,"ErrorReportedBy":"LSA","Municipality":"0163","OBJECTID":45865,"created_user":"SDE","created_date":"2024-11-12T16:15:31.000Z","last_edited_user":"SDE","last_edited_date":"2026-03-25T16:06:10.000Z","Shape__Area":4231.436772755,"Shape__Length":273.7225029288752,"CommonName":null,"SourceGlobalID":"{1B5F7227-CB95-4121-88A5-FD916BD02FBD}","Comments":null,"UpdateStatus":"AUTO","UpdateSource":"PMBC"}},{"type":"Feature","geometry":{"type":"Polygon","coordinates":[[[-117.550164,49.107322],[-117.550036,49.107269],[-117.550307,49.106989],[-117.550428,49.107038],[-117.550164,49.107322]]]},"properties":{"GlobalID":"{A4487150-C9EC-42E3-9A02-4175828D6A46}","Name":"017784051","PlanID":"{111BB08B-2197-4789-9AEB-9BAF852CA693}","PlanNumber":"NEP19796","PIN":null,"PID":17784051,"Designation1":"Lot A","Designation2":null,"Designation3":null,"ParcelStatus":"ACTIVE","RegionalDistrict":"0019","ParcelClass":"SUBDIVISION","SourceParcelID":null,"GeometrySource":"ICF","IsRemainder":"NO","ParcelStartDate":null,"PositionalError":3.99325927,"LegalDescription":"LOT A DISTRICT LOT 1236 KOOTENAY DISTRICT PLAN NEP19796","CaptureMethod":"UNKNOWN","OwnerType":"PRIVATE","Compiled":1,"CreatedDate":"2016-09-20T23:24:06.000Z","ModifiedDate":"2021-02-11T23:36:41.000Z","StatedArea":null,"ErrorReportedBy":"LSA","Municipality":"0040","OBJECTID":45866,"created_user":"SDE","created_date":"2024-11-12T16:15:31.000Z","last_edited_user":"SDE","last_edited_date":"2026-03-25T16:06:10.000Z","Shape__Area":395.160898445,"Shape__Length":95.20021977121355,"CommonName":null,"SourceGlobalID":"{04325F90-AB8C-4204-BE3E-D3EF5C9C6427}","Comments":null,"UpdateStatus":"AUTO","UpdateSource":"PMBC"}},{"type":"Feature","geometry":{"type":"Polygon","coordinates":[[[-117.539106,49.109996],[-117.538682,49.109825],[-117.538906,49.109587],[-117.539336,49.109759],[-117.539371,49.109774],[-117.539462,49.10981],[-117.539412,49.109865],[-117.539681,49.109977],[-117.53951,49.110157],[-117.539141,49.110009],[-117.539106,49.109996]]]},"properties":{"GlobalID":"{8776A5D8-D528-4EB9-94A5-A827DBA57286}","Name":"006781365","PlanID":"{BC64AFF0-586D-43C9-8E8E-9E49170BF975}","PlanNumber":"NEP16827","PIN":null,"PID":6781365,"Designation1":"Lot 1","Designation2":null,"Designation3":null,"ParcelStatus":"ACTIVE","RegionalDistrict":"0019","ParcelClass":"SUBDIVISION","SourceParcelID":null,"GeometrySource":"ICF","IsRemainder":"NO","ParcelStartDate":null,"PositionalError":2.8715545,"LegalDescription":"LOT 1 DISTRICT LOT 1236 KOOTENAY DISTRICT PLAN 16827","CaptureMethod":"UNKNOWN","OwnerType":"PRIVATE","Compiled":1,"CreatedDate":"2016-09-20T23:24:06.000Z","ModifiedDate":"2025-10-07T18:11:56.000Z","StatedArea":null,"ErrorReportedBy":"LSA","Municipality":"0163","OBJECTID":45867,"created_user":"SDE","created_date":"2024-11-12T16:15:31.000Z","last_edited_user":"SDE","last_edited_date":"2026-03-25T16:06:10.000Z","Shape__Area":2034.156807145,"Shape__Length":203.49840567663554,"CommonName":null,"SourceGlobalID":"{EACBD655-0B6A-4AA3-9152-8CD2C38CEBF6}","Comments":null,"UpdateStatus":"AUTO","UpdateSource":"PMBC"}},{"type":"Feature","geometry":{"type":"Polygon","coordinates":[[[-117.519042,49.1252],[-117.51902,49.125288],[-117.518995,49.125378],[-117.518968,49.125465],[-117.51894,49.125553],[-117.518907,49.125645],[-117.518885,49.125702],[-117.518862,49.125758],[-117.518837,49.125812],[-117.518811,49.125868],[-117.518777,49.125933],[-117.516912,49.125912],[-117.516912,49.125971],[-117.516675,49.12597],[-117.516645,49.12597],[-117.512268,49.125961],[-117.511095,49.125958],[-117.511098,49.125049],[-117.512157,49.125049],[-117.517165,49.125051],[-117.517445,49.125058],[-117.519072,49.125059],[-117.519069,49.125071],[-117.519067,49.125082],[-117.519042,49.1252]]]},"properties":{"GlobalID":"{BA69835B-E721-47DC-8A30-893A6D2E4393}","Name":"009930710","PlanID":"{0637D8AC-7624-456F-813B-9F3B06469A66}","PlanNumber":"NEP14764","PIN":null,"PID":9930710,"Designation1":"Lot 1","Designation2":null,"Designation3":null,"ParcelStatus":"ACTIVE","RegionalDistrict":"0019","ParcelClass":"SUBDIVISION","SourceParcelID":null,"GeometrySource":"ICF","IsRemainder":"NO","ParcelStartDate":null,"PositionalError":8.09177824,"LegalDescription":"LOT 1 DISTRICT LOT 1236 KOOTENAY DISTRICT PLAN 14764","CaptureMethod":"UNKNOWN","OwnerType":"PRIVATE","Compiled":1,"CreatedDate":"2016-09-20T23:24:06.000Z","ModifiedDate":"2021-02-11T23:48:16.000Z","StatedArea":null,"ErrorReportedBy":"LSA","Municipality":"0163","OBJECTID":45868,"created_user":"SDE","created_date":"2024-11-12T16:15:31.000Z","last_edited_user":"SDE","last_edited_date":"2026-03-25T16:06:10.000Z","Shape__Area":57468.07099965,"Shape__Length":1349.578485814217,"CommonName":null,"SourceGlobalID":"{DC18B503-2369-46F0-891D-CF50C8BD73D7}","Comments":null,"UpdateStatus":"AUTO","UpdateSource":"PMBC"}},{"type":"Feature","geometry":{"type":"Polygon","coordinates":[[[-117.548105,49.115434],[-117.547698,49.115066],[-117.547932,49.114957],[-117.548336,49.115322],[-117.548105,49.115434]]]},"properties":{"GlobalID":"{4115038A-8B6F-42D4-A18F-3716715BC359}","Name":"012911160","PlanID":"{CD0E610B-EC63-47B2-B983-6678B494B0BA}","PlanNumber":"NEP10540","PIN":null,"PID":12911160,"Designation1":"Lot 5","Designation2":null,"Designation3":null,"ParcelStatus":"ACTIVE","RegionalDistrict":"0019","ParcelClass":"SUBDIVISION","SourceParcelID":null,"GeometrySource":"ICF","IsRemainder":"NO","ParcelStartDate":null,"PositionalError":3.07162492,"LegalDescription":"LOT 5 DISTRICT LOT 1236 KOOTENAY DISTRICT PLAN 10540","CaptureMethod":"UNKNOWN","OwnerType":"PRIVATE","Compiled":1,"CreatedDate":"2016-09-20T23:24:06.000Z","ModifiedDate":"2021-02-11T23:48:16.000Z","StatedArea":null,"ErrorReportedBy":"LSA","Municipality":"0040","OBJECTID":45869,"created_user":"SDE","created_date":"2024-11-12T16:15:31.000Z","last_edited_user":"SDE","last_edited_date":"2026-03-25T16:06:10.000Z","Shape__Area":1053.7825818,"Shape__Length":142.53824948470148,"CommonName":null,"SourceGlobalID":"{B706297A-0932-42FF-9B61-C293A06ECFA3}","Comments":null,"UpdateStatus":"AUTO","UpdateSource":"PMBC"}},{"type":"Feature","geometry":{"type":"Polygon","coordinates":[[[-117.524818,49.138572],[-117.525916,49.135772],[-117.527639,49.135772],[-117.527639,49.137711],[-117.525042,49.138361],[-117.524938,49.138626],[-117.524901,49.138602],[-117.524861,49.138583],[-117.524818,49.138572]]]},"properties":{"GlobalID":"{D09F617C-4B4E-487C-BF6A-30E70E25D681}","Name":"030366071","PlanID":"{F4A132A7-AA34-436F-9A4A-DAE9178B14EA}","PlanNumber":"EPP73223","PIN":null,"PID":30366071,"Designation1":"Lot B","Designation2":null,"Designation3":null,"ParcelStatus":"ACTIVE","RegionalDistrict":"0019","ParcelClass":"SUBDIVISION","SourceParcelID":null,"GeometrySource":"SPDS","IsRemainder":null,"ParcelStartDate":"2018-02-05T08:00:00.000Z","PositionalError":0.1548951,"LegalDescription":"LOT B DISTRICT LOT 1236 KOOTENAY DISTRICT PLAN EPP73223","CaptureMethod":"SPDS","OwnerType":"PRIVATE","Compiled":0,"CreatedDate":"2018-02-24T18:44:56.000Z","ModifiedDate":"2025-10-07T18:11:56.000Z","StatedArea":"40292","ErrorReportedBy":"LSA","Municipality":"0163","OBJECTID":45870,"created_user":"SDE","created_date":"2024-11-12T16:15:31.000Z","last_edited_user":"SDE","last_edited_date":"2026-03-25T16:06:10.000Z","Shape__Area":40255.395447345,"Shape__Length":906.6298867065233,"CommonName":null,"SourceGlobalID":"{9D76B6F7-9C85-4FF1-AD96-865B8C2E9678}","Comments":null,"UpdateStatus":"AUTO","UpdateSource":"PMBC"}},{"type":"Feature","geometry":{"type":"Polygon","coordinates":[[[-117.544264,49.104457],[-117.544456,49.104261],[-117.544985,49.104483],[-117.5448,49.104672],[-117.544264,49.104457]]]},"properties":{"GlobalID":"{A78830FD-EDD7-4792-895F-45BD5075F494}","Name":"013316192","PlanID":"{4267A6E0-4987-43DD-93B8-EEFC3FEB0A6E}","PlanNumber":"NEP8517","PIN":null,"PID":13316192,"Designation1":"Lot 2","Designation2":null,"Designation3":null,"ParcelStatus":"ACTIVE","RegionalDistrict":"0019","ParcelClass":"SUBDIVISION","SourceParcelID":null,"GeometrySource":"ICF","IsRemainder":"NO","ParcelStartDate":null,"PositionalError":3.58715266,"LegalDescription":"LOT 2 DISTRICT LOT 1236 KOOTENAY DISTRICT PLAN 8517","CaptureMethod":"UNKNOWN","OwnerType":"PRIVATE","Compiled":1,"CreatedDate":"2016-09-20T23:24:06.000Z","ModifiedDate":"2021-02-12T20:22:55.000Z","StatedArea":null,"ErrorReportedBy":"LSA","Municipality":"0163","OBJECTID":45871,"created_user":"SDE","created_date":"2024-11-12T16:15:31.000Z","last_edited_user":"SDE","last_edited_date":"2026-03-25T16:06:10.000Z","Shape__Area":1165.09818417,"Shape__Length":142.52614556016837,"CommonName":null,"SourceGlobalID":"{580533FE-122E-4293-B007-D8EA97C5BA50}","Comments":null,"UpdateStatus":"AUTO","UpdateSource":"PMBC"}},{"type":"Feature","geometry":{"type":"Polygon","coordinates":[[[-117.57924,49.084566],[-117.578332,49.084117],[-117.578475,49.083613],[-117.579641,49.084251],[-117.57924,49.084566]]]},"properties":{"GlobalID":"{BC66B312-4CDB-4433-A3B4-7E4231D11CDA}","Name":"005172101","PlanID":"{83C5B898-EEE4-45EC-B083-D08BB9A6CD6D}","PlanNumber":"NEP2016","PIN":null,"PID":5172101,"Designation1":"Lot 22","Designation2":null,"Designation3":null,"ParcelStatus":"ACTIVE","RegionalDistrict":"0019","ParcelClass":"SUBDIVISION","SourceParcelID":null,"GeometrySource":"ICF","IsRemainder":"NO","ParcelStartDate":null,"PositionalError":1.66922301,"LegalDescription":"LOT 22 DISTRICT LOT 8392 KOOTENAY DISTRICT PLAN 2016","CaptureMethod":"UNKNOWN","OwnerType":"PRIVATE","Compiled":1,"CreatedDate":"2016-09-20T23:24:06.000Z","ModifiedDate":"2021-02-11T23:36:41.000Z","StatedArea":null,"ErrorReportedBy":"LSA","Municipality":"0163","OBJECTID":45872,"created_user":"SDE","created_date":"2024-11-12T16:15:31.000Z","last_edited_user":"SDE","last_edited_date":"2026-03-25T16:06:10.000Z","Shape__Area":4651.28400311,"Shape__Length":296.51673419856087,"CommonName":null,"SourceGlobalID":"{F572DF4C-F580-43B1-B0FF-E4EF0A502BE7}","Comments":null,"UpdateStatus":"AUTO","UpdateSource":"PMBC"}},{"type":"Feature","geometry":{"type":"Polygon","coordinates":[[[-117.547438,49.11867],[-117.547741,49.118674],[-117.547738,49.118956],[-117.547436,49.118955],[-117.547438,49.11867]]]},"properties":{"GlobalID":"{2C5C4DBA-0AA6-4FCB-890D-28555D3A5566}","Name":"009783890","PlanID":"{BF77D975-FCE4-4CF9-8690-36E5D5523F31}","PlanNumber":"NEP14338","PIN":null,"PID":9783890,"Designation1":"Lot 4","Designation2":null,"Designation3":null,"ParcelStatus":"ACTIVE","RegionalDistrict":"0019","ParcelClass":"SUBDIVISION","SourceParcelID":null,"GeometrySource":"ICF","IsRemainder":"NO","ParcelStartDate":null,"PositionalError":3.38862797,"LegalDescription":"LOT 4 DISTRICT LOT 1236 KOOTENAY DISTRICT PLAN 14338","CaptureMethod":"UNKNOWN","OwnerType":"PRIVATE","Compiled":1,"CreatedDate":"2016-09-20T23:24:06.000Z","ModifiedDate":"2021-02-11T23:48:16.000Z","StatedArea":null,"ErrorReportedBy":"LSA","Municipality":"0040","OBJECTID":45873,"created_user":"SDE","created_date":"2024-11-12T16:15:31.000Z","last_edited_user":"SDE","last_edited_date":"2026-03-25T16:06:10.000Z","Shape__Area":697.624099325,"Shape__Length":107.33569519925074,"CommonName":null,"SourceGlobalID":"{33184012-700E-4BC4-AB7D-9E58E0819D43}","Comments":null,"UpdateStatus":"AUTO","UpdateSource":"PMBC"}},{"type":"Feature","geometry":{"type":"Polygon","coordinates":[[[-117.546896,49.117677],[-117.546607,49.117675],[-117.54661,49.117373],[-117.5469,49.117376],[-117.546896,49.117677]]]},"properties":{"GlobalID":"{96777E44-B4F0-454C-83EE-AC1E76F3F655}","Name":"011400978","PlanID":"{519ED3C5-0FC8-40B0-97A6-57018F4322D3}","PlanNumber":"NEP12953","PIN":null,"PID":11400978,"Designation1":"Lot 1","Designation2":null,"Designation3":null,"ParcelStatus":"ACTIVE","RegionalDistrict":"0019","ParcelClass":"SUBDIVISION","SourceParcelID":null,"GeometrySource":"ICF","IsRemainder":"NO","ParcelStartDate":null,"PositionalError":2.86747006,"LegalDescription":"LOT 1 DISTRICT LOT 1236 KOOTENAY DISTRICT PLAN 12953","CaptureMethod":"UNKNOWN","OwnerType":"PRIVATE","Compiled":1,"CreatedDate":"2016-09-20T23:24:06.000Z","ModifiedDate":"2021-02-11T23:48:16.000Z","StatedArea":null,"ErrorReportedBy":"LSA","Municipality":"0040","OBJECTID":45874,"created_user":"SDE","created_date":"2024-11-12T16:15:31.000Z","last_edited_user":"SDE","last_edited_date":"2026-03-25T16:06:10.000Z","Shape__Area":707.48721409,"Shape__Length":109.25950409959219,"CommonName":null,"SourceGlobalID":"{03F2698C-179F-4D6F-81CB-6A45ED198191}","Comments":null,"UpdateStatus":"AUTO","UpdateSource":"PMBC"}},{"type":"Feature","geometry":{"type":"Polygon","coordinates":[[[-117.718537,49.113832],[-117.718695,49.113922],[-117.718681,49.113936],[-117.718634,49.113984],[-117.71837,49.114247],[-117.718108,49.114135],[-117.718371,49.113872],[-117.718412,49.11383],[-117.718448,49.113795],[-117.718537,49.113832]]]},"properties":{"GlobalID":"{26EC556C-F8D7-404B-825C-CF845B061FCB}","Name":"015524426","PlanID":"{DFC63148-3CCA-460F-A1B9-1CACAA377048}","PlanNumber":"NEP2011","PIN":null,"PID":15524426,"Designation1":"Lot 8","Designation2":"Block 14","Designation3":"","ParcelStatus":"ACTIVE","RegionalDistrict":"0019","ParcelClass":"SUBDIVISION","SourceParcelID":"003009.000","GeometrySource":"ICF","IsRemainder":"NO","ParcelStartDate":null,"PositionalError":1.60265208,"LegalDescription":"LOT 8 BLOCK 14 DISTRICT LOT 367 KOOTENAY DISTRICT PLAN 2011","CaptureMethod":"COGO IN SOURCE","OwnerType":"PRIVATE","Compiled":1,"CreatedDate":"2016-09-20T23:24:06.000Z","ModifiedDate":"2021-02-15T03:15:48.000Z","StatedArea":null,"ErrorReportedBy":"DATACOMPILATION","Municipality":"0146","OBJECTID":45875,"created_user":"SDE","created_date":"2024-11-12T16:15:31.000Z","last_edited_user":"SDE","last_edited_date":"2026-03-25T16:06:10.000Z","Shape__Area":1019.73227273,"Shape__Length":134.2965499701651,"CommonName":null,"SourceGlobalID":"{ADB324F3-723B-40D2-9D74-58BE00F5FA79}","Comments":null,"UpdateStatus":"AUTO","UpdateSource":"PMBC"}},{"type":"Feature","geometry":{"type":"Polygon","coordinates":[[[-118.504177,49.024286],[-118.5044,49.024308],[-118.504515,49.024312],[-118.504699,49.024315],[-118.504883,49.024313],[-118.505068,49.024304],[-118.505251,49.024289],[-118.505434,49.024268],[-118.505616,49.024242],[-118.505798,49.024209],[-118.505978,49.024171],[-118.506157,49.024127],[-118.507852,49.023681],[-118.508287,49.023567],[-118.509268,49.023262],[-118.509372,49.023218],[-118.508612,49.024721],[-118.508603,49.02473],[-118.508565,49.024767],[-118.507865,49.025464],[-118.50431,49.025464],[-118.504247,49.025466],[-118.504235,49.025262],[-118.504219,49.024998],[-118.504177,49.024286]]]},"properties":{"GlobalID":"{9B349FE6-B648-4EB0-950D-48E6B3CF8DCF}","Name":"010929185","PlanID":"{A818D445-C97B-4796-B77E-93ADAA66A8AD}","PlanNumber":"KAP2899","PIN":3659121,"PID":10929185,"Designation1":"Lot 68","Designation2":null,"Designation3":null,"ParcelStatus":"ACTIVE","RegionalDistrict":"0019","ParcelClass":"SUBDIVISION","SourceParcelID":null,"GeometrySource":"ICF","IsRemainder":"NO","ParcelStartDate":null,"PositionalError":2.34828973,"LegalDescription":"LOT 68 DISTRICT LOT 453 SIMILKAMEEN DIVISION YALE DISTRICT PLAN 2899","CaptureMethod":"UNKNOWN","OwnerType":"PRIVATE","Compiled":1,"CreatedDate":"2016-09-20T23:24:06.000Z","ModifiedDate":"2025-08-19T22:21:35.000Z","StatedArea":null,"ErrorReportedBy":"PMBC-OPERATIONS","Municipality":"0163","OBJECTID":45876,"created_user":"SDE","created_date":"2024-11-12T16:15:31.000Z","last_edited_user":"SDE","last_edited_date":"2026-03-25T16:06:10.000Z","Shape__Area":53679.91602875,"Shape__Length":1074.6123622178657,"CommonName":null,"SourceGlobalID":"{0DE2A841-6DCD-40D6-8EDD-E4FBF5AE1855}","Comments":null,"UpdateStatus":"AUTO","UpdateSource":"PMBC"}},{"type":"Feature","geometry":{"type":"Polygon","coordinates":[[[-118.5034,49.025534],[-118.502351,49.025644],[-118.502283,49.025654],[-118.502217,49.025668],[-118.502152,49.025688],[-118.502088,49.025713],[-118.502027,49.025742],[-118.502078,49.025652],[-118.502968,49.024098],[-118.503144,49.024141],[-118.503321,49.024178],[-118.503499,49.024211],[-118.503678,49.024238],[-118.503857,49.024261],[-118.504037,49.024278],[-118.504086,49.025042],[-118.504102,49.025313],[-118.504111,49.025468],[-118.504103,49.025489],[-118.504091,49.025509],[-118.504077,49.025526],[-118.50406,49.025541],[-118.504041,49.025553],[-118.50402,49.025562],[-118.503999,49.025567],[-118.503976,49.025569],[-118.503954,49.025568],[-118.5034,49.025534]]]},"properties":{"GlobalID":"{E58AF425-59EA-4D4E-B305-021AC3880907}","Name":"010929207","PlanID":"{A818D445-C97B-4796-B77E-93ADAA66A8AD}","PlanNumber":"KAP2899","PIN":3659251,"PID":10929207,"Designation1":"Lot 69","Designation2":null,"Designation3":null,"ParcelStatus":"ACTIVE","RegionalDistrict":"0019","ParcelClass":"SUBDIVISION","SourceParcelID":null,"GeometrySource":"ICF","IsRemainder":"NO","ParcelStartDate":null,"PositionalError":0.98538055,"LegalDescription":"LOT 69 DISTRICT LOT 453 SIMILKAMEEN DIVISION YALE DISTRICT PLAN 2899","CaptureMethod":"UNKNOWN","OwnerType":"PRIVATE","Compiled":1,"CreatedDate":"2016-09-20T23:24:06.000Z","ModifiedDate":"2021-02-18T16:31:35.000Z","StatedArea":"17655","ErrorReportedBy":"PMBC-OPERATIONS","Municipality":"0163","OBJECTID":45877,"created_user":"SDE","created_date":"2024-11-12T16:15:31.000Z","last_edited_user":"SDE","last_edited_date":"2026-03-25T16:06:10.000Z","Shape__Area":17619.81568269,"Shape__Length":570.9002167333019,"CommonName":null,"SourceGlobalID":"{0BDE40EB-E5B4-46F7-9B4E-80761ECC78A8}","Comments":null,"UpdateStatus":"AUTO","UpdateSource":"PMBC"}},{"type":"Feature","geometry":{"type":"Polygon","coordinates":[[[-118.919827,49.722973],[-118.919618,49.722977],[-118.919614,49.722977],[-118.919532,49.722786],[-118.919515,49.722744],[-118.919614,49.722748],[-118.919801,49.722786],[-118.919807,49.722828],[-118.919827,49.722973]]]},"properties":{"GlobalID":"{38852D2A-931F-40F6-826B-57C0149A8C1A}","Name":"027402223","PlanID":"{9FD40D72-3C84-47CE-A916-60FEA8993227}","PlanNumber":"KAS3398","PIN":null,"PID":27402223,"Designation1":"Lot 3","Designation2":"","Designation3":"","ParcelStatus":"ACTIVE","RegionalDistrict":"0019","ParcelClass":"BARE LAND STRATA","SourceParcelID":null,"GeometrySource":"ICF","IsRemainder":"NO","ParcelStartDate":"2008-02-27T08:00:00.000Z","PositionalError":2.97231447,"LegalDescription":"STRATA LOT 3 DISTRICT LOT 4222 SIMILKAMEEN DIVISION YALE DISTRICT STRATA PLAN KAS3398 TOGETHER WITH AN INTEREST IN THE COMMON PROPERTY IN PROPORTION TO THE UNIT ENTITLEMENT OF THE STRATA LOT AS SHOWN ON FORM V","CaptureMethod":"UNKNOWN","OwnerType":"PRIVATE","Compiled":1,"CreatedDate":"2016-09-20T23:24:06.000Z","ModifiedDate":"2021-03-01T19:25:59.000Z","StatedArea":null,"ErrorReportedBy":"DATACOMPILATION","Municipality":"0163","OBJECTID":45878,"created_user":"SDE","created_date":"2024-11-12T16:15:31.000Z","last_edited_user":"SDE","last_edited_date":"2026-03-25T16:06:10.000Z","Shape__Area":423.544162235,"Shape__Length":84.40431924736907,"CommonName":null,"SourceGlobalID":"{01E28BAD-B4CE-4B0F-A2E2-F132174BEFC2}","Comments":null,"UpdateStatus":"AUTO","UpdateSource":"PMBC"}},{"type":"Feature","geometry":{"type":"Polygon","coordinates":[[[-118.681065,49.082708],[-118.681066,49.082684],[-118.681076,49.082625],[-118.681414,49.082667],[-118.681401,49.082752],[-118.681065,49.082708]]]},"properties":{"GlobalID":"{7DA1D956-B1ED-4B0B-BA10-BAA863C7D3C2}","Name":"012767344","PlanID":"{01944463-4355-400C-971A-2CE0109524D2}","PlanNumber":"KAP46","PIN":null,"PID":12767344,"Designation1":"REM Lot 6","Designation2":"Block L","Designation3":null,"ParcelStatus":"ACTIVE","RegionalDistrict":"0019","ParcelClass":"SUBDIVISION","SourceParcelID":null,"GeometrySource":"MODIFIED-ICF","IsRemainder":"YES","ParcelStartDate":"1996-03-14T07:00:00.000Z","PositionalError":4.4576259,"LegalDescription":"LOT 6 BLOCK L DISTRICT LOT 879 SIMILKAMEEN DIVISION YALE DISTRICT PLAN 46 EXCEPT PLAN B8332","CaptureMethod":"UNKNOWN","OwnerType":"PRIVATE","Compiled":1,"CreatedDate":"2016-09-20T23:24:06.000Z","ModifiedDate":"2021-03-16T17:17:43.000Z","StatedArea":null,"ErrorReportedBy":"LSA","Municipality":"0046","OBJECTID":45879,"created_user":"SDE","created_date":"2024-11-12T16:15:31.000Z","last_edited_user":"SDE","last_edited_date":"2026-03-25T16:06:10.000Z","Shape__Area":235.4042079,"Shape__Length":69.01561784056133,"CommonName":null,"SourceGlobalID":"{B646A36E-F398-40D7-A64C-48BC85385715}","Comments":null,"UpdateStatus":"AUTO","UpdateSource":"PMBC"}},{"type":"Feature","geometry":{"type":"Polygon","coordinates":[[[-118.681416,49.081955],[-118.681498,49.081865],[-118.681518,49.081865],[-118.681537,49.081866],[-118.68152,49.081968],[-118.681416,49.081955]]]},"properties":{"GlobalID":"{43C8BFF6-5576-487C-AB42-472147F86F4F}","Name":"012768545","PlanID":"{01944463-4355-400C-971A-2CE0109524D2}","PlanNumber":"KAP46","PIN":null,"PID":12768545,"Designation1":"Lot 15","Designation2":"Block L","Designation3":null,"ParcelStatus":"ACTIVE","RegionalDistrict":"0019","ParcelClass":"SUBDIVISION","SourceParcelID":null,"GeometrySource":"MODIFIED-ICF","IsRemainder":"NO","ParcelStartDate":"2016-09-08T07:00:00.000Z","PositionalError":null,"LegalDescription":"THAT PART OF LOT 15 BLOCK L DISTRICT LOT 879 SIMILKAMEEN DIVISION YALE DISTRICT PLAN 46 WHICH LIES TO THE WEST OF PLAN B8332","CaptureMethod":"UNKNOWN","OwnerType":"CROWN PROVINCIAL","Compiled":0,"CreatedDate":"2019-10-29T15:56:09.000Z","ModifiedDate":"2021-03-16T17:17:43.000Z","StatedArea":null,"ErrorReportedBy":null,"Municipality":"0046","OBJECTID":45880,"created_user":"SDE","created_date":"2024-11-12T16:15:31.000Z","last_edited_user":"SDE","last_edited_date":"2026-03-25T16:06:10.000Z","Shape__Area":59.13602371,"Shape__Length":33.75824759375865,"CommonName":null,"SourceGlobalID":"{021622E7-1656-4A04-9E01-667DDF124FDE}","Comments":null,"UpdateStatus":"AUTO","UpdateSource":"PMBC"}},{"type":"Feature","geometry":{"type":"Polygon","coordinates":[[[-118.681192,49.084125],[-118.681172,49.084258],[-118.680948,49.084244],[-118.680938,49.084108],[-118.681192,49.084125]]]},"properties":{"GlobalID":"{503A3A8D-3353-4FC7-B56C-E9B1814E5BD9}","Name":"012774880","PlanID":"{01944463-4355-400C-971A-2CE0109524D2}","PlanNumber":"KAP46","PIN":null,"PID":12774880,"Designation1":"Lot 1","Designation2":"Block H","Designation3":null,"ParcelStatus":"ACTIVE","RegionalDistrict":"0019","ParcelClass":"SUBDIVISION","SourceParcelID":null,"GeometrySource":"MODIFIED-ICF","IsRemainder":"NO","ParcelStartDate":null,"PositionalError":3.00161498,"LegalDescription":"LOT 1 BLOCK H DISTRICT LOT 879 SIMILKAMEEN DIVISION YALE DISTRICT PLAN 46","CaptureMethod":"UNKNOWN","OwnerType":"CROWN PROVINCIAL","Compiled":1,"CreatedDate":"2021-03-15T22:03:04.000Z","ModifiedDate":"2021-03-16T17:15:58.000Z","StatedArea":null,"ErrorReportedBy":"LSA","Municipality":"0046","OBJECTID":45881,"created_user":"SDE","created_date":"2024-11-12T16:15:31.000Z","last_edited_user":"SDE","last_edited_date":"2026-03-25T16:06:10.000Z","Shape__Area":260.336367995,"Shape__Length":64.92432149153078,"CommonName":null,"SourceGlobalID":"{B3A2E6C7-1482-4CEC-8E65-AC8340CDBB9D}","Comments":null,"UpdateStatus":"AUTO","UpdateSource":"PMBC"}},{"type":"Feature","geometry":{"type":"Polygon","coordinates":[[[-118.679835,49.081014],[-118.68004,49.080946],[-118.680214,49.080872],[-118.680458,49.080842],[-118.680886,49.080718],[-118.680267,49.081349],[-118.679768,49.081105],[-118.679835,49.081014]]]},"properties":{"GlobalID":"{DE5F70D3-D8F5-4539-965B-2000709181AC}","Name":"011255978","PlanID":"{01944463-4355-400C-971A-2CE0109524D2}","PlanNumber":"KAP46","PIN":null,"PID":11255978,"Designation1":"Parcel A","Designation2":"Block Q","Designation3":null,"ParcelStatus":"ACTIVE","RegionalDistrict":"0019","ParcelClass":"SUBDIVISION","SourceParcelID":null,"GeometrySource":"ICF","IsRemainder":"NO","ParcelStartDate":null,"PositionalError":3.77417222,"LegalDescription":"PARCEL A (X264401) BLOCK Q DISTRICT LOT 879 SIMILKAMEEN DIVISION YALE DISTRICT PLAN 46","CaptureMethod":"UNKNOWN","OwnerType":"PRIVATE","Compiled":1,"CreatedDate":"2016-09-20T23:24:06.000Z","ModifiedDate":"2021-03-16T17:15:58.000Z","StatedArea":null,"ErrorReportedBy":"LSA","Municipality":"0046","OBJECTID":45882,"created_user":"SDE","created_date":"2024-11-12T16:15:31.000Z","last_edited_user":"SDE","last_edited_date":"2026-03-25T16:06:10.000Z","Shape__Area":2266.377760365,"Shape__Length":224.35180115072075,"CommonName":null,"SourceGlobalID":"{D6594811-BABD-4EAE-8E51-D8B88A876A35}","Comments":null,"UpdateStatus":"AUTO","UpdateSource":"PMBC"}},{"type":"Feature","geometry":{"type":"Polygon","coordinates":[[[-118.680159,49.081455],[-118.679696,49.081246],[-118.679747,49.081186],[-118.680221,49.081394],[-118.680159,49.081455]]]},"properties":{"GlobalID":"{7B5FBA5E-D4EA-4D53-BD6E-9CFE13B92967}","Name":"005183031","PlanID":"{01944463-4355-400C-971A-2CE0109524D2}","PlanNumber":"KAP46","PIN":null,"PID":5183031,"Designation1":"Lot 6","Designation2":"Block Q","Designation3":null,"ParcelStatus":"ACTIVE","RegionalDistrict":"0019","ParcelClass":"SUBDIVISION","SourceParcelID":null,"GeometrySource":"MODIFIED-ICF","IsRemainder":"NO","ParcelStartDate":null,"PositionalError":3.73035481,"LegalDescription":"LOT 6 BLOCK Q DISTRICT LOT 879 SIMILKAMEEN DIVISION YALE DISTRICT PLAN 46","CaptureMethod":"UNKNOWN","OwnerType":"PRIVATE","Compiled":1,"CreatedDate":"2016-09-20T23:24:06.000Z","ModifiedDate":"2021-03-16T17:13:51.000Z","StatedArea":null,"ErrorReportedBy":"LSA","Municipality":"0046","OBJECTID":45883,"created_user":"SDE","created_date":"2024-11-12T16:15:31.000Z","last_edited_user":"SDE","last_edited_date":"2026-03-25T16:06:10.000Z","Shape__Area":322.725276465,"Shape__Length":98.30279586389749,"CommonName":null,"SourceGlobalID":"{79D786FD-3CBB-49CC-BFDB-C5B800CD2CE6}","Comments":null,"UpdateStatus":"AUTO","UpdateSource":"PMBC"}},{"type":"Feature","geometry":{"type":"Polygon","coordinates":[[[-118.679894,49.081804],[-118.679888,49.081829],[-118.679588,49.081832],[-118.67964,49.081688],[-118.679917,49.081749],[-118.679894,49.081804]]]},"properties":{"GlobalID":"{717E44B5-CE75-4C9F-A5ED-0C12A877FDD0}","Name":"005182956","PlanID":"{01944463-4355-400C-971A-2CE0109524D2}","PlanNumber":"KAP46","PIN":null,"PID":5182956,"Designation1":"Lot 1","Designation2":"Block Q","Designation3":null,"ParcelStatus":"ACTIVE","RegionalDistrict":"0019","ParcelClass":"SUBDIVISION","SourceParcelID":null,"GeometrySource":"MODIFIED-ICF","IsRemainder":"NO","ParcelStartDate":null,"PositionalError":3.82802602,"LegalDescription":"LOT 1 BLOCK Q DISTRICT LOT 879 SIMILKAMEEN DIVISION YALE DISTRICT PLAN 46","CaptureMethod":"UNKNOWN","OwnerType":"PRIVATE","Compiled":1,"CreatedDate":"2016-09-20T23:24:06.000Z","ModifiedDate":"2021-03-16T17:13:51.000Z","StatedArea":null,"ErrorReportedBy":"LSA","Municipality":"0046","OBJECTID":45884,"created_user":"SDE","created_date":"2024-11-12T16:15:31.000Z","last_edited_user":"SDE","last_edited_date":"2026-03-25T16:06:10.000Z","Shape__Area":270.55290422,"Shape__Length":68.83918913208423,"CommonName":null,"SourceGlobalID":"{07C558F2-268D-4A03-975D-6F4550B1FCD9}","Comments":null,"UpdateStatus":"AUTO","UpdateSource":"PMBC"}},{"type":"Feature","geometry":{"type":"Polygon","coordinates":[[[-118.680267,49.081349],[-118.680221,49.081394],[-118.679747,49.081186],[-118.679768,49.081105],[-118.680267,49.081349]]]},"properties":{"GlobalID":"{7BA9FF82-608F-4622-9953-74A052B8AD87}","Name":"005183057","PlanID":"{01944463-4355-400C-971A-2CE0109524D2}","PlanNumber":"KAP46","PIN":null,"PID":5183057,"Designation1":"Lot 7","Designation2":"Block Q","Designation3":null,"ParcelStatus":"ACTIVE","RegionalDistrict":"0019","ParcelClass":"SUBDIVISION","SourceParcelID":null,"GeometrySource":"MODIFIED-ICF","IsRemainder":"NO","ParcelStartDate":null,"PositionalError":3.72350069,"LegalDescription":"LOT 7 BLOCK Q DISTRICT LOT 879 SIMILKAMEEN DIVISION YALE DISTRICT PLAN 46","CaptureMethod":"UNKNOWN","OwnerType":"PRIVATE","Compiled":1,"CreatedDate":"2016-09-20T23:24:06.000Z","ModifiedDate":"2021-03-16T17:13:51.000Z","StatedArea":null,"ErrorReportedBy":"LSA","Municipality":"0046","OBJECTID":45885,"created_user":"SDE","created_date":"2024-11-12T16:15:31.000Z","last_edited_user":"SDE","last_edited_date":"2026-03-25T16:06:10.000Z","Shape__Area":312.53620378,"Shape__Length":102.39407733217845,"CommonName":null,"SourceGlobalID":"{8B604637-5AFB-4C1F-8C92-C2D17560706D}","Comments":null,"UpdateStatus":"AUTO","UpdateSource":"PMBC"}},{"type":"Feature","geometry":{"type":"Polygon","coordinates":[[[-118.679959,49.081672],[-118.679671,49.081597],[-118.679692,49.081495],[-118.680008,49.081602],[-118.679959,49.081672]]]},"properties":{"GlobalID":"{68990514-7B8D-4316-89A5-71A00FE022DC}","Name":"005182981","PlanID":"{01944463-4355-400C-971A-2CE0109524D2}","PlanNumber":"KAP46","PIN":null,"PID":5182981,"Designation1":"Lot 3","Designation2":"Block Q","Designation3":null,"ParcelStatus":"ACTIVE","RegionalDistrict":"0019","ParcelClass":"SUBDIVISION","SourceParcelID":null,"GeometrySource":"MODIFIED-ICF","IsRemainder":"NO","ParcelStartDate":null,"PositionalError":3.69902169,"LegalDescription":"LOT 3 BLOCK Q DISTRICT LOT 879 SIMILKAMEEN DIVISION YALE DISTRICT PLAN 46","CaptureMethod":"UNKNOWN","OwnerType":"PRIVATE","Compiled":1,"CreatedDate":"2016-09-20T23:24:06.000Z","ModifiedDate":"2021-03-16T17:13:51.000Z","StatedArea":null,"ErrorReportedBy":"LSA","Municipality":"0046","OBJECTID":45886,"created_user":"SDE","created_date":"2024-11-12T16:15:31.000Z","last_edited_user":"SDE","last_edited_date":"2026-03-25T16:06:10.000Z","Shape__Area":236.078330985,"Shape__Length":68.56264569358942,"CommonName":null,"SourceGlobalID":"{4EAE10B8-EAD0-483B-9F05-FE6BEDEB2F5B}","Comments":null,"UpdateStatus":"AUTO","UpdateSource":"PMBC"}},{"type":"Feature","geometry":{"type":"Polygon","coordinates":[[[-118.67964,49.081688],[-118.679671,49.081597],[-118.679959,49.081672],[-118.679917,49.081749],[-118.67964,49.081688]]]},"properties":{"GlobalID":"{359198D7-D0C2-463B-B259-9443317BC398}","Name":"005182972","PlanID":"{01944463-4355-400C-971A-2CE0109524D2}","PlanNumber":"KAP46","PIN":null,"PID":5182972,"Designation1":"Lot 2","Designation2":"Block Q","Designation3":null,"ParcelStatus":"ACTIVE","RegionalDistrict":"0019","ParcelClass":"SUBDIVISION","SourceParcelID":null,"GeometrySource":"MODIFIED-ICF","IsRemainder":"NO","ParcelStartDate":null,"PositionalError":3.63415234,"LegalDescription":"LOT 2 BLOCK Q DISTRICT LOT 879 SIMILKAMEEN DIVISION YALE DISTRICT PLAN 46","CaptureMethod":"UNKNOWN","OwnerType":"PRIVATE","Compiled":1,"CreatedDate":"2016-09-20T23:24:06.000Z","ModifiedDate":"2021-03-16T17:13:51.000Z","StatedArea":null,"ErrorReportedBy":"LSA","Municipality":"0046","OBJECTID":45887,"created_user":"SDE","created_date":"2024-11-12T16:15:31.000Z","last_edited_user":"SDE","last_edited_date":"2026-03-25T16:06:10.000Z","Shape__Area":213.438627425,"Shape__Length":63.45501881703704,"CommonName":null,"SourceGlobalID":"{494C3753-E4DC-417C-8D3A-654403A5B966}","Comments":null,"UpdateStatus":"AUTO","UpdateSource":"PMBC"}},{"type":"Feature","geometry":{"type":"Polygon","coordinates":[[[-118.680008,49.081602],[-118.679692,49.081495],[-118.679689,49.081357],[-118.68008,49.081534],[-118.680008,49.081602]]]},"properties":{"GlobalID":"{9B811AED-6307-421E-8DE5-E1EE93034BC4}","Name":"005183006","PlanID":"{01944463-4355-400C-971A-2CE0109524D2}","PlanNumber":"KAP46","PIN":null,"PID":5183006,"Designation1":"Lot 4","Designation2":"Block Q","Designation3":null,"ParcelStatus":"ACTIVE","RegionalDistrict":"0019","ParcelClass":"SUBDIVISION","SourceParcelID":null,"GeometrySource":"MODIFIED-ICF","IsRemainder":"NO","ParcelStartDate":null,"PositionalError":3.73598498,"LegalDescription":"LOT 4 BLOCK Q DISTRICT LOT 879 SIMILKAMEEN DIVISION YALE DISTRICT PLAN 46","CaptureMethod":"UNKNOWN","OwnerType":"PRIVATE","Compiled":1,"CreatedDate":"2016-09-20T23:24:06.000Z","ModifiedDate":"2021-03-16T17:13:51.000Z","StatedArea":null,"ErrorReportedBy":"LSA","Municipality":"0046","OBJECTID":45888,"created_user":"SDE","created_date":"2024-11-12T16:15:31.000Z","last_edited_user":"SDE","last_edited_date":"2026-03-25T16:06:10.000Z","Shape__Area":337.47663951,"Shape__Length":85.41855233260252,"CommonName":null,"SourceGlobalID":"{6F6590FA-8AE9-47D6-9427-8D8786561E20}","Comments":null,"UpdateStatus":"AUTO","UpdateSource":"PMBC"}},{"type":"Feature","geometry":{"type":"Polygon","coordinates":[[[-118.680159,49.081455],[-118.68008,49.081534],[-118.679689,49.081357],[-118.679696,49.081246],[-118.680159,49.081455]]]},"properties":{"GlobalID":"{8F884A24-2F9D-42ED-9AAD-617F1C305B2C}","Name":"005183014","PlanID":"{01944463-4355-400C-971A-2CE0109524D2}","PlanNumber":"KAP46","PIN":null,"PID":5183014,"Designation1":"Lot 5","Designation2":"Block Q","Designation3":null,"ParcelStatus":"ACTIVE","RegionalDistrict":"0019","ParcelClass":"SUBDIVISION","SourceParcelID":null,"GeometrySource":"MODIFIED-ICF","IsRemainder":"NO","ParcelStartDate":null,"PositionalError":3.73598498,"LegalDescription":"LOT 5 BLOCK Q DISTRICT LOT 879 SIMILKAMEEN DIVISION YALE DISTRICT PLAN 46","CaptureMethod":"UNKNOWN","OwnerType":"PRIVATE","Compiled":1,"CreatedDate":"2016-09-20T23:24:06.000Z","ModifiedDate":"2021-03-16T17:13:51.000Z","StatedArea":null,"ErrorReportedBy":"LSA","Municipality":"0046","OBJECTID":45889,"created_user":"SDE","created_date":"2024-11-12T16:15:31.000Z","last_edited_user":"SDE","last_edited_date":"2026-03-25T16:06:10.000Z","Shape__Area":397.8343049,"Shape__Length":98.69812394274554,"CommonName":null,"SourceGlobalID":"{4F7DDB50-E71F-44C0-B222-AC7EE19F3A96}","Comments":null,"UpdateStatus":"AUTO","UpdateSource":"PMBC"}},{"type":"Feature","geometry":{"type":"Polygon","coordinates":[[[-118.67936,49.084038],[-118.679335,49.08414],[-118.678919,49.084113],[-118.678947,49.084],[-118.678966,49.083919],[-118.678986,49.083837],[-118.679397,49.083876],[-118.679379,49.083957],[-118.67936,49.084038]]]},"properties":{"GlobalID":"{136AC1B5-9856-4B41-9BC0-8C9369FAC57A}","Name":"029296757","PlanID":"{01944463-4355-400C-971A-2CE0109524D2}","PlanNumber":"KAP46","PIN":null,"PID":29296757,"Designation1":"Parcel B","Designation2":"Block J","Designation3":null,"ParcelStatus":"ACTIVE","RegionalDistrict":"0019","ParcelClass":"SUBDIVISION","SourceParcelID":null,"GeometrySource":"MODIFIED-ICF","IsRemainder":"NO","ParcelStartDate":"2014-05-08T07:00:00.000Z","PositionalError":2.9815422,"LegalDescription":"PARCEL B (BEING A CONSOLIDATION OF LOTS 22, 23 AND 24, SEE CA3704440) BLOCK J DISTRICT LOT 879 SIMILKAMEEN DIVISION YALE DISTRICT PLAN 46","CaptureMethod":"UNKNOWN","OwnerType":"PRIVATE","Compiled":1,"CreatedDate":"2016-09-20T23:24:06.000Z","ModifiedDate":"2021-03-16T16:10:08.000Z","StatedArea":null,"ErrorReportedBy":"LSA","Municipality":"0046","OBJECTID":45890,"created_user":"SDE","created_date":"2024-11-12T16:15:31.000Z","last_edited_user":"SDE","last_edited_date":"2026-03-25T16:06:10.000Z","Shape__Area":924.60629336,"Shape__Length":121.61593526771756,"CommonName":null,"SourceGlobalID":"{8C8CD0E6-42E2-4659-8CA3-0133954EE82F}","Comments":null,"UpdateStatus":"AUTO","UpdateSource":"PMBC"}},{"type":"Feature","geometry":{"type":"Polygon","coordinates":[[[-118.678486,49.083088],[-118.678902,49.083115],[-118.678872,49.083245],[-118.678457,49.083207],[-118.678486,49.083088]]]},"properties":{"GlobalID":"{36768C31-036D-46F4-A78D-85A60B40D468}","Name":"018766188","PlanID":"{01944463-4355-400C-971A-2CE0109524D2}","PlanNumber":"KAP46","PIN":null,"PID":18766188,"Designation1":"Parcel A","Designation2":"Block K","Designation3":null,"ParcelStatus":"ACTIVE","RegionalDistrict":"0019","ParcelClass":"SUBDIVISION","SourceParcelID":null,"GeometrySource":"MODIFIED-ICF","IsRemainder":"NO","ParcelStartDate":null,"PositionalError":2.88509494,"LegalDescription":"PARCEL A (KH55741) BLOCK K DISTRICT LOT 879 SIMILKAMEEN DIVISION YALE DISTRICT PLAN 46","CaptureMethod":"UNKNOWN","OwnerType":"PRIVATE","Compiled":1,"CreatedDate":"2016-09-20T23:24:06.000Z","ModifiedDate":"2021-03-16T16:06:00.000Z","StatedArea":null,"ErrorReportedBy":"LSA","Municipality":"0046","OBJECTID":45891,"created_user":"SDE","created_date":"2024-11-12T16:15:31.000Z","last_edited_user":"SDE","last_edited_date":"2026-03-25T16:06:10.000Z","Shape__Area":429.75195864,"Shape__Length":89.26501427884902,"CommonName":null,"SourceGlobalID":"{787FB01A-465A-493A-84F6-68FF4E0EA03C}","Comments":null,"UpdateStatus":"AUTO","UpdateSource":"PMBC"}},{"type":"Feature","geometry":{"type":"Polygon","coordinates":[[[-118.67885,49.083326],[-118.678438,49.083288],[-118.678457,49.083207],[-118.678872,49.083245],[-118.67885,49.083326]]]},"properties":{"GlobalID":"{EC6C876C-853B-41B7-8A3A-5981035E77F3}","Name":"012776564","PlanID":"{01944463-4355-400C-971A-2CE0109524D2}","PlanNumber":"KAP46","PIN":null,"PID":12776564,"Designation1":"Lot 10","Designation2":"Block K","Designation3":null,"ParcelStatus":"ACTIVE","RegionalDistrict":"0019","ParcelClass":"SUBDIVISION","SourceParcelID":null,"GeometrySource":"MODIFIED-ICF","IsRemainder":"NO","ParcelStartDate":null,"PositionalError":3.22168119,"LegalDescription":"LOT 10 BLOCK K DISTRICT LOT 879 SIMILKAMEEN DIVISION YALE DISTRICT PLAN 46","CaptureMethod":"UNKNOWN","OwnerType":"PRIVATE","Compiled":1,"CreatedDate":"2016-09-20T23:24:06.000Z","ModifiedDate":"2021-03-16T16:06:00.000Z","StatedArea":null,"ErrorReportedBy":"LSA","Municipality":"0046","OBJECTID":45892,"created_user":"SDE","created_date":"2024-11-12T16:15:31.000Z","last_edited_user":"SDE","last_edited_date":"2026-03-25T16:06:10.000Z","Shape__Area":279.0692727,"Shape__Length":79.34833367569406,"CommonName":null,"SourceGlobalID":"{6414E108-C8F1-4636-A5C2-181FC3156670}","Comments":null,"UpdateStatus":"AUTO","UpdateSource":"PMBC"}},{"type":"Feature","geometry":{"type":"Polygon","coordinates":[[[-118.678438,49.083288],[-118.67885,49.083326],[-118.678831,49.083408],[-118.678419,49.08337],[-118.678438,49.083288]]]},"properties":{"GlobalID":"{430717B5-FFC7-464D-BA99-22A8C496526C}","Name":"012776530","PlanID":"{01944463-4355-400C-971A-2CE0109524D2}","PlanNumber":"KAP46","PIN":null,"PID":12776530,"Designation1":"Lot 9","Designation2":"Block K","Designation3":null,"ParcelStatus":"ACTIVE","RegionalDistrict":"0019","ParcelClass":"SUBDIVISION","SourceParcelID":null,"GeometrySource":"MODIFIED-ICF","IsRemainder":"NO","ParcelStartDate":null,"PositionalError":3.46745035,"LegalDescription":"LOT 9 BLOCK K DISTRICT LOT 879 SIMILKAMEEN DIVISION YALE DISTRICT PLAN 46","CaptureMethod":"UNKNOWN","OwnerType":"PRIVATE","Compiled":1,"CreatedDate":"2016-09-20T23:24:06.000Z","ModifiedDate":"2021-03-16T16:06:00.000Z","StatedArea":null,"ErrorReportedBy":"LSA","Municipality":"0046","OBJECTID":45893,"created_user":"SDE","created_date":"2024-11-12T16:15:31.000Z","last_edited_user":"SDE","last_edited_date":"2026-03-25T16:06:10.000Z","Shape__Area":278.18556111,"Shape__Length":79.1383489337229,"CommonName":null,"SourceGlobalID":"{D05B48A1-3570-4E50-A9D8-FB5611D8A12B}","Comments":null,"UpdateStatus":"AUTO","UpdateSource":"PMBC"}},{"type":"Feature","geometry":{"type":"Polygon","coordinates":[[[-118.679319,49.084277],[-118.679304,49.08436],[-118.679289,49.084442],[-118.679276,49.084519],[-118.678872,49.084498],[-118.678882,49.084422],[-118.678892,49.084341],[-118.678903,49.08425],[-118.679319,49.084277]]]},"properties":{"GlobalID":"{16D4533F-828C-4CF0-9012-278687129AA1}","Name":"018356231","PlanID":"{DA861290-8AD8-41B3-B9CF-26B2AFF17C59}","PlanNumber":"KAP57","PIN":null,"PID":18356231,"Designation1":"Parcel A","Designation2":"Block 1","Designation3":null,"ParcelStatus":"ACTIVE","RegionalDistrict":"0019","ParcelClass":"SUBDIVISION","SourceParcelID":null,"GeometrySource":"PMBC-COMPILATION","IsRemainder":"NO","ParcelStartDate":null,"PositionalError":2.79354348,"LegalDescription":"PARCEL A (KG83304) BLOCK 1 DISTRICT LOT 601 SIMILKAMEEN DIVISION YALE DISTRICT PLAN 57","CaptureMethod":"UNKNOWN","OwnerType":"PRIVATE","Compiled":0,"CreatedDate":"2016-09-20T23:24:06.000Z","ModifiedDate":"2021-03-15T20:37:02.000Z","StatedArea":"828.9","ErrorReportedBy":"LSA","Municipality":"0046","OBJECTID":45894,"created_user":"SDE","created_date":"2024-11-12T16:15:31.000Z","last_edited_user":"SDE","last_edited_date":"2026-03-25T16:06:10.000Z","Shape__Area":822.94107269,"Shape__Length":114.88519232238603,"CommonName":null,"SourceGlobalID":"{C3F47EED-6EF1-4CBA-94F0-8F42F8F7E4D2}","Comments":null,"UpdateStatus":"AUTO","UpdateSource":"PMBC"}},{"type":"Feature","geometry":{"type":"Polygon","coordinates":[[[-118.681062,49.082533],[-118.681085,49.082536],[-118.681076,49.082625],[-118.681064,49.082623],[-118.681062,49.082533]]]},"properties":{"GlobalID":"{1D702CB7-1482-4341-AC99-28225988B190}","Name":"012776670","PlanID":"{F21644BF-ED25-4569-85AC-B882D45FA2DF}","PlanNumber":"KAP8332B","PIN":null,"PID":12776670,"Designation1":"Lot 7","Designation2":"Block L","Designation3":null,"ParcelStatus":"ACTIVE","RegionalDistrict":"0019","ParcelClass":"SUBDIVISION","SourceParcelID":null,"GeometrySource":"MODIFIED-ICF","IsRemainder":"NO","ParcelStartDate":null,"PositionalError":4.36827755,"LegalDescription":"THAT PART OF LOT 7 BLOCK L OUTLINED RED ON PLAN B8332; DISTRICT LOT 879 SIMILKAMEEN DIVISION YALE DISTRICT PLAN 46","CaptureMethod":"UNKNOWN","OwnerType":"CROWN PROVINCIAL","Compiled":1,"CreatedDate":"2016-09-20T23:24:06.000Z","ModifiedDate":"2021-03-15T23:01:00.000Z","StatedArea":null,"ErrorReportedBy":"LSA","Municipality":"0046","OBJECTID":45895,"created_user":"SDE","created_date":"2024-11-12T16:15:31.000Z","last_edited_user":"SDE","last_edited_date":"2026-03-25T16:06:10.000Z","Shape__Area":12.6948042,"Shape__Length":22.56473990074301,"CommonName":null,"SourceGlobalID":"{4E71C2BA-F080-4A29-AA61-2155017221EC}","Comments":null,"UpdateStatus":"AUTO","UpdateSource":"PMBC"}},{"type":"Feature","geometry":{"type":"Polygon","coordinates":[[[-118.681053,49.082],[-118.681053,49.081973],[-118.681097,49.081918],[-118.681416,49.081955],[-118.681342,49.082037],[-118.681053,49.082]]]},"properties":{"GlobalID":"{D448B891-521F-405D-8A74-F07C93D8010F}","Name":"012776793","PlanID":"{F21644BF-ED25-4569-85AC-B882D45FA2DF}","PlanNumber":"KAP8332B","PIN":null,"PID":12776793,"Designation1":"Lot 14","Designation2":"Block L","Designation3":null,"ParcelStatus":"ACTIVE","RegionalDistrict":"0019","ParcelClass":"SUBDIVISION","SourceParcelID":null,"GeometrySource":"MODIFIED-ICF","IsRemainder":"NO","ParcelStartDate":null,"PositionalError":3.99276969,"LegalDescription":"THAT PART OF LOT 14 BLOCK L OUTLINED RED ON PLAN B8332; DISTRICT LOT 879 SIMILKAMEEN DIVISION YALE DISTRICT PLAN 46","CaptureMethod":"UNKNOWN","OwnerType":"CROWN PROVINCIAL","Compiled":1,"CreatedDate":"2016-09-20T23:24:06.000Z","ModifiedDate":"2021-03-15T23:01:00.000Z","StatedArea":null,"ErrorReportedBy":"LSA","Municipality":"0046","OBJECTID":45896,"created_user":"SDE","created_date":"2024-11-12T16:15:31.000Z","last_edited_user":"SDE","last_edited_date":"2026-03-25T16:06:10.000Z","Shape__Area":224.547877785,"Shape__Length":65.63696879406324,"CommonName":null,"SourceGlobalID":"{0CEED6C3-2A11-426B-9A38-95BD59C3F749}","Comments":null,"UpdateStatus":"AUTO","UpdateSource":"PMBC"}},{"type":"Feature","geometry":{"type":"Polygon","coordinates":[[[-118.681537,49.081866],[-118.681518,49.081865],[-118.681508,49.081857],[-118.681309,49.081697],[-118.681398,49.081627],[-118.681553,49.081761],[-118.681542,49.081832],[-118.681537,49.081866]]]},"properties":{"GlobalID":"{E59F8937-5DD7-491B-8683-A233D0FA4F16}","Name":"012775151","PlanID":"{01944463-4355-400C-971A-2CE0109524D2}","PlanNumber":"KAP46","PIN":null,"PID":12775151,"Designation1":"REM Lot 18","Designation2":"Block L","Designation3":null,"ParcelStatus":"ACTIVE","RegionalDistrict":"0019","ParcelClass":"SUBDIVISION","SourceParcelID":null,"GeometrySource":"MODIFIED-ICF","IsRemainder":"YES","ParcelStartDate":null,"PositionalError":3.47308052,"LegalDescription":"LOT 18 BLOCK L DISTRICT LOT 879 SIMILKAMEEN DIVISION YALE DISTRICT PLAN 46 EXCEPT PLAN H731","CaptureMethod":"UNKNOWN","OwnerType":"CROWN PROVINCIAL","Compiled":0,"CreatedDate":"2019-10-29T16:20:39.000Z","ModifiedDate":"2021-03-15T23:01:00.000Z","StatedArea":"196.8","ErrorReportedBy":"LSA","Municipality":"0046","OBJECTID":45897,"created_user":"SDE","created_date":"2024-11-12T16:15:31.000Z","last_edited_user":"SDE","last_edited_date":"2026-03-25T16:06:10.000Z","Shape__Area":213.26720458,"Shape__Length":66.25180340972945,"CommonName":null,"SourceGlobalID":"{60F1765C-F4A3-42B8-BDD6-8863721D93B0}","Comments":null,"UpdateStatus":"AUTO","UpdateSource":"PMBC"}},{"type":"Feature","geometry":{"type":"Polygon","coordinates":[[[-118.680965,49.082138],[-118.680943,49.082138],[-118.680962,49.082105],[-118.680965,49.082138]]]},"properties":{"GlobalID":"{24B8068A-0D0E-4523-B9DF-1418CD6BAD2B}","Name":"012776840","PlanID":"{F21644BF-ED25-4569-85AC-B882D45FA2DF}","PlanNumber":"KAP8332B","PIN":null,"PID":12776840,"Designation1":"Lot 24","Designation2":"Block L","Designation3":null,"ParcelStatus":"ACTIVE","RegionalDistrict":"0019","ParcelClass":"SUBDIVISION","SourceParcelID":null,"GeometrySource":"MODIFIED-ICF","IsRemainder":"NO","ParcelStartDate":null,"PositionalError":4.52567752,"LegalDescription":"THAT PART OF LOT 24 BLOCK L OUTLINED RED ON PLAN B8332; DISTRICT LOT 879 SIMILKAMEEN DIVISION YALE DISTRICT PLAN 46","CaptureMethod":"UNKNOWN","OwnerType":"CROWN PROVINCIAL","Compiled":1,"CreatedDate":"2016-09-20T23:24:06.000Z","ModifiedDate":"2021-03-15T23:11:37.000Z","StatedArea":null,"ErrorReportedBy":"LSA","Municipality":"0046","OBJECTID":45898,"created_user":"SDE","created_date":"2024-11-12T16:15:31.000Z","last_edited_user":"SDE","last_edited_date":"2026-03-25T16:06:10.000Z","Shape__Area":2.909669325,"Shape__Length":9.218431375151123,"CommonName":null,"SourceGlobalID":"{49847D30-86A3-4C53-8A48-B16482B5BEF4}","Comments":null,"UpdateStatus":"AUTO","UpdateSource":"PMBC"}},{"type":"Feature","geometry":{"type":"Polygon","coordinates":[[[-118.678167,49.082252],[-118.678158,49.082238],[-118.678498,49.082112],[-118.678535,49.082175],[-118.678167,49.082252]]]},"properties":{"GlobalID":"{3BA833BD-49B8-4C07-BDF3-1B5549CB9C82}","Name":"012771627","PlanID":"{01944463-4355-400C-971A-2CE0109524D2}","PlanNumber":"KAP46","PIN":90053038,"PID":12771627,"Designation1":"Lot 11","Designation2":"Block O","Designation3":null,"ParcelStatus":"ACTIVE","RegionalDistrict":"0019","ParcelClass":"SUBDIVISION","SourceParcelID":null,"GeometrySource":"ICF","IsRemainder":"NO","ParcelStartDate":null,"PositionalError":3.65300117,"LegalDescription":"LOT 11 BLOCK O DISTRICT LOT 879 SIMILKAMEEN DIVISION YALE DISTRICT PLAN 46","CaptureMethod":"UNKNOWN","OwnerType":"CROWN PROVINCIAL","Compiled":1,"CreatedDate":"2016-09-20T23:24:06.000Z","ModifiedDate":"2021-03-15T23:19:05.000Z","StatedArea":null,"ErrorReportedBy":"LSA","Municipality":"0046","OBJECTID":45899,"created_user":"SDE","created_date":"2024-11-12T16:15:31.000Z","last_edited_user":"SDE","last_edited_date":"2026-03-25T16:06:10.000Z","Shape__Area":129.19409237,"Shape__Length":65.81375125193463,"CommonName":null,"SourceGlobalID":"{01C73E0D-F336-4784-8043-11F353E27D99}","Comments":null,"UpdateStatus":"AUTO","UpdateSource":"PMBC"}},{"type":"Feature","geometry":{"type":"Polygon","coordinates":[[[-118.681266,49.083634],[-118.680923,49.083585],[-118.680876,49.083503],[-118.681278,49.083552],[-118.681266,49.083634]]]},"properties":{"GlobalID":"{A1A42E3C-5A8B-4C6E-84FF-F004AB4DB004}","Name":"012775011","PlanID":"{01944463-4355-400C-971A-2CE0109524D2}","PlanNumber":"KAP46","PIN":null,"PID":12775011,"Designation1":"Lot 8","Designation2":"Block H","Designation3":null,"ParcelStatus":"ACTIVE","RegionalDistrict":"0019","ParcelClass":"SUBDIVISION","SourceParcelID":null,"GeometrySource":"MODIFIED-ICF","IsRemainder":"NO","ParcelStartDate":null,"PositionalError":4.13915411,"LegalDescription":"LOT 8 BLOCK H DISTRICT LOT 879 SIMILKAMEEN DIVISION YALE DISTRICT PLAN 46","CaptureMethod":"UNKNOWN","OwnerType":"CROWN PROVINCIAL","Compiled":1,"CreatedDate":"2021-03-15T23:44:47.000Z","ModifiedDate":"2021-03-15T23:45:38.000Z","StatedArea":null,"ErrorReportedBy":"LSA","Municipality":"0046","OBJECTID":45900,"created_user":"SDE","created_date":"2024-11-12T16:15:31.000Z","last_edited_user":"SDE","last_edited_date":"2026-03-25T16:06:10.000Z","Shape__Area":240.859811405,"Shape__Length":74.3953442593768,"CommonName":null,"SourceGlobalID":"{8D51DD0D-B5F6-47B6-BF1D-77EAC061D4CE}","Comments":null,"UpdateStatus":"AUTO","UpdateSource":"PMBC"}},{"type":"Feature","geometry":{"type":"Polygon","coordinates":[[[-118.681059,49.082357],[-118.681058,49.082263],[-118.681177,49.082279],[-118.681139,49.082366],[-118.681059,49.082357]]]},"properties":{"GlobalID":"{84712E76-EAEA-4821-9819-0F4B92C667DB}","Name":"012776718","PlanID":"{F21644BF-ED25-4569-85AC-B882D45FA2DF}","PlanNumber":"KAP8332B","PIN":null,"PID":12776718,"Designation1":"Lot 10","Designation2":"Block L","Designation3":null,"ParcelStatus":"ACTIVE","RegionalDistrict":"0019","ParcelClass":"SUBDIVISION","SourceParcelID":null,"GeometrySource":"MODIFIED-ICF","IsRemainder":"NO","ParcelStartDate":null,"PositionalError":4.19031522,"LegalDescription":"THAT PART OF LOT 10 BLOCK L OUTLINED RED ON PLAN B8332; DISTRICT LOT 879 SIMILKAMEEN DIVISION YALE DISTRICT PLAN 46","CaptureMethod":"UNKNOWN","OwnerType":"CROWN PROVINCIAL","Compiled":1,"CreatedDate":"2016-09-20T23:24:06.000Z","ModifiedDate":"2021-03-15T23:01:00.000Z","StatedArea":null,"ErrorReportedBy":"LSA","Municipality":"0046","OBJECTID":45901,"created_user":"SDE","created_date":"2024-11-12T16:15:31.000Z","last_edited_user":"SDE","last_edited_date":"2026-03-25T16:06:10.000Z","Shape__Area":74.51328481,"Shape__Length":35.17408198136427,"CommonName":null,"SourceGlobalID":"{A261AFCF-03DD-4BF4-B8FB-C6536132303A}","Comments":null,"UpdateStatus":"AUTO","UpdateSource":"PMBC"}},{"type":"Feature","geometry":{"type":"Polygon","coordinates":[[[-118.681085,49.082885],[-118.681069,49.082883],[-118.681067,49.082793],[-118.681085,49.082885]]]},"properties":{"GlobalID":"{7C24C2D0-B88C-4BAD-A32C-6438A028D33B}","Name":"012776645","PlanID":"{F21644BF-ED25-4569-85AC-B882D45FA2DF}","PlanNumber":"KAP8332B","PIN":null,"PID":12776645,"Designation1":"Lot 4","Designation2":"Block L","Designation3":null,"ParcelStatus":"ACTIVE","RegionalDistrict":"0019","ParcelClass":"SUBDIVISION","SourceParcelID":null,"GeometrySource":"MODIFIED-ICF","IsRemainder":"NO","ParcelStartDate":null,"PositionalError":4.48920381,"LegalDescription":"THAT PART OF LOT 4 BLOCK L OUTLINED RED ON PLAN B8332; DISTRICT LOT 879 SIMILKAMEEN DIVISION YALE DISTRICT PLAN 46","CaptureMethod":"UNKNOWN","OwnerType":"CROWN PROVINCIAL","Compiled":1,"CreatedDate":"2016-09-20T23:24:06.000Z","ModifiedDate":"2021-03-15T23:01:00.000Z","StatedArea":null,"ErrorReportedBy":"LSA","Municipality":"0046","OBJECTID":45902,"created_user":"SDE","created_date":"2024-11-12T16:15:31.000Z","last_edited_user":"SDE","last_edited_date":"2026-03-25T16:06:10.000Z","Shape__Area":6.04311125,"Shape__Length":21.674497061492314,"CommonName":null,"SourceGlobalID":"{394A3D7D-808B-485D-BE0D-8B4502C66992}","Comments":null,"UpdateStatus":"AUTO","UpdateSource":"PMBC"}},{"type":"Feature","geometry":{"type":"Polygon","coordinates":[[[-118.680916,49.083755],[-118.680923,49.083672],[-118.681253,49.083716],[-118.681241,49.083798],[-118.680916,49.083755]]]},"properties":{"GlobalID":"{0C9E9EB9-7983-4EAB-9DB2-06D731D8DE5C}","Name":"012774961","PlanID":"{01944463-4355-400C-971A-2CE0109524D2}","PlanNumber":"KAP46","PIN":null,"PID":12774961,"Designation1":"Lot 6","Designation2":"Block H","Designation3":null,"ParcelStatus":"ACTIVE","RegionalDistrict":"0019","ParcelClass":"SUBDIVISION","SourceParcelID":null,"GeometrySource":"MODIFIED-ICF","IsRemainder":"NO","ParcelStartDate":null,"PositionalError":3.66475109,"LegalDescription":"LOT 6 BLOCK H DISTRICT LOT 879 SIMILKAMEEN DIVISION YALE DISTRICT PLAN 46","CaptureMethod":"UNKNOWN","OwnerType":"CROWN PROVINCIAL","Compiled":1,"CreatedDate":"2021-03-15T23:44:47.000Z","ModifiedDate":"2021-03-15T23:45:26.000Z","StatedArea":null,"ErrorReportedBy":"LSA","Municipality":"0046","OBJECTID":45903,"created_user":"SDE","created_date":"2024-11-12T16:15:31.000Z","last_edited_user":"SDE","last_edited_date":"2026-03-25T16:06:10.000Z","Shape__Area":223.35492958,"Shape__Length":67.2946167026072,"CommonName":null,"SourceGlobalID":"{CB031CAE-5605-486B-9B77-21FB8C33DB1D}","Comments":null,"UpdateStatus":"AUTO","UpdateSource":"PMBC"}},{"type":"Feature","geometry":{"type":"Polygon","coordinates":[[[-118.680904,49.084006],[-118.681204,49.084043],[-118.681192,49.084125],[-118.680938,49.084108],[-118.680904,49.084006]]]},"properties":{"GlobalID":"{1B4856C2-F64D-4A05-873D-919E6CEE249D}","Name":"012774898","PlanID":"{01944463-4355-400C-971A-2CE0109524D2}","PlanNumber":"KAP46","PIN":null,"PID":12774898,"Designation1":"Lot 2","Designation2":"Block H","Designation3":null,"ParcelStatus":"ACTIVE","RegionalDistrict":"0019","ParcelClass":"SUBDIVISION","SourceParcelID":null,"GeometrySource":"MODIFIED-ICF","IsRemainder":"NO","ParcelStartDate":null,"PositionalError":2.88093351,"LegalDescription":"LOT 2 BLOCK H DISTRICT LOT 879 SIMILKAMEEN DIVISION YALE DISTRICT PLAN 46","CaptureMethod":"UNKNOWN","OwnerType":"CROWN PROVINCIAL","Compiled":1,"CreatedDate":"2021-03-15T23:44:47.000Z","ModifiedDate":"2021-03-15T23:44:59.000Z","StatedArea":null,"ErrorReportedBy":"LSA","Municipality":"0046","OBJECTID":45904,"created_user":"SDE","created_date":"2024-11-12T16:15:31.000Z","last_edited_user":"SDE","last_edited_date":"2026-03-25T16:06:10.000Z","Shape__Area":204.62161589,"Shape__Length":61.7184128508369,"CommonName":null,"SourceGlobalID":"{70852D7F-035C-458D-9AD1-A18E85F58F88}","Comments":null,"UpdateStatus":"AUTO","UpdateSource":"PMBC"}},{"type":"Feature","geometry":{"type":"Polygon","coordinates":[[[-118.681217,49.083962],[-118.681204,49.084043],[-118.680904,49.084006],[-118.680916,49.08393],[-118.681217,49.083962]]]},"properties":{"GlobalID":"{5FE6A22B-93D8-4344-81F4-6F08CE00FE1E}","Name":"012774928","PlanID":"{01944463-4355-400C-971A-2CE0109524D2}","PlanNumber":"KAP46","PIN":null,"PID":12774928,"Designation1":"Lot 3","Designation2":"Block H","Designation3":null,"ParcelStatus":"ACTIVE","RegionalDistrict":"0019","ParcelClass":"SUBDIVISION","SourceParcelID":null,"GeometrySource":"MODIFIED-ICF","IsRemainder":"NO","ParcelStartDate":null,"PositionalError":3.05693752,"LegalDescription":"LOT 3 BLOCK H DISTRICT LOT 879 SIMILKAMEEN DIVISION YALE DISTRICT PLAN 46","CaptureMethod":"UNKNOWN","OwnerType":"CROWN PROVINCIAL","Compiled":1,"CreatedDate":"2021-03-15T23:44:47.000Z","ModifiedDate":"2021-03-15T23:45:09.000Z","StatedArea":null,"ErrorReportedBy":"LSA","Municipality":"0046","OBJECTID":45905,"created_user":"SDE","created_date":"2024-11-12T16:15:31.000Z","last_edited_user":"SDE","last_edited_date":"2026-03-25T16:06:10.000Z","Shape__Area":195.75531626,"Shape__Length":62.17158850116495,"CommonName":null,"SourceGlobalID":"{49641D2A-640D-45B7-847F-DDECC6E71FDE}","Comments":null,"UpdateStatus":"AUTO","UpdateSource":"PMBC"}},{"type":"Feature","geometry":{"type":"Polygon","coordinates":[[[-118.681069,49.082883],[-118.681085,49.082885],[-118.681107,49.082974],[-118.68107,49.082969],[-118.681069,49.082883]]]},"properties":{"GlobalID":"{13AB29F8-1A89-4250-BDF3-409E008F0578}","Name":"012776637","PlanID":"{F21644BF-ED25-4569-85AC-B882D45FA2DF}","PlanNumber":"KAP8332B","PIN":null,"PID":12776637,"Designation1":"Lot 3","Designation2":"Block L","Designation3":null,"ParcelStatus":"ACTIVE","RegionalDistrict":"0019","ParcelClass":"SUBDIVISION","SourceParcelID":null,"GeometrySource":"MODIFIED-ICF","IsRemainder":"NO","ParcelStartDate":null,"PositionalError":4.48920381,"LegalDescription":"THAT PART OF LOT 3 BLOCK L OUTLINED RED ON PLAN B8332; DISTRICT LOT 879 SIMILKAMEEN DIVISION YALE DISTRICT PLAN 46","CaptureMethod":"UNKNOWN","OwnerType":"CROWN PROVINCIAL","Compiled":1,"CreatedDate":"2016-09-20T23:24:06.000Z","ModifiedDate":"2021-03-15T23:01:00.000Z","StatedArea":null,"ErrorReportedBy":"LSA","Municipality":"0046","OBJECTID":45906,"created_user":"SDE","created_date":"2024-11-12T16:15:31.000Z","last_edited_user":"SDE","last_edited_date":"2026-03-25T16:06:10.000Z","Shape__Area":18.4896413,"Shape__Length":23.41548650670582,"CommonName":null,"SourceGlobalID":"{E4D034E1-B86F-485C-A974-3A3E209B76D3}","Comments":null,"UpdateStatus":"AUTO","UpdateSource":"PMBC"}},{"type":"Feature","geometry":{"type":"Polygon","coordinates":[[[-118.680027,49.082601],[-118.680063,49.082676],[-118.679658,49.082744],[-118.679625,49.082669],[-118.680027,49.082601]]]},"properties":{"GlobalID":"{5AC1B86F-4592-43B1-AD6E-65DB7E708000}","Name":"012777030","PlanID":"{01944463-4355-400C-971A-2CE0109524D2}","PlanNumber":"KAP46","PIN":null,"PID":12777030,"Designation1":"Lot 5","Designation2":"Block N","Designation3":null,"ParcelStatus":"ACTIVE","RegionalDistrict":"0019","ParcelClass":"SUBDIVISION","SourceParcelID":null,"GeometrySource":"MODIFIED-ICF","IsRemainder":"NO","ParcelStartDate":null,"PositionalError":3.83879678,"LegalDescription":"LOT 5 BLOCK N DISTRICT LOT 879 SIMILKAMEEN DIVISION YALE DISTRICT PLAN 46","CaptureMethod":"UNKNOWN","OwnerType":"PRIVATE","Compiled":1,"CreatedDate":"2016-09-20T23:24:06.000Z","ModifiedDate":"2021-03-15T23:17:47.000Z","StatedArea":null,"ErrorReportedBy":"LSA","Municipality":"0046","OBJECTID":45907,"created_user":"SDE","created_date":"2024-11-12T16:15:31.000Z","last_edited_user":"SDE","last_edited_date":"2026-03-25T16:06:10.000Z","Shape__Area":266.112267795,"Shape__Length":78.35046304834894,"CommonName":null,"SourceGlobalID":"{10310798-FBCE-478F-AAB9-3DEB12DB6443}","Comments":null,"UpdateStatus":"AUTO","UpdateSource":"PMBC"}},{"type":"Feature","geometry":{"type":"Polygon","coordinates":[[[-118.680821,49.083064],[-118.681025,49.083038],[-118.681036,49.083138],[-118.680844,49.083124],[-118.680821,49.083064]]]},"properties":{"GlobalID":"{50FDAFC5-1BD8-46E6-ABFD-EFE0AEFCE074}","Name":"012775347","PlanID":"{01944463-4355-400C-971A-2CE0109524D2}","PlanNumber":"KAP46","PIN":36538201,"PID":12775347,"Designation1":"Lot 36","Designation2":"Block L","Designation3":null,"ParcelStatus":"ACTIVE","RegionalDistrict":"0019","ParcelClass":"SUBDIVISION","SourceParcelID":null,"GeometrySource":"MODIFIED-ICF","IsRemainder":"NO","ParcelStartDate":null,"PositionalError":4.56239602,"LegalDescription":"LOT 36 BLOCK L DISTRICT LOT 879 SIMILKAMEEN DIVISION YALE DISTRICT PLAN 46","CaptureMethod":"UNKNOWN","OwnerType":"CROWN PROVINCIAL","Compiled":1,"CreatedDate":"2016-09-20T23:24:06.000Z","ModifiedDate":"2021-03-15T23:11:37.000Z","StatedArea":null,"ErrorReportedBy":"LSA","Municipality":"0046","OBJECTID":45908,"created_user":"SDE","created_date":"2024-11-12T16:15:31.000Z","last_edited_user":"SDE","last_edited_date":"2026-03-25T16:06:10.000Z","Shape__Area":130.28977715,"Shape__Length":47.47007345214825,"CommonName":null,"SourceGlobalID":"{CB04E646-0EC2-4AE7-A149-1828FE78C778}","Comments":null,"UpdateStatus":"AUTO","UpdateSource":"PMBC"}},{"type":"Feature","geometry":{"type":"Polygon","coordinates":[[[-118.681241,49.083798],[-118.681229,49.08388],[-118.680926,49.083847],[-118.680916,49.083755],[-118.681241,49.083798]]]},"properties":{"GlobalID":"{BB83F0EA-43B8-403D-BBD2-840A4E0539F5}","Name":"012774944","PlanID":"{01944463-4355-400C-971A-2CE0109524D2}","PlanNumber":"KAP46","PIN":null,"PID":12774944,"Designation1":"Lot 5","Designation2":"Block H","Designation3":null,"ParcelStatus":"ACTIVE","RegionalDistrict":"0019","ParcelClass":"SUBDIVISION","SourceParcelID":null,"GeometrySource":"MODIFIED-ICF","IsRemainder":"NO","ParcelStartDate":null,"PositionalError":3.67282916,"LegalDescription":"LOT 5 BLOCK H DISTRICT LOT 879 SIMILKAMEEN DIVISION YALE DISTRICT PLAN 46","CaptureMethod":"UNKNOWN","OwnerType":"CROWN PROVINCIAL","Compiled":1,"CreatedDate":"2021-03-15T23:44:47.000Z","ModifiedDate":"2021-03-15T23:45:20.000Z","StatedArea":null,"ErrorReportedBy":"LSA","Municipality":"0046","OBJECTID":45909,"created_user":"SDE","created_date":"2024-11-12T16:15:31.000Z","last_edited_user":"SDE","last_edited_date":"2026-03-25T16:06:10.000Z","Shape__Area":221.791500645,"Shape__Length":66.0005220210348,"CommonName":null,"SourceGlobalID":"{42BD582B-5B7C-4FBA-97A8-A797B21D57A0}","Comments":null,"UpdateStatus":"AUTO","UpdateSource":"PMBC"}},{"type":"Feature","geometry":{"type":"Polygon","coordinates":[[[-118.678852,49.084661],[-118.679246,49.084682],[-118.679234,49.08475],[-118.678843,49.084729],[-118.678852,49.084661]]]},"properties":{"GlobalID":"{338CE8FC-7360-4601-98B7-D849661AF7CB}","Name":"012677469","PlanID":"{DA861290-8AD8-41B3-B9CF-26B2AFF17C59}","PlanNumber":"KAP57","PIN":null,"PID":12677469,"Designation1":"Lot 10","Designation2":"Block 1","Designation3":null,"ParcelStatus":"ACTIVE","RegionalDistrict":"0019","ParcelClass":"SUBDIVISION","SourceParcelID":null,"GeometrySource":"PMBC-COMPILATION","IsRemainder":"NO","ParcelStartDate":null,"PositionalError":2.94311017,"LegalDescription":"LOT 10 BLOCK 1 DISTRICT LOT 601 SIMILKAMEEN DIVISION YALE DISTRICT PLAN 57","CaptureMethod":"UNKNOWN","OwnerType":"PRIVATE","Compiled":0,"CreatedDate":"2016-09-20T23:24:06.000Z","ModifiedDate":"2021-03-15T20:37:02.000Z","StatedArea":null,"ErrorReportedBy":"LSA","Municipality":"0046","OBJECTID":45910,"created_user":"SDE","created_date":"2024-11-12T16:15:31.000Z","last_edited_user":"SDE","last_edited_date":"2026-03-25T16:06:10.000Z","Shape__Area":219.05817075,"Shape__Length":72.78992524610595,"CommonName":null,"SourceGlobalID":"{F4711023-4658-4106-A239-9FAAC27BB435}","Comments":null,"UpdateStatus":"AUTO","UpdateSource":"PMBC"}},{"type":"Feature","geometry":{"type":"Polygon","coordinates":[[[-118.679591,49.082589],[-118.679997,49.082528],[-118.680027,49.082601],[-118.679625,49.082669],[-118.679591,49.082589]]]},"properties":{"GlobalID":"{C37CD607-3670-47EB-85A0-7E07B46B4368}","Name":"012777072","PlanID":"{01944463-4355-400C-971A-2CE0109524D2}","PlanNumber":"KAP46","PIN":null,"PID":12777072,"Designation1":"Lot 6","Designation2":"Block N","Designation3":null,"ParcelStatus":"ACTIVE","RegionalDistrict":"0019","ParcelClass":"SUBDIVISION","SourceParcelID":null,"GeometrySource":"MODIFIED-ICF","IsRemainder":"NO","ParcelStartDate":null,"PositionalError":3.9558064,"LegalDescription":"LOT 6 BLOCK N DISTRICT LOT 879 SIMILKAMEEN DIVISION YALE DISTRICT PLAN 46","CaptureMethod":"UNKNOWN","OwnerType":"PRIVATE","Compiled":1,"CreatedDate":"2016-09-20T23:24:06.000Z","ModifiedDate":"2021-03-15T23:17:47.000Z","StatedArea":null,"ErrorReportedBy":"LSA","Municipality":"0046","OBJECTID":45911,"created_user":"SDE","created_date":"2024-11-12T16:15:31.000Z","last_edited_user":"SDE","last_edited_date":"2026-03-25T16:06:10.000Z","Shape__Area":266.987295575,"Shape__Length":78.31825915832175,"CommonName":null,"SourceGlobalID":"{239242F5-CF57-4685-BE86-5340C48D790B}","Comments":null,"UpdateStatus":"AUTO","UpdateSource":"PMBC"}},{"type":"Feature","geometry":{"type":"Polygon","coordinates":[[[-118.681125,49.083068],[-118.681072,49.083062],[-118.68107,49.082969],[-118.681107,49.082974],[-118.681125,49.083068]]]},"properties":{"GlobalID":"{1BF8B9EB-CF97-45EF-8852-8560DD2E9224}","Name":"012776629","PlanID":"{F21644BF-ED25-4569-85AC-B882D45FA2DF}","PlanNumber":"KAP8332B","PIN":null,"PID":12776629,"Designation1":"Lot 2","Designation2":"Block L","Designation3":null,"ParcelStatus":"ACTIVE","RegionalDistrict":"0019","ParcelClass":"SUBDIVISION","SourceParcelID":null,"GeometrySource":"MODIFIED-ICF","IsRemainder":"NO","ParcelStartDate":null,"PositionalError":4.48088095,"LegalDescription":"THAT PART OF LOT 2 BLOCK L OUTLINED RED ON PLAN B8332; DISTRICT LOT 879 SIMILKAMEEN DIVISION YALE DISTRICT PLAN 46","CaptureMethod":"UNKNOWN","OwnerType":"CROWN PROVINCIAL","Compiled":1,"CreatedDate":"2016-09-20T23:24:06.000Z","ModifiedDate":"2021-03-15T23:01:00.000Z","StatedArea":null,"ErrorReportedBy":"LSA","Municipality":"0046","OBJECTID":45912,"created_user":"SDE","created_date":"2024-11-12T16:15:31.000Z","last_edited_user":"SDE","last_edited_date":"2026-03-25T16:06:10.000Z","Shape__Area":33.91797873,"Shape__Length":27.617732044107147,"CommonName":null,"SourceGlobalID":"{2B94DC0E-2F51-4824-9860-14AD215C74D8}","Comments":null,"UpdateStatus":"AUTO","UpdateSource":"PMBC"}},{"type":"Feature","geometry":{"type":"Polygon","coordinates":[[[-118.681336,49.083934],[-118.681332,49.083823],[-118.681765,49.083828],[-118.681761,49.083938],[-118.681336,49.083934]]]},"properties":{"GlobalID":"{4360D17E-7BB0-4583-9879-E1950D3E88B8}","Name":"012683001","PlanID":"{862D28DB-7481-4CCF-A16E-91DB1FEE2D50}","PlanNumber":"KAP64","PIN":null,"PID":12683001,"Designation1":"Lot 3","Designation2":"Block L","Designation3":null,"ParcelStatus":"ACTIVE","RegionalDistrict":"0019","ParcelClass":"SUBDIVISION","SourceParcelID":null,"GeometrySource":"MODIFIED-ICF","IsRemainder":"NO","ParcelStartDate":null,"PositionalError":3.51347087,"LegalDescription":"LOT 3 BLOCK L DISTRICT LOT 601 SIMILKAMEEN DIVISION YALE DISTRICT PLAN 64","CaptureMethod":"UNKNOWN","OwnerType":"PRIVATE","Compiled":1,"CreatedDate":"2016-09-20T23:24:06.000Z","ModifiedDate":"2021-03-15T21:46:32.000Z","StatedArea":null,"ErrorReportedBy":"LSA","Municipality":"0046","OBJECTID":45913,"created_user":"SDE","created_date":"2024-11-12T16:15:31.000Z","last_edited_user":"SDE","last_edited_date":"2026-03-25T16:06:10.000Z","Shape__Area":386.12082903,"Shape__Length":87.32480472414014,"CommonName":null,"SourceGlobalID":"{3866A4B2-3A1E-4DCC-B093-2B4B65198B5E}","Comments":null,"UpdateStatus":"AUTO","UpdateSource":"PMBC"}},{"type":"Feature","geometry":{"type":"Polygon","coordinates":[[[-118.681336,49.083934],[-118.681761,49.083938],[-118.681758,49.084052],[-118.681342,49.084048],[-118.681336,49.083934]]]},"properties":{"GlobalID":"{D7D32A7F-47D7-4A33-A3FA-E1674B89D09F}","Name":"012683027","PlanID":"{862D28DB-7481-4CCF-A16E-91DB1FEE2D50}","PlanNumber":"KAP64","PIN":null,"PID":12683027,"Designation1":"Lot 4","Designation2":"Block L","Designation3":null,"ParcelStatus":"ACTIVE","RegionalDistrict":"0019","ParcelClass":"SUBDIVISION","SourceParcelID":null,"GeometrySource":"MODIFIED-ICF","IsRemainder":"NO","ParcelStartDate":null,"PositionalError":3.88677562,"LegalDescription":"LOT 4 BLOCK L DISTRICT LOT 601 SIMILKAMEEN DIVISION YALE DISTRICT PLAN 64","CaptureMethod":"UNKNOWN","OwnerType":"PRIVATE","Compiled":1,"CreatedDate":"2016-09-20T23:24:06.000Z","ModifiedDate":"2021-03-15T21:46:32.000Z","StatedArea":null,"ErrorReportedBy":"LSA","Municipality":"0046","OBJECTID":45914,"created_user":"SDE","created_date":"2024-11-12T16:15:31.000Z","last_edited_user":"SDE","last_edited_date":"2026-03-25T16:06:10.000Z","Shape__Area":386.74364009,"Shape__Length":86.60072411487495,"CommonName":null,"SourceGlobalID":"{FF209CB5-C8BC-4353-8C93-431778C2760B}","Comments":null,"UpdateStatus":"AUTO","UpdateSource":"PMBC"}},{"type":"Feature","geometry":{"type":"Polygon","coordinates":[[[-118.681281,49.082113],[-118.681055,49.082086],[-118.681053,49.082],[-118.681342,49.082037],[-118.681281,49.082113]]]},"properties":{"GlobalID":"{B03FC2D1-53D2-4F38-8BD8-ECBA159E7EBC}","Name":"012776785","PlanID":"{F21644BF-ED25-4569-85AC-B882D45FA2DF}","PlanNumber":"KAP8332B","PIN":null,"PID":12776785,"Designation1":"Lot 13","Designation2":"Block L","Designation3":null,"ParcelStatus":"ACTIVE","RegionalDistrict":"0019","ParcelClass":"SUBDIVISION","SourceParcelID":null,"GeometrySource":"MODIFIED-ICF","IsRemainder":"NO","ParcelStartDate":null,"PositionalError":null,"LegalDescription":"THAT PART OF LOT 13 BLOCK L OUTLINED RED ON PLAN B8332; DISTRICT LOT 879 SIMILKAMEEN DIVISION YALE DISTRICT PLAN 46","CaptureMethod":"UNKNOWN","OwnerType":"CROWN PROVINCIAL","Compiled":0,"CreatedDate":"2019-10-29T15:46:33.000Z","ModifiedDate":"2021-03-15T23:01:00.000Z","StatedArea":"164.8","ErrorReportedBy":null,"Municipality":"0046","OBJECTID":45915,"created_user":"SDE","created_date":"2024-11-12T16:15:31.000Z","last_edited_user":"SDE","last_edited_date":"2026-03-25T16:06:10.000Z","Shape__Area":178.73375117,"Shape__Length":57.582299045056224,"CommonName":null,"SourceGlobalID":"{65F830DA-FA31-421E-8464-7C9CA28ED403}","Comments":null,"UpdateStatus":"AUTO","UpdateSource":"PMBC"}},{"type":"Feature","geometry":{"type":"Polygon","coordinates":[[[-118.679668,49.082767],[-118.679658,49.082744],[-118.680063,49.082676],[-118.680129,49.08281],[-118.679668,49.082767]]]},"properties":{"GlobalID":"{FABE1CAA-A4D1-4DF3-8CC1-4754FA098DA0}","Name":"012777021","PlanID":"{01944463-4355-400C-971A-2CE0109524D2}","PlanNumber":"KAP46","PIN":null,"PID":12777021,"Designation1":"Lot 4","Designation2":"Block N","Designation3":null,"ParcelStatus":"ACTIVE","RegionalDistrict":"0019","ParcelClass":"SUBDIVISION","SourceParcelID":null,"GeometrySource":"MODIFIED-ICF","IsRemainder":"NO","ParcelStartDate":null,"PositionalError":3.67185,"LegalDescription":"LOT 4 BLOCK N DISTRICT LOT 879 SIMILKAMEEN DIVISION YALE DISTRICT PLAN 46","CaptureMethod":"UNKNOWN","OwnerType":"PRIVATE","Compiled":1,"CreatedDate":"2016-09-20T23:24:06.000Z","ModifiedDate":"2021-03-15T23:17:47.000Z","StatedArea":null,"ErrorReportedBy":"LSA","Municipality":"0046","OBJECTID":45916,"created_user":"SDE","created_date":"2024-11-12T16:15:31.000Z","last_edited_user":"SDE","last_edited_date":"2026-03-25T16:06:10.000Z","Shape__Area":278.98949358,"Shape__Length":82.80892968806884,"CommonName":null,"SourceGlobalID":"{FBE614DF-5221-4489-A443-7EAFC06C18B4}","Comments":null,"UpdateStatus":"AUTO","UpdateSource":"PMBC"}},{"type":"Feature","geometry":{"type":"Polygon","coordinates":[[[-118.68129,49.083471],[-118.681278,49.083552],[-118.680876,49.083503],[-118.680863,49.083418],[-118.68129,49.083471]]]},"properties":{"GlobalID":"{D3834632-7EA0-4E04-80D1-9B11CA80B9C8}","Name":"012775029","PlanID":"{01944463-4355-400C-971A-2CE0109524D2}","PlanNumber":"KAP46","PIN":null,"PID":12775029,"Designation1":"Lot 9","Designation2":"Block H","Designation3":null,"ParcelStatus":"ACTIVE","RegionalDistrict":"0019","ParcelClass":"SUBDIVISION","SourceParcelID":null,"GeometrySource":"MODIFIED-ICF","IsRemainder":"NO","ParcelStartDate":null,"PositionalError":4.24514818,"LegalDescription":"LOT 9 BLOCK H DISTRICT LOT 879 SIMILKAMEEN DIVISION YALE DISTRICT PLAN 46","CaptureMethod":"UNKNOWN","OwnerType":"CROWN PROVINCIAL","Compiled":1,"CreatedDate":"2021-03-15T23:44:47.000Z","ModifiedDate":"2021-03-15T23:45:45.000Z","StatedArea":null,"ErrorReportedBy":"LSA","Municipality":"0046","OBJECTID":45917,"created_user":"SDE","created_date":"2024-11-12T16:15:31.000Z","last_edited_user":"SDE","last_edited_date":"2026-03-25T16:06:10.000Z","Shape__Area":282.11314389,"Shape__Length":80.35870801065037,"CommonName":null,"SourceGlobalID":"{F9A4FD50-EEA7-435F-B669-DBED0794208F}","Comments":null,"UpdateStatus":"AUTO","UpdateSource":"PMBC"}},{"type":"Feature","geometry":{"type":"Polygon","coordinates":[[[-118.681354,49.084267],[-118.681352,49.084154],[-118.681756,49.084157],[-118.681754,49.084267],[-118.681354,49.084267]]]},"properties":{"GlobalID":"{7430E15D-94F1-48C6-8452-0A0F9546487B}","Name":"012683051","PlanID":"{862D28DB-7481-4CCF-A16E-91DB1FEE2D50}","PlanNumber":"KAP64","PIN":null,"PID":12683051,"Designation1":"Lot 6","Designation2":"Block L","Designation3":null,"ParcelStatus":"ACTIVE","RegionalDistrict":"0019","ParcelClass":"SUBDIVISION","SourceParcelID":null,"GeometrySource":"MODIFIED-ICF","IsRemainder":"NO","ParcelStartDate":null,"PositionalError":3.35313342,"LegalDescription":"LOT 6 BLOCK L DISTRICT LOT 601 SIMILKAMEEN DIVISION YALE DISTRICT PLAN 64","CaptureMethod":"UNKNOWN","OwnerType":"PRIVATE","Compiled":1,"CreatedDate":"2016-09-20T23:24:06.000Z","ModifiedDate":"2021-03-15T21:45:53.000Z","StatedArea":null,"ErrorReportedBy":"LSA","Municipality":"0046","OBJECTID":45918,"created_user":"SDE","created_date":"2024-11-12T16:15:31.000Z","last_edited_user":"SDE","last_edited_date":"2026-03-25T16:06:10.000Z","Shape__Area":364.28358106,"Shape__Length":83.5338072515633,"CommonName":null,"SourceGlobalID":"{C0ACA0A8-EE55-4682-BD04-0D3B0B933426}","Comments":null,"UpdateStatus":"AUTO","UpdateSource":"PMBC"}},{"type":"Feature","geometry":{"type":"Polygon","coordinates":[[[-118.679997,49.082528],[-118.679591,49.082589],[-118.679526,49.082436],[-118.679929,49.082379],[-118.679997,49.082528]]]},"properties":{"GlobalID":"{86A485E7-FF88-4016-A4EF-2DDA47DA301B}","Name":"017498252","PlanID":"{01944463-4355-400C-971A-2CE0109524D2}","PlanNumber":"KAP46","PIN":null,"PID":17498252,"Designation1":"Parcel A","Designation2":"Block N","Designation3":null,"ParcelStatus":"ACTIVE","RegionalDistrict":"0019","ParcelClass":"SUBDIVISION","SourceParcelID":null,"GeometrySource":"MODIFIED-ICF","IsRemainder":"NO","ParcelStartDate":null,"PositionalError":4.0218997,"LegalDescription":"PARCEL A (KE82585) BLOCK N DISTRICT LOT 879 SIMILKAMEEN DIVISION YALE DISTRICT PLAN 46","CaptureMethod":"UNKNOWN","OwnerType":"PRIVATE","Compiled":1,"CreatedDate":"2016-09-20T23:24:06.000Z","ModifiedDate":"2021-03-15T23:17:47.000Z","StatedArea":null,"ErrorReportedBy":"LSA","Municipality":"0046","OBJECTID":45919,"created_user":"SDE","created_date":"2024-11-12T16:15:31.000Z","last_edited_user":"SDE","last_edited_date":"2026-03-25T16:06:10.000Z","Shape__Area":528.43018247,"Shape__Length":95.52263048102652,"CommonName":null,"SourceGlobalID":"{26AFDEB7-6763-4BE6-8F3B-7D4803C289B6}","Comments":null,"UpdateStatus":"AUTO","UpdateSource":"PMBC"}},{"type":"Feature","geometry":{"type":"Polygon","coordinates":[[[-118.681076,49.082625],[-118.681066,49.082684],[-118.681064,49.082623],[-118.681076,49.082625]]]},"properties":{"GlobalID":"{C72F99C1-1742-496F-88FF-ECB793FDE32E}","Name":"012776653","PlanID":"{F21644BF-ED25-4569-85AC-B882D45FA2DF}","PlanNumber":"KAP8332B","PIN":null,"PID":12776653,"Designation1":"Lot 6","Designation2":"Block L","Designation3":null,"ParcelStatus":"ACTIVE","RegionalDistrict":"0019","ParcelClass":"SUBDIVISION","SourceParcelID":null,"GeometrySource":"MODIFIED-ICF","IsRemainder":"NO","ParcelStartDate":null,"PositionalError":4.4576259,"LegalDescription":"THAT PART OF LOT 6 BLOCK L OUTLINED RED ON PLAN B8332; DISTRICT LOT 879 SIMILKAMEEN DIVISION YALE DISTRICT PLAN 46","CaptureMethod":"UNKNOWN","OwnerType":"CROWN PROVINCIAL","Compiled":1,"CreatedDate":"2016-09-20T23:24:06.000Z","ModifiedDate":"2021-03-15T23:01:00.000Z","StatedArea":null,"ErrorReportedBy":"LSA","Municipality":"0046","OBJECTID":45920,"created_user":"SDE","created_date":"2024-11-12T16:15:31.000Z","last_edited_user":"SDE","last_edited_date":"2026-03-25T16:06:10.000Z","Shape__Area":2.948898675,"Shape__Length":14.337095696625491,"CommonName":null,"SourceGlobalID":"{4D30C2E6-7F16-4EEA-BAE9-A1E362EC0930}","Comments":null,"UpdateStatus":"AUTO","UpdateSource":"PMBC"}},{"type":"Feature","geometry":{"type":"Polygon","coordinates":[[[-118.681056,49.082177],[-118.681055,49.082086],[-118.681281,49.082113],[-118.681223,49.082196],[-118.681056,49.082177]]]},"properties":{"GlobalID":"{F07EE84A-D8FD-457B-8D91-D5FA8EE5CC29}","Name":"012776742","PlanID":"{F21644BF-ED25-4569-85AC-B882D45FA2DF}","PlanNumber":"KAP8332B","PIN":null,"PID":12776742,"Designation1":"Lot 12","Designation2":"Block L","Designation3":null,"ParcelStatus":"ACTIVE","RegionalDistrict":"0019","ParcelClass":"SUBDIVISION","SourceParcelID":null,"GeometrySource":"MODIFIED-ICF","IsRemainder":"NO","ParcelStartDate":null,"PositionalError":4.05665988,"LegalDescription":"THAT PART OF LOT 12 BLOCK L OUTLINED RED ON PLAN B8332; DISTRICT LOT 879 SIMILKAMEEN DIVISION YALE DISTRICT PLAN 46","CaptureMethod":"UNKNOWN","OwnerType":"CROWN PROVINCIAL","Compiled":1,"CreatedDate":"2016-09-20T23:24:06.000Z","ModifiedDate":"2021-03-15T23:01:00.000Z","StatedArea":null,"ErrorReportedBy":"LSA","Municipality":"0046","OBJECTID":45921,"created_user":"SDE","created_date":"2024-11-12T16:15:31.000Z","last_edited_user":"SDE","last_edited_date":"2026-03-25T16:06:10.000Z","Shape__Area":143.75730474,"Shape__Length":49.400583197080394,"CommonName":null,"SourceGlobalID":"{D235BC7B-8089-4CEB-A3F4-B59F50E8053A}","Comments":null,"UpdateStatus":"AUTO","UpdateSource":"PMBC"}},{"type":"Feature","geometry":{"type":"Polygon","coordinates":[[[-118.680965,49.082138],[-118.68097,49.082216],[-118.680894,49.082218],[-118.680943,49.082138],[-118.680965,49.082138]]]},"properties":{"GlobalID":"{BA76F6D5-6708-44E1-816D-C714542BA281}","Name":"012776858","PlanID":"{F21644BF-ED25-4569-85AC-B882D45FA2DF}","PlanNumber":"KAP8332B","PIN":null,"PID":12776858,"Designation1":"Lot 25","Designation2":"Block L","Designation3":null,"ParcelStatus":"ACTIVE","RegionalDistrict":"0019","ParcelClass":"SUBDIVISION","SourceParcelID":null,"GeometrySource":"MODIFIED-ICF","IsRemainder":"NO","ParcelStartDate":null,"PositionalError":4.51613071,"LegalDescription":"THAT PART OF LOT 25 BLOCK L OUTLINED RED ON PLAN B8332; DISTRICT LOT 879 SIMILKAMEEN DIVISION YALE DISTRICT PLAN 46","CaptureMethod":"UNKNOWN","OwnerType":"CROWN PROVINCIAL","Compiled":1,"CreatedDate":"2016-09-20T23:24:06.000Z","ModifiedDate":"2021-03-15T23:11:37.000Z","StatedArea":null,"ErrorReportedBy":"LSA","Municipality":"0046","OBJECTID":45922,"created_user":"SDE","created_date":"2024-11-12T16:15:31.000Z","last_edited_user":"SDE","last_edited_date":"2026-03-25T16:06:10.000Z","Shape__Area":31.21928357,"Shape__Length":25.426779216636252,"CommonName":null,"SourceGlobalID":"{50218498-CB03-4495-A218-7859ED47F48C}","Comments":null,"UpdateStatus":"AUTO","UpdateSource":"PMBC"}},{"type":"Feature","geometry":{"type":"Polygon","coordinates":[[[-118.681416,49.081955],[-118.681097,49.081918],[-118.68117,49.081855],[-118.681333,49.08186],[-118.681498,49.081865],[-118.681416,49.081955]]]},"properties":{"GlobalID":"{21BC80D6-3204-41E4-8E4D-F9A0F5A4C326}","Name":"012776815","PlanID":"{F21644BF-ED25-4569-85AC-B882D45FA2DF}","PlanNumber":"KAP8332B","PIN":null,"PID":12776815,"Designation1":"Lot 15","Designation2":"Block L","Designation3":null,"ParcelStatus":"ACTIVE","RegionalDistrict":"0019","ParcelClass":"SUBDIVISION","SourceParcelID":null,"GeometrySource":"MODIFIED-ICF","IsRemainder":"NO","ParcelStartDate":null,"PositionalError":null,"LegalDescription":"THAT PART OF LOT 15 BLOCK L OUTLINED RED ON PLAN B8332; DISTRICT LOT 879 SIMILKAMEEN DIVISION YALE DISTRICT PLAN 46","CaptureMethod":"UNKNOWN","OwnerType":"CROWN PROVINCIAL","Compiled":0,"CreatedDate":"2019-10-29T15:54:03.000Z","ModifiedDate":"2021-03-15T23:01:00.000Z","StatedArea":"198.3","ErrorReportedBy":null,"Municipality":"0046","OBJECTID":45923,"created_user":"SDE","created_date":"2024-11-12T16:15:31.000Z","last_edited_user":"SDE","last_edited_date":"2026-03-25T16:06:10.000Z","Shape__Area":215.849067735,"Shape__Length":68.0548552084459,"CommonName":null,"SourceGlobalID":"{AF1F10C8-CF8A-4410-9E21-3A75F40F001B}","Comments":null,"UpdateStatus":"AUTO","UpdateSource":"PMBC"}},{"type":"Feature","geometry":{"type":"Polygon","coordinates":[[[-118.680609,49.084407],[-118.680657,49.084351],[-118.680722,49.084354],[-118.680941,49.084364],[-118.681017,49.084367],[-118.680997,49.084452],[-118.680609,49.084407]]]},"properties":{"GlobalID":"{FA799734-5F1D-48DC-9EEB-1F0C8CD64A8B}","Name":"002088088","PlanID":"{862D28DB-7481-4CCF-A16E-91DB1FEE2D50}","PlanNumber":"KAP64","PIN":null,"PID":2088088,"Designation1":"Lot 1","Designation2":"Block G","Designation3":null,"ParcelStatus":"ACTIVE","RegionalDistrict":"0019","ParcelClass":"SUBDIVISION","SourceParcelID":null,"GeometrySource":"MODIFIED-ICF","IsRemainder":"NO","ParcelStartDate":null,"PositionalError":3.01556801,"LegalDescription":"LOT 1 BLOCK G DISTRICT LOT 601 SIMILKAMEEN DIVISION YALE DISTRICT PLAN 64","CaptureMethod":"UNKNOWN","OwnerType":"PRIVATE","Compiled":1,"CreatedDate":"2016-09-20T23:24:06.000Z","ModifiedDate":"2021-03-15T21:28:37.000Z","StatedArea":null,"ErrorReportedBy":"LSA","Municipality":"0046","OBJECTID":45924,"created_user":"SDE","created_date":"2024-11-12T16:15:31.000Z","last_edited_user":"SDE","last_edited_date":"2026-03-25T16:06:10.000Z","Shape__Area":221.64191926,"Shape__Length":71.76936259086168,"CommonName":null,"SourceGlobalID":"{F5F3E40F-F10C-4963-87FB-9A0A646A76E0}","Comments":null,"UpdateStatus":"AUTO","UpdateSource":"PMBC"}},{"type":"Feature","geometry":{"type":"Polygon","coordinates":[[[-118.680827,49.083323],[-118.681302,49.083389],[-118.68129,49.083471],[-118.680863,49.083418],[-118.680827,49.083323]]]},"properties":{"GlobalID":"{3D0B42ED-3EED-46FF-833D-C61944F8A4B0}","Name":"012775045","PlanID":"{01944463-4355-400C-971A-2CE0109524D2}","PlanNumber":"KAP46","PIN":null,"PID":12775045,"Designation1":"Lot 10","Designation2":"Block H","Designation3":null,"ParcelStatus":"ACTIVE","RegionalDistrict":"0019","ParcelClass":"SUBDIVISION","SourceParcelID":null,"GeometrySource":"MODIFIED-ICF","IsRemainder":"NO","ParcelStartDate":null,"PositionalError":4.34110586,"LegalDescription":"LOT 10 BLOCK H DISTRICT LOT 879 SIMILKAMEEN DIVISION YALE DISTRICT PLAN 46","CaptureMethod":"UNKNOWN","OwnerType":"CROWN PROVINCIAL","Compiled":1,"CreatedDate":"2021-03-15T23:44:47.000Z","ModifiedDate":"2021-03-15T23:45:51.000Z","StatedArea":null,"ErrorReportedBy":"LSA","Municipality":"0046","OBJECTID":45925,"created_user":"SDE","created_date":"2024-11-12T16:15:31.000Z","last_edited_user":"SDE","last_edited_date":"2026-03-25T16:06:10.000Z","Shape__Area":318.48851171,"Shape__Length":87.25238586332782,"CommonName":null,"SourceGlobalID":"{481A3E8D-822F-46BF-A626-7A341397E222}","Comments":null,"UpdateStatus":"AUTO","UpdateSource":"PMBC"}},{"type":"Feature","geometry":{"type":"Polygon","coordinates":[[[-118.681062,49.082533],[-118.68106,49.082441],[-118.681111,49.082448],[-118.681085,49.082536],[-118.681062,49.082533]]]},"properties":{"GlobalID":"{EAC4DFC0-BE98-4E16-B360-4FF6F20045E4}","Name":"012776688","PlanID":"{F21644BF-ED25-4569-85AC-B882D45FA2DF}","PlanNumber":"KAP8332B","PIN":null,"PID":12776688,"Designation1":"Lot 8","Designation2":"Block L","Designation3":null,"ParcelStatus":"ACTIVE","RegionalDistrict":"0019","ParcelClass":"SUBDIVISION","SourceParcelID":null,"GeometrySource":"MODIFIED-ICF","IsRemainder":"NO","ParcelStartDate":null,"PositionalError":4.32274661,"LegalDescription":"THAT PART OF LOT 8 BLOCK L OUTLINED RED ON PLAN B8332; DISTRICT LOT 879 SIMILKAMEEN DIVISION YALE DISTRICT PLAN 46","CaptureMethod":"UNKNOWN","OwnerType":"CROWN PROVINCIAL","Compiled":0,"CreatedDate":"2019-10-29T15:37:59.000Z","ModifiedDate":"2021-03-15T23:01:00.000Z","StatedArea":"25.30","ErrorReportedBy":"LSA","Municipality":"0046","OBJECTID":45926,"created_user":"SDE","created_date":"2024-11-12T16:15:31.000Z","last_edited_user":"SDE","last_edited_date":"2026-03-25T16:06:10.000Z","Shape__Area":27.00526092,"Shape__Length":25.55543949087213,"CommonName":null,"SourceGlobalID":"{3F8EA8AD-3944-4FAA-A65D-C28A2CE1D255}","Comments":null,"UpdateStatus":"AUTO","UpdateSource":"PMBC"}},{"type":"Feature","geometry":{"type":"Polygon","coordinates":[[[-118.681758,49.084052],[-118.681756,49.084157],[-118.681352,49.084154],[-118.681342,49.084048],[-118.681758,49.084052]]]},"properties":{"GlobalID":"{0D1DF6F8-76E2-4705-94B6-DB471C13FA10}","Name":"012683043","PlanID":"{862D28DB-7481-4CCF-A16E-91DB1FEE2D50}","PlanNumber":"KAP64","PIN":null,"PID":12683043,"Designation1":"Lot 5","Designation2":"Block L","Designation3":null,"ParcelStatus":"ACTIVE","RegionalDistrict":"0019","ParcelClass":"SUBDIVISION","SourceParcelID":null,"GeometrySource":"MODIFIED-ICF","IsRemainder":"NO","ParcelStartDate":null,"PositionalError":3.65104285,"LegalDescription":"LOT 5 BLOCK L DISTRICT LOT 601 SIMILKAMEEN DIVISION YALE DISTRICT PLAN 64","CaptureMethod":"UNKNOWN","OwnerType":"PRIVATE","Compiled":1,"CreatedDate":"2016-09-20T23:24:06.000Z","ModifiedDate":"2021-03-15T21:45:57.000Z","StatedArea":null,"ErrorReportedBy":"LSA","Municipality":"0046","OBJECTID":45927,"created_user":"SDE","created_date":"2024-11-12T16:15:31.000Z","last_edited_user":"SDE","last_edited_date":"2026-03-25T16:06:10.000Z","Shape__Area":351.849830605,"Shape__Length":83.40432942279061,"CommonName":null,"SourceGlobalID":"{F9AE048E-5AB0-4BBF-9F4F-7D43D69818FB}","Comments":null,"UpdateStatus":"AUTO","UpdateSource":"PMBC"}},{"type":"Feature","geometry":{"type":"Polygon","coordinates":[[[-118.681059,49.082357],[-118.681139,49.082366],[-118.681111,49.082448],[-118.68106,49.082441],[-118.681059,49.082357]]]},"properties":{"GlobalID":"{7DFC7305-6BF9-41BF-8A4E-87B50F576B3B}","Name":"012776696","PlanID":"{F21644BF-ED25-4569-85AC-B882D45FA2DF}","PlanNumber":"KAP8332B","PIN":null,"PID":12776696,"Designation1":"Lot 9","Designation2":"Block L","Designation3":null,"ParcelStatus":"ACTIVE","RegionalDistrict":"0019","ParcelClass":"SUBDIVISION","SourceParcelID":null,"GeometrySource":"MODIFIED-ICF","IsRemainder":"NO","ParcelStartDate":null,"PositionalError":4.24612734,"LegalDescription":"THAT PART OF LOT 9 BLOCK L OUTLINED RED ON PLAN B8332; DISTRICT LOT 879 SIMILKAMEEN DIVISION YALE DISTRICT PLAN 46","CaptureMethod":"UNKNOWN","OwnerType":"CROWN PROVINCIAL","Compiled":1,"CreatedDate":"2016-09-20T23:24:06.000Z","ModifiedDate":"2021-03-15T23:01:00.000Z","StatedArea":null,"ErrorReportedBy":"LSA","Municipality":"0046","OBJECTID":45928,"created_user":"SDE","created_date":"2024-11-12T16:15:31.000Z","last_edited_user":"SDE","last_edited_date":"2026-03-25T16:06:10.000Z","Shape__Area":44.959882375,"Shape__Length":28.439559771335368,"CommonName":null,"SourceGlobalID":"{2685124F-4E62-46B1-ADDB-32C2FE724347}","Comments":null,"UpdateStatus":"AUTO","UpdateSource":"PMBC"}},{"type":"Feature","geometry":{"type":"Polygon","coordinates":[[[-118.68097,49.082216],[-118.680973,49.082257],[-118.680874,49.082269],[-118.680894,49.082218],[-118.68097,49.082216]]]},"properties":{"GlobalID":"{484240E8-3C10-4552-B584-66A61E43CF02}","Name":"012776874","PlanID":"{F21644BF-ED25-4569-85AC-B882D45FA2DF}","PlanNumber":"KAP8332B","PIN":null,"PID":12776874,"Designation1":"Lot 26","Designation2":"Block L","Designation3":null,"ParcelStatus":"ACTIVE","RegionalDistrict":"0019","ParcelClass":"SUBDIVISION","SourceParcelID":null,"GeometrySource":"MODIFIED-ICF","IsRemainder":"NO","ParcelStartDate":null,"PositionalError":4.56680224,"LegalDescription":"THAT PART OF LOT 26 BLOCK L OUTLINED RED ON PLAN B8332; DISTRICT LOT 879 SIMILKAMEEN DIVISION YALE DISTRICT PLAN 46","CaptureMethod":"UNKNOWN","OwnerType":"CROWN PROVINCIAL","Compiled":1,"CreatedDate":"2016-09-20T23:24:06.000Z","ModifiedDate":"2021-03-15T23:11:37.000Z","StatedArea":null,"ErrorReportedBy":"LSA","Municipality":"0046","OBJECTID":45929,"created_user":"SDE","created_date":"2024-11-12T16:15:31.000Z","last_edited_user":"SDE","last_edited_date":"2026-03-25T16:06:10.000Z","Shape__Area":32.171084975,"Shape__Length":23.33667831653494,"CommonName":null,"SourceGlobalID":"{0C6C62DB-AB38-4008-AD5D-08052057EAD4}","Comments":null,"UpdateStatus":"AUTO","UpdateSource":"PMBC"}},{"type":"Feature","geometry":{"type":"Polygon","coordinates":[[[-118.67919,49.082908],[-118.679607,49.08293],[-118.679598,49.083022],[-118.679183,49.082995],[-118.67919,49.082908]]]},"properties":{"GlobalID":"{4FFC4B44-7E1B-487E-B31B-1E962AA26A76}","Name":"012770027","PlanID":"{01944463-4355-400C-971A-2CE0109524D2}","PlanNumber":"KAP46","PIN":90053486,"PID":12770027,"Designation1":"Lot 25","Designation2":"Block N","Designation3":null,"ParcelStatus":"ACTIVE","RegionalDistrict":"0019","ParcelClass":"SUBDIVISION","SourceParcelID":null,"GeometrySource":"ICF","IsRemainder":"NO","ParcelStartDate":null,"PositionalError":3.07089055,"LegalDescription":"LOT 25 BLOCK N DISTRICT LOT 879 SIMILKAMEEN DIVISION YALE DISTRICT PLAN 46","CaptureMethod":"UNKNOWN","OwnerType":"CROWN PROVINCIAL","Compiled":1,"CreatedDate":"2016-09-20T23:24:06.000Z","ModifiedDate":"2021-03-15T23:18:43.000Z","StatedArea":null,"ErrorReportedBy":"LSA","Municipality":"0046","OBJECTID":45930,"created_user":"SDE","created_date":"2024-11-12T16:15:31.000Z","last_edited_user":"SDE","last_edited_date":"2026-03-25T16:06:10.000Z","Shape__Area":304.621495165,"Shape__Length":80.99263940374345,"CommonName":null,"SourceGlobalID":"{9D5FC576-9E47-4929-85B9-DE193F4E74D5}","Comments":null,"UpdateStatus":"AUTO","UpdateSource":"PMBC"}},{"type":"Feature","geometry":{"type":"Polygon","coordinates":[[[-118.681769,49.083599],[-118.681766,49.083718],[-118.681325,49.083711],[-118.681311,49.083637],[-118.681769,49.083599]]]},"properties":{"GlobalID":"{7B63C894-3C95-4CF8-8DDE-9EA4852363B1}","Name":"012682977","PlanID":"{862D28DB-7481-4CCF-A16E-91DB1FEE2D50}","PlanNumber":"KAP64","PIN":null,"PID":12682977,"Designation1":"Lot 1","Designation2":"Block L","Designation3":null,"ParcelStatus":"ACTIVE","RegionalDistrict":"0019","ParcelClass":"SUBDIVISION","SourceParcelID":null,"GeometrySource":"MODIFIED-ICF","IsRemainder":"NO","ParcelStartDate":null,"PositionalError":3.33599812,"LegalDescription":"LOT 1 BLOCK L DISTRICT LOT 601 SIMILKAMEEN DIVISION YALE DISTRICT PLAN 64","CaptureMethod":"UNKNOWN","OwnerType":"PRIVATE","Compiled":1,"CreatedDate":"2016-09-20T23:24:06.000Z","ModifiedDate":"2021-03-15T21:45:33.000Z","StatedArea":null,"ErrorReportedBy":"LSA","Municipality":"0046","OBJECTID":45931,"created_user":"SDE","created_date":"2024-11-12T16:15:31.000Z","last_edited_user":"SDE","last_edited_date":"2026-03-25T16:06:10.000Z","Shape__Area":352.4239218,"Shape__Length":87.47884159729159,"CommonName":null,"SourceGlobalID":"{EEB0EF34-81FC-4206-9103-506696C9F616}","Comments":null,"UpdateStatus":"AUTO","UpdateSource":"PMBC"}},{"type":"Feature","geometry":{"type":"Polygon","coordinates":[[[-118.680926,49.083847],[-118.681229,49.08388],[-118.681217,49.083962],[-118.680916,49.08393],[-118.680926,49.083847]]]},"properties":{"GlobalID":"{FDFEB8F7-0470-4963-BD31-890BF1E5BA01}","Name":"012774936","PlanID":"{01944463-4355-400C-971A-2CE0109524D2}","PlanNumber":"KAP46","PIN":null,"PID":12774936,"Designation1":"Lot 4","Designation2":"Block H","Designation3":null,"ParcelStatus":"ACTIVE","RegionalDistrict":"0019","ParcelClass":"SUBDIVISION","SourceParcelID":null,"GeometrySource":"MODIFIED-ICF","IsRemainder":"NO","ParcelStartDate":null,"PositionalError":2.98080783,"LegalDescription":"LOT 4 BLOCK H DISTRICT LOT 879 SIMILKAMEEN DIVISION YALE DISTRICT PLAN 46","CaptureMethod":"UNKNOWN","OwnerType":"CROWN PROVINCIAL","Compiled":1,"CreatedDate":"2021-03-15T23:44:47.000Z","ModifiedDate":"2021-03-15T23:45:15.000Z","StatedArea":null,"ErrorReportedBy":"LSA","Municipality":"0046","OBJECTID":45932,"created_user":"SDE","created_date":"2024-11-12T16:15:31.000Z","last_edited_user":"SDE","last_edited_date":"2026-03-25T16:06:10.000Z","Shape__Area":204.390187115,"Shape__Length":62.99521213243618,"CommonName":null,"SourceGlobalID":"{BAF96984-B875-46E0-980E-3DC58C217964}","Comments":null,"UpdateStatus":"AUTO","UpdateSource":"PMBC"}},{"type":"Feature","geometry":{"type":"Polygon","coordinates":[[[-118.678825,49.084871],[-118.678834,49.084803],[-118.678843,49.084729],[-118.679234,49.08475],[-118.679221,49.084822],[-118.679209,49.08489],[-118.679197,49.084957],[-118.679185,49.085023],[-118.678809,49.085002],[-118.678817,49.084939],[-118.678825,49.084871]]]},"properties":{"GlobalID":"{46C4FF5C-857C-4549-9124-18197B12C4D0}","Name":"018598358","PlanID":"{DA861290-8AD8-41B3-B9CF-26B2AFF17C59}","PlanNumber":"KAP57","PIN":null,"PID":18598358,"Designation1":"Parcel B","Designation2":"Block 1","Designation3":null,"ParcelStatus":"ACTIVE","RegionalDistrict":"0019","ParcelClass":"SUBDIVISION","SourceParcelID":null,"GeometrySource":"PMBC-COMPILATION","IsRemainder":"NO","ParcelStartDate":null,"PositionalError":3.60771502,"LegalDescription":"PARCEL B (KH10588) BLOCK 1 DISTRICT LOT 601 SIMILKAMEEN DIVISION YALE DISTRICT PLAN 57","CaptureMethod":"UNKNOWN","OwnerType":"PRIVATE","Compiled":0,"CreatedDate":"2016-09-20T23:24:06.000Z","ModifiedDate":"2021-03-15T20:37:02.000Z","StatedArea":null,"ErrorReportedBy":"LSA","Municipality":"0046","OBJECTID":45933,"created_user":"SDE","created_date":"2024-11-12T16:15:31.000Z","last_edited_user":"SDE","last_edited_date":"2026-03-25T16:06:10.000Z","Shape__Area":855.66580941,"Shape__Length":117.12055684766034,"CommonName":null,"SourceGlobalID":"{408385C1-6A33-4EF1-8A22-0B371494AF26}","Comments":null,"UpdateStatus":"AUTO","UpdateSource":"PMBC"}},{"type":"Feature","geometry":{"type":"Polygon","coordinates":[[[-118.682351,49.083548],[-118.682347,49.083731],[-118.68193,49.08372],[-118.681934,49.083585],[-118.682351,49.083548]]]},"properties":{"GlobalID":"{A4CBB598-CF25-4173-AF93-6EF76A9524BA}","Name":"012683191","PlanID":"{862D28DB-7481-4CCF-A16E-91DB1FEE2D50}","PlanNumber":"KAP64","PIN":null,"PID":12683191,"Designation1":"Lot 1","Designation2":"Block M","Designation3":null,"ParcelStatus":"ACTIVE","RegionalDistrict":"0019","ParcelClass":"SUBDIVISION","SourceParcelID":null,"GeometrySource":"MODIFIED-ICF","IsRemainder":"NO","ParcelStartDate":null,"PositionalError":3.56291845,"LegalDescription":"LOT 1 BLOCK M DISTRICT LOT 601 SIMILKAMEEN DIVISION YALE DISTRICT PLAN 64","CaptureMethod":"UNKNOWN","OwnerType":"PRIVATE","Compiled":1,"CreatedDate":"2016-09-20T23:24:06.000Z","ModifiedDate":"2021-03-15T21:43:09.000Z","StatedArea":null,"ErrorReportedBy":"LSA","Municipality":"0046","OBJECTID":45934,"created_user":"SDE","created_date":"2024-11-12T16:15:31.000Z","last_edited_user":"SDE","last_edited_date":"2026-03-25T16:06:10.000Z","Shape__Area":537.076113815,"Shape__Length":96.51315566135041,"CommonName":null,"SourceGlobalID":"{C9682FF4-970F-49BE-82AA-FEDB9E2245F3}","Comments":null,"UpdateStatus":"AUTO","UpdateSource":"PMBC"}},{"type":"Feature","geometry":{"type":"Polygon","coordinates":[[[-118.680808,49.083236],[-118.681315,49.083307],[-118.681302,49.083389],[-118.680827,49.083323],[-118.680808,49.083236]]]},"properties":{"GlobalID":"{455A2D5D-BFA5-4740-806A-46AEB17BFD97}","Name":"012775053","PlanID":"{01944463-4355-400C-971A-2CE0109524D2}","PlanNumber":"KAP46","PIN":null,"PID":12775053,"Designation1":"Lot 11","Designation2":"Block H","Designation3":null,"ParcelStatus":"ACTIVE","RegionalDistrict":"0019","ParcelClass":"SUBDIVISION","SourceParcelID":null,"GeometrySource":"MODIFIED-ICF","IsRemainder":"NO","ParcelStartDate":null,"PositionalError":4.46374565,"LegalDescription":"LOT 11 BLOCK H DISTRICT LOT 879 SIMILKAMEEN DIVISION YALE DISTRICT PLAN 46","CaptureMethod":"UNKNOWN","OwnerType":"CROWN PROVINCIAL","Compiled":1,"CreatedDate":"2021-03-15T23:44:47.000Z","ModifiedDate":"2021-03-15T23:45:58.000Z","StatedArea":null,"ErrorReportedBy":"LSA","Municipality":"0046","OBJECTID":45935,"created_user":"SDE","created_date":"2024-11-12T16:15:31.000Z","last_edited_user":"SDE","last_edited_date":"2026-03-25T16:06:10.000Z","Shape__Area":334.192006315,"Shape__Length":92.20009410908702,"CommonName":null,"SourceGlobalID":"{4C4D9BFE-D812-4F7C-B6B6-E9274B6D0B5C}","Comments":null,"UpdateStatus":"AUTO","UpdateSource":"PMBC"}},{"type":"Feature","geometry":{"type":"Polygon","coordinates":[[[-118.681056,49.082177],[-118.681223,49.082196],[-118.681177,49.082279],[-118.681058,49.082263],[-118.681056,49.082177]]]},"properties":{"GlobalID":"{D1B5EDEB-C83D-4A1C-8E64-2B355364346C}","Name":"012776726","PlanID":"{F21644BF-ED25-4569-85AC-B882D45FA2DF}","PlanNumber":"KAP8332B","PIN":null,"PID":12776726,"Designation1":"Lot 11","Designation2":"Block L","Designation3":null,"ParcelStatus":"ACTIVE","RegionalDistrict":"0019","ParcelClass":"SUBDIVISION","SourceParcelID":null,"GeometrySource":"MODIFIED-ICF","IsRemainder":"NO","ParcelStartDate":null,"PositionalError":4.1296073,"LegalDescription":"THAT PART OF LOT 11 BLOCK L OUTLINED RED ON PLAN B8332; DISTRICT LOT 879 SIMILKAMEEN DIVISION YALE DISTRICT PLAN 46","CaptureMethod":"UNKNOWN","OwnerType":"CROWN PROVINCIAL","Compiled":1,"CreatedDate":"2016-09-20T23:24:06.000Z","ModifiedDate":"2021-03-15T23:01:00.000Z","StatedArea":null,"ErrorReportedBy":"LSA","Municipality":"0046","OBJECTID":45936,"created_user":"SDE","created_date":"2024-11-12T16:15:31.000Z","last_edited_user":"SDE","last_edited_date":"2026-03-25T16:06:10.000Z","Shape__Area":101.90831563,"Shape__Length":40.76125488608963,"CommonName":null,"SourceGlobalID":"{AA25FAC7-675C-490F-8AB9-6616374F077A}","Comments":null,"UpdateStatus":"AUTO","UpdateSource":"PMBC"}},{"type":"Feature","geometry":{"type":"Polygon","coordinates":[[[-118.680923,49.083585],[-118.681266,49.083634],[-118.681253,49.083716],[-118.680923,49.083672],[-118.680923,49.083585]]]},"properties":{"GlobalID":"{9218C1DA-A21B-4C97-B95B-FD6B44B46BC5}","Name":"012774987","PlanID":"{01944463-4355-400C-971A-2CE0109524D2}","PlanNumber":"KAP46","PIN":null,"PID":12774987,"Designation1":"Lot 7","Designation2":"Block H","Designation3":null,"ParcelStatus":"ACTIVE","RegionalDistrict":"0019","ParcelClass":"SUBDIVISION","SourceParcelID":null,"GeometrySource":"MODIFIED-ICF","IsRemainder":"NO","ParcelStartDate":null,"PositionalError":3.79522416,"LegalDescription":"LOT 7 BLOCK H DISTRICT LOT 879 SIMILKAMEEN DIVISION YALE DISTRICT PLAN 46","CaptureMethod":"UNKNOWN","OwnerType":"CROWN PROVINCIAL","Compiled":1,"CreatedDate":"2021-03-15T23:44:47.000Z","ModifiedDate":"2021-03-15T23:45:32.000Z","StatedArea":null,"ErrorReportedBy":"LSA","Municipality":"0046","OBJECTID":45937,"created_user":"SDE","created_date":"2024-11-12T16:15:31.000Z","last_edited_user":"SDE","last_edited_date":"2026-03-25T16:06:10.000Z","Shape__Area":232.884073195,"Shape__Length":69.05030822312749,"CommonName":null,"SourceGlobalID":"{AE70A213-0FF7-4909-BBEF-12260ACE0377}","Comments":null,"UpdateStatus":"AUTO","UpdateSource":"PMBC"}},{"type":"Feature","geometry":{"type":"Polygon","coordinates":[[[-118.681332,49.083823],[-118.681325,49.083711],[-118.681766,49.083718],[-118.681765,49.083828],[-118.681332,49.083823]]]},"properties":{"GlobalID":"{7BE116BE-917E-4704-A3B0-AC2C5F4A2075}","Name":"012682993","PlanID":"{862D28DB-7481-4CCF-A16E-91DB1FEE2D50}","PlanNumber":"KAP64","PIN":null,"PID":12682993,"Designation1":"Lot 2","Designation2":"Block L","Designation3":null,"ParcelStatus":"ACTIVE","RegionalDistrict":"0019","ParcelClass":"SUBDIVISION","SourceParcelID":null,"GeometrySource":"MODIFIED-ICF","IsRemainder":"NO","ParcelStartDate":null,"PositionalError":3.4588827,"LegalDescription":"LOT 2 BLOCK L DISTRICT LOT 601 SIMILKAMEEN DIVISION YALE DISTRICT PLAN 64","CaptureMethod":"UNKNOWN","OwnerType":"PRIVATE","Compiled":1,"CreatedDate":"2016-09-20T23:24:06.000Z","ModifiedDate":"2021-03-15T21:46:32.000Z","StatedArea":null,"ErrorReportedBy":"LSA","Municipality":"0046","OBJECTID":45938,"created_user":"SDE","created_date":"2024-11-12T16:15:31.000Z","last_edited_user":"SDE","last_edited_date":"2026-03-25T16:06:10.000Z","Shape__Area":394.3230789,"Shape__Length":88.61721215581436,"CommonName":null,"SourceGlobalID":"{16FC7923-0E73-47D0-A6F0-93777B5F7B37}","Comments":null,"UpdateStatus":"AUTO","UpdateSource":"PMBC"}},{"type":"Feature","geometry":{"type":"Polygon","coordinates":[[[-118.681347,49.083089],[-118.681335,49.08317],[-118.681138,49.083158],[-118.681125,49.083068],[-118.681347,49.083089]]]},"properties":{"GlobalID":"{A82404BA-CA4F-4744-8A64-8FC007C7B8E8}","Name":"012775118","PlanID":"{01944463-4355-400C-971A-2CE0109524D2}","PlanNumber":"KAP46","PIN":36536351,"PID":12775118,"Designation1":"Lot 1","Designation2":"Block L","Designation3":null,"ParcelStatus":"ACTIVE","RegionalDistrict":"0019","ParcelClass":"SUBDIVISION","SourceParcelID":null,"GeometrySource":"MODIFIED-ICF","IsRemainder":"NO","ParcelStartDate":null,"PositionalError":4.46643834,"LegalDescription":"LOT 1 BLOCK L DISTRICT LOT 879 SIMILKAMEEN DIVISION YALE DISTRICT PLAN 46","CaptureMethod":"UNKNOWN","OwnerType":"CROWN PROVINCIAL","Compiled":1,"CreatedDate":"2021-03-15T23:05:09.000Z","ModifiedDate":"2021-03-15T23:05:18.000Z","StatedArea":null,"ErrorReportedBy":"LSA","Municipality":"0046","OBJECTID":45939,"created_user":"SDE","created_date":"2024-11-12T16:15:31.000Z","last_edited_user":"SDE","last_edited_date":"2026-03-25T16:06:10.000Z","Shape__Area":145.739044835,"Shape__Length":49.97183671069383,"CommonName":null,"SourceGlobalID":"{5F18D4FE-745E-466F-939E-3E45A428A5F6}","Comments":null,"UpdateStatus":"AUTO","UpdateSource":"PMBC"}},{"type":"Feature","geometry":{"type":"Polygon","coordinates":[[[-118.441936,49.031194],[-118.442012,49.031174],[-118.442422,49.031065],[-118.442523,49.03123],[-118.442037,49.031359],[-118.441936,49.031194]]]},"properties":{"GlobalID":"{5A8891ED-46AB-4105-843B-19A32EBB08CB}","Name":"027761541","PlanID":"{874CFA62-1B67-4CC8-B310-5B6F7D6EDD76}","PlanNumber":"KAP88067","PIN":null,"PID":27761541,"Designation1":"Lot 1","Designation2":null,"Designation3":null,"ParcelStatus":"ACTIVE","RegionalDistrict":"0019","ParcelClass":"SUBDIVISION","SourceParcelID":"21000195100","GeometrySource":"ICF","IsRemainder":"NO","ParcelStartDate":"2008-12-11T08:00:00.000Z","PositionalError":0.00109473,"LegalDescription":"LOT 1 DISTRICT LOT 108 SIMILKAMEEN DIVISION YALE DISTRICT PLAN KAP88067","CaptureMethod":"COGO IN SOURCE","OwnerType":"PRIVATE","Compiled":1,"CreatedDate":"2016-09-20T23:24:06.000Z","ModifiedDate":"2025-07-30T23:04:57.000Z","StatedArea":null,"ErrorReportedBy":"PMBC-OPERATIONS","Municipality":"0044","OBJECTID":45940,"created_user":"SDE","created_date":"2024-11-12T16:15:31.000Z","last_edited_user":"SDE","last_edited_date":"2026-03-25T16:06:10.000Z","Shape__Area":759.741760625,"Shape__Length":116.30642088012395,"CommonName":null,"SourceGlobalID":"{FA2BA9BF-6D34-4E97-B118-7464F65EDAA5}","Comments":null,"UpdateStatus":"AUTO","UpdateSource":"PMBC"}},{"type":"Feature","geometry":{"type":"Polygon","coordinates":[[[-118.442304,49.030872],[-118.441817,49.031],[-118.441663,49.030749],[-118.44215,49.03062],[-118.442304,49.030872]]]},"properties":{"GlobalID":"{1C17F693-2C71-4143-BFFC-0C2A287E345C}","Name":"027761576","PlanID":"{874CFA62-1B67-4CC8-B310-5B6F7D6EDD76}","PlanNumber":"KAP88067","PIN":null,"PID":27761576,"Designation1":"Lot 3","Designation2":null,"Designation3":null,"ParcelStatus":"ACTIVE","RegionalDistrict":"0019","ParcelClass":"SUBDIVISION","SourceParcelID":"21000195300","GeometrySource":"ICF","IsRemainder":"NO","ParcelStartDate":"2008-12-11T08:00:00.000Z","PositionalError":0.00100929,"LegalDescription":"LOT 3 DISTRICT LOT 108 SIMILKAMEEN DIVISION YALE DISTRICT PLAN KAP88067","CaptureMethod":"COGO IN SOURCE","OwnerType":"PRIVATE","Compiled":1,"CreatedDate":"2016-09-20T23:24:06.000Z","ModifiedDate":"2021-03-18T18:49:31.000Z","StatedArea":null,"ErrorReportedBy":"PMBC-OPERATIONS","Municipality":"0044","OBJECTID":45941,"created_user":"SDE","created_date":"2024-11-12T16:15:31.000Z","last_edited_user":"SDE","last_edited_date":"2026-03-25T16:06:10.000Z","Shape__Area":1158.70959299,"Shape__Length":137.13651227115392,"CommonName":null,"SourceGlobalID":"{F487D011-6EAE-41B1-ABA4-B6032BE686CD}","Comments":null,"UpdateStatus":"AUTO","UpdateSource":"PMBC"}},{"type":"Feature","geometry":{"type":"Polygon","coordinates":[[[-118.441817,49.031],[-118.442304,49.030872],[-118.442422,49.031065],[-118.442012,49.031174],[-118.441936,49.031194],[-118.44192,49.031169],[-118.441817,49.031]]]},"properties":{"GlobalID":"{C84DE560-AB37-4C18-B65D-44CE6628311C}","Name":"027761550","PlanID":"{874CFA62-1B67-4CC8-B310-5B6F7D6EDD76}","PlanNumber":"KAP88067","PIN":null,"PID":27761550,"Designation1":"Lot 2","Designation2":null,"Designation3":null,"ParcelStatus":"ACTIVE","RegionalDistrict":"0019","ParcelClass":"SUBDIVISION","SourceParcelID":"21000195200","GeometrySource":"ICF","IsRemainder":"NO","ParcelStartDate":"2008-12-11T08:00:00.000Z","PositionalError":0.00100929,"LegalDescription":"LOT 2 DISTRICT LOT 108 SIMILKAMEEN DIVISION YALE DISTRICT PLAN KAP88067","CaptureMethod":"COGO IN SOURCE","OwnerType":"PRIVATE","Compiled":1,"CreatedDate":"2016-09-20T23:24:06.000Z","ModifiedDate":"2025-07-30T23:04:57.000Z","StatedArea":null,"ErrorReportedBy":"PMBC-OPERATIONS","Municipality":"0044","OBJECTID":45942,"created_user":"SDE","created_date":"2024-11-12T16:15:31.000Z","last_edited_user":"SDE","last_edited_date":"2026-03-25T16:06:10.000Z","Shape__Area":887.15766472,"Shape__Length":122.96636473523685,"CommonName":null,"SourceGlobalID":"{ABA4CF49-5628-4E2E-BFEE-DC62D16D2D00}","Comments":null,"UpdateStatus":"AUTO","UpdateSource":"PMBC"}},{"type":"Feature","geometry":{"type":"Polygon","coordinates":[[[-117.796523,49.081767],[-117.796539,49.081767],[-117.796836,49.081782],[-117.796818,49.081946],[-117.796756,49.081943],[-117.796526,49.081932],[-117.796506,49.081931],[-117.796523,49.081767]]]},"properties":{"GlobalID":"{35AD7982-1EE2-4413-BE4D-E679BB6745D8}","Name":"007629818","PlanID":"{BA4EB4A6-4514-4485-9339-05A0E2505A98}","PlanNumber":"NEP16495","PIN":null,"PID":7629818,"Designation1":"Lot C","Designation2":null,"Designation3":null,"ParcelStatus":"ACTIVE","RegionalDistrict":"0019","ParcelClass":"SUBDIVISION","SourceParcelID":"28537","GeometrySource":"ICF","IsRemainder":"NO","ParcelStartDate":null,"PositionalError":0.23564749,"LegalDescription":"LOT C DISTRICT LOT 691 KOOTENAY DISTRICT PLAN 16495","CaptureMethod":"COGO IN SOURCE","OwnerType":"PRIVATE","Compiled":1,"CreatedDate":"2016-09-20T23:24:06.000Z","ModifiedDate":"2026-01-16T18:24:00.000Z","StatedArea":null,"ErrorReportedBy":"PMBC-OPERATIONS","Municipality":"0121","OBJECTID":45943,"created_user":"SDE","created_date":"2024-11-12T16:15:31.000Z","last_edited_user":"SDE","last_edited_date":"2026-03-25T16:06:10.000Z","Shape__Area":418.2767184,"Shape__Length":82.31273572406333,"CommonName":null,"SourceGlobalID":"{696F1ABE-6C0C-43B8-B540-3D058D493B50}","Comments":null,"UpdateStatus":"AUTO","UpdateSource":"PMBC"}},{"type":"Feature","geometry":{"type":"Polygon","coordinates":[[[-117.796791,49.081615],[-117.796853,49.081618],[-117.796836,49.081782],[-117.796539,49.081767],[-117.796523,49.081767],[-117.796542,49.081603],[-117.796553,49.081603],[-117.796791,49.081615]]]},"properties":{"GlobalID":"{200B65D1-F1AE-4662-BFDC-46F92EB18A2D}","Name":"007629796","PlanID":"{BA4EB4A6-4514-4485-9339-05A0E2505A98}","PlanNumber":"NEP16495","PIN":null,"PID":7629796,"Designation1":"Lot B","Designation2":null,"Designation3":null,"ParcelStatus":"ACTIVE","RegionalDistrict":"0019","ParcelClass":"SUBDIVISION","SourceParcelID":"28538","GeometrySource":"ICF","IsRemainder":"NO","ParcelStartDate":null,"PositionalError":0.20374211,"LegalDescription":"LOT B DISTRICT LOT 691 KOOTENAY DISTRICT PLAN 16495","CaptureMethod":"COGO IN SOURCE","OwnerType":"PRIVATE","Compiled":1,"CreatedDate":"2016-09-20T23:24:06.000Z","ModifiedDate":"2026-01-16T18:24:00.000Z","StatedArea":null,"ErrorReportedBy":"PMBC-OPERATIONS","Municipality":"0121","OBJECTID":45944,"created_user":"SDE","created_date":"2024-11-12T16:15:31.000Z","last_edited_user":"SDE","last_edited_date":"2026-03-25T16:06:10.000Z","Shape__Area":417.824894325,"Shape__Length":82.2605823213024,"CommonName":null,"SourceGlobalID":"{1E0221F5-CE89-4F86-84FC-2536055BFC8A}","Comments":null,"UpdateStatus":"AUTO","UpdateSource":"PMBC"}},{"type":"Feature","geometry":{"type":"Polygon","coordinates":[[[-117.796973,49.081116],[-117.796992,49.080938],[-117.797242,49.08095],[-117.797222,49.081141],[-117.796972,49.081129],[-117.796973,49.081116]]]},"properties":{"GlobalID":"{9CCD249B-B644-4087-A200-BFB680DF2C3C}","Name":"015507041","PlanID":"{B56AAAC7-F238-432E-8116-F8112340C15A}","PlanNumber":"NEP2265","PIN":null,"PID":15507041,"Designation1":"Lot 5","Designation2":null,"Designation3":null,"ParcelStatus":"ACTIVE","RegionalDistrict":"0019","ParcelClass":"SUBDIVISION","SourceParcelID":"25706","GeometrySource":"ICF","IsRemainder":"NO","ParcelStartDate":null,"PositionalError":0.14925998,"LegalDescription":"LOT 5 DISTRICT LOT 691 KOOTENAY DISTRICT PLAN 2265","CaptureMethod":"COGO IN SOURCE","OwnerType":"PRIVATE","Compiled":1,"CreatedDate":"2016-09-20T23:24:06.000Z","ModifiedDate":"2025-01-09T17:28:35.000Z","StatedArea":null,"ErrorReportedBy":"PMBC-OPERATIONS","Municipality":"0121","OBJECTID":45945,"created_user":"SDE","created_date":"2024-11-12T16:15:31.000Z","last_edited_user":"SDE","last_edited_date":"2026-03-25T16:06:10.000Z","Shape__Area":389.9093982,"Shape__Length":79.21958081297208,"CommonName":null,"SourceGlobalID":"{98E2431D-E5E5-4214-8A2A-32E56DEF9733}","Comments":null,"UpdateStatus":"AUTO","UpdateSource":"PMBC"}},{"type":"Feature","geometry":{"type":"Polygon","coordinates":[[[-119.239756,49.152139],[-119.239442,49.151978],[-119.239676,49.151786],[-119.239989,49.151946],[-119.239756,49.152139]]]},"properties":{"GlobalID":"{F9684DE3-F2D2-484B-A97C-B4BE8BE08C15}","Name":"023630698","PlanID":"{F75838E6-5030-42B5-A94F-234C5DA4CD37}","PlanNumber":"KAS1840","PIN":null,"PID":23630698,"Designation1":"Lot 77","Designation2":"","Designation3":"","ParcelStatus":"ACTIVE","RegionalDistrict":"0019","ParcelClass":"BARE LAND STRATA","SourceParcelID":null,"GeometrySource":"ICF","IsRemainder":"NO","ParcelStartDate":"1996-12-23T08:00:00.000Z","PositionalError":32.37344394,"LegalDescription":"STRATA LOT 77 DISTRICT LOT 100S SIMILKAMEEN DIVISION YALE DISTRICT STRATA PLAN KAS1840 TOGETHER WITH AN INTEREST IN THE COMMON PROPERTY IN PROPORTION TO THE UNIT ENTITLEMENT OF THE STRATA LOT AS SHOWN ON FORM 1","CaptureMethod":"UNKNOWN","OwnerType":"CROWN PROVINCIAL","Compiled":1,"CreatedDate":"2016-09-20T23:24:06.000Z","ModifiedDate":"2021-03-19T02:24:45.000Z","StatedArea":null,"ErrorReportedBy":"DATACOMPILATION","Municipality":"0163","OBJECTID":45946,"created_user":"SDE","created_date":"2024-11-12T16:15:31.000Z","last_edited_user":"SDE","last_edited_date":"2026-03-25T16:06:10.000Z","Shape__Area":794.328152085,"Shape__Length":112.7843314573396,"CommonName":null,"SourceGlobalID":"{DC6A5BF3-20DD-4D8E-B6FA-4880080055C4}","Comments":null,"UpdateStatus":"AUTO","UpdateSource":"PMBC"}},{"type":"Feature","geometry":{"type":"Polygon","coordinates":[[[-117.796856,49.08159],[-117.796813,49.081588],[-117.796794,49.081587],[-117.796545,49.081575],[-117.796564,49.081411],[-117.796813,49.081423],[-117.796874,49.081426],[-117.796871,49.081452],[-117.796856,49.08159]]]},"properties":{"GlobalID":"{1F14A861-21E3-4C5E-A1C0-CC805078D771}","Name":"031330452","PlanID":"{627838D1-5177-43F8-8852-10E3B923D71A}","PlanNumber":"EPP105559","PIN":null,"PID":31330452,"Designation1":"Lot A","Designation2":"","Designation3":"","ParcelStatus":"ACTIVE","RegionalDistrict":"0019","ParcelClass":"SUBDIVISION","SourceParcelID":null,"GeometrySource":"SPDS","IsRemainder":null,"ParcelStartDate":"2021-03-09T08:00:00.000Z","PositionalError":0.00263646,"LegalDescription":"LOT A DISTRICT LOT 691 KOOTENAY DISTRICT PLAN EPP105559","CaptureMethod":"SPDS","OwnerType":"PRIVATE","Compiled":0,"CreatedDate":"2021-03-18T19:46:59.000Z","ModifiedDate":"2021-03-21T02:20:11.000Z","StatedArea":"416.2","ErrorReportedBy":"PMBC-OPERATIONS","Municipality":"0121","OBJECTID":45947,"created_user":"SDE","created_date":"2024-11-12T16:15:31.000Z","last_edited_user":"SDE","last_edited_date":"2026-03-25T16:06:10.000Z","Shape__Area":415.7712995,"Shape__Length":82.04770481575436,"CommonName":null,"SourceGlobalID":"{C9DB36BD-CEE8-4652-95C3-8CC8A0BFAF2A}","Comments":null,"UpdateStatus":"AUTO","UpdateSource":"PMBC"}},{"type":"Feature","geometry":{"type":"Polygon","coordinates":[[[-118.470828,49.035039],[-118.471012,49.034905],[-118.471321,49.035088],[-118.471631,49.035271],[-118.471168,49.035609],[-118.470858,49.035426],[-118.470549,49.035243],[-118.470828,49.035039]]]},"properties":{"GlobalID":"{C6F5EFB3-82E9-4DF0-BBB0-A0868AB9E7C7}","Name":"031331432","PlanID":"{7E958D6D-726C-47DF-A8E0-BD0D3FFB485A}","PlanNumber":"KAP1339","PIN":null,"PID":31331432,"Designation1":"Parcel A","Designation2":"","Designation3":"","ParcelStatus":"ACTIVE","RegionalDistrict":"0019","ParcelClass":"SUBDIVISION","SourceParcelID":"21000997550","GeometrySource":"MODIFIED-ICF","IsRemainder":"NO","ParcelStartDate":"2021-03-08T08:00:00.000Z","PositionalError":3.27186314,"LegalDescription":"PARCEL A (BEING A CONSOLIDATION OF LOTS 2 AND 3, SEE CA8826440) BLOCK 14 DISTRICT LOT 520  SIMILKAMEEN DIVISION YALE DISTRICT  PLAN 1339","CaptureMethod":"COGO IN SOURCE","OwnerType":"PRIVATE","Compiled":0,"CreatedDate":"2021-03-22T20:22:37.000Z","ModifiedDate":"2021-03-25T15:11:48.000Z","StatedArea":"3084","ErrorReportedBy":"LSA","Municipality":"0044","OBJECTID":45948,"created_user":"SDE","created_date":"2024-11-12T16:15:31.000Z","last_edited_user":"SDE","last_edited_date":"2026-03-25T16:06:10.000Z","Shape__Area":3076.88108664,"Shape__Length":222.84375972120705,"CommonName":null,"SourceGlobalID":"{078BBFB7-BFE3-46C5-B32E-ACC122978E7B}","Comments":null,"UpdateStatus":"AUTO","UpdateSource":"PMBC"}},{"type":"Feature","geometry":{"type":"Polygon","coordinates":[[[-118.495135,49.005741],[-118.49506,49.004926],[-118.496614,49.004912],[-118.496614,49.005758],[-118.495135,49.005741]]]},"properties":{"GlobalID":"{EB6D853F-D68D-489E-AA49-150F44C35F79}","Name":"009509909","PlanID":"{10953F3C-B31E-493F-BBC2-66CF48DB5CDB}","PlanNumber":"KAP11532","PIN":null,"PID":9509909,"Designation1":"Lot 1","Designation2":null,"Designation3":null,"ParcelStatus":"ACTIVE","RegionalDistrict":"0019","ParcelClass":"SUBDIVISION","SourceParcelID":null,"GeometrySource":"ICF","IsRemainder":"NO","ParcelStartDate":null,"PositionalError":3.91223378,"LegalDescription":"LOT 1 DISTRICT LOT 362 SIMILKAMEEN DIVISION YALE DISTRICT PLAN 11532","CaptureMethod":"UNKNOWN","OwnerType":"PRIVATE","Compiled":1,"CreatedDate":"2016-09-20T23:24:06.000Z","ModifiedDate":"2021-04-16T17:44:56.000Z","StatedArea":null,"ErrorReportedBy":"LSA","Municipality":"0163","OBJECTID":45949,"created_user":"SDE","created_date":"2024-11-12T16:15:31.000Z","last_edited_user":"SDE","last_edited_date":"2026-03-25T16:06:10.000Z","Shape__Area":10240.81311348,"Shape__Length":406.6833558084032,"CommonName":null,"SourceGlobalID":"{5EDE8907-EAAE-4F4E-8F3D-6B1F15262D99}","Comments":null,"UpdateStatus":"AUTO","UpdateSource":"PMBC"}},{"type":"Feature","geometry":{"type":"Polygon","coordinates":[[[-118.498151,49.002355],[-118.498217,49.002477],[-118.498285,49.00259],[-118.498386,49.002724],[-118.49846,49.002812],[-118.498554,49.002927],[-118.498672,49.003088],[-118.498846,49.003284],[-118.498954,49.003421],[-118.498988,49.003456],[-118.497006,49.003454],[-118.497004,49.003403],[-118.496944,49.002038],[-118.498072,49.002038],[-118.498083,49.002038],[-118.498108,49.002038],[-118.498151,49.002355]]]},"properties":{"GlobalID":"{8CAFDED6-53D3-4FFE-9B79-90C9F6E36DCA}","Name":"010142932","PlanID":"{1BE0FD0E-DDE7-4CD3-BF00-32C3F99CCAE2}","PlanNumber":"KAP6373","PIN":null,"PID":10142932,"Designation1":"Lot 1","Designation2":null,"Designation3":null,"ParcelStatus":"ACTIVE","RegionalDistrict":"0019","ParcelClass":"SUBDIVISION","SourceParcelID":null,"GeometrySource":"MODIFIED-ICF","IsRemainder":"NO","ParcelStartDate":null,"PositionalError":5.36310411,"LegalDescription":"LOT 1 DISTRICT LOT 362 SIMILKAMEEN DIVISION YALE DISTRICT PLAN 6373","CaptureMethod":"UNKNOWN","OwnerType":"PRIVATE","Compiled":0,"CreatedDate":"2021-04-16T17:50:18.000Z","ModifiedDate":"2021-04-16T17:52:57.000Z","StatedArea":"17733","ErrorReportedBy":"LSA","Municipality":"0163","OBJECTID":45950,"created_user":"SDE","created_date":"2024-11-12T16:15:31.000Z","last_edited_user":"SDE","last_edited_date":"2026-03-25T16:06:10.000Z","Shape__Area":16979.754842065,"Shape__Length":560.0780534200333,"CommonName":null,"SourceGlobalID":"{34A74101-E3AE-443D-A317-0C7043FBE90B}","Comments":null,"UpdateStatus":"AUTO","UpdateSource":"PMBC"}},{"type":"Feature","geometry":{"type":"Polygon","coordinates":[[[-118.494843,49.003259],[-118.491833,49.003305],[-118.491378,49.003304],[-118.491813,49.002786],[-118.491586,49.002735],[-118.491804,49.00232],[-118.49188,49.00234],[-118.492335,49.00246],[-118.493391,49.001289],[-118.494848,49.001241],[-118.494843,49.003259]]]},"properties":{"GlobalID":"{FF9C1265-DA11-4E6C-809F-90E6AECE6A6F}","Name":"019066333","PlanID":"{BAED470F-D81F-48D7-9216-E8D831963FF9}","PlanNumber":"KAP53707","PIN":null,"PID":19066333,"Designation1":"Lot 1","Designation2":null,"Designation3":null,"ParcelStatus":"ACTIVE","RegionalDistrict":"0019","ParcelClass":"SUBDIVISION","SourceParcelID":null,"GeometrySource":"ICF","IsRemainder":"NO","ParcelStartDate":null,"PositionalError":5.03802299,"LegalDescription":"LOT 1 DISTRICT LOT 362 SIMILKAMEEN DIVISION YALE DISTRICT PLAN KAP53707","CaptureMethod":"UNKNOWN","OwnerType":"PRIVATE","Compiled":1,"CreatedDate":"2016-09-20T23:24:06.000Z","ModifiedDate":"2021-04-16T17:44:56.000Z","StatedArea":null,"ErrorReportedBy":"LSA","Municipality":"0163","OBJECTID":45951,"created_user":"SDE","created_date":"2024-11-12T16:15:31.000Z","last_edited_user":"SDE","last_edited_date":"2026-03-25T16:06:10.000Z","Shape__Area":41094.264735885,"Shape__Length":910.0459808536121,"CommonName":null,"SourceGlobalID":"{5F719D91-FBC6-49DE-8B8B-9B4F17B436A3}","Comments":null,"UpdateStatus":"AUTO","UpdateSource":"PMBC"}},{"type":"Feature","geometry":{"type":"Polygon","coordinates":[[[-118.499613,49.004508],[-118.499703,49.004639],[-118.499762,49.004765],[-118.499841,49.004872],[-118.499844,49.00493],[-118.498536,49.00493],[-118.498438,49.00493],[-118.498281,49.004929],[-118.498191,49.004929],[-118.498157,49.004929],[-118.496614,49.004912],[-118.49506,49.004926],[-118.495064,49.003504],[-118.497006,49.003454],[-118.498988,49.003456],[-118.499071,49.00358],[-118.49915,49.003669],[-118.499181,49.003799],[-118.499256,49.003956],[-118.499301,49.00405],[-118.499433,49.004224],[-118.499514,49.004377],[-118.499536,49.00442],[-118.499613,49.004508]]]},"properties":{"GlobalID":"{D429F4E3-A3FF-495D-8073-D123D9F73009}","Name":"011029820","PlanID":"{A133CC09-C2D4-4E49-B17B-691B89BBD602}","PlanNumber":"KAP2430","PIN":31809221,"PID":11029820,"Designation1":"Lot 31","Designation2":null,"Designation3":null,"ParcelStatus":"ACTIVE","RegionalDistrict":"0019","ParcelClass":"SUBDIVISION","SourceParcelID":null,"GeometrySource":"ICF","IsRemainder":"NO","ParcelStartDate":null,"PositionalError":4.10855536,"LegalDescription":"LOT 31 DISTRICT LOT 362 SIMILKAMEEN DIVISION YALE DISTRICT PLAN 2430","CaptureMethod":"UNKNOWN","OwnerType":"PRIVATE","Compiled":1,"CreatedDate":"2016-09-20T23:24:06.000Z","ModifiedDate":"2021-04-16T17:52:57.000Z","StatedArea":null,"ErrorReportedBy":"LSA","Municipality":"0163","OBJECTID":45952,"created_user":"SDE","created_date":"2024-11-12T16:15:31.000Z","last_edited_user":"SDE","last_edited_date":"2026-03-25T16:06:10.000Z","Shape__Area":51625.47974933,"Shape__Length":971.8894593289199,"CommonName":null,"SourceGlobalID":"{44FA4AD4-C33C-4A3E-9F68-684F5F390CC2}","Comments":null,"UpdateStatus":"AUTO","UpdateSource":"PMBC"}},{"type":"Feature","geometry":{"type":"Polygon","coordinates":[[[-118.492664,49.004184],[-118.494841,49.004143],[-118.49484,49.00459],[-118.492653,49.004608],[-118.492664,49.004184]]]},"properties":{"GlobalID":"{A8B26893-D2E1-464F-99CF-95F3D73A16E7}","Name":"009049576","PlanID":"{706EAB39-5F83-4718-90C4-4AD283E4726E}","PlanNumber":"KAP14226","PIN":null,"PID":9049576,"Designation1":"Lot A","Designation2":null,"Designation3":null,"ParcelStatus":"ACTIVE","RegionalDistrict":"0019","ParcelClass":"SUBDIVISION","SourceParcelID":null,"GeometrySource":"ICF","IsRemainder":"NO","ParcelStartDate":null,"PositionalError":3.91443689,"LegalDescription":"LOT A DISTRICT LOT 362 SIMILKAMEEN DIVISION YALE DISTRICT PLAN 14226","CaptureMethod":"UNKNOWN","OwnerType":"PRIVATE","Compiled":1,"CreatedDate":"2016-09-20T23:24:06.000Z","ModifiedDate":"2021-04-16T17:44:56.000Z","StatedArea":null,"ErrorReportedBy":"LSA","Municipality":"0163","OBJECTID":45953,"created_user":"SDE","created_date":"2024-11-12T16:15:31.000Z","last_edited_user":"SDE","last_edited_date":"2026-03-25T16:06:10.000Z","Shape__Area":7717.546251705,"Shape__Length":415.97749039846855,"CommonName":null,"SourceGlobalID":"{19EB23F8-7C26-41CA-85DB-6D541768E0D8}","Comments":null,"UpdateStatus":"AUTO","UpdateSource":"PMBC"}},{"type":"Feature","geometry":{"type":"Polygon","coordinates":[[[-118.492664,49.004184],[-118.49134,49.004166],[-118.491081,49.004167],[-118.491833,49.003305],[-118.494843,49.003259],[-118.494841,49.004143],[-118.492664,49.004184]]]},"properties":{"GlobalID":"{8729A5E1-E3CF-4E7B-AAE4-B665F562C49C}","Name":"007462433","PlanID":"{87E10825-6CB5-4A1E-95A9-B9F034784B55}","PlanNumber":"KAP38070","PIN":null,"PID":7462433,"Designation1":"Lot A","Designation2":null,"Designation3":null,"ParcelStatus":"ACTIVE","RegionalDistrict":"0019","ParcelClass":"SUBDIVISION","SourceParcelID":null,"GeometrySource":"ICF","IsRemainder":"NO","ParcelStartDate":null,"PositionalError":4.26815844,"LegalDescription":"LOT A DISTRICT LOT 362 SIMILKAMEEN DIVISION YALE DISTRICT PLAN 38070","CaptureMethod":"UNKNOWN","OwnerType":"PRIVATE","Compiled":1,"CreatedDate":"2016-09-20T23:24:06.000Z","ModifiedDate":"2021-04-16T17:44:56.000Z","StatedArea":null,"ErrorReportedBy":"LSA","Municipality":"0163","OBJECTID":45954,"created_user":"SDE","created_date":"2024-11-12T16:15:31.000Z","last_edited_user":"SDE","last_edited_date":"2026-03-25T16:06:10.000Z","Shape__Area":24326.12610788,"Shape__Length":704.1289947712792,"CommonName":null,"SourceGlobalID":"{722B6E74-D26D-4C89-BC86-E418BB7D4149}","Comments":null,"UpdateStatus":"AUTO","UpdateSource":"PMBC"}},{"type":"Feature","geometry":{"type":"Polygon","coordinates":[[[-118.504731,49.00065],[-118.504703,49.000578],[-118.50468,49.000521],[-118.504593,49.000301],[-118.504502,49.000078],[-118.504935,49.000078],[-118.505016,49.000072],[-118.505075,49.000215],[-118.505161,49.000433],[-118.505195,49.000524],[-118.50522,49.000589],[-118.505248,49.000661],[-118.505254,49.000676],[-118.505284,49.000745],[-118.504801,49.000828],[-118.504769,49.000749],[-118.504731,49.00065]]]},"properties":{"GlobalID":"{C58D6D64-B35D-4481-8B0D-01FDDC860EE1}","Name":"029063388","PlanID":"{453A3E2A-C63B-4CAA-B521-4EE63F136C6B}","PlanNumber":"EPP26362","PIN":null,"PID":29063388,"Designation1":"Lot 1","Designation2":null,"Designation3":null,"ParcelStatus":"ACTIVE","RegionalDistrict":"0019","ParcelClass":"SUBDIVISION","SourceParcelID":null,"GeometrySource":"ICF","IsRemainder":"NO","ParcelStartDate":"2013-05-06T07:00:00.000Z","PositionalError":4.18174757,"LegalDescription":"LOT 1 DISTRICT LOT 517 SIMILKAMEEN DIVISION YALE DISTRICT PLAN EPP26362","CaptureMethod":"UNKNOWN","OwnerType":"PRIVATE","Compiled":1,"CreatedDate":"2016-09-20T23:24:06.000Z","ModifiedDate":"2021-04-16T17:44:17.000Z","StatedArea":null,"ErrorReportedBy":"LSA","Municipality":"0163","OBJECTID":45955,"created_user":"SDE","created_date":"2024-11-12T16:15:31.000Z","last_edited_user":"SDE","last_edited_date":"2026-03-25T16:06:10.000Z","Shape__Area":2969.378463555,"Shape__Length":237.6636789817602,"CommonName":null,"SourceGlobalID":"{D6B7C071-D71D-485F-9D3D-1A6AEBE14526}","Comments":null,"UpdateStatus":"AUTO","UpdateSource":"PMBC"}},{"type":"Feature","geometry":{"type":"Polygon","coordinates":[[[-118.493473,49.000306],[-118.494851,49.000258],[-118.494848,49.001241],[-118.493391,49.001289],[-118.493632,49.001023],[-118.493489,49.000944],[-118.492762,49.000731],[-118.493121,49.000325],[-118.493473,49.000306]]]},"properties":{"GlobalID":"{68AF6AAB-E0A1-41F8-A6E1-F4E8CF0BE34D}","Name":"007221002","PlanID":"{64BB4DD8-DE2B-43D6-A8F2-88FB2A71AB27}","PlanNumber":"KAP21863","PIN":null,"PID":7221002,"Designation1":"Lot 2","Designation2":null,"Designation3":null,"ParcelStatus":"ACTIVE","RegionalDistrict":"0019","ParcelClass":"SUBDIVISION","SourceParcelID":null,"GeometrySource":"ICF","IsRemainder":"NO","ParcelStartDate":null,"PositionalError":5.2703287,"LegalDescription":"LOT 2 DISTRICT LOT 362 SIMILKAMEEN DIVISION YALE DISTRICT PLAN 21863","CaptureMethod":"UNKNOWN","OwnerType":"PRIVATE","Compiled":1,"CreatedDate":"2016-09-20T23:24:06.000Z","ModifiedDate":"2021-04-16T17:44:56.000Z","StatedArea":null,"ErrorReportedBy":"LSA","Municipality":"0163","OBJECTID":45956,"created_user":"SDE","created_date":"2024-11-12T16:15:31.000Z","last_edited_user":"SDE","last_edited_date":"2026-03-25T16:06:10.000Z","Shape__Area":13231.88322656,"Shape__Length":501.2956222794424,"CommonName":null,"SourceGlobalID":"{5379D913-7CC6-4576-9DBD-579C32943CC6}","Comments":null,"UpdateStatus":"AUTO","UpdateSource":"PMBC"}},{"type":"Feature","geometry":{"type":"Polygon","coordinates":[[[-117.815035,49.136762],[-117.81515,49.13652],[-117.815248,49.136275],[-117.814942,49.136215],[-117.814575,49.136143],[-117.814525,49.130848],[-117.820041,49.130827],[-117.820103,49.138049],[-117.8167,49.13806],[-117.816692,49.138051],[-117.815432,49.136641],[-117.815057,49.136752],[-117.815035,49.136762]]]},"properties":{"GlobalID":"{34DF5288-D607-4A82-A729-75F70D70B0B8}","Name":"016714504","PlanID":"{F0DB3B36-A152-4C45-B118-275779D2B1D7}","PlanNumber":"NO_PLAN","PIN":9222610,"PID":16714504,"Designation1":"10184","Designation2":"","Designation3":"","ParcelStatus":"ACTIVE","RegionalDistrict":"0019","ParcelClass":"SUBDIVISION","SourceParcelID":null,"GeometrySource":"ICF","IsRemainder":"NO","ParcelStartDate":null,"PositionalError":1.60265208,"LegalDescription":"DISTRICT LOT 10184 KOOTENAY DISTRICT","CaptureMethod":"COGO IN SOURCE","OwnerType":"CROWN PROVINCIAL","Compiled":1,"CreatedDate":"2016-09-20T23:24:06.000Z","ModifiedDate":"2021-04-19T20:33:10.000Z","StatedArea":null,"ErrorReportedBy":"DATACOMPILATION","Municipality":"0163","OBJECTID":45957,"created_user":"SDE","created_date":"2024-11-12T16:15:31.000Z","last_edited_user":"SDE","last_edited_date":"2026-03-25T16:06:10.000Z","Shape__Area":303761.72016104,"Shape__Length":2364.5789634539633,"CommonName":null,"SourceGlobalID":"{ED09C7D4-08A6-4B9C-B963-0DBF30E0761E}","Comments":null,"UpdateStatus":"AUTO","UpdateSource":"PMBC"}},{"type":"Feature","geometry":{"type":"Polygon","coordinates":[[[-117.782862,49.087848],[-117.783078,49.088244],[-117.782609,49.08791],[-117.782862,49.087848]]]},"properties":{"GlobalID":"{991BED93-ADC5-45D1-ADF6-BA2FFFAFCBF4}","Name":"016969871","PlanID":"{119B6899-4DF9-47A0-AE97-81F2976AE85F}","PlanNumber":"NEP60X","PIN":null,"PID":16969871,"Designation1":"Lot 5","Designation2":"","Designation3":"","ParcelStatus":"ACTIVE","RegionalDistrict":"0019","ParcelClass":"SUBDIVISION","SourceParcelID":null,"GeometrySource":"MODIFIED-ICF","IsRemainder":"NO","ParcelStartDate":null,"PositionalError":1.60265208,"LegalDescription":"SUBLOT 5 TOWNSHIP 28 KOOTENAY DISTRICT PLAN X60","CaptureMethod":"UNKNOWN","OwnerType":"PRIVATE","Compiled":1,"CreatedDate":"2016-09-20T23:24:06.000Z","ModifiedDate":"2021-04-19T22:57:08.000Z","StatedArea":null,"ErrorReportedBy":"DATACOMPILATION","Municipality":"0163","OBJECTID":45958,"created_user":"SDE","created_date":"2024-11-12T16:15:31.000Z","last_edited_user":"SDE","last_edited_date":"2026-03-25T16:06:10.000Z","Shape__Area":461.430694395,"Shape__Length":116.96094406259344,"CommonName":null,"SourceGlobalID":"{EF88FBD2-AEEE-4BDF-A233-7E49AB82AD10}","Comments":null,"UpdateStatus":"AUTO","UpdateSource":"PMBC"}},{"type":"Feature","geometry":{"type":"MultiPolygon","coordinates":[[[[-117.777371,49.087636],[-117.782068,49.087637],[-117.781001,49.088249],[-117.779498,49.089147],[-117.77816,49.088197],[-117.777371,49.087636]]],[[[-117.782142,49.087637],[-117.782637,49.087637],[-117.782391,49.087785],[-117.782142,49.087637]]]]},"properties":{"GlobalID":"{E26E4AB1-675A-4E5C-94E7-83CFAFDFBB48}","Name":"017087121","PlanID":"{F0DB3B36-A152-4C45-B118-275779D2B1D7}","PlanNumber":"NO_PLAN","PIN":9505030,"PID":17087121,"Designation1":"PART 1344","Designation2":"","Designation3":"","ParcelStatus":"ACTIVE","RegionalDistrict":"0019","ParcelClass":"SUBDIVISION","SourceParcelID":null,"GeometrySource":"MODIFIED-ICF","IsRemainder":"NO","ParcelStartDate":null,"PositionalError":1.60265208,"LegalDescription":"THAT PART OF DISTRICT LOT 1344 KOTOENAY DISTRICT LYING WITHIN THE BOUNDARIES OF TOWNSHIP 28 ON PLAN 1529","CaptureMethod":"COGO IN SOURCE","OwnerType":"CROWN PROVINCIAL","Compiled":1,"CreatedDate":"2016-09-20T23:24:06.000Z","ModifiedDate":"2021-04-19T22:56:49.000Z","StatedArea":null,"ErrorReportedBy":"DATACOMPILATION","Municipality":"0121","OBJECTID":45959,"created_user":"SDE","created_date":"2024-11-12T16:15:31.000Z","last_edited_user":"SDE","last_edited_date":"2026-03-25T16:06:10.000Z","Shape__Area":28947.569324735,"Shape__Length":908.7286175686654,"CommonName":null,"SourceGlobalID":"{ADB69D4D-88D6-429C-8340-4852E47D3200}","Comments":null,"UpdateStatus":"AUTO","UpdateSource":"PMBC"}},{"type":"Feature","geometry":{"type":"Polygon","coordinates":[[[-117.844341,49.075218],[-117.844908,49.075128],[-117.846371,49.074894],[-117.846304,49.074715],[-117.846597,49.074762],[-117.847219,49.07486],[-117.847387,49.074889],[-117.847398,49.074891],[-117.848489,49.075074],[-117.848596,49.074883],[-117.848817,49.074246],[-117.849403,49.074135],[-117.850162,49.075961],[-117.850542,49.076213],[-117.850568,49.076268],[-117.847254,49.076933],[-117.846288,49.077122],[-117.846275,49.075212],[-117.845005,49.075216],[-117.844341,49.075218]]]},"properties":{"GlobalID":"{C6C0B654-D0E1-4FA9-B239-13872B1B7B59}","Name":"028551176","PlanID":"{F0DB3B36-A152-4C45-B118-275779D2B1D7}","PlanNumber":"NO_PLAN","PIN":9496350,"PID":28551176,"Designation1":"1219","Designation2":"","Designation3":"","ParcelStatus":"ACTIVE","RegionalDistrict":"0019","ParcelClass":"SUBDIVISION","SourceParcelID":null,"GeometrySource":"MODIFIED-ICF","IsRemainder":"NO","ParcelStartDate":"2012-08-17T07:00:00.000Z","PositionalError":1.60265208,"LegalDescription":"DISTRICT LOT 1219 KOOTENAY DISTRICT KNOWN AS THE CHRISTINE MINERAL CLAIM","CaptureMethod":"UNKNOWN","OwnerType":"CROWN PROVINCIAL","Compiled":1,"CreatedDate":"2016-09-20T23:24:06.000Z","ModifiedDate":"2021-04-19T23:06:59.000Z","StatedArea":null,"ErrorReportedBy":"DATACOMPILATION","Municipality":"0163","OBJECTID":45960,"created_user":"SDE","created_date":"2024-11-12T16:15:31.000Z","last_edited_user":"SDE","last_edited_date":"2026-03-25T16:06:10.000Z","Shape__Area":64099.486709895,"Shape__Length":1413.8250746067956,"CommonName":null,"SourceGlobalID":"{7F6CA129-0ABD-4F0C-9128-D688437EA3BD}","Comments":null,"UpdateStatus":"AUTO","UpdateSource":"PMBC"}},{"type":"Feature","geometry":{"type":"Polygon","coordinates":[[[-117.841943,49.080272],[-117.841915,49.083222],[-117.836375,49.083602],[-117.835529,49.08366],[-117.83524,49.081082],[-117.8352,49.080721],[-117.836391,49.080642],[-117.841943,49.080272]]]},"properties":{"GlobalID":"{06B8C187-FA2A-42D8-8EA3-7EBF251E3806}","Name":"024293903","PlanID":"{B5B7FDF6-176E-4CC5-9236-1A73A2801D04}","PlanNumber":"NEP62X","PIN":null,"PID":24293903,"Designation1":"","Designation2":"","Designation3":"","ParcelStatus":"ACTIVE","RegionalDistrict":"0019","ParcelClass":"SUBDIVISION","SourceParcelID":null,"GeometrySource":"ICF","IsRemainder":"NO","ParcelStartDate":"2017-03-24T07:00:00.000Z","PositionalError":1.60265208,"LegalDescription":"SUBLOT 86 SECTION 33 TOWNSHIP 9A KOOTENAY DISTRICT PLAN X62","CaptureMethod":"COGO IN SOURCE","OwnerType":"CROWN PROVINCIAL","Compiled":1,"CreatedDate":"2016-09-20T23:24:06.000Z","ModifiedDate":"2021-04-19T23:07:50.000Z","StatedArea":null,"ErrorReportedBy":"DATACOMPILATION","Municipality":"0121","OBJECTID":45961,"created_user":"SDE","created_date":"2024-11-12T16:15:31.000Z","last_edited_user":"SDE","last_edited_date":"2026-03-25T16:06:10.000Z","Shape__Area":157447.12809625,"Shape__Length":1619.321404402012,"CommonName":null,"SourceGlobalID":"{1483D407-D3CC-4C42-BC87-F0474FC78B43}","Comments":null,"UpdateStatus":"AUTO","UpdateSource":"PMBC"}},{"type":"Feature","geometry":{"type":"Polygon","coordinates":[[[-117.777344,49.087618],[-117.775478,49.086292],[-117.775678,49.086163],[-117.778451,49.084534],[-117.778493,49.084507],[-117.779538,49.083867],[-117.780105,49.083532],[-117.780183,49.083588],[-117.78026,49.083643],[-117.780847,49.084065],[-117.779645,49.084191],[-117.779919,49.085308],[-117.783335,49.085867],[-117.78436,49.086603],[-117.782878,49.087493],[-117.782637,49.087637],[-117.782142,49.087637],[-117.782106,49.087615],[-117.782068,49.087637],[-117.777371,49.087636],[-117.777344,49.087618]]]},"properties":{"GlobalID":"{6E27B1F0-531B-48DE-8135-C7FB847DA094}","Name":"017164192","PlanID":"{B5B7FDF6-176E-4CC5-9236-1A73A2801D04}","PlanNumber":"NEP62X","PIN":90069691,"PID":17164192,"Designation1":"Lot 2A","Designation2":"","Designation3":"","ParcelStatus":"ACTIVE","RegionalDistrict":"0019","ParcelClass":"SUBDIVISION","SourceParcelID":null,"GeometrySource":"MODIFIED-ICF","IsRemainder":"NO","ParcelStartDate":null,"PositionalError":1.60206284,"LegalDescription":"SUBLOT 2A SECTIONS 35 AND 36 TOWNSHIP 9A KOOTENAY DISTRICT PLAN X62","CaptureMethod":"COGO IN SOURCE","OwnerType":"CROWN PROVINCIAL","Compiled":1,"CreatedDate":"2016-09-20T23:24:06.000Z","ModifiedDate":"2026-01-05T18:53:56.000Z","StatedArea":null,"ErrorReportedBy":"DATACOMPILATION","Municipality":"0163","OBJECTID":45962,"created_user":"SDE","created_date":"2024-11-12T16:15:31.000Z","last_edited_user":"SDE","last_edited_date":"2026-03-25T16:06:10.000Z","Shape__Area":148474.507259695,"Shape__Length":1879.7283854442223,"CommonName":null,"SourceGlobalID":"{42491834-899A-4D47-B398-EF44F69DFC38}","Comments":null,"UpdateStatus":"AUTO","UpdateSource":"PMBC"}},{"type":"Feature","geometry":{"type":"Polygon","coordinates":[[[-117.686927,49.097068],[-117.686771,49.096482],[-117.686977,49.096458],[-117.687144,49.097089],[-117.686927,49.097068]]]},"properties":{"GlobalID":"{9FCF3445-F104-4207-9D84-D33AC43542C6}","Name":"014834286","PlanID":"{D88AB832-205C-4C52-A4CE-5562D701C430}","PlanNumber":"NEP1336","PIN":null,"PID":14834286,"Designation1":"Lot 63","Designation2":"","Designation3":"","ParcelStatus":"ACTIVE","RegionalDistrict":"0019","ParcelClass":"SUBDIVISION","SourceParcelID":"002701.000","GeometrySource":"ICF","IsRemainder":"NO","ParcelStartDate":null,"PositionalError":1.60206284,"LegalDescription":"LOT 63 DISTRICT LOT 4598 KOOTENAY DISTRICT PLAN 1336","CaptureMethod":"COGO IN SOURCE","OwnerType":"PRIVATE","Compiled":1,"CreatedDate":"2016-09-20T23:24:06.000Z","ModifiedDate":"2025-08-28T14:34:29.000Z","StatedArea":null,"ErrorReportedBy":"DATACOMPILATION","Municipality":"0146","OBJECTID":45963,"created_user":"SDE","created_date":"2024-11-12T16:15:31.000Z","last_edited_user":"SDE","last_edited_date":"2026-03-25T16:06:10.000Z","Shape__Area":1045.264152515,"Shape__Length":168.52068074153522,"CommonName":null,"SourceGlobalID":"{9B727A09-E585-4717-BAF2-6A49C1AAA577}","Comments":null,"UpdateStatus":"AUTO","UpdateSource":"PMBC"}},{"type":"Feature","geometry":{"type":"Polygon","coordinates":[[[-117.688593,49.097761],[-117.689,49.097823],[-117.688952,49.097963],[-117.688558,49.097863],[-117.688593,49.097761]]]},"properties":{"GlobalID":"{DB89F557-9CD9-4C8F-9DDD-4126EEED8B43}","Name":"011142316","PlanID":"{85D769A2-DB35-45F4-87AE-82785FAFD04D}","PlanNumber":"NEP1684","PIN":null,"PID":11142316,"Designation1":"Lot 6","Designation2":"Block 23","Designation3":"","ParcelStatus":"ACTIVE","RegionalDistrict":"0019","ParcelClass":"SUBDIVISION","SourceParcelID":"003373.000","GeometrySource":"ICF","IsRemainder":"NO","ParcelStartDate":null,"PositionalError":1.60206284,"LegalDescription":"LOT 6 BLOCK 23 DISTRICT LOT 4598 KOOTENAY DISTRICT PLAN 1684","CaptureMethod":"COGO IN SOURCE","OwnerType":"PRIVATE","Compiled":1,"CreatedDate":"2016-09-20T23:24:06.000Z","ModifiedDate":"2025-08-28T14:34:29.000Z","StatedArea":null,"ErrorReportedBy":"DATACOMPILATION","Municipality":"0146","OBJECTID":45964,"created_user":"SDE","created_date":"2024-11-12T16:15:31.000Z","last_edited_user":"SDE","last_edited_date":"2026-03-25T16:06:10.000Z","Shape__Area":419.960600815,"Shape__Length":88.88869211395155,"CommonName":null,"SourceGlobalID":"{0C9EA35A-DFD5-4F32-B85B-6E2E028DB784}","Comments":null,"UpdateStatus":"AUTO","UpdateSource":"PMBC"}},{"type":"Feature","geometry":{"type":"Polygon","coordinates":[[[-117.685395,49.097598],[-117.685629,49.097611],[-117.685943,49.097623],[-117.68593,49.097732],[-117.685381,49.097708],[-117.685395,49.097598]]]},"properties":{"GlobalID":"{A9FF395B-85B0-4C3D-BCAA-0031FF383CDF}","Name":"008981540","PlanID":"{85D769A2-DB35-45F4-87AE-82785FAFD04D}","PlanNumber":"NEP1684","PIN":null,"PID":8981540,"Designation1":"Lot 7","Designation2":"Block 21","Designation3":"","ParcelStatus":"ACTIVE","RegionalDistrict":"0019","ParcelClass":"SUBDIVISION","SourceParcelID":"003352.000","GeometrySource":"ICF","IsRemainder":"NO","ParcelStartDate":null,"PositionalError":1.60206284,"LegalDescription":"LOT 7 BLOCK 21 DISTRICT LOT 4598 KOOTENAY DISTRICT PLAN 1684","CaptureMethod":"COGO IN SOURCE","OwnerType":"PRIVATE","Compiled":1,"CreatedDate":"2016-09-20T23:24:06.000Z","ModifiedDate":"2025-08-28T14:34:29.000Z","StatedArea":null,"ErrorReportedBy":"DATACOMPILATION","Municipality":"0146","OBJECTID":45965,"created_user":"SDE","created_date":"2024-11-12T16:15:31.000Z","last_edited_user":"SDE","last_edited_date":"2026-03-25T16:06:10.000Z","Shape__Area":484.113512775,"Shape__Length":104.59540612065986,"CommonName":null,"SourceGlobalID":"{39F50B17-9937-4EA9-B9ED-FBE419DD1642}","Comments":null,"UpdateStatus":"AUTO","UpdateSource":"PMBC"}},{"type":"Feature","geometry":{"type":"Polygon","coordinates":[[[-117.820583,49.086279],[-117.820481,49.086158],[-117.818395,49.083699],[-117.818582,49.083127],[-117.820254,49.082514],[-117.82277,49.085478],[-117.821677,49.085878],[-117.821487,49.085948],[-117.820583,49.086279]]]},"properties":{"GlobalID":"{C7B04F5E-1EB0-4986-81C8-8580AEF0B882}","Name":"014646595","PlanID":"{F0DB3B36-A152-4C45-B118-275779D2B1D7}","PlanNumber":"NO_PLAN","PIN":9600120,"PID":14646595,"Designation1":"690","Designation2":"","Designation3":"","ParcelStatus":"ACTIVE","RegionalDistrict":"0019","ParcelClass":"SUBDIVISION","SourceParcelID":"26198","GeometrySource":"ICF","IsRemainder":"NO","ParcelStartDate":null,"PositionalError":1.60265208,"LegalDescription":"DISTRICT LOT 690 KOOTENAY DISTRICT","CaptureMethod":"COGO IN SOURCE","OwnerType":"PRIVATE","Compiled":1,"CreatedDate":"2016-09-20T23:24:06.000Z","ModifiedDate":"2021-04-27T18:54:15.000Z","StatedArea":null,"ErrorReportedBy":"DATACOMPILATION","Municipality":"0121","OBJECTID":45966,"created_user":"SDE","created_date":"2024-11-12T16:15:31.000Z","last_edited_user":"SDE","last_edited_date":"2026-03-25T16:06:10.000Z","Shape__Area":67901.78803159,"Shape__Length":1093.2623345639486,"CommonName":null,"SourceGlobalID":"{E83B794E-9BCB-47CC-92A8-5A4EB6C1EADE}","Comments":null,"UpdateStatus":"AUTO","UpdateSource":"PMBC"}},{"type":"Feature","geometry":{"type":"MultiPolygon","coordinates":[[[[-117.799572,49.108167],[-117.800122,49.108725],[-117.800536,49.109096],[-117.799651,49.109882],[-117.799557,49.109781],[-117.799615,49.109725],[-117.799624,49.109716],[-117.799631,49.109705],[-117.799637,49.109694],[-117.799641,49.109681],[-117.799643,49.109668],[-117.799642,49.109655],[-117.79963,49.109616],[-117.799613,49.10958],[-117.799605,49.109561],[-117.799599,49.109541],[-117.799596,49.109521],[-117.799597,49.1095],[-117.7996,49.10948],[-117.799607,49.10946],[-117.799625,49.109434],[-117.799646,49.109411],[-117.799669,49.10939],[-117.799716,49.109348],[-117.799757,49.109302],[-117.799794,49.109251],[-117.799806,49.109233],[-117.799815,49.109212],[-117.799821,49.109191],[-117.799824,49.109169],[-117.799823,49.109147],[-117.799819,49.109125],[-117.799808,49.109094],[-117.799793,49.109065],[-117.799776,49.109037],[-117.799757,49.109003],[-117.799745,49.108966],[-117.799745,49.108934],[-117.799749,49.108903],[-117.799757,49.108872],[-117.799771,49.108831],[-117.799779,49.108788],[-117.799782,49.108744],[-117.799779,49.108701],[-117.799771,49.108658],[-117.799763,49.108626],[-117.79975,49.108596],[-117.799733,49.108568],[-117.799711,49.108543],[-117.799686,49.108521],[-117.799639,49.108489],[-117.799589,49.10846],[-117.799568,49.108448],[-117.799549,49.108433],[-117.799532,49.108416],[-117.799529,49.108411],[-117.799527,49.108405],[-117.799526,49.108399],[-117.799526,49.108393],[-117.799526,49.108387],[-117.799528,49.108382],[-117.79953,49.108376],[-117.799534,49.108371],[-117.799572,49.108311],[-117.799575,49.108305],[-117.799578,49.108298],[-117.799579,49.108291],[-117.799579,49.108284],[-117.799578,49.108276],[-117.799576,49.108269],[-117.799572,49.108263],[-117.799568,49.108257],[-117.799525,49.108218],[-117.799523,49.108217],[-117.799521,49.108215],[-117.79952,49.108213],[-117.799519,49.10821],[-117.799518,49.108208],[-117.799517,49.108205],[-117.799517,49.108203],[-117.799518,49.1082],[-117.799518,49.108197],[-117.79952,49.108195],[-117.799536,49.108183],[-117.799553,49.108174],[-117.799572,49.108167]]],[[[-117.798997,49.106466],[-117.799069,49.106361],[-117.799075,49.106438],[-117.799147,49.107344],[-117.799181,49.107774],[-117.799492,49.108088],[-117.799559,49.108156],[-117.799543,49.108161],[-117.799527,49.108168],[-117.799512,49.108178],[-117.799499,49.108189],[-117.799497,49.108193],[-117.799496,49.108196],[-117.799495,49.1082],[-117.799495,49.108204],[-117.799495,49.108208],[-117.799496,49.108212],[-117.799497,49.108215],[-117.799499,49.108218],[-117.799502,49.108221],[-117.799505,49.108224],[-117.799543,49.108257],[-117.799547,49.108261],[-117.799551,49.108266],[-117.799554,49.108272],[-117.799555,49.108277],[-117.799556,49.108283],[-117.799557,49.108289],[-117.799556,49.108295],[-117.799554,49.108301],[-117.799551,49.108306],[-117.799514,49.108365],[-117.799509,49.108371],[-117.799506,49.108379],[-117.799504,49.108386],[-117.799503,49.108394],[-117.799504,49.108402],[-117.799506,49.10841],[-117.799509,49.108417],[-117.799526,49.108437],[-117.799546,49.108453],[-117.799568,49.108467],[-117.799614,49.108494],[-117.799659,49.108523],[-117.799684,49.108542],[-117.799706,49.108565],[-117.799724,49.108591],[-117.799738,49.10862],[-117.799747,49.10865],[-117.799756,49.108693],[-117.79976,49.108738],[-117.799758,49.108782],[-117.79975,49.108826],[-117.799736,49.108869],[-117.799727,49.108901],[-117.799723,49.108934],[-117.799723,49.108968],[-117.799736,49.109007],[-117.799755,49.109043],[-117.799779,49.109083],[-117.799798,49.109127],[-117.799801,49.109148],[-117.799802,49.109169],[-117.799799,49.10919],[-117.799794,49.109211],[-117.799785,49.10923],[-117.799773,49.109248],[-117.799737,49.109297],[-117.799696,49.109343],[-117.799651,49.109383],[-117.799626,49.109405],[-117.799604,49.109431],[-117.799585,49.109459],[-117.799579,49.10948],[-117.799575,49.109501],[-117.799575,49.109522],[-117.799578,49.109543],[-117.799584,49.109564],[-117.799593,49.109583],[-117.799609,49.109618],[-117.799621,49.109655],[-117.799622,49.109666],[-117.79962,49.109678],[-117.799617,49.109689],[-117.799612,49.1097],[-117.799605,49.10971],[-117.799597,49.109718],[-117.799548,49.109764],[-117.798886,49.10833],[-117.798557,49.107663],[-117.798486,49.107519],[-117.798501,49.107328],[-117.798319,49.10706],[-117.798379,49.107015],[-117.798629,49.106828],[-117.798784,49.106712],[-117.798959,49.106521],[-117.798997,49.106466]]]]},"properties":{"GlobalID":"{395B31D2-C2E3-4D8C-9145-CAAC52601718}","Name":"029941547","PlanID":"{2C96A56C-069F-479E-94E9-F516BA9CB5CC}","PlanNumber":"EPP62870","PIN":null,"PID":29941547,"Designation1":"Lot A","Designation2":null,"Designation3":null,"ParcelStatus":"ACTIVE","RegionalDistrict":"0019","ParcelClass":"SUBDIVISION","SourceParcelID":null,"GeometrySource":"SPDS","IsRemainder":null,"ParcelStartDate":"2016-09-27T07:00:00.000Z","PositionalError":0.181078,"LegalDescription":"LOT A TOWNSHIP 28 KOOTENAY DISTRICT PLAN EPP62870","CaptureMethod":"SPDS","OwnerType":"PRIVATE","Compiled":0,"CreatedDate":"2020-12-10T20:38:16.000Z","ModifiedDate":"2026-01-07T22:06:41.000Z","StatedArea":"20233","ErrorReportedBy":"LSA","Municipality":"0163","OBJECTID":45967,"created_user":"SDE","created_date":"2024-11-12T16:15:31.000Z","last_edited_user":"SDE","last_edited_date":"2026-03-25T16:06:10.000Z","Shape__Area":19617.970615705,"Shape__Length":1258.9396798832774,"CommonName":null,"SourceGlobalID":"{9A5D985A-7D5D-4255-8830-3849F9D8A940}","Comments":null,"UpdateStatus":"AUTO","UpdateSource":"PMBC"}},{"type":"Feature","geometry":{"type":"MultiPolygon","coordinates":[[[[-117.799639,49.10802],[-117.799624,49.108048],[-117.799492,49.108088],[-117.799181,49.107774],[-117.799147,49.107344],[-117.799965,49.107081],[-117.799963,49.107107],[-117.79994,49.10716],[-117.799922,49.10721],[-117.799889,49.107239],[-117.799847,49.107283],[-117.799821,49.107325],[-117.799785,49.107369],[-117.799766,49.107406],[-117.79977,49.107439],[-117.799787,49.107461],[-117.799802,49.107507],[-117.799803,49.107538],[-117.799783,49.107571],[-117.799758,49.107615],[-117.79973,49.107653],[-117.799706,49.107692],[-117.799707,49.10775],[-117.799712,49.107807],[-117.799713,49.107853],[-117.799715,49.10788],[-117.799713,49.107907],[-117.799708,49.107933],[-117.799698,49.107958],[-117.799639,49.10802]]],[[[-117.800018,49.107145],[-117.800021,49.107097],[-117.800021,49.107066],[-117.802508,49.106258],[-117.802568,49.106239],[-117.80256,49.106256],[-117.802532,49.10633],[-117.802509,49.106406],[-117.802492,49.106484],[-117.802481,49.106563],[-117.802477,49.106642],[-117.802478,49.106721],[-117.802486,49.1068],[-117.802499,49.106879],[-117.80203,49.107324],[-117.801331,49.107539],[-117.799678,49.10805],[-117.79971,49.108011],[-117.799752,49.107971],[-117.799765,49.107926],[-117.799767,49.107868],[-117.799755,49.10782],[-117.799754,49.107775],[-117.799753,49.107723],[-117.799763,49.107699],[-117.799808,49.107634],[-117.799838,49.107592],[-117.799857,49.107559],[-117.799859,49.107551],[-117.79986,49.107543],[-117.799859,49.107536],[-117.799858,49.107528],[-117.799855,49.107521],[-117.799851,49.107514],[-117.799846,49.107508],[-117.799821,49.107451],[-117.79982,49.107419],[-117.799843,49.107377],[-117.799875,49.107326],[-117.799918,49.107278],[-117.799966,49.107218],[-117.800018,49.107145]]]]},"properties":{"GlobalID":"{29551EF2-F0E6-4960-A959-A9510D2240F4}","Name":"026149427","PlanID":"{74CD12C2-073D-49E7-A362-F23A18D1F088}","PlanNumber":"NEP77083","PIN":null,"PID":26149427,"Designation1":"Lot 5","Designation2":null,"Designation3":null,"ParcelStatus":"ACTIVE","RegionalDistrict":"0019","ParcelClass":"SUBDIVISION","SourceParcelID":null,"GeometrySource":"ICF","IsRemainder":"NO","ParcelStartDate":"2005-01-05T08:00:00.000Z","PositionalError":5.73591928,"LegalDescription":"LOT 5 TOWNSHIP 28 KOOTENAY DISTRICT PLAN NEP77083","CaptureMethod":"UNKNOWN","OwnerType":"PRIVATE","Compiled":1,"CreatedDate":"2016-09-20T23:24:06.000Z","ModifiedDate":"2021-04-27T23:42:38.000Z","StatedArea":null,"ErrorReportedBy":"LSA","Municipality":"0163","OBJECTID":45968,"created_user":"SDE","created_date":"2024-11-12T16:15:31.000Z","last_edited_user":"SDE","last_edited_date":"2026-03-25T16:06:10.000Z","Shape__Area":22468.652941225,"Shape__Length":926.3935592189019,"CommonName":null,"SourceGlobalID":"{B7E2837E-2731-4666-8FA7-7895716132C7}","Comments":null,"UpdateStatus":"AUTO","UpdateSource":"PMBC"}},{"type":"Feature","geometry":{"type":"Polygon","coordinates":[[[-117.80326,49.105421],[-117.803279,49.105613],[-117.804197,49.105612],[-117.804187,49.107223],[-117.804067,49.107256],[-117.803945,49.107283],[-117.803822,49.107304],[-117.803698,49.10732],[-117.803573,49.107329],[-117.803504,49.107336],[-117.803434,49.107336],[-117.803365,49.107329],[-117.803297,49.107315],[-117.80323,49.107294],[-117.803166,49.107267],[-117.803105,49.107234],[-117.803047,49.107195],[-117.802994,49.10715],[-117.802945,49.107101],[-117.802901,49.107046],[-117.802863,49.106988],[-117.802841,49.106917],[-117.802825,49.106844],[-117.802815,49.106771],[-117.802811,49.106696],[-117.802813,49.106622],[-117.802821,49.106548],[-117.802836,49.106475],[-117.802857,49.106404],[-117.802883,49.106334],[-117.802909,49.106267],[-117.80293,49.106197],[-117.802945,49.106126],[-117.802953,49.106054],[-117.802956,49.105982],[-117.802953,49.105909],[-117.802942,49.105855],[-117.802926,49.105802],[-117.802903,49.105751],[-117.802875,49.105703],[-117.802841,49.105659],[-117.802803,49.105619],[-117.80276,49.105584],[-117.802714,49.105549],[-117.802665,49.105517],[-117.80326,49.105421]]]},"properties":{"GlobalID":"{9F037041-EF69-4BF5-B9B5-DE2DED847A44}","Name":"026149451","PlanID":"{74CD12C2-073D-49E7-A362-F23A18D1F088}","PlanNumber":"NEP77083","PIN":null,"PID":26149451,"Designation1":"Lot 8","Designation2":null,"Designation3":null,"ParcelStatus":"ACTIVE","RegionalDistrict":"0019","ParcelClass":"SUBDIVISION","SourceParcelID":null,"GeometrySource":"ICF","IsRemainder":"NO","ParcelStartDate":"2005-01-05T08:00:00.000Z","PositionalError":4.2397628,"LegalDescription":"LOT 8 TOWNSHIP 28 KOOTENAY DISTRICT PLAN NEP77083","CaptureMethod":"UNKNOWN","OwnerType":"PRIVATE","Compiled":1,"CreatedDate":"2016-09-20T23:24:06.000Z","ModifiedDate":"2021-04-27T23:47:29.000Z","StatedArea":null,"ErrorReportedBy":"LSA","Municipality":"0163","OBJECTID":45969,"created_user":"SDE","created_date":"2024-11-12T16:15:31.000Z","last_edited_user":"SDE","last_edited_date":"2026-03-25T16:06:10.000Z","Shape__Area":18324.843065435,"Shape__Length":599.4002113974415,"CommonName":null,"SourceGlobalID":"{47290275-AE24-4A77-96E6-EE5149C3F7CB}","Comments":null,"UpdateStatus":"AUTO","UpdateSource":"PMBC"}},{"type":"Feature","geometry":{"type":"Polygon","coordinates":[[[-117.816086,49.11414],[-117.817709,49.114133],[-117.817662,49.114278],[-117.817612,49.114422],[-117.81715,49.115683],[-117.817074,49.115891],[-117.816895,49.11638],[-117.816111,49.116368],[-117.816111,49.116174],[-117.816086,49.11414]]]},"properties":{"GlobalID":"{AC22C6DB-7436-40D8-8125-E8C7899EA546}","Name":"009724001","PlanID":"{F0566BBE-BC5D-4A0C-B6C6-BC96ADD64B64}","PlanNumber":"NEP17756","PIN":null,"PID":9724001,"Designation1":"Lot A","Designation2":null,"Designation3":null,"ParcelStatus":"ACTIVE","RegionalDistrict":"0019","ParcelClass":"SUBDIVISION","SourceParcelID":null,"GeometrySource":"MODIFIED-ICF","IsRemainder":"NO","ParcelStartDate":null,"PositionalError":7.140346,"LegalDescription":"LOT A TOWNSHIP 28 KOOTENAY DISTRICT PLAN 17756","CaptureMethod":"COGO IN SOURCE","OwnerType":"PRIVATE","Compiled":1,"CreatedDate":"2016-09-20T23:24:06.000Z","ModifiedDate":"2026-01-07T22:06:41.000Z","StatedArea":null,"ErrorReportedBy":"LSA","Municipality":"0163","OBJECTID":45970,"created_user":"SDE","created_date":"2024-11-12T16:15:31.000Z","last_edited_user":"SDE","last_edited_date":"2026-03-25T16:06:10.000Z","Shape__Area":21905.79247,"Shape__Length":680.1767406367022,"CommonName":null,"SourceGlobalID":"{D94A1196-BBFD-4999-92D3-E56590E42512}","Comments":null,"UpdateStatus":"AUTO","UpdateSource":"PMBC"}},{"type":"Feature","geometry":{"type":"Polygon","coordinates":[[[-117.830124,49.08614],[-117.830881,49.084908],[-117.831755,49.085029],[-117.831992,49.085062],[-117.831024,49.087639],[-117.830518,49.087637],[-117.830124,49.08614]]]},"properties":{"GlobalID":"{3E05B5C7-0806-4ACA-A9FF-986651A15999}","Name":"010924094","PlanID":"{B5B7FDF6-176E-4CC5-9236-1A73A2801D04}","PlanNumber":"NEP62X","PIN":null,"PID":10924094,"Designation1":"Lot 20","Designation2":"","Designation3":"","ParcelStatus":"ACTIVE","RegionalDistrict":"0019","ParcelClass":"SUBDIVISION","SourceParcelID":"28618","GeometrySource":"ICF","IsRemainder":"NO","ParcelStartDate":null,"PositionalError":1.60265208,"LegalDescription":"THAT PART OF SUBLOT 20 LYING WITHIN THE BOUNDARIES OF DISTRICT LOT 1829 KNOWN AS OPHIR MINERAL CLAIM SECTION 33 TOWNSHIP 9A KOOTENAY DISTRICT PLAN X62","CaptureMethod":"COGO IN SOURCE","OwnerType":"PRIVATE","Compiled":1,"CreatedDate":"2016-09-20T23:24:06.000Z","ModifiedDate":"2021-04-27T23:31:49.000Z","StatedArea":null,"ErrorReportedBy":"DATACOMPILATION","Municipality":"0121","OBJECTID":45971,"created_user":"SDE","created_date":"2024-11-12T16:15:31.000Z","last_edited_user":"SDE","last_edited_date":"2026-03-25T16:06:10.000Z","Shape__Area":24396.88299778,"Shape__Length":731.489868948683,"CommonName":null,"SourceGlobalID":"{0C146C08-BE49-4994-A2D1-2CDE93E8410E}","Comments":null,"UpdateStatus":"AUTO","UpdateSource":"PMBC"}},{"type":"Feature","geometry":{"type":"Polygon","coordinates":[[[-117.836358,49.087654],[-117.836357,49.087823],[-117.836078,49.087653],[-117.836358,49.087654]]]},"properties":{"GlobalID":"{3841A9F2-1CF2-48E0-BDD7-37E0D5BDF7A7}","Name":"024285625","PlanID":"{119B6899-4DF9-47A0-AE97-81F2976AE85F}","PlanNumber":"NEP60X","PIN":null,"PID":24285625,"Designation1":"Lot 34","Designation2":null,"Designation3":null,"ParcelStatus":"ACTIVE","RegionalDistrict":"0019","ParcelClass":"SUBDIVISION","SourceParcelID":"28798","GeometrySource":"ICF","IsRemainder":"NO","ParcelStartDate":"1999-06-03T07:00:00.000Z","PositionalError":7.64870834,"LegalDescription":"SUBLOT 34 TOWNSHIP 28 KOOTENAY DISTRICT PLAN X60","CaptureMethod":"COGO IN SOURCE","OwnerType":"PRIVATE","Compiled":1,"CreatedDate":"2016-09-20T23:24:06.000Z","ModifiedDate":"2021-04-27T23:31:49.000Z","StatedArea":null,"ErrorReportedBy":"LSA","Municipality":"0121","OBJECTID":45972,"created_user":"SDE","created_date":"2024-11-12T16:15:31.000Z","last_edited_user":"SDE","last_edited_date":"2026-03-25T16:06:10.000Z","Shape__Area":191.387664975,"Shape__Length":66.89829872611546,"CommonName":null,"SourceGlobalID":"{D426253F-A6EB-43C4-84B6-93FC0102B699}","Comments":null,"UpdateStatus":"AUTO","UpdateSource":"PMBC"}},{"type":"Feature","geometry":{"type":"Polygon","coordinates":[[[-117.801391,49.109013],[-117.800536,49.109096],[-117.800122,49.108725],[-117.802391,49.107982],[-117.802764,49.107283],[-117.802828,49.107324],[-117.802894,49.107359],[-117.802963,49.107391],[-117.803035,49.107417],[-117.803107,49.107438],[-117.803181,49.107455],[-117.803245,49.10891],[-117.802318,49.108963],[-117.801391,49.109013]]]},"properties":{"GlobalID":"{DF4DD3A3-CDCD-46FC-986A-D84A45686FB6}","Name":"026149401","PlanID":"{74CD12C2-073D-49E7-A362-F23A18D1F088}","PlanNumber":"NEP77083","PIN":null,"PID":26149401,"Designation1":"Lot 3","Designation2":null,"Designation3":null,"ParcelStatus":"ACTIVE","RegionalDistrict":"0019","ParcelClass":"SUBDIVISION","SourceParcelID":null,"GeometrySource":"ICF","IsRemainder":"NO","ParcelStartDate":"2005-01-05T08:00:00.000Z","PositionalError":3.17394714,"LegalDescription":"LOT 3 TOWNSHIP 28 KOOTENAY DISTRICT PLAN NEP77083","CaptureMethod":"UNKNOWN","OwnerType":"PRIVATE","Compiled":1,"CreatedDate":"2016-09-20T23:24:06.000Z","ModifiedDate":"2021-04-27T23:34:03.000Z","StatedArea":null,"ErrorReportedBy":"LSA","Municipality":"0163","OBJECTID":45973,"created_user":"SDE","created_date":"2024-11-12T16:15:31.000Z","last_edited_user":"SDE","last_edited_date":"2026-03-25T16:06:10.000Z","Shape__Area":21443.403705745,"Shape__Length":715.6694465116484,"CommonName":null,"SourceGlobalID":"{51F7AC0D-0D93-4C31-AA6C-BFB53E890B79}","Comments":null,"UpdateStatus":"AUTO","UpdateSource":"PMBC"}},{"type":"Feature","geometry":{"type":"MultiPolygon","coordinates":[[[[-117.799292,49.109986],[-117.799234,49.110054],[-117.799226,49.110086],[-117.799234,49.110116],[-117.799258,49.110153],[-117.799291,49.110182],[-117.799253,49.110216],[-117.799239,49.110231],[-117.799201,49.110269],[-117.799127,49.110335],[-117.798938,49.110429],[-117.798916,49.110374],[-117.797749,49.107493],[-117.797656,49.107262],[-117.797735,49.107247],[-117.798028,49.107187],[-117.798319,49.10706],[-117.798501,49.107328],[-117.798486,49.107519],[-117.798557,49.107663],[-117.798886,49.10833],[-117.799548,49.109764],[-117.79951,49.109809],[-117.799482,49.109844],[-117.799467,49.109862],[-117.799368,49.109913],[-117.799292,49.109986]]],[[[-117.799557,49.109781],[-117.799651,49.109882],[-117.799308,49.110167],[-117.799279,49.110141],[-117.799258,49.11011],[-117.799255,49.110086],[-117.799264,49.110057],[-117.799319,49.109998],[-117.799387,49.109929],[-117.799459,49.109893],[-117.79949,49.109874],[-117.799524,49.109834],[-117.799557,49.109781]]]]},"properties":{"GlobalID":"{40068ECF-8928-48C7-83BA-368CC773693E}","Name":"029155363","PlanID":"{F711F8DB-46A9-4371-9365-1A9530B1F7C3}","PlanNumber":"EPP25686","PIN":null,"PID":29155363,"Designation1":"Lot 5","Designation2":null,"Designation3":null,"ParcelStatus":"ACTIVE","RegionalDistrict":"0019","ParcelClass":"SUBDIVISION","SourceParcelID":null,"GeometrySource":"ICF","IsRemainder":"NO","ParcelStartDate":"2013-09-13T07:00:00.000Z","PositionalError":3.46426808,"LegalDescription":"LOT 5 TOWNSHIP 28 KOOTENAY DISTRICT PLAN EPP25686","CaptureMethod":"UNKNOWN","OwnerType":"PRIVATE","Compiled":0,"CreatedDate":"2020-12-10T22:40:22.000Z","ModifiedDate":"2021-04-27T23:34:03.000Z","StatedArea":null,"ErrorReportedBy":"LSA","Municipality":"0163","OBJECTID":45974,"created_user":"SDE","created_date":"2024-11-12T16:15:31.000Z","last_edited_user":"SDE","last_edited_date":"2026-03-25T16:06:10.000Z","Shape__Area":19897.87668461,"Shape__Length":932.0321807889037,"CommonName":null,"SourceGlobalID":"{EBBE2D27-D059-47BC-8BAF-29979A40545D}","Comments":null,"UpdateStatus":"AUTO","UpdateSource":"PMBC"}},{"type":"Feature","geometry":{"type":"MultiPolygon","coordinates":[[[[-117.804318,49.108722],[-117.804371,49.108719],[-117.804425,49.108722],[-117.804472,49.108723],[-117.804518,49.108726],[-117.804627,49.108726],[-117.804623,49.109204],[-117.803943,49.109206],[-117.803292,49.109209],[-117.803246,49.109101],[-117.803347,49.109066],[-117.803415,49.109036],[-117.803484,49.109009],[-117.803504,49.108999],[-117.803524,49.108993],[-117.803545,49.10899],[-117.803585,49.108986],[-117.803626,49.108986],[-117.803716,49.108986],[-117.803778,49.108965],[-117.80384,49.10894],[-117.803875,49.108931],[-117.803909,49.108918],[-117.803941,49.108902],[-117.803995,49.108871],[-117.804036,49.108855],[-117.804077,49.108837],[-117.804114,49.108787],[-117.804128,49.10878],[-117.804142,49.108771],[-117.804154,49.10876],[-117.804171,49.108752],[-117.804188,49.108742],[-117.804203,49.10873],[-117.804212,49.10873],[-117.804221,49.108729],[-117.80423,49.108726],[-117.804238,49.108722],[-117.804278,49.108719],[-117.804318,49.108722]]],[[[-117.803245,49.10891],[-117.803181,49.107455],[-117.80327,49.107469],[-117.803359,49.107478],[-117.803448,49.107481],[-117.803538,49.107477],[-117.803735,49.107458],[-117.804135,49.107511],[-117.804342,49.107469],[-117.80462,49.10751],[-117.804618,49.108669],[-117.804584,49.10868],[-117.804548,49.108685],[-117.804512,49.108685],[-117.80444,49.108681],[-117.804328,49.108677],[-117.804269,49.108677],[-117.804221,49.108677],[-117.804174,49.108685],[-117.804164,49.108691],[-117.804154,49.108696],[-117.804143,49.108699],[-117.804132,49.1087],[-117.804115,49.108719],[-117.804073,49.108741],[-117.804012,49.108814],[-117.803931,49.108851],[-117.803847,49.108882],[-117.803794,49.108909],[-117.80371,49.108932],[-117.8037,49.108937],[-117.803689,49.108941],[-117.803678,49.108943],[-117.803667,49.108943],[-117.803562,49.108943],[-117.803501,49.108951],[-117.80344,49.108966],[-117.803394,49.108981],[-117.803347,49.108992],[-117.803279,49.109015],[-117.803268,49.10901],[-117.803257,49.109006],[-117.803245,49.109004],[-117.803245,49.10891]]]]},"properties":{"GlobalID":"{F2C38E40-13EB-4BF4-A634-CFFC3FD079A3}","Name":"026149397","PlanID":"{74CD12C2-073D-49E7-A362-F23A18D1F088}","PlanNumber":"NEP77083","PIN":null,"PID":26149397,"Designation1":"Lot 2","Designation2":null,"Designation3":null,"ParcelStatus":"ACTIVE","RegionalDistrict":"0019","ParcelClass":"SUBDIVISION","SourceParcelID":null,"GeometrySource":"ICF","IsRemainder":"NO","ParcelStartDate":"2005-01-05T08:00:00.000Z","PositionalError":5.4653745,"LegalDescription":"LOT 2 TOWNSHIP 28 KOOTENAY DISTRICT PLAN NEP77083","CaptureMethod":"UNKNOWN","OwnerType":"PRIVATE","Compiled":1,"CreatedDate":"2016-09-20T23:24:06.000Z","ModifiedDate":"2026-01-07T22:06:41.000Z","StatedArea":null,"ErrorReportedBy":"LSA","Municipality":"0163","OBJECTID":45975,"created_user":"SDE","created_date":"2024-11-12T16:15:31.000Z","last_edited_user":"SDE","last_edited_date":"2026-03-25T16:06:10.000Z","Shape__Area":18994.5253731,"Shape__Length":800.8446268054224,"CommonName":null,"SourceGlobalID":"{04DA6A41-D616-4E73-B31F-CE780AB1F6A3}","Comments":null,"UpdateStatus":"AUTO","UpdateSource":"PMBC"}},{"type":"Feature","geometry":{"type":"Polygon","coordinates":[[[-117.794367,49.109465],[-117.793996,49.109443],[-117.793662,49.109493],[-117.793486,49.109095],[-117.795121,49.106839],[-117.79544,49.106946],[-117.795543,49.106981],[-117.79559,49.106999],[-117.795635,49.107023],[-117.795676,49.107053],[-117.795713,49.107088],[-117.79587,49.10727],[-117.795861,49.107293],[-117.795856,49.107318],[-117.795855,49.107343],[-117.795858,49.107367],[-117.795865,49.107391],[-117.795876,49.107413],[-117.795891,49.107433],[-117.795908,49.107451],[-117.794377,49.109102],[-117.794367,49.109465]]]},"properties":{"GlobalID":"{EA9CD510-C19F-4E63-8F93-3C42F4C4AFBF}","Name":"029155274","PlanID":"{F711F8DB-46A9-4371-9365-1A9530B1F7C3}","PlanNumber":"EPP25686","PIN":null,"PID":29155274,"Designation1":"Lot 1","Designation2":null,"Designation3":null,"ParcelStatus":"ACTIVE","RegionalDistrict":"0019","ParcelClass":"SUBDIVISION","SourceParcelID":null,"GeometrySource":"MODIFIED-ICF","IsRemainder":"NO","ParcelStartDate":"2013-09-13T07:00:00.000Z","PositionalError":2.25378153,"LegalDescription":"LOT 1 TOWNSHIP 28 KOOTENAY DISTRICT PLAN EPP25686","CaptureMethod":"UNKNOWN","OwnerType":"PRIVATE","Compiled":1,"CreatedDate":"2016-09-20T23:24:06.000Z","ModifiedDate":"2021-04-27T23:31:49.000Z","StatedArea":null,"ErrorReportedBy":"LSA","Municipality":"0163","OBJECTID":45976,"created_user":"SDE","created_date":"2024-11-12T16:15:31.000Z","last_edited_user":"SDE","last_edited_date":"2026-03-25T16:06:10.000Z","Shape__Area":20476.88852279,"Shape__Length":727.6160115884512,"CommonName":null,"SourceGlobalID":"{3144EAF7-77E8-4067-8ADD-65A24AD5B13A}","Comments":null,"UpdateStatus":"AUTO","UpdateSource":"PMBC"}},{"type":"Feature","geometry":{"type":"Polygon","coordinates":[[[-117.808729,49.102379],[-117.80918,49.102312],[-117.809215,49.102435],[-117.809165,49.102482],[-117.809136,49.102486],[-117.809064,49.102495],[-117.809076,49.102539],[-117.808732,49.102598],[-117.808729,49.102379]]]},"properties":{"GlobalID":"{64C73C90-E851-4828-A72F-288A4ED6A4CB}","Name":"026869667","PlanID":"{87DDAB21-4F6F-4B03-A195-5AE56A2D8E67}","PlanNumber":"NES3110","PIN":null,"PID":26869667,"Designation1":"Lot 3","Designation2":null,"Designation3":null,"ParcelStatus":"ACTIVE","RegionalDistrict":"0019","ParcelClass":"BARE LAND STRATA","SourceParcelID":"30021","GeometrySource":"ICF","IsRemainder":"NO","ParcelStartDate":"2006-11-10T08:00:00.000Z","PositionalError":3.4113627,"LegalDescription":"STRATA LOT 3 SECTION 3 TOWNSHIP 28 KOOTENAY DISTRICT STRATA PLAN NES3110 TOGETHER WITH AN INTEREST IN THE COMMON PROPERTY IN PROPORTION TO THE UNIT ENTITLEMENT OF THE STRATA LOT AS SHOWN ON FORM V","CaptureMethod":"COGO IN SOURCE","OwnerType":"PRIVATE","Compiled":1,"CreatedDate":"2016-09-20T23:24:06.000Z","ModifiedDate":"2026-03-13T23:29:49.000Z","StatedArea":null,"ErrorReportedBy":"LSA","Municipality":"0121","OBJECTID":45977,"created_user":"SDE","created_date":"2024-11-12T16:15:31.000Z","last_edited_user":"SDE","last_edited_date":"2026-03-25T16:06:10.000Z","Shape__Area":764.522536835,"Shape__Length":116.96452993620774,"CommonName":null,"SourceGlobalID":"{7C87F563-3F2A-44E0-87EB-2C7254299584}","Comments":null,"UpdateStatus":"AUTO","UpdateSource":"PMBC"}},{"type":"Feature","geometry":{"type":"Polygon","coordinates":[[[-117.81224,49.108979],[-117.812218,49.107396],[-117.812435,49.107395],[-117.812836,49.107395],[-117.814245,49.107383],[-117.814259,49.108059],[-117.814277,49.109203],[-117.814236,49.109202],[-117.814156,49.1092],[-117.814132,49.109176],[-117.814104,49.109157],[-117.814073,49.109143],[-117.81404,49.109134],[-117.814007,49.10913],[-117.813973,49.109132],[-117.81394,49.109139],[-117.813908,49.109152],[-117.81388,49.10917],[-117.813084,49.109543],[-117.812533,49.109175],[-117.81224,49.108979]]]},"properties":{"GlobalID":"{FA80CD79-30D3-443F-8B9B-32DDC1A36532}","Name":"023616431","PlanID":"{22245C20-6D38-48DD-BC9F-A5FA3C077950}","PlanNumber":"NEP23520","PIN":null,"PID":23616431,"Designation1":"Lot 3","Designation2":null,"Designation3":null,"ParcelStatus":"ACTIVE","RegionalDistrict":"0019","ParcelClass":"SUBDIVISION","SourceParcelID":null,"GeometrySource":"MODIFIED-ICF","IsRemainder":"NO","ParcelStartDate":"1996-12-03T08:00:00.000Z","PositionalError":6.1923782,"LegalDescription":"LOT 3 TOWNSHIP 28 KOOTENAY DISTRICT PLAN NEP23520","CaptureMethod":"UNKNOWN","OwnerType":"PRIVATE","Compiled":1,"CreatedDate":"2016-09-20T23:24:06.000Z","ModifiedDate":"2026-01-07T22:06:41.000Z","StatedArea":null,"ErrorReportedBy":"LSA","Municipality":"0163","OBJECTID":45978,"created_user":"SDE","created_date":"2024-11-12T16:15:31.000Z","last_edited_user":"SDE","last_edited_date":"2026-03-25T16:06:10.000Z","Shape__Area":31129.87427255,"Shape__Length":719.183138757863,"CommonName":null,"SourceGlobalID":"{E3ABED73-3319-45C3-BD04-9AB1BA6EAE95}","Comments":null,"UpdateStatus":"AUTO","UpdateSource":"PMBC"}},{"type":"Feature","geometry":{"type":"Polygon","coordinates":[[[-117.792249,49.112939],[-117.793842,49.11256],[-117.794328,49.112301],[-117.794983,49.111953],[-117.795091,49.11642],[-117.792314,49.116432],[-117.792249,49.112939]]]},"properties":{"GlobalID":"{41D4CC7A-AA6D-432B-9FAC-9B08FC3BADF4}","Name":"015855261","PlanID":"{0992A533-8887-45C4-A254-518C1BDF7A4F}","PlanNumber":"NEP1245","PIN":null,"PID":15855261,"Designation1":"Lot 8","Designation2":null,"Designation3":null,"ParcelStatus":"ACTIVE","RegionalDistrict":"0019","ParcelClass":"SUBDIVISION","SourceParcelID":null,"GeometrySource":"MODIFIED-ICF","IsRemainder":"NO","ParcelStartDate":null,"PositionalError":10.590616,"LegalDescription":"LOT 8 TOWNSHIP 28 KOOTENAY DISTRICT PLAN 1245","CaptureMethod":"UNKNOWN","OwnerType":"PRIVATE","Compiled":1,"CreatedDate":"2016-09-20T23:24:06.000Z","ModifiedDate":"2026-01-07T22:06:41.000Z","StatedArea":null,"ErrorReportedBy":"LSA","Municipality":"0163","OBJECTID":45979,"created_user":"SDE","created_date":"2024-11-12T16:15:31.000Z","last_edited_user":"SDE","last_edited_date":"2026-03-25T16:06:10.000Z","Shape__Area":87138.40045245,"Shape__Length":1318.460562935812,"CommonName":null,"SourceGlobalID":"{4B3A4926-B7CB-4EC0-98F5-4FFADD1B1342}","Comments":null,"UpdateStatus":"AUTO","UpdateSource":"PMBC"}},{"type":"Feature","geometry":{"type":"MultiPolygon","coordinates":[[[[-117.804862,49.108638],[-117.804889,49.108641],[-117.804915,49.108647],[-117.80494,49.108657],[-117.804959,49.108658],[-117.804978,49.108661],[-117.804999,49.108661],[-117.80502,49.108657],[-117.805092,49.108635],[-117.805146,49.108614],[-117.805201,49.108597],[-117.80527,49.10857],[-117.80533,49.108543],[-117.805367,49.10853],[-117.805405,49.10852],[-117.805446,49.108504],[-117.805489,49.10849],[-117.80559,49.10849],[-117.805636,49.108498],[-117.80566,49.108507],[-117.805686,49.108513],[-117.805691,49.10852],[-117.805697,49.108526],[-117.805704,49.10853],[-117.805712,49.108534],[-117.80572,49.108536],[-117.805777,49.108531],[-117.805833,49.108524],[-117.805879,49.109199],[-117.805331,49.109201],[-117.804623,49.109204],[-117.804627,49.108726],[-117.80467,49.108706],[-117.804715,49.108692],[-117.804738,49.108676],[-117.804759,49.108657],[-117.804792,49.108646],[-117.804827,49.10864],[-117.804862,49.108638]]],[[[-117.804618,49.108669],[-117.80462,49.10751],[-117.804655,49.107518],[-117.804829,49.107372],[-117.804889,49.107086],[-117.805041,49.107036],[-117.8052,49.106993],[-117.805366,49.106966],[-117.805823,49.106901],[-117.805823,49.107015],[-117.805823,49.107446],[-117.80583,49.108434],[-117.80583,49.108468],[-117.805808,49.108476],[-117.805773,49.108485],[-117.805737,49.108488],[-117.805728,49.108477],[-117.805682,49.108465],[-117.805637,49.10845],[-117.805608,49.108449],[-117.805579,49.108446],[-117.805551,49.108446],[-117.805522,49.108443],[-117.805481,49.108444],[-117.80544,49.10845],[-117.805411,49.108462],[-117.805383,49.108477],[-117.805322,49.108498],[-117.805263,49.108523],[-117.805165,49.108558],[-117.805132,49.108573],[-117.805097,49.108585],[-117.805061,49.108593],[-117.805051,49.1086],[-117.80504,49.108607],[-117.805028,49.108612],[-117.804952,49.108612],[-117.804915,49.108602],[-117.804878,49.108597],[-117.804841,49.108597],[-117.804799,49.1086],[-117.804756,49.1086],[-117.804734,49.108608],[-117.804712,49.10862],[-117.804708,49.108626],[-117.804702,49.108632],[-117.804695,49.108637],[-117.804688,49.10864],[-117.80468,49.108643],[-117.80465,49.108658],[-117.804618,49.108669]]]]},"properties":{"GlobalID":"{E373FD43-4A74-4A74-BB8B-9217EA668D6F}","Name":"026149371","PlanID":"{74CD12C2-073D-49E7-A362-F23A18D1F088}","PlanNumber":"NEP77083","PIN":null,"PID":26149371,"Designation1":"Lot 1","Designation2":null,"Designation3":null,"ParcelStatus":"ACTIVE","RegionalDistrict":"0019","ParcelClass":"SUBDIVISION","SourceParcelID":null,"GeometrySource":"ICF","IsRemainder":"NO","ParcelStartDate":"2005-01-05T08:00:00.000Z","PositionalError":5.3900069,"LegalDescription":"LOT 1 TOWNSHIP 28 KOOTENAY DISTRICT PLAN NEP77083","CaptureMethod":"UNKNOWN","OwnerType":"PRIVATE","Compiled":1,"CreatedDate":"2016-09-20T23:24:06.000Z","ModifiedDate":"2026-01-07T22:06:41.000Z","StatedArea":null,"ErrorReportedBy":"LSA","Municipality":"0163","OBJECTID":45980,"created_user":"SDE","created_date":"2024-11-12T16:15:31.000Z","last_edited_user":"SDE","last_edited_date":"2026-03-25T16:06:10.000Z","Shape__Area":20489.69821775,"Shape__Length":847.0411526421324,"CommonName":null,"SourceGlobalID":"{257CED5F-02E8-4528-8920-7DA3F1FE7CD0}","Comments":null,"UpdateStatus":"AUTO","UpdateSource":"PMBC"}},{"type":"Feature","geometry":{"type":"Polygon","coordinates":[[[-117.803293,49.109256],[-117.803292,49.109209],[-117.803943,49.109206],[-117.804366,49.111545],[-117.804083,49.111666],[-117.803635,49.111689],[-117.803312,49.111824],[-117.803293,49.109256]]]},"properties":{"GlobalID":"{31695BA0-1822-4543-A2A4-AA9507D7F08A}","Name":"024817112","PlanID":"{C840C4F8-4BAC-403D-93C8-A1D8EF9248DA}","PlanNumber":"NEP67129","PIN":null,"PID":24817112,"Designation1":"Lot B","Designation2":null,"Designation3":null,"ParcelStatus":"ACTIVE","RegionalDistrict":"0019","ParcelClass":"SUBDIVISION","SourceParcelID":null,"GeometrySource":"ICF","IsRemainder":"NO","ParcelStartDate":"2000-07-13T07:00:00.000Z","PositionalError":3.9516603,"LegalDescription":"LOT B TOWNSHIP 28 KOOTENAY DISTRICT PLAN NEP67129","CaptureMethod":"UNKNOWN","OwnerType":"PRIVATE","Compiled":1,"CreatedDate":"2016-09-20T23:24:06.000Z","ModifiedDate":"2025-09-04T18:03:30.000Z","StatedArea":null,"ErrorReportedBy":"LSA","Municipality":"0163","OBJECTID":45981,"created_user":"SDE","created_date":"2024-11-12T16:15:31.000Z","last_edited_user":"SDE","last_edited_date":"2026-03-25T16:06:10.000Z","Shape__Area":17368.642939735,"Shape__Length":685.5375237928173,"CommonName":null,"SourceGlobalID":"{DE360296-C538-4131-B65D-B6E08294F437}","Comments":null,"UpdateStatus":"AUTO","UpdateSource":"PMBC"}},{"type":"Feature","geometry":{"type":"Polygon","coordinates":[[[-117.786776,49.092057],[-117.785611,49.092571],[-117.785238,49.092735],[-117.783944,49.093302],[-117.782635,49.093877],[-117.780984,49.092354],[-117.779755,49.091225],[-117.783492,49.089015],[-117.783713,49.089426],[-117.783915,49.08938],[-117.786776,49.092057]]]},"properties":{"GlobalID":"{74AFC520-93D8-47AE-A217-12A9FE40F121}","Name":"028005112","PlanID":"{F0DB3B36-A152-4C45-B118-275779D2B1D7}","PlanNumber":"NO_PLAN","PIN":null,"PID":28005112,"Designation1":"798","Designation2":null,"Designation3":null,"ParcelStatus":"ACTIVE","RegionalDistrict":"0019","ParcelClass":"SUBDIVISION","SourceParcelID":null,"GeometrySource":"ICF","IsRemainder":"NO","ParcelStartDate":"2009-09-15T07:00:00.000Z","PositionalError":7.5175009,"LegalDescription":"DISTRICT LOT 798 KOOTENAY DISTRICT KNOWN AS THE \"TIP-TOP\" MINERAL CLAIM","CaptureMethod":"UNKNOWN","OwnerType":"PRIVATE","Compiled":1,"CreatedDate":"2016-09-20T23:24:06.000Z","ModifiedDate":"2021-04-27T23:31:49.000Z","StatedArea":null,"ErrorReportedBy":"LSA","Municipality":"0163","OBJECTID":45982,"created_user":"SDE","created_date":"2024-11-12T16:15:31.000Z","last_edited_user":"SDE","last_edited_date":"2026-03-25T16:06:10.000Z","Shape__Area":141401.81509282,"Shape__Length":1520.696929324667,"CommonName":null,"SourceGlobalID":"{9A7BB4FF-5665-44BD-B1CF-B08250E0E01B}","Comments":null,"UpdateStatus":"AUTO","UpdateSource":"PMBC"}},{"type":"Feature","geometry":{"type":"Polygon","coordinates":[[[-117.820969,49.091644],[-117.821094,49.091651],[-117.821082,49.091733],[-117.820958,49.091726],[-117.820969,49.091644]]]},"properties":{"GlobalID":"{54FF50E1-065D-49D0-86C6-26BE8F63A9CB}","Name":"017011469","PlanID":"{119B6899-4DF9-47A0-AE97-81F2976AE85F}","PlanNumber":"NEP60X","PIN":null,"PID":17011469,"Designation1":"Lot 15","Designation2":null,"Designation3":null,"ParcelStatus":"ACTIVE","RegionalDistrict":"0019","ParcelClass":"SUBDIVISION","SourceParcelID":"28952","GeometrySource":"ICF","IsRemainder":"NO","ParcelStartDate":null,"PositionalError":5.74889315,"LegalDescription":"THAT PART OF SUBLOT 15 TOWNSHIP 28 KOOTENAY DISTRICT PLAN X60 INCLUDED IN REFERENCE PLAN 89357I","CaptureMethod":"COGO IN SOURCE","OwnerType":"FEDERAL","Compiled":1,"CreatedDate":"2016-09-20T23:24:06.000Z","ModifiedDate":"2021-04-27T23:31:49.000Z","StatedArea":null,"ErrorReportedBy":"LSA","Municipality":"0121","OBJECTID":45983,"created_user":"SDE","created_date":"2024-11-12T16:15:31.000Z","last_edited_user":"SDE","last_edited_date":"2026-03-25T16:06:10.000Z","Shape__Area":83.61503328,"Shape__Length":36.57650256565504,"CommonName":null,"SourceGlobalID":"{68BA3ADD-225C-4D31-972A-78828EC76A5E}","Comments":null,"UpdateStatus":"AUTO","UpdateSource":"PMBC"}},{"type":"Feature","geometry":{"type":"Polygon","coordinates":[[[-117.809714,49.110955],[-117.809745,49.10987],[-117.810315,49.109248],[-117.810314,49.109183],[-117.810291,49.107411],[-117.812218,49.107396],[-117.81224,49.108979],[-117.811825,49.109177],[-117.811493,49.109336],[-117.810249,49.109937],[-117.81023,49.110175],[-117.810205,49.110489],[-117.810164,49.111016],[-117.809714,49.110955]]]},"properties":{"GlobalID":"{45BA55E3-CC60-49B5-8F42-BD35D5AB8B73}","Name":"023616440","PlanID":"{22245C20-6D38-48DD-BC9F-A5FA3C077950}","PlanNumber":"NEP23520","PIN":null,"PID":23616440,"Designation1":"Lot 4","Designation2":null,"Designation3":null,"ParcelStatus":"ACTIVE","RegionalDistrict":"0019","ParcelClass":"SUBDIVISION","SourceParcelID":null,"GeometrySource":"ICF","IsRemainder":"NO","ParcelStartDate":"1996-12-03T08:00:00.000Z","PositionalError":6.1275327,"LegalDescription":"LOT 4 TOWNSHIP 28 KOOTENAY DISTRICT PLAN NEP23520","CaptureMethod":"UNKNOWN","OwnerType":"PRIVATE","Compiled":1,"CreatedDate":"2016-09-20T23:24:06.000Z","ModifiedDate":"2025-09-04T18:03:30.000Z","StatedArea":null,"ErrorReportedBy":"LSA","Municipality":"0163","OBJECTID":45984,"created_user":"SDE","created_date":"2024-11-12T16:15:31.000Z","last_edited_user":"SDE","last_edited_date":"2026-03-25T16:06:10.000Z","Shape__Area":37672.16917335,"Shape__Length":1056.054283770022,"CommonName":null,"SourceGlobalID":"{104989DA-F220-44A5-A9AF-20DDE37FF6C2}","Comments":null,"UpdateStatus":"AUTO","UpdateSource":"PMBC"}},{"type":"Feature","geometry":{"type":"Polygon","coordinates":[[[-117.808727,49.10217],[-117.809149,49.10213],[-117.809155,49.102191],[-117.809166,49.102252],[-117.80918,49.102312],[-117.808729,49.102379],[-117.808727,49.10217]]]},"properties":{"GlobalID":"{C2BE0433-7115-4087-82CB-32508AC0DAED}","Name":"026869659","PlanID":"{87DDAB21-4F6F-4B03-A195-5AE56A2D8E67}","PlanNumber":"NES3110","PIN":null,"PID":26869659,"Designation1":"Lot 2","Designation2":null,"Designation3":null,"ParcelStatus":"ACTIVE","RegionalDistrict":"0019","ParcelClass":"BARE LAND STRATA","SourceParcelID":"30020","GeometrySource":"ICF","IsRemainder":"NO","ParcelStartDate":"2006-11-10T08:00:00.000Z","PositionalError":3.1771848,"LegalDescription":"STRATA LOT 2 SECTION 3 TOWNSHIP 28 KOOTENAY DISTRICT STRATA PLAN NES3110 TOGETHER WITH AN INTEREST IN THE COMMON PROPERTY IN PROPORTION TO THE UNIT ENTITLEMENT OF THE STRATA LOT AS SHOWN ON FORM V","CaptureMethod":"COGO IN SOURCE","OwnerType":"PRIVATE","Compiled":1,"CreatedDate":"2016-09-20T23:24:06.000Z","ModifiedDate":"2026-03-13T23:29:49.000Z","StatedArea":null,"ErrorReportedBy":"LSA","Municipality":"0121","OBJECTID":45985,"created_user":"SDE","created_date":"2024-11-12T16:15:31.000Z","last_edited_user":"SDE","last_edited_date":"2026-03-25T16:06:10.000Z","Shape__Area":696.57023932,"Shape__Length":108.49382633972219,"CommonName":null,"SourceGlobalID":"{DF3DC61F-EDF2-4DF0-885D-1778E396AABF}","Comments":null,"UpdateStatus":"AUTO","UpdateSource":"PMBC"}},{"type":"Feature","geometry":{"type":"Polygon","coordinates":[[[-117.809298,49.102733],[-117.809313,49.10279],[-117.808734,49.102792],[-117.808732,49.102598],[-117.809076,49.102539],[-117.809088,49.102583],[-117.809168,49.102573],[-117.80919,49.102571],[-117.809262,49.102604],[-117.809298,49.102733]]]},"properties":{"GlobalID":"{5D3CE9BC-5BB1-4F3E-841A-E2319DF111F6}","Name":"026869675","PlanID":"{87DDAB21-4F6F-4B03-A195-5AE56A2D8E67}","PlanNumber":"NES3110","PIN":null,"PID":26869675,"Designation1":"Lot 4","Designation2":null,"Designation3":null,"ParcelStatus":"ACTIVE","RegionalDistrict":"0019","ParcelClass":"BARE LAND STRATA","SourceParcelID":"30022","GeometrySource":"ICF","IsRemainder":"NO","ParcelStartDate":"2006-11-10T08:00:00.000Z","PositionalError":3.4392995,"LegalDescription":"STRATA LOT 4 SECTION 3 TOWNSHIP 28 KOOTENAY DISTRICT STRATA PLAN NES3110 TOGETHER WITH AN INTEREST IN THE COMMON PROPERTY IN PROPORTION TO THE UNIT ENTITLEMENT OF THE STRATA LOT AS SHOWN ON FORM V","CaptureMethod":"COGO IN SOURCE","OwnerType":"PRIVATE","Compiled":1,"CreatedDate":"2016-09-20T23:24:06.000Z","ModifiedDate":"2021-04-27T23:31:49.000Z","StatedArea":null,"ErrorReportedBy":"LSA","Municipality":"0121","OBJECTID":45986,"created_user":"SDE","created_date":"2024-11-12T16:15:31.000Z","last_edited_user":"SDE","last_edited_date":"2026-03-25T16:06:10.000Z","Shape__Area":977.51434545,"Shape__Length":129.81394009601024,"CommonName":null,"SourceGlobalID":"{9E58682D-4318-40AC-9154-47968CC5FB8D}","Comments":null,"UpdateStatus":"AUTO","UpdateSource":"PMBC"}},{"type":"Feature","geometry":{"type":"Polygon","coordinates":[[[-117.809398,49.102589],[-117.809865,49.102522],[-117.809865,49.102787],[-117.8095,49.102789],[-117.809454,49.102789],[-117.80943,49.102703],[-117.809398,49.102589]]]},"properties":{"GlobalID":"{75A5D4E7-B240-4B2F-8F94-40EED78EEAE3}","Name":"026869683","PlanID":"{87DDAB21-4F6F-4B03-A195-5AE56A2D8E67}","PlanNumber":"NES3110","PIN":null,"PID":26869683,"Designation1":"Lot 5","Designation2":null,"Designation3":null,"ParcelStatus":"ACTIVE","RegionalDistrict":"0019","ParcelClass":"BARE LAND STRATA","SourceParcelID":"30026","GeometrySource":"ICF","IsRemainder":"NO","ParcelStartDate":"2006-11-10T08:00:00.000Z","PositionalError":3.261851,"LegalDescription":"STRATA LOT 5 SECTION 3 TOWNSHIP 28 KOOTENAY DISTRICT STRATA PLAN NES3110 TOGETHER WITH AN INTEREST IN THE COMMON PROPERTY IN PROPORTION TO THE UNIT ENTITLEMENT OF THE STRATA LOT AS SHOWN ON FORM V","CaptureMethod":"COGO IN SOURCE","OwnerType":"PRIVATE","Compiled":1,"CreatedDate":"2016-09-20T23:24:06.000Z","ModifiedDate":"2026-03-13T23:29:49.000Z","StatedArea":null,"ErrorReportedBy":"LSA","Municipality":"0121","OBJECTID":45987,"created_user":"SDE","created_date":"2024-11-12T16:15:31.000Z","last_edited_user":"SDE","last_edited_date":"2026-03-25T16:06:10.000Z","Shape__Area":835.91214084,"Shape__Length":116.95280901208017,"CommonName":null,"SourceGlobalID":"{169D9263-5D11-4FC1-A118-B8541B23D1B1}","Comments":null,"UpdateStatus":"AUTO","UpdateSource":"PMBC"}},{"type":"Feature","geometry":{"type":"Polygon","coordinates":[[[-117.811852,49.090681],[-117.808877,49.090545],[-117.807916,49.090501],[-117.807178,49.090466],[-117.807315,49.089207],[-117.807333,49.088909],[-117.807975,49.088926],[-117.811977,49.089041],[-117.811862,49.090543],[-117.811852,49.090681]]]},"properties":{"GlobalID":"{E3E7F3CA-BE2B-40EE-A983-61BF2F81FF7A}","Name":"014646510","PlanID":"{F0DB3B36-A152-4C45-B118-275779D2B1D7}","PlanNumber":"NO_PLAN","PIN":9474660,"PID":14646510,"Designation1":"921","Designation2":null,"Designation3":null,"ParcelStatus":"ACTIVE","RegionalDistrict":"0019","ParcelClass":"SUBDIVISION","SourceParcelID":"25858","GeometrySource":"ICF","IsRemainder":"NO","ParcelStartDate":null,"PositionalError":4.95871103,"LegalDescription":"DISTRICT LOT 921 KOOTENAY DISTRICT","CaptureMethod":"COGO IN SOURCE","OwnerType":"PRIVATE","Compiled":1,"CreatedDate":"2016-09-20T23:24:06.000Z","ModifiedDate":"2021-04-27T23:31:49.000Z","StatedArea":null,"ErrorReportedBy":"LSA","Municipality":"0121","OBJECTID":45988,"created_user":"SDE","created_date":"2024-11-12T16:15:31.000Z","last_edited_user":"SDE","last_edited_date":"2026-03-25T16:06:10.000Z","Shape__Area":60601.75102038,"Shape__Length":1037.4757833015824,"CommonName":null,"SourceGlobalID":"{BC31A5A2-6133-4E5D-B924-86895E1F58C0}","Comments":null,"UpdateStatus":"AUTO","UpdateSource":"PMBC"}},{"type":"Feature","geometry":{"type":"Polygon","coordinates":[[[-117.805578,49.111869],[-117.805573,49.111559],[-117.805892,49.111543],[-117.805946,49.11154],[-117.806001,49.111538],[-117.807157,49.111779],[-117.80738,49.111705],[-117.807426,49.11169],[-117.807439,49.112452],[-117.807443,49.112727],[-117.807444,49.112814],[-117.807177,49.112815],[-117.807177,49.112842],[-117.805593,49.112849],[-117.805593,49.112822],[-117.805583,49.112224],[-117.805581,49.112055],[-117.80558,49.112004],[-117.805578,49.111869]]]},"properties":{"GlobalID":"{A8372683-68AB-4CDF-8B3C-9CFDC6C6D9D0}","Name":"031083641","PlanID":"{41D4C96D-4F07-4BA0-9C34-F64BCB7FFC0F}","PlanNumber":"EPP100686","PIN":null,"PID":31083641,"Designation1":"Lot 2","Designation2":null,"Designation3":null,"ParcelStatus":"ACTIVE","RegionalDistrict":"0019","ParcelClass":"SUBDIVISION","SourceParcelID":null,"GeometrySource":"SPDS","IsRemainder":null,"ParcelStartDate":"2020-04-30T07:00:00.000Z","PositionalError":0.1766734,"LegalDescription":"LOT 2 TOWNSHIP 28 KOOTENAY DISTRICT PLAN EPP100686","CaptureMethod":"SPDS","OwnerType":"PRIVATE","Compiled":0,"CreatedDate":"2020-05-07T17:11:47.000Z","ModifiedDate":"2025-09-04T18:03:30.000Z","StatedArea":"18000","ErrorReportedBy":"LSA","Municipality":"0163","OBJECTID":45989,"created_user":"SDE","created_date":"2024-11-12T16:15:31.000Z","last_edited_user":"SDE","last_edited_date":"2026-03-25T16:06:10.000Z","Shape__Area":17981.14946608,"Shape__Length":548.3642576764958,"CommonName":null,"SourceGlobalID":"{FC0192E6-0F24-40F2-B4F2-706E1D54B192}","Comments":null,"UpdateStatus":"AUTO","UpdateSource":"PMBC"}},{"type":"Feature","geometry":{"type":"Polygon","coordinates":[[[-117.807597,49.11497],[-117.807542,49.114941],[-117.807537,49.114499],[-117.807592,49.11448],[-117.807597,49.11497]]]},"properties":{"GlobalID":"{E799B8A0-8459-4638-85FE-7BCEFE4C0CC9}","Name":"Road","PlanID":"{833A20D2-90BC-4918-9898-46A9417BB440}","PlanNumber":"EPP31423","PIN":null,"PID":null,"Designation1":null,"Designation2":null,"Designation3":null,"ParcelStatus":"ACTIVE","RegionalDistrict":"0019","ParcelClass":"ROAD","SourceParcelID":null,"GeometrySource":"ICF","IsRemainder":"NO","ParcelStartDate":"2013-08-30T07:00:00.000Z","PositionalError":4.748926,"LegalDescription":null,"CaptureMethod":"UNKNOWN","OwnerType":"CROWN PROVINCIAL","Compiled":0,"CreatedDate":"2021-04-16T22:38:40.000Z","ModifiedDate":"2021-04-27T23:31:49.000Z","StatedArea":"207.5","ErrorReportedBy":"LSA","Municipality":"0163","OBJECTID":45990,"created_user":"SDE","created_date":"2024-11-12T16:15:31.000Z","last_edited_user":"SDE","last_edited_date":"2026-03-25T16:06:10.000Z","Shape__Area":207.30406114,"Shape__Length":113.2079388155536,"CommonName":null,"SourceGlobalID":"{F9294C09-23D7-457B-9807-BC91CD0EAEF1}","Comments":null,"UpdateStatus":"AUTO","UpdateSource":"PMBC"}},{"type":"Feature","geometry":{"type":"Polygon","coordinates":[[[-117.805069,49.111584],[-117.805573,49.111559],[-117.805578,49.111869],[-117.80558,49.112004],[-117.805581,49.112055],[-117.805583,49.112224],[-117.805593,49.112822],[-117.805593,49.112849],[-117.803484,49.112857],[-117.80332,49.112858],[-117.80332,49.112831],[-117.803318,49.112647],[-117.803482,49.112474],[-117.803758,49.112182],[-117.803969,49.112025],[-117.80422,49.111838],[-117.80425,49.111816],[-117.805069,49.111584]]]},"properties":{"GlobalID":"{07D9C950-EFF2-424D-A462-938491E644A4}","Name":"031083650","PlanID":"{41D4C96D-4F07-4BA0-9C34-F64BCB7FFC0F}","PlanNumber":"EPP100686","PIN":null,"PID":31083650,"Designation1":"Lot 3","Designation2":null,"Designation3":null,"ParcelStatus":"ACTIVE","RegionalDistrict":"0019","ParcelClass":"SUBDIVISION","SourceParcelID":null,"GeometrySource":"SPDS","IsRemainder":null,"ParcelStartDate":"2020-04-30T07:00:00.000Z","PositionalError":0.1744711,"LegalDescription":"LOT 3 TOWNSHIP 28 KOOTENAY DISTRICT PLAN EPP100686","CaptureMethod":"SPDS","OwnerType":"PRIVATE","Compiled":0,"CreatedDate":"2020-05-07T17:11:47.000Z","ModifiedDate":"2025-09-04T18:03:30.000Z","StatedArea":"18000","ErrorReportedBy":"LSA","Municipality":"0163","OBJECTID":45991,"created_user":"SDE","created_date":"2024-11-12T16:15:31.000Z","last_edited_user":"SDE","last_edited_date":"2026-03-25T16:06:10.000Z","Shape__Area":17981.355596245,"Shape__Length":549.7848852231398,"CommonName":null,"SourceGlobalID":"{B54A338C-E3DA-4A6D-8287-E85FBFAEA5C5}","Comments":null,"UpdateStatus":"AUTO","UpdateSource":"PMBC"}},{"type":"Feature","geometry":{"type":"Polygon","coordinates":[[[-117.818764,49.112766],[-117.820835,49.112756],[-117.82292,49.112748],[-117.823256,49.112746],[-117.823261,49.113243],[-117.823267,49.113843],[-117.818628,49.113863],[-117.818666,49.113682],[-117.818698,49.113501],[-117.818724,49.113318],[-117.818744,49.113134],[-117.818757,49.11295],[-117.818764,49.112766]]]},"properties":{"GlobalID":"{E1DFF63B-AD40-4F91-8AC7-277CBF5974F1}","Name":"008615586","PlanID":"{D24173C0-33DB-4401-82D5-A157950BFF91}","PlanNumber":"NEP16384","PIN":null,"PID":8615586,"Designation1":"Lot A","Designation2":null,"Designation3":null,"ParcelStatus":"ACTIVE","RegionalDistrict":"0019","ParcelClass":"SUBDIVISION","SourceParcelID":null,"GeometrySource":"ICF","IsRemainder":"NO","ParcelStartDate":null,"PositionalError":3.3462725,"LegalDescription":"LOT A TOWNSHIP 28 KOOTENAY DISTRICT PLAN 16384","CaptureMethod":"COGO IN SOURCE","OwnerType":"PRIVATE","Compiled":1,"CreatedDate":"2016-09-20T23:24:06.000Z","ModifiedDate":"2026-01-07T22:06:41.000Z","StatedArea":null,"ErrorReportedBy":"LSA","Municipality":"0121","OBJECTID":45992,"created_user":"SDE","created_date":"2024-11-12T16:15:31.000Z","last_edited_user":"SDE","last_edited_date":"2026-03-25T16:06:10.000Z","Shape__Area":40473.235178275,"Shape__Length":910.8105751283658,"CommonName":null,"SourceGlobalID":"{C5B04204-C82A-402B-BC5A-99DD0910B329}","Comments":null,"UpdateStatus":"AUTO","UpdateSource":"PMBC"}},{"type":"Feature","geometry":{"type":"Polygon","coordinates":[[[-117.792198,49.10205],[-117.792213,49.103394],[-117.792234,49.105393],[-117.792237,49.105664],[-117.792308,49.112428],[-117.790356,49.112679],[-117.789758,49.112763],[-117.789661,49.101997],[-117.792198,49.10205]]]},"properties":{"GlobalID":"{3C9973DE-A61B-4098-8563-CBB8AE1A49A1}","Name":"012447242","PlanID":"{0992A533-8887-45C4-A254-518C1BDF7A4F}","PlanNumber":"NEP1245","PIN":null,"PID":12447242,"Designation1":"Lot 9","Designation2":null,"Designation3":null,"ParcelStatus":"ACTIVE","RegionalDistrict":"0019","ParcelClass":"SUBDIVISION","SourceParcelID":null,"GeometrySource":"ICF","IsRemainder":"NO","ParcelStartDate":null,"PositionalError":4.23560137,"LegalDescription":"LOT 9 SECTION 11 TOWNSHIP 28 KOOTENAY DISTRICT PLAN 1245","CaptureMethod":"UNKNOWN","OwnerType":"PRIVATE","Compiled":1,"CreatedDate":"2016-09-20T23:24:06.000Z","ModifiedDate":"2021-04-27T23:31:49.000Z","StatedArea":null,"ErrorReportedBy":"LSA","Municipality":"0163","OBJECTID":45993,"created_user":"SDE","created_date":"2024-11-12T16:15:31.000Z","last_edited_user":"SDE","last_edited_date":"2026-03-25T16:06:10.000Z","Shape__Area":218279.5562121,"Shape__Length":2725.77863523209,"CommonName":null,"SourceGlobalID":"{1F575A0B-652A-4EBC-BCEF-E3D0E8815590}","Comments":null,"UpdateStatus":"AUTO","UpdateSource":"PMBC"}},{"type":"Feature","geometry":{"type":"Polygon","coordinates":[[[-117.809608,49.115267],[-117.80962,49.116354],[-117.807931,49.116362],[-117.807558,49.116363],[-117.807542,49.114941],[-117.807597,49.11497],[-117.808182,49.115273],[-117.809608,49.115267]]]},"properties":{"GlobalID":"{D682533A-8488-48AB-9A23-F05B320ED776}","Name":"026184524","PlanID":"{35428AFA-6814-4E69-A990-0A849FA8D1A1}","PlanNumber":"NEP77239","PIN":null,"PID":26184524,"Designation1":"Lot B","Designation2":null,"Designation3":null,"ParcelStatus":"ACTIVE","RegionalDistrict":"0019","ParcelClass":"SUBDIVISION","SourceParcelID":null,"GeometrySource":"MODIFIED-ICF","IsRemainder":"NO","ParcelStartDate":"2005-02-10T08:00:00.000Z","PositionalError":5.46322322,"LegalDescription":"LOT B TOWNSHIP 28 KOOTENAY DISTRICT PLAN NEP77239","CaptureMethod":"UNKNOWN","OwnerType":"PRIVATE","Compiled":1,"CreatedDate":"2016-09-20T23:24:06.000Z","ModifiedDate":"2021-04-27T23:31:49.000Z","StatedArea":null,"ErrorReportedBy":"LSA","Municipality":"0163","OBJECTID":45994,"created_user":"SDE","created_date":"2024-11-12T16:15:31.000Z","last_edited_user":"SDE","last_edited_date":"2026-03-25T16:06:10.000Z","Shape__Area":19063.0015069,"Shape__Length":593.020306733669,"CommonName":null,"SourceGlobalID":"{9EA0FF13-AD1B-4550-84AD-7DFBC410CCF8}","Comments":null,"UpdateStatus":"AUTO","UpdateSource":"PMBC"}},{"type":"Feature","geometry":{"type":"Polygon","coordinates":[[[-117.785061,49.1143],[-117.786929,49.113763],[-117.786992,49.116455],[-117.784189,49.116467],[-117.784149,49.114368],[-117.785061,49.1143]]]},"properties":{"GlobalID":"{2F43C2F3-CA26-4893-AAE5-EFF0DD1CDE07}","Name":"015855317","PlanID":"{0992A533-8887-45C4-A254-518C1BDF7A4F}","PlanNumber":"NEP1245","PIN":null,"PID":15855317,"Designation1":"Lot 14","Designation2":null,"Designation3":null,"ParcelStatus":"ACTIVE","RegionalDistrict":"0019","ParcelClass":"SUBDIVISION","SourceParcelID":null,"GeometrySource":"MODIFIED-ICF","IsRemainder":"NO","ParcelStartDate":null,"PositionalError":13.60836568,"LegalDescription":"LOT 14 TOWNSHIP 28 KOOTENAY DISTRICT PLAN 1245","CaptureMethod":"UNKNOWN","OwnerType":"PRIVATE","Compiled":1,"CreatedDate":"2016-09-20T23:24:06.000Z","ModifiedDate":"2021-04-27T23:31:49.000Z","StatedArea":null,"ErrorReportedBy":"LSA","Municipality":"0163","OBJECTID":45995,"created_user":"SDE","created_date":"2024-11-12T16:15:31.000Z","last_edited_user":"SDE","last_edited_date":"2026-03-25T16:06:10.000Z","Shape__Area":52908.49413202,"Shape__Length":953.0040942941434,"CommonName":null,"SourceGlobalID":"{8B9861CF-41EE-4193-A583-AACC1843BED2}","Comments":null,"UpdateStatus":"AUTO","UpdateSource":"PMBC"}},{"type":"Feature","geometry":{"type":"Polygon","coordinates":[[[-117.793901,49.091186],[-117.793241,49.091812],[-117.793114,49.091353],[-117.793703,49.091304],[-117.79372,49.091171],[-117.793901,49.091186]]]},"properties":{"GlobalID":"{FD37EA4A-F66E-4F75-93B4-74195D3403F8}","Name":"016969901","PlanID":"{119B6899-4DF9-47A0-AE97-81F2976AE85F}","PlanNumber":"NEP60X","PIN":null,"PID":16969901,"Designation1":"Lot 7","Designation2":null,"Designation3":null,"ParcelStatus":"ACTIVE","RegionalDistrict":"0019","ParcelClass":"SUBDIVISION","SourceParcelID":null,"GeometrySource":"ICF","IsRemainder":"NO","ParcelStartDate":null,"PositionalError":4.00060297,"LegalDescription":"SUBLOT 7 TOWNSHIP 28 KOOTENAY DISTRICT PLAN X60","CaptureMethod":"UNKNOWN","OwnerType":"PRIVATE","Compiled":1,"CreatedDate":"2016-09-20T23:24:06.000Z","ModifiedDate":"2021-04-27T23:31:49.000Z","StatedArea":null,"ErrorReportedBy":"LSA","Municipality":"0163","OBJECTID":45996,"created_user":"SDE","created_date":"2024-11-12T16:15:31.000Z","last_edited_user":"SDE","last_edited_date":"2026-03-25T16:06:10.000Z","Shape__Area":1408.6696337,"Shape__Length":207.95953416566252,"CommonName":null,"SourceGlobalID":"{6E258178-6157-4466-814D-59739A25B397}","Comments":null,"UpdateStatus":"AUTO","UpdateSource":"PMBC"}},{"type":"Feature","geometry":{"type":"Polygon","coordinates":[[[-117.814385,49.087584],[-117.814297,49.088377],[-117.815402,49.088432],[-117.815385,49.088765],[-117.814082,49.088814],[-117.813833,49.087597],[-117.814385,49.087584]]]},"properties":{"GlobalID":"{F711DADB-005A-4F33-9F60-F9B97F9A0D5E}","Name":"026332973","PlanID":"{F0DB3B36-A152-4C45-B118-275779D2B1D7}","PlanNumber":"NO_PLAN","PIN":9600410,"PID":26332973,"Designation1":"693","Designation2":null,"Designation3":null,"ParcelStatus":"ACTIVE","RegionalDistrict":"0019","ParcelClass":"SUBDIVISION","SourceParcelID":"28616","GeometrySource":"ICF","IsRemainder":"NO","ParcelStartDate":"2005-07-12T07:00:00.000Z","PositionalError":5.68475817,"LegalDescription":"DISTRICT LOT 693 KOOTENAY DISTRICT KNOWN AS THE \"SURPRISE\" MINERAL CLAIM","CaptureMethod":"COGO IN SOURCE","OwnerType":"PRIVATE","Compiled":1,"CreatedDate":"2016-09-20T23:24:06.000Z","ModifiedDate":"2021-04-27T23:31:49.000Z","StatedArea":null,"ErrorReportedBy":"LSA","Municipality":"0121","OBJECTID":45997,"created_user":"SDE","created_date":"2024-11-12T16:15:31.000Z","last_edited_user":"SDE","last_edited_date":"2026-03-25T16:06:10.000Z","Shape__Area":7040.39223359,"Shape__Length":478.43890045711396,"CommonName":null,"SourceGlobalID":"{DB5F42E6-F2ED-47C2-9F06-35D556DBFFAC}","Comments":null,"UpdateStatus":"AUTO","UpdateSource":"PMBC"}},{"type":"Feature","geometry":{"type":"Polygon","coordinates":[[[-117.81964,49.105537],[-117.819631,49.105194],[-117.819934,49.105193],[-117.820017,49.105535],[-117.819888,49.105536],[-117.81964,49.105537]]]},"properties":{"GlobalID":"{7F68DF2C-2D91-45C6-8265-15FB7DA05167}","Name":"025244515","PlanID":"{7A71F065-7D15-465D-B495-258AD65F0C2A}","PlanNumber":"NEP70578","PIN":null,"PID":25244515,"Designation1":"Lot 2","Designation2":null,"Designation3":null,"ParcelStatus":"ACTIVE","RegionalDistrict":"0019","ParcelClass":"SUBDIVISION","SourceParcelID":"28681","GeometrySource":"ICF","IsRemainder":"NO","ParcelStartDate":"2002-01-25T08:00:00.000Z","PositionalError":2.38841603,"LegalDescription":"LOT 2 TOWNSHIP 28 KOOTENAY DISTRICT PLAN NEP70578","CaptureMethod":"COGO IN SOURCE","OwnerType":"PRIVATE","Compiled":1,"CreatedDate":"2016-09-20T23:24:06.000Z","ModifiedDate":"2021-04-27T23:31:49.000Z","StatedArea":null,"ErrorReportedBy":"LSA","Municipality":"0121","OBJECTID":45998,"created_user":"SDE","created_date":"2024-11-12T16:15:31.000Z","last_edited_user":"SDE","last_edited_date":"2026-03-25T16:06:10.000Z","Shape__Area":944.4595132,"Shape__Length":126.20951862059322,"CommonName":null,"SourceGlobalID":"{D067421C-FDBE-4CB7-A895-7E83E077CA23}","Comments":null,"UpdateStatus":"AUTO","UpdateSource":"PMBC"}},{"type":"Feature","geometry":{"type":"Polygon","coordinates":[[[-117.807206,49.114623],[-117.807232,49.116367],[-117.80334,49.116376],[-117.803339,49.114641],[-117.807206,49.114623]]]},"properties":{"GlobalID":"{5583C6E1-65D8-40B2-8BE5-AFC7B2169E46}","Name":"010102493","PlanID":"{4CDAA544-6C5D-4B6F-AD8C-31B577530C8B}","PlanNumber":"NEP14038","PIN":null,"PID":10102493,"Designation1":"Lot 1","Designation2":null,"Designation3":null,"ParcelStatus":"ACTIVE","RegionalDistrict":"0019","ParcelClass":"SUBDIVISION","SourceParcelID":null,"GeometrySource":"MODIFIED-ICF","IsRemainder":"NO","ParcelStartDate":null,"PositionalError":4.91660715,"LegalDescription":"LOT 1 TOWNSHIP 28 KOOTENAY DISTRICT PLAN 14038","CaptureMethod":"UNKNOWN","OwnerType":"PRIVATE","Compiled":1,"CreatedDate":"2016-09-20T23:24:06.000Z","ModifiedDate":"2021-04-27T23:31:49.000Z","StatedArea":null,"ErrorReportedBy":"LSA","Municipality":"0163","OBJECTID":45999,"created_user":"SDE","created_date":"2024-11-12T16:15:31.000Z","last_edited_user":"SDE","last_edited_date":"2026-03-25T16:06:10.000Z","Shape__Area":54748.8448295,"Shape__Length":952.9893048478849,"CommonName":null,"SourceGlobalID":"{51BD3537-881E-45A9-A762-6F92F6FFE008}","Comments":null,"UpdateStatus":"AUTO","UpdateSource":"PMBC"}},{"type":"Feature","geometry":{"type":"Polygon","coordinates":[[[-117.787361,49.116454],[-117.786992,49.116455],[-117.786929,49.113763],[-117.788414,49.113263],[-117.789698,49.113235],[-117.789774,49.116443],[-117.787361,49.116454]]]},"properties":{"GlobalID":"{4E775C9D-5927-491F-8135-E96CD91ED7F6}","Name":"015855309","PlanID":"{0992A533-8887-45C4-A254-518C1BDF7A4F}","PlanNumber":"NEP1245","PIN":null,"PID":15855309,"Designation1":"Lot 12","Designation2":null,"Designation3":null,"ParcelStatus":"ACTIVE","RegionalDistrict":"0019","ParcelClass":"SUBDIVISION","SourceParcelID":null,"GeometrySource":"MODIFIED-ICF","IsRemainder":"NO","ParcelStartDate":null,"PositionalError":12.58857054,"LegalDescription":"LOT 12 TOWNSHIP 28 KOOTENAY DISTRICT PLAN 1245","CaptureMethod":"UNKNOWN","OwnerType":"PRIVATE","Compiled":1,"CreatedDate":"2016-09-20T23:24:06.000Z","ModifiedDate":"2021-04-27T23:31:49.000Z","StatedArea":null,"ErrorReportedBy":"LSA","Municipality":"0163","OBJECTID":46000,"created_user":"SDE","created_date":"2024-11-12T16:15:31.000Z","last_edited_user":"SDE","last_edited_date":"2026-03-25T16:06:10.000Z","Shape__Area":69023.5830019,"Shape__Length":1074.6325532548635,"CommonName":null,"SourceGlobalID":"{AF9FF996-D565-4396-A016-0C1F6C09D633}","Comments":null,"UpdateStatus":"AUTO","UpdateSource":"PMBC"}},{"type":"Feature","geometry":{"type":"Polygon","coordinates":[[[-117.815711,49.112965],[-117.815821,49.112785],[-117.81793,49.112766],[-117.817928,49.112851],[-117.817916,49.113037],[-117.817899,49.113222],[-117.817874,49.113407],[-117.817842,49.113591],[-117.817804,49.113773],[-117.81776,49.113954],[-117.817709,49.114133],[-117.816086,49.11414],[-117.816071,49.112963],[-117.815711,49.112965]]]},"properties":{"GlobalID":"{81B834C5-408A-46A0-BE82-4FF31C9A0485}","Name":"009724028","PlanID":"{F0566BBE-BC5D-4A0C-B6C6-BC96ADD64B64}","PlanNumber":"NEP17756","PIN":null,"PID":9724028,"Designation1":"Lot B","Designation2":null,"Designation3":null,"ParcelStatus":"ACTIVE","RegionalDistrict":"0019","ParcelClass":"SUBDIVISION","SourceParcelID":null,"GeometrySource":"MODIFIED-ICF","IsRemainder":"NO","ParcelStartDate":null,"PositionalError":7.2318638,"LegalDescription":"LOT B TOWNSHIP 28 KOOTENAY DISTRICT PLAN 17756","CaptureMethod":"COGO IN SOURCE","OwnerType":"PRIVATE","Compiled":0,"CreatedDate":"2021-04-19T22:03:13.000Z","ModifiedDate":"2026-01-07T22:06:41.000Z","StatedArea":null,"ErrorReportedBy":"LSA","Municipality":"0163","OBJECTID":46001,"created_user":"SDE","created_date":"2024-11-12T16:15:31.000Z","last_edited_user":"SDE","last_edited_date":"2026-03-25T16:06:10.000Z","Shape__Area":20031.05993746,"Shape__Length":604.1212349012762,"CommonName":null,"SourceGlobalID":"{B244539C-9703-4503-89B1-E6B33DD42F0D}","Comments":null,"UpdateStatus":"AUTO","UpdateSource":"PMBC"}},{"type":"Feature","geometry":{"type":"Polygon","coordinates":[[[-117.797656,49.107262],[-117.797749,49.107493],[-117.798916,49.110374],[-117.798938,49.110429],[-117.798568,49.110606],[-117.797799,49.11084],[-117.797789,49.109678],[-117.797585,49.108154],[-117.797341,49.10772],[-117.797492,49.107294],[-117.797656,49.107262]]]},"properties":{"GlobalID":"{89A3B600-BDA2-4656-9EB5-0E9C73067677}","Name":"029881293","PlanID":"{A16093AF-8DD9-4A6D-9412-0B3D386496E9}","PlanNumber":"EPP52491","PIN":null,"PID":29881293,"Designation1":"Lot C","Designation2":null,"Designation3":null,"ParcelStatus":"ACTIVE","RegionalDistrict":"0019","ParcelClass":"SUBDIVISION","SourceParcelID":null,"GeometrySource":"PMBC-OPERATIONS","IsRemainder":null,"ParcelStartDate":"2016-06-29T07:00:00.000Z","PositionalError":0.13879593,"LegalDescription":"LOT C TOWNSHIP 28 KOOTENAY DISTRICT PLAN EPP52491","CaptureMethod":"COGO","OwnerType":"PRIVATE","Compiled":0,"CreatedDate":"2016-12-21T17:30:42.000Z","ModifiedDate":"2021-04-27T23:31:49.000Z","StatedArea":"18910","ErrorReportedBy":"LSA","Municipality":"0163","OBJECTID":46002,"created_user":"SDE","created_date":"2024-11-12T16:15:31.000Z","last_edited_user":"SDE","last_edited_date":"2026-03-25T16:06:10.000Z","Shape__Area":18890.64007137,"Shape__Length":871.3400480960086,"CommonName":null,"SourceGlobalID":"{67E7A7A3-A4D6-427A-AB8E-1982F260A593}","Comments":null,"UpdateStatus":"AUTO","UpdateSource":"PMBC"}},{"type":"Feature","geometry":{"type":"Polygon","coordinates":[[[-117.78923,49.092413],[-117.788055,49.092467],[-117.785611,49.092571],[-117.786776,49.092057],[-117.783915,49.08938],[-117.788368,49.088383],[-117.78834,49.088339],[-117.78877,49.088321],[-117.789154,49.091761],[-117.78923,49.092413]]]},"properties":{"GlobalID":"{0647F5A0-2829-4DD1-B40B-323EF1DE7EDD}","Name":"024710750","PlanID":"{F0DB3B36-A152-4C45-B118-275779D2B1D7}","PlanNumber":"NO_PLAN","PIN":9464030,"PID":24710750,"Designation1":"797","Designation2":null,"Designation3":null,"ParcelStatus":"ACTIVE","RegionalDistrict":"0019","ParcelClass":"SUBDIVISION","SourceParcelID":null,"GeometrySource":"ICF","IsRemainder":"NO","ParcelStartDate":"2000-02-23T08:00:00.000Z","PositionalError":7.1184932,"LegalDescription":"DISTRICT LOT 797 KOOTENAY DISTRICT KNOWN AS \"NORTH STAR\" MINERAL CLAIM","CaptureMethod":"UNKNOWN","OwnerType":"CROWN PROVINCIAL","Compiled":1,"CreatedDate":"2016-09-20T23:24:06.000Z","ModifiedDate":"2021-04-27T23:31:49.000Z","StatedArea":null,"ErrorReportedBy":"LSA","Municipality":"0163","OBJECTID":46003,"created_user":"SDE","created_date":"2024-11-12T16:15:31.000Z","last_edited_user":"SDE","last_edited_date":"2026-03-25T16:06:10.000Z","Shape__Area":112511.32317161,"Shape__Length":1567.2883906493544,"CommonName":null,"SourceGlobalID":"{5C6FED15-65DB-4740-9310-183571EEA610}","Comments":null,"UpdateStatus":"AUTO","UpdateSource":"PMBC"}},{"type":"Feature","geometry":{"type":"Polygon","coordinates":[[[-117.816293,49.109153],[-117.816295,49.109411],[-117.816436,49.109934],[-117.816391,49.110137],[-117.815809,49.110312],[-117.814759,49.111422],[-117.814311,49.111427],[-117.813823,49.111431],[-117.813887,49.111365],[-117.814275,49.110967],[-117.814352,49.110886],[-117.814424,49.110801],[-117.814491,49.110712],[-117.814554,49.110619],[-117.814612,49.110524],[-117.814665,49.110426],[-117.814771,49.110211],[-117.814818,49.11013],[-117.814871,49.110053],[-117.81493,49.10998],[-117.814993,49.109911],[-117.815061,49.109847],[-117.815133,49.109787],[-117.815209,49.109732],[-117.815288,49.109683],[-117.815371,49.10964],[-117.815692,49.10947],[-117.816266,49.109168],[-117.816293,49.109153]]]},"properties":{"GlobalID":"{92E27360-B3DA-4DC4-991E-CC863C610BB2}","Name":"026500434","PlanID":"{9E36AC48-4058-4C83-8901-03D2AAA43D97}","PlanNumber":"NEP79653","PIN":null,"PID":26500434,"Designation1":"Lot 3","Designation2":null,"Designation3":null,"ParcelStatus":"ACTIVE","RegionalDistrict":"0019","ParcelClass":"SUBDIVISION","SourceParcelID":null,"GeometrySource":"ICF","IsRemainder":"NO","ParcelStartDate":"2005-11-25T08:00:00.000Z","PositionalError":8.4284468,"LegalDescription":"LOT 3 TOWNSHIP 28 KOOTENAY DISTRICT PLAN NEP79653","CaptureMethod":"UNKNOWN","OwnerType":"PRIVATE","Compiled":1,"CreatedDate":"2016-09-20T23:24:06.000Z","ModifiedDate":"2026-01-07T22:06:41.000Z","StatedArea":null,"ErrorReportedBy":"LSA","Municipality":"0163","OBJECTID":46004,"created_user":"SDE","created_date":"2024-11-12T16:15:31.000Z","last_edited_user":"SDE","last_edited_date":"2026-03-25T16:06:10.000Z","Shape__Area":17883.770693255,"Shape__Length":688.49783078608,"CommonName":null,"SourceGlobalID":"{868DA643-B48C-4B4F-812E-2D6620E8FFB9}","Comments":null,"UpdateStatus":"AUTO","UpdateSource":"PMBC"}},{"type":"Feature","geometry":{"type":"Polygon","coordinates":[[[-117.797789,49.109678],[-117.797338,49.109788],[-117.79668,49.109628],[-117.796369,49.10957],[-117.795967,49.109499],[-117.796029,49.109182],[-117.796837,49.108312],[-117.796848,49.107469],[-117.797241,49.107343],[-117.797492,49.107294],[-117.797341,49.10772],[-117.797585,49.108154],[-117.797789,49.109678]]]},"properties":{"GlobalID":"{45EFF43D-CEDA-44F3-857B-00068DD1E9F4}","Name":"029881285","PlanID":"{A16093AF-8DD9-4A6D-9412-0B3D386496E9}","PlanNumber":"EPP52491","PIN":null,"PID":29881285,"Designation1":"Lot B","Designation2":null,"Designation3":null,"ParcelStatus":"ACTIVE","RegionalDistrict":"0019","ParcelClass":"SUBDIVISION","SourceParcelID":null,"GeometrySource":"PMBC-OPERATIONS","IsRemainder":null,"ParcelStartDate":"2016-06-29T07:00:00.000Z","PositionalError":0.13022828,"LegalDescription":"LOT B TOWNSHIP 28 KOOTENAY DISTRICT PLAN EPP52491","CaptureMethod":"COGO","OwnerType":"PRIVATE","Compiled":0,"CreatedDate":"2016-12-21T17:30:42.000Z","ModifiedDate":"2021-04-27T23:31:49.000Z","StatedArea":"20250","ErrorReportedBy":"LSA","Municipality":"0163","OBJECTID":46005,"created_user":"SDE","created_date":"2024-11-12T16:15:31.000Z","last_edited_user":"SDE","last_edited_date":"2026-03-25T16:06:10.000Z","Shape__Area":20228.760905585,"Shape__Length":703.9345684163798,"CommonName":null,"SourceGlobalID":"{13DBDCE5-3AFD-4FFD-A1AF-AD608ED0E439}","Comments":null,"UpdateStatus":"AUTO","UpdateSource":"PMBC"}},{"type":"Feature","geometry":{"type":"Polygon","coordinates":[[[-117.794983,49.111953],[-117.795934,49.111873],[-117.797766,49.111361],[-117.797775,49.112732],[-117.797777,49.11303],[-117.797821,49.116407],[-117.795091,49.11642],[-117.794983,49.111953]]]},"properties":{"GlobalID":"{FBFCE00A-CF3B-49B0-826A-2FAFC2F33F36}","Name":"015855244","PlanID":"{0992A533-8887-45C4-A254-518C1BDF7A4F}","PlanNumber":"NEP1245","PIN":null,"PID":15855244,"Designation1":"Lot 6","Designation2":null,"Designation3":null,"ParcelStatus":"ACTIVE","RegionalDistrict":"0019","ParcelClass":"SUBDIVISION","SourceParcelID":null,"GeometrySource":"MODIFIED-ICF","IsRemainder":"NO","ParcelStartDate":null,"PositionalError":9.36909246,"LegalDescription":"LOT 6 TOWNSHIP 28 KOOTENAY DISTRICT PLAN 1245","CaptureMethod":"UNKNOWN","OwnerType":"PRIVATE","Compiled":1,"CreatedDate":"2016-09-20T23:24:06.000Z","ModifiedDate":"2021-04-27T23:31:49.000Z","StatedArea":null,"ErrorReportedBy":"LSA","Municipality":"0163","OBJECTID":46006,"created_user":"SDE","created_date":"2024-11-12T16:15:31.000Z","last_edited_user":"SDE","last_edited_date":"2026-03-25T16:06:10.000Z","Shape__Area":105059.229407875,"Shape__Length":1472.205208588288,"CommonName":null,"SourceGlobalID":"{4366E0EF-B46F-412C-A4F3-D7EF12A6D0D8}","Comments":null,"UpdateStatus":"AUTO","UpdateSource":"PMBC"}},{"type":"Feature","geometry":{"type":"Polygon","coordinates":[[[-117.80668,49.11143],[-117.806661,49.111471],[-117.805989,49.11133],[-117.805257,49.111364],[-117.805076,49.11069],[-117.805059,49.110629],[-117.805266,49.109323],[-117.806666,49.110659],[-117.806901,49.11146],[-117.80668,49.11143]]]},"properties":{"GlobalID":"{5A0DB871-4A76-4519-B4E2-FBA18B7DAB63}","Name":"026580187","PlanID":"{53B7AC4F-DB74-48A6-A5E1-8580337A52B3}","PlanNumber":"NEP80314","PIN":null,"PID":26580187,"Designation1":"Lot A","Designation2":null,"Designation3":null,"ParcelStatus":"ACTIVE","RegionalDistrict":"0019","ParcelClass":"SUBDIVISION","SourceParcelID":null,"GeometrySource":"ICF","IsRemainder":"NO","ParcelStartDate":"2006-02-16T08:00:00.000Z","PositionalError":4.84708679,"LegalDescription":"LOT A TOWNSHIP 28 KOOTENAY DISTRICT PLAN NEP80314","CaptureMethod":"UNKNOWN","OwnerType":"PRIVATE","Compiled":1,"CreatedDate":"2016-09-20T23:24:06.000Z","ModifiedDate":"2021-04-27T23:31:49.000Z","StatedArea":null,"ErrorReportedBy":"LSA","Municipality":"0163","OBJECTID":46007,"created_user":"SDE","created_date":"2024-11-12T16:15:31.000Z","last_edited_user":"SDE","last_edited_date":"2026-03-25T16:06:10.000Z","Shape__Area":18180.77804306,"Shape__Length":626.429560312524,"CommonName":null,"SourceGlobalID":"{8184B213-4FF6-428E-BD91-B1E7342A9E54}","Comments":null,"UpdateStatus":"AUTO","UpdateSource":"PMBC"}},{"type":"Feature","geometry":{"type":"MultiPolygon","coordinates":[[[[-117.799492,49.108088],[-117.799624,49.108048],[-117.799636,49.108125],[-117.799594,49.108143],[-117.799559,49.108156],[-117.799492,49.108088]]],[[[-117.80203,49.107324],[-117.802499,49.106879],[-117.802512,49.10694],[-117.802531,49.106999],[-117.802556,49.107056],[-117.802588,49.10711],[-117.802624,49.10716],[-117.802666,49.107206],[-117.802713,49.107247],[-117.802764,49.107283],[-117.802391,49.107982],[-117.800122,49.108725],[-117.799572,49.108167],[-117.79963,49.108144],[-117.799675,49.108131],[-117.799678,49.10805],[-117.801331,49.107539],[-117.80203,49.107324]]]]},"properties":{"GlobalID":"{51C3BABA-1B19-4B5B-BEBE-599071521970}","Name":"026149419","PlanID":"{74CD12C2-073D-49E7-A362-F23A18D1F088}","PlanNumber":"NEP77083","PIN":null,"PID":26149419,"Designation1":"Lot 4","Designation2":null,"Designation3":null,"ParcelStatus":"ACTIVE","RegionalDistrict":"0019","ParcelClass":"SUBDIVISION","SourceParcelID":null,"GeometrySource":"ICF","IsRemainder":"NO","ParcelStartDate":"2005-01-05T08:00:00.000Z","PositionalError":3.1727802,"LegalDescription":"LOT 4 TOWNSHIP 28 KOOTENAY DISTRICT PLAN NEP77083","CaptureMethod":"UNKNOWN","OwnerType":"PRIVATE","Compiled":1,"CreatedDate":"2016-09-20T23:24:06.000Z","ModifiedDate":"2026-01-07T22:06:41.000Z","StatedArea":null,"ErrorReportedBy":"LSA","Municipality":"0163","OBJECTID":46008,"created_user":"SDE","created_date":"2024-11-12T16:15:31.000Z","last_edited_user":"SDE","last_edited_date":"2026-03-25T16:06:10.000Z","Shape__Area":18578.748205825,"Shape__Length":693.1662254118388,"CommonName":null,"SourceGlobalID":"{67A44804-7F67-43E7-A2D8-D3A50F177F68}","Comments":null,"UpdateStatus":"AUTO","UpdateSource":"PMBC"}},{"type":"Feature","geometry":{"type":"Polygon","coordinates":[[[-117.81006,49.112803],[-117.810916,49.112799],[-117.811158,49.113283],[-117.811247,49.113295],[-117.812277,49.113442],[-117.812275,49.11345],[-117.811384,49.113586],[-117.810451,49.113538],[-117.810069,49.113518],[-117.81006,49.112803]]]},"properties":{"GlobalID":"{2B55B8F5-82B8-4C9B-B427-CCB21130E392}","Name":"011850035","PlanID":"{55344241-4853-460C-B9B2-5B88E28C2041}","PlanNumber":"NEP17993","PIN":null,"PID":11850035,"Designation1":"Lot 1","Designation2":null,"Designation3":null,"ParcelStatus":"ACTIVE","RegionalDistrict":"0019","ParcelClass":"SUBDIVISION","SourceParcelID":null,"GeometrySource":"ICF","IsRemainder":"NO","ParcelStartDate":null,"PositionalError":3.1226167,"LegalDescription":"LOT 1 TOWNSHIP 28 KOOTENAY DISTRICT PLAN 17993","CaptureMethod":"UNKNOWN","OwnerType":"PRIVATE","Compiled":1,"CreatedDate":"2016-09-20T23:24:06.000Z","ModifiedDate":"2025-09-04T18:03:30.000Z","StatedArea":null,"ErrorReportedBy":"LSA","Municipality":"0163","OBJECTID":46009,"created_user":"SDE","created_date":"2024-11-12T16:15:31.000Z","last_edited_user":"SDE","last_edited_date":"2026-03-25T16:06:10.000Z","Shape__Area":7670.911556205,"Shape__Length":446.1778193644537,"CommonName":null,"SourceGlobalID":"{6DA61F7C-CBEF-47EE-8955-C22B0E43FB14}","Comments":null,"UpdateStatus":"AUTO","UpdateSource":"PMBC"}},{"type":"Feature","geometry":{"type":"Polygon","coordinates":[[[-117.812907,49.112753],[-117.812923,49.112701],[-117.812991,49.112486],[-117.813023,49.112398],[-117.813061,49.112313],[-117.813105,49.112231],[-117.813154,49.112151],[-117.813209,49.112075],[-117.813268,49.112003],[-117.813332,49.111935],[-117.813363,49.111903],[-117.813407,49.111858],[-117.814007,49.111857],[-117.815936,49.111853],[-117.815029,49.112785],[-117.813348,49.112789],[-117.812953,49.11279],[-117.812907,49.112753]]]},"properties":{"GlobalID":"{322687E7-6453-49E8-A292-B38D333A091B}","Name":"025786466","PlanID":"{58998BEB-F091-4A9D-8B90-6866D050B059}","PlanNumber":"NEP74388","PIN":null,"PID":25786466,"Designation1":"Lot B","Designation2":null,"Designation3":null,"ParcelStatus":"ACTIVE","RegionalDistrict":"0019","ParcelClass":"SUBDIVISION","SourceParcelID":null,"GeometrySource":"ICF","IsRemainder":"NO","ParcelStartDate":"2003-11-12T08:00:00.000Z","PositionalError":8.601205,"LegalDescription":"LOT B TOWNSHIP 28 KOOTENAY DISTRICT PLAN NEP74388","CaptureMethod":"UNKNOWN","OwnerType":"PRIVATE","Compiled":1,"CreatedDate":"2016-09-20T23:24:06.000Z","ModifiedDate":"2026-01-07T22:06:41.000Z","StatedArea":null,"ErrorReportedBy":"LSA","Municipality":"0163","OBJECTID":46010,"created_user":"SDE","created_date":"2024-11-12T16:15:31.000Z","last_edited_user":"SDE","last_edited_date":"2026-03-25T16:06:10.000Z","Shape__Area":18053.45863395,"Shape__Length":571.3234215601543,"CommonName":null,"SourceGlobalID":"{6E945E8E-AB28-4899-987D-CAD0F348718C}","Comments":null,"UpdateStatus":"AUTO","UpdateSource":"PMBC"}},{"type":"Feature","geometry":{"type":"Polygon","coordinates":[[[-117.809317,49.102296],[-117.809865,49.102243],[-117.809865,49.102383],[-117.809358,49.102443],[-117.809317,49.102296]]]},"properties":{"GlobalID":"{8151C1C8-BF06-492F-B0CF-DE11D36E6AF8}","Name":"026869705","PlanID":"{87DDAB21-4F6F-4B03-A195-5AE56A2D8E67}","PlanNumber":"NES3110","PIN":null,"PID":26869705,"Designation1":"Lot 7","Designation2":null,"Designation3":null,"ParcelStatus":"ACTIVE","RegionalDistrict":"0019","ParcelClass":"BARE LAND STRATA","SourceParcelID":"30024","GeometrySource":"ICF","IsRemainder":"NO","ParcelStartDate":"2006-11-10T08:00:00.000Z","PositionalError":3.1678862,"LegalDescription":"STRATA LOT 7 SECTION 3 TOWNSHIP 28 KOOTENAY DISTRICT STRATA PLAN NES3110 TOGETHER WITH AN INTEREST IN THE COMMON PROPERTY IN PROPORTION TO THE UNIT ENTITLEMENT OF THE STRATA LOT AS SHOWN ON FORM V","CaptureMethod":"COGO IN SOURCE","OwnerType":"PRIVATE","Compiled":1,"CreatedDate":"2016-09-20T23:24:06.000Z","ModifiedDate":"2026-03-13T23:29:49.000Z","StatedArea":null,"ErrorReportedBy":"LSA","Municipality":"0121","OBJECTID":46011,"created_user":"SDE","created_date":"2024-11-12T16:15:31.000Z","last_edited_user":"SDE","last_edited_date":"2026-03-25T16:06:10.000Z","Shape__Area":623.065217475,"Shape__Length":110.17887098346627,"CommonName":null,"SourceGlobalID":"{EFF84630-D001-4A63-B11A-BCC338D840D5}","Comments":null,"UpdateStatus":"AUTO","UpdateSource":"PMBC"}},{"type":"Feature","geometry":{"type":"Polygon","coordinates":[[[-117.816391,49.110137],[-117.816436,49.109934],[-117.816295,49.109411],[-117.816293,49.109153],[-117.816336,49.109131],[-117.81648,49.109055],[-117.816551,49.109021],[-117.816562,49.109016],[-117.816568,49.109394],[-117.816715,49.109931],[-117.816564,49.110607],[-117.816549,49.110752],[-117.817779,49.110746],[-117.817782,49.110781],[-117.817879,49.111845],[-117.816158,49.111851],[-117.816291,49.110587],[-117.816391,49.110137]]]},"properties":{"GlobalID":"{C334F3ED-BF6C-4E29-857F-C34B69545B3C}","Name":"026500418","PlanID":"{9E36AC48-4058-4C83-8901-03D2AAA43D97}","PlanNumber":"NEP79653","PIN":null,"PID":26500418,"Designation1":"Lot 1","Designation2":null,"Designation3":null,"ParcelStatus":"ACTIVE","RegionalDistrict":"0019","ParcelClass":"SUBDIVISION","SourceParcelID":null,"GeometrySource":"ICF","IsRemainder":"NO","ParcelStartDate":"2005-11-25T08:00:00.000Z","PositionalError":8.2277928,"LegalDescription":"LOT 1 TOWNSHIP 28 KOOTENAY DISTRICT PLAN NEP79653","CaptureMethod":"UNKNOWN","OwnerType":"PRIVATE","Compiled":1,"CreatedDate":"2016-09-20T23:24:06.000Z","ModifiedDate":"2026-01-07T22:06:41.000Z","StatedArea":null,"ErrorReportedBy":"LSA","Municipality":"0163","OBJECTID":46012,"created_user":"SDE","created_date":"2024-11-12T16:15:31.000Z","last_edited_user":"SDE","last_edited_date":"2026-03-25T16:06:10.000Z","Shape__Area":18117.62688196,"Shape__Length":859.2734815196497,"CommonName":null,"SourceGlobalID":"{E31FF9D1-3238-4C4D-A0F3-BDC87E34A479}","Comments":null,"UpdateStatus":"AUTO","UpdateSource":"PMBC"}},{"type":"Feature","geometry":{"type":"Polygon","coordinates":[[[-117.807177,49.112842],[-117.807177,49.112815],[-117.807444,49.112814],[-117.809055,49.112807],[-117.81006,49.112803],[-117.810069,49.113518],[-117.809448,49.113502],[-117.808018,49.114078],[-117.807198,49.114368],[-117.807177,49.112851],[-117.807177,49.112842]]]},"properties":{"GlobalID":"{970C85A9-675D-44A2-B637-626E182730C4}","Name":"025438328","PlanID":"{889CF29D-9A1E-4621-A96C-257343B3ABAF}","PlanNumber":"NEP71469","PIN":null,"PID":25438328,"Designation1":"Lot A","Designation2":null,"Designation3":null,"ParcelStatus":"ACTIVE","RegionalDistrict":"0019","ParcelClass":"SUBDIVISION","SourceParcelID":null,"GeometrySource":"ICF","IsRemainder":"NO","ParcelStartDate":"2002-07-12T07:00:00.000Z","PositionalError":0.254488,"LegalDescription":"LOT A TOWNSHIP 28 KOOTENAY DISTRICT PLAN NEP71469","CaptureMethod":"UNKNOWN","OwnerType":"PRIVATE","Compiled":1,"CreatedDate":"2016-09-20T23:24:06.000Z","ModifiedDate":"2026-01-07T22:06:41.000Z","StatedArea":null,"ErrorReportedBy":"LSA","Municipality":"0163","OBJECTID":46013,"created_user":"SDE","created_date":"2024-11-12T16:15:31.000Z","last_edited_user":"SDE","last_edited_date":"2026-03-25T16:06:10.000Z","Shape__Area":24430.85096212,"Shape__Length":698.343954764214,"CommonName":null,"SourceGlobalID":"{DAF23ACC-F655-4A8E-A597-20946D97549D}","Comments":null,"UpdateStatus":"AUTO","UpdateSource":"PMBC"}},{"type":"Feature","geometry":{"type":"Polygon","coordinates":[[[-117.828478,49.101619],[-117.830456,49.101191],[-117.830349,49.10186],[-117.827279,49.101879],[-117.828478,49.101619]]]},"properties":{"GlobalID":"{B184C0E3-B286-4706-AB39-2EE25688BDB8}","Name":"014031914","PlanID":"{119B6899-4DF9-47A0-AE97-81F2976AE85F}","PlanNumber":"NEP60X","PIN":null,"PID":14031914,"Designation1":"Parcel A","Designation2":"Lot 27","Designation3":null,"ParcelStatus":"ACTIVE","RegionalDistrict":"0019","ParcelClass":"SUBDIVISION","SourceParcelID":"28928","GeometrySource":"ICF","IsRemainder":"NO","ParcelStartDate":null,"PositionalError":5.75452332,"LegalDescription":"PARCEL A (SEE 72554I) SUBLOT 27 TOWNSHIP 28 KOOTENAY DISTRICT PLAN X60","CaptureMethod":"COGO IN SOURCE","OwnerType":"PRIVATE","Compiled":1,"CreatedDate":"2016-09-20T23:24:06.000Z","ModifiedDate":"2021-04-27T23:31:49.000Z","StatedArea":null,"ErrorReportedBy":"LSA","Municipality":"0121","OBJECTID":46014,"created_user":"SDE","created_date":"2024-11-12T16:15:31.000Z","last_edited_user":"SDE","last_edited_date":"2026-03-25T16:06:10.000Z","Shape__Area":8315.95258157,"Shape__Length":543.0096657632572,"CommonName":null,"SourceGlobalID":"{A046F179-F138-4FD7-AC64-166E470E6C4B}","Comments":null,"UpdateStatus":"AUTO","UpdateSource":"PMBC"}},{"type":"Feature","geometry":{"type":"Polygon","coordinates":[[[-117.830843,49.088117],[-117.831024,49.087639],[-117.834149,49.087647],[-117.833027,49.088451],[-117.830843,49.088117]]]},"properties":{"GlobalID":"{EA183655-6280-44BE-BBC1-885AC39BB8B1}","Name":"011974494","PlanID":"{F0DB3B36-A152-4C45-B118-275779D2B1D7}","PlanNumber":"NO_PLAN","PIN":null,"PID":11974494,"Designation1":"1061","Designation2":null,"Designation3":null,"ParcelStatus":"ACTIVE","RegionalDistrict":"0019","ParcelClass":"SUBDIVISION","SourceParcelID":"4750032","GeometrySource":"ICF","IsRemainder":"NO","ParcelStartDate":null,"PositionalError":7.35226765,"LegalDescription":"DISTRICT LOT 1061 LYING OUTSIDE THE BOUNDARIES OF SECTION 33 TOWNSHIP 9A KOOTENAY DISTRICT","CaptureMethod":"COGO IN SOURCE","OwnerType":"PRIVATE","Compiled":1,"CreatedDate":"2016-09-20T23:24:06.000Z","ModifiedDate":"2021-04-27T23:31:49.000Z","StatedArea":null,"ErrorReportedBy":"LSA","Municipality":"0121","OBJECTID":46015,"created_user":"SDE","created_date":"2024-11-12T16:15:31.000Z","last_edited_user":"SDE","last_edited_date":"2026-03-25T16:06:10.000Z","Shape__Area":14708.771344435,"Shape__Length":567.8088265468056,"CommonName":null,"SourceGlobalID":"{F6E18493-1BBF-4576-A9FA-F373CBC53CEF}","Comments":null,"UpdateStatus":"AUTO","UpdateSource":"PMBC"}},{"type":"Feature","geometry":{"type":"Polygon","coordinates":[[[-117.811158,49.113283],[-117.810916,49.112799],[-117.812553,49.112794],[-117.812503,49.112912],[-117.812502,49.112913],[-117.812277,49.113442],[-117.811247,49.113295],[-117.811158,49.113283]]]},"properties":{"GlobalID":"{236980B3-527A-4967-ADE0-EEC5C4D381CF}","Name":"016344855","PlanID":"{119B6899-4DF9-47A0-AE97-81F2976AE85F}","PlanNumber":"NEP60X","PIN":null,"PID":16344855,"Designation1":"Lot 31","Designation2":null,"Designation3":null,"ParcelStatus":"ACTIVE","RegionalDistrict":"0019","ParcelClass":"SUBDIVISION","SourceParcelID":null,"GeometrySource":"MODIFIED-ICF","IsRemainder":"NO","ParcelStartDate":null,"PositionalError":2.8779167,"LegalDescription":"THAT PART OF SUBLOT 31 TOWNSHIP 28 KOOTENAY DISTRICT PLAN X60, SHOWN OUTLINED IN RED ON REFERENCE PLAN 135373I","CaptureMethod":"UNKNOWN","OwnerType":"CROWN PROVINCIAL","Compiled":1,"CreatedDate":"2016-09-20T23:24:06.000Z","ModifiedDate":"2025-09-04T18:03:30.000Z","StatedArea":null,"ErrorReportedBy":"LSA","Municipality":"0163","OBJECTID":46016,"created_user":"SDE","created_date":"2024-11-12T16:15:31.000Z","last_edited_user":"SDE","last_edited_date":"2026-03-25T16:06:10.000Z","Shape__Area":6334.44420775,"Shape__Length":334.36444019091,"CommonName":null,"SourceGlobalID":"{F506E312-F363-43A8-AFD6-7B235292CB83}","Comments":null,"UpdateStatus":"AUTO","UpdateSource":"PMBC"}},{"type":"Feature","geometry":{"type":"Polygon","coordinates":[[[-117.799304,49.088456],[-117.798721,49.08831],[-117.799327,49.088151],[-117.799304,49.088456]]]},"properties":{"GlobalID":"{391F7A35-3B5F-4B0B-A14F-6B7576053D04}","Name":"016972252","PlanID":"{119B6899-4DF9-47A0-AE97-81F2976AE85F}","PlanNumber":"NEP60X","PIN":null,"PID":16972252,"Designation1":"Lot 11","Designation2":"","Designation3":"","ParcelStatus":"ACTIVE","RegionalDistrict":"0019","ParcelClass":"SUBDIVISION","SourceParcelID":null,"GeometrySource":"ICF","IsRemainder":"NO","ParcelStartDate":null,"PositionalError":1.60265208,"LegalDescription":"SUBLOT 11 TOWNSHIP 28 KOOTENAY DISTRICT PLAN X60","CaptureMethod":"UNKNOWN","OwnerType":"PRIVATE","Compiled":1,"CreatedDate":"2016-09-20T23:24:06.000Z","ModifiedDate":"2021-04-27T23:31:49.000Z","StatedArea":null,"ErrorReportedBy":"DATACOMPILATION","Municipality":"0163","OBJECTID":46017,"created_user":"SDE","created_date":"2024-11-12T16:15:31.000Z","last_edited_user":"SDE","last_edited_date":"2026-03-25T16:06:10.000Z","Shape__Area":735.96708665,"Shape__Length":127.1866640520626,"CommonName":null,"SourceGlobalID":"{2624C237-2248-42C0-B7CF-47BFB34088A4}","Comments":null,"UpdateStatus":"AUTO","UpdateSource":"PMBC"}},{"type":"Feature","geometry":{"type":"Polygon","coordinates":[[[-117.794377,49.109102],[-117.795908,49.107451],[-117.795953,49.107482],[-117.796,49.107507],[-117.796051,49.107526],[-117.796104,49.107538],[-117.796157,49.107543],[-117.796211,49.107542],[-117.796265,49.107534],[-117.796316,49.107518],[-117.796469,49.107465],[-117.796848,49.107469],[-117.796837,49.108312],[-117.796029,49.109182],[-117.795967,49.109499],[-117.795533,49.109528],[-117.795349,49.10954],[-117.79502,49.109622],[-117.794737,49.109638],[-117.794367,49.109465],[-117.794377,49.109102]]]},"properties":{"GlobalID":"{6296DF40-8DC3-4DDA-9550-F517D8355D5F}","Name":"029881251","PlanID":"{A16093AF-8DD9-4A6D-9412-0B3D386496E9}","PlanNumber":"EPP52491","PIN":null,"PID":29881251,"Designation1":"Lot A","Designation2":null,"Designation3":null,"ParcelStatus":"ACTIVE","RegionalDistrict":"0019","ParcelClass":"SUBDIVISION","SourceParcelID":null,"GeometrySource":"PMBC-OPERATIONS","IsRemainder":null,"ParcelStartDate":"2016-06-29T07:00:00.000Z","PositionalError":0.14858753,"LegalDescription":"LOT A TOWNSHIP 28 KOOTENAY DISTRICT PLAN EPP52491","CaptureMethod":"COGO","OwnerType":"PRIVATE","Compiled":0,"CreatedDate":"2016-12-21T17:30:42.000Z","ModifiedDate":"2025-11-06T23:33:00.000Z","StatedArea":"26140","ErrorReportedBy":"LSA","Municipality":"0163","OBJECTID":46018,"created_user":"SDE","created_date":"2024-11-12T16:15:31.000Z","last_edited_user":"SDE","last_edited_date":"2026-03-25T16:06:10.000Z","Shape__Area":26112.055866525,"Shape__Length":696.4102687454954,"CommonName":null,"SourceGlobalID":"{B4468F91-D49D-45B5-B8D5-9E5EAF35EAD0}","Comments":null,"UpdateStatus":"AUTO","UpdateSource":"PMBC"}},{"type":"Feature","geometry":{"type":"Polygon","coordinates":[[[-117.809288,49.102138],[-117.809798,49.102108],[-117.809865,49.102243],[-117.809317,49.102296],[-117.809299,49.102217],[-117.809288,49.102138]]]},"properties":{"GlobalID":"{84014AD2-0C60-42C4-BEF0-0794F2D45D75}","Name":"026869713","PlanID":"{87DDAB21-4F6F-4B03-A195-5AE56A2D8E67}","PlanNumber":"NES3110","PIN":null,"PID":26869713,"Designation1":"Lot 8","Designation2":null,"Designation3":null,"ParcelStatus":"ACTIVE","RegionalDistrict":"0019","ParcelClass":"BARE LAND STRATA","SourceParcelID":"30018","GeometrySource":"ICF","IsRemainder":"NO","ParcelStartDate":"2006-11-10T08:00:00.000Z","PositionalError":3.129713,"LegalDescription":"STRATA LOT 8 SECTION 3 TOWNSHIP 28 KOOTENAY DISTRICT STRATA PLAN NES3110 TOGETHER WITH AN INTEREST IN THE COMMON PROPERTY IN PROPORTION TO THE UNIT ENTITLEMENT OF THE STRATA LOT AS SHOWN ON FORM V","CaptureMethod":"COGO IN SOURCE","OwnerType":"PRIVATE","Compiled":1,"CreatedDate":"2016-09-20T23:24:06.000Z","ModifiedDate":"2026-03-13T23:29:49.000Z","StatedArea":null,"ErrorReportedBy":"LSA","Municipality":"0121","OBJECTID":46019,"created_user":"SDE","created_date":"2024-11-12T16:15:31.000Z","last_edited_user":"SDE","last_edited_date":"2026-03-25T16:06:10.000Z","Shape__Area":648.310711535,"Shape__Length":111.32300796484964,"CommonName":null,"SourceGlobalID":"{2C671408-CD81-4B7C-A2CE-27F6DDB952F5}","Comments":null,"UpdateStatus":"AUTO","UpdateSource":"PMBC"}},{"type":"Feature","geometry":{"type":"Polygon","coordinates":[[[-117.814886,49.109632],[-117.814867,49.109618],[-117.814277,49.109203],[-117.814259,49.108059],[-117.8167,49.108044],[-117.816848,49.108043],[-117.816569,49.108228],[-117.81617,49.108494],[-117.816127,49.108854],[-117.816114,49.108964],[-117.816079,49.108982],[-117.816012,49.109018],[-117.815163,49.109466],[-117.815069,49.109518],[-117.814979,49.109575],[-117.814891,49.109636],[-117.814886,49.109632]]]},"properties":{"GlobalID":"{C436D6F4-B553-4CC7-9671-49D1DA684D15}","Name":"027996158","PlanID":"{0F7E4F3E-5FCF-402A-845C-04A915AE9F36}","PlanNumber":"NEP89577","PIN":null,"PID":27996158,"Designation1":"Lot B","Designation2":null,"Designation3":null,"ParcelStatus":"ACTIVE","RegionalDistrict":"0019","ParcelClass":"SUBDIVISION","SourceParcelID":null,"GeometrySource":"ICF","IsRemainder":"NO","ParcelStartDate":"2009-08-24T07:00:00.000Z","PositionalError":6.6634257,"LegalDescription":"LOT B TOWNSHIP 28 KOOTENAY DISTRICT PLAN NEP89577","CaptureMethod":"UNKNOWN","OwnerType":"PRIVATE","Compiled":1,"CreatedDate":"2016-09-20T23:24:06.000Z","ModifiedDate":"2026-01-07T22:06:41.000Z","StatedArea":null,"ErrorReportedBy":"LSA","Municipality":"0163","OBJECTID":46020,"created_user":"SDE","created_date":"2024-11-12T16:15:31.000Z","last_edited_user":"SDE","last_edited_date":"2026-03-25T16:06:10.000Z","Shape__Area":20686.26023911,"Shape__Length":621.2162512448399,"CommonName":null,"SourceGlobalID":"{4432934E-2310-4FA6-A6AB-73A71C7D107C}","Comments":null,"UpdateStatus":"AUTO","UpdateSource":"PMBC"}},{"type":"Feature","geometry":{"type":"Polygon","coordinates":[[[-117.826041,49.086451],[-117.826181,49.085989],[-117.826775,49.085923],[-117.82977,49.086717],[-117.830124,49.08614],[-117.830518,49.087637],[-117.825322,49.08762],[-117.825328,49.086358],[-117.825532,49.086384],[-117.826041,49.086451]]]},"properties":{"GlobalID":"{B46A161D-EE48-4663-8300-0EF91834A29C}","Name":"006976689","PlanID":"{B5B7FDF6-176E-4CC5-9236-1A73A2801D04}","PlanNumber":"NEP62X","PIN":null,"PID":6976689,"Designation1":"Lot 20","Designation2":"","Designation3":"","ParcelStatus":"ACTIVE","RegionalDistrict":"0019","ParcelClass":"SUBDIVISION","SourceParcelID":"28615","GeometrySource":"MODIFIED-ICF","IsRemainder":"NO","ParcelStartDate":null,"PositionalError":1.60265208,"LegalDescription":"THAT PART OF SUBLOT 20 LYING WITHIN THE BOUNDARIES OF DISTRICT LOT 1221 SECTION 33 TOWNSHIP 9A KOOTENAY DISTRICT PLAN X62","CaptureMethod":"COGO IN SOURCE","OwnerType":"PRIVATE","Compiled":1,"CreatedDate":"2016-09-20T23:24:06.000Z","ModifiedDate":"2021-04-27T23:31:49.000Z","StatedArea":null,"ErrorReportedBy":"DATACOMPILATION","Municipality":"0121","OBJECTID":46021,"created_user":"SDE","created_date":"2024-11-12T16:15:31.000Z","last_edited_user":"SDE","last_edited_date":"2026-03-25T16:06:10.000Z","Shape__Area":54409.21637573,"Shape__Length":1143.0037643819182,"CommonName":null,"SourceGlobalID":"{E1CA4FD0-DF16-4749-B5DB-FE4E63DDC4E6}","Comments":null,"UpdateStatus":"AUTO","UpdateSource":"PMBC"}},{"type":"Feature","geometry":{"type":"Polygon","coordinates":[[[-117.814267,49.105569],[-117.815443,49.105561],[-117.816801,49.105548],[-117.817026,49.105548],[-117.817037,49.105548],[-117.817079,49.105547],[-117.817954,49.106066],[-117.817516,49.106585],[-117.816701,49.106804],[-117.815952,49.10674],[-117.815203,49.106473],[-117.814831,49.106092],[-117.814271,49.105823],[-117.814267,49.105569]]]},"properties":{"GlobalID":"{FE5C28D8-8622-4F9A-BADD-E6260FB0F33E}","Name":"024888991","PlanID":"{04B44515-84DB-4DD0-9913-A9BEA781EE18}","PlanNumber":"NEP67860","PIN":null,"PID":24888991,"Designation1":"Lot A","Designation2":null,"Designation3":null,"ParcelStatus":"ACTIVE","RegionalDistrict":"0019","ParcelClass":"SUBDIVISION","SourceParcelID":"30134","GeometrySource":"ICF","IsRemainder":"NO","ParcelStartDate":"2000-11-15T08:00:00.000Z","PositionalError":4.5198537,"LegalDescription":"LOT A SECTION 10 TOWNSHIP 28 KOOTENAY DISTRICT PLAN NEP67860","CaptureMethod":"COGO IN SOURCE","OwnerType":"PRIVATE","Compiled":1,"CreatedDate":"2016-09-20T23:24:06.000Z","ModifiedDate":"2026-03-13T23:29:49.000Z","StatedArea":null,"ErrorReportedBy":"LSA","Municipality":"0121","OBJECTID":46022,"created_user":"SDE","created_date":"2024-11-12T16:15:31.000Z","last_edited_user":"SDE","last_edited_date":"2026-03-25T16:06:10.000Z","Shape__Area":26234.127560905,"Shape__Length":668.1832388012033,"CommonName":null,"SourceGlobalID":"{C66A1FA3-52D7-426C-8B24-8B6EC92077F4}","Comments":null,"UpdateStatus":"AUTO","UpdateSource":"PMBC"}},{"type":"Feature","geometry":{"type":"Polygon","coordinates":[[[-117.792642,49.091403],[-117.79174,49.094049],[-117.791626,49.094383],[-117.79052,49.094224],[-117.7884,49.093919],[-117.787598,49.093805],[-117.78774,49.093391],[-117.788055,49.092467],[-117.78923,49.092413],[-117.789154,49.091761],[-117.792642,49.091403]]]},"properties":{"GlobalID":"{759DEBBE-2FDF-4275-B521-EBEDEAA4EB29}","Name":"028536894","PlanID":"{F0DB3B36-A152-4C45-B118-275779D2B1D7}","PlanNumber":"NO_PLAN","PIN":9604210,"PID":28536894,"Designation1":"DL 734","Designation2":"Tp 28","Designation3":null,"ParcelStatus":"ACTIVE","RegionalDistrict":"0019","ParcelClass":"SUBDIVISION","SourceParcelID":null,"GeometrySource":"MODIFIED-ICF","IsRemainder":"NO","ParcelStartDate":"2017-06-29T07:00:00.000Z","PositionalError":6.45609146,"LegalDescription":"DISTRICT LOT 734 KOOTENAY DISTRICT KNOWN AS THE \"CALEDONIA\" MINERAL CLAIM","CaptureMethod":"UNKNOWN","OwnerType":"CROWN PROVINCIAL","Compiled":0,"CreatedDate":"2020-03-26T16:35:15.000Z","ModifiedDate":"2021-04-27T23:31:49.000Z","StatedArea":null,"ErrorReportedBy":"LSA","Municipality":"0163","OBJECTID":46023,"created_user":"SDE","created_date":"2024-11-12T16:15:31.000Z","last_edited_user":"SDE","last_edited_date":"2026-03-25T16:06:10.000Z","Shape__Area":79298.173629635,"Shape__Length":1209.5718455795102,"CommonName":null,"SourceGlobalID":"{FAFC8F8E-350E-4414-9F74-D78006301BA3}","Comments":null,"UpdateStatus":"AUTO","UpdateSource":"PMBC"}},{"type":"Feature","geometry":{"type":"Polygon","coordinates":[[[-117.810164,49.111016],[-117.810205,49.110489],[-117.81023,49.110175],[-117.810249,49.109937],[-117.811493,49.109336],[-117.811842,49.109516],[-117.81181,49.111239],[-117.810164,49.111016]]]},"properties":{"GlobalID":"{203A154A-D687-4EE2-A5D1-59A8E9147A8A}","Name":"023616415","PlanID":"{22245C20-6D38-48DD-BC9F-A5FA3C077950}","PlanNumber":"NEP23520","PIN":null,"PID":23616415,"Designation1":"Lot 1","Designation2":null,"Designation3":null,"ParcelStatus":"ACTIVE","RegionalDistrict":"0019","ParcelClass":"SUBDIVISION","SourceParcelID":null,"GeometrySource":"ICF","IsRemainder":"NO","ParcelStartDate":"1996-12-02T08:00:00.000Z","PositionalError":5.9922136,"LegalDescription":"LOT 1 TOWNSHIP 28 KOOTENAY DISTRICT PLAN NEP23520","CaptureMethod":"UNKNOWN","OwnerType":"PRIVATE","Compiled":1,"CreatedDate":"2016-09-20T23:24:06.000Z","ModifiedDate":"2025-09-04T18:03:30.000Z","StatedArea":null,"ErrorReportedBy":"LSA","Municipality":"0163","OBJECTID":46024,"created_user":"SDE","created_date":"2024-11-12T16:15:31.000Z","last_edited_user":"SDE","last_edited_date":"2026-03-25T16:06:10.000Z","Shape__Area":20122.105443295,"Shape__Length":579.440616138579,"CommonName":null,"SourceGlobalID":"{3ABEFB70-29E9-4238-A67D-FB524403E44D}","Comments":null,"UpdateStatus":"AUTO","UpdateSource":"PMBC"}},{"type":"Feature","geometry":{"type":"Polygon","coordinates":[[[-117.800508,49.110667],[-117.800706,49.109531],[-117.803293,49.109256],[-117.803312,49.111824],[-117.803316,49.112308],[-117.803318,49.112647],[-117.80332,49.112831],[-117.80332,49.112858],[-117.803339,49.114641],[-117.80334,49.116376],[-117.80058,49.116395],[-117.800508,49.110667]]]},"properties":{"GlobalID":"{9015F89E-08AD-4C99-A941-514C78CFCC21}","Name":"015855228","PlanID":"{0992A533-8887-45C4-A254-518C1BDF7A4F}","PlanNumber":"NEP1245","PIN":null,"PID":15855228,"Designation1":"Lot 2","Designation2":null,"Designation3":null,"ParcelStatus":"ACTIVE","RegionalDistrict":"0019","ParcelClass":"SUBDIVISION","SourceParcelID":null,"GeometrySource":"MODIFIED-ICF","IsRemainder":"NO","ParcelStartDate":null,"PositionalError":6.5760678,"LegalDescription":"LOT 2 TOWNSHIP 28 KOOTENAY DISTRICT PLAN 1245","CaptureMethod":"UNKNOWN","OwnerType":"PRIVATE","Compiled":1,"CreatedDate":"2016-09-20T23:24:06.000Z","ModifiedDate":"2025-09-04T18:03:30.000Z","StatedArea":null,"ErrorReportedBy":"LSA","Municipality":"0163","OBJECTID":46025,"created_user":"SDE","created_date":"2024-11-12T16:15:31.000Z","last_edited_user":"SDE","last_edited_date":"2026-03-25T16:06:10.000Z","Shape__Area":156772.48563902,"Shape__Length":1948.1372651454933,"CommonName":null,"SourceGlobalID":"{1E314DF7-2EE1-417F-94CA-3D5D27A1D175}","Comments":null,"UpdateStatus":"AUTO","UpdateSource":"PMBC"}},{"type":"Feature","geometry":{"type":"Polygon","coordinates":[[[-117.819908,49.104183],[-117.819971,49.104182],[-117.820283,49.104181],[-117.820286,49.104383],[-117.820289,49.104593],[-117.819814,49.104595],[-117.819843,49.10453],[-117.819866,49.104463],[-117.819885,49.104395],[-117.819898,49.104325],[-117.819905,49.104254],[-117.819908,49.104183]]]},"properties":{"GlobalID":"{6E3121E5-A167-40F2-B035-A8942C3468F7}","Name":"011356154","PlanID":"{1B728957-C69C-4116-BDAC-EA6D7A05D8DA}","PlanNumber":"NEP6177","PIN":null,"PID":11356154,"Designation1":"Lot 2","Designation2":null,"Designation3":null,"ParcelStatus":"ACTIVE","RegionalDistrict":"0019","ParcelClass":"SUBDIVISION","SourceParcelID":"28633","GeometrySource":"ICF","IsRemainder":"NO","ParcelStartDate":null,"PositionalError":2.6200029,"LegalDescription":"LOT 2 TOWNSHIP 28 KOOTENAY DISTRICT PLAN 6177","CaptureMethod":"COGO IN SOURCE","OwnerType":"PRIVATE","Compiled":1,"CreatedDate":"2016-09-20T23:24:06.000Z","ModifiedDate":"2026-03-13T23:29:49.000Z","StatedArea":null,"ErrorReportedBy":"LSA","Municipality":"0121","OBJECTID":46026,"created_user":"SDE","created_date":"2024-11-12T16:15:31.000Z","last_edited_user":"SDE","last_edited_date":"2026-03-25T16:06:10.000Z","Shape__Area":1366.270083245,"Shape__Length":154.25639145973778,"CommonName":null,"SourceGlobalID":"{BDA82AD3-A77E-4E86-B8A8-339C2BD1F4FC}","Comments":null,"UpdateStatus":"AUTO","UpdateSource":"PMBC"}},{"type":"Feature","geometry":{"type":"Polygon","coordinates":[[[-117.800508,49.110667],[-117.80058,49.116395],[-117.797821,49.116407],[-117.797777,49.11303],[-117.797775,49.112732],[-117.797766,49.111361],[-117.797874,49.111342],[-117.798862,49.111155],[-117.79916,49.111129],[-117.799965,49.111029],[-117.800508,49.110667]]]},"properties":{"GlobalID":"{EAFE9189-C3A6-414D-94C1-C37192914868}","Name":"015855236","PlanID":"{0992A533-8887-45C4-A254-518C1BDF7A4F}","PlanNumber":"NEP1245","PIN":null,"PID":15855236,"Designation1":"Lot 4","Designation2":null,"Designation3":null,"ParcelStatus":"ACTIVE","RegionalDistrict":"0019","ParcelClass":"SUBDIVISION","SourceParcelID":null,"GeometrySource":"MODIFIED-ICF","IsRemainder":"NO","ParcelStartDate":null,"PositionalError":8.0144246,"LegalDescription":"LOT 4 TOWNSHIP 28 KOOTENAY DISTRICT PLAN 1245","CaptureMethod":"UNKNOWN","OwnerType":"PRIVATE","Compiled":1,"CreatedDate":"2016-09-20T23:24:06.000Z","ModifiedDate":"2021-04-27T23:31:49.000Z","StatedArea":null,"ErrorReportedBy":"LSA","Municipality":"0163","OBJECTID":46027,"created_user":"SDE","created_date":"2024-11-12T16:15:31.000Z","last_edited_user":"SDE","last_edited_date":"2026-03-25T16:06:10.000Z","Shape__Area":118366.542453565,"Shape__Length":1620.5774258828874,"CommonName":null,"SourceGlobalID":"{0BD91E6F-ACA8-485A-948A-027BC8557DDA}","Comments":null,"UpdateStatus":"AUTO","UpdateSource":"PMBC"}},{"type":"Feature","geometry":{"type":"Polygon","coordinates":[[[-117.839035,49.091413],[-117.842119,49.091063],[-117.842652,49.093088],[-117.843186,49.095113],[-117.840101,49.095464],[-117.837017,49.095814],[-117.836484,49.093789],[-117.836324,49.09318],[-117.835951,49.091763],[-117.836333,49.09172],[-117.839035,49.091413]]]},"properties":{"GlobalID":"{484750D8-6483-415A-AC7C-4B1038C18E78}","Name":"017012937","PlanID":"{F0DB3B36-A152-4C45-B118-275779D2B1D7}","PlanNumber":"NO_PLAN","PIN":9595400,"PID":17012937,"Designation1":"640","Designation2":null,"Designation3":null,"ParcelStatus":"ACTIVE","RegionalDistrict":"0019","ParcelClass":"SUBDIVISION","SourceParcelID":"28585","GeometrySource":"ICF","IsRemainder":"NO","ParcelStartDate":null,"PositionalError":16.16397328,"LegalDescription":"DISTRICT LOT 640 KOOTENAY DISTRICT","CaptureMethod":"COGO IN SOURCE","OwnerType":"PRIVATE","Compiled":1,"CreatedDate":"2016-09-20T23:24:06.000Z","ModifiedDate":"2021-04-27T23:31:49.000Z","StatedArea":null,"ErrorReportedBy":"LSA","Municipality":"0121","OBJECTID":46028,"created_user":"SDE","created_date":"2024-11-12T16:15:31.000Z","last_edited_user":"SDE","last_edited_date":"2026-03-25T16:06:10.000Z","Shape__Area":208853.515201595,"Shape__Length":1827.9872394163858,"CommonName":null,"SourceGlobalID":"{47807FFE-95FD-408A-AC71-2A3D24480749}","Comments":null,"UpdateStatus":"AUTO","UpdateSource":"PMBC"}},{"type":"Feature","geometry":{"type":"Polygon","coordinates":[[[-117.797631,49.089025],[-117.797403,49.088926],[-117.797624,49.088601],[-117.797911,49.088523],[-117.797631,49.089025]]]},"properties":{"GlobalID":"{1A15D580-CBD3-499A-AABA-99B8BDDEE356}","Name":"016984099","PlanID":"{119B6899-4DF9-47A0-AE97-81F2976AE85F}","PlanNumber":"NEP60X","PIN":null,"PID":16984099,"Designation1":"Parcel B","Designation2":"Lot 10","Designation3":null,"ParcelStatus":"ACTIVE","RegionalDistrict":"0019","ParcelClass":"SUBDIVISION","SourceParcelID":null,"GeometrySource":"MODIFIED-ICF","IsRemainder":"NO","ParcelStartDate":null,"PositionalError":3.33991476,"LegalDescription":"PARCEL B (SEE 22303I) OF SUBLOT 10 TOWNSHIP 28 KOOTENAY DISTRICT PLAN X60","CaptureMethod":"UNKNOWN","OwnerType":"PRIVATE","Compiled":1,"CreatedDate":"2016-09-20T23:24:06.000Z","ModifiedDate":"2021-04-27T23:31:49.000Z","StatedArea":null,"ErrorReportedBy":"LSA","Municipality":"0163","OBJECTID":46029,"created_user":"SDE","created_date":"2024-11-12T16:15:31.000Z","last_edited_user":"SDE","last_edited_date":"2026-03-25T16:06:10.000Z","Shape__Area":887.0009881,"Shape__Length":141.72833172865666,"CommonName":null,"SourceGlobalID":"{0CA941FB-1365-4083-B5FF-43D64B0C3F60}","Comments":null,"UpdateStatus":"AUTO","UpdateSource":"PMBC"}},{"type":"Feature","geometry":{"type":"Polygon","coordinates":[[[-117.795279,49.087631],[-117.795766,49.08763],[-117.794978,49.089288],[-117.795279,49.087631]]]},"properties":{"GlobalID":"{6E398FA3-6D89-4A72-B809-F766FA180BEB}","Name":"016969928","PlanID":"{119B6899-4DF9-47A0-AE97-81F2976AE85F}","PlanNumber":"NEP60X","PIN":null,"PID":16969928,"Designation1":"Lot 9","Designation2":null,"Designation3":null,"ParcelStatus":"ACTIVE","RegionalDistrict":"0019","ParcelClass":"SUBDIVISION","SourceParcelID":null,"GeometrySource":"MODIFIED-ICF","IsRemainder":"NO","ParcelStartDate":null,"PositionalError":4.65908807,"LegalDescription":"SUBLOT 9 TOWNSHIP 28 KOOTENAY DISTRICT PLAN X60","CaptureMethod":"UNKNOWN","OwnerType":"PRIVATE","Compiled":1,"CreatedDate":"2016-09-20T23:24:06.000Z","ModifiedDate":"2021-04-27T23:31:49.000Z","StatedArea":null,"ErrorReportedBy":"LSA","Municipality":"0163","OBJECTID":46030,"created_user":"SDE","created_date":"2024-11-12T16:15:31.000Z","last_edited_user":"SDE","last_edited_date":"2026-03-25T16:06:10.000Z","Shape__Area":3273.43254732,"Shape__Length":414.1237780984171,"CommonName":null,"SourceGlobalID":"{A6CABCFC-7C29-4D5F-BD8C-00DD49593AD0}","Comments":null,"UpdateStatus":"AUTO","UpdateSource":"PMBC"}},{"type":"Feature","geometry":{"type":"Polygon","coordinates":[[[-117.836106,49.090863],[-117.834861,49.093973],[-117.829624,49.093194],[-117.829612,49.092788],[-117.831996,49.092651],[-117.831719,49.090604],[-117.832641,49.09116],[-117.833575,49.090491],[-117.836106,49.090863]]]},"properties":{"GlobalID":"{91F3C905-8EFF-4C31-A5F5-66D6C6B0943E}","Name":"010923233","PlanID":"{F0DB3B36-A152-4C45-B118-275779D2B1D7}","PlanNumber":"NO_PLAN","PIN":9595530,"PID":10923233,"Designation1":"641","Designation2":null,"Designation3":null,"ParcelStatus":"ACTIVE","RegionalDistrict":"0019","ParcelClass":"SUBDIVISION","SourceParcelID":"28597","GeometrySource":"ICF","IsRemainder":"NO","ParcelStartDate":null,"PositionalError":8.4060886,"LegalDescription":"DISTRICT LOT 641 KOOTENAY DISTRICT","CaptureMethod":"COGO IN SOURCE","OwnerType":"PRIVATE","Compiled":1,"CreatedDate":"2016-09-20T23:24:06.000Z","ModifiedDate":"2021-04-27T23:31:49.000Z","StatedArea":null,"ErrorReportedBy":"LSA","Municipality":"0121","OBJECTID":46031,"created_user":"SDE","created_date":"2024-11-12T16:15:31.000Z","last_edited_user":"SDE","last_edited_date":"2026-03-25T16:06:10.000Z","Shape__Area":101309.370026275,"Shape__Length":1579.3136651895295,"CommonName":null,"SourceGlobalID":"{CF5FE00C-DC4E-4200-BAFE-4B76D012F1D5}","Comments":null,"UpdateStatus":"AUTO","UpdateSource":"PMBC"}},{"type":"Feature","geometry":{"type":"Polygon","coordinates":[[[-117.807426,49.11169],[-117.807935,49.111521],[-117.807966,49.111561],[-117.808239,49.111471],[-117.81006,49.112803],[-117.809055,49.112807],[-117.807444,49.112814],[-117.807443,49.112727],[-117.807439,49.112452],[-117.807426,49.11169]]]},"properties":{"GlobalID":"{C033A70F-DA68-4566-90D6-B466A60F2224}","Name":"031083633","PlanID":"{41D4C96D-4F07-4BA0-9C34-F64BCB7FFC0F}","PlanNumber":"EPP100686","PIN":null,"PID":31083633,"Designation1":"Lot 1","Designation2":null,"Designation3":null,"ParcelStatus":"ACTIVE","RegionalDistrict":"0019","ParcelClass":"SUBDIVISION","SourceParcelID":null,"GeometrySource":"SPDS","IsRemainder":null,"ParcelStartDate":"2020-04-30T07:00:00.000Z","PositionalError":0.1842591,"LegalDescription":"LOT 1 TOWNSHIP 28 KOOTENAY DISTRICT PLAN EPP100686","CaptureMethod":"SPDS","OwnerType":"PRIVATE","Compiled":0,"CreatedDate":"2020-05-07T17:11:47.000Z","ModifiedDate":"2025-09-04T18:03:30.000Z","StatedArea":"18008","ErrorReportedBy":"LSA","Municipality":"0163","OBJECTID":46032,"created_user":"SDE","created_date":"2024-11-12T16:15:31.000Z","last_edited_user":"SDE","last_edited_date":"2026-03-25T16:06:10.000Z","Shape__Area":17989.404299155,"Shape__Length":583.7828888953204,"CommonName":null,"SourceGlobalID":"{D19F0C11-345B-4D86-8542-A7CF9CEE9951}","Comments":null,"UpdateStatus":"AUTO","UpdateSource":"PMBC"}},{"type":"Feature","geometry":{"type":"Polygon","coordinates":[[[-117.792249,49.112939],[-117.792314,49.116432],[-117.789774,49.116443],[-117.789698,49.113235],[-117.790038,49.113225],[-117.790311,49.11319],[-117.792249,49.112939]]]},"properties":{"GlobalID":"{9C3A7BA8-FC63-4F5A-9887-05A552001208}","Name":"015855295","PlanID":"{0992A533-8887-45C4-A254-518C1BDF7A4F}","PlanNumber":"NEP1245","PIN":null,"PID":15855295,"Designation1":"Lot 10","Designation2":null,"Designation3":null,"ParcelStatus":"ACTIVE","RegionalDistrict":"0019","ParcelClass":"SUBDIVISION","SourceParcelID":null,"GeometrySource":"MODIFIED-ICF","IsRemainder":"NO","ParcelStartDate":null,"PositionalError":11.6471082,"LegalDescription":"LOT 10 TOWNSHIP 28 KOOTENAY DISTRICT PLAN 1245","CaptureMethod":"UNKNOWN","OwnerType":"PRIVATE","Compiled":1,"CreatedDate":"2016-09-20T23:24:06.000Z","ModifiedDate":"2021-04-27T23:31:49.000Z","StatedArea":null,"ErrorReportedBy":"LSA","Municipality":"0163","OBJECTID":46033,"created_user":"SDE","created_date":"2024-11-12T16:15:31.000Z","last_edited_user":"SDE","last_edited_date":"2026-03-25T16:06:10.000Z","Shape__Area":68984.06596171,"Shape__Length":1119.8175475905753,"CommonName":null,"SourceGlobalID":"{99EE7B38-E8D2-43D3-8F80-C4DB818B3BC3}","Comments":null,"UpdateStatus":"AUTO","UpdateSource":"PMBC"}},{"type":"Feature","geometry":{"type":"Polygon","coordinates":[[[-117.797624,49.088601],[-117.797403,49.088926],[-117.797026,49.088764],[-117.797624,49.088601]]]},"properties":{"GlobalID":"{2361D1DC-9CF2-4A72-9856-6F288DAD2CE7}","Name":"017025214","PlanID":"{119B6899-4DF9-47A0-AE97-81F2976AE85F}","PlanNumber":"NEP60X","PIN":null,"PID":17025214,"Designation1":"Parcel A","Designation2":"Lot 10","Designation3":null,"ParcelStatus":"ACTIVE","RegionalDistrict":"0019","ParcelClass":"SUBDIVISION","SourceParcelID":null,"GeometrySource":"ICF","IsRemainder":"NO","ParcelStartDate":null,"PositionalError":3.38177385,"LegalDescription":"PARCEL A (SEE 3430I) OF SUBLOT 10 TOWNSHIP 28 KOOTENAY DISTRICT PLAN X60","CaptureMethod":"UNKNOWN","OwnerType":"PRIVATE","Compiled":1,"CreatedDate":"2016-09-20T23:24:06.000Z","ModifiedDate":"2021-04-27T23:31:49.000Z","StatedArea":null,"ErrorReportedBy":"LSA","Municipality":"0163","OBJECTID":46034,"created_user":"SDE","created_date":"2024-11-12T16:15:31.000Z","last_edited_user":"SDE","last_edited_date":"2026-03-25T16:06:10.000Z","Shape__Area":643.06077066,"Shape__Length":119.76485290072057,"CommonName":null,"SourceGlobalID":"{54A3F915-5422-4B7C-8C12-9646F0D834FC}","Comments":null,"UpdateStatus":"AUTO","UpdateSource":"PMBC"}},{"type":"Feature","geometry":{"type":"Polygon","coordinates":[[[-117.809897,49.11121],[-117.809897,49.11121],[-117.812922,49.111618],[-117.812922,49.111619],[-117.812553,49.112794],[-117.810916,49.112799],[-117.809897,49.11121]]]},"properties":{"GlobalID":"{7D15FE62-DF92-46EB-982B-9E71D4BBE66A}","Name":"016344847","PlanID":"{119B6899-4DF9-47A0-AE97-81F2976AE85F}","PlanNumber":"NEP60X","PIN":null,"PID":16344847,"Designation1":"Lot 30","Designation2":null,"Designation3":null,"ParcelStatus":"ACTIVE","RegionalDistrict":"0019","ParcelClass":"SUBDIVISION","SourceParcelID":null,"GeometrySource":"MODIFIED-ICF","IsRemainder":"NO","ParcelStartDate":null,"PositionalError":3.7945629,"LegalDescription":"THAT PART OF SUBLOT 30 TOWNSHIP 28 KOOTENAY DISTRICT PLAN X60, SHOWN OUTLINED IN RED ON REFERENCE PLAN 135373I","CaptureMethod":"UNKNOWN","OwnerType":"CROWN PROVINCIAL","Compiled":1,"CreatedDate":"2016-09-20T23:24:06.000Z","ModifiedDate":"2026-01-07T22:06:41.000Z","StatedArea":null,"ErrorReportedBy":"LSA","Municipality":"0163","OBJECTID":46035,"created_user":"SDE","created_date":"2024-11-12T16:15:31.000Z","last_edited_user":"SDE","last_edited_date":"2026-03-25T16:06:10.000Z","Shape__Area":25615.288056225,"Shape__Length":670.0734962552297,"CommonName":null,"SourceGlobalID":"{CC74F62D-B7BB-4B72-A7C4-389F4AA9996A}","Comments":null,"UpdateStatus":"AUTO","UpdateSource":"PMBC"}},{"type":"Feature","geometry":{"type":"Polygon","coordinates":[[[-117.803943,49.109206],[-117.804623,49.109204],[-117.805331,49.109201],[-117.805266,49.109323],[-117.805059,49.110629],[-117.805076,49.11069],[-117.805257,49.111364],[-117.805002,49.111406],[-117.804366,49.111545],[-117.803943,49.109206]]]},"properties":{"GlobalID":"{173ADEFF-3FCC-491E-9283-BABE80934ACE}","Name":"024817091","PlanID":"{C840C4F8-4BAC-403D-93C8-A1D8EF9248DA}","PlanNumber":"NEP67129","PIN":null,"PID":24817091,"Designation1":"Lot A","Designation2":null,"Designation3":null,"ParcelStatus":"ACTIVE","RegionalDistrict":"0019","ParcelClass":"SUBDIVISION","SourceParcelID":null,"GeometrySource":"ICF","IsRemainder":"NO","ParcelStartDate":"2000-07-13T07:00:00.000Z","PositionalError":4.2812712,"LegalDescription":"LOT A TOWNSHIP 28 KOOTENAY DISTRICT PLAN NEP67129","CaptureMethod":"UNKNOWN","OwnerType":"PRIVATE","Compiled":1,"CreatedDate":"2016-09-20T23:24:06.000Z","ModifiedDate":"2026-01-07T22:06:41.000Z","StatedArea":null,"ErrorReportedBy":"LSA","Municipality":"0163","OBJECTID":46036,"created_user":"SDE","created_date":"2024-11-12T16:15:31.000Z","last_edited_user":"SDE","last_edited_date":"2026-03-25T16:06:10.000Z","Shape__Area":18698.54914548,"Shape__Length":674.6262070209224,"CommonName":null,"SourceGlobalID":"{10D777B4-3D76-4D77-AB98-5ADFE0EF439B}","Comments":null,"UpdateStatus":"AUTO","UpdateSource":"PMBC"}},{"type":"Feature","geometry":{"type":"Polygon","coordinates":[[[-117.813823,49.111431],[-117.814311,49.111427],[-117.814759,49.111422],[-117.815809,49.110312],[-117.816391,49.110137],[-117.816291,49.110587],[-117.816158,49.111851],[-117.815936,49.111853],[-117.814007,49.111857],[-117.813407,49.111858],[-117.813823,49.111431]]]},"properties":{"GlobalID":"{BDDB846E-86F0-45D8-992F-FA6812A42BF3}","Name":"026500426","PlanID":"{9E36AC48-4058-4C83-8901-03D2AAA43D97}","PlanNumber":"NEP79653","PIN":null,"PID":26500426,"Designation1":"Lot 2","Designation2":null,"Designation3":null,"ParcelStatus":"ACTIVE","RegionalDistrict":"0019","ParcelClass":"SUBDIVISION","SourceParcelID":null,"GeometrySource":"ICF","IsRemainder":"NO","ParcelStartDate":"2005-11-25T08:00:00.000Z","PositionalError":8.1005488,"LegalDescription":"LOT 2 TOWNSHIP 28 KOOTENAY DISTRICT PLAN NEP79653","CaptureMethod":"UNKNOWN","OwnerType":"PRIVATE","Compiled":1,"CreatedDate":"2016-09-20T23:24:06.000Z","ModifiedDate":"2026-01-07T22:06:41.000Z","StatedArea":null,"ErrorReportedBy":"LSA","Municipality":"0163","OBJECTID":46037,"created_user":"SDE","created_date":"2024-11-12T16:15:31.000Z","last_edited_user":"SDE","last_edited_date":"2026-03-25T16:06:10.000Z","Shape__Area":18184.983225755,"Shape__Length":708.7797492755633,"CommonName":null,"SourceGlobalID":"{84D06C43-C1E2-4346-B4CD-40B517AAFF03}","Comments":null,"UpdateStatus":"AUTO","UpdateSource":"PMBC"}},{"type":"Feature","geometry":{"type":"Polygon","coordinates":[[[-117.816491,49.090393],[-117.815098,49.090425],[-117.811862,49.090543],[-117.811977,49.089041],[-117.811988,49.088895],[-117.814082,49.088814],[-117.815385,49.088765],[-117.816518,49.088722],[-117.816578,49.089022],[-117.816052,49.090316],[-117.816491,49.090393]]]},"properties":{"GlobalID":"{EF35DE1B-5B7F-4939-BDFA-7A13E453488C}","Name":"014646561","PlanID":"{F0DB3B36-A152-4C45-B118-275779D2B1D7}","PlanNumber":"NO_PLAN","PIN":9474820,"PID":14646561,"Designation1":"924","Designation2":null,"Designation3":null,"ParcelStatus":"ACTIVE","RegionalDistrict":"0019","ParcelClass":"SUBDIVISION","SourceParcelID":"28601","GeometrySource":"ICF","IsRemainder":"NO","ParcelStartDate":null,"PositionalError":5.42038497,"LegalDescription":"DISTRICT LOT 924 KOOTENAY DISTRICT","CaptureMethod":"COGO IN SOURCE","OwnerType":"PRIVATE","Compiled":1,"CreatedDate":"2016-09-20T23:24:06.000Z","ModifiedDate":"2021-04-27T23:31:49.000Z","StatedArea":null,"ErrorReportedBy":"LSA","Municipality":"0121","OBJECTID":46038,"created_user":"SDE","created_date":"2024-11-12T16:15:31.000Z","last_edited_user":"SDE","last_edited_date":"2026-03-25T16:06:10.000Z","Shape__Area":59326.66312269,"Shape__Length":1068.6642360372814,"CommonName":null,"SourceGlobalID":"{2D067B4E-5904-4C7F-8620-6C14035E3274}","Comments":null,"UpdateStatus":"AUTO","UpdateSource":"PMBC"}},{"type":"Feature","geometry":{"type":"MultiPolygon","coordinates":[[[[-117.80606,49.108433],[-117.806503,49.108433],[-117.806505,49.109189],[-117.806504,49.109197],[-117.806361,49.109993],[-117.808027,49.11124],[-117.807785,49.111325],[-117.807812,49.11136],[-117.807133,49.111584],[-117.806777,49.111499],[-117.806901,49.11146],[-117.806666,49.110659],[-117.805266,49.109323],[-117.805331,49.109201],[-117.805879,49.109199],[-117.805833,49.108524],[-117.80606,49.108433]]],[[[-117.80583,49.108434],[-117.805918,49.108434],[-117.80583,49.108468],[-117.80583,49.108434]]]]},"properties":{"GlobalID":"{65D1B4E9-508C-444F-BEEA-22786D3A6531}","Name":"026580195","PlanID":"{53B7AC4F-DB74-48A6-A5E1-8580337A52B3}","PlanNumber":"NEP80314","PIN":null,"PID":26580195,"Designation1":"Lot B","Designation2":null,"Designation3":null,"ParcelStatus":"ACTIVE","RegionalDistrict":"0019","ParcelClass":"SUBDIVISION","SourceParcelID":null,"GeometrySource":"ICF","IsRemainder":"NO","ParcelStartDate":"2006-02-16T08:00:00.000Z","PositionalError":5.1898423,"LegalDescription":"LOT B TOWNSHIP 28 KOOTENAY DISTRICT PLAN NEP80314","CaptureMethod":"UNKNOWN","OwnerType":"PRIVATE","Compiled":1,"CreatedDate":"2016-09-20T23:24:06.000Z","ModifiedDate":"2026-01-07T22:06:41.000Z","StatedArea":null,"ErrorReportedBy":"LSA","Municipality":"0163","OBJECTID":46039,"created_user":"SDE","created_date":"2024-11-12T16:15:31.000Z","last_edited_user":"SDE","last_edited_date":"2026-03-25T16:06:10.000Z","Shape__Area":18385.781169495,"Shape__Length":945.9174390384024,"CommonName":null,"SourceGlobalID":"{96221097-B74C-4C9B-9E81-A5E1E94AC4EA}","Comments":null,"UpdateStatus":"AUTO","UpdateSource":"PMBC"}},{"type":"Feature","geometry":{"type":"Polygon","coordinates":[[[-117.819403,49.108921],[-117.819693,49.108621],[-117.819831,49.108681],[-117.819512,49.109434],[-117.819634,49.109742],[-117.81971,49.109935],[-117.819822,49.110215],[-117.819789,49.110253],[-117.819166,49.11023],[-117.818636,49.11025],[-117.81866,49.110133],[-117.818691,49.110018],[-117.818729,49.109905],[-117.818777,49.109788],[-117.818831,49.109673],[-117.818891,49.109562],[-117.818956,49.109453],[-117.819028,49.109348],[-117.819105,49.109247],[-117.819186,49.10915],[-117.819236,49.109095],[-117.819287,49.109041],[-117.819403,49.108921]]]},"properties":{"GlobalID":"{308B2E9B-D93C-49A5-AD11-9E47FF9A1126}","Name":"027345718","PlanID":"{AF5C1112-ED94-46DB-9673-E741F826F05A}","PlanNumber":"NEP85661","PIN":null,"PID":27345718,"Designation1":"Lot A","Designation2":null,"Designation3":null,"ParcelStatus":"ACTIVE","RegionalDistrict":"0019","ParcelClass":"SUBDIVISION","SourceParcelID":"28897","GeometrySource":"ICF","IsRemainder":"NO","ParcelStartDate":"2008-01-02T08:00:00.000Z","PositionalError":4.1934239,"LegalDescription":"LOT A TOWNSHIP 28 KOOTENAY DISTRICT PLAN NEP85661","CaptureMethod":"COGO IN SOURCE","OwnerType":"PRIVATE","Compiled":1,"CreatedDate":"2016-09-20T23:24:06.000Z","ModifiedDate":"2026-01-07T22:06:41.000Z","StatedArea":null,"ErrorReportedBy":"LSA","Municipality":"0121","OBJECTID":46040,"created_user":"SDE","created_date":"2024-11-12T16:15:31.000Z","last_edited_user":"SDE","last_edited_date":"2026-03-25T16:06:10.000Z","Shape__Area":8309.4582447,"Shape__Length":476.97539534856463,"CommonName":null,"SourceGlobalID":"{C4497A4B-08A0-4347-9E08-0DEFD99E3C3E}","Comments":null,"UpdateStatus":"AUTO","UpdateSource":"PMBC"}},{"type":"Feature","geometry":{"type":"Polygon","coordinates":[[[-117.811842,49.109516],[-117.811493,49.109336],[-117.811825,49.109177],[-117.81224,49.108979],[-117.812533,49.109175],[-117.813084,49.109543],[-117.81388,49.10917],[-117.813879,49.109198],[-117.813883,49.109225],[-117.813891,49.109252],[-117.813904,49.109277],[-117.81392,49.109299],[-117.813941,49.109318],[-117.813964,49.109334],[-117.813989,49.109346],[-117.814016,49.109353],[-117.814044,49.109355],[-117.814072,49.109353],[-117.814099,49.109346],[-117.814627,49.109771],[-117.814685,49.109817],[-117.814685,49.109817],[-117.814631,49.109876],[-117.814581,49.109938],[-117.814535,49.110003],[-117.814492,49.110071],[-117.814454,49.110141],[-117.814347,49.110356],[-117.814297,49.110449],[-117.814242,49.11054],[-117.814181,49.110627],[-117.814181,49.110627],[-117.811842,49.109516]]]},"properties":{"GlobalID":"{E2E482C4-35CD-410D-B678-9FD543C2A7E6}","Name":"023616423","PlanID":"{22245C20-6D38-48DD-BC9F-A5FA3C077950}","PlanNumber":"NEP23520","PIN":null,"PID":23616423,"Designation1":"Lot 2","Designation2":null,"Designation3":null,"ParcelStatus":"ACTIVE","RegionalDistrict":"0019","ParcelClass":"SUBDIVISION","SourceParcelID":null,"GeometrySource":"MODIFIED-ICF","IsRemainder":"NO","ParcelStartDate":"1996-12-02T08:00:00.000Z","PositionalError":6.4304713,"LegalDescription":"LOT 2 TOWNSHIP 28 KOOTENAY DISTRICT PLAN NEP23520","CaptureMethod":"UNKNOWN","OwnerType":"PRIVATE","Compiled":1,"CreatedDate":"2016-09-20T23:24:06.000Z","ModifiedDate":"2026-01-07T22:06:41.000Z","StatedArea":null,"ErrorReportedBy":"LSA","Municipality":"0163","OBJECTID":46041,"created_user":"SDE","created_date":"2024-11-12T16:15:31.000Z","last_edited_user":"SDE","last_edited_date":"2026-03-25T16:06:10.000Z","Shape__Area":18068.908306505,"Shape__Length":664.8713236348333,"CommonName":null,"SourceGlobalID":"{05BD41D4-A6E8-4F10-8E10-96E79E66B4D1}","Comments":null,"UpdateStatus":"AUTO","UpdateSource":"PMBC"}},{"type":"Feature","geometry":{"type":"Polygon","coordinates":[[[-117.80929,49.101967],[-117.809359,49.101967],[-117.809728,49.101965],[-117.809798,49.102108],[-117.809288,49.102138],[-117.809285,49.102081],[-117.809286,49.102024],[-117.80929,49.101967]]]},"properties":{"GlobalID":"{62D611D9-7ED6-4350-9E96-DA493A0BFBDE}","Name":"026869721","PlanID":"{87DDAB21-4F6F-4B03-A195-5AE56A2D8E67}","PlanNumber":"NES3110","PIN":null,"PID":26869721,"Designation1":"Lot 9","Designation2":null,"Designation3":null,"ParcelStatus":"ACTIVE","RegionalDistrict":"0019","ParcelClass":"BARE LAND STRATA","SourceParcelID":"30017","GeometrySource":"ICF","IsRemainder":"NO","ParcelStartDate":"2006-11-10T08:00:00.000Z","PositionalError":3.0452915,"LegalDescription":"STRATA LOT 9 SECTION 3 TOWNSHIP 28 KOOTENAY DISTRICT STRATA PLAN NES3110 TOGETHER WITH AN INTEREST IN THE COMMON PROPERTY IN PROPORTION TO THE UNIT ENTITLEMENT OF THE STRATA LOT AS SHOWN ON FORM V","CaptureMethod":"COGO IN SOURCE","OwnerType":"PRIVATE","Compiled":1,"CreatedDate":"2016-09-20T23:24:06.000Z","ModifiedDate":"2026-03-13T23:29:49.000Z","StatedArea":null,"ErrorReportedBy":"LSA","Municipality":"0121","OBJECTID":46042,"created_user":"SDE","created_date":"2024-11-12T16:15:31.000Z","last_edited_user":"SDE","last_edited_date":"2026-03-25T16:06:10.000Z","Shape__Area":609.663211175,"Shape__Length":104.97898679576434,"CommonName":null,"SourceGlobalID":"{69E1C98F-1A21-4DEC-8975-10AF401E4646}","Comments":null,"UpdateStatus":"AUTO","UpdateSource":"PMBC"}},{"type":"Feature","geometry":{"type":"Polygon","coordinates":[[[-117.808724,49.10197],[-117.809031,49.101968],[-117.809082,49.101968],[-117.809151,49.101968],[-117.809147,49.102049],[-117.809149,49.10213],[-117.808727,49.10217],[-117.808724,49.10197]]]},"properties":{"GlobalID":"{D0F23382-DCD4-48AC-8FEE-35BF30856EBA}","Name":"026869641","PlanID":"{87DDAB21-4F6F-4B03-A195-5AE56A2D8E67}","PlanNumber":"NES3110","PIN":null,"PID":26869641,"Designation1":"Lot 1","Designation2":null,"Designation3":null,"ParcelStatus":"ACTIVE","RegionalDistrict":"0019","ParcelClass":"BARE LAND STRATA","SourceParcelID":"30019","GeometrySource":"ICF","IsRemainder":"NO","ParcelStartDate":"2006-11-10T08:00:00.000Z","PositionalError":3.0673145,"LegalDescription":"STRATA LOT 1 SECTION 3 TOWNSHIP 28 KOOTENAY DISTRICT STRATA PLAN NES3110 TOGETHER WITH AN INTEREST IN THE COMMON PROPERTY IN PROPORTION TO THE UNIT ENTITLEMENT OF THE STRATA LOT AS SHOWN ON FORM V","CaptureMethod":"COGO IN SOURCE","OwnerType":"PRIVATE","Compiled":1,"CreatedDate":"2016-09-20T23:24:06.000Z","ModifiedDate":"2026-03-13T23:29:49.000Z","StatedArea":null,"ErrorReportedBy":"LSA","Municipality":"0121","OBJECTID":46043,"created_user":"SDE","created_date":"2024-11-12T16:15:31.000Z","last_edited_user":"SDE","last_edited_date":"2026-03-25T16:06:10.000Z","Shape__Area":622.195248315,"Shape__Length":102.60558937768948,"CommonName":null,"SourceGlobalID":"{5361AEC4-2A10-412A-82E7-4779F47C959E}","Comments":null,"UpdateStatus":"AUTO","UpdateSource":"PMBC"}},{"type":"Feature","geometry":{"type":"Polygon","coordinates":[[[-117.804197,49.105612],[-117.805869,49.105606],[-117.805872,49.106753],[-117.80536,49.106826],[-117.805185,49.106852],[-117.805017,49.106894],[-117.804854,49.106944],[-117.804699,49.107001],[-117.804554,49.107074],[-117.80444,49.107127],[-117.804316,49.107177],[-117.804187,49.107223],[-117.804197,49.105612]]]},"properties":{"GlobalID":"{0B381B7E-5411-4A44-B432-140766845916}","Name":"026149443","PlanID":"{74CD12C2-073D-49E7-A362-F23A18D1F088}","PlanNumber":"NEP77083","PIN":null,"PID":26149443,"Designation1":"Lot 7","Designation2":null,"Designation3":null,"ParcelStatus":"ACTIVE","RegionalDistrict":"0019","ParcelClass":"SUBDIVISION","SourceParcelID":null,"GeometrySource":"ICF","IsRemainder":"NO","ParcelStartDate":"2005-01-05T08:00:00.000Z","PositionalError":4.9583561,"LegalDescription":"LOT 7 TOWNSHIP 28 KOOTENAY DISTRICT PLAN NEP77083","CaptureMethod":"UNKNOWN","OwnerType":"PRIVATE","Compiled":1,"CreatedDate":"2016-09-20T23:24:06.000Z","ModifiedDate":"2026-01-07T22:06:41.000Z","StatedArea":null,"ErrorReportedBy":"LSA","Municipality":"0163","OBJECTID":46044,"created_user":"SDE","created_date":"2024-11-12T16:15:31.000Z","last_edited_user":"SDE","last_edited_date":"2026-03-25T16:06:10.000Z","Shape__Area":18021.95370218,"Shape__Length":564.0691546320928,"CommonName":null,"SourceGlobalID":"{BF2EB335-0617-4C52-8905-20CCAF650DAC}","Comments":null,"UpdateStatus":"AUTO","UpdateSource":"PMBC"}},{"type":"Feature","geometry":{"type":"Polygon","coordinates":[[[-117.809358,49.102443],[-117.809865,49.102383],[-117.809865,49.102522],[-117.809398,49.102589],[-117.809358,49.102443]]]},"properties":{"GlobalID":"{CB3B1DEB-FA21-4E5F-A728-587561468106}","Name":"026869691","PlanID":"{87DDAB21-4F6F-4B03-A195-5AE56A2D8E67}","PlanNumber":"NES3110","PIN":null,"PID":26869691,"Designation1":"Lot 6","Designation2":null,"Designation3":null,"ParcelStatus":"ACTIVE","RegionalDistrict":"0019","ParcelClass":"BARE LAND STRATA","SourceParcelID":"30025","GeometrySource":"ICF","IsRemainder":"NO","ParcelStartDate":"2006-11-10T08:00:00.000Z","PositionalError":3.1678862,"LegalDescription":"STRATA LOT 6 SECTION 3 TOWNSHIP 28 KOOTENAY DISTRICT STRATA PLAN NES3110 TOGETHER WITH AN INTEREST IN THE COMMON PROPERTY IN PROPORTION TO THE UNIT ENTITLEMENT OF THE STRATA LOT AS SHOWN ON FORM V","CaptureMethod":"COGO IN SOURCE","OwnerType":"PRIVATE","Compiled":1,"CreatedDate":"2016-09-20T23:24:06.000Z","ModifiedDate":"2026-03-13T23:29:49.000Z","StatedArea":null,"ErrorReportedBy":"LSA","Municipality":"0121","OBJECTID":46045,"created_user":"SDE","created_date":"2024-11-12T16:15:31.000Z","last_edited_user":"SDE","last_edited_date":"2026-03-25T16:06:10.000Z","Shape__Area":574.10571442,"Shape__Length":104.47224223669092,"CommonName":null,"SourceGlobalID":"{3664FE24-3F83-49F5-8C36-647485D54A27}","Comments":null,"UpdateStatus":"AUTO","UpdateSource":"PMBC"}},{"type":"Feature","geometry":{"type":"Polygon","coordinates":[[[-117.815936,49.111853],[-117.816158,49.111851],[-117.817879,49.111845],[-117.817911,49.112199],[-117.817925,49.112388],[-117.817931,49.112577],[-117.81793,49.112766],[-117.815821,49.112785],[-117.815029,49.112785],[-117.815936,49.111853]]]},"properties":{"GlobalID":"{61A931F2-F6FA-4131-8F2F-7D61CA357F5E}","Name":"025786458","PlanID":"{58998BEB-F091-4A9D-8B90-6866D050B059}","PlanNumber":"NEP74388","PIN":null,"PID":25786458,"Designation1":"Lot A","Designation2":null,"Designation3":null,"ParcelStatus":"ACTIVE","RegionalDistrict":"0019","ParcelClass":"SUBDIVISION","SourceParcelID":null,"GeometrySource":"ICF","IsRemainder":"NO","ParcelStartDate":"2003-11-12T08:00:00.000Z","PositionalError":7.5817848,"LegalDescription":"LOT A TOWNSHIP 28 KOOTENAY DISTRICT PLAN NEP74388","CaptureMethod":"UNKNOWN","OwnerType":"PRIVATE","Compiled":1,"CreatedDate":"2016-09-20T23:24:06.000Z","ModifiedDate":"2026-01-07T22:06:41.000Z","StatedArea":null,"ErrorReportedBy":"LSA","Municipality":"0163","OBJECTID":46046,"created_user":"SDE","created_date":"2024-11-12T16:15:31.000Z","last_edited_user":"SDE","last_edited_date":"2026-03-25T16:06:10.000Z","Shape__Area":18300.72975986,"Shape__Length":579.0202725794537,"CommonName":null,"SourceGlobalID":"{3B652D58-86F1-494C-86E8-F0A4F30D6335}","Comments":null,"UpdateStatus":"AUTO","UpdateSource":"PMBC"}},{"type":"Feature","geometry":{"type":"Polygon","coordinates":[[[-117.83212,49.0891],[-117.833027,49.088451],[-117.834149,49.087647],[-117.835027,49.087019],[-117.835822,49.087499],[-117.836078,49.087653],[-117.836357,49.087823],[-117.836872,49.088131],[-117.836353,49.088503],[-117.833575,49.090491],[-117.832641,49.09116],[-117.831719,49.090604],[-117.830796,49.090048],[-117.83212,49.0891]]]},"properties":{"GlobalID":"{EE78A860-22D8-4B3C-83D8-13BE3853BAAA}","Name":"010923306","PlanID":"{F0DB3B36-A152-4C45-B118-275779D2B1D7}","PlanNumber":"NO_PLAN","PIN":9477840,"PID":10923306,"Designation1":"965","Designation2":null,"Designation3":null,"ParcelStatus":"ACTIVE","RegionalDistrict":"0019","ParcelClass":"SUBDIVISION","SourceParcelID":"28595","GeometrySource":"ICF","IsRemainder":"NO","ParcelStartDate":null,"PositionalError":7.63034909,"LegalDescription":"DISTRICT LOT 965 KOOTENAY DISTRICT","CaptureMethod":"COGO IN SOURCE","OwnerType":"PRIVATE","Compiled":1,"CreatedDate":"2016-09-20T23:24:06.000Z","ModifiedDate":"2021-04-27T23:31:49.000Z","StatedArea":null,"ErrorReportedBy":"LSA","Municipality":"0121","OBJECTID":46047,"created_user":"SDE","created_date":"2024-11-12T16:15:31.000Z","last_edited_user":"SDE","last_edited_date":"2026-03-25T16:06:10.000Z","Shape__Area":83551.29892915,"Shape__Length":1279.5493008093329,"CommonName":null,"SourceGlobalID":"{FDA257A8-DA0D-4704-9767-18CF015CF8B7}","Comments":null,"UpdateStatus":"AUTO","UpdateSource":"PMBC"}},{"type":"Feature","geometry":{"type":"Polygon","coordinates":[[[-117.81474,49.104741],[-117.81512,49.104462],[-117.815651,49.104775],[-117.8168,49.105443],[-117.816801,49.105548],[-117.815443,49.105561],[-117.815366,49.105465],[-117.814844,49.10481],[-117.81474,49.104741]]]},"properties":{"GlobalID":"{B6B420B2-ABC9-480E-9FE6-432C5853E3CA}","Name":"014019701","PlanID":"{D4124B60-5082-4B90-99D5-C5039F9E2C2F}","PlanNumber":"NEP6874","PIN":null,"PID":14019701,"Designation1":"Lot 1","Designation2":null,"Designation3":null,"ParcelStatus":"ACTIVE","RegionalDistrict":"0019","ParcelClass":"SUBDIVISION","SourceParcelID":"30133","GeometrySource":"ICF","IsRemainder":"NO","ParcelStartDate":null,"PositionalError":3.2400727,"LegalDescription":"LOT 1 TOWNSHIP 28 KOOTENAY DISTRICT PLAN 6874","CaptureMethod":"COGO IN SOURCE","OwnerType":"PRIVATE","Compiled":1,"CreatedDate":"2016-09-20T23:24:06.000Z","ModifiedDate":"2026-03-13T23:29:49.000Z","StatedArea":null,"ErrorReportedBy":"LSA","Municipality":"0121","OBJECTID":46048,"created_user":"SDE","created_date":"2024-11-12T16:15:31.000Z","last_edited_user":"SDE","last_edited_date":"2026-03-25T16:06:10.000Z","Shape__Area":8678.600464425,"Shape__Length":421.5774938483336,"CommonName":null,"SourceGlobalID":"{7C641A4A-A4D0-4B03-AC2A-B2EC10A4960B}","Comments":null,"UpdateStatus":"AUTO","UpdateSource":"PMBC"}},{"type":"Feature","geometry":{"type":"Polygon","coordinates":[[[-117.808239,49.111471],[-117.808337,49.111438],[-117.808306,49.111398],[-117.809038,49.111142],[-117.809138,49.111107],[-117.809897,49.11121],[-117.810916,49.112799],[-117.81006,49.112803],[-117.808239,49.111471]]]},"properties":{"GlobalID":"{DAE68451-A340-4A86-9523-EC150319A172}","Name":"025474162","PlanID":"{3CEB9161-591F-4AB5-A9A8-E6F97BCA519B}","PlanNumber":"NEP71774","PIN":null,"PID":25474162,"Designation1":"Lot A","Designation2":null,"Designation3":null,"ParcelStatus":"ACTIVE","RegionalDistrict":"0019","ParcelClass":"SUBDIVISION","SourceParcelID":null,"GeometrySource":"ICF","IsRemainder":"NO","ParcelStartDate":"2002-09-05T07:00:00.000Z","PositionalError":2.9248991,"LegalDescription":"LOT A TOWNSHIP 28 KOOTENAY DISTRICT PLAN NEP71774","CaptureMethod":"UNKNOWN","OwnerType":"PRIVATE","Compiled":1,"CreatedDate":"2016-09-20T23:24:06.000Z","ModifiedDate":"2026-01-07T22:06:41.000Z","StatedArea":null,"ErrorReportedBy":"LSA","Municipality":"0163","OBJECTID":46049,"created_user":"SDE","created_date":"2024-11-12T16:15:31.000Z","last_edited_user":"SDE","last_edited_date":"2026-03-25T16:06:10.000Z","Shape__Area":18061.49042974,"Shape__Length":591.5872533928317,"CommonName":null,"SourceGlobalID":"{D882C91A-8D91-4E30-9B68-C26DC26D0A88}","Comments":null,"UpdateStatus":"AUTO","UpdateSource":"PMBC"}},{"type":"Feature","geometry":{"type":"Polygon","coordinates":[[[-117.798663,49.103103],[-117.799214,49.103099],[-117.797743,49.10522],[-117.796566,49.106917],[-117.796527,49.107188],[-117.796521,49.107229],[-117.796332,49.107235],[-117.796296,49.107235],[-117.79626,49.107229],[-117.796226,49.107216],[-117.796195,49.107199],[-117.796167,49.107176],[-117.796116,49.107116],[-117.795956,49.106816],[-117.796113,49.106601],[-117.797735,49.104376],[-117.798663,49.103103]]]},"properties":{"GlobalID":"{F5C3D24D-0822-42C6-A3C2-48BD739B8966}","Name":"031028055","PlanID":"{1E36FE6C-AC5F-4150-B4CE-4AD5773476AC}","PlanNumber":"EPP98235","PIN":null,"PID":31028055,"Designation1":"Lot C","Designation2":null,"Designation3":null,"ParcelStatus":"ACTIVE","RegionalDistrict":"0019","ParcelClass":"SUBDIVISION","SourceParcelID":null,"GeometrySource":"SPDS","IsRemainder":null,"ParcelStartDate":"2020-01-28T08:00:00.000Z","PositionalError":0.10354617,"LegalDescription":"LOT C SECTION 11 TOWNSHIP 28 KOOTENAY DISTRICT PLAN EPP98235","CaptureMethod":"SPDS","OwnerType":"PRIVATE","Compiled":0,"CreatedDate":"2020-03-06T21:18:02.000Z","ModifiedDate":"2025-11-06T23:33:00.000Z","StatedArea":"20178","ErrorReportedBy":"LSA","Municipality":"0163","OBJECTID":46050,"created_user":"SDE","created_date":"2024-11-12T16:15:31.000Z","last_edited_user":"SDE","last_edited_date":"2026-03-25T16:06:10.000Z","Shape__Area":20157.009841305,"Shape__Length":1070.31284355768,"CommonName":null,"SourceGlobalID":"{0A4B58F1-7799-4082-9638-42F89B398A39}","Comments":null,"UpdateStatus":"AUTO","UpdateSource":"PMBC"}},{"type":"Feature","geometry":{"type":"Polygon","coordinates":[[[-117.797451,49.107092],[-117.797145,49.107142],[-117.797022,49.107162],[-117.796636,49.107225],[-117.796521,49.107229],[-117.796527,49.107188],[-117.796566,49.106917],[-117.799214,49.103099],[-117.799991,49.1031],[-117.799979,49.103109],[-117.797096,49.106753],[-117.797106,49.106759],[-117.797303,49.106878],[-117.797577,49.107046],[-117.797451,49.107092]]]},"properties":{"GlobalID":"{5086CEC6-6FF8-400C-9F63-512F5EA542C9}","Name":"031028047","PlanID":"{1E36FE6C-AC5F-4150-B4CE-4AD5773476AC}","PlanNumber":"EPP98235","PIN":null,"PID":31028047,"Designation1":"Lot B","Designation2":null,"Designation3":null,"ParcelStatus":"ACTIVE","RegionalDistrict":"0019","ParcelClass":"SUBDIVISION","SourceParcelID":null,"GeometrySource":"SPDS","IsRemainder":null,"ParcelStartDate":"2020-01-28T08:00:00.000Z","PositionalError":0.1077076,"LegalDescription":"LOT B SECTION 11 TOWNSHIP 28 KOOTENAY DISTRICT PLAN EPP98235","CaptureMethod":"SPDS","OwnerType":"PRIVATE","Compiled":0,"CreatedDate":"2020-03-06T21:18:02.000Z","ModifiedDate":"2021-04-28T15:05:15.000Z","StatedArea":"20328","ErrorReportedBy":"LSA","Municipality":"0163","OBJECTID":46051,"created_user":"SDE","created_date":"2024-11-12T16:15:31.000Z","last_edited_user":"SDE","last_edited_date":"2026-03-25T16:06:10.000Z","Shape__Area":20288.781049645,"Shape__Length":1143.7695606260859,"CommonName":null,"SourceGlobalID":"{C0BB1D43-4DE7-4381-99B4-5B6F7F5388E0}","Comments":null,"UpdateStatus":"AUTO","UpdateSource":"PMBC"}},{"type":"Feature","geometry":{"type":"Polygon","coordinates":[[[-117.799032,49.1056],[-117.799647,49.104356],[-117.800128,49.103101],[-117.80198,49.103104],[-117.801147,49.105492],[-117.800381,49.105557],[-117.800226,49.105573],[-117.800072,49.105594],[-117.799919,49.105622],[-117.799768,49.105656],[-117.799618,49.105696],[-117.799469,49.105743],[-117.799323,49.105795],[-117.799179,49.105853],[-117.799037,49.105918],[-117.799032,49.1056]]]},"properties":{"GlobalID":"{226AE649-CCEE-48B2-9A34-1F586583B023}","Name":"030401381","PlanID":"{C1EA437B-9AF9-4F56-9250-5B891C4908FD}","PlanNumber":"EPP77192","PIN":null,"PID":30401381,"Designation1":"Lot 2","Designation2":null,"Designation3":null,"ParcelStatus":"ACTIVE","RegionalDistrict":"0019","ParcelClass":"SUBDIVISION","SourceParcelID":null,"GeometrySource":"SPDS","IsRemainder":null,"ParcelStartDate":"2018-03-20T07:00:00.000Z","PositionalError":0.0765911,"LegalDescription":"LOT 2 SECTION 11 TOWNSHIP 28 KOOTENAY DISTRICT PLAN EPP77192","CaptureMethod":"SPDS","OwnerType":"PRIVATE","Compiled":0,"CreatedDate":"2018-04-09T18:50:01.000Z","ModifiedDate":"2025-11-06T23:33:00.000Z","StatedArea":"39664","ErrorReportedBy":"LSA","Municipality":"0163","OBJECTID":46052,"created_user":"SDE","created_date":"2024-11-12T16:15:31.000Z","last_edited_user":"SDE","last_edited_date":"2026-03-25T16:06:10.000Z","Shape__Area":39711.804697625,"Shape__Length":895.763032642739,"CommonName":null,"SourceGlobalID":"{32D8FCA4-848E-4883-A167-8EEC269E6878}","Comments":null,"UpdateStatus":"AUTO","UpdateSource":"PMBC"}},{"type":"Feature","geometry":{"type":"Polygon","coordinates":[[[-117.803247,49.104531],[-117.803245,49.104371],[-117.803244,49.10433],[-117.803242,49.104148],[-117.803242,49.104124],[-117.803229,49.103106],[-117.803215,49.101991],[-117.803239,49.101649],[-117.805677,49.10164],[-117.805845,49.102166],[-117.805869,49.105606],[-117.804197,49.105612],[-117.803279,49.105613],[-117.80326,49.105421],[-117.803252,49.104985],[-117.803252,49.104925],[-117.803247,49.104554],[-117.803247,49.104531]]]},"properties":{"GlobalID":"{D04F7EB7-34F6-4AE8-BEF2-78835FBFF79D}","Name":"015649563","PlanID":"{119B6899-4DF9-47A0-AE97-81F2976AE85F}","PlanNumber":"NEP60X","PIN":null,"PID":15649563,"Designation1":"Lot 29","Designation2":null,"Designation3":null,"ParcelStatus":"ACTIVE","RegionalDistrict":"0019","ParcelClass":"SUBDIVISION","SourceParcelID":null,"GeometrySource":"ICF","IsRemainder":"NO","ParcelStartDate":null,"PositionalError":3.41751319,"LegalDescription":"THAT PART OF SUBLOT 29 TOWNSHIP 28 KOOTENAY DISTRICT PLAN X60, SHOWN ON SKETCH PLAN 22209A","CaptureMethod":"UNKNOWN","OwnerType":"PRIVATE","Compiled":1,"CreatedDate":"2016-09-20T23:24:06.000Z","ModifiedDate":"2021-04-28T15:05:15.000Z","StatedArea":null,"ErrorReportedBy":"LSA","Municipality":"0163","OBJECTID":46053,"created_user":"SDE","created_date":"2024-11-12T16:15:31.000Z","last_edited_user":"SDE","last_edited_date":"2026-03-25T16:06:10.000Z","Shape__Area":83894.240857405,"Shape__Length":1249.9953731226954,"CommonName":null,"SourceGlobalID":"{8D55C780-4428-42DD-A3A7-9DC1621E8024}","Comments":null,"UpdateStatus":"AUTO","UpdateSource":"PMBC"}},{"type":"Feature","geometry":{"type":"Polygon","coordinates":[[[-117.799991,49.1031],[-117.800128,49.103101],[-117.799647,49.104356],[-117.799032,49.1056],[-117.799037,49.105918],[-117.798941,49.105967],[-117.798847,49.10602],[-117.798353,49.106415],[-117.798285,49.106508],[-117.79808,49.106787],[-117.798053,49.106823],[-117.797957,49.106859],[-117.79786,49.106889],[-117.79776,49.106911],[-117.797761,49.106952],[-117.797761,49.106978],[-117.797723,49.106992],[-117.79766,49.107015],[-117.797577,49.107046],[-117.797491,49.106993],[-117.797373,49.106921],[-117.797303,49.106878],[-117.797239,49.106839],[-117.797142,49.106781],[-117.797106,49.106759],[-117.797096,49.106753],[-117.79775,49.105926],[-117.799979,49.103109],[-117.799991,49.1031]]]},"properties":{"GlobalID":"{11A3BE54-D523-4FE6-B78F-D9A6E4C09F99}","Name":"031028039","PlanID":"{1E36FE6C-AC5F-4150-B4CE-4AD5773476AC}","PlanNumber":"EPP98235","PIN":null,"PID":31028039,"Designation1":"Lot A","Designation2":null,"Designation3":null,"ParcelStatus":"ACTIVE","RegionalDistrict":"0019","ParcelClass":"SUBDIVISION","SourceParcelID":null,"GeometrySource":"SPDS","IsRemainder":null,"ParcelStartDate":"2020-01-28T08:00:00.000Z","PositionalError":0.107668,"LegalDescription":"LOT A SECTION 11 TOWNSHIP 28 KOOTENAY DISTRICT PLAN EPP98235","CaptureMethod":"SPDS","OwnerType":"PRIVATE","Compiled":0,"CreatedDate":"2020-03-06T21:18:02.000Z","ModifiedDate":"2025-11-06T23:33:00.000Z","StatedArea":"23998","ErrorReportedBy":"LSA","Municipality":"0163","OBJECTID":46054,"created_user":"SDE","created_date":"2024-11-12T16:15:31.000Z","last_edited_user":"SDE","last_edited_date":"2026-03-25T16:06:10.000Z","Shape__Area":23978.04221837,"Shape__Length":1011.8211424807934,"CommonName":null,"SourceGlobalID":"{85336D78-088F-4089-ADAB-62A8752B98C6}","Comments":null,"UpdateStatus":"AUTO","UpdateSource":"PMBC"}},{"type":"Feature","geometry":{"type":"MultiPolygon","coordinates":[[[[-117.792308,49.112428],[-117.792237,49.105664],[-117.793022,49.105614],[-117.793114,49.105611],[-117.793207,49.105613],[-117.793299,49.105622],[-117.79339,49.105638],[-117.79348,49.105659],[-117.793568,49.105687],[-117.793654,49.10572],[-117.794448,49.106076],[-117.794481,49.106091],[-117.794511,49.10611],[-117.794537,49.106134],[-117.79456,49.106161],[-117.794579,49.106191],[-117.794593,49.106223],[-117.794655,49.106461],[-117.79468,49.106517],[-117.79471,49.106571],[-117.794747,49.106621],[-117.794788,49.106667],[-117.794834,49.106708],[-117.794884,49.106744],[-117.794938,49.106774],[-117.794994,49.106798],[-117.795053,49.106816],[-117.795121,49.106839],[-117.793486,49.109095],[-117.793662,49.109493],[-117.793996,49.109443],[-117.794367,49.109465],[-117.794737,49.109638],[-117.79502,49.109622],[-117.795349,49.10954],[-117.795533,49.109528],[-117.795967,49.109499],[-117.796369,49.10957],[-117.79668,49.109628],[-117.797338,49.109788],[-117.797789,49.109678],[-117.797799,49.11084],[-117.796656,49.111316],[-117.794243,49.111786],[-117.792308,49.112428]]],[[[-117.792983,49.105345],[-117.792234,49.105393],[-117.792213,49.103394],[-117.792198,49.10205],[-117.797711,49.10202],[-117.803215,49.101991],[-117.803229,49.103106],[-117.80198,49.103104],[-117.800128,49.103101],[-117.799991,49.1031],[-117.799214,49.103099],[-117.798663,49.103103],[-117.797735,49.104376],[-117.796113,49.106601],[-117.795956,49.106816],[-117.796116,49.107116],[-117.795924,49.106893],[-117.795882,49.106851],[-117.795837,49.106813],[-117.795789,49.10678],[-117.795738,49.106751],[-117.795684,49.106726],[-117.795629,49.106706],[-117.795241,49.106576],[-117.795202,49.106562],[-117.795164,49.106543],[-117.795131,49.106517],[-117.795102,49.106487],[-117.795078,49.106452],[-117.795061,49.106414],[-117.794998,49.106177],[-117.794976,49.106123],[-117.794948,49.106071],[-117.794914,49.106023],[-117.794876,49.105979],[-117.794832,49.10594],[-117.794785,49.105905],[-117.794734,49.105876],[-117.79468,49.105853],[-117.793886,49.105497],[-117.793778,49.105455],[-117.793668,49.105419],[-117.793557,49.10539],[-117.793443,49.105367],[-117.793329,49.105351],[-117.793214,49.105343],[-117.793098,49.10534],[-117.792983,49.105345]]]]},"properties":{"GlobalID":"{0B48A39C-E748-4B7C-8D8F-657977B36B91}","Name":"031028063","PlanID":"{1E36FE6C-AC5F-4150-B4CE-4AD5773476AC}","PlanNumber":"EPP98235","PIN":null,"PID":31028063,"Designation1":"Lot D","Designation2":null,"Designation3":null,"ParcelStatus":"ACTIVE","RegionalDistrict":"0019","ParcelClass":"SUBDIVISION","SourceParcelID":null,"GeometrySource":"SPDS","IsRemainder":null,"ParcelStartDate":"2020-01-28T08:00:00.000Z","PositionalError":0.3477187,"LegalDescription":"LOT D SECTION 11 TOWNSHIP 28 KOOTENAY DISTRICT PLAN EPP98235","CaptureMethod":"SPDS","OwnerType":"PRIVATE","Compiled":0,"CreatedDate":"2020-03-06T21:18:02.000Z","ModifiedDate":"2026-01-07T22:06:41.000Z","StatedArea":"376821","ErrorReportedBy":"LSA","Municipality":"0163","OBJECTID":46055,"created_user":"SDE","created_date":"2024-11-12T16:15:31.000Z","last_edited_user":"SDE","last_edited_date":"2026-03-25T16:06:10.000Z","Shape__Area":376016.710955455,"Shape__Length":4747.402467417788,"CommonName":null,"SourceGlobalID":"{45C7237D-305D-42C0-A468-403E426309B8}","Comments":null,"UpdateStatus":"AUTO","UpdateSource":"PMBC"}},{"type":"Feature","geometry":{"type":"MultiPolygon","coordinates":[[[[-117.803234,49.104158],[-117.803242,49.104148],[-117.803244,49.10433],[-117.803236,49.104327],[-117.803229,49.104322],[-117.803222,49.104315],[-117.803217,49.104308],[-117.803213,49.1043],[-117.803211,49.104291],[-117.80321,49.104282],[-117.803207,49.104261],[-117.803208,49.10424],[-117.803212,49.104218],[-117.803219,49.104198],[-117.803228,49.104179],[-117.803231,49.104173],[-117.803234,49.104158]]],[[[-117.803247,49.104554],[-117.803252,49.104925],[-117.803252,49.104985],[-117.803158,49.105115],[-117.802831,49.105184],[-117.802338,49.105287],[-117.802123,49.105371],[-117.802009,49.105364],[-117.802061,49.105351],[-117.802113,49.105333],[-117.802134,49.105323],[-117.802156,49.105315],[-117.802179,49.10531],[-117.8022,49.105304],[-117.802219,49.105296],[-117.802237,49.105285],[-117.802254,49.105272],[-117.802267,49.105262],[-117.802281,49.105254],[-117.802296,49.105248],[-117.802312,49.105244],[-117.802328,49.105243],[-117.802362,49.105236],[-117.802393,49.105224],[-117.802422,49.105207],[-117.802469,49.105191],[-117.802518,49.105181],[-117.802565,49.10517],[-117.80261,49.105153],[-117.802653,49.105129],[-117.802672,49.105108],[-117.802689,49.105086],[-117.80277,49.105034],[-117.802807,49.105001],[-117.802845,49.104971],[-117.8029,49.104946],[-117.802955,49.104924],[-117.80299,49.10491],[-117.803023,49.104892],[-117.803054,49.104869],[-117.803105,49.104791],[-117.803163,49.104718],[-117.803168,49.104706],[-117.803171,49.104693],[-117.803173,49.10468],[-117.803172,49.104667],[-117.803185,49.104636],[-117.8032,49.104607],[-117.803204,49.104596],[-117.803209,49.104585],[-117.803215,49.104575],[-117.803223,49.104565],[-117.803232,49.104557],[-117.803237,49.104556],[-117.803242,49.104555],[-117.803247,49.104554]]],[[[-117.801147,49.105492],[-117.80198,49.103104],[-117.803229,49.103106],[-117.803242,49.104124],[-117.803234,49.104124],[-117.803227,49.104126],[-117.803219,49.104128],[-117.803213,49.104132],[-117.803207,49.104138],[-117.803202,49.104145],[-117.803198,49.104152],[-117.803196,49.10416],[-117.803195,49.104168],[-117.803185,49.104196],[-117.803178,49.104226],[-117.803176,49.104257],[-117.803175,49.104275],[-117.803177,49.104292],[-117.803182,49.10431],[-117.80319,49.104326],[-117.803201,49.10434],[-117.803214,49.104353],[-117.803228,49.104363],[-117.803245,49.104371],[-117.803247,49.104531],[-117.803243,49.104533],[-117.803239,49.104534],[-117.803235,49.104535],[-117.803231,49.104535],[-117.803207,49.104539],[-117.8032,49.104545],[-117.803194,49.104552],[-117.803189,49.10456],[-117.803186,49.104568],[-117.803137,49.104662],[-117.803138,49.104668],[-117.803139,49.104674],[-117.803139,49.104681],[-117.803138,49.104687],[-117.803136,49.104693],[-117.803133,49.104699],[-117.803129,49.104704],[-117.803088,49.104764],[-117.803048,49.104825],[-117.803041,49.10484],[-117.803031,49.104853],[-117.80302,49.104865],[-117.803007,49.104876],[-117.802993,49.104884],[-117.802945,49.104901],[-117.802898,49.104921],[-117.802865,49.10493],[-117.802833,49.104944],[-117.802804,49.104963],[-117.802779,49.104986],[-117.802766,49.105004],[-117.802751,49.105019],[-117.802733,49.105031],[-117.802714,49.105041],[-117.802699,49.105046],[-117.802684,49.105053],[-117.802671,49.105062],[-117.802659,49.105073],[-117.802648,49.105086],[-117.802644,49.105097],[-117.802637,49.105107],[-117.80263,49.105116],[-117.802621,49.105124],[-117.802611,49.105131],[-117.802547,49.105149],[-117.802529,49.105158],[-117.802511,49.105163],[-117.802492,49.105166],[-117.802473,49.105165],[-117.80246,49.105164],[-117.802447,49.105164],[-117.802434,49.105167],[-117.802422,49.105171],[-117.802411,49.105177],[-117.802366,49.105215],[-117.802335,49.10522],[-117.802305,49.105221],[-117.802293,49.10522],[-117.802281,49.105221],[-117.802269,49.105224],[-117.802258,49.105228],[-117.802248,49.105234],[-117.802239,49.105242],[-117.802231,49.105251],[-117.802223,49.105261],[-117.802214,49.105271],[-117.802203,49.105278],[-117.802191,49.105285],[-117.802178,49.105289],[-117.802165,49.105292],[-117.802147,49.105294],[-117.802129,49.105299],[-117.802111,49.105307],[-117.801947,49.10536],[-117.801899,49.105357],[-117.801697,49.105393],[-117.801631,49.105405],[-117.801147,49.105492]]]]},"properties":{"GlobalID":"{0CA3D0C4-86F3-4E2D-9D49-C9810F78914A}","Name":"030401372","PlanID":"{C1EA437B-9AF9-4F56-9250-5B891C4908FD}","PlanNumber":"EPP77192","PIN":null,"PID":30401372,"Designation1":"Lot 1","Designation2":"","Designation3":"","ParcelStatus":"ACTIVE","RegionalDistrict":"0019","ParcelClass":"SUBDIVISION","SourceParcelID":null,"GeometrySource":"SPDS","IsRemainder":null,"ParcelStartDate":"2018-03-20T07:00:00.000Z","PositionalError":0.1717794,"LegalDescription":"LOT 1 SECTION 11 TOWNSHIP 28 KOOTENAY DISTRICT PLAN EPP77192","CaptureMethod":"SPDS","OwnerType":"PRIVATE","Compiled":0,"CreatedDate":"2018-04-09T18:50:01.000Z","ModifiedDate":"2026-01-07T22:06:41.000Z","StatedArea":"28646","ErrorReportedBy":"LSA","Municipality":"0163","OBJECTID":46056,"created_user":"SDE","created_date":"2024-11-12T16:15:31.000Z","last_edited_user":"SDE","last_edited_date":"2026-03-25T16:06:10.000Z","Shape__Area":28927.911459025,"Shape__Length":1058.5488852674998,"CommonName":null,"SourceGlobalID":"{317BF35D-EF45-4173-8219-F1B381791E3E}","Comments":null,"UpdateStatus":"AUTO","UpdateSource":"PMBC"}},{"type":"Feature","geometry":{"type":"Polygon","coordinates":[[[-117.797493,49.082797],[-117.79775,49.082618],[-117.797949,49.082736],[-117.797811,49.082863],[-117.797551,49.082914],[-117.797493,49.082797]]]},"properties":{"GlobalID":"{383214A1-D2F8-41A8-9FD3-ADD7ADB7B570}","Name":"015427013","PlanID":"{B56AAAC7-F238-432E-8116-F8112340C15A}","PlanNumber":"NEP2265","PIN":null,"PID":15427013,"Designation1":"Lot 10","Designation2":"","Designation3":"","ParcelStatus":"ACTIVE","RegionalDistrict":"0019","ParcelClass":"SUBDIVISION","SourceParcelID":"27847","GeometrySource":"ICF","IsRemainder":"NO","ParcelStartDate":null,"PositionalError":1.60206284,"LegalDescription":"LOT 10 DISTRICT LOT 691 KOOTENAY DISTRICT PLAN 2265","CaptureMethod":"COGO IN SOURCE","OwnerType":"PRIVATE","Compiled":1,"CreatedDate":"2016-09-20T23:24:06.000Z","ModifiedDate":"2026-01-16T18:24:00.000Z","StatedArea":null,"ErrorReportedBy":"DATACOMPILATION","Municipality":"0121","OBJECTID":46057,"created_user":"SDE","created_date":"2024-11-12T16:15:31.000Z","last_edited_user":"SDE","last_edited_date":"2026-03-25T16:06:10.000Z","Shape__Area":602.86387215,"Shape__Length":97.71248731765233,"CommonName":null,"SourceGlobalID":"{608B0106-6A35-4332-8041-D678DDAA01B9}","Comments":null,"UpdateStatus":"AUTO","UpdateSource":"PMBC"}},{"type":"Feature","geometry":{"type":"Polygon","coordinates":[[[-117.797949,49.082736],[-117.798141,49.082559],[-117.798279,49.082566],[-117.798349,49.082858],[-117.798005,49.082816],[-117.797811,49.082863],[-117.797949,49.082736]]]},"properties":{"GlobalID":"{F2044038-5E67-428D-9015-58394F090FE4}","Name":"010316701","PlanID":"{D143A6FE-EB12-4EC2-9251-6E3A131BB0BA}","PlanNumber":"NEP17794","PIN":null,"PID":10316701,"Designation1":"Lot I","Designation2":"","Designation3":"","ParcelStatus":"ACTIVE","RegionalDistrict":"0019","ParcelClass":"SUBDIVISION","SourceParcelID":"28543","GeometrySource":"ICF","IsRemainder":"NO","ParcelStartDate":null,"PositionalError":1.60206284,"LegalDescription":"LOT I DISTRICT LOTS 559, 691, 2196 AND SECTION 35 TOWNSHIP 9A PLAN 17794","CaptureMethod":"COGO IN SOURCE","OwnerType":"PRIVATE","Compiled":1,"CreatedDate":"2016-09-20T23:24:06.000Z","ModifiedDate":"2026-01-16T18:24:00.000Z","StatedArea":null,"ErrorReportedBy":"DATACOMPILATION","Municipality":"0121","OBJECTID":46058,"created_user":"SDE","created_date":"2024-11-12T16:15:31.000Z","last_edited_user":"SDE","last_edited_date":"2026-03-25T16:06:10.000Z","Shape__Area":719.70284411,"Shape__Length":125.09432018515886,"CommonName":null,"SourceGlobalID":"{7E77C6E9-80D9-4F00-A041-2B6D588863C3}","Comments":null,"UpdateStatus":"AUTO","UpdateSource":"PMBC"}},{"type":"Feature","geometry":{"type":"Polygon","coordinates":[[[-117.809396,49.07387],[-117.809521,49.073876],[-117.809646,49.073882],[-117.809617,49.074156],[-117.809492,49.07415],[-117.809367,49.074144],[-117.809243,49.074138],[-117.809118,49.074132],[-117.809136,49.073971],[-117.809289,49.074006],[-117.809361,49.073869],[-117.809396,49.07387]]]},"properties":{"GlobalID":"{CF16ACBD-E75F-4393-92B6-E222855538B3}","Name":"011463830","PlanID":"{DDF3C82E-769A-4541-AAD8-8D3D70112F16}","PlanNumber":"NEP706","PIN":null,"PID":11463830,"Designation1":"Parcel C","Designation2":"Block C","Designation3":null,"ParcelStatus":"ACTIVE","RegionalDistrict":"0019","ParcelClass":"SUBDIVISION","SourceParcelID":"26090","GeometrySource":"ICF","IsRemainder":"NO","ParcelStartDate":null,"PositionalError":3.07089055,"LegalDescription":"PARCEL C (SEE V9305) BLOCK C SECTION 34 TOWNSHIP 9A KOOTENAY DISTRICT PLAN 706","CaptureMethod":"COGO IN SOURCE","OwnerType":"PRIVATE","Compiled":1,"CreatedDate":"2016-09-20T23:24:06.000Z","ModifiedDate":"2021-04-30T21:57:51.000Z","StatedArea":null,"ErrorReportedBy":"LSA","Municipality":"0121","OBJECTID":46059,"created_user":"SDE","created_date":"2024-11-12T16:15:31.000Z","last_edited_user":"SDE","last_edited_date":"2026-03-25T16:06:10.000Z","Shape__Area":918.067352005,"Shape__Length":133.71158507371157,"CommonName":null,"SourceGlobalID":"{49BDF57B-8FB6-4119-A711-7EBF5898CEFF}","Comments":null,"UpdateStatus":"AUTO","UpdateSource":"PMBC"}},{"type":"Feature","geometry":{"type":"Polygon","coordinates":[[[-117.822104,49.077767],[-117.822597,49.07767],[-117.822714,49.077647],[-117.82283,49.077617],[-117.822944,49.077582],[-117.823056,49.077542],[-117.823166,49.077496],[-117.823274,49.077445],[-117.82338,49.077389],[-117.823482,49.077328],[-117.823582,49.077262],[-117.824421,49.077301],[-117.824317,49.077398],[-117.824209,49.07749],[-117.824096,49.077576],[-117.82398,49.077657],[-117.82386,49.077732],[-117.823736,49.077802],[-117.823609,49.077866],[-117.82348,49.077923],[-117.823348,49.077975],[-117.823213,49.07802],[-117.823077,49.078059],[-117.822939,49.078092],[-117.8228,49.078118],[-117.822306,49.078214],[-117.822104,49.077767]]]},"properties":{"GlobalID":"{45A31ADC-1933-4016-AABF-9323668B683A}","Name":"009699261","PlanID":"{696853AD-0E24-4C3F-9CC3-50FA2B9D42FF}","PlanNumber":"NEP14835","PIN":null,"PID":9699261,"Designation1":"Lot 3","Designation2":null,"Designation3":null,"ParcelStatus":"ACTIVE","RegionalDistrict":"0019","ParcelClass":"SUBDIVISION","SourceParcelID":"25808","GeometrySource":"ICF","IsRemainder":"NO","ParcelStartDate":null,"PositionalError":3.4483124,"LegalDescription":"LOT 3 SECTION 34 TOWNSHIP 9A KOOTENAY DISTRICT PLAN 14835","CaptureMethod":"COGO IN SOURCE","OwnerType":"PRIVATE","Compiled":1,"CreatedDate":"2016-09-20T23:24:06.000Z","ModifiedDate":"2024-11-07T18:27:26.000Z","StatedArea":null,"ErrorReportedBy":"LSA","Municipality":"0121","OBJECTID":46060,"created_user":"SDE","created_date":"2024-11-12T16:15:31.000Z","last_edited_user":"SDE","last_edited_date":"2026-03-25T16:06:10.000Z","Shape__Area":8150.9712732,"Shape__Length":427.06477829482856,"CommonName":null,"SourceGlobalID":"{B7CC2275-0EB9-40A7-9F31-9CE7B20A1E77}","Comments":null,"UpdateStatus":"AUTO","UpdateSource":"PMBC"}},{"type":"Feature","geometry":{"type":"Polygon","coordinates":[[[-117.798365,49.06783],[-117.798377,49.067777],[-117.798382,49.067722],[-117.798809,49.067737],[-117.798793,49.06789],[-117.798432,49.06784],[-117.798365,49.06783]]]},"properties":{"GlobalID":"{D1DEBBE3-34EB-4226-BD2D-5E099C2F767D}","Name":"028341741","PlanID":"{B86FABD9-A9FA-4BB4-A203-4B76F42AC2E8}","PlanNumber":"EPP8962","PIN":null,"PID":28341741,"Designation1":"Lot B","Designation2":null,"Designation3":null,"ParcelStatus":"ACTIVE","RegionalDistrict":"0019","ParcelClass":"SUBDIVISION","SourceParcelID":"30127","GeometrySource":"ICF","IsRemainder":"NO","ParcelStartDate":"2010-09-30T07:00:00.000Z","PositionalError":2.20408916,"LegalDescription":"LOT B SECTION 26 TOWNSHIP 9A KOOTENAY DISTRICT PLAN EPP8962","CaptureMethod":"COGO IN SOURCE","OwnerType":"PRIVATE","Compiled":1,"CreatedDate":"2016-09-20T23:24:06.000Z","ModifiedDate":"2021-04-30T21:57:51.000Z","StatedArea":null,"ErrorReportedBy":"LSA","Municipality":"0121","OBJECTID":46061,"created_user":"SDE","created_date":"2024-11-12T16:15:31.000Z","last_edited_user":"SDE","last_edited_date":"2026-03-25T16:06:10.000Z","Shape__Area":455.93878901,"Shape__Length":92.2887807297371,"CommonName":null,"SourceGlobalID":"{A9BB9AE3-5A1F-4B12-9687-ABFF88AEC2CC}","Comments":null,"UpdateStatus":"AUTO","UpdateSource":"PMBC"}},{"type":"Feature","geometry":{"type":"Polygon","coordinates":[[[-117.801015,49.071422],[-117.801045,49.071149],[-117.80117,49.071155],[-117.80114,49.071428],[-117.801015,49.071422]]]},"properties":{"GlobalID":"{B98666C2-C267-4054-9DD3-CA011BE88116}","Name":"014783177","PlanID":"{9867DD5F-2121-4EBC-A87D-1A853DCE6047}","PlanNumber":"NEP579A","PIN":null,"PID":14783177,"Designation1":"Lot 13","Designation2":"Block 36","Designation3":null,"ParcelStatus":"ACTIVE","RegionalDistrict":"0019","ParcelClass":"SUBDIVISION","SourceParcelID":"26496","GeometrySource":"ICF","IsRemainder":"NO","ParcelStartDate":null,"PositionalError":3.33991476,"LegalDescription":"LOT 13 BLOCK 36 DISTRICT LOT 535A KOOTENAY DISTRICT PLAN 579A","CaptureMethod":"COGO IN SOURCE","OwnerType":"PRIVATE","Compiled":1,"CreatedDate":"2016-09-20T23:24:06.000Z","ModifiedDate":"2021-04-30T21:57:51.000Z","StatedArea":null,"ErrorReportedBy":"LSA","Municipality":"0121","OBJECTID":46062,"created_user":"SDE","created_date":"2024-11-12T16:15:31.000Z","last_edited_user":"SDE","last_edited_date":"2026-03-25T16:06:10.000Z","Shape__Area":278.343181585,"Shape__Length":79.19033619443593,"CommonName":null,"SourceGlobalID":"{3ED421C1-4726-4DC0-891D-AC4B21911CCD}","Comments":null,"UpdateStatus":"AUTO","UpdateSource":"PMBC"}},{"type":"Feature","geometry":{"type":"Polygon","coordinates":[[[-117.802942,49.071245],[-117.803067,49.071251],[-117.803037,49.071525],[-117.802912,49.071519],[-117.802942,49.071245]]]},"properties":{"GlobalID":"{75F21523-3E32-410F-9AE2-0BB515A1B7AA}","Name":"016273770","PlanID":"{9867DD5F-2121-4EBC-A87D-1A853DCE6047}","PlanNumber":"NEP579A","PIN":null,"PID":16273770,"Designation1":"Lot 14","Designation2":"Block 19","Designation3":null,"ParcelStatus":"ACTIVE","RegionalDistrict":"0019","ParcelClass":"SUBDIVISION","SourceParcelID":"26572","GeometrySource":"ICF","IsRemainder":"NO","ParcelStartDate":null,"PositionalError":2.50860792,"LegalDescription":"LOT 14 BLOCK 19 DISTRICT LOT 535 KOOTENAY DISTRICT PLAN 579A","CaptureMethod":"COGO IN SOURCE","OwnerType":"PRIVATE","Compiled":1,"CreatedDate":"2016-09-20T23:24:06.000Z","ModifiedDate":"2021-04-30T21:57:51.000Z","StatedArea":null,"ErrorReportedBy":"LSA","Municipality":"0121","OBJECTID":46063,"created_user":"SDE","created_date":"2024-11-12T16:15:31.000Z","last_edited_user":"SDE","last_edited_date":"2026-03-25T16:06:10.000Z","Shape__Area":278.359031865,"Shape__Length":79.19079173486924,"CommonName":null,"SourceGlobalID":"{CF33DF6E-76A5-4643-A1DE-C977217FAFC4}","Comments":null,"UpdateStatus":"AUTO","UpdateSource":"PMBC"}},{"type":"Feature","geometry":{"type":"Polygon","coordinates":[[[-117.803236,49.071985],[-117.803266,49.071712],[-117.803391,49.071718],[-117.803361,49.071991],[-117.803236,49.071985]]]},"properties":{"GlobalID":"{A2760B31-DDE9-4F1E-A38A-3BEE0DA5247B}","Name":"016217268","PlanID":"{9867DD5F-2121-4EBC-A87D-1A853DCE6047}","PlanNumber":"NEP579A","PIN":null,"PID":16217268,"Designation1":"Lot 8","Designation2":"Block 20","Designation3":null,"ParcelStatus":"ACTIVE","RegionalDistrict":"0019","ParcelClass":"SUBDIVISION","SourceParcelID":"26550","GeometrySource":"ICF","IsRemainder":"NO","ParcelStartDate":null,"PositionalError":3.90097344,"LegalDescription":"LOT 8 BLOCK 20 DISTRICT LOT 535 KOOTENAY DISTRICT PLAN 579A","CaptureMethod":"COGO IN SOURCE","OwnerType":"PRIVATE","Compiled":1,"CreatedDate":"2016-09-20T23:24:06.000Z","ModifiedDate":"2021-04-30T21:57:51.000Z","StatedArea":null,"ErrorReportedBy":"LSA","Municipality":"0121","OBJECTID":46064,"created_user":"SDE","created_date":"2024-11-12T16:15:31.000Z","last_edited_user":"SDE","last_edited_date":"2026-03-25T16:06:10.000Z","Shape__Area":278.64367162,"Shape__Length":79.25572170948632,"CommonName":null,"SourceGlobalID":"{12BAC4CF-D8C3-4B92-8F5F-791C90B58089}","Comments":null,"UpdateStatus":"AUTO","UpdateSource":"PMBC"}},{"type":"Feature","geometry":{"type":"Polygon","coordinates":[[[-117.799703,49.07154],[-117.799959,49.071552],[-117.799959,49.071556],[-117.799927,49.071825],[-117.799673,49.071813],[-117.799703,49.07154]]]},"properties":{"GlobalID":"{1ABA6D33-3242-487C-8018-5D9A17AAACA1}","Name":"029386136","PlanID":"{70E091E7-6CAD-4B17-BCBA-E56E25DC45B1}","PlanNumber":"EPP40738","PIN":null,"PID":29386136,"Designation1":"Lot 2","Designation2":null,"Designation3":null,"ParcelStatus":"ACTIVE","RegionalDistrict":"0019","ParcelClass":"SUBDIVISION","SourceParcelID":"25735","GeometrySource":"ICF","IsRemainder":"NO","ParcelStartDate":"2014-09-11T07:00:00.000Z","PositionalError":0.04773405,"LegalDescription":"LOT 2 DISTRICT LOT 535 KOOTENAY DISTRICT PLAN EPP40738","CaptureMethod":"COGO IN SOURCE","OwnerType":"PRIVATE","Compiled":1,"CreatedDate":"2016-09-20T23:24:06.000Z","ModifiedDate":"2021-04-30T21:57:51.000Z","StatedArea":null,"ErrorReportedBy":"LSA","Municipality":"0121","OBJECTID":46065,"created_user":"SDE","created_date":"2024-11-12T16:15:31.000Z","last_edited_user":"SDE","last_edited_date":"2026-03-25T16:06:10.000Z","Shape__Area":569.781955895,"Shape__Length":98.33829945815127,"CommonName":null,"SourceGlobalID":"{12087C1E-F9A4-4CFE-9B0F-FAC5A9325215}","Comments":null,"UpdateStatus":"AUTO","UpdateSource":"PMBC"}},{"type":"Feature","geometry":{"type":"Polygon","coordinates":[[[-117.803266,49.071712],[-117.803236,49.071985],[-117.803111,49.07198],[-117.802986,49.071974],[-117.802862,49.071968],[-117.802737,49.071962],[-117.802767,49.071688],[-117.802892,49.071694],[-117.803017,49.0717],[-117.803141,49.071706],[-117.803266,49.071712]]]},"properties":{"GlobalID":"{A0724BAC-2DEB-4EC7-A7B7-262BBF16E4F3}","Name":"015955265","PlanID":"{9867DD5F-2121-4EBC-A87D-1A853DCE6047}","PlanNumber":"NEP579A","PIN":null,"PID":15955265,"Designation1":"Parcel A","Designation2":"Block 20","Designation3":null,"ParcelStatus":"ACTIVE","RegionalDistrict":"0019","ParcelClass":"SUBDIVISION","SourceParcelID":"26547","GeometrySource":"ICF","IsRemainder":"NO","ParcelStartDate":null,"PositionalError":4.12911772,"LegalDescription":"PARCEL A (SEE N2043) BLOCK 20 DISTRICT LOT 535 KOOTENAY DISTRICT PLAN 579A","CaptureMethod":"COGO IN SOURCE","OwnerType":"PRIVATE","Compiled":1,"CreatedDate":"2016-09-20T23:24:06.000Z","ModifiedDate":"2021-04-30T21:57:51.000Z","StatedArea":null,"ErrorReportedBy":"LSA","Municipality":"0121","OBJECTID":46066,"created_user":"SDE","created_date":"2024-11-12T16:15:31.000Z","last_edited_user":"SDE","last_edited_date":"2026-03-25T16:06:10.000Z","Shape__Area":1114.44991453,"Shape__Length":134.08493515248463,"CommonName":null,"SourceGlobalID":"{B8D579E8-42A7-4500-B4A2-C025A86EFE4B}","Comments":null,"UpdateStatus":"AUTO","UpdateSource":"PMBC"}},{"type":"Feature","geometry":{"type":"Polygon","coordinates":[[[-117.81024,49.074185],[-117.810116,49.074179],[-117.810145,49.073906],[-117.81027,49.073912],[-117.81024,49.074185]]]},"properties":{"GlobalID":"{F728DC31-8733-45E4-8EE9-740C2416B3A5}","Name":"016140699","PlanID":"{DDF3C82E-769A-4541-AAD8-8D3D70112F16}","PlanNumber":"NEP706","PIN":null,"PID":16140699,"Designation1":"Lot 18","Designation2":"Block C","Designation3":null,"ParcelStatus":"ACTIVE","RegionalDistrict":"0019","ParcelClass":"SUBDIVISION","SourceParcelID":"25738","GeometrySource":"ICF","IsRemainder":"NO","ParcelStartDate":null,"PositionalError":3.16366596,"LegalDescription":"LOT 18 BLOCK C SECTION 34 TOWNSHIP 9A KOOTENAY DISTRICT PLAN 706","CaptureMethod":"COGO IN SOURCE","OwnerType":"PRIVATE","Compiled":1,"CreatedDate":"2016-09-20T23:24:06.000Z","ModifiedDate":"2021-04-30T21:57:51.000Z","StatedArea":null,"ErrorReportedBy":"LSA","Municipality":"0121","OBJECTID":46067,"created_user":"SDE","created_date":"2024-11-12T16:15:31.000Z","last_edited_user":"SDE","last_edited_date":"2026-03-25T16:06:10.000Z","Shape__Area":278.23957183,"Shape__Length":79.19359707612583,"CommonName":null,"SourceGlobalID":"{ABEEAEFB-145E-4589-8316-52E0119C1B4A}","Comments":null,"UpdateStatus":"AUTO","UpdateSource":"PMBC"}},{"type":"Feature","geometry":{"type":"Polygon","coordinates":[[[-117.796062,49.076646],[-117.796076,49.076509],[-117.796091,49.076373],[-117.796276,49.076381],[-117.796246,49.076655],[-117.796062,49.076646]]]},"properties":{"GlobalID":"{FA12834B-80AA-4D85-9CDC-2C10D11D3895}","Name":"016268318","PlanID":"{A0792FDB-3D54-492F-802F-2333A5D962E3}","PlanNumber":"NEP579","PIN":null,"PID":16268318,"Designation1":"Lot 7","Designation2":"Block 50","Designation3":null,"ParcelStatus":"ACTIVE","RegionalDistrict":"0019","ParcelClass":"SUBDIVISION","SourceParcelID":"28428","GeometrySource":"ICF","IsRemainder":"NO","ParcelStartDate":null,"PositionalError":2.8297724,"LegalDescription":"AMENDED LOT 7 (SEE 201939I) BLOCK 50 DISTRICT LOT 535 KOOTENAY DISTRICT PLAN 579","CaptureMethod":"COGO IN SOURCE","OwnerType":"PRIVATE","Compiled":1,"CreatedDate":"2016-09-20T23:24:06.000Z","ModifiedDate":"2021-04-30T21:57:51.000Z","StatedArea":null,"ErrorReportedBy":"LSA","Municipality":"0121","OBJECTID":46068,"created_user":"SDE","created_date":"2024-11-12T16:15:31.000Z","last_edited_user":"SDE","last_edited_date":"2026-03-25T16:06:10.000Z","Shape__Area":411.3590962,"Shape__Length":87.91417358751201,"CommonName":null,"SourceGlobalID":"{4A67B027-5EC5-41D0-8B6F-EB8A88E84775}","Comments":null,"UpdateStatus":"AUTO","UpdateSource":"PMBC"}},{"type":"Feature","geometry":{"type":"Polygon","coordinates":[[[-117.81098,49.075355],[-117.810956,49.075216],[-117.811361,49.075189],[-117.811405,49.075466],[-117.811004,49.075493],[-117.81098,49.075355]]]},"properties":{"GlobalID":"{B94FD444-3AD5-4E08-9081-FE4756BF2C4C}","Name":"015235939","PlanID":"{FAFDD5F0-40ED-4E3D-99BE-D884DAC9DBAF}","PlanNumber":"NEP2417","PIN":null,"PID":15235939,"Designation1":"Lot 1","Designation2":null,"Designation3":null,"ParcelStatus":"ACTIVE","RegionalDistrict":"0019","ParcelClass":"SUBDIVISION","SourceParcelID":"26353","GeometrySource":"ICF","IsRemainder":"NO","ParcelStartDate":null,"PositionalError":1.37032,"LegalDescription":"LOT 1 DISTRICT LOT 1173 KOOTENAY DISTRICT PLAN 2417","CaptureMethod":"COGO IN SOURCE","OwnerType":"PRIVATE","Compiled":1,"CreatedDate":"2016-09-20T23:24:06.000Z","ModifiedDate":"2024-11-07T18:27:26.000Z","StatedArea":null,"ErrorReportedBy":"LSA","Municipality":"0121","OBJECTID":46069,"created_user":"SDE","created_date":"2024-11-12T16:15:31.000Z","last_edited_user":"SDE","last_edited_date":"2026-03-25T16:06:10.000Z","Shape__Area":916.689502155,"Shape__Length":121.14335485582349,"CommonName":null,"SourceGlobalID":"{328A5FCA-559A-46C3-9268-1F3DC6924955}","Comments":null,"UpdateStatus":"AUTO","UpdateSource":"PMBC"}},{"type":"Feature","geometry":{"type":"Polygon","coordinates":[[[-117.793187,49.068984],[-117.793088,49.068985],[-117.792896,49.069009],[-117.79278,49.068687],[-117.793065,49.068646],[-117.793187,49.068984]]]},"properties":{"GlobalID":"{9551B9D9-EB26-4D40-BB57-8C6BAB881CAC}","Name":"027003345","PlanID":"{2178B648-1974-4C4D-ADFD-7B6FAF6374F2}","PlanNumber":"NEP83293","PIN":null,"PID":27003345,"Designation1":"Lot 52","Designation2":null,"Designation3":null,"ParcelStatus":"ACTIVE","RegionalDistrict":"0019","ParcelClass":"SUBDIVISION","SourceParcelID":"28773","GeometrySource":"ICF","IsRemainder":"NO","ParcelStartDate":"2007-03-14T07:00:00.000Z","PositionalError":2.54532642,"LegalDescription":"LOT 52 SECTION 26 TOWNSHIP 9A KOOTENAY DISTRICT PLAN NEP83293","CaptureMethod":"COGO IN SOURCE","OwnerType":"PRIVATE","Compiled":1,"CreatedDate":"2016-09-20T23:24:06.000Z","ModifiedDate":"2021-04-30T22:00:28.000Z","StatedArea":null,"ErrorReportedBy":"LSA","Municipality":"0121","OBJECTID":46070,"created_user":"SDE","created_date":"2024-11-12T16:15:31.000Z","last_edited_user":"SDE","last_edited_date":"2026-03-25T16:06:10.000Z","Shape__Area":796.83453389,"Shape__Length":118.38634467485217,"CommonName":null,"SourceGlobalID":"{A8105895-12EE-4965-8D97-0A4BF226E247}","Comments":null,"UpdateStatus":"AUTO","UpdateSource":"PMBC"}},{"type":"Feature","geometry":{"type":"Polygon","coordinates":[[[-117.799715,49.072589],[-117.79959,49.072583],[-117.79962,49.07231],[-117.799745,49.072316],[-117.799715,49.072589]]]},"properties":{"GlobalID":"{027D11AA-65DD-40E6-8EE0-BBC0D81C95E7}","Name":"011965622","PlanID":"{9867DD5F-2121-4EBC-A87D-1A853DCE6047}","PlanNumber":"NEP579A","PIN":null,"PID":11965622,"Designation1":"Lot 8","Designation2":"Block 55","Designation3":null,"ParcelStatus":"ACTIVE","RegionalDistrict":"0019","ParcelClass":"SUBDIVISION","SourceParcelID":"26472","GeometrySource":"ICF","IsRemainder":"NO","ParcelStartDate":null,"PositionalError":3.40796638,"LegalDescription":"LOT 8 BLOCK 55 DISTRICT LOT 535 KOOTENAY DISTRICT PLAN 579A","CaptureMethod":"COGO IN SOURCE","OwnerType":"PRIVATE","Compiled":1,"CreatedDate":"2016-09-20T23:24:06.000Z","ModifiedDate":"2021-04-30T21:57:51.000Z","StatedArea":null,"ErrorReportedBy":"LSA","Municipality":"0121","OBJECTID":46071,"created_user":"SDE","created_date":"2024-11-12T16:15:31.000Z","last_edited_user":"SDE","last_edited_date":"2026-03-25T16:06:10.000Z","Shape__Area":278.20378524,"Shape__Length":79.15013603727938,"CommonName":null,"SourceGlobalID":"{533BAAE9-DEA7-4EB9-84E8-3A430DD1DBA1}","Comments":null,"UpdateStatus":"AUTO","UpdateSource":"PMBC"}},{"type":"Feature","geometry":{"type":"Polygon","coordinates":[[[-117.811106,49.074723],[-117.811322,49.074681],[-117.811364,49.075003],[-117.811074,49.075022],[-117.811102,49.074766],[-117.811106,49.074723]]]},"properties":{"GlobalID":"{7D780DDF-D17D-4424-93DB-EC823C508F7C}","Name":"005184606","PlanID":"{696853AD-0E24-4C3F-9CC3-50FA2B9D42FF}","PlanNumber":"NEP14835","PIN":null,"PID":5184606,"Designation1":"Lot 37","Designation2":null,"Designation3":null,"ParcelStatus":"ACTIVE","RegionalDistrict":"0019","ParcelClass":"SUBDIVISION","SourceParcelID":"26359","GeometrySource":"ICF","IsRemainder":"NO","ParcelStartDate":null,"PositionalError":2.82756929,"LegalDescription":"LOT 37 SECTION 34 TOWNSHIP 9A DISTRICT LOT 1173 KOOTENAY DISTRICT PLAN 14835","CaptureMethod":"COGO IN SOURCE","OwnerType":"PRIVATE","Compiled":1,"CreatedDate":"2016-09-20T23:24:06.000Z","ModifiedDate":"2021-04-30T22:00:28.000Z","StatedArea":null,"ErrorReportedBy":"LSA","Municipality":"0121","OBJECTID":46072,"created_user":"SDE","created_date":"2024-11-12T16:15:31.000Z","last_edited_user":"SDE","last_edited_date":"2026-03-25T16:06:10.000Z","Shape__Area":640.445455275,"Shape__Length":107.13908694358422,"CommonName":null,"SourceGlobalID":"{07652692-B81E-4D95-A104-4749B1093A4B}","Comments":null,"UpdateStatus":"AUTO","UpdateSource":"PMBC"}},{"type":"Feature","geometry":{"type":"Polygon","coordinates":[[[-117.789209,49.073124],[-117.789625,49.073144],[-117.789612,49.073265],[-117.789542,49.07336],[-117.789182,49.073314],[-117.789191,49.07328],[-117.789196,49.073245],[-117.789209,49.073124]]]},"properties":{"GlobalID":"{5C1A32A7-B8F2-4F0A-A693-B367AC13136B}","Name":"014392593","PlanID":"{1BE47CD7-7345-4999-AACE-7FFEFCC5FA63}","PlanNumber":"NEP5909","PIN":null,"PID":14392593,"Designation1":"Lot C","Designation2":null,"Designation3":null,"ParcelStatus":"ACTIVE","RegionalDistrict":"0019","ParcelClass":"SUBDIVISION","SourceParcelID":"27967","GeometrySource":"ICF","IsRemainder":"NO","ParcelStartDate":null,"PositionalError":0.06242145,"LegalDescription":"LOT C TOWNSHIP 9A KOOTENAY DISTRICT PLAN 5909","CaptureMethod":"COGO IN SOURCE","OwnerType":"PRIVATE","Compiled":1,"CreatedDate":"2016-09-20T23:24:06.000Z","ModifiedDate":"2021-04-30T22:00:28.000Z","StatedArea":null,"ErrorReportedBy":"LSA","Municipality":"0121","OBJECTID":46073,"created_user":"SDE","created_date":"2024-11-12T16:15:31.000Z","last_edited_user":"SDE","last_edited_date":"2026-03-25T16:06:10.000Z","Shape__Area":679.834219535,"Shape__Length":103.6971657730317,"CommonName":null,"SourceGlobalID":"{0AB2439B-29DC-4683-BFF6-F3E472225FBE}","Comments":null,"UpdateStatus":"AUTO","UpdateSource":"PMBC"}},{"type":"Feature","geometry":{"type":"Polygon","coordinates":[[[-117.798835,49.067494],[-117.798824,49.067595],[-117.798388,49.067579],[-117.798393,49.06745],[-117.798439,49.067473],[-117.798837,49.067478],[-117.798835,49.067494]]]},"properties":{"GlobalID":"{6D884BEF-BC19-485A-9077-A12794C062CC}","Name":"028841093","PlanID":"{A0DBD07E-C446-4DEB-9C13-1E0E15FD045F}","PlanNumber":"EPP16594","PIN":null,"PID":28841093,"Designation1":"Lot 3","Designation2":null,"Designation3":null,"ParcelStatus":"ACTIVE","RegionalDistrict":"0019","ParcelClass":"SUBDIVISION","SourceParcelID":"4750009","GeometrySource":"ICF","IsRemainder":"NO","ParcelStartDate":"2012-05-30T07:00:00.000Z","PositionalError":1.71279563,"LegalDescription":"LOT 3 SECTION 26 TOWNSHIP 9A KOOTENAY DISTRICT PLAN EPP16594","CaptureMethod":"COGO IN SOURCE","OwnerType":"PRIVATE","Compiled":1,"CreatedDate":"2016-09-20T23:24:06.000Z","ModifiedDate":"2021-04-30T21:57:51.000Z","StatedArea":null,"ErrorReportedBy":"LSA","Municipality":"0121","OBJECTID":46074,"created_user":"SDE","created_date":"2024-11-12T16:15:31.000Z","last_edited_user":"SDE","last_edited_date":"2026-03-25T16:06:10.000Z","Shape__Area":406.18488018,"Shape__Length":92.59752284856604,"CommonName":null,"SourceGlobalID":"{E08784E0-D005-41AE-BCDB-7512DF952E92}","Comments":null,"UpdateStatus":"AUTO","UpdateSource":"PMBC"}},{"type":"Feature","geometry":{"type":"Polygon","coordinates":[[[-117.791796,49.07586],[-117.791767,49.076132],[-117.791642,49.076126],[-117.791671,49.075854],[-117.791796,49.07586]]]},"properties":{"GlobalID":"{D9082553-E778-408A-B01F-701F7D92C3ED}","Name":"016194535","PlanID":"{2090283B-700B-44A6-9097-3E094197E9AF}","PlanNumber":"NEP616C","PIN":null,"PID":16194535,"Designation1":"Lot 5","Designation2":"Block 52","Designation3":null,"ParcelStatus":"ACTIVE","RegionalDistrict":"0019","ParcelClass":"SUBDIVISION","SourceParcelID":"28399","GeometrySource":"ICF","IsRemainder":"NO","ParcelStartDate":null,"PositionalError":2.63810183,"LegalDescription":"LOT 5 BLOCK 52 SECTION 35 TOWNSHIP 9A KOOTENAY DISTRICT PLAN 616C","CaptureMethod":"COGO IN SOURCE","OwnerType":"PRIVATE","Compiled":1,"CreatedDate":"2016-09-20T23:24:06.000Z","ModifiedDate":"2021-04-30T22:00:28.000Z","StatedArea":null,"ErrorReportedBy":"LSA","Municipality":"0121","OBJECTID":46075,"created_user":"SDE","created_date":"2024-11-12T16:15:31.000Z","last_edited_user":"SDE","last_edited_date":"2026-03-25T16:06:10.000Z","Shape__Area":277.53407293,"Shape__Length":79.00945228839707,"CommonName":null,"SourceGlobalID":"{564BB223-60A3-40A8-BC93-2C1194AC2D83}","Comments":null,"UpdateStatus":"AUTO","UpdateSource":"PMBC"}},{"type":"Feature","geometry":{"type":"Polygon","coordinates":[[[-117.79046,49.076391],[-117.790335,49.076385],[-117.790368,49.076112],[-117.790493,49.076118],[-117.79046,49.076391]]]},"properties":{"GlobalID":"{CD2A61B7-6E49-42C2-BBAF-4B6A38D4C6C1}","Name":"016194128","PlanID":"{2090283B-700B-44A6-9097-3E094197E9AF}","PlanNumber":"NEP616C","PIN":null,"PID":16194128,"Designation1":"Lot 18","Designation2":"Block 53","Designation3":null,"ParcelStatus":"ACTIVE","RegionalDistrict":"0019","ParcelClass":"SUBDIVISION","SourceParcelID":"27333","GeometrySource":"ICF","IsRemainder":"NO","ParcelStartDate":null,"PositionalError":2.60970619,"LegalDescription":"LOT 18 BLOCK 53 SECTION 35 TOWNSHIP 9A KOOTENAY DISTRICT PLAN 616C","CaptureMethod":"COGO IN SOURCE","OwnerType":"PRIVATE","Compiled":1,"CreatedDate":"2016-09-20T23:24:06.000Z","ModifiedDate":"2021-04-30T22:00:28.000Z","StatedArea":null,"ErrorReportedBy":"LSA","Municipality":"0121","OBJECTID":46076,"created_user":"SDE","created_date":"2024-11-12T16:15:31.000Z","last_edited_user":"SDE","last_edited_date":"2026-03-25T16:06:10.000Z","Shape__Area":277.45137417,"Shape__Length":79.03341982811018,"CommonName":null,"SourceGlobalID":"{BA7FC165-7301-402E-B121-DF5858BD65B3}","Comments":null,"UpdateStatus":"AUTO","UpdateSource":"PMBC"}},{"type":"Feature","geometry":{"type":"Polygon","coordinates":[[[-117.805121,49.069278],[-117.805423,49.069292],[-117.805402,49.069504],[-117.805099,49.06949],[-117.8051,49.069485],[-117.805103,49.069454],[-117.805121,49.069278]]]},"properties":{"GlobalID":"{21F25967-018B-49D8-8F33-0E8A89EAD332}","Name":"030104181","PlanID":"{11F79D28-AE86-4E08-AAA2-7369D5548D67}","PlanNumber":"EPP67870","PIN":null,"PID":30104181,"Designation1":"Lot A","Designation2":null,"Designation3":null,"ParcelStatus":"ACTIVE","RegionalDistrict":"0019","ParcelClass":"SUBDIVISION","SourceParcelID":null,"GeometrySource":"SPDS","IsRemainder":null,"ParcelStartDate":"2017-03-29T07:00:00.000Z","PositionalError":0.65334451,"LegalDescription":"LOT A TOWNSHIP 9A KOOTENAY DISTRICT PLAN EPP67870","CaptureMethod":"SPDS","OwnerType":"PRIVATE","Compiled":0,"CreatedDate":"2017-08-16T16:11:12.000Z","ModifiedDate":"2021-04-30T22:00:28.000Z","StatedArea":"524.8","ErrorReportedBy":"LSA","Municipality":"0121","OBJECTID":46077,"created_user":"SDE","created_date":"2024-11-12T16:15:31.000Z","last_edited_user":"SDE","last_edited_date":"2026-03-25T16:06:10.000Z","Shape__Area":524.180526625,"Shape__Length":91.62732491387078,"CommonName":null,"SourceGlobalID":"{1B32E92B-05FA-4CBA-A365-49FC555C51DF}","Comments":null,"UpdateStatus":"AUTO","UpdateSource":"PMBC"}},{"type":"Feature","geometry":{"type":"Polygon","coordinates":[[[-117.798044,49.067257],[-117.797526,49.06715],[-117.797587,49.066952],[-117.798047,49.067034],[-117.798129,49.067098],[-117.798127,49.067251],[-117.798124,49.067324],[-117.798044,49.067257]]]},"properties":{"GlobalID":"{0628A1BE-570D-4214-8C88-0FB4A9420358}","Name":"027866696","PlanID":"{67CA600C-ABDB-462B-959C-DE7F89E50445}","PlanNumber":"NEP88813","PIN":null,"PID":27866696,"Designation1":"Lot 4","Designation2":null,"Designation3":null,"ParcelStatus":"ACTIVE","RegionalDistrict":"0019","ParcelClass":"SUBDIVISION","SourceParcelID":"30114","GeometrySource":"ICF","IsRemainder":"NO","ParcelStartDate":"2009-04-08T07:00:00.000Z","PositionalError":1.45356302,"LegalDescription":"LOT 4 SECTION 26 TOWNSHIP 9A KOOTENAY DISTRICT PLAN NEP88813","CaptureMethod":"COGO IN SOURCE","OwnerType":"PRIVATE","Compiled":1,"CreatedDate":"2016-09-20T23:24:06.000Z","ModifiedDate":"2021-04-30T21:57:51.000Z","StatedArea":null,"ErrorReportedBy":"LSA","Municipality":"0121","OBJECTID":46078,"created_user":"SDE","created_date":"2024-11-12T16:15:31.000Z","last_edited_user":"SDE","last_edited_date":"2026-03-25T16:06:10.000Z","Shape__Area":1009.48299528,"Shape__Length":140.94121366803512,"CommonName":null,"SourceGlobalID":"{A542BB14-34E0-4D49-9C30-B9AC1A85D10A}","Comments":null,"UpdateStatus":"AUTO","UpdateSource":"PMBC"}},{"type":"Feature","geometry":{"type":"Polygon","coordinates":[[[-117.799161,49.073063],[-117.799286,49.073069],[-117.799256,49.073342],[-117.799131,49.073336],[-117.799161,49.073063]]]},"properties":{"GlobalID":"{45E6915B-1BCB-44A4-AAC2-17A13D8764F1}","Name":"016268491","PlanID":"{9867DD5F-2121-4EBC-A87D-1A853DCE6047}","PlanNumber":"NEP579A","PIN":null,"PID":16268491,"Designation1":"Lot 11","Designation2":"Block 54","Designation3":null,"ParcelStatus":"ACTIVE","RegionalDistrict":"0019","ParcelClass":"SUBDIVISION","SourceParcelID":"26481","GeometrySource":"ICF","IsRemainder":"NO","ParcelStartDate":null,"PositionalError":1.7361465,"LegalDescription":"LOT 11 BLOCK 54 DISTRICT LOT 535 KOOTENAY DISTRICT PLAN 579A","CaptureMethod":"COGO IN SOURCE","OwnerType":"PRIVATE","Compiled":1,"CreatedDate":"2016-09-20T23:24:06.000Z","ModifiedDate":"2025-12-23T17:24:53.000Z","StatedArea":null,"ErrorReportedBy":"LSA","Municipality":"0121","OBJECTID":46079,"created_user":"SDE","created_date":"2024-11-12T16:15:31.000Z","last_edited_user":"SDE","last_edited_date":"2026-03-25T16:06:10.000Z","Shape__Area":278.206179765,"Shape__Length":79.15991599098396,"CommonName":null,"SourceGlobalID":"{7DC9BCB8-7E97-4CF1-824B-88BF73F73491}","Comments":null,"UpdateStatus":"AUTO","UpdateSource":"PMBC"}},{"type":"Feature","geometry":{"type":"Polygon","coordinates":[[[-117.803099,49.068768],[-117.803265,49.068459],[-117.803966,49.068492],[-117.803938,49.068765],[-117.803909,49.069039],[-117.803687,49.069028],[-117.803074,49.068999],[-117.803099,49.068768]]]},"properties":{"GlobalID":"{04610D96-3E5E-4DD3-B338-06CF09B27651}","Name":"010546871","PlanID":"{2CAD8875-87C4-4751-86ED-94CFE09211E8}","PlanNumber":"NEP13777","PIN":null,"PID":10546871,"Designation1":"Lot 1","Designation2":null,"Designation3":null,"ParcelStatus":"ACTIVE","RegionalDistrict":"0019","ParcelClass":"SUBDIVISION","SourceParcelID":"26579","GeometrySource":"ICF","IsRemainder":"NO","ParcelStartDate":null,"PositionalError":2.59575316,"LegalDescription":"LOT 1 SECTIONS 26 AND 27 TOWNSHIP 9A KOOTENAY DISTRICT PLAN 13777","CaptureMethod":"COGO IN SOURCE","OwnerType":"PRIVATE","Compiled":1,"CreatedDate":"2016-09-20T23:24:06.000Z","ModifiedDate":"2021-04-30T21:57:51.000Z","StatedArea":null,"ErrorReportedBy":"LSA","Municipality":"0121","OBJECTID":46080,"created_user":"SDE","created_date":"2024-11-12T16:15:31.000Z","last_edited_user":"SDE","last_edited_date":"2026-03-25T16:06:10.000Z","Shape__Area":3553.646010005,"Shape__Length":235.66002830430418,"CommonName":null,"SourceGlobalID":"{D6755A38-474E-4058-A276-63EBB3226CBE}","Comments":null,"UpdateStatus":"AUTO","UpdateSource":"PMBC"}},{"type":"Feature","geometry":{"type":"Polygon","coordinates":[[[-117.803147,49.072799],[-117.803272,49.072805],[-117.803242,49.073078],[-117.803117,49.073072],[-117.803147,49.072799]]]},"properties":{"GlobalID":"{F3EE56CF-5DA4-4000-B7F9-F144E7916000}","Name":"008537534","PlanID":"{9867DD5F-2121-4EBC-A87D-1A853DCE6047}","PlanNumber":"NEP579A","PIN":null,"PID":8537534,"Designation1":"Lot 17","Designation2":"Block 21","Designation3":null,"ParcelStatus":"ACTIVE","RegionalDistrict":"0019","ParcelClass":"SUBDIVISION","SourceParcelID":"25925","GeometrySource":"ICF","IsRemainder":"NO","ParcelStartDate":null,"PositionalError":3.02413566,"LegalDescription":"LOT 17 BLOCK 21 DISTRICT LOT 535 KOOTENAY DISTRICT PLAN 579A","CaptureMethod":"COGO IN SOURCE","OwnerType":"PRIVATE","Compiled":1,"CreatedDate":"2016-09-20T23:24:06.000Z","ModifiedDate":"2021-04-30T22:00:28.000Z","StatedArea":null,"ErrorReportedBy":"LSA","Municipality":"0121","OBJECTID":46081,"created_user":"SDE","created_date":"2024-11-12T16:15:31.000Z","last_edited_user":"SDE","last_edited_date":"2026-03-25T16:06:10.000Z","Shape__Area":277.74608019,"Shape__Length":79.09510847407091,"CommonName":null,"SourceGlobalID":"{07CA0A0E-2F90-4863-B2DB-572E624BC74A}","Comments":null,"UpdateStatus":"AUTO","UpdateSource":"PMBC"}},{"type":"Feature","geometry":{"type":"Polygon","coordinates":[[[-117.796516,49.074844],[-117.796642,49.07485],[-117.796611,49.075123],[-117.796486,49.075117],[-117.796516,49.074844]]]},"properties":{"GlobalID":"{6F1A7F11-544C-4925-92FC-E5C2041F776E}","Name":"013609041","PlanID":"{A0792FDB-3D54-492F-802F-2333A5D962E3}","PlanNumber":"NEP579","PIN":null,"PID":13609041,"Designation1":"Lot 9","Designation2":"Block 48","Designation3":null,"ParcelStatus":"ACTIVE","RegionalDistrict":"0019","ParcelClass":"SUBDIVISION","SourceParcelID":"28412","GeometrySource":"ICF","IsRemainder":"NO","ParcelStartDate":null,"PositionalError":3.02021902,"LegalDescription":"LOT 9 BLOCK 48 DISTRICT LOT 535 KOOTENAY DISTRICT PLAN 579","CaptureMethod":"COGO IN SOURCE","OwnerType":"PRIVATE","Compiled":1,"CreatedDate":"2016-09-20T23:24:06.000Z","ModifiedDate":"2021-04-30T21:57:51.000Z","StatedArea":null,"ErrorReportedBy":"LSA","Municipality":"0121","OBJECTID":46082,"created_user":"SDE","created_date":"2024-11-12T16:15:31.000Z","last_edited_user":"SDE","last_edited_date":"2026-03-25T16:06:10.000Z","Shape__Area":278.15464615,"Shape__Length":79.04835906131153,"CommonName":null,"SourceGlobalID":"{B36DD63C-8BCD-4F85-B509-71304D6B2DCE}","Comments":null,"UpdateStatus":"AUTO","UpdateSource":"PMBC"}},{"type":"Feature","geometry":{"type":"Polygon","coordinates":[[[-117.809424,49.073748],[-117.809011,49.073709],[-117.809027,49.073534],[-117.80943,49.073554],[-117.809424,49.073748]]]},"properties":{"GlobalID":"{E079DCE8-E8F2-42CD-BFE7-41DA5E220967}","Name":"011442301","PlanID":"{5F0C0E91-6E14-4576-936D-3707587C0B98}","PlanNumber":"NEP12337","PIN":null,"PID":11442301,"Designation1":"Lot 1","Designation2":null,"Designation3":null,"ParcelStatus":"ACTIVE","RegionalDistrict":"0019","ParcelClass":"SUBDIVISION","SourceParcelID":"26091","GeometrySource":"ICF","IsRemainder":"NO","ParcelStartDate":null,"PositionalError":1.86897165,"LegalDescription":"LOT 1 TOWNSHIP 9A KOOTENAY DISTRICT PLAN 12337","CaptureMethod":"COGO IN SOURCE","OwnerType":"PRIVATE","Compiled":1,"CreatedDate":"2016-09-20T23:24:06.000Z","ModifiedDate":"2021-04-30T21:57:51.000Z","StatedArea":null,"ErrorReportedBy":"LSA","Municipality":"0121","OBJECTID":46083,"created_user":"SDE","created_date":"2024-11-12T16:15:31.000Z","last_edited_user":"SDE","last_edited_date":"2026-03-25T16:06:10.000Z","Shape__Area":613.10789135,"Shape__Length":101.00502255879202,"CommonName":null,"SourceGlobalID":"{766F5D28-4E85-4AB0-A495-788955FE86AE}","Comments":null,"UpdateStatus":"AUTO","UpdateSource":"PMBC"}},{"type":"Feature","geometry":{"type":"Polygon","coordinates":[[[-117.805378,49.071039],[-117.805393,49.070898],[-117.805401,49.070821],[-117.806151,49.070856],[-117.806142,49.070932],[-117.806124,49.071101],[-117.805375,49.071066],[-117.805378,49.071039]]]},"properties":{"GlobalID":"{E40BE701-342A-41EC-BEEF-5611E277073C}","Name":"008850216","PlanID":"{C660EB5F-3C50-44FA-9FC1-29E6FF95C8C7}","PlanNumber":"NEP9416","PIN":null,"PID":8850216,"Designation1":"Lot 2","Designation2":null,"Designation3":null,"ParcelStatus":"ACTIVE","RegionalDistrict":"0019","ParcelClass":"SUBDIVISION","SourceParcelID":"26604","GeometrySource":"ICF","IsRemainder":"NO","ParcelStartDate":null,"PositionalError":3.95923346,"LegalDescription":"LOT 2 DISTRICT LOT 535 KOOTENAY DISTRICT PLAN 9416","CaptureMethod":"COGO IN SOURCE","OwnerType":"PRIVATE","Compiled":1,"CreatedDate":"2016-09-20T23:24:06.000Z","ModifiedDate":"2021-04-30T21:57:51.000Z","StatedArea":null,"ErrorReportedBy":"LSA","Municipality":"0121","OBJECTID":46084,"created_user":"SDE","created_date":"2024-11-12T16:15:31.000Z","last_edited_user":"SDE","last_edited_date":"2026-03-25T16:06:10.000Z","Shape__Area":1500.272855565,"Shape__Length":164.42827713350576,"CommonName":null,"SourceGlobalID":"{543980EE-24FB-4E71-8351-644F7F8E8E16}","Comments":null,"UpdateStatus":"AUTO","UpdateSource":"PMBC"}},{"type":"Feature","geometry":{"type":"Polygon","coordinates":[[[-117.798091,49.073286],[-117.798121,49.073013],[-117.798246,49.073019],[-117.798216,49.073292],[-117.798091,49.073286]]]},"properties":{"GlobalID":"{8EFFC410-8449-4092-B283-E2961C3CA639}","Name":"016272889","PlanID":"{9867DD5F-2121-4EBC-A87D-1A853DCE6047}","PlanNumber":"NEP579A","PIN":null,"PID":16272889,"Designation1":"Lot 5","Designation2":"Block 53","Designation3":null,"ParcelStatus":"ACTIVE","RegionalDistrict":"0019","ParcelClass":"SUBDIVISION","SourceParcelID":"27923","GeometrySource":"ICF","IsRemainder":"NO","ParcelStartDate":null,"PositionalError":2.50811834,"LegalDescription":"LOT 5 BLOCK 53 DISTRICT LOT 535 KOOTENAY DISTRICT PLAN 579A","CaptureMethod":"COGO IN SOURCE","OwnerType":"PRIVATE","Compiled":1,"CreatedDate":"2016-09-20T23:24:06.000Z","ModifiedDate":"2021-04-30T22:00:28.000Z","StatedArea":null,"ErrorReportedBy":"LSA","Municipality":"0121","OBJECTID":46085,"created_user":"SDE","created_date":"2024-11-12T16:15:31.000Z","last_edited_user":"SDE","last_edited_date":"2026-03-25T16:06:10.000Z","Shape__Area":278.14396562,"Shape__Length":79.1611847666698,"CommonName":null,"SourceGlobalID":"{FE0F968F-AD2B-45F8-9A9D-65AF8D33E6E9}","Comments":null,"UpdateStatus":"AUTO","UpdateSource":"PMBC"}},{"type":"Feature","geometry":{"type":"Polygon","coordinates":[[[-117.802971,49.073246],[-117.803096,49.073252],[-117.803066,49.073525],[-117.802941,49.073519],[-117.802971,49.073246]]]},"properties":{"GlobalID":"{AB0C9159-CFD1-409F-9798-7F29719ABBC2}","Name":"008198225","PlanID":"{9867DD5F-2121-4EBC-A87D-1A853DCE6047}","PlanNumber":"NEP579A","PIN":null,"PID":8198225,"Designation1":"Lot 9","Designation2":"Block 22","Designation3":null,"ParcelStatus":"ACTIVE","RegionalDistrict":"0019","ParcelClass":"SUBDIVISION","SourceParcelID":"26534","GeometrySource":"ICF","IsRemainder":"NO","ParcelStartDate":null,"PositionalError":2.99451607,"LegalDescription":"LOT 9 BLOCK 22 DISTRICT LOT 535 KOOTENAY DISTRICT PLAN 579A","CaptureMethod":"COGO IN SOURCE","OwnerType":"PRIVATE","Compiled":1,"CreatedDate":"2016-09-20T23:24:06.000Z","ModifiedDate":"2021-04-30T21:57:51.000Z","StatedArea":null,"ErrorReportedBy":"LSA","Municipality":"0121","OBJECTID":46086,"created_user":"SDE","created_date":"2024-11-12T16:15:31.000Z","last_edited_user":"SDE","last_edited_date":"2026-03-25T16:06:10.000Z","Shape__Area":278.047268025,"Shape__Length":79.12184107381707,"CommonName":null,"SourceGlobalID":"{07F6EA32-0EB5-4444-AD39-58A0FCB5A148}","Comments":null,"UpdateStatus":"AUTO","UpdateSource":"PMBC"}},{"type":"Feature","geometry":{"type":"Polygon","coordinates":[[[-117.796391,49.074839],[-117.796516,49.074844],[-117.796486,49.075117],[-117.796361,49.075111],[-117.796391,49.074839]]]},"properties":{"GlobalID":"{E1477025-59A9-4410-B9CB-7B0E32BB171B}","Name":"013609017","PlanID":"{A0792FDB-3D54-492F-802F-2333A5D962E3}","PlanNumber":"NEP579","PIN":null,"PID":13609017,"Designation1":"Lot 8","Designation2":"Block 48","Designation3":null,"ParcelStatus":"ACTIVE","RegionalDistrict":"0019","ParcelClass":"SUBDIVISION","SourceParcelID":"28411","GeometrySource":"ICF","IsRemainder":"NO","ParcelStartDate":null,"PositionalError":3.1179674,"LegalDescription":"LOT 8 BLOCK 48 DISTRICT LOT 535 KOOTENAY DISTRICT PLAN 579","CaptureMethod":"COGO IN SOURCE","OwnerType":"PRIVATE","Compiled":1,"CreatedDate":"2016-09-20T23:24:06.000Z","ModifiedDate":"2026-01-05T18:53:56.000Z","StatedArea":null,"ErrorReportedBy":"LSA","Municipality":"0121","OBJECTID":46087,"created_user":"SDE","created_date":"2024-11-12T16:15:31.000Z","last_edited_user":"SDE","last_edited_date":"2026-03-25T16:06:10.000Z","Shape__Area":277.948314355,"Shape__Length":79.00332396505466,"CommonName":null,"SourceGlobalID":"{12B2CBE6-1C13-4A82-A2B3-3B16CB36FB04}","Comments":null,"UpdateStatus":"AUTO","UpdateSource":"PMBC"}},{"type":"Feature","geometry":{"type":"Polygon","coordinates":[[[-117.790123,49.072545],[-117.790377,49.072867],[-117.790478,49.072995],[-117.790478,49.073003],[-117.790477,49.073011],[-117.790475,49.073019],[-117.790472,49.073026],[-117.790467,49.073033],[-117.790462,49.073039],[-117.790455,49.073044],[-117.790448,49.073048],[-117.790441,49.073051],[-117.790433,49.073052],[-117.790425,49.073052],[-117.790417,49.073051],[-117.790113,49.073029],[-117.789969,49.073019],[-117.789826,49.072838],[-117.789841,49.072792],[-117.789861,49.072747],[-117.789886,49.072706],[-117.789917,49.072667],[-117.789951,49.072633],[-117.78999,49.072603],[-117.790032,49.072578],[-117.790076,49.072559],[-117.790123,49.072545]]]},"properties":{"GlobalID":"{6A51B4E3-BF43-4F15-9DAF-9916B6A0C99F}","Name":"028379306","PlanID":"{5A4A8C81-7EB0-44D9-BD3A-C8CB10D36BE5}","PlanNumber":"NEP2314","PIN":null,"PID":28379306,"Designation1":"Parcel A","Designation2":"Block 4","Designation3":null,"ParcelStatus":"ACTIVE","RegionalDistrict":"0019","ParcelClass":"SUBDIVISION","SourceParcelID":"27499","GeometrySource":"ICF","IsRemainder":"NO","ParcelStartDate":"2010-11-24T08:00:00.000Z","PositionalError":2.22783379,"LegalDescription":"PARCEL A (BEING A CONSOLIDATION OF LOTS 1 AND 2, SEE LB419901) BLOCK 4 TOWNSHIP 9A KOOTENAY DISTRICT PLAN 2314","CaptureMethod":"COGO IN SOURCE","OwnerType":"PRIVATE","Compiled":1,"CreatedDate":"2016-09-20T23:24:06.000Z","ModifiedDate":"2021-04-30T22:00:28.000Z","StatedArea":null,"ErrorReportedBy":"LSA","Municipality":"0121","OBJECTID":46088,"created_user":"SDE","created_date":"2024-11-12T16:15:31.000Z","last_edited_user":"SDE","last_edited_date":"2026-03-25T16:06:10.000Z","Shape__Area":1602.678514245,"Shape__Length":161.54794331269116,"CommonName":null,"SourceGlobalID":"{C8A1BEBA-A94C-4F42-B5CC-1BC00FB7162D}","Comments":null,"UpdateStatus":"AUTO","UpdateSource":"PMBC"}},{"type":"Feature","geometry":{"type":"Polygon","coordinates":[[[-117.803245,49.070798],[-117.803272,49.070552],[-117.803649,49.070569],[-117.803621,49.070815],[-117.803245,49.070798]]]},"properties":{"GlobalID":"{2EFF6C7B-4AEF-4A15-99AD-F36331C20293}","Name":"017519560","PlanID":"{76FA8EA7-FE90-4753-88C6-9F584AE3F533}","PlanNumber":"NEP19558","PIN":null,"PID":17519560,"Designation1":"Lot A","Designation2":null,"Designation3":null,"ParcelStatus":"ACTIVE","RegionalDistrict":"0019","ParcelClass":"SUBDIVISION","SourceParcelID":"25905","GeometrySource":"ICF","IsRemainder":"NO","ParcelStartDate":null,"PositionalError":1.61194215,"LegalDescription":"LOT A TOWNSHIP 9A KOOTENAY DISTRICT PLAN NEP19558","CaptureMethod":"COGO IN SOURCE","OwnerType":"PRIVATE","Compiled":1,"CreatedDate":"2016-09-20T23:24:06.000Z","ModifiedDate":"2021-04-30T21:57:51.000Z","StatedArea":null,"ErrorReportedBy":"LSA","Municipality":"0121","OBJECTID":46089,"created_user":"SDE","created_date":"2024-11-12T16:15:31.000Z","last_edited_user":"SDE","last_edited_date":"2026-03-25T16:06:10.000Z","Shape__Area":755.923342545,"Shape__Length":109.97799014249819,"CommonName":null,"SourceGlobalID":"{D2278DF0-B971-4ABC-B417-0762FF3FC1E1}","Comments":null,"UpdateStatus":"AUTO","UpdateSource":"PMBC"}},{"type":"Feature","geometry":{"type":"Polygon","coordinates":[[[-117.804159,49.071577],[-117.804035,49.071571],[-117.804065,49.071298],[-117.804189,49.071304],[-117.804159,49.071577]]]},"properties":{"GlobalID":"{49D813FE-C37A-4716-B5F2-8A6146436ABD}","Name":"011460962","PlanID":"{9867DD5F-2121-4EBC-A87D-1A853DCE6047}","PlanNumber":"NEP579A","PIN":null,"PID":11460962,"Designation1":"Lot 23","Designation2":"Block 19","Designation3":null,"ParcelStatus":"ACTIVE","RegionalDistrict":"0019","ParcelClass":"SUBDIVISION","SourceParcelID":"26569","GeometrySource":"ICF","IsRemainder":"NO","ParcelStartDate":null,"PositionalError":2.81190273,"LegalDescription":"LOT 23 BLOCK 19 DISTRICT LOT 535 KOOTENAY DISTRICT PLAN 579A","CaptureMethod":"COGO IN SOURCE","OwnerType":"PRIVATE","Compiled":1,"CreatedDate":"2016-09-20T23:24:06.000Z","ModifiedDate":"2021-04-30T22:00:28.000Z","StatedArea":null,"ErrorReportedBy":"LSA","Municipality":"0121","OBJECTID":46090,"created_user":"SDE","created_date":"2024-11-12T16:15:31.000Z","last_edited_user":"SDE","last_edited_date":"2026-03-25T16:06:10.000Z","Shape__Area":277.81336227,"Shape__Length":79.12311998954117,"CommonName":null,"SourceGlobalID":"{05973B0A-14DF-4E22-A27E-3E964AD11AE7}","Comments":null,"UpdateStatus":"AUTO","UpdateSource":"PMBC"}},{"type":"Feature","geometry":{"type":"Polygon","coordinates":[[[-117.796984,49.07514],[-117.79686,49.075134],[-117.796736,49.075128],[-117.796767,49.074856],[-117.796893,49.074861],[-117.79702,49.074867],[-117.796984,49.07514]]]},"properties":{"GlobalID":"{35D041ED-C257-4A18-9EB8-582E564BDA7F}","Name":"028060954","PlanID":"{A0792FDB-3D54-492F-802F-2333A5D962E3}","PlanNumber":"NEP579","PIN":null,"PID":28060954,"Designation1":"Parcel B","Designation2":"Block 48","Designation3":null,"ParcelStatus":"ACTIVE","RegionalDistrict":"0019","ParcelClass":"SUBDIVISION","SourceParcelID":"28416","GeometrySource":"ICF","IsRemainder":"NO","ParcelStartDate":"2009-11-23T08:00:00.000Z","PositionalError":2.53724835,"LegalDescription":"PARCEL B (BEING A CONSOLIDATION OF LOTS 11 AND 12, SEE LB347364) BLOCK 48 DISTRICT LOT 535 KOOTENAY DISTRICT PLAN 579","CaptureMethod":"COGO IN SOURCE","OwnerType":"PRIVATE","Compiled":1,"CreatedDate":"2016-09-20T23:24:06.000Z","ModifiedDate":"2021-04-30T22:00:28.000Z","StatedArea":null,"ErrorReportedBy":"LSA","Municipality":"0121","OBJECTID":46091,"created_user":"SDE","created_date":"2024-11-12T16:15:31.000Z","last_edited_user":"SDE","last_edited_date":"2026-03-25T16:06:10.000Z","Shape__Area":557.416915715,"Shape__Length":97.49579505158795,"CommonName":null,"SourceGlobalID":"{6A1171C3-343E-4C7A-900D-9F7A108B9730}","Comments":null,"UpdateStatus":"AUTO","UpdateSource":"PMBC"}},{"type":"Feature","geometry":{"type":"Polygon","coordinates":[[[-117.802293,49.071209],[-117.802418,49.071215],[-117.802543,49.071221],[-117.802513,49.071494],[-117.802388,49.071488],[-117.802263,49.071482],[-117.802138,49.071476],[-117.802014,49.07147],[-117.801889,49.071464],[-117.801764,49.071458],[-117.801639,49.071452],[-117.801669,49.071179],[-117.801794,49.071185],[-117.801919,49.071191],[-117.802044,49.071197],[-117.802169,49.071203],[-117.802293,49.071209]]]},"properties":{"GlobalID":"{A415132C-17A5-4AC3-B54E-74943BC74D30}","Name":"011194685","PlanID":"{9867DD5F-2121-4EBC-A87D-1A853DCE6047}","PlanNumber":"NEP579A","PIN":null,"PID":11194685,"Designation1":"Parcel C","Designation2":"Block 36","Designation3":null,"ParcelStatus":"ACTIVE","RegionalDistrict":"0019","ParcelClass":"SUBDIVISION","SourceParcelID":"26498","GeometrySource":"ICF","IsRemainder":"NO","ParcelStartDate":null,"PositionalError":5.76162223,"LegalDescription":"PARCEL C (SEE V11628) BLOCK 36 DISTRICT LOT 535 KOOTENAY DISTRICT PLAN 579A","CaptureMethod":"COGO IN SOURCE","OwnerType":"PRIVATE","Compiled":1,"CreatedDate":"2016-09-20T23:24:06.000Z","ModifiedDate":"2021-04-30T21:57:51.000Z","StatedArea":null,"ErrorReportedBy":"LSA","Municipality":"0121","OBJECTID":46092,"created_user":"SDE","created_date":"2024-11-12T16:15:31.000Z","last_edited_user":"SDE","last_edited_date":"2026-03-25T16:06:10.000Z","Shape__Area":1948.39073013,"Shape__Length":188.85908061178617,"CommonName":null,"SourceGlobalID":"{D9CD37E1-8E0C-4B9D-9A35-4004BE2718F8}","Comments":null,"UpdateStatus":"AUTO","UpdateSource":"PMBC"}},{"type":"Feature","geometry":{"type":"Polygon","coordinates":[[[-117.803201,49.071208],[-117.803076,49.071202],[-117.803108,49.070928],[-117.803232,49.070935],[-117.803201,49.071208]]]},"properties":{"GlobalID":"{61FFEDCC-3047-4F0A-8AC6-A331E607E17C}","Name":"016273915","PlanID":"{9867DD5F-2121-4EBC-A87D-1A853DCE6047}","PlanNumber":"NEP579A","PIN":null,"PID":16273915,"Designation1":"Lot 10","Designation2":"Block 19","Designation3":null,"ParcelStatus":"ACTIVE","RegionalDistrict":"0019","ParcelClass":"SUBDIVISION","SourceParcelID":"26574","GeometrySource":"ICF","IsRemainder":"NO","ParcelStartDate":null,"PositionalError":3.08876022,"LegalDescription":"LOT 10 BLOCK 19 DISTRICT LOT 535 KOOTENAY DISTRICT PLAN 579A","CaptureMethod":"COGO IN SOURCE","OwnerType":"PRIVATE","Compiled":1,"CreatedDate":"2016-09-20T23:24:06.000Z","ModifiedDate":"2021-04-30T22:00:28.000Z","StatedArea":null,"ErrorReportedBy":"LSA","Municipality":"0121","OBJECTID":46093,"created_user":"SDE","created_date":"2024-11-12T16:15:31.000Z","last_edited_user":"SDE","last_edited_date":"2026-03-25T16:06:10.000Z","Shape__Area":278.08285908,"Shape__Length":79.12575607860393,"CommonName":null,"SourceGlobalID":"{A323528E-DBC2-492B-A02D-50FA3579F8B7}","Comments":null,"UpdateStatus":"AUTO","UpdateSource":"PMBC"}},{"type":"Feature","geometry":{"type":"Polygon","coordinates":[[[-117.798404,49.066982],[-117.798456,49.067007],[-117.798472,49.067015],[-117.798485,49.067021],[-117.798526,49.067022],[-117.798885,49.067027],[-117.798872,49.067144],[-117.79847,49.067138],[-117.798402,49.067137],[-117.798403,49.067038],[-117.798403,49.067002],[-117.798404,49.066982]]]},"properties":{"GlobalID":"{60B94FB1-1DE4-49CF-9580-5E9AFA66BFF2}","Name":"030062527","PlanID":"{0558DC61-F757-4E0E-B226-5F8A4EDA1937}","PlanNumber":"EPP68600","PIN":null,"PID":30062527,"Designation1":"Lot B","Designation2":null,"Designation3":null,"ParcelStatus":"ACTIVE","RegionalDistrict":"0019","ParcelClass":"SUBDIVISION","SourceParcelID":null,"GeometrySource":"SPDS","IsRemainder":null,"ParcelStartDate":"2017-02-02T08:00:00.000Z","PositionalError":0.0930202,"LegalDescription":"LOT B SECTION 26 TOWNSHIP 9A KOOTENAY DISTRICT PLAN EPP68600","CaptureMethod":"SPDS","OwnerType":"PRIVATE","Compiled":0,"CreatedDate":"2017-02-16T22:42:25.000Z","ModifiedDate":"2021-04-30T22:00:28.000Z","StatedArea":"465.2","ErrorReportedBy":"LSA","Municipality":"0121","OBJECTID":46094,"created_user":"SDE","created_date":"2024-11-12T16:15:31.000Z","last_edited_user":"SDE","last_edited_date":"2026-03-25T16:06:10.000Z","Shape__Area":464.78520608,"Shape__Length":101.21380881261359,"CommonName":null,"SourceGlobalID":"{4E2C7B56-F595-4A66-9D2E-C08255EE1F46}","Comments":null,"UpdateStatus":"AUTO","UpdateSource":"PMBC"}},{"type":"Feature","geometry":{"type":"Polygon","coordinates":[[[-117.792194,49.068732],[-117.792321,49.069082],[-117.792018,49.069121],[-117.791868,49.06914],[-117.791766,49.068799],[-117.7919,49.068769],[-117.791923,49.068764],[-117.792004,49.068749],[-117.792085,49.068739],[-117.792167,49.068733],[-117.792194,49.068732]]]},"properties":{"GlobalID":"{675F92E0-2390-4213-BA66-A527A5E4FF64}","Name":"030278597","PlanID":"{B8581AB3-DAA9-4EFE-B252-F9F970B62E51}","PlanNumber":"EPP73543","PIN":null,"PID":30278597,"Designation1":"Lot A","Designation2":null,"Designation3":null,"ParcelStatus":"ACTIVE","RegionalDistrict":"0019","ParcelClass":"SUBDIVISION","SourceParcelID":null,"GeometrySource":"SPDS","IsRemainder":null,"ParcelStartDate":"2017-10-13T07:00:00.000Z","PositionalError":0.09767121,"LegalDescription":"LOT A SECTION 26 TOWNSHIP 9A KOOTENAY DISTRICT PLAN EPP73543","CaptureMethod":"SPDS","OwnerType":"PRIVATE","Compiled":0,"CreatedDate":"2017-11-01T17:12:43.000Z","ModifiedDate":"2021-04-30T22:00:28.000Z","StatedArea":"1323","ErrorReportedBy":"LSA","Municipality":"0121","OBJECTID":46095,"created_user":"SDE","created_date":"2024-11-12T16:15:31.000Z","last_edited_user":"SDE","last_edited_date":"2026-03-25T16:06:10.000Z","Shape__Area":1320.90351397,"Shape__Length":144.69873827526084,"CommonName":null,"SourceGlobalID":"{0345913E-4C95-4217-B49F-A3FA8F23F671}","Comments":null,"UpdateStatus":"AUTO","UpdateSource":"PMBC"}},{"type":"Feature","geometry":{"type":"Polygon","coordinates":[[[-117.80371,49.070054],[-117.804532,49.070091],[-117.804523,49.070182],[-117.804385,49.070332],[-117.803681,49.0703],[-117.80371,49.070054]]]},"properties":{"GlobalID":"{476DD33E-9A37-4F1E-B1FC-AF12A165DB22}","Name":"013000055","PlanID":"{54432D8C-F73F-4F55-8F7C-201F498E44DA}","PlanNumber":"NEP9538","PIN":null,"PID":13000055,"Designation1":"Lot 5","Designation2":null,"Designation3":null,"ParcelStatus":"ACTIVE","RegionalDistrict":"0019","ParcelClass":"SUBDIVISION","SourceParcelID":"26586","GeometrySource":"ICF","IsRemainder":"NO","ParcelStartDate":null,"PositionalError":2.50518086,"LegalDescription":"LOT 5 TOWNSHIP 9A KOOTENAY DISTRICT PLAN 9538","CaptureMethod":"COGO IN SOURCE","OwnerType":"PRIVATE","Compiled":1,"CreatedDate":"2016-09-20T23:24:06.000Z","ModifiedDate":"2021-04-30T22:00:28.000Z","StatedArea":null,"ErrorReportedBy":"LSA","Municipality":"0121","OBJECTID":46096,"created_user":"SDE","created_date":"2024-11-12T16:15:31.000Z","last_edited_user":"SDE","last_edited_date":"2026-03-25T16:06:10.000Z","Shape__Area":1577.90394053,"Shape__Length":168.77947738901577,"CommonName":null,"SourceGlobalID":"{59E9C77F-C656-4814-9A3A-F445E1FD571B}","Comments":null,"UpdateStatus":"AUTO","UpdateSource":"PMBC"}},{"type":"Feature","geometry":{"type":"Polygon","coordinates":[[[-117.807409,49.073456],[-117.807677,49.073469],[-117.80765,49.073736],[-117.807382,49.073723],[-117.807409,49.073456]]]},"properties":{"GlobalID":"{2C0BA0A2-D7DA-41AC-9D01-A66C516DC137}","Name":"012899909","PlanID":"{1847D4AC-EC2D-461D-99AD-944B9AFC4D90}","PlanNumber":"NEP10946","PIN":null,"PID":12899909,"Designation1":"Lot 4","Designation2":null,"Designation3":null,"ParcelStatus":"ACTIVE","RegionalDistrict":"0019","ParcelClass":"SUBDIVISION","SourceParcelID":"26102","GeometrySource":"ICF","IsRemainder":"NO","ParcelStartDate":null,"PositionalError":2.15121452,"LegalDescription":"LOT 4 SECTION 34 TOWNSHIP 9A KOOTENAY DISTRICT PLAN 10946","CaptureMethod":"COGO IN SOURCE","OwnerType":"PRIVATE","Compiled":1,"CreatedDate":"2016-09-20T23:24:06.000Z","ModifiedDate":"2021-04-30T21:57:51.000Z","StatedArea":null,"ErrorReportedBy":"LSA","Municipality":"0121","OBJECTID":46097,"created_user":"SDE","created_date":"2024-11-12T16:15:31.000Z","last_edited_user":"SDE","last_edited_date":"2026-03-25T16:06:10.000Z","Shape__Area":582.908273835,"Shape__Length":98.6770544537298,"CommonName":null,"SourceGlobalID":"{F099621A-E435-4BA1-BBA5-A2CD230934F3}","Comments":null,"UpdateStatus":"AUTO","UpdateSource":"PMBC"}},{"type":"Feature","geometry":{"type":"Polygon","coordinates":[[[-117.805454,49.070329],[-117.805203,49.070318],[-117.805227,49.070098],[-117.805639,49.070117],[-117.805617,49.070337],[-117.805454,49.070329]]]},"properties":{"GlobalID":"{BC219ACD-4ABA-4418-892D-7E70F4F10308}","Name":"013090364","PlanID":"{C660EB5F-3C50-44FA-9FC1-29E6FF95C8C7}","PlanNumber":"NEP9416","PIN":null,"PID":13090364,"Designation1":"Lot 12","Designation2":null,"Designation3":null,"ParcelStatus":"ACTIVE","RegionalDistrict":"0019","ParcelClass":"SUBDIVISION","SourceParcelID":"26601","GeometrySource":"ICF","IsRemainder":"NO","ParcelStartDate":null,"PositionalError":2.52354011,"LegalDescription":"LOT 12 TOWNSHIP 9A KOOTENAY DISTRICT PLAN 9416","CaptureMethod":"COGO IN SOURCE","OwnerType":"PRIVATE","Compiled":1,"CreatedDate":"2016-09-20T23:24:06.000Z","ModifiedDate":"2021-04-30T21:57:51.000Z","StatedArea":null,"ErrorReportedBy":"LSA","Municipality":"0121","OBJECTID":46098,"created_user":"SDE","created_date":"2024-11-12T16:15:31.000Z","last_edited_user":"SDE","last_edited_date":"2026-03-25T16:06:10.000Z","Shape__Area":739.36857569,"Shape__Length":109.41974895573235,"CommonName":null,"SourceGlobalID":"{5CDF2531-0199-4D34-8D54-D6B615FA905B}","Comments":null,"UpdateStatus":"AUTO","UpdateSource":"PMBC"}},{"type":"Feature","geometry":{"type":"Polygon","coordinates":[[[-117.802562,49.076954],[-117.802592,49.076681],[-117.802717,49.076687],[-117.802687,49.07696],[-117.802562,49.076954]]]},"properties":{"GlobalID":"{964AEF67-0F19-436F-A360-F71F32DE7A36}","Name":"016679181","PlanID":"{A0792FDB-3D54-492F-802F-2333A5D962E3}","PlanNumber":"NEP579","PIN":null,"PID":16679181,"Designation1":"Lot 16","Designation2":"Block 26","Designation3":null,"ParcelStatus":"ACTIVE","RegionalDistrict":"0019","ParcelClass":"SUBDIVISION","SourceParcelID":"27042","GeometrySource":"ICF","IsRemainder":"NO","ParcelStartDate":null,"PositionalError":2.8713867,"LegalDescription":"LOT 16 BLOCK 26 DISTRICT LOT 535 KOOTENAY DISTRICT PLAN 579","CaptureMethod":"COGO IN SOURCE","OwnerType":"PRIVATE","Compiled":1,"CreatedDate":"2016-09-20T23:24:06.000Z","ModifiedDate":"2021-04-30T21:57:51.000Z","StatedArea":null,"ErrorReportedBy":"LSA","Municipality":"0121","OBJECTID":46099,"created_user":"SDE","created_date":"2024-11-12T16:15:31.000Z","last_edited_user":"SDE","last_edited_date":"2026-03-25T16:06:10.000Z","Shape__Area":278.279456205,"Shape__Length":79.13819926534357,"CommonName":null,"SourceGlobalID":"{BB6352A4-1DBD-457D-935A-43BF21252177}","Comments":null,"UpdateStatus":"AUTO","UpdateSource":"PMBC"}},{"type":"Feature","geometry":{"type":"Polygon","coordinates":[[[-117.791175,49.076149],[-117.791205,49.076151],[-117.791263,49.076153],[-117.791243,49.076343],[-117.791234,49.076426],[-117.791224,49.076425],[-117.791155,49.076422],[-117.791154,49.076378],[-117.791157,49.076302],[-117.791163,49.076225],[-117.791175,49.076149]]]},"properties":{"GlobalID":"{46DD9392-3D8F-4DB2-A34E-78594F8E3043}","Name":"011135263","PlanID":"{2090283B-700B-44A6-9097-3E094197E9AF}","PlanNumber":"NEP616C","PIN":null,"PID":11135263,"Designation1":"Parcel A","Designation2":"Lot 12","Designation3":"Block 52","ParcelStatus":"ACTIVE","RegionalDistrict":"0019","ParcelClass":"SUBDIVISION","SourceParcelID":"25860","GeometrySource":"ICF","IsRemainder":"NO","ParcelStartDate":null,"PositionalError":2.466576,"LegalDescription":"PARCEL A (SEE 15567I) LOT 12 BLOCK 52 SECTION 35 TOWNSHIP 9A KOOTENAY DISTRICT PLAN 616C","CaptureMethod":"COGO IN SOURCE","OwnerType":"PRIVATE","Compiled":1,"CreatedDate":"2016-09-20T23:24:06.000Z","ModifiedDate":"2026-01-05T18:53:56.000Z","StatedArea":null,"ErrorReportedBy":"LSA","Municipality":"0121","OBJECTID":46100,"created_user":"SDE","created_date":"2024-11-12T16:15:31.000Z","last_edited_user":"SDE","last_edited_date":"2026-03-25T16:06:10.000Z","Shape__Area":195.03712805,"Shape__Length":72.99031190254478,"CommonName":null,"SourceGlobalID":"{BE491EDF-1F74-43B5-827E-FB854C6D3D75}","Comments":null,"UpdateStatus":"AUTO","UpdateSource":"PMBC"}},{"type":"Feature","geometry":{"type":"Polygon","coordinates":[[[-117.810495,49.075513],[-117.811011,49.075538],[-117.81106,49.075824],[-117.810815,49.075831],[-117.810461,49.075814],[-117.810495,49.075513]]]},"properties":{"GlobalID":"{C58D70E3-6DD4-4802-BFC6-B6015139D0FD}","Name":"009736760","PlanID":"{696853AD-0E24-4C3F-9CC3-50FA2B9D42FF}","PlanNumber":"NEP14835","PIN":null,"PID":9736760,"Designation1":"Lot 34","Designation2":null,"Designation3":null,"ParcelStatus":"ACTIVE","RegionalDistrict":"0019","ParcelClass":"SUBDIVISION","SourceParcelID":"26349","GeometrySource":"ICF","IsRemainder":"NO","ParcelStartDate":null,"PositionalError":0.12704601,"LegalDescription":"LOT 34 SECTION 34 TOWNSHIP 9A KOOTENAY DISTRICT PLAN 14835","CaptureMethod":"COGO IN SOURCE","OwnerType":"PRIVATE","Compiled":1,"CreatedDate":"2016-09-20T23:24:06.000Z","ModifiedDate":"2021-04-30T21:57:51.000Z","StatedArea":null,"ErrorReportedBy":"LSA","Municipality":"0121","OBJECTID":46101,"created_user":"SDE","created_date":"2024-11-12T16:15:31.000Z","last_edited_user":"SDE","last_edited_date":"2026-03-25T16:06:10.000Z","Shape__Area":1355.40919354,"Shape__Length":147.19574906474122,"CommonName":null,"SourceGlobalID":"{81622B4D-8E68-4360-8178-12524EE04B63}","Comments":null,"UpdateStatus":"AUTO","UpdateSource":"PMBC"}},{"type":"Feature","geometry":{"type":"Polygon","coordinates":[[[-117.807228,49.072674],[-117.807213,49.07281],[-117.807088,49.072804],[-117.807102,49.072668],[-117.807228,49.072674]]]},"properties":{"GlobalID":"{46BB728D-14DA-468F-8F90-E51352F5D30A}","Name":"010529292","PlanID":"{9867DD5F-2121-4EBC-A87D-1A853DCE6047}","PlanNumber":"NEP579A","PIN":null,"PID":10529292,"Designation1":"Parcel A","Designation2":"Lot 3","Designation3":"Block 3","ParcelStatus":"ACTIVE","RegionalDistrict":"0019","ParcelClass":"SUBDIVISION","SourceParcelID":"26268","GeometrySource":"ICF","IsRemainder":"NO","ParcelStartDate":null,"PositionalError":2.9227926,"LegalDescription":"PARCEL A (SEE 42115I) OF LOT 3 BLOCK 3 DISTRICT LOT 535 KOOTENAY DISTRICT PLAN 579A","CaptureMethod":"COGO IN SOURCE","OwnerType":"PRIVATE","Compiled":1,"CreatedDate":"2016-09-20T23:24:06.000Z","ModifiedDate":"2021-04-30T21:57:51.000Z","StatedArea":null,"ErrorReportedBy":"LSA","Municipality":"0121","OBJECTID":46102,"created_user":"SDE","created_date":"2024-11-12T16:15:31.000Z","last_edited_user":"SDE","last_edited_date":"2026-03-25T16:06:10.000Z","Shape__Area":139.776164455,"Shape__Length":48.7760380975171,"CommonName":null,"SourceGlobalID":"{A76C6E94-EE7A-4DCC-B69E-8A267D2B0DF2}","Comments":null,"UpdateStatus":"AUTO","UpdateSource":"PMBC"}},{"type":"Feature","geometry":{"type":"Polygon","coordinates":[[[-117.803397,49.072811],[-117.803521,49.072816],[-117.803491,49.073089],[-117.803366,49.073083],[-117.803397,49.072811]]]},"properties":{"GlobalID":"{67C317B7-9013-4481-A89C-A50F8E548C68}","Name":"016272901","PlanID":"{9867DD5F-2121-4EBC-A87D-1A853DCE6047}","PlanNumber":"NEP579A","PIN":null,"PID":16272901,"Designation1":"Lot 19","Designation2":"Block 21","Designation3":null,"ParcelStatus":"ACTIVE","RegionalDistrict":"0019","ParcelClass":"SUBDIVISION","SourceParcelID":"25921","GeometrySource":"ICF","IsRemainder":"NO","ParcelStartDate":null,"PositionalError":3.05326567,"LegalDescription":"LOT 19 BLOCK 21 DISTRICT LOT 535 KOOTENAY DISTRICT PLAN 579A","CaptureMethod":"COGO IN SOURCE","OwnerType":"PRIVATE","Compiled":1,"CreatedDate":"2016-09-20T23:24:06.000Z","ModifiedDate":"2021-04-30T22:00:28.000Z","StatedArea":null,"ErrorReportedBy":"LSA","Municipality":"0121","OBJECTID":46103,"created_user":"SDE","created_date":"2024-11-12T16:15:31.000Z","last_edited_user":"SDE","last_edited_date":"2026-03-25T16:06:10.000Z","Shape__Area":277.74577832,"Shape__Length":79.09498369417149,"CommonName":null,"SourceGlobalID":"{A9C3339F-5DBC-4368-9457-686F63AFC3FE}","Comments":null,"UpdateStatus":"AUTO","UpdateSource":"PMBC"}},{"type":"Feature","geometry":{"type":"Polygon","coordinates":[[[-117.789869,49.07609],[-117.789994,49.076095],[-117.789961,49.076368],[-117.789836,49.076362],[-117.789869,49.07609]]]},"properties":{"GlobalID":"{9E04100E-A913-4386-A959-1163B067E720}","Name":"016194098","PlanID":"{2090283B-700B-44A6-9097-3E094197E9AF}","PlanNumber":"NEP616C","PIN":null,"PID":16194098,"Designation1":"Lot 14","Designation2":"Block 53","Designation3":null,"ParcelStatus":"ACTIVE","RegionalDistrict":"0019","ParcelClass":"SUBDIVISION","SourceParcelID":"27315","GeometrySource":"ICF","IsRemainder":"NO","ParcelStartDate":null,"PositionalError":2.7744086,"LegalDescription":"LOT 14 BLOCK 53 SECTION 35 TOWNSHIP 9A KOOTENAY DISTRICT PLAN 616C","CaptureMethod":"COGO IN SOURCE","OwnerType":"PRIVATE","Compiled":1,"CreatedDate":"2016-09-20T23:24:06.000Z","ModifiedDate":"2026-01-05T18:53:56.000Z","StatedArea":null,"ErrorReportedBy":"LSA","Municipality":"0121","OBJECTID":46104,"created_user":"SDE","created_date":"2024-11-12T16:15:31.000Z","last_edited_user":"SDE","last_edited_date":"2026-03-25T16:06:10.000Z","Shape__Area":277.444527145,"Shape__Length":79.03315111851884,"CommonName":null,"SourceGlobalID":"{8B2D25B8-CF30-441C-9D04-B86E3D7067E3}","Comments":null,"UpdateStatus":"AUTO","UpdateSource":"PMBC"}},{"type":"Feature","geometry":{"type":"Polygon","coordinates":[[[-117.793508,49.072732],[-117.793512,49.072728],[-117.793743,49.072536],[-117.793829,49.072581],[-117.793857,49.07278],[-117.793881,49.072821],[-117.793973,49.072973],[-117.793508,49.072732]]]},"properties":{"GlobalID":"{2E49A061-4E11-49E4-9612-1F7C1BBB32A3}","Name":"013710711","PlanID":"{06576297-2508-434E-9EE1-A083A33E86D8}","PlanNumber":"NEP2235","PIN":null,"PID":13710711,"Designation1":"Lot 1","Designation2":"Block 3","Designation3":null,"ParcelStatus":"ACTIVE","RegionalDistrict":"0019","ParcelClass":"SUBDIVISION","SourceParcelID":"28060","GeometrySource":"ICF","IsRemainder":"NO","ParcelStartDate":null,"PositionalError":3.4402373,"LegalDescription":"LOT 1 BLOCK 3 TOWNSHIP 9A KOOTENAY DISTRICT PLAN 2235","CaptureMethod":"COGO IN SOURCE","OwnerType":"PRIVATE","Compiled":1,"CreatedDate":"2016-09-20T23:24:06.000Z","ModifiedDate":"2026-01-05T18:53:56.000Z","StatedArea":null,"ErrorReportedBy":"LSA","Municipality":"0121","OBJECTID":46105,"created_user":"SDE","created_date":"2024-11-12T16:15:31.000Z","last_edited_user":"SDE","last_edited_date":"2026-03-25T16:06:10.000Z","Shape__Area":637.386766185,"Shape__Length":124.24274125864015,"CommonName":null,"SourceGlobalID":"{CEA17057-904D-40BB-94B0-FC51AD3304EC}","Comments":null,"UpdateStatus":"AUTO","UpdateSource":"PMBC"}},{"type":"Feature","geometry":{"type":"Polygon","coordinates":[[[-117.789043,49.073116],[-117.78903,49.073237],[-117.789022,49.073279],[-117.789009,49.07332],[-117.788991,49.073358],[-117.788599,49.073264],[-117.788606,49.07325],[-117.78861,49.073235],[-117.788613,49.07322],[-117.788627,49.073097],[-117.789043,49.073116]]]},"properties":{"GlobalID":"{0866FE82-ADF6-4E8C-B45E-39C4286DF88B}","Name":"014362686","PlanID":"{E5C6828A-3690-41EE-B85E-01D8BCA6477D}","PlanNumber":"NEP5480","PIN":null,"PID":14362686,"Designation1":"Lot 17","Designation2":null,"Designation3":null,"ParcelStatus":"ACTIVE","RegionalDistrict":"0019","ParcelClass":"SUBDIVISION","SourceParcelID":"27950","GeometrySource":"ICF","IsRemainder":"NO","ParcelStartDate":null,"PositionalError":3.07162492,"LegalDescription":"LOT 17 TOWNSHIP 9A KOOTENAY DISTRICT PLAN 5480","CaptureMethod":"COGO IN SOURCE","OwnerType":"PRIVATE","Compiled":1,"CreatedDate":"2016-09-20T23:24:06.000Z","ModifiedDate":"2021-04-30T22:00:28.000Z","StatedArea":null,"ErrorReportedBy":"LSA","Municipality":"0121","OBJECTID":46106,"created_user":"SDE","created_date":"2024-11-12T16:15:31.000Z","last_edited_user":"SDE","last_edited_date":"2026-03-25T16:06:10.000Z","Shape__Area":700.081870595,"Shape__Length":106.91243356592344,"CommonName":null,"SourceGlobalID":"{08F00BDB-072B-4592-8E13-B62C65E1B79C}","Comments":null,"UpdateStatus":"AUTO","UpdateSource":"PMBC"}},{"type":"Feature","geometry":{"type":"Polygon","coordinates":[[[-117.799495,49.072304],[-117.79962,49.07231],[-117.79959,49.072583],[-117.799465,49.072577],[-117.799495,49.072304]]]},"properties":{"GlobalID":"{941737DA-4A6E-4C96-8B8E-4F0C1737AA30}","Name":"011965649","PlanID":"{9867DD5F-2121-4EBC-A87D-1A853DCE6047}","PlanNumber":"NEP579A","PIN":null,"PID":11965649,"Designation1":"Lot 9","Designation2":"Block 55","Designation3":null,"ParcelStatus":"ACTIVE","RegionalDistrict":"0019","ParcelClass":"SUBDIVISION","SourceParcelID":"26471","GeometrySource":"ICF","IsRemainder":"NO","ParcelStartDate":null,"PositionalError":3.35411258,"LegalDescription":"LOT 9 BLOCK 55 DISTRICT LOT 535 KOOTENAY DISTRICT PLAN 579A","CaptureMethod":"COGO IN SOURCE","OwnerType":"PRIVATE","Compiled":1,"CreatedDate":"2016-09-20T23:24:06.000Z","ModifiedDate":"2021-04-30T21:57:51.000Z","StatedArea":null,"ErrorReportedBy":"LSA","Municipality":"0121","OBJECTID":46107,"created_user":"SDE","created_date":"2024-11-12T16:15:31.000Z","last_edited_user":"SDE","last_edited_date":"2026-03-25T16:06:10.000Z","Shape__Area":278.22124018,"Shape__Length":79.15120797413032,"CommonName":null,"SourceGlobalID":"{71633E1A-44BC-410B-AB41-0F800703455D}","Comments":null,"UpdateStatus":"AUTO","UpdateSource":"PMBC"}},{"type":"Feature","geometry":{"type":"Polygon","coordinates":[[[-117.798469,49.067249],[-117.798401,49.067216],[-117.798402,49.067137],[-117.79847,49.067138],[-117.798872,49.067144],[-117.79886,49.067261],[-117.798482,49.067255],[-117.798469,49.067249]]]},"properties":{"GlobalID":"{4282A3D1-9EA1-49A3-AC53-62C5230AE674}","Name":"030062519","PlanID":"{0558DC61-F757-4E0E-B226-5F8A4EDA1937}","PlanNumber":"EPP68600","PIN":null,"PID":30062519,"Designation1":"Lot A","Designation2":null,"Designation3":null,"ParcelStatus":"ACTIVE","RegionalDistrict":"0019","ParcelClass":"SUBDIVISION","SourceParcelID":null,"GeometrySource":"SPDS","IsRemainder":null,"ParcelStartDate":"2017-02-02T08:00:00.000Z","PositionalError":0.09106188,"LegalDescription":"LOT A SECTION 26 TOWNSHIP 9A KOOTENAY DISTRICT PLAN EPP68600","CaptureMethod":"SPDS","OwnerType":"PRIVATE","Compiled":0,"CreatedDate":"2017-02-16T22:42:25.000Z","ModifiedDate":"2021-04-30T22:00:28.000Z","StatedArea":"429.4","ErrorReportedBy":"LSA","Municipality":"0121","OBJECTID":46108,"created_user":"SDE","created_date":"2024-11-12T16:15:31.000Z","last_edited_user":"SDE","last_edited_date":"2026-03-25T16:06:10.000Z","Shape__Area":428.95617922,"Shape__Length":91.13331547977575,"CommonName":null,"SourceGlobalID":"{30C998B6-105A-45D0-83B3-7E4606FE6BA8}","Comments":null,"UpdateStatus":"AUTO","UpdateSource":"PMBC"}},{"type":"Feature","geometry":{"type":"Polygon","coordinates":[[[-117.793779,49.067721],[-117.794062,49.067728],[-117.794045,49.068036],[-117.793762,49.06803],[-117.793779,49.067721]]]},"properties":{"GlobalID":"{A23298B7-72A8-4F93-BB30-0931F220401F}","Name":"027003558","PlanID":"{2178B648-1974-4C4D-ADFD-7B6FAF6374F2}","PlanNumber":"NEP83293","PIN":null,"PID":27003558,"Designation1":"Lot 73","Designation2":null,"Designation3":null,"ParcelStatus":"ACTIVE","RegionalDistrict":"0019","ParcelClass":"SUBDIVISION","SourceParcelID":"28761","GeometrySource":"ICF","IsRemainder":"NO","ParcelStartDate":"2007-03-14T07:00:00.000Z","PositionalError":6.66147027,"LegalDescription":"LOT 73 SECTION 26 TOWNSHIP 9A KOOTENAY DISTRICT PLAN NEP83293","CaptureMethod":"COGO IN SOURCE","OwnerType":"PRIVATE","Compiled":1,"CreatedDate":"2016-09-20T23:24:06.000Z","ModifiedDate":"2021-04-30T21:57:51.000Z","StatedArea":null,"ErrorReportedBy":"LSA","Municipality":"0121","OBJECTID":46109,"created_user":"SDE","created_date":"2024-11-12T16:15:31.000Z","last_edited_user":"SDE","last_edited_date":"2026-03-25T16:06:10.000Z","Shape__Area":710.14982643,"Shape__Length":110.02926200698032,"CommonName":null,"SourceGlobalID":"{EC019458-E018-4EF4-81C2-BAB6844641CF}","Comments":null,"UpdateStatus":"AUTO","UpdateSource":"PMBC"}},{"type":"Feature","geometry":{"type":"Polygon","coordinates":[[[-117.790125,49.07501],[-117.790092,49.075283],[-117.789968,49.075277],[-117.790001,49.075005],[-117.790125,49.07501]]]},"properties":{"GlobalID":"{16A5B701-4B92-4D0B-9352-9848773E8D0F}","Name":"012155179","PlanID":"{2090283B-700B-44A6-9097-3E094197E9AF}","PlanNumber":"NEP616C","PIN":null,"PID":12155179,"Designation1":"Lot 7","Designation2":"Block 50","Designation3":null,"ParcelStatus":"ACTIVE","RegionalDistrict":"0019","ParcelClass":"SUBDIVISION","SourceParcelID":"27306","GeometrySource":"ICF","IsRemainder":"NO","ParcelStartDate":null,"PositionalError":3.27235272,"LegalDescription":"LOT 7 BLOCK 50 SECTION 35 TOWNSHIP 9A KOOTENAY DISTRICT PLAN 616C","CaptureMethod":"COGO IN SOURCE","OwnerType":"PRIVATE","Compiled":1,"CreatedDate":"2016-09-20T23:24:06.000Z","ModifiedDate":"2021-04-30T22:00:28.000Z","StatedArea":null,"ErrorReportedBy":"LSA","Municipality":"0121","OBJECTID":46110,"created_user":"SDE","created_date":"2024-11-12T16:15:31.000Z","last_edited_user":"SDE","last_edited_date":"2026-03-25T16:06:10.000Z","Shape__Area":277.08097413,"Shape__Length":79.01727705308468,"CommonName":null,"SourceGlobalID":"{BCF9E008-BA44-4EFB-A52B-C631CCEF549F}","Comments":null,"UpdateStatus":"AUTO","UpdateSource":"PMBC"}},{"type":"Feature","geometry":{"type":"Polygon","coordinates":[[[-117.790342,49.074247],[-117.790715,49.074264],[-117.790683,49.074537],[-117.790309,49.07452],[-117.790342,49.074247]]]},"properties":{"GlobalID":"{1678BC3E-ECBA-45C8-AC8C-908659E27E81}","Name":"017309832","PlanID":"{2090283B-700B-44A6-9097-3E094197E9AF}","PlanNumber":"NEP616C","PIN":null,"PID":17309832,"Designation1":"Parcel C","Designation2":"Block 49","Designation3":null,"ParcelStatus":"ACTIVE","RegionalDistrict":"0019","ParcelClass":"SUBDIVISION","SourceParcelID":"27335","GeometrySource":"ICF","IsRemainder":"NO","ParcelStartDate":null,"PositionalError":2.02367893,"LegalDescription":"PARCEL C (SEE XE8715) BLOCK 49 TOWNSHIP 9A KOOTENAY DISTRICT PLAN 616C","CaptureMethod":"COGO IN SOURCE","OwnerType":"PRIVATE","Compiled":1,"CreatedDate":"2016-09-20T23:24:06.000Z","ModifiedDate":"2021-04-30T22:00:28.000Z","StatedArea":null,"ErrorReportedBy":"LSA","Municipality":"0121","OBJECTID":46111,"created_user":"SDE","created_date":"2024-11-12T16:15:31.000Z","last_edited_user":"SDE","last_edited_date":"2026-03-25T16:06:10.000Z","Shape__Area":830.152973485,"Shape__Length":115.41481476457615,"CommonName":null,"SourceGlobalID":"{C8506ECD-D82E-402E-98E7-370888206C3F}","Comments":null,"UpdateStatus":"AUTO","UpdateSource":"PMBC"}},{"type":"Feature","geometry":{"type":"Polygon","coordinates":[[[-117.802648,49.072775],[-117.802773,49.072781],[-117.802743,49.073054],[-117.802618,49.073048],[-117.802648,49.072775]]]},"properties":{"GlobalID":"{07427147-DCDA-404C-974F-41C936111FDF}","Name":"014769115","PlanID":"{9867DD5F-2121-4EBC-A87D-1A853DCE6047}","PlanNumber":"NEP579A","PIN":null,"PID":14769115,"Designation1":"Lot 13","Designation2":"Block 21","Designation3":null,"ParcelStatus":"ACTIVE","RegionalDistrict":"0019","ParcelClass":"SUBDIVISION","SourceParcelID":"25927","GeometrySource":"ICF","IsRemainder":"NO","ParcelStartDate":null,"PositionalError":1.81266995,"LegalDescription":"LOT 13 BLOCK 21 DISTRICT LOT 535 KOOTENAY DISTRICT PLAN 579A","CaptureMethod":"COGO IN SOURCE","OwnerType":"PRIVATE","Compiled":1,"CreatedDate":"2016-09-20T23:24:06.000Z","ModifiedDate":"2021-04-30T22:00:28.000Z","StatedArea":null,"ErrorReportedBy":"LSA","Municipality":"0121","OBJECTID":46112,"created_user":"SDE","created_date":"2024-11-12T16:15:31.000Z","last_edited_user":"SDE","last_edited_date":"2026-03-25T16:06:10.000Z","Shape__Area":277.7200254,"Shape__Length":79.09191271334237,"CommonName":null,"SourceGlobalID":"{AFB116D8-8B6F-4F44-A924-DE8B9CE97268}","Comments":null,"UpdateStatus":"AUTO","UpdateSource":"PMBC"}},{"type":"Feature","geometry":{"type":"Polygon","coordinates":[[[-117.798305,49.073615],[-117.798181,49.073609],[-117.798211,49.073336],[-117.798336,49.073342],[-117.79846,49.073348],[-117.798585,49.073354],[-117.79871,49.07336],[-117.79868,49.073633],[-117.798555,49.073627],[-117.79843,49.073621],[-117.798305,49.073615]]]},"properties":{"GlobalID":"{5443C193-C116-4234-9110-16FEDB34A3F9}","Name":"011130521","PlanID":"{9867DD5F-2121-4EBC-A87D-1A853DCE6047}","PlanNumber":"NEP579A","PIN":null,"PID":11130521,"Designation1":"Parcel A","Designation2":"Block 53","Designation3":null,"ParcelStatus":"ACTIVE","RegionalDistrict":"0019","ParcelClass":"SUBDIVISION","SourceParcelID":"27914","GeometrySource":"ICF","IsRemainder":"NO","ParcelStartDate":null,"PositionalError":2.96734438,"LegalDescription":"PARCEL A (SEE V12282) BLOCK 53 DISTRICT LOT 535 KOOTENAY DISTRICT PLAN 579A","CaptureMethod":"COGO IN SOURCE","OwnerType":"PRIVATE","Compiled":1,"CreatedDate":"2016-09-20T23:24:06.000Z","ModifiedDate":"2021-04-30T21:57:51.000Z","StatedArea":null,"ErrorReportedBy":"LSA","Municipality":"0121","OBJECTID":46113,"created_user":"SDE","created_date":"2024-11-12T16:15:31.000Z","last_edited_user":"SDE","last_edited_date":"2026-03-25T16:06:10.000Z","Shape__Area":1111.994662635,"Shape__Length":133.94587976570773,"CommonName":null,"SourceGlobalID":"{17C0C6EB-99FD-4E92-BBFC-2A339CD90AC0}","Comments":null,"UpdateStatus":"AUTO","UpdateSource":"PMBC"}},{"type":"Feature","geometry":{"type":"Polygon","coordinates":[[[-117.791806,49.073342],[-117.791884,49.073363],[-117.791777,49.073602],[-117.791316,49.073613],[-117.791353,49.073277],[-117.791806,49.073342]]]},"properties":{"GlobalID":"{8C6CF416-8CC2-451A-A241-ADA5E864DFC9}","Name":"018645691","PlanID":"{4210C317-2A0C-4703-ACCC-84D5C59C7D33}","PlanNumber":"NEP21091","PIN":null,"PID":18645691,"Designation1":"Lot B","Designation2":null,"Designation3":null,"ParcelStatus":"ACTIVE","RegionalDistrict":"0019","ParcelClass":"SUBDIVISION","SourceParcelID":"27442","GeometrySource":"ICF","IsRemainder":"NO","ParcelStartDate":null,"PositionalError":2.28462507,"LegalDescription":"LOT B TOWNSHIP 9A KOOTENAY DISTRICT PLAN NEP21091","CaptureMethod":"COGO IN SOURCE","OwnerType":"PRIVATE","Compiled":1,"CreatedDate":"2016-09-20T23:24:06.000Z","ModifiedDate":"2021-04-30T22:00:28.000Z","StatedArea":null,"ErrorReportedBy":"LSA","Municipality":"0121","OBJECTID":46114,"created_user":"SDE","created_date":"2024-11-12T16:15:31.000Z","last_edited_user":"SDE","last_edited_date":"2026-03-25T16:06:10.000Z","Shape__Area":1198.351424855,"Shape__Length":138.97174726765448,"CommonName":null,"SourceGlobalID":"{C366A0FE-3E16-4219-94DE-3294D9793FEE}","Comments":null,"UpdateStatus":"AUTO","UpdateSource":"PMBC"}},{"type":"Feature","geometry":{"type":"Polygon","coordinates":[[[-117.804431,49.073315],[-117.80465,49.073326],[-117.804743,49.07333],[-117.804713,49.073603],[-117.804401,49.073588],[-117.804409,49.073519],[-117.804431,49.073315]]]},"properties":{"GlobalID":"{ADD113DA-FD92-426B-92AB-EFFC5DA9FAD3}","Name":"012904171","PlanID":"{034AA486-79FB-4C9A-9B2F-54B0AAA0AB82}","PlanNumber":"NEP11020","PIN":null,"PID":12904171,"Designation1":"Lot 1","Designation2":null,"Designation3":null,"ParcelStatus":"ACTIVE","RegionalDistrict":"0019","ParcelClass":"SUBDIVISION","SourceParcelID":"26540","GeometrySource":"ICF","IsRemainder":"NO","ParcelStartDate":null,"PositionalError":3.0222897,"LegalDescription":"LOT 1 DISTRICT LOT 535 KOOTENAY DISTRICT PLAN 11020","CaptureMethod":"COGO IN SOURCE","OwnerType":"PRIVATE","Compiled":1,"CreatedDate":"2016-09-20T23:24:06.000Z","ModifiedDate":"2024-11-07T18:27:26.000Z","StatedArea":null,"ErrorReportedBy":"LSA","Municipality":"0121","OBJECTID":46115,"created_user":"SDE","created_date":"2024-11-12T16:15:31.000Z","last_edited_user":"SDE","last_edited_date":"2026-03-25T16:06:10.000Z","Shape__Area":695.33166337,"Shape__Length":106.5627033901136,"CommonName":null,"SourceGlobalID":"{98F1CD7A-9D90-4581-9EF0-4028EF9A221E}","Comments":null,"UpdateStatus":"AUTO","UpdateSource":"PMBC"}},{"type":"Feature","geometry":{"type":"Polygon","coordinates":[[[-117.791719,49.0754],[-117.79169,49.075673],[-117.791565,49.075667],[-117.791594,49.075395],[-117.791719,49.0754]]]},"properties":{"GlobalID":"{60D38BA6-73C1-449C-8F26-D6B12BC987E7}","Name":"014229811","PlanID":"{2090283B-700B-44A6-9097-3E094197E9AF}","PlanNumber":"NEP616C","PIN":null,"PID":14229811,"Designation1":"Lot 15","Designation2":"Block 51","Designation3":null,"ParcelStatus":"ACTIVE","RegionalDistrict":"0019","ParcelClass":"SUBDIVISION","SourceParcelID":"28376","GeometrySource":"ICF","IsRemainder":"NO","ParcelStartDate":null,"PositionalError":2.27630221,"LegalDescription":"LOT 15 BLOCK 51 SECTION 35 TOWNSHIP 9A KOOTENAY DISTRICT PLAN 616C","CaptureMethod":"COGO IN SOURCE","OwnerType":"PRIVATE","Compiled":1,"CreatedDate":"2016-09-20T23:24:06.000Z","ModifiedDate":"2021-04-30T22:00:28.000Z","StatedArea":null,"ErrorReportedBy":"LSA","Municipality":"0121","OBJECTID":46116,"created_user":"SDE","created_date":"2024-11-12T16:15:31.000Z","last_edited_user":"SDE","last_edited_date":"2026-03-25T16:06:10.000Z","Shape__Area":277.854404965,"Shape__Length":79.03078133407212,"CommonName":null,"SourceGlobalID":"{49C487EA-F0D6-424C-AC06-F5F8F7FFEF76}","Comments":null,"UpdateStatus":"AUTO","UpdateSource":"PMBC"}},{"type":"Feature","geometry":{"type":"Polygon","coordinates":[[[-117.796178,49.074511],[-117.796304,49.074516],[-117.796274,49.074789],[-117.796148,49.074784],[-117.796178,49.074511]]]},"properties":{"GlobalID":"{52D0DFFA-BB1B-4B7F-9AFB-C4658BD40467}","Name":"016189973","PlanID":"{91AEFA83-2CCE-4F55-A181-D9A4CE11A2E0}","PlanNumber":"NEP616","PIN":null,"PID":16189973,"Designation1":"Lot 13","Designation2":"Block J","Designation3":null,"ParcelStatus":"ACTIVE","RegionalDistrict":"0019","ParcelClass":"SUBDIVISION","SourceParcelID":"28339","GeometrySource":"ICF","IsRemainder":"NO","ParcelStartDate":null,"PositionalError":3.03196894,"LegalDescription":"LOT 13 BLOCK J SECTION 35 TOWNSHIP 9A KOOTENAY DISTRICT PLAN 616","CaptureMethod":"COGO IN SOURCE","OwnerType":"PRIVATE","Compiled":1,"CreatedDate":"2016-09-20T23:24:06.000Z","ModifiedDate":"2021-04-30T22:00:28.000Z","StatedArea":null,"ErrorReportedBy":"LSA","Municipality":"0121","OBJECTID":46117,"created_user":"SDE","created_date":"2024-11-12T16:15:31.000Z","last_edited_user":"SDE","last_edited_date":"2026-03-25T16:06:10.000Z","Shape__Area":280.992115735,"Shape__Length":79.31367209672209,"CommonName":null,"SourceGlobalID":"{54C7EAD3-4BF2-4B2B-AF4E-90D77807874B}","Comments":null,"UpdateStatus":"AUTO","UpdateSource":"PMBC"}},{"type":"Feature","geometry":{"type":"Polygon","coordinates":[[[-117.803732,49.069849],[-117.803887,49.069856],[-117.804554,49.069886],[-117.804532,49.070091],[-117.80371,49.070054],[-117.803717,49.069986],[-117.803732,49.069849]]]},"properties":{"GlobalID":"{6D3C4505-D18A-4EFB-AB9F-E1A579305A8C}","Name":"010598863","PlanID":"{C660EB5F-3C50-44FA-9FC1-29E6FF95C8C7}","PlanNumber":"NEP9416","PIN":null,"PID":10598863,"Designation1":"Lot 20","Designation2":null,"Designation3":null,"ParcelStatus":"ACTIVE","RegionalDistrict":"0019","ParcelClass":"SUBDIVISION","SourceParcelID":"26587","GeometrySource":"ICF","IsRemainder":"NO","ParcelStartDate":null,"PositionalError":2.2987118,"LegalDescription":"LOT 20 TOWNSHIP 9A KOOTENAY DISTRICT PLAN 9416","CaptureMethod":"COGO IN SOURCE","OwnerType":"PRIVATE","Compiled":1,"CreatedDate":"2016-09-20T23:24:06.000Z","ModifiedDate":"2024-11-07T18:27:26.000Z","StatedArea":null,"ErrorReportedBy":"LSA","Municipality":"0121","OBJECTID":46118,"created_user":"SDE","created_date":"2024-11-12T16:15:31.000Z","last_edited_user":"SDE","last_edited_date":"2026-03-25T16:06:10.000Z","Shape__Area":1376.893662645,"Shape__Length":166.147690540942,"CommonName":null,"SourceGlobalID":"{5FE4B3C9-CD08-4999-AB98-CCD790207FDC}","Comments":null,"UpdateStatus":"AUTO","UpdateSource":"PMBC"}},{"type":"Feature","geometry":{"type":"Polygon","coordinates":[[[-117.793283,49.076243],[-117.793409,49.076249],[-117.793381,49.076522],[-117.793256,49.076516],[-117.793283,49.076243]]]},"properties":{"GlobalID":"{9B2FB3D6-2B3F-4ABA-A3BF-54297D31C4F8}","Name":"008272719","PlanID":"{91AEFA83-2CCE-4F55-A181-D9A4CE11A2E0}","PlanNumber":"NEP616","PIN":null,"PID":8272719,"Designation1":"Lot 17","Designation2":"Block 29","Designation3":null,"ParcelStatus":"ACTIVE","RegionalDistrict":"0019","ParcelClass":"SUBDIVISION","SourceParcelID":"28368","GeometrySource":"ICF","IsRemainder":"NO","ParcelStartDate":null,"PositionalError":3.6712341,"LegalDescription":"LOT 17 BLOCK 29 DISTRICT LOT 535 KOOTENAY DISTRICT PLAN 616","CaptureMethod":"COGO IN SOURCE","OwnerType":"PRIVATE","Compiled":1,"CreatedDate":"2016-09-20T23:24:06.000Z","ModifiedDate":"2026-01-05T18:53:56.000Z","StatedArea":null,"ErrorReportedBy":"LSA","Municipality":"0121","OBJECTID":46119,"created_user":"SDE","created_date":"2024-11-12T16:15:31.000Z","last_edited_user":"SDE","last_edited_date":"2026-03-25T16:06:10.000Z","Shape__Area":278.8317957,"Shape__Length":79.19652260804828,"CommonName":null,"SourceGlobalID":"{63B77677-630F-47FD-9B1C-DF5C0DC005CC}","Comments":null,"UpdateStatus":"AUTO","UpdateSource":"PMBC"}},{"type":"Feature","geometry":{"type":"Polygon","coordinates":[[[-117.805658,49.069122],[-117.805576,49.069118],[-117.805668,49.069071],[-117.805721,49.068852],[-117.806451,49.068886],[-117.806386,49.069156],[-117.805658,49.069122]]]},"properties":{"GlobalID":"{16FB6BD6-F1CC-4FBF-B3D3-EF1A26B412A9}","Name":"010546910","PlanID":"{2CAD8875-87C4-4751-86ED-94CFE09211E8}","PlanNumber":"NEP13777","PIN":null,"PID":10546910,"Designation1":"Lot 3","Designation2":null,"Designation3":null,"ParcelStatus":"ACTIVE","RegionalDistrict":"0019","ParcelClass":"SUBDIVISION","SourceParcelID":"25792","GeometrySource":"ICF","IsRemainder":"NO","ParcelStartDate":null,"PositionalError":1.49615648,"LegalDescription":"LOT 3 SECTION 27 TOWNSHIP 9A KOOTENAY DISTRICT PLAN 13777","CaptureMethod":"COGO IN SOURCE","OwnerType":"PRIVATE","Compiled":1,"CreatedDate":"2016-09-20T23:24:06.000Z","ModifiedDate":"2021-04-30T21:57:51.000Z","StatedArea":null,"ErrorReportedBy":"LSA","Municipality":"0121","OBJECTID":46120,"created_user":"SDE","created_date":"2024-11-12T16:15:31.000Z","last_edited_user":"SDE","last_edited_date":"2026-03-25T16:06:10.000Z","Shape__Area":1637.347029515,"Shape__Length":176.33221657374267,"CommonName":null,"SourceGlobalID":"{B3231DF6-976A-47F7-AD46-B9CCD9B773B8}","Comments":null,"UpdateStatus":"AUTO","UpdateSource":"PMBC"}},{"type":"Feature","geometry":{"type":"Polygon","coordinates":[[[-117.793433,49.075929],[-117.793557,49.075936],[-117.793529,49.076209],[-117.793405,49.076202],[-117.793433,49.075929]]]},"properties":{"GlobalID":"{25B98E8F-5DF8-4FE7-8CC5-9210776FF1A8}","Name":"014957710","PlanID":"{91AEFA83-2CCE-4F55-A181-D9A4CE11A2E0}","PlanNumber":"NEP616","PIN":null,"PID":14957710,"Designation1":"Lot 3","Designation2":"Block 29","Designation3":null,"ParcelStatus":"ACTIVE","RegionalDistrict":"0019","ParcelClass":"SUBDIVISION","SourceParcelID":"28365","GeometrySource":"ICF","IsRemainder":"NO","ParcelStartDate":null,"PositionalError":2.9784884,"LegalDescription":"LOT 3 BLOCK 29 SECTION 35 TOWNSHIP 9A KOOTENAY DISTRICT PLAN 616","CaptureMethod":"COGO IN SOURCE","OwnerType":"PRIVATE","Compiled":1,"CreatedDate":"2016-09-20T23:24:06.000Z","ModifiedDate":"2026-01-05T18:53:56.000Z","StatedArea":null,"ErrorReportedBy":"LSA","Municipality":"0121","OBJECTID":46121,"created_user":"SDE","created_date":"2024-11-12T16:15:31.000Z","last_edited_user":"SDE","last_edited_date":"2026-03-25T16:06:10.000Z","Shape__Area":275.97132692,"Shape__Length":78.98083461569884,"CommonName":null,"SourceGlobalID":"{9B2731E2-81A7-4EB0-AD20-0523F4BE1275}","Comments":null,"UpdateStatus":"AUTO","UpdateSource":"PMBC"}},{"type":"Feature","geometry":{"type":"Polygon","coordinates":[[[-117.805457,49.073682],[-117.805585,49.073688],[-117.805555,49.073961],[-117.805427,49.073955],[-117.805306,49.073949],[-117.80533,49.07373],[-117.80533,49.073724],[-117.80533,49.073723],[-117.805335,49.073676],[-117.805353,49.073677],[-117.805457,49.073682]]]},"properties":{"GlobalID":"{6BC453C5-10CF-4783-8D5A-A81AC3072A99}","Name":"028218884","PlanID":"{9867DD5F-2121-4EBC-A87D-1A853DCE6047}","PlanNumber":"NEP579A","PIN":null,"PID":28218884,"Designation1":"Parcel D","Designation2":"Block 15","Designation3":null,"ParcelStatus":"ACTIVE","RegionalDistrict":"0019","ParcelClass":"SUBDIVISION","SourceParcelID":"26159","GeometrySource":"ICF","IsRemainder":"NO","ParcelStartDate":"2010-05-26T07:00:00.000Z","PositionalError":0.7361,"LegalDescription":"PARCEL D (BEING A CONSOLIDATION OF LOTS 21 AND 22, SEE LB387706) BLOCK 15 DISTRICT LOT 535 KOOTENAY DISTRICT PLAN 579A","CaptureMethod":"COGO IN SOURCE","OwnerType":"PRIVATE","Compiled":1,"CreatedDate":"2016-09-20T23:24:06.000Z","ModifiedDate":"2025-09-08T16:27:35.000Z","StatedArea":null,"ErrorReportedBy":"PMBC-OPERATIONS","Municipality":"0121","OBJECTID":46122,"created_user":"SDE","created_date":"2024-11-12T16:15:31.000Z","last_edited_user":"SDE","last_edited_date":"2026-03-25T16:06:10.000Z","Shape__Area":556.15869095,"Shape__Length":97.41876138529842,"CommonName":null,"SourceGlobalID":"{62E5FE5D-BE46-44A7-AECF-FA33A3018077}","Comments":null,"UpdateStatus":"AUTO","UpdateSource":"PMBC"}},{"type":"Feature","geometry":{"type":"Polygon","coordinates":[[[-117.808185,49.073761],[-117.808213,49.073495],[-117.80848,49.073508],[-117.808465,49.073657],[-117.808878,49.073696],[-117.808865,49.073909],[-117.808494,49.073825],[-117.808468,49.073819],[-117.808449,49.073815],[-117.808453,49.073774],[-117.808185,49.073761]]]},"properties":{"GlobalID":"{36497510-0A07-4383-8DA9-00F725EA81D6}","Name":"018605893","PlanID":"{8347AE0A-C9E3-4C0E-A37B-F6A659039FCC}","PlanNumber":"NEP21026","PIN":null,"PID":18605893,"Designation1":"Lot A","Designation2":null,"Designation3":null,"ParcelStatus":"ACTIVE","RegionalDistrict":"0019","ParcelClass":"SUBDIVISION","SourceParcelID":"26101","GeometrySource":"ICF","IsRemainder":"NO","ParcelStartDate":null,"PositionalError":2.31620298,"LegalDescription":"LOT A SECTION 34 TOWNSHIP 9A KOOTENAY DISTRICT PLAN NEP21026","CaptureMethod":"COGO IN SOURCE","OwnerType":"PRIVATE","Compiled":1,"CreatedDate":"2016-09-20T23:24:06.000Z","ModifiedDate":"2021-04-30T21:57:51.000Z","StatedArea":null,"ErrorReportedBy":"LSA","Municipality":"0121","OBJECTID":46123,"created_user":"SDE","created_date":"2024-11-12T16:15:31.000Z","last_edited_user":"SDE","last_edited_date":"2026-03-25T16:06:10.000Z","Shape__Area":1213.56345611,"Shape__Length":176.27036458697194,"CommonName":null,"SourceGlobalID":"{B62A7107-3BE5-4E0E-AD88-36185EA5AD0D}","Comments":null,"UpdateStatus":"AUTO","UpdateSource":"PMBC"}},{"type":"Feature","geometry":{"type":"Polygon","coordinates":[[[-117.796391,49.074839],[-117.796361,49.075111],[-117.796236,49.075105],[-117.796266,49.074833],[-117.796391,49.074839]]]},"properties":{"GlobalID":"{196260FD-C64C-4DDA-93FC-76461D7D41A8}","Name":"013732196","PlanID":"{A0792FDB-3D54-492F-802F-2333A5D962E3}","PlanNumber":"NEP579","PIN":null,"PID":13732196,"Designation1":"Lot 7","Designation2":"Block 48","Designation3":null,"ParcelStatus":"ACTIVE","RegionalDistrict":"0019","ParcelClass":"SUBDIVISION","SourceParcelID":"28499","GeometrySource":"ICF","IsRemainder":"NO","ParcelStartDate":null,"PositionalError":3.13722864,"LegalDescription":"LOT 7 BLOCK 48 DISTRICT LOT 535 KOOTENAY DISTRICT PLAN 579","CaptureMethod":"COGO IN SOURCE","OwnerType":"PRIVATE","Compiled":1,"CreatedDate":"2016-09-20T23:24:06.000Z","ModifiedDate":"2021-04-30T22:00:28.000Z","StatedArea":null,"ErrorReportedBy":"LSA","Municipality":"0121","OBJECTID":46124,"created_user":"SDE","created_date":"2024-11-12T16:15:31.000Z","last_edited_user":"SDE","last_edited_date":"2026-03-25T16:06:10.000Z","Shape__Area":277.74207574,"Shape__Length":78.9577792284142,"CommonName":null,"SourceGlobalID":"{44FA9F55-38BA-40C5-A8B1-ED080AF50172}","Comments":null,"UpdateStatus":"AUTO","UpdateSource":"PMBC"}},{"type":"Feature","geometry":{"type":"Polygon","coordinates":[[[-117.805181,49.073943],[-117.805056,49.073937],[-117.805086,49.073664],[-117.805211,49.07367],[-117.805181,49.073943]]]},"properties":{"GlobalID":"{FB733ACA-8141-43B1-8FC9-ACCA10FB84FF}","Name":"010324470","PlanID":"{9867DD5F-2121-4EBC-A87D-1A853DCE6047}","PlanNumber":"NEP579A","PIN":null,"PID":10324470,"Designation1":"Lot 19","Designation2":"Block 15","Designation3":null,"ParcelStatus":"ACTIVE","RegionalDistrict":"0019","ParcelClass":"SUBDIVISION","SourceParcelID":"26156","GeometrySource":"ICF","IsRemainder":"NO","ParcelStartDate":null,"PositionalError":0.13879593,"LegalDescription":"LOT 19 BLOCK 15 DISTRICT LOT 535 KOOTENAY DISTRICT PLAN 579A","CaptureMethod":"COGO IN SOURCE","OwnerType":"PRIVATE","Compiled":1,"CreatedDate":"2016-09-20T23:24:06.000Z","ModifiedDate":"2025-09-08T16:27:35.000Z","StatedArea":null,"ErrorReportedBy":"LSA","Municipality":"0121","OBJECTID":46125,"created_user":"SDE","created_date":"2024-11-12T16:15:31.000Z","last_edited_user":"SDE","last_edited_date":"2026-03-25T16:06:10.000Z","Shape__Area":278.05226524,"Shape__Length":79.14060031699313,"CommonName":null,"SourceGlobalID":"{F1D9A645-3B22-42AE-A588-624548EB3465}","Comments":null,"UpdateStatus":"AUTO","UpdateSource":"PMBC"}},{"type":"Feature","geometry":{"type":"Polygon","coordinates":[[[-117.787479,49.073697],[-117.787758,49.073603],[-117.787948,49.073847],[-117.787669,49.073941],[-117.787479,49.073697]]]},"properties":{"GlobalID":"{A650252B-ABCB-4D81-BAFA-D4395392DB7B}","Name":"014389592","PlanID":"{E5C6828A-3690-41EE-B85E-01D8BCA6477D}","PlanNumber":"NEP5480","PIN":null,"PID":14389592,"Designation1":"Lot 21","Designation2":null,"Designation3":null,"ParcelStatus":"ACTIVE","RegionalDistrict":"0019","ParcelClass":"SUBDIVISION","SourceParcelID":"27959","GeometrySource":"ICF","IsRemainder":"NO","ParcelStartDate":null,"PositionalError":3.53819466,"LegalDescription":"LOT 21 TOWNSHIP 9A KOOTENAY DISTRICT PLAN 5480","CaptureMethod":"COGO IN SOURCE","OwnerType":"PRIVATE","Compiled":1,"CreatedDate":"2016-09-20T23:24:06.000Z","ModifiedDate":"2021-04-30T22:00:28.000Z","StatedArea":null,"ErrorReportedBy":"LSA","Municipality":"0121","OBJECTID":46126,"created_user":"SDE","created_date":"2024-11-12T16:15:31.000Z","last_edited_user":"SDE","last_edited_date":"2026-03-25T16:06:10.000Z","Shape__Area":696.22899486,"Shape__Length":106.63316350163133,"CommonName":null,"SourceGlobalID":"{F5860DD6-2D68-4180-8C6A-0312EDB93219}","Comments":null,"UpdateStatus":"AUTO","UpdateSource":"PMBC"}},{"type":"Feature","geometry":{"type":"Polygon","coordinates":[[[-117.810432,49.076071],[-117.810455,49.075869],[-117.811145,49.075902],[-117.810931,49.076095],[-117.810432,49.076071]]]},"properties":{"GlobalID":"{05E10716-089B-4C49-A310-13725F0B4EE0}","Name":"005976260","PlanID":"{696853AD-0E24-4C3F-9CC3-50FA2B9D42FF}","PlanNumber":"NEP14835","PIN":null,"PID":5976260,"Designation1":"Lot 32","Designation2":null,"Designation3":null,"ParcelStatus":"ACTIVE","RegionalDistrict":"0019","ParcelClass":"SUBDIVISION","SourceParcelID":"26352","GeometrySource":"ICF","IsRemainder":"NO","ParcelStartDate":null,"PositionalError":1.46041714,"LegalDescription":"LOT 32 SECTION 34 TOWNSHIP 9A DISTRICT LOT 1173 KOOTENAY DISTRICT PLAN 14835","CaptureMethod":"COGO IN SOURCE","OwnerType":"PRIVATE","Compiled":1,"CreatedDate":"2016-09-20T23:24:06.000Z","ModifiedDate":"2021-04-30T21:57:51.000Z","StatedArea":null,"ErrorReportedBy":"LSA","Municipality":"0121","OBJECTID":46127,"created_user":"SDE","created_date":"2024-11-12T16:15:31.000Z","last_edited_user":"SDE","last_edited_date":"2026-03-25T16:06:10.000Z","Shape__Area":982.777441115,"Shape__Length":136.2580379604829,"CommonName":null,"SourceGlobalID":"{C42B0EB3-1E72-4F82-858D-8A8A38CC6245}","Comments":null,"UpdateStatus":"AUTO","UpdateSource":"PMBC"}},{"type":"Feature","geometry":{"type":"Polygon","coordinates":[[[-117.797294,49.07593],[-117.797325,49.075658],[-117.797449,49.075664],[-117.797419,49.075936],[-117.797294,49.07593]]]},"properties":{"GlobalID":"{ED5287CA-D1F1-40D1-BBE8-4CAB1A012897}","Name":"016212932","PlanID":"{A0792FDB-3D54-492F-802F-2333A5D962E3}","PlanNumber":"NEP579","PIN":null,"PID":16212932,"Designation1":"Lot 12","Designation2":"Block 44","Designation3":null,"ParcelStatus":"ACTIVE","RegionalDistrict":"0019","ParcelClass":"SUBDIVISION","SourceParcelID":"28510","GeometrySource":"ICF","IsRemainder":"NO","ParcelStartDate":null,"PositionalError":2.29539583,"LegalDescription":"LOT 12 BLOCK 44 DISTRICT LOT 535 KOOTENAY DISTRICT PLAN 579","CaptureMethod":"COGO IN SOURCE","OwnerType":"PRIVATE","Compiled":1,"CreatedDate":"2016-09-20T23:24:06.000Z","ModifiedDate":"2021-04-30T22:00:28.000Z","StatedArea":null,"ErrorReportedBy":"LSA","Municipality":"0121","OBJECTID":46128,"created_user":"SDE","created_date":"2024-11-12T16:15:31.000Z","last_edited_user":"SDE","last_edited_date":"2026-03-25T16:06:10.000Z","Shape__Area":277.65423512,"Shape__Length":79.01446415586746,"CommonName":null,"SourceGlobalID":"{F02C5F11-B51C-4040-9287-22D5CFFF017B}","Comments":null,"UpdateStatus":"AUTO","UpdateSource":"PMBC"}},{"type":"Feature","geometry":{"type":"Polygon","coordinates":[[[-117.805143,49.074481],[-117.80539,49.074493],[-117.80536,49.074766],[-117.805113,49.074754],[-117.805143,49.074481]]]},"properties":{"GlobalID":"{2F31B4F6-278D-4AE0-BF12-12296E0043D4}","Name":"025764225","PlanID":"{440A2B36-150A-4AAF-95C2-EF3B770D5471}","PlanNumber":"NEP74040","PIN":null,"PID":25764225,"Designation1":"Lot B","Designation2":null,"Designation3":null,"ParcelStatus":"ACTIVE","RegionalDistrict":"0019","ParcelClass":"SUBDIVISION","SourceParcelID":"28923","GeometrySource":"ICF","IsRemainder":"NO","ParcelStartDate":"2003-10-16T07:00:00.000Z","PositionalError":2.61264367,"LegalDescription":"LOT B DISTRICT LOT 535 KOOTENAY DISTRICT PLAN NEP74040","CaptureMethod":"COGO IN SOURCE","OwnerType":"PRIVATE","Compiled":1,"CreatedDate":"2016-09-20T23:24:06.000Z","ModifiedDate":"2021-04-30T21:57:51.000Z","StatedArea":null,"ErrorReportedBy":"LSA","Municipality":"0121","OBJECTID":46129,"created_user":"SDE","created_date":"2024-11-12T16:15:31.000Z","last_edited_user":"SDE","last_edited_date":"2026-03-25T16:06:10.000Z","Shape__Area":550.82447219,"Shape__Length":97.07711690820868,"CommonName":null,"SourceGlobalID":"{4F6223FA-56CD-42AF-AEEB-48D7056AC19A}","Comments":null,"UpdateStatus":"AUTO","UpdateSource":"PMBC"}},{"type":"Feature","geometry":{"type":"Polygon","coordinates":[[[-117.794545,49.068203],[-117.794481,49.068247],[-117.794412,49.068286],[-117.794341,49.068318],[-117.794267,49.068345],[-117.794192,49.068366],[-117.794115,49.06838],[-117.794036,49.06809],[-117.794671,49.068104],[-117.794545,49.068203]]]},"properties":{"GlobalID":"{D2175EF1-397A-4EDB-8984-0E3FE61D4D59}","Name":"027003515","PlanID":"{2178B648-1974-4C4D-ADFD-7B6FAF6374F2}","PlanNumber":"NEP83293","PIN":null,"PID":27003515,"Designation1":"Lot 69","Designation2":null,"Designation3":null,"ParcelStatus":"ACTIVE","RegionalDistrict":"0019","ParcelClass":"SUBDIVISION","SourceParcelID":"28753","GeometrySource":"ICF","IsRemainder":"NO","ParcelStartDate":"2007-03-14T07:00:00.000Z","PositionalError":5.28281299,"LegalDescription":"LOT 69 SECTION 26 TOWNSHIP 9A KOOTENAY DISTRICT PLAN NEP83293","CaptureMethod":"COGO IN SOURCE","OwnerType":"PRIVATE","Compiled":1,"CreatedDate":"2016-09-20T23:24:06.000Z","ModifiedDate":"2021-04-30T21:57:51.000Z","StatedArea":null,"ErrorReportedBy":"LSA","Municipality":"0121","OBJECTID":46130,"created_user":"SDE","created_date":"2024-11-12T16:15:31.000Z","last_edited_user":"SDE","last_edited_date":"2026-03-25T16:06:10.000Z","Shape__Area":898.32839614,"Shape__Length":131.16901262946067,"CommonName":null,"SourceGlobalID":"{47CE2EFA-B09D-411D-B843-0CDAE9F9B854}","Comments":null,"UpdateStatus":"AUTO","UpdateSource":"PMBC"}},{"type":"Feature","geometry":{"type":"Polygon","coordinates":[[[-117.802687,49.07696],[-117.802717,49.076687],[-117.802841,49.076693],[-117.802811,49.076966],[-117.802687,49.07696]]]},"properties":{"GlobalID":"{6ADD3D46-39DE-464F-8C90-E6409DA7C618}","Name":"016679202","PlanID":"{A0792FDB-3D54-492F-802F-2333A5D962E3}","PlanNumber":"NEP579","PIN":null,"PID":16679202,"Designation1":"Lot 17","Designation2":"Block 26","Designation3":null,"ParcelStatus":"ACTIVE","RegionalDistrict":"0019","ParcelClass":"SUBDIVISION","SourceParcelID":"27043","GeometrySource":"ICF","IsRemainder":"NO","ParcelStartDate":null,"PositionalError":2.99402649,"LegalDescription":"LOT 17 BLOCK 26 DISTRICT LOT 535 KOOTENAY DISTRICT PLAN 579","CaptureMethod":"COGO IN SOURCE","OwnerType":"PRIVATE","Compiled":1,"CreatedDate":"2016-09-20T23:24:06.000Z","ModifiedDate":"2021-04-30T22:00:28.000Z","StatedArea":null,"ErrorReportedBy":"LSA","Municipality":"0121","OBJECTID":46131,"created_user":"SDE","created_date":"2024-11-12T16:15:31.000Z","last_edited_user":"SDE","last_edited_date":"2026-03-25T16:06:10.000Z","Shape__Area":278.268864405,"Shape__Length":79.13848933508613,"CommonName":null,"SourceGlobalID":"{8CEDD80B-32AA-4B22-8764-C6D137D6E6FD}","Comments":null,"UpdateStatus":"AUTO","UpdateSource":"PMBC"}},{"type":"Feature","geometry":{"type":"Polygon","coordinates":[[[-117.798401,49.067216],[-117.798469,49.067249],[-117.798482,49.067255],[-117.79886,49.067261],[-117.798848,49.067371],[-117.798464,49.067366],[-117.798397,49.067333],[-117.7984,49.067254],[-117.798401,49.067216]]]},"properties":{"GlobalID":"{B1DBDE78-6C3E-4186-89F0-3644B785FFCA}","Name":"028840976","PlanID":"{A0DBD07E-C446-4DEB-9C13-1E0E15FD045F}","PlanNumber":"EPP16594","PIN":null,"PID":28840976,"Designation1":"Lot 1","Designation2":null,"Designation3":null,"ParcelStatus":"ACTIVE","RegionalDistrict":"0019","ParcelClass":"SUBDIVISION","SourceParcelID":"30125","GeometrySource":"ICF","IsRemainder":"NO","ParcelStartDate":"2012-05-30T07:00:00.000Z","PositionalError":1.29959011,"LegalDescription":"LOT 1 SECTION 26 TOWNSHIP 9A KOOTENAY DISTRICT PLAN EPP16594","CaptureMethod":"COGO IN SOURCE","OwnerType":"PRIVATE","Compiled":1,"CreatedDate":"2016-09-20T23:24:06.000Z","ModifiedDate":"2021-04-30T21:57:51.000Z","StatedArea":null,"ErrorReportedBy":"LSA","Municipality":"0121","OBJECTID":46132,"created_user":"SDE","created_date":"2024-11-12T16:15:31.000Z","last_edited_user":"SDE","last_edited_date":"2026-03-25T16:06:10.000Z","Shape__Area":413.595713525,"Shape__Length":94.46209432936804,"CommonName":null,"SourceGlobalID":"{D762567A-9C30-4C0C-BB2D-D983751D71B1}","Comments":null,"UpdateStatus":"AUTO","UpdateSource":"PMBC"}},{"type":"Feature","geometry":{"type":"Polygon","coordinates":[[[-117.79763,49.075171],[-117.797505,49.075165],[-117.797535,49.074891],[-117.79766,49.074897],[-117.79763,49.075171]]]},"properties":{"GlobalID":"{E27F924F-4492-45FF-BF45-8CBB12A719A5}","Name":"016268563","PlanID":"{A0792FDB-3D54-492F-802F-2333A5D962E3}","PlanNumber":"NEP579","PIN":null,"PID":16268563,"Designation1":"Lot 13","Designation2":"Block 45","Designation3":null,"ParcelStatus":"ACTIVE","RegionalDistrict":"0019","ParcelClass":"SUBDIVISION","SourceParcelID":"28470","GeometrySource":"ICF","IsRemainder":"NO","ParcelStartDate":null,"PositionalError":2.49000388,"LegalDescription":"LOT 13 BLOCK 45 DISTRICT LOT 535 KOOTENAY DISTRICT PLAN 579","CaptureMethod":"COGO IN SOURCE","OwnerType":"PRIVATE","Compiled":1,"CreatedDate":"2016-09-20T23:24:06.000Z","ModifiedDate":"2021-04-30T21:57:51.000Z","StatedArea":null,"ErrorReportedBy":"LSA","Municipality":"0121","OBJECTID":46133,"created_user":"SDE","created_date":"2024-11-12T16:15:31.000Z","last_edited_user":"SDE","last_edited_date":"2026-03-25T16:06:10.000Z","Shape__Area":278.39760161,"Shape__Length":79.23353268754195,"CommonName":null,"SourceGlobalID":"{BA7F89A1-7693-4D78-AAA6-C0DE20802719}","Comments":null,"UpdateStatus":"AUTO","UpdateSource":"PMBC"}},{"type":"Feature","geometry":{"type":"Polygon","coordinates":[[[-117.789555,49.075576],[-117.789588,49.075304],[-117.789856,49.075316],[-117.789816,49.075435],[-117.789801,49.075511],[-117.789805,49.075588],[-117.789555,49.075576]]]},"properties":{"GlobalID":"{32A8C1C7-E4E4-4167-A526-497EBC24CC27}","Name":"027898181","PlanID":"{406C58D4-C28B-4452-8FE7-0AA83830F386}","PlanNumber":"NEP88968","PIN":null,"PID":27898181,"Designation1":"Lot B","Designation2":null,"Designation3":null,"ParcelStatus":"ACTIVE","RegionalDistrict":"0019","ParcelClass":"SUBDIVISION","SourceParcelID":"28970","GeometrySource":"ICF","IsRemainder":"NO","ParcelStartDate":"2009-04-30T07:00:00.000Z","PositionalError":3.1969574,"LegalDescription":"LOT B SECTION 35 TOWNSHIP 9A KOOTENAY DISTRICT PLAN NEP88968","CaptureMethod":"COGO IN SOURCE","OwnerType":"PRIVATE","Compiled":1,"CreatedDate":"2016-09-20T23:24:06.000Z","ModifiedDate":"2021-04-30T22:00:29.000Z","StatedArea":null,"ErrorReportedBy":"LSA","Municipality":"0121","OBJECTID":46134,"created_user":"SDE","created_date":"2024-11-12T16:15:31.000Z","last_edited_user":"SDE","last_edited_date":"2026-03-25T16:06:10.000Z","Shape__Area":550.312695085,"Shape__Length":98.85569650299738,"CommonName":null,"SourceGlobalID":"{3202F545-7335-42AF-816D-B8BC2DF02EA3}","Comments":null,"UpdateStatus":"AUTO","UpdateSource":"PMBC"}},{"type":"Feature","geometry":{"type":"Polygon","coordinates":[[[-117.792191,49.053201],[-117.79779,49.053197],[-117.797258,49.053641],[-117.797242,49.054155],[-117.797687,49.054772],[-117.797716,49.055081],[-117.796916,49.055082],[-117.79676,49.055082],[-117.792186,49.055094],[-117.792191,49.053201]]]},"properties":{"GlobalID":"{15A376D5-DE57-43D3-9EDA-CF8CE9C56BAC}","Name":"005977576","PlanID":"{BE321D4B-C795-4506-9DCE-11EDB665EF4F}","PlanNumber":"NEP17164","PIN":null,"PID":5977576,"Designation1":"Lot A","Designation2":null,"Designation3":null,"ParcelStatus":"ACTIVE","RegionalDistrict":"0019","ParcelClass":"SUBDIVISION","SourceParcelID":null,"GeometrySource":"ICF","IsRemainder":"NO","ParcelStartDate":null,"PositionalError":8.5591166,"LegalDescription":"LOT A SECTION 23 TOWNSHIP 9A KOOTENAY DISTRICT PLAN 17164","CaptureMethod":"UNKNOWN","OwnerType":"PRIVATE","Compiled":1,"CreatedDate":"2016-09-20T23:24:06.000Z","ModifiedDate":"2025-01-28T17:57:11.000Z","StatedArea":null,"ErrorReportedBy":"LSA","Municipality":"0163","OBJECTID":46135,"created_user":"SDE","created_date":"2024-11-12T16:15:31.000Z","last_edited_user":"SDE","last_edited_date":"2026-03-25T16:06:10.000Z","Shape__Area":80814.778822825,"Shape__Length":1253.9199428351615,"CommonName":null,"SourceGlobalID":"{920666B9-6931-4CE4-ACE4-4EA8D3058B50}","Comments":null,"UpdateStatus":"AUTO","UpdateSource":"PMBC"}},{"type":"Feature","geometry":{"type":"Polygon","coordinates":[[[-117.80411,49.072027],[-117.803985,49.072021],[-117.804015,49.071748],[-117.80414,49.071754],[-117.80411,49.072027]]]},"properties":{"GlobalID":"{8D0418DF-EA96-4CEE-854C-17F96007FB8A}","Name":"008419108","PlanID":"{9867DD5F-2121-4EBC-A87D-1A853DCE6047}","PlanNumber":"NEP579A","PIN":null,"PID":8419108,"Designation1":"Lot 2","Designation2":"Block 20","Designation3":null,"ParcelStatus":"ACTIVE","RegionalDistrict":"0019","ParcelClass":"SUBDIVISION","SourceParcelID":"26554","GeometrySource":"ICF","IsRemainder":"NO","ParcelStartDate":null,"PositionalError":3.33036795,"LegalDescription":"LOT 2 BLOCK 20 DISTRICT LOT 535 KOOTENAY DISTRICT PLAN 579A","CaptureMethod":"COGO IN SOURCE","OwnerType":"PRIVATE","Compiled":1,"CreatedDate":"2016-09-20T23:24:06.000Z","ModifiedDate":"2021-04-30T21:57:51.000Z","StatedArea":null,"ErrorReportedBy":"LSA","Municipality":"0121","OBJECTID":46136,"created_user":"SDE","created_date":"2024-11-12T16:15:31.000Z","last_edited_user":"SDE","last_edited_date":"2026-03-25T16:06:10.000Z","Shape__Area":278.56960075,"Shape__Length":79.24145129965191,"CommonName":null,"SourceGlobalID":"{B32FFE16-5307-4745-B344-B889344DC52A}","Comments":null,"UpdateStatus":"AUTO","UpdateSource":"PMBC"}},{"type":"Feature","geometry":{"type":"Polygon","coordinates":[[[-117.79025,49.075016],[-117.790217,49.075289],[-117.790092,49.075283],[-117.790125,49.07501],[-117.79025,49.075016]]]},"properties":{"GlobalID":"{25BCD433-32D3-4F68-B83C-50C4B60E4B79}","Name":"012155004","PlanID":"{2090283B-700B-44A6-9097-3E094197E9AF}","PlanNumber":"NEP616C","PIN":null,"PID":12155004,"Designation1":"Lot 6","Designation2":"Block 50","Designation3":null,"ParcelStatus":"ACTIVE","RegionalDistrict":"0019","ParcelClass":"SUBDIVISION","SourceParcelID":"27303","GeometrySource":"ICF","IsRemainder":"NO","ParcelStartDate":null,"PositionalError":3.27235272,"LegalDescription":"LOT 6 BLOCK 50 SECTION 34 TOWNSHIP 9A KOOTENAY DISTRICT PLAN 616C","CaptureMethod":"COGO IN SOURCE","OwnerType":"PRIVATE","Compiled":1,"CreatedDate":"2016-09-20T23:24:06.000Z","ModifiedDate":"2021-04-30T22:00:28.000Z","StatedArea":null,"ErrorReportedBy":"LSA","Municipality":"0121","OBJECTID":46137,"created_user":"SDE","created_date":"2024-11-12T16:15:31.000Z","last_edited_user":"SDE","last_edited_date":"2026-03-25T16:06:10.000Z","Shape__Area":277.0468249,"Shape__Length":79.01158240739922,"CommonName":null,"SourceGlobalID":"{7CE7B993-E7A7-40A5-9CB0-3200C034357B}","Comments":null,"UpdateStatus":"AUTO","UpdateSource":"PMBC"}},{"type":"Feature","geometry":{"type":"Polygon","coordinates":[[[-117.80691,49.073251],[-117.806943,49.072979],[-117.807068,49.072984],[-117.807035,49.073257],[-117.80691,49.073251]]]},"properties":{"GlobalID":"{EC7E8BDA-6D10-4B26-9AA2-EC9EA36EFA9D}","Name":"005270154","PlanID":"{9867DD5F-2121-4EBC-A87D-1A853DCE6047}","PlanNumber":"NEP579A","PIN":null,"PID":5270154,"Designation1":"Lot 17","Designation2":"Block 3","Designation3":null,"ParcelStatus":"ACTIVE","RegionalDistrict":"0019","ParcelClass":"SUBDIVISION","SourceParcelID":"26277","GeometrySource":"ICF","IsRemainder":"NO","ParcelStartDate":null,"PositionalError":3.36757603,"LegalDescription":"LOT 17 BLOCK 3 DISTRICT LOT 535 KOOTENAY DISTRICT PLAN 579A","CaptureMethod":"COGO IN SOURCE","OwnerType":"PRIVATE","Compiled":1,"CreatedDate":"2016-09-20T23:24:06.000Z","ModifiedDate":"2021-04-30T22:00:28.000Z","StatedArea":null,"ErrorReportedBy":"LSA","Municipality":"0121","OBJECTID":46138,"created_user":"SDE","created_date":"2024-11-12T16:15:31.000Z","last_edited_user":"SDE","last_edited_date":"2026-03-25T16:06:10.000Z","Shape__Area":278.75876204,"Shape__Length":79.12934567916668,"CommonName":null,"SourceGlobalID":"{A9348929-8524-4B05-BCE5-5336116D4C07}","Comments":null,"UpdateStatus":"AUTO","UpdateSource":"PMBC"}},{"type":"Feature","geometry":{"type":"Polygon","coordinates":[[[-117.788723,49.072557],[-117.78875,49.0725],[-117.788781,49.072446],[-117.788815,49.072393],[-117.788853,49.072343],[-117.789222,49.07247],[-117.789185,49.072521],[-117.789152,49.072575],[-117.789124,49.072632],[-117.788723,49.072557]]]},"properties":{"GlobalID":"{E8CD3409-B67D-48EB-A788-9A9B9A56CFB7}","Name":"014842165","PlanID":"{5A4A8C81-7EB0-44D9-BD3A-C8CB10D36BE5}","PlanNumber":"NEP2314","PIN":null,"PID":14842165,"Designation1":"Lot 6","Designation2":"Block 6","Designation3":null,"ParcelStatus":"ACTIVE","RegionalDistrict":"0019","ParcelClass":"SUBDIVISION","SourceParcelID":"27994","GeometrySource":"ICF","IsRemainder":"NO","ParcelStartDate":null,"PositionalError":3.49755952,"LegalDescription":"LOT 6 BLOCK 6 TOWNSHIP 9A KOOTENAY DISTRICT PLAN 2314","CaptureMethod":"COGO IN SOURCE","OwnerType":"PRIVATE","Compiled":1,"CreatedDate":"2016-09-20T23:24:06.000Z","ModifiedDate":"2021-04-30T22:00:28.000Z","StatedArea":null,"ErrorReportedBy":"LSA","Municipality":"0121","OBJECTID":46139,"created_user":"SDE","created_date":"2024-11-12T16:15:31.000Z","last_edited_user":"SDE","last_edited_date":"2026-03-25T16:06:10.000Z","Shape__Area":685.36278149,"Shape__Length":105.95787643212918,"CommonName":null,"SourceGlobalID":"{D4B52D3B-B138-4252-87A6-A7D4C7050C8B}","Comments":null,"UpdateStatus":"AUTO","UpdateSource":"PMBC"}},{"type":"Feature","geometry":{"type":"Polygon","coordinates":[[[-117.786654,49.074965],[-117.787177,49.074992],[-117.78716,49.075129],[-117.786637,49.075102],[-117.786654,49.074965]]]},"properties":{"GlobalID":"{38028C32-AFC2-4B48-9AF1-2F21A8331955}","Name":"028512545","PlanID":"{8923B379-5EC6-4D33-92FF-86833EEB6188}","PlanNumber":"EPP10101","PIN":null,"PID":28512545,"Designation1":"Lot 4","Designation2":null,"Designation3":null,"ParcelStatus":"ACTIVE","RegionalDistrict":"0019","ParcelClass":"SUBDIVISION","SourceParcelID":"4750017","GeometrySource":"ICF","IsRemainder":"NO","ParcelStartDate":"2011-03-07T08:00:00.000Z","PositionalError":3.2200073,"LegalDescription":"LOT 4 TOWNSHIP 9A KOOTENAY DISTRICT PLAN EPP10101","CaptureMethod":"COGO IN SOURCE","OwnerType":"PRIVATE","Compiled":1,"CreatedDate":"2016-09-20T23:24:06.000Z","ModifiedDate":"2026-01-05T18:53:56.000Z","StatedArea":null,"ErrorReportedBy":"LSA","Municipality":"0121","OBJECTID":46140,"created_user":"SDE","created_date":"2024-11-12T16:15:31.000Z","last_edited_user":"SDE","last_edited_date":"2026-03-25T16:06:10.000Z","Shape__Area":586.10258039,"Shape__Length":107.24517329060852,"CommonName":null,"SourceGlobalID":"{952BDF24-F60F-4AA7-BE39-9AC20CF00BC7}","Comments":null,"UpdateStatus":"AUTO","UpdateSource":"PMBC"}},{"type":"Feature","geometry":{"type":"Polygon","coordinates":[[[-117.789843,49.075271],[-117.789719,49.075266],[-117.789752,49.074993],[-117.789876,49.074999],[-117.789843,49.075271]]]},"properties":{"GlobalID":"{546E4711-6A4E-4E07-B4C6-56F885414F47}","Name":"010183175","PlanID":"{2090283B-700B-44A6-9097-3E094197E9AF}","PlanNumber":"NEP616C","PIN":null,"PID":10183175,"Designation1":"Lot 9","Designation2":"Block 50","Designation3":null,"ParcelStatus":"ACTIVE","RegionalDistrict":"0019","ParcelClass":"SUBDIVISION","SourceParcelID":"27304","GeometrySource":"ICF","IsRemainder":"NO","ParcelStartDate":null,"PositionalError":3.05620315,"LegalDescription":"LOT 9 BLOCK 50 SECTION 35 TOWNSHIP 9A KOOTENAY DISTRICT PLAN 616C","CaptureMethod":"COGO IN SOURCE","OwnerType":"PRIVATE","Compiled":1,"CreatedDate":"2016-09-20T23:24:06.000Z","ModifiedDate":"2021-04-30T22:00:28.000Z","StatedArea":null,"ErrorReportedBy":"LSA","Municipality":"0121","OBJECTID":46141,"created_user":"SDE","created_date":"2024-11-12T16:15:31.000Z","last_edited_user":"SDE","last_edited_date":"2026-03-25T16:06:10.000Z","Shape__Area":277.100596475,"Shape__Length":79.02123930128087,"CommonName":null,"SourceGlobalID":"{E2F66288-4EEE-44D6-871B-BE6CF0E57A79}","Comments":null,"UpdateStatus":"AUTO","UpdateSource":"PMBC"}},{"type":"Feature","geometry":{"type":"Polygon","coordinates":[[[-117.797907,49.073815],[-117.798031,49.073821],[-117.798028,49.073849],[-117.798027,49.073865],[-117.798001,49.074095],[-117.797876,49.074089],[-117.797905,49.073834],[-117.797905,49.073834],[-117.797906,49.07382],[-117.797907,49.073815]]]},"properties":{"GlobalID":"{750C0DB1-DA17-45BA-A975-051D9F78933B}","Name":"016268652","PlanID":"{A0792FDB-3D54-492F-802F-2333A5D962E3}","PlanNumber":"NEP579","PIN":null,"PID":16268652,"Designation1":"Lot 6","Designation2":"Block 46","Designation3":null,"ParcelStatus":"ACTIVE","RegionalDistrict":"0019","ParcelClass":"SUBDIVISION","SourceParcelID":"28483","GeometrySource":"ICF","IsRemainder":"NO","ParcelStartDate":null,"PositionalError":2.7942293,"LegalDescription":"LOT 6 BLOCK 46 DISTRICT LOT 535 KOOTENAY DISTRICT PLAN 579","CaptureMethod":"COGO IN SOURCE","OwnerType":"PRIVATE","Compiled":1,"CreatedDate":"2016-09-20T23:24:06.000Z","ModifiedDate":"2025-12-23T17:24:53.000Z","StatedArea":null,"ErrorReportedBy":"LSA","Municipality":"0121","OBJECTID":46142,"created_user":"SDE","created_date":"2024-11-12T16:15:31.000Z","last_edited_user":"SDE","last_edited_date":"2026-03-25T16:06:10.000Z","Shape__Area":278.435220825,"Shape__Length":79.21916617424559,"CommonName":null,"SourceGlobalID":"{6FADB93F-A4BD-45BD-A60B-494EEE93644E}","Comments":null,"UpdateStatus":"AUTO","UpdateSource":"PMBC"}},{"type":"Feature","geometry":{"type":"Polygon","coordinates":[[[-117.795724,49.076312],[-117.795599,49.076306],[-117.79563,49.076033],[-117.795754,49.076039],[-117.795724,49.076312]]]},"properties":{"GlobalID":"{98D12F02-1E16-4257-BE6B-B6939B501EF4}","Name":"016207688","PlanID":"{3A4D2C04-025B-4207-9DC9-136469D789B9}","PlanNumber":"NEP616A","PIN":null,"PID":16207688,"Designation1":"Lot 16","Designation2":"Block H","Designation3":null,"ParcelStatus":"ACTIVE","RegionalDistrict":"0019","ParcelClass":"SUBDIVISION","SourceParcelID":"28511","GeometrySource":"ICF","IsRemainder":"NO","ParcelStartDate":null,"PositionalError":2.14509477,"LegalDescription":"LOT 16 BLOCK H SECTION 35 TOWNSHIP 9A KOOTENAY DISTRICT PLAN 616A","CaptureMethod":"COGO IN SOURCE","OwnerType":"PRIVATE","Compiled":1,"CreatedDate":"2016-09-20T23:24:06.000Z","ModifiedDate":"2021-04-30T22:00:28.000Z","StatedArea":null,"ErrorReportedBy":"LSA","Municipality":"0121","OBJECTID":46143,"created_user":"SDE","created_date":"2024-11-12T16:15:31.000Z","last_edited_user":"SDE","last_edited_date":"2026-03-25T16:06:10.000Z","Shape__Area":277.142385645,"Shape__Length":79.04684444405166,"CommonName":null,"SourceGlobalID":"{F41A9014-6FE2-482C-AE4B-DE28096845CF}","Comments":null,"UpdateStatus":"AUTO","UpdateSource":"PMBC"}},{"type":"Feature","geometry":{"type":"Polygon","coordinates":[[[-117.792001,49.075096],[-117.792376,49.075113],[-117.792347,49.075385],[-117.791973,49.075368],[-117.791931,49.075366],[-117.791959,49.075094],[-117.792001,49.075096]]]},"properties":{"GlobalID":"{713A1728-8810-4BBE-A0CA-6B53735A4E4C}","Name":"027949834","PlanID":"{3AF701E2-66A4-4113-AF6A-C3DD2667DB76}","PlanNumber":"NEP89247","PIN":null,"PID":27949834,"Designation1":"Lot 1","Designation2":null,"Designation3":null,"ParcelStatus":"ACTIVE","RegionalDistrict":"0019","ParcelClass":"SUBDIVISION","SourceParcelID":"28401","GeometrySource":"ICF","IsRemainder":"NO","ParcelStartDate":"2009-06-24T07:00:00.000Z","PositionalError":2.68730462,"LegalDescription":"LOT 1 SECTION 35 TOWNSHIP 9A KOOTENAY DISTRICT PLAN NEP89247","CaptureMethod":"COGO IN SOURCE","OwnerType":"PRIVATE","Compiled":1,"CreatedDate":"2016-09-20T23:24:06.000Z","ModifiedDate":"2021-04-30T22:00:28.000Z","StatedArea":null,"ErrorReportedBy":"LSA","Municipality":"0121","OBJECTID":46144,"created_user":"SDE","created_date":"2024-11-12T16:15:31.000Z","last_edited_user":"SDE","last_edited_date":"2026-03-25T16:06:10.000Z","Shape__Area":924.938432745,"Shape__Length":121.65094793642638,"CommonName":null,"SourceGlobalID":"{C31D0D52-A740-4209-94CC-695E685AE0D1}","Comments":null,"UpdateStatus":"AUTO","UpdateSource":"PMBC"}},{"type":"Feature","geometry":{"type":"Polygon","coordinates":[[[-117.80741,49.073275],[-117.807285,49.073269],[-117.807319,49.072996],[-117.807445,49.073002],[-117.80741,49.073275]]]},"properties":{"GlobalID":"{EAEA2C48-6A9A-4DD4-8949-91B6B427091D}","Name":"016268628","PlanID":"{9867DD5F-2121-4EBC-A87D-1A853DCE6047}","PlanNumber":"NEP579A","PIN":null,"PID":16268628,"Designation1":"Lot 20","Designation2":"Block 3","Designation3":null,"ParcelStatus":"ACTIVE","RegionalDistrict":"0019","ParcelClass":"SUBDIVISION","SourceParcelID":"26279","GeometrySource":"ICF","IsRemainder":"NO","ParcelStartDate":null,"PositionalError":3.20405631,"LegalDescription":"LOT 20 BLOCK 3 DISTRICT LOT 535 KOOTENAY DISTRICT PLAN 579A","CaptureMethod":"COGO IN SOURCE","OwnerType":"PRIVATE","Compiled":1,"CreatedDate":"2016-09-20T23:24:06.000Z","ModifiedDate":"2021-04-30T21:57:51.000Z","StatedArea":null,"ErrorReportedBy":"LSA","Municipality":"0121","OBJECTID":46145,"created_user":"SDE","created_date":"2024-11-12T16:15:31.000Z","last_edited_user":"SDE","last_edited_date":"2026-03-25T16:06:10.000Z","Shape__Area":278.778784145,"Shape__Length":79.13656706824517,"CommonName":null,"SourceGlobalID":"{C21949D8-76DB-490D-AB1D-D4C2CA2C2499}","Comments":null,"UpdateStatus":"AUTO","UpdateSource":"PMBC"}},{"type":"Feature","geometry":{"type":"Polygon","coordinates":[[[-117.804963,49.073615],[-117.804713,49.073603],[-117.804743,49.07333],[-117.804993,49.073342],[-117.804963,49.073615]]]},"properties":{"GlobalID":"{0D79DCE2-8DAE-4108-8E6B-7A91DC89C462}","Name":"006954987","PlanID":"{9867DD5F-2121-4EBC-A87D-1A853DCE6047}","PlanNumber":"NEP579A","PIN":null,"PID":6954987,"Designation1":"Parcel B","Designation2":"Block 15","Designation3":null,"ParcelStatus":"ACTIVE","RegionalDistrict":"0019","ParcelClass":"SUBDIVISION","SourceParcelID":"26539","GeometrySource":"ICF","IsRemainder":"NO","ParcelStartDate":null,"PositionalError":2.75731456,"LegalDescription":"PARCEL B (SEE W6212) BLOCK 15 DISTRICT LOT 535 KOOTENAY DISTRICT PLAN 579A","CaptureMethod":"COGO IN SOURCE","OwnerType":"PRIVATE","Compiled":1,"CreatedDate":"2016-09-20T23:24:06.000Z","ModifiedDate":"2021-04-30T22:00:28.000Z","StatedArea":null,"ErrorReportedBy":"LSA","Municipality":"0121","OBJECTID":46146,"created_user":"SDE","created_date":"2024-11-12T16:15:31.000Z","last_edited_user":"SDE","last_edited_date":"2026-03-25T16:06:10.000Z","Shape__Area":556.278267645,"Shape__Length":97.42623901427963,"CommonName":null,"SourceGlobalID":"{E625803F-D52C-4AB6-9EFA-53ED0EF8B881}","Comments":null,"UpdateStatus":"AUTO","UpdateSource":"PMBC"}},{"type":"Feature","geometry":{"type":"Polygon","coordinates":[[[-117.803765,49.071736],[-117.80389,49.071742],[-117.80386,49.072015],[-117.803735,49.072009],[-117.803765,49.071736]]]},"properties":{"GlobalID":"{10D85C50-0EB5-4CCA-8FF7-B01B0EA5746F}","Name":"007295103","PlanID":"{9867DD5F-2121-4EBC-A87D-1A853DCE6047}","PlanNumber":"NEP579A","PIN":null,"PID":7295103,"Designation1":"Lot 4","Designation2":"Block 20","Designation3":null,"ParcelStatus":"ACTIVE","RegionalDistrict":"0019","ParcelClass":"SUBDIVISION","SourceParcelID":"26552","GeometrySource":"ICF","IsRemainder":"NO","ParcelStartDate":null,"PositionalError":3.69804253,"LegalDescription":"LOT 4 BLOCK 20 DISTRICT LOT 535 KOOTENAY DISTRICT PLAN 579A","CaptureMethod":"COGO IN SOURCE","OwnerType":"PRIVATE","Compiled":1,"CreatedDate":"2016-09-20T23:24:06.000Z","ModifiedDate":"2021-04-30T21:57:51.000Z","StatedArea":null,"ErrorReportedBy":"LSA","Municipality":"0121","OBJECTID":46147,"created_user":"SDE","created_date":"2024-11-12T16:15:31.000Z","last_edited_user":"SDE","last_edited_date":"2026-03-25T16:06:10.000Z","Shape__Area":278.63692551,"Shape__Length":79.25358504838071,"CommonName":null,"SourceGlobalID":"{76A6DCE1-FA27-4223-B0B8-9821ACCA0D08}","Comments":null,"UpdateStatus":"AUTO","UpdateSource":"PMBC"}},{"type":"Feature","geometry":{"type":"Polygon","coordinates":[[[-117.809383,49.073826],[-117.809424,49.073748],[-117.80943,49.073554],[-117.809524,49.073558],[-117.809679,49.073566],[-117.80965,49.073839],[-117.809383,49.073826]]]},"properties":{"GlobalID":"{6C888B51-D831-4283-AD8C-D2C420BBF441}","Name":"012924440","PlanID":"{6DC6E3DD-3C3C-448A-A05F-9927BCEC0167}","PlanNumber":"NEP10243","PIN":null,"PID":12924440,"Designation1":"Lot A","Designation2":null,"Designation3":null,"ParcelStatus":"ACTIVE","RegionalDistrict":"0019","ParcelClass":"SUBDIVISION","SourceParcelID":"26099","GeometrySource":"ICF","IsRemainder":"NO","ParcelStartDate":null,"PositionalError":2.62561754,"LegalDescription":"LOT A TOWNSHIP 9A KOOTENAY DISTRICT PLAN 10243","CaptureMethod":"COGO IN SOURCE","OwnerType":"PRIVATE","Compiled":1,"CreatedDate":"2016-09-20T23:24:06.000Z","ModifiedDate":"2021-04-30T21:57:51.000Z","StatedArea":null,"ErrorReportedBy":"LSA","Municipality":"0121","OBJECTID":46148,"created_user":"SDE","created_date":"2024-11-12T16:15:31.000Z","last_edited_user":"SDE","last_edited_date":"2026-03-25T16:06:10.000Z","Shape__Area":544.80248593,"Shape__Length":99.00711411069202,"CommonName":null,"SourceGlobalID":"{2737CC3D-51B3-442D-9167-F48F5712B02B}","Comments":null,"UpdateStatus":"AUTO","UpdateSource":"PMBC"}},{"type":"Feature","geometry":{"type":"Polygon","coordinates":[[[-117.806325,49.073998],[-117.806201,49.073992],[-117.806231,49.073719],[-117.806355,49.073725],[-117.806325,49.073998]]]},"properties":{"GlobalID":"{680EB094-74B3-4EA7-8F67-4BE791B42C0D}","Name":"016213351","PlanID":"{9867DD5F-2121-4EBC-A87D-1A853DCE6047}","PlanNumber":"NEP579A","PIN":null,"PID":16213351,"Designation1":"Lot 12","Designation2":"Block 4","Designation3":null,"ParcelStatus":"ACTIVE","RegionalDistrict":"0019","ParcelClass":"SUBDIVISION","SourceParcelID":"26272","GeometrySource":"ICF","IsRemainder":"NO","ParcelStartDate":null,"PositionalError":2.66625268,"LegalDescription":"LOT 12 BLOCK 4 DISTRICT LOT 535 KOOTENAY DISTRICT PLAN 579A","CaptureMethod":"COGO IN SOURCE","OwnerType":"PRIVATE","Compiled":1,"CreatedDate":"2016-09-20T23:24:06.000Z","ModifiedDate":"2021-04-30T21:57:51.000Z","StatedArea":null,"ErrorReportedBy":"LSA","Municipality":"0121","OBJECTID":46149,"created_user":"SDE","created_date":"2024-11-12T16:15:31.000Z","last_edited_user":"SDE","last_edited_date":"2026-03-25T16:06:10.000Z","Shape__Area":278.015820645,"Shape__Length":79.16703526897798,"CommonName":null,"SourceGlobalID":"{FF2BD42F-B27A-4BB0-AE01-8B177432196A}","Comments":null,"UpdateStatus":"AUTO","UpdateSource":"PMBC"}},{"type":"Feature","geometry":{"type":"Polygon","coordinates":[[[-117.80093,49.072193],[-117.80096,49.07192],[-117.801085,49.071926],[-117.80121,49.071932],[-117.801335,49.071938],[-117.801304,49.072211],[-117.80118,49.072205],[-117.801055,49.072199],[-117.80093,49.072193]]]},"properties":{"GlobalID":"{AD359448-6461-4150-875C-D847B44CB605}","Name":"008077541","PlanID":"{9867DD5F-2121-4EBC-A87D-1A853DCE6047}","PlanNumber":"NEP579A","PIN":null,"PID":8077541,"Designation1":"Parcel B","Designation2":"Block 35","Designation3":null,"ParcelStatus":"ACTIVE","RegionalDistrict":"0019","ParcelClass":"SUBDIVISION","SourceParcelID":"26501","GeometrySource":"ICF","IsRemainder":"NO","ParcelStartDate":null,"PositionalError":3.42877353,"LegalDescription":"PARCEL B (SEE W15125) BLOCK 35 DISTRICT LOT 535 KOOTENAY DISTRICT PLAN 579A","CaptureMethod":"COGO IN SOURCE","OwnerType":"PRIVATE","Compiled":1,"CreatedDate":"2016-09-20T23:24:06.000Z","ModifiedDate":"2021-04-30T21:57:51.000Z","StatedArea":null,"ErrorReportedBy":"LSA","Municipality":"0121","OBJECTID":46150,"created_user":"SDE","created_date":"2024-11-12T16:15:31.000Z","last_edited_user":"SDE","last_edited_date":"2026-03-25T16:06:10.000Z","Shape__Area":834.25530438,"Shape__Length":115.69087270676603,"CommonName":null,"SourceGlobalID":"{B51F69E6-986E-44F1-A66E-5F16D33D9A60}","Comments":null,"UpdateStatus":"AUTO","UpdateSource":"PMBC"}},{"type":"Feature","geometry":{"type":"Polygon","coordinates":[[[-117.793551,49.068395],[-117.793484,49.068077],[-117.793762,49.068084],[-117.793827,49.068393],[-117.793676,49.068392],[-117.793613,49.068392],[-117.793551,49.068395]]]},"properties":{"GlobalID":"{912D325F-EFA5-4C40-B91A-4B8B834A244A}","Name":"027003493","PlanID":"{2178B648-1974-4C4D-ADFD-7B6FAF6374F2}","PlanNumber":"NEP83293","PIN":null,"PID":27003493,"Designation1":"Lot 67","Designation2":null,"Designation3":null,"ParcelStatus":"ACTIVE","RegionalDistrict":"0019","ParcelClass":"SUBDIVISION","SourceParcelID":"28764","GeometrySource":"ICF","IsRemainder":"NO","ParcelStartDate":"2007-03-14T07:00:00.000Z","PositionalError":4.53571391,"LegalDescription":"LOT 67 SECTION 26 TOWNSHIP 9A KOOTENAY DISTRICT PLAN NEP83293","CaptureMethod":"COGO IN SOURCE","OwnerType":"PRIVATE","Compiled":1,"CreatedDate":"2016-09-20T23:24:06.000Z","ModifiedDate":"2021-04-30T21:57:51.000Z","StatedArea":null,"ErrorReportedBy":"LSA","Municipality":"0121","OBJECTID":46151,"created_user":"SDE","created_date":"2024-11-12T16:15:31.000Z","last_edited_user":"SDE","last_edited_date":"2026-03-25T16:06:10.000Z","Shape__Area":700.162416365,"Shape__Length":110.87758462507527,"CommonName":null,"SourceGlobalID":"{F8C31486-0FFB-4952-8538-4A5F10C5F1AF}","Comments":null,"UpdateStatus":"AUTO","UpdateSource":"PMBC"}},{"type":"Feature","geometry":{"type":"Polygon","coordinates":[[[-117.807357,49.073729],[-117.807233,49.073723],[-117.807263,49.073449],[-117.807388,49.073455],[-117.807357,49.073729]]]},"properties":{"GlobalID":"{4E6F5654-C10C-4C9C-94EA-9B95DCB1AD4F}","Name":"012628778","PlanID":"{9867DD5F-2121-4EBC-A87D-1A853DCE6047}","PlanNumber":"NEP579A","PIN":null,"PID":12628778,"Designation1":"Lot 1","Designation2":"Block 4","Designation3":null,"ParcelStatus":"ACTIVE","RegionalDistrict":"0019","ParcelClass":"SUBDIVISION","SourceParcelID":"27240","GeometrySource":"ICF","IsRemainder":"NO","ParcelStartDate":null,"PositionalError":3.66279277,"LegalDescription":"LOT 1 BLOCK 4 DISTRICT LOT 535 KOOTENAY DISTRICT PLAN 579A","CaptureMethod":"COGO IN SOURCE","OwnerType":"PRIVATE","Compiled":1,"CreatedDate":"2016-09-20T23:24:06.000Z","ModifiedDate":"2021-04-30T21:57:51.000Z","StatedArea":null,"ErrorReportedBy":"LSA","Municipality":"0121","OBJECTID":46152,"created_user":"SDE","created_date":"2024-11-12T16:15:31.000Z","last_edited_user":"SDE","last_edited_date":"2026-03-25T16:06:10.000Z","Shape__Area":278.102506195,"Shape__Length":79.18812192123414,"CommonName":null,"SourceGlobalID":"{B9A37D14-C2CD-4F45-9B6F-976BA6503EFD}","Comments":null,"UpdateStatus":"AUTO","UpdateSource":"PMBC"}}]}
