{"type":"FeatureCollection","features":[{"type":"Feature","geometry":{"type":"Polygon","coordinates":[[[-119.156285,49.036377],[-119.156149,49.036052],[-119.156338,49.036012],[-119.156487,49.036338],[-119.156285,49.036377]]]},"properties":{"GlobalID":"{2E5910CC-CECE-43E6-9129-140CEF6A31C1}","Name":"010564527","PlanID":"{16E65013-EACA-4C68-A9D7-576BCB87F196}","PlanNumber":"KAP4257","PIN":null,"PID":10564527,"Designation1":"Lot 16","Designation2":null,"Designation3":null,"ParcelStatus":"ACTIVE","RegionalDistrict":"0019","ParcelClass":"SUBDIVISION","SourceParcelID":null,"GeometrySource":"MODIFIED-ICF","IsRemainder":"NO","ParcelStartDate":null,"PositionalError":32.37344394,"LegalDescription":"LOT 16 DISTRICT LOT 491 SIMILKAMEEN DIVISION YALE DISTRICT PLAN 4257","CaptureMethod":"UNKNOWN","OwnerType":"PRIVATE","Compiled":1,"CreatedDate":"2016-09-20T23:24:06.000Z","ModifiedDate":"2021-08-24T23:55:43.000Z","StatedArea":null,"ErrorReportedBy":"DATACOMPILATION","Municipality":"0163","OBJECTID":48661,"created_user":"SDE","created_date":"2024-11-12T16:15:31.000Z","last_edited_user":"SDE","last_edited_date":"2026-03-25T16:06:10.000Z","Shape__Area":562.073855705,"Shape__Length":105.22574554038421,"CommonName":null,"SourceGlobalID":"{15141AE4-D125-423E-A7EB-1C7B7BFB7C0D}","Comments":null,"UpdateStatus":"AUTO","UpdateSource":"PMBC"}},{"type":"Feature","geometry":{"type":"Polygon","coordinates":[[[-119.157601,49.035054],[-119.15772,49.035031],[-119.157939,49.035494],[-119.157567,49.03557],[-119.157346,49.035098],[-119.157431,49.035084],[-119.157516,49.035069],[-119.157601,49.035054]]]},"properties":{"GlobalID":"{59806BFA-EFC6-47C6-9508-69EE755B43E8}","Name":"002053373","PlanID":"{F0DB3B36-A152-4C45-B118-275779D2B1D7}","PlanNumber":"NO_PLAN","PIN":null,"PID":2053373,"Designation1":"PART 491","Designation2":"","Designation3":"","ParcelStatus":"ACTIVE","RegionalDistrict":"0019","ParcelClass":"SUBDIVISION","SourceParcelID":null,"GeometrySource":"ICF","IsRemainder":"NO","ParcelStartDate":null,"PositionalError":32.37344394,"LegalDescription":"THAT PART OF DISTRICT LOT 491 SHOWN ON PLAN B387 SIMILKAMEEN DIVISION YALE DISTRICT","CaptureMethod":"UNKNOWN","OwnerType":"PRIVATE","Compiled":1,"CreatedDate":"2016-09-20T23:24:06.000Z","ModifiedDate":"2021-08-24T23:54:41.000Z","StatedArea":null,"ErrorReportedBy":"DATACOMPILATION","Municipality":"0163","OBJECTID":48662,"created_user":"SDE","created_date":"2024-11-12T16:15:31.000Z","last_edited_user":"SDE","last_edited_date":"2026-03-25T16:06:10.000Z","Shape__Area":1542.12812001,"Shape__Length":165.63290990402078,"CommonName":null,"SourceGlobalID":"{FCB0A5C1-4CCA-46FC-A6DE-CA8D6D9B33FD}","Comments":null,"UpdateStatus":"AUTO","UpdateSource":"PMBC"}},{"type":"Feature","geometry":{"type":"Polygon","coordinates":[[[-119.155645,49.035385],[-119.155885,49.035344],[-119.156131,49.035866],[-119.155849,49.035924],[-119.155681,49.03548],[-119.155645,49.035385]]]},"properties":{"GlobalID":"{B89AF8D5-C798-4DAD-9076-6FCE104B8C7D}","Name":"026019264","PlanID":"{88D987E6-026D-465F-B6B0-CEF58A7FB2B0}","PlanNumber":"KAP76119","PIN":null,"PID":26019264,"Designation1":"Lot 1","Designation2":"","Designation3":"","ParcelStatus":"ACTIVE","RegionalDistrict":"0019","ParcelClass":"SUBDIVISION","SourceParcelID":null,"GeometrySource":"ICF","IsRemainder":"NO","ParcelStartDate":"2004-08-25T07:00:00.000Z","PositionalError":32.37344394,"LegalDescription":"LOT 1 DISTRICT LOT 491 SIMILKAMEEN DIVISION YALE DISTRICT PLAN KAP76119","CaptureMethod":"UNKNOWN","OwnerType":"PRIVATE","Compiled":1,"CreatedDate":"2016-09-20T23:24:06.000Z","ModifiedDate":"2021-08-24T23:54:41.000Z","StatedArea":null,"ErrorReportedBy":"DATACOMPILATION","Municipality":"0163","OBJECTID":48663,"created_user":"SDE","created_date":"2024-11-12T16:15:31.000Z","last_edited_user":"SDE","last_edited_date":"2026-03-25T16:06:10.000Z","Shape__Area":1217.570360875,"Shape__Length":162.34346879156095,"CommonName":null,"SourceGlobalID":"{B4C9682C-5232-4DC8-AD2D-669D2C9259FB}","Comments":null,"UpdateStatus":"AUTO","UpdateSource":"PMBC"}},{"type":"Feature","geometry":{"type":"Polygon","coordinates":[[[-119.157938,49.035683],[-119.158129,49.035644],[-119.158269,49.035976],[-119.158085,49.036014],[-119.158055,49.035945],[-119.157938,49.035683]]]},"properties":{"GlobalID":"{E0BCC4AB-D88D-4911-827C-368F97A8A4F5}","Name":"010564501","PlanID":"{16E65013-EACA-4C68-A9D7-576BCB87F196}","PlanNumber":"KAP4257","PIN":null,"PID":10564501,"Designation1":"Lot 12","Designation2":null,"Designation3":null,"ParcelStatus":"ACTIVE","RegionalDistrict":"0019","ParcelClass":"SUBDIVISION","SourceParcelID":null,"GeometrySource":"ICF","IsRemainder":"NO","ParcelStartDate":null,"PositionalError":32.37344394,"LegalDescription":"LOT 12 DISTRICT LOT 491 SIMILKAMEEN DIVISION YALE DISTRICT PLAN 4257","CaptureMethod":"UNKNOWN","OwnerType":"PRIVATE","Compiled":1,"CreatedDate":"2016-09-20T23:24:06.000Z","ModifiedDate":"2021-08-24T23:55:43.000Z","StatedArea":null,"ErrorReportedBy":"DATACOMPILATION","Municipality":"0163","OBJECTID":48664,"created_user":"SDE","created_date":"2024-11-12T16:15:31.000Z","last_edited_user":"SDE","last_edited_date":"2026-03-25T16:06:10.000Z","Shape__Area":548.86679021,"Shape__Length":105.31327872602185,"CommonName":null,"SourceGlobalID":"{2BC7B0D2-0E0C-427C-9327-C117E2987554}","Comments":null,"UpdateStatus":"AUTO","UpdateSource":"PMBC"}},{"type":"Feature","geometry":{"type":"Polygon","coordinates":[[[-119.153719,49.036362],[-119.153529,49.036402],[-119.153227,49.035788],[-119.153445,49.035751],[-119.153719,49.036362]]]},"properties":{"GlobalID":"{1381E37B-2E8D-472B-8036-29218305ED02}","Name":"010147047","PlanID":"{234CFE5D-88B1-4325-AE46-CBDE280A4804}","PlanNumber":"KAP6369","PIN":null,"PID":10147047,"Designation1":"Lot 5","Designation2":"","Designation3":"","ParcelStatus":"ACTIVE","RegionalDistrict":"0019","ParcelClass":"SUBDIVISION","SourceParcelID":null,"GeometrySource":"MODIFIED-ICF","IsRemainder":"NO","ParcelStartDate":null,"PositionalError":32.37344394,"LegalDescription":"LOT 5 DISTRICT LOT 491 SIMILKAMEEN DIVISION YALE DISTRICT PLAN 6369","CaptureMethod":"UNKNOWN","OwnerType":"PRIVATE","Compiled":1,"CreatedDate":"2016-09-20T23:24:06.000Z","ModifiedDate":"2021-08-24T23:54:41.000Z","StatedArea":null,"ErrorReportedBy":"DATACOMPILATION","Municipality":"0163","OBJECTID":48665,"created_user":"SDE","created_date":"2024-11-12T16:15:31.000Z","last_edited_user":"SDE","last_edited_date":"2026-03-25T16:06:10.000Z","Shape__Area":1104.24304153,"Shape__Length":173.56080681761662,"CommonName":null,"SourceGlobalID":"{CF199EAE-6828-41F8-9628-F2B46D5A3829}","Comments":null,"UpdateStatus":"AUTO","UpdateSource":"PMBC"}},{"type":"Feature","geometry":{"type":"Polygon","coordinates":[[[-119.155557,49.036174],[-119.155703,49.036496],[-119.155492,49.036538],[-119.155366,49.036213],[-119.155557,49.036174]]]},"properties":{"GlobalID":"{7CF021FB-323B-43DE-9F42-23BD1BCB2B01}","Name":"010564594","PlanID":"{16E65013-EACA-4C68-A9D7-576BCB87F196}","PlanNumber":"KAP4257","PIN":null,"PID":10564594,"Designation1":"Lot 21","Designation2":null,"Designation3":null,"ParcelStatus":"ACTIVE","RegionalDistrict":"0019","ParcelClass":"SUBDIVISION","SourceParcelID":null,"GeometrySource":"ICF","IsRemainder":"NO","ParcelStartDate":null,"PositionalError":32.37344394,"LegalDescription":"LOT 21 DISTRICT LOT 491 SIMILKAMEEN DIVISION YALE DISTRICT PLAN 4257","CaptureMethod":"UNKNOWN","OwnerType":"PRIVATE","Compiled":1,"CreatedDate":"2016-09-20T23:24:06.000Z","ModifiedDate":"2021-08-24T23:55:43.000Z","StatedArea":null,"ErrorReportedBy":"DATACOMPILATION","Municipality":"0163","OBJECTID":48666,"created_user":"SDE","created_date":"2024-11-12T16:15:31.000Z","last_edited_user":"SDE","last_edited_date":"2026-03-25T16:06:10.000Z","Shape__Area":572.681342525,"Shape__Length":105.32678843905832,"CommonName":null,"SourceGlobalID":"{8A7C8495-D479-486F-8BDE-C31C9DAA0D60}","Comments":null,"UpdateStatus":"AUTO","UpdateSource":"PMBC"}},{"type":"Feature","geometry":{"type":"Polygon","coordinates":[[[-119.153017,49.035823],[-119.15332,49.036445],[-119.153117,49.036486],[-119.152815,49.035857],[-119.153017,49.035823]]]},"properties":{"GlobalID":"{A4F04C31-E22E-4935-B5A1-568CE7ECC627}","Name":"009688048","PlanID":"{AF106881-A517-4F3D-BAF4-D4C45F7F4C92}","PlanNumber":"KAP9555","PIN":null,"PID":9688048,"Designation1":"Lot 7","Designation2":"","Designation3":"","ParcelStatus":"ACTIVE","RegionalDistrict":"0019","ParcelClass":"SUBDIVISION","SourceParcelID":null,"GeometrySource":"ICF","IsRemainder":"NO","ParcelStartDate":null,"PositionalError":32.37344394,"LegalDescription":"LOT 7 DISTRICT LOT 491 SIMILKAMEEN DIVISION YALE DISTRICT PLAN 9555","CaptureMethod":"UNKNOWN","OwnerType":"PRIVATE","Compiled":1,"CreatedDate":"2016-09-20T23:24:06.000Z","ModifiedDate":"2021-08-24T23:54:41.000Z","StatedArea":null,"ErrorReportedBy":"DATACOMPILATION","Municipality":"0163","OBJECTID":48667,"created_user":"SDE","created_date":"2024-11-12T16:15:31.000Z","last_edited_user":"SDE","last_edited_date":"2026-03-25T16:06:10.000Z","Shape__Area":1120.12145091,"Shape__Length":176.67158373051896,"CommonName":null,"SourceGlobalID":"{35F899D8-9D79-44B5-BF36-2170D4F8B371}","Comments":null,"UpdateStatus":"AUTO","UpdateSource":"PMBC"}},{"type":"Feature","geometry":{"type":"Polygon","coordinates":[[[-119.157938,49.035683],[-119.158055,49.035945],[-119.157642,49.036023],[-119.157519,49.035769],[-119.157938,49.035683]]]},"properties":{"GlobalID":"{DC282596-AB36-4DBF-B2CA-A56A81EC6DA1}","Name":"014783941","PlanID":"{F0DB3B36-A152-4C45-B118-275779D2B1D7}","PlanNumber":"NO_PLAN","PIN":null,"PID":14783941,"Designation1":"PART 491","Designation2":null,"Designation3":null,"ParcelStatus":"ACTIVE","RegionalDistrict":"0019","ParcelClass":"SUBDIVISION","SourceParcelID":null,"GeometrySource":"ICF","IsRemainder":"NO","ParcelStartDate":null,"PositionalError":32.37344394,"LegalDescription":"THAT PART DISTRICT LOT 491 SHOWN ON PLAN B4534 SIMILKAMEEN DIVISION YALE DISTRICT SAID TO CONTAIN 0.23 ACRES MORE OR LESS","CaptureMethod":"UNKNOWN","OwnerType":"PRIVATE","Compiled":1,"CreatedDate":"2016-09-20T23:24:06.000Z","ModifiedDate":"2021-08-24T23:55:43.000Z","StatedArea":null,"ErrorReportedBy":"DATACOMPILATION","Municipality":"0163","OBJECTID":48668,"created_user":"SDE","created_date":"2024-11-12T16:15:31.000Z","last_edited_user":"SDE","last_edited_date":"2026-03-25T16:06:10.000Z","Shape__Area":951.745686225,"Shape__Length":123.4635697458382,"CommonName":null,"SourceGlobalID":"{D09E76A3-C921-483A-BFC7-3735EFD6EBCD}","Comments":null,"UpdateStatus":"AUTO","UpdateSource":"PMBC"}},{"type":"Feature","geometry":{"type":"Polygon","coordinates":[[[-117.797891,49.07282],[-117.797905,49.072699],[-117.798025,49.072744],[-117.798016,49.072826],[-117.797891,49.07282]]]},"properties":{"GlobalID":"{FBBB9D09-9F40-413D-AB28-0CE7DF99C13E}","Name":"016736117","PlanID":"{9867DD5F-2121-4EBC-A87D-1A853DCE6047}","PlanNumber":"NEP579A","PIN":null,"PID":16736117,"Designation1":"Lot 14","Designation2":"Block 56","Designation3":null,"ParcelStatus":"ACTIVE","RegionalDistrict":"0019","ParcelClass":"SUBDIVISION","SourceParcelID":null,"GeometrySource":"ICF","IsRemainder":"NO","ParcelStartDate":null,"PositionalError":2.92573008,"LegalDescription":"THAT PART OF LOT 14 BLOCK 56 DISTRICT LOT 535 KOOTENAY DISTRICT PLAN 579A SHOWN RED ON PLAN 1661","CaptureMethod":"COGO IN SOURCE","OwnerType":"PRIVATE","Compiled":1,"CreatedDate":"2016-09-20T23:24:06.000Z","ModifiedDate":"2021-08-30T18:34:18.000Z","StatedArea":null,"ErrorReportedBy":"LSA","Municipality":"0121","OBJECTID":48669,"created_user":"SDE","created_date":"2024-11-12T16:15:31.000Z","last_edited_user":"SDE","last_edited_date":"2026-03-25T16:06:10.000Z","Shape__Area":103.758087165,"Shape__Length":41.93447063268144,"CommonName":null,"SourceGlobalID":"{1D377B46-0EE7-4129-B9C3-C0EFB2877ABB}","Comments":null,"UpdateStatus":"AUTO","UpdateSource":"PMBC"}},{"type":"Feature","geometry":{"type":"Polygon","coordinates":[[[-117.795481,49.073069],[-117.795934,49.072994],[-117.795915,49.073167],[-117.795544,49.073228],[-117.795481,49.073069]]]},"properties":{"GlobalID":"{B7BEAD14-91E2-4733-AE8E-7824941EC7A0}","Name":"015443647","PlanID":"{06576297-2508-434E-9EE1-A083A33E86D8}","PlanNumber":"NEP2235","PIN":null,"PID":15443647,"Designation1":"Lot 2","Designation2":"Block 6","Designation3":null,"ParcelStatus":"ACTIVE","RegionalDistrict":"0019","ParcelClass":"SUBDIVISION","SourceParcelID":"28036","GeometrySource":"ICF","IsRemainder":"NO","ParcelStartDate":null,"PositionalError":0.00762394,"LegalDescription":"LOT 2 BLOCK 6 TOWNSHIP 9A KOOTENAY DISTRICT PLAN 2235","CaptureMethod":"COGO IN SOURCE","OwnerType":"PRIVATE","Compiled":1,"CreatedDate":"2016-09-20T23:24:06.000Z","ModifiedDate":"2021-08-30T18:34:18.000Z","StatedArea":null,"ErrorReportedBy":"PMBC-OPERATIONS","Municipality":"0121","OBJECTID":48670,"created_user":"SDE","created_date":"2024-11-12T16:15:31.000Z","last_edited_user":"SDE","last_edited_date":"2026-03-25T16:06:10.000Z","Shape__Area":566.38081876,"Shape__Length":99.50456523046748,"CommonName":null,"SourceGlobalID":"{D7691E43-7969-4A44-A3D9-0A7C9C39B2EE}","Comments":null,"UpdateStatus":"AUTO","UpdateSource":"PMBC"}},{"type":"Feature","geometry":{"type":"Polygon","coordinates":[[[-117.794231,49.073684],[-117.79383,49.073824],[-117.793736,49.073725],[-117.79395,49.073567],[-117.794189,49.073497],[-117.794201,49.073647],[-117.794231,49.073684]]]},"properties":{"GlobalID":"{E2F2E757-B8B3-4278-B237-E2F20100FDA8}","Name":"014678187","PlanID":"{87E654A1-26D5-4D71-A471-3F7A263AD13B}","PlanNumber":"NEP5589","PIN":null,"PID":14678187,"Designation1":"Lot A","Designation2":null,"Designation3":null,"ParcelStatus":"ACTIVE","RegionalDistrict":"0019","ParcelClass":"SUBDIVISION","SourceParcelID":"28066","GeometrySource":"ICF","IsRemainder":"NO","ParcelStartDate":null,"PositionalError":2.11405481,"LegalDescription":"LOT A TOWNSHIP 9A KOOTENAY DISTRICT PLAN 5589","CaptureMethod":"COGO IN SOURCE","OwnerType":"PRIVATE","Compiled":1,"CreatedDate":"2016-09-20T23:24:06.000Z","ModifiedDate":"2021-08-30T18:34:18.000Z","StatedArea":null,"ErrorReportedBy":"PMBC-OPERATIONS","Municipality":"0121","OBJECTID":48671,"created_user":"SDE","created_date":"2024-11-12T16:15:31.000Z","last_edited_user":"SDE","last_edited_date":"2026-03-25T16:06:10.000Z","Shape__Area":673.31526487,"Shape__Length":110.15086160526234,"CommonName":null,"SourceGlobalID":"{081A41EE-F6CD-42A3-84B6-67D3C5260AB2}","Comments":null,"UpdateStatus":"AUTO","UpdateSource":"PMBC"}},{"type":"Feature","geometry":{"type":"Polygon","coordinates":[[[-117.795071,49.073829],[-117.795118,49.073579],[-117.795367,49.073599],[-117.795318,49.073863],[-117.795071,49.073829]]]},"properties":{"GlobalID":"{386E1769-37C7-47B5-8F4E-B1410E6A3287}","Name":"007382359","PlanID":"{06576297-2508-434E-9EE1-A083A33E86D8}","PlanNumber":"NEP2235","PIN":null,"PID":7382359,"Designation1":"Lot 5","Designation2":"Block 4","Designation3":null,"ParcelStatus":"ACTIVE","RegionalDistrict":"0019","ParcelClass":"SUBDIVISION","SourceParcelID":"28024","GeometrySource":"ICF","IsRemainder":"NO","ParcelStartDate":null,"PositionalError":0.03229466,"LegalDescription":"LOT 5 BLOCK 4 TOWNSHIP 9A KOOTENAY DISTRICT PLAN 2235","CaptureMethod":"COGO IN SOURCE","OwnerType":"PRIVATE","Compiled":1,"CreatedDate":"2016-09-20T23:24:06.000Z","ModifiedDate":"2021-08-30T18:34:18.000Z","StatedArea":null,"ErrorReportedBy":"PMBC-OPERATIONS","Municipality":"0121","OBJECTID":48672,"created_user":"SDE","created_date":"2024-11-12T16:15:31.000Z","last_edited_user":"SDE","last_edited_date":"2026-03-25T16:06:10.000Z","Shape__Area":527.51463626,"Shape__Length":94.23418016251007,"CommonName":null,"SourceGlobalID":"{E08934D6-17F9-4A70-B9DE-630368FB0828}","Comments":null,"UpdateStatus":"AUTO","UpdateSource":"PMBC"}},{"type":"Feature","geometry":{"type":"Polygon","coordinates":[[[-117.795318,49.073863],[-117.795367,49.073599],[-117.795617,49.073619],[-117.795567,49.073897],[-117.795318,49.073863]]]},"properties":{"GlobalID":"{B6BEB331-A0D1-46ED-9BAC-E41B1540DA9C}","Name":"012233081","PlanID":"{06576297-2508-434E-9EE1-A083A33E86D8}","PlanNumber":"NEP2235","PIN":null,"PID":12233081,"Designation1":"Lot 4","Designation2":"Block 4","Designation3":null,"ParcelStatus":"ACTIVE","RegionalDistrict":"0019","ParcelClass":"SUBDIVISION","SourceParcelID":"28023","GeometrySource":"ICF","IsRemainder":"NO","ParcelStartDate":null,"PositionalError":0.312258,"LegalDescription":"LOT 4 BLOCK 4 SECTION 35 TOWNSHIP 9A KOOTENAY DISTRICT PLAN 2235","CaptureMethod":"COGO IN SOURCE","OwnerType":"PRIVATE","Compiled":1,"CreatedDate":"2016-09-20T23:24:06.000Z","ModifiedDate":"2026-01-05T18:53:56.000Z","StatedArea":null,"ErrorReportedBy":"PMBC-OPERATIONS","Municipality":"0121","OBJECTID":48673,"created_user":"SDE","created_date":"2024-11-12T16:15:31.000Z","last_edited_user":"SDE","last_edited_date":"2026-03-25T16:06:10.000Z","Shape__Area":559.138346,"Shape__Length":97.5870799388623,"CommonName":null,"SourceGlobalID":"{5D4828C4-7836-4933-B5CF-EA427C004AE6}","Comments":null,"UpdateStatus":"AUTO","UpdateSource":"PMBC"}},{"type":"Feature","geometry":{"type":"Polygon","coordinates":[[[-117.795915,49.073167],[-117.795917,49.073151],[-117.795934,49.072994],[-117.795953,49.072822],[-117.795964,49.07273],[-117.796069,49.071955],[-117.796545,49.071979],[-117.796526,49.07216],[-117.796497,49.072434],[-117.796492,49.072478],[-117.796464,49.072751],[-117.796445,49.072932],[-117.796427,49.073097],[-117.796416,49.073205],[-117.796411,49.073248],[-117.796411,49.073249],[-117.79639,49.07345],[-117.79639,49.07345],[-117.796389,49.07346],[-117.795887,49.073437],[-117.795898,49.073327],[-117.795915,49.073167]]]},"properties":{"GlobalID":"{BFA385D9-3C01-4A6C-AF72-A8A126A5BD3D}","Name":"016327284","PlanID":"{B5B7FDF6-176E-4CC5-9236-1A73A2801D04}","PlanNumber":"NEP62X","PIN":null,"PID":16327284,"Designation1":"Lot 60","Designation2":null,"Designation3":null,"ParcelStatus":"ACTIVE","RegionalDistrict":"0019","ParcelClass":"SUBDIVISION","SourceParcelID":"28517","GeometrySource":"ICF","IsRemainder":"NO","ParcelStartDate":null,"PositionalError":0.21229773,"LegalDescription":"ASSIGNED PARCEL 60 (SEE 22281A) SECTIONS 26 AND 35 TOWNSHIP 9A KOOTENAY DISTRICT PLAN X62","CaptureMethod":"COGO IN SOURCE","OwnerType":"PRIVATE","Compiled":1,"CreatedDate":"2016-09-20T23:24:06.000Z","ModifiedDate":"2026-01-05T18:53:56.000Z","StatedArea":null,"ErrorReportedBy":"PMBC-OPERATIONS","Municipality":"0121","OBJECTID":48674,"created_user":"SDE","created_date":"2024-11-12T16:15:31.000Z","last_edited_user":"SDE","last_edited_date":"2026-03-25T16:06:10.000Z","Shape__Area":5981.216392205,"Shape__Length":401.98860732126553,"CommonName":null,"SourceGlobalID":"{AA24457C-D5D9-450F-AA2D-F5A4AB7F84BB}","Comments":null,"UpdateStatus":"AUTO","UpdateSource":"PMBC"}},{"type":"Feature","geometry":{"type":"Polygon","coordinates":[[[-117.79547,49.073041],[-117.79545,49.072996],[-117.795424,49.072953],[-117.795395,49.072913],[-117.795953,49.072822],[-117.795934,49.072994],[-117.795481,49.073069],[-117.79547,49.073041]]]},"properties":{"GlobalID":"{087C0BDE-E9C1-4A13-A436-EF7AEFF31DB8}","Name":"015086631","PlanID":"{06576297-2508-434E-9EE1-A083A33E86D8}","PlanNumber":"NEP2235","PIN":null,"PID":15086631,"Designation1":"Lot 3","Designation2":"Block 6","Designation3":null,"ParcelStatus":"ACTIVE","RegionalDistrict":"0019","ParcelClass":"SUBDIVISION","SourceParcelID":"28035","GeometrySource":"ICF","IsRemainder":"NO","ParcelStartDate":null,"PositionalError":0.00822509,"LegalDescription":"LOT 3 BLOCK 6 TOWNSHIP 9A KOOTENAY DISTRICT PLAN 2235","CaptureMethod":"COGO IN SOURCE","OwnerType":"PRIVATE","Compiled":1,"CreatedDate":"2019-08-29T23:23:42.000Z","ModifiedDate":"2021-08-30T18:34:18.000Z","StatedArea":null,"ErrorReportedBy":"PMBC-OPERATIONS","Municipality":"0121","OBJECTID":48675,"created_user":"SDE","created_date":"2024-11-12T16:15:31.000Z","last_edited_user":"SDE","last_edited_date":"2026-03-25T16:06:10.000Z","Shape__Area":689.118576605,"Shape__Length":113.74212519792712,"CommonName":null,"SourceGlobalID":"{0ACB2D82-BDBA-44C3-834B-6B5451319349}","Comments":null,"UpdateStatus":"AUTO","UpdateSource":"PMBC"}},{"type":"Feature","geometry":{"type":"Polygon","coordinates":[[[-117.796956,49.074088],[-117.796925,49.074362],[-117.7968,49.074356],[-117.796831,49.074082],[-117.796956,49.074088]]]},"properties":{"GlobalID":"{19B93F6B-485F-416F-8171-79FB0CA5E964}","Name":"016273176","PlanID":"{A0792FDB-3D54-492F-802F-2333A5D962E3}","PlanNumber":"NEP579","PIN":null,"PID":16273176,"Designation1":"Lot 11","Designation2":"Block 47","Designation3":null,"ParcelStatus":"ACTIVE","RegionalDistrict":"0019","ParcelClass":"SUBDIVISION","SourceParcelID":"28409","GeometrySource":"ICF","IsRemainder":"NO","ParcelStartDate":null,"PositionalError":0.21100457,"LegalDescription":"LOT 11 BLOCK 47 DISTRICT LOT 535 KOOTENAY DISTRICT PLAN 579","CaptureMethod":"COGO IN SOURCE","OwnerType":"PRIVATE","Compiled":1,"CreatedDate":"2016-09-20T23:24:06.000Z","ModifiedDate":"2021-08-30T18:34:18.000Z","StatedArea":null,"ErrorReportedBy":"PMBC-OPERATIONS","Municipality":"0121","OBJECTID":48676,"created_user":"SDE","created_date":"2024-11-12T16:15:31.000Z","last_edited_user":"SDE","last_edited_date":"2026-03-25T16:06:10.000Z","Shape__Area":278.82660447,"Shape__Length":79.2647687251733,"CommonName":null,"SourceGlobalID":"{6F67C123-25C2-440D-B762-9D72B31FC37D}","Comments":null,"UpdateStatus":"AUTO","UpdateSource":"PMBC"}},{"type":"Feature","geometry":{"type":"Polygon","coordinates":[[[-117.794654,49.073327],[-117.794576,49.073287],[-117.794831,49.073132],[-117.79517,49.073373],[-117.794654,49.073327]]]},"properties":{"GlobalID":"{3D28DD7D-CFA1-477F-99E2-47392E7088C1}","Name":"014675366","PlanID":"{06576297-2508-434E-9EE1-A083A33E86D8}","PlanNumber":"NEP2235","PIN":null,"PID":14675366,"Designation1":"Lot 9","Designation2":"Block 5","Designation3":null,"ParcelStatus":"ACTIVE","RegionalDistrict":"0019","ParcelClass":"SUBDIVISION","SourceParcelID":"28043","GeometrySource":"ICF","IsRemainder":"NO","ParcelStartDate":null,"PositionalError":1.99650724,"LegalDescription":"LOT 9 BLOCK 5 TOWNSHIP 9A KOOTENAY DISTRICT PLAN 2235","CaptureMethod":"COGO IN SOURCE","OwnerType":"PRIVATE","Compiled":1,"CreatedDate":"2016-09-20T23:24:06.000Z","ModifiedDate":"2021-08-30T18:34:18.000Z","StatedArea":null,"ErrorReportedBy":"LSA","Municipality":"0121","OBJECTID":48677,"created_user":"SDE","created_date":"2024-11-12T16:15:31.000Z","last_edited_user":"SDE","last_edited_date":"2026-03-25T16:06:10.000Z","Shape__Area":532.83003409,"Shape__Length":107.1871697162693,"CommonName":null,"SourceGlobalID":"{6D067265-1445-4428-8F36-0824CC0DC839}","Comments":null,"UpdateStatus":"AUTO","UpdateSource":"PMBC"}},{"type":"Feature","geometry":{"type":"Polygon","coordinates":[[[-117.797116,49.073777],[-117.797086,49.074051],[-117.796815,49.074038],[-117.796846,49.073764],[-117.797116,49.073777]]]},"properties":{"GlobalID":"{7A8C615A-5612-402A-AF82-03435FF28A4E}","Name":"026382016","PlanID":"{CCB798BD-25AB-470E-9AE1-15EE76CD0EC8}","PlanNumber":"NEP78725","PIN":null,"PID":26382016,"Designation1":"Lot A","Designation2":null,"Designation3":null,"ParcelStatus":"ACTIVE","RegionalDistrict":"0019","ParcelClass":"SUBDIVISION","SourceParcelID":"28872","GeometrySource":"ICF","IsRemainder":"NO","ParcelStartDate":"2005-08-17T07:00:00.000Z","PositionalError":0.10954044,"LegalDescription":"LOT A DISTRICT LOT 535 KOOTENAY DISTRICT PLAN NEP78725","CaptureMethod":"COGO IN SOURCE","OwnerType":"PRIVATE","Compiled":1,"CreatedDate":"2016-09-20T23:24:06.000Z","ModifiedDate":"2021-08-30T18:34:18.000Z","StatedArea":null,"ErrorReportedBy":"PMBC-OPERATIONS","Municipality":"0121","OBJECTID":48678,"created_user":"SDE","created_date":"2024-11-12T16:15:31.000Z","last_edited_user":"SDE","last_edited_date":"2026-03-25T16:06:10.000Z","Shape__Area":603.85756454,"Shape__Length":100.58324200954104,"CommonName":null,"SourceGlobalID":"{F2F5FE0C-3C29-410E-9D09-A9B35847CD6C}","Comments":null,"UpdateStatus":"AUTO","UpdateSource":"PMBC"}},{"type":"Feature","geometry":{"type":"Polygon","coordinates":[[[-117.793107,49.073183],[-117.793424,49.072921],[-117.793588,49.073007],[-117.793249,49.073286],[-117.793107,49.073183]]]},"properties":{"GlobalID":"{D8D03701-1BD1-4935-825A-7B0F41929091}","Name":"015498867","PlanID":"{06576297-2508-434E-9EE1-A083A33E86D8}","PlanNumber":"NEP2235","PIN":null,"PID":15498867,"Designation1":"Lot 9","Designation2":"Block 2","Designation3":null,"ParcelStatus":"ACTIVE","RegionalDistrict":"0019","ParcelClass":"SUBDIVISION","SourceParcelID":"28041","GeometrySource":"ICF","IsRemainder":"NO","ParcelStartDate":null,"PositionalError":0.78505073,"LegalDescription":"LOT 9 BLOCK 2 TOWNSHIP 9A KOOTENAY DISTRICT PLAN 2235","CaptureMethod":"COGO IN SOURCE","OwnerType":"PRIVATE","Compiled":1,"CreatedDate":"2016-09-20T23:24:06.000Z","ModifiedDate":"2021-08-30T18:34:18.000Z","StatedArea":null,"ErrorReportedBy":"PMBC-OPERATIONS","Municipality":"0121","OBJECTID":48679,"created_user":"SDE","created_date":"2024-11-12T16:15:31.000Z","last_edited_user":"SDE","last_edited_date":"2026-03-25T16:06:10.000Z","Shape__Area":585.79687431,"Shape__Length":107.55324615122913,"CommonName":null,"SourceGlobalID":"{2853612F-D8F7-445C-9CC7-10547D1A845C}","Comments":null,"UpdateStatus":"AUTO","UpdateSource":"PMBC"}},{"type":"Feature","geometry":{"type":"Polygon","coordinates":[[[-117.797767,49.072814],[-117.797642,49.072808],[-117.797664,49.072611],[-117.797784,49.072655],[-117.797767,49.072814]]]},"properties":{"GlobalID":"{73E6E2C3-0731-40B8-83A2-B9903207EC75}","Name":"016736095","PlanID":"{9867DD5F-2121-4EBC-A87D-1A853DCE6047}","PlanNumber":"NEP579A","PIN":null,"PID":16736095,"Designation1":"Lot 12","Designation2":"Block 56","Designation3":null,"ParcelStatus":"ACTIVE","RegionalDistrict":"0019","ParcelClass":"SUBDIVISION","SourceParcelID":null,"GeometrySource":"ICF","IsRemainder":"NO","ParcelStartDate":null,"PositionalError":3.15999411,"LegalDescription":"THAT PART OF LOT 12 BLOCK 56 DISTRICT LOT 535 KOOTENAY DISTRICT PLAN 579A SHOWN RED ON PLAN 1661","CaptureMethod":"COGO IN SOURCE","OwnerType":"PRIVATE","Compiled":1,"CreatedDate":"2016-09-20T23:24:06.000Z","ModifiedDate":"2021-08-30T18:34:18.000Z","StatedArea":null,"ErrorReportedBy":"LSA","Municipality":"0121","OBJECTID":48680,"created_user":"SDE","created_date":"2024-11-12T16:15:31.000Z","last_edited_user":"SDE","last_edited_date":"2026-03-25T16:06:10.000Z","Shape__Area":181.65171908,"Shape__Length":58.9823019662948,"CommonName":null,"SourceGlobalID":"{86C7C988-BC25-4DBC-8D4A-DBD14F4C0EF4}","Comments":null,"UpdateStatus":"AUTO","UpdateSource":"PMBC"}},{"type":"Feature","geometry":{"type":"Polygon","coordinates":[[[-117.795071,49.073829],[-117.794783,49.073789],[-117.794827,49.073556],[-117.795118,49.073579],[-117.795071,49.073829]]]},"properties":{"GlobalID":"{E428842B-538E-4D0C-9434-495EA66D20D4}","Name":"005715661","PlanID":"{06576297-2508-434E-9EE1-A083A33E86D8}","PlanNumber":"NEP2235","PIN":null,"PID":5715661,"Designation1":"Lot 6","Designation2":"Block 4","Designation3":null,"ParcelStatus":"ACTIVE","RegionalDistrict":"0019","ParcelClass":"SUBDIVISION","SourceParcelID":"28025","GeometrySource":"ICF","IsRemainder":"NO","ParcelStartDate":null,"PositionalError":0.0325018,"LegalDescription":"LOT 6 BLOCK 4 SECTION 35 TOWNSHIP 9A KOOTENAY DISTRICT PLAN 2235","CaptureMethod":"COGO IN SOURCE","OwnerType":"PRIVATE","Compiled":1,"CreatedDate":"2016-09-20T23:24:06.000Z","ModifiedDate":"2021-08-30T18:34:18.000Z","StatedArea":null,"ErrorReportedBy":"PMBC-OPERATIONS","Municipality":"0121","OBJECTID":48681,"created_user":"SDE","created_date":"2024-11-12T16:15:31.000Z","last_edited_user":"SDE","last_edited_date":"2026-03-25T16:06:10.000Z","Shape__Area":578.37831994,"Shape__Length":96.9119923141009,"CommonName":null,"SourceGlobalID":"{639AFB6B-2E16-4C28-B272-F55FDDA079F6}","Comments":null,"UpdateStatus":"AUTO","UpdateSource":"PMBC"}},{"type":"Feature","geometry":{"type":"Polygon","coordinates":[[[-117.79416,49.071602],[-117.79413,49.071876],[-117.79388,49.071864],[-117.793817,49.071586],[-117.79416,49.071602]]]},"properties":{"GlobalID":"{9A226653-EE90-4FEF-AF57-3F8321836A8D}","Name":"013052683","PlanID":"{B5B7FDF6-176E-4CC5-9236-1A73A2801D04}","PlanNumber":"NEP62X","PIN":null,"PID":13052683,"Designation1":"Parcel 1","Designation2":"Lot 47","Designation3":null,"ParcelStatus":"ACTIVE","RegionalDistrict":"0019","ParcelClass":"SUBDIVISION","SourceParcelID":"28053","GeometrySource":"ICF","IsRemainder":"NO","ParcelStartDate":null,"PositionalError":1.41659973,"LegalDescription":"PARCEL 1 (REFERENCE PLAN 73451I) OF SUBLOT 47 TOWNSHIP 9A KOOTENAY DISTRICT PLAN X62","CaptureMethod":"COGO IN SOURCE","OwnerType":"PRIVATE","Compiled":1,"CreatedDate":"2016-09-20T23:24:06.000Z","ModifiedDate":"2021-08-30T18:34:18.000Z","StatedArea":"662.2","ErrorReportedBy":"LSA","Municipality":"0121","OBJECTID":48682,"created_user":"SDE","created_date":"2024-11-12T16:15:31.000Z","last_edited_user":"SDE","last_edited_date":"2026-03-25T16:06:10.000Z","Shape__Area":662.227395315,"Shape__Length":105.1766785564859,"CommonName":null,"SourceGlobalID":"{DBD94485-5023-4010-BCB4-F5F8F905B228}","Comments":null,"UpdateStatus":"AUTO","UpdateSource":"PMBC"}},{"type":"Feature","geometry":{"type":"Polygon","coordinates":[[[-117.796673,49.07435],[-117.796706,49.074076],[-117.796831,49.074082],[-117.7968,49.074356],[-117.796673,49.07435]]]},"properties":{"GlobalID":"{7D8CF2C7-A8E4-4A05-B7A1-395A4764CDBC}","Name":"016273168","PlanID":"{A0792FDB-3D54-492F-802F-2333A5D962E3}","PlanNumber":"NEP579","PIN":null,"PID":16273168,"Designation1":"Lot 10","Designation2":"Block 47","Designation3":null,"ParcelStatus":"ACTIVE","RegionalDistrict":"0019","ParcelClass":"SUBDIVISION","SourceParcelID":"28408","GeometrySource":"ICF","IsRemainder":"NO","ParcelStartDate":null,"PositionalError":0.35009335,"LegalDescription":"LOT 10 BLOCK 47 DISTRICT LOT 535 KOOTENAY DISTRICT PLAN 579","CaptureMethod":"COGO IN SOURCE","OwnerType":"PRIVATE","Compiled":1,"CreatedDate":"2016-09-20T23:24:06.000Z","ModifiedDate":"2021-08-30T18:34:18.000Z","StatedArea":null,"ErrorReportedBy":"PMBC-OPERATIONS","Municipality":"0121","OBJECTID":48683,"created_user":"SDE","created_date":"2024-11-12T16:15:31.000Z","last_edited_user":"SDE","last_edited_date":"2026-03-25T16:06:10.000Z","Shape__Area":281.93647894,"Shape__Length":79.49854912513075,"CommonName":null,"SourceGlobalID":"{2C511CF4-1979-4A03-BD55-8110ACDD8015}","Comments":null,"UpdateStatus":"AUTO","UpdateSource":"PMBC"}},{"type":"Feature","geometry":{"type":"Polygon","coordinates":[[[-117.798141,49.072832],[-117.798146,49.072788],[-117.798266,49.072832],[-117.798266,49.072839],[-117.798141,49.072832]]]},"properties":{"GlobalID":"{898B2985-6A31-4FFF-BAAB-FAFD45FD5180}","Name":"016736133","PlanID":"{9867DD5F-2121-4EBC-A87D-1A853DCE6047}","PlanNumber":"NEP579A","PIN":null,"PID":16736133,"Designation1":"Lot 16","Designation2":"Block 56","Designation3":null,"ParcelStatus":"ACTIVE","RegionalDistrict":"0019","ParcelClass":"SUBDIVISION","SourceParcelID":null,"GeometrySource":"ICF","IsRemainder":"NO","ParcelStartDate":null,"PositionalError":2.69342437,"LegalDescription":"THAT PART OF LOT 16 BLOCK 56 DISTRICT LOT 535 KOOTENAY DISTRICT PLAN 579A SHOWN RED ON PLAN 1661","CaptureMethod":"COGO IN SOURCE","OwnerType":"PRIVATE","Compiled":1,"CreatedDate":"2016-09-20T23:24:06.000Z","ModifiedDate":"2021-08-30T18:34:18.000Z","StatedArea":null,"ErrorReportedBy":"LSA","Municipality":"0121","OBJECTID":48684,"created_user":"SDE","created_date":"2024-11-12T16:15:31.000Z","last_edited_user":"SDE","last_edited_date":"2026-03-25T16:06:10.000Z","Shape__Area":25.85240654,"Shape__Length":24.885545500420964,"CommonName":null,"SourceGlobalID":"{1BBC9459-6EEA-426B-9FD8-AFACC26CF484}","Comments":null,"UpdateStatus":"AUTO","UpdateSource":"PMBC"}},{"type":"Feature","geometry":{"type":"Polygon","coordinates":[[[-117.799015,49.070603],[-117.798703,49.070589],[-117.798873,49.069],[-117.799185,49.069015],[-117.799015,49.070603]]]},"properties":{"GlobalID":"{734D40EE-FAE0-42E2-ADC4-CCFA91F4EAA8}","Name":"016344669","PlanID":"{B5B7FDF6-176E-4CC5-9236-1A73A2801D04}","PlanNumber":"NEP62X","PIN":null,"PID":16344669,"Designation1":"Lot 48","Designation2":null,"Designation3":null,"ParcelStatus":"ACTIVE","RegionalDistrict":"0019","ParcelClass":"SUBDIVISION","SourceParcelID":"25752","GeometrySource":"ICF","IsRemainder":"NO","ParcelStartDate":null,"PositionalError":1.68562394,"LegalDescription":"PARCEL 48 (SEE 30607I) SECTION 26 TOWNSHIP 9A KOOTENAY DISTRICT PLAN X62","CaptureMethod":"COGO IN SOURCE","OwnerType":"PRIVATE","Compiled":1,"CreatedDate":"2016-09-20T23:24:06.000Z","ModifiedDate":"2021-08-30T18:34:18.000Z","StatedArea":null,"ErrorReportedBy":"LSA","Municipality":"0121","OBJECTID":48685,"created_user":"SDE","created_date":"2024-11-12T16:15:31.000Z","last_edited_user":"SDE","last_edited_date":"2026-03-25T16:06:10.000Z","Shape__Area":4044.79825539,"Shape__Length":399.67749635090075,"CommonName":null,"SourceGlobalID":"{FB25CBF0-7E27-4A2E-9092-47AD5B70045C}","Comments":null,"UpdateStatus":"AUTO","UpdateSource":"PMBC"}},{"type":"Feature","geometry":{"type":"Polygon","coordinates":[[[-117.798146,49.072788],[-117.798141,49.072832],[-117.798016,49.072826],[-117.798025,49.072744],[-117.798146,49.072788]]]},"properties":{"GlobalID":"{F0AEB17E-AA1C-4336-9846-0AFB08B2EE5F}","Name":"016736125","PlanID":"{9867DD5F-2121-4EBC-A87D-1A853DCE6047}","PlanNumber":"NEP579A","PIN":null,"PID":16736125,"Designation1":"Lot 15","Designation2":"Block 56","Designation3":null,"ParcelStatus":"ACTIVE","RegionalDistrict":"0019","ParcelClass":"SUBDIVISION","SourceParcelID":null,"GeometrySource":"ICF","IsRemainder":"NO","ParcelStartDate":null,"PositionalError":2.81777769,"LegalDescription":"THAT PART OF LOT 15 BLOCK 56 DISTRICT LOT 535 KOOTENAY DISTRICT PLAN 579A SHOWN RED ON PLAN 1661","CaptureMethod":"COGO IN SOURCE","OwnerType":"PRIVATE","Compiled":1,"CreatedDate":"2016-09-20T23:24:06.000Z","ModifiedDate":"2021-08-30T18:34:18.000Z","StatedArea":null,"ErrorReportedBy":"LSA","Municipality":"0121","OBJECTID":48686,"created_user":"SDE","created_date":"2024-11-12T16:15:31.000Z","last_edited_user":"SDE","last_edited_date":"2026-03-25T16:06:10.000Z","Shape__Area":64.804326065,"Shape__Length":33.4094756576971,"CommonName":null,"SourceGlobalID":"{491561A4-AC40-44AF-95CC-670F31075C2E}","Comments":null,"UpdateStatus":"AUTO","UpdateSource":"PMBC"}},{"type":"Feature","geometry":{"type":"Polygon","coordinates":[[[-117.79416,49.071602],[-117.793971,49.071535],[-117.793788,49.071469],[-117.793764,49.07137],[-117.793843,49.071184],[-117.794184,49.071303],[-117.796037,49.071953],[-117.795551,49.071934],[-117.795064,49.071914],[-117.795064,49.071914],[-117.79416,49.071602]]]},"properties":{"GlobalID":"{5CFEE3DE-55CD-4427-8889-78AD95F51954}","Name":"016702417","PlanID":"{6C0BE868-FDB6-4657-BA73-1E7D0500AE57}","PlanNumber":"NEP1661","PIN":null,"PID":16702417,"Designation1":"Lot 47","Designation2":"","Designation3":"","ParcelStatus":"ACTIVE","RegionalDistrict":"0019","ParcelClass":"SUBDIVISION","SourceParcelID":null,"GeometrySource":"ICF","IsRemainder":"NO","ParcelStartDate":null,"PositionalError":2.0023801,"LegalDescription":"THAT PART OF PARCEL 47 SECTION 26 TOWNSHIP 9A KOOTENAY DISTRICT PLAN X-62 SHOWN COLOURED RED ON PLAN 1661","CaptureMethod":"COGO IN SOURCE","OwnerType":"PRIVATE","Compiled":0,"CreatedDate":"2021-05-18T22:19:39.000Z","ModifiedDate":"2026-01-05T18:53:56.000Z","StatedArea":null,"ErrorReportedBy":null,"Municipality":"0121","OBJECTID":48687,"created_user":"SDE","created_date":"2024-11-12T16:15:31.000Z","last_edited_user":"SDE","last_edited_date":"2026-03-25T16:06:10.000Z","Shape__Area":4334.34891371,"Shape__Length":391.06209275647336,"CommonName":null,"SourceGlobalID":"{06CF8B54-E3EA-4353-81CE-80F0124524F7}","Comments":null,"UpdateStatus":"AUTO","UpdateSource":"PMBC"}},{"type":"Feature","geometry":{"type":"Polygon","coordinates":[[[-117.798666,49.07149],[-117.798791,49.071496],[-117.798915,49.071502],[-117.798885,49.071775],[-117.79876,49.071769],[-117.798636,49.071763],[-117.798511,49.071757],[-117.798386,49.071751],[-117.798261,49.071745],[-117.798137,49.071739],[-117.798167,49.071466],[-117.798292,49.071472],[-117.798416,49.071478],[-117.798541,49.071484],[-117.798666,49.07149]]]},"properties":{"GlobalID":"{AA4C29FC-7381-40F8-9B61-2C3F7D54C999}","Name":"023793147","PlanID":"{9867DD5F-2121-4EBC-A87D-1A853DCE6047}","PlanNumber":"NEP579A","PIN":null,"PID":23793147,"Designation1":"Parcel A","Designation2":"Block 59","Designation3":null,"ParcelStatus":"ACTIVE","RegionalDistrict":"0019","ParcelClass":"SUBDIVISION","SourceParcelID":"27865","GeometrySource":"ICF","IsRemainder":"NO","ParcelStartDate":"1997-07-02T07:00:00.000Z","PositionalError":3.66793336,"LegalDescription":"PARCEL A (KL67454) BLOCK 59 DISTRICT LOT 535 KOOTENAY DISTRICT PLAN 579A","CaptureMethod":"COGO IN SOURCE","OwnerType":"PRIVATE","Compiled":1,"CreatedDate":"2016-09-20T23:24:06.000Z","ModifiedDate":"2021-08-30T18:34:18.000Z","StatedArea":null,"ErrorReportedBy":"LSA","Municipality":"0121","OBJECTID":48688,"created_user":"SDE","created_date":"2024-11-12T16:15:31.000Z","last_edited_user":"SDE","last_edited_date":"2026-03-25T16:06:10.000Z","Shape__Area":1669.1565429,"Shape__Length":170.5325547863181,"CommonName":null,"SourceGlobalID":"{A782CF5C-58FB-40A0-81C3-35DAA22EDA8D}","Comments":null,"UpdateStatus":"AUTO","UpdateSource":"PMBC"}},{"type":"Feature","geometry":{"type":"Polygon","coordinates":[[[-117.795813,49.073931],[-117.795567,49.073897],[-117.795617,49.073619],[-117.795865,49.073639],[-117.795813,49.073931]]]},"properties":{"GlobalID":"{53DBBB04-166D-4B4C-971C-61ED09129BA8}","Name":"015444007","PlanID":"{06576297-2508-434E-9EE1-A083A33E86D8}","PlanNumber":"NEP2235","PIN":null,"PID":15444007,"Designation1":"Lot 3","Designation2":"Block 4","Designation3":null,"ParcelStatus":"ACTIVE","RegionalDistrict":"0019","ParcelClass":"SUBDIVISION","SourceParcelID":"28022","GeometrySource":"ICF","IsRemainder":"NO","ParcelStartDate":null,"PositionalError":0.31237285,"LegalDescription":"LOT 3 BLOCK 4 TOWNSHIP 9A KOOTENAY DISTRICT PLAN 2235","CaptureMethod":"COGO IN SOURCE","OwnerType":"PRIVATE","Compiled":1,"CreatedDate":"2016-09-20T23:24:06.000Z","ModifiedDate":"2021-08-30T18:34:18.000Z","StatedArea":null,"ErrorReportedBy":"PMBC-OPERATIONS","Municipality":"0121","OBJECTID":48689,"created_user":"SDE","created_date":"2024-11-12T16:15:31.000Z","last_edited_user":"SDE","last_edited_date":"2026-03-25T16:06:10.000Z","Shape__Area":582.82714765,"Shape__Length":100.42075946735615,"CommonName":null,"SourceGlobalID":"{DC846A96-655B-4907-8F5A-CB13A600044F}","Comments":null,"UpdateStatus":"AUTO","UpdateSource":"PMBC"}},{"type":"Feature","geometry":{"type":"Polygon","coordinates":[[[-117.798266,49.072832],[-117.798286,49.07284],[-117.798266,49.072839],[-117.798266,49.072832]]]},"properties":{"GlobalID":"{769D5288-89B3-41DD-96E7-48315AC53595}","Name":"016736141","PlanID":"{9867DD5F-2121-4EBC-A87D-1A853DCE6047}","PlanNumber":"NEP579A","PIN":null,"PID":16736141,"Designation1":"Lot 17","Designation2":"Block 56","Designation3":null,"ParcelStatus":"ACTIVE","RegionalDistrict":"0019","ParcelClass":"SUBDIVISION","SourceParcelID":null,"GeometrySource":"ICF","IsRemainder":"NO","ParcelStartDate":null,"PositionalError":2.53822751,"LegalDescription":"THAT PART OF LOT 17 BLOCK 56 DISTRICT LOT 535 KOOTENAY DISTRICT PLAN 579A SHOWN RED ON PLAN 1661","CaptureMethod":"COGO IN SOURCE","OwnerType":"PRIVATE","Compiled":1,"CreatedDate":"2016-09-20T23:24:06.000Z","ModifiedDate":"2021-08-30T18:34:18.000Z","StatedArea":null,"ErrorReportedBy":"LSA","Municipality":"0121","OBJECTID":48690,"created_user":"SDE","created_date":"2024-11-12T16:15:31.000Z","last_edited_user":"SDE","last_edited_date":"2026-03-25T16:06:10.000Z","Shape__Area":0.52135671,"Shape__Length":3.8422298675589306,"CommonName":null,"SourceGlobalID":"{DB63AF6B-F1D0-47BB-8ECC-D0F2E48EA0FD}","Comments":null,"UpdateStatus":"AUTO","UpdateSource":"PMBC"}},{"type":"Feature","geometry":{"type":"Polygon","coordinates":[[[-117.796059,49.073965],[-117.796114,49.073659],[-117.796366,49.073679],[-117.796359,49.073741],[-117.796332,49.074003],[-117.796059,49.073965]]]},"properties":{"GlobalID":"{E6025BF9-072F-47E2-A51F-CD48879BE8D7}","Name":"015505154","PlanID":"{06576297-2508-434E-9EE1-A083A33E86D8}","PlanNumber":"NEP2235","PIN":null,"PID":15505154,"Designation1":"Lot 1","Designation2":"Block 4","Designation3":null,"ParcelStatus":"ACTIVE","RegionalDistrict":"0019","ParcelClass":"SUBDIVISION","SourceParcelID":"28434","GeometrySource":"ICF","IsRemainder":"NO","ParcelStartDate":null,"PositionalError":0.36218333,"LegalDescription":"LOT 1 BLOCK 4 TOWNSHIP 9A KOOTENAY DISTRICT PLAN 2235","CaptureMethod":"COGO IN SOURCE","OwnerType":"PRIVATE","Compiled":1,"CreatedDate":"2016-09-20T23:24:06.000Z","ModifiedDate":"2021-08-30T18:34:18.000Z","StatedArea":null,"ErrorReportedBy":"PMBC-OPERATIONS","Municipality":"0121","OBJECTID":48691,"created_user":"SDE","created_date":"2024-11-12T16:15:31.000Z","last_edited_user":"SDE","last_edited_date":"2026-03-25T16:06:10.000Z","Shape__Area":681.103547025,"Shape__Length":109.24305333530283,"CommonName":null,"SourceGlobalID":"{188964B0-74F9-46F0-98CD-DE61FA011AFA}","Comments":null,"UpdateStatus":"AUTO","UpdateSource":"PMBC"}},{"type":"Feature","geometry":{"type":"Polygon","coordinates":[[[-117.793639,49.073626],[-117.79352,49.073503],[-117.793916,49.073178],[-117.79408,49.073263],[-117.793639,49.073626]]]},"properties":{"GlobalID":"{8495B3EF-A856-4E9C-A840-05D6EDCFABC3}","Name":"010370536","PlanID":"{06576297-2508-434E-9EE1-A083A33E86D8}","PlanNumber":"NEP2235","PIN":null,"PID":10370536,"Designation1":"Lot 6","Designation2":"Block 2","Designation3":null,"ParcelStatus":"ACTIVE","RegionalDistrict":"0019","ParcelClass":"SUBDIVISION","SourceParcelID":"28065","GeometrySource":"ICF","IsRemainder":"NO","ParcelStartDate":null,"PositionalError":1.22599263,"LegalDescription":"LOT 6 BLOCK 2 TOWNSHIP 9A KOOTENAY DISTRICT PLAN 2235","CaptureMethod":"COGO IN SOURCE","OwnerType":"PRIVATE","Compiled":1,"CreatedDate":"2016-09-20T23:24:06.000Z","ModifiedDate":"2021-08-30T18:34:18.000Z","StatedArea":null,"ErrorReportedBy":"PMBC-OPERATIONS","Municipality":"0121","OBJECTID":48692,"created_user":"SDE","created_date":"2024-11-12T16:15:31.000Z","last_edited_user":"SDE","last_edited_date":"2026-03-25T16:06:10.000Z","Shape__Area":750.446853205,"Shape__Length":129.41432904499015,"CommonName":null,"SourceGlobalID":"{3A104909-B9CF-41C9-9E4E-04A4E024EFB7}","Comments":null,"UpdateStatus":"AUTO","UpdateSource":"PMBC"}},{"type":"Feature","geometry":{"type":"Polygon","coordinates":[[[-117.79633,49.074014],[-117.796332,49.074003],[-117.796359,49.073741],[-117.796493,49.073747],[-117.796462,49.074021],[-117.79633,49.074014]]]},"properties":{"GlobalID":"{1F0805B6-3CED-44C0-BFA6-C4B6F694F59B}","Name":"011668164","PlanID":"{A0792FDB-3D54-492F-802F-2333A5D962E3}","PlanNumber":"NEP579","PIN":null,"PID":11668164,"Designation1":"Lot 6","Designation2":"Block 47","Designation3":null,"ParcelStatus":"ACTIVE","RegionalDistrict":"0019","ParcelClass":"SUBDIVISION","SourceParcelID":"28435","GeometrySource":"ICF","IsRemainder":"NO","ParcelStartDate":null,"PositionalError":0.03131016,"LegalDescription":"LOT 6 BLOCK 47 DISTRICT LOT 535 KOOTENAY DISTRICT PLAN 579","CaptureMethod":"COGO IN SOURCE","OwnerType":"PRIVATE","Compiled":1,"CreatedDate":"2016-09-20T23:24:06.000Z","ModifiedDate":"2021-08-30T18:34:18.000Z","StatedArea":null,"ErrorReportedBy":"PMBC-OPERATIONS","Municipality":"0121","OBJECTID":48693,"created_user":"SDE","created_date":"2024-11-12T16:15:31.000Z","last_edited_user":"SDE","last_edited_date":"2026-03-25T16:06:10.000Z","Shape__Area":295.14233721,"Shape__Length":80.30601510805589,"CommonName":null,"SourceGlobalID":"{7ED28441-3313-4E2D-A722-EE27A2535791}","Comments":null,"UpdateStatus":"AUTO","UpdateSource":"PMBC"}},{"type":"Feature","geometry":{"type":"Polygon","coordinates":[[[-117.796301,49.074277],[-117.795773,49.074148],[-117.795801,49.073986],[-117.796326,49.074058],[-117.796301,49.074277]]]},"properties":{"GlobalID":"{A3B71251-2E92-4CF7-B290-C4527FAF3BA6}","Name":"015529681","PlanID":"{06576297-2508-434E-9EE1-A083A33E86D8}","PlanNumber":"NEP2235","PIN":null,"PID":15529681,"Designation1":"Lot 10","Designation2":"Block 4","Designation3":null,"ParcelStatus":"ACTIVE","RegionalDistrict":"0019","ParcelClass":"SUBDIVISION","SourceParcelID":"25842","GeometrySource":"ICF","IsRemainder":"NO","ParcelStartDate":null,"PositionalError":1.06894107,"LegalDescription":"LOT 10 BLOCK 4 TOWNSHIP 9A KOOTENAY DISTRICT PLAN 2235","CaptureMethod":"COGO IN SOURCE","OwnerType":"PRIVATE","Compiled":1,"CreatedDate":"2016-09-20T23:24:06.000Z","ModifiedDate":"2021-08-30T18:34:18.000Z","StatedArea":null,"ErrorReportedBy":"PMBC-OPERATIONS","Municipality":"0121","OBJECTID":48694,"created_user":"SDE","created_date":"2024-11-12T16:15:31.000Z","last_edited_user":"SDE","last_edited_date":"2026-03-25T16:06:10.000Z","Shape__Area":835.480803015,"Shape__Length":122.81913007367616,"CommonName":null,"SourceGlobalID":"{1B1CE537-DA62-427B-9A5D-95046806E926}","Comments":null,"UpdateStatus":"AUTO","UpdateSource":"PMBC"}},{"type":"Feature","geometry":{"type":"Polygon","coordinates":[[[-117.795773,49.074148],[-117.795695,49.074129],[-117.795282,49.07408],[-117.795305,49.073917],[-117.795801,49.073986],[-117.795773,49.074148]]]},"properties":{"GlobalID":"{5B7CCC13-8B5D-492D-A667-C8128785F207}","Name":"015529673","PlanID":"{06576297-2508-434E-9EE1-A083A33E86D8}","PlanNumber":"NEP2235","PIN":null,"PID":15529673,"Designation1":"Lot 9","Designation2":"Block 4","Designation3":null,"ParcelStatus":"ACTIVE","RegionalDistrict":"0019","ParcelClass":"SUBDIVISION","SourceParcelID":"28020","GeometrySource":"ICF","IsRemainder":"NO","ParcelStartDate":null,"PositionalError":2.58576558,"LegalDescription":"LOT 9 BLOCK 4 TOWNSHIP 9A KOOTENAY DISTRICT PLAN 2235","CaptureMethod":"COGO IN SOURCE","OwnerType":"PRIVATE","Compiled":1,"CreatedDate":"2016-09-20T23:24:06.000Z","ModifiedDate":"2021-08-30T18:34:18.000Z","StatedArea":null,"ErrorReportedBy":"PMBC-OPERATIONS","Municipality":"0121","OBJECTID":48695,"created_user":"SDE","created_date":"2024-11-12T16:15:31.000Z","last_edited_user":"SDE","last_edited_date":"2026-03-25T16:06:10.000Z","Shape__Area":650.779521895,"Shape__Length":110.17332387059373,"CommonName":null,"SourceGlobalID":"{E0A1FFB9-E230-483A-8276-075DCFE82FDF}","Comments":null,"UpdateStatus":"AUTO","UpdateSource":"PMBC"}},{"type":"Feature","geometry":{"type":"Polygon","coordinates":[[[-117.793107,49.073183],[-117.792966,49.07308],[-117.79326,49.072836],[-117.793424,49.072921],[-117.793107,49.073183]]]},"properties":{"GlobalID":"{7667F6C3-F9F8-41A8-ADA3-B387662E01D8}","Name":"010021370","PlanID":"{06576297-2508-434E-9EE1-A083A33E86D8}","PlanNumber":"NEP2235","PIN":null,"PID":10021370,"Designation1":"Lot 10","Designation2":"Block 2","Designation3":null,"ParcelStatus":"ACTIVE","RegionalDistrict":"0019","ParcelClass":"SUBDIVISION","SourceParcelID":"28040","GeometrySource":"ICF","IsRemainder":"NO","ParcelStartDate":null,"PositionalError":0.69292997,"LegalDescription":"LOT 10 BLOCK 2 TOWNSHIP 9A KOOTENAY DISTRICT PLAN 2235","CaptureMethod":"COGO IN SOURCE","OwnerType":"PRIVATE","Compiled":1,"CreatedDate":"2016-09-20T23:24:06.000Z","ModifiedDate":"2021-08-30T18:34:18.000Z","StatedArea":null,"ErrorReportedBy":"PMBC-OPERATIONS","Municipality":"0121","OBJECTID":48696,"created_user":"SDE","created_date":"2024-11-12T16:15:31.000Z","last_edited_user":"SDE","last_edited_date":"2026-03-25T16:06:10.000Z","Shape__Area":547.13209212,"Shape__Length":102.50484279065832,"CommonName":null,"SourceGlobalID":"{9EF555C4-F561-49FB-899D-0328C4A199FD}","Comments":null,"UpdateStatus":"AUTO","UpdateSource":"PMBC"}},{"type":"Feature","geometry":{"type":"Polygon","coordinates":[[[-117.794338,49.071884],[-117.794165,49.072133],[-117.794138,49.072127],[-117.793924,49.072088],[-117.793908,49.072066],[-117.79388,49.071864],[-117.79413,49.071876],[-117.794338,49.071884]]]},"properties":{"GlobalID":"{E9928799-D1B2-4309-BA8F-12B66FB604F4}","Name":"015469476","PlanID":"{06576297-2508-434E-9EE1-A083A33E86D8}","PlanNumber":"NEP2235","PIN":null,"PID":15469476,"Designation1":"Lot 8","Designation2":"Block 6","Designation3":null,"ParcelStatus":"ACTIVE","RegionalDistrict":"0019","ParcelClass":"SUBDIVISION","SourceParcelID":"28052","GeometrySource":"ICF","IsRemainder":"NO","ParcelStartDate":null,"PositionalError":0.13610324,"LegalDescription":"LOT 8 BLOCK 6 TOWNSHIP 9A KOOTENAY DISTRICT PLAN 2235","CaptureMethod":"COGO IN SOURCE","OwnerType":"PRIVATE","Compiled":1,"CreatedDate":"2016-09-20T23:24:06.000Z","ModifiedDate":"2021-08-30T18:34:18.000Z","StatedArea":null,"ErrorReportedBy":"LSA","Municipality":"0121","OBJECTID":48697,"created_user":"SDE","created_date":"2024-11-12T16:15:31.000Z","last_edited_user":"SDE","last_edited_date":"2026-03-25T16:06:10.000Z","Shape__Area":695.310689845,"Shape__Length":107.36747065208557,"CommonName":null,"SourceGlobalID":"{A63840B3-EAFC-4862-B4D8-AC4F4205BE1F}","Comments":null,"UpdateStatus":"AUTO","UpdateSource":"PMBC"}},{"type":"Feature","geometry":{"type":"Polygon","coordinates":[[[-117.796493,49.073747],[-117.796617,49.073753],[-117.796587,49.074027],[-117.796462,49.074021],[-117.796493,49.073747]]]},"properties":{"GlobalID":"{4CE11292-FA9C-49CB-8AFA-D874F1DD3649}","Name":"011667613","PlanID":"{A0792FDB-3D54-492F-802F-2333A5D962E3}","PlanNumber":"NEP579","PIN":null,"PID":11667613,"Designation1":"Lot 5","Designation2":"Block 47","Designation3":null,"ParcelStatus":"ACTIVE","RegionalDistrict":"0019","ParcelClass":"SUBDIVISION","SourceParcelID":"25786","GeometrySource":"ICF","IsRemainder":"NO","ParcelStartDate":null,"PositionalError":0.02904761,"LegalDescription":"LOT 5 BLOCK 47 DISTRICT LOT 535 KOOTENAY DISTRICT PLAN 579","CaptureMethod":"COGO IN SOURCE","OwnerType":"PRIVATE","Compiled":1,"CreatedDate":"2016-09-20T23:24:06.000Z","ModifiedDate":"2021-08-30T18:34:18.000Z","StatedArea":null,"ErrorReportedBy":"PMBC-OPERATIONS","Municipality":"0121","OBJECTID":48698,"created_user":"SDE","created_date":"2024-11-12T16:15:31.000Z","last_edited_user":"SDE","last_edited_date":"2026-03-25T16:06:10.000Z","Shape__Area":278.429589345,"Shape__Length":79.2082700145467,"CommonName":null,"SourceGlobalID":"{6CA5D82F-FCDC-4F58-B58E-B3B8C88AE78F}","Comments":null,"UpdateStatus":"AUTO","UpdateSource":"PMBC"}},{"type":"Feature","geometry":{"type":"Polygon","coordinates":[[[-117.793588,49.073007],[-117.793752,49.073092],[-117.79339,49.073389],[-117.793249,49.073286],[-117.793588,49.073007]]]},"properties":{"GlobalID":"{7AB0CC3A-89FD-4B52-8719-6EDAD2E5C37B}","Name":"015469565","PlanID":"{06576297-2508-434E-9EE1-A083A33E86D8}","PlanNumber":"NEP2235","PIN":null,"PID":15469565,"Designation1":"Lot 8","Designation2":"Block 2","Designation3":null,"ParcelStatus":"ACTIVE","RegionalDistrict":"0019","ParcelClass":"SUBDIVISION","SourceParcelID":"28042","GeometrySource":"ICF","IsRemainder":"NO","ParcelStartDate":null,"PositionalError":0.87981932,"LegalDescription":"LOT 8 BLOCK 2 TOWNSHIP 9A KOOTENAY DISTRICT PLAN 2235","CaptureMethod":"COGO IN SOURCE","OwnerType":"PRIVATE","Compiled":1,"CreatedDate":"2016-09-20T23:24:06.000Z","ModifiedDate":"2021-08-30T18:34:18.000Z","StatedArea":null,"ErrorReportedBy":"PMBC-OPERATIONS","Municipality":"0121","OBJECTID":48699,"created_user":"SDE","created_date":"2024-11-12T16:15:31.000Z","last_edited_user":"SDE","last_edited_date":"2026-03-25T16:06:10.000Z","Shape__Area":624.292433465,"Shape__Length":112.59255168425094,"CommonName":null,"SourceGlobalID":"{DB62E205-4F6C-4B7A-A1D6-8DAC7B0FC27B}","Comments":null,"UpdateStatus":"AUTO","UpdateSource":"PMBC"}},{"type":"Feature","geometry":{"type":"Polygon","coordinates":[[[-117.796617,49.073753],[-117.796846,49.073764],[-117.796815,49.074038],[-117.796587,49.074027],[-117.796617,49.073753]]]},"properties":{"GlobalID":"{2C9AF30A-E3B7-4FE2-9C5C-083BAA12A36D}","Name":"026382024","PlanID":"{CCB798BD-25AB-470E-9AE1-15EE76CD0EC8}","PlanNumber":"NEP78725","PIN":null,"PID":26382024,"Designation1":"Lot B","Designation2":null,"Designation3":null,"ParcelStatus":"ACTIVE","RegionalDistrict":"0019","ParcelClass":"SUBDIVISION","SourceParcelID":"28873","GeometrySource":"ICF","IsRemainder":"NO","ParcelStartDate":"2005-08-17T07:00:00.000Z","PositionalError":0.10954044,"LegalDescription":"LOT B DISTRICT LOT 535 KOOTENAY DISTRICT PLAN NEP78725","CaptureMethod":"COGO IN SOURCE","OwnerType":"PRIVATE","Compiled":1,"CreatedDate":"2016-09-20T23:24:06.000Z","ModifiedDate":"2021-08-30T18:34:18.000Z","StatedArea":null,"ErrorReportedBy":"PMBC-OPERATIONS","Municipality":"0121","OBJECTID":48700,"created_user":"SDE","created_date":"2024-11-12T16:15:31.000Z","last_edited_user":"SDE","last_edited_date":"2026-03-25T16:06:10.000Z","Shape__Area":509.909561885,"Shape__Length":94.41209057002584,"CommonName":null,"SourceGlobalID":"{D7DD7C13-3C67-4573-9E4E-130EDF5C0B90}","Comments":null,"UpdateStatus":"AUTO","UpdateSource":"PMBC"}},{"type":"Feature","geometry":{"type":"Polygon","coordinates":[[[-117.796673,49.07435],[-117.796548,49.074343],[-117.796581,49.07407],[-117.796706,49.074076],[-117.796673,49.07435]]]},"properties":{"GlobalID":"{55513632-4A13-4CA7-9E34-531751FF28CB}","Name":"016273117","PlanID":"{A0792FDB-3D54-492F-802F-2333A5D962E3}","PlanNumber":"NEP579","PIN":null,"PID":16273117,"Designation1":"Lot 9","Designation2":"Block 47","Designation3":null,"ParcelStatus":"ACTIVE","RegionalDistrict":"0019","ParcelClass":"SUBDIVISION","SourceParcelID":"28407","GeometrySource":"ICF","IsRemainder":"NO","ParcelStartDate":null,"PositionalError":0.41097908,"LegalDescription":"LOT 9 BLOCK 47 DISTRICT LOT 535 KOOTENAY DISTRICT PLAN 579","CaptureMethod":"COGO IN SOURCE","OwnerType":"PRIVATE","Compiled":1,"CreatedDate":"2016-09-20T23:24:06.000Z","ModifiedDate":"2021-08-30T18:34:18.000Z","StatedArea":null,"ErrorReportedBy":"PMBC-OPERATIONS","Municipality":"0121","OBJECTID":48701,"created_user":"SDE","created_date":"2024-11-12T16:15:31.000Z","last_edited_user":"SDE","last_edited_date":"2026-03-25T16:06:10.000Z","Shape__Area":279.388947375,"Shape__Length":79.35926918799397,"CommonName":null,"SourceGlobalID":"{682C3BB2-6CA6-4B59-8016-877BA499BC82}","Comments":null,"UpdateStatus":"AUTO","UpdateSource":"PMBC"}},{"type":"Feature","geometry":{"type":"Polygon","coordinates":[[[-117.795865,49.073639],[-117.796114,49.073659],[-117.796059,49.073965],[-117.795813,49.073931],[-117.795865,49.073639]]]},"properties":{"GlobalID":"{E347F539-8AAA-4A8B-80B8-BD1DA15D8F78}","Name":"005183481","PlanID":"{06576297-2508-434E-9EE1-A083A33E86D8}","PlanNumber":"NEP2235","PIN":null,"PID":5183481,"Designation1":"Lot 2","Designation2":"Block 4","Designation3":null,"ParcelStatus":"ACTIVE","RegionalDistrict":"0019","ParcelClass":"SUBDIVISION","SourceParcelID":"28021","GeometrySource":"ICF","IsRemainder":"NO","ParcelStartDate":null,"PositionalError":0.36218333,"LegalDescription":"LOT 2 BLOCK 4 TOWNSHIP 9A KOOTENAY DISTRICT PLAN 2235","CaptureMethod":"COGO IN SOURCE","OwnerType":"PRIVATE","Compiled":1,"CreatedDate":"2016-09-20T23:24:06.000Z","ModifiedDate":"2021-08-30T18:34:18.000Z","StatedArea":null,"ErrorReportedBy":"PMBC-OPERATIONS","Municipality":"0121","OBJECTID":48702,"created_user":"SDE","created_date":"2024-11-12T16:15:31.000Z","last_edited_user":"SDE","last_edited_date":"2026-03-25T16:06:10.000Z","Shape__Area":613.08492862,"Shape__Length":103.67195223605005,"CommonName":null,"SourceGlobalID":"{30FAB48C-79AF-4756-AA04-FE2279B97FF8}","Comments":null,"UpdateStatus":"AUTO","UpdateSource":"PMBC"}},{"type":"Feature","geometry":{"type":"Polygon","coordinates":[[[-117.79339,49.073389],[-117.793752,49.073092],[-117.793916,49.073178],[-117.79352,49.073503],[-117.793451,49.073432],[-117.79339,49.073389]]]},"properties":{"GlobalID":"{93E48261-8F4A-4923-B157-16771FFFE30F}","Name":"008617775","PlanID":"{06576297-2508-434E-9EE1-A083A33E86D8}","PlanNumber":"NEP2235","PIN":null,"PID":8617775,"Designation1":"Lot 7","Designation2":"Block 2","Designation3":null,"ParcelStatus":"ACTIVE","RegionalDistrict":"0019","ParcelClass":"SUBDIVISION","SourceParcelID":"28695","GeometrySource":"ICF","IsRemainder":"NO","ParcelStartDate":null,"PositionalError":1.0411727,"LegalDescription":"LOT 7 BLOCK 2 TOWNSHIP 9A KOOTENAY DISTRICT PLAN 2235","CaptureMethod":"COGO IN SOURCE","OwnerType":"PRIVATE","Compiled":1,"CreatedDate":"2016-09-20T23:24:06.000Z","ModifiedDate":"2021-08-30T18:34:18.000Z","StatedArea":null,"ErrorReportedBy":"PMBC-OPERATIONS","Municipality":"0121","OBJECTID":48703,"created_user":"SDE","created_date":"2024-11-12T16:15:31.000Z","last_edited_user":"SDE","last_edited_date":"2026-03-25T16:06:10.000Z","Shape__Area":672.291388685,"Shape__Length":119.70117860522429,"CommonName":null,"SourceGlobalID":"{53438877-C952-4DFF-AA91-54D8F146E235}","Comments":null,"UpdateStatus":"AUTO","UpdateSource":"PMBC"}},{"type":"Feature","geometry":{"type":"Polygon","coordinates":[[[-117.797891,49.07282],[-117.797767,49.072814],[-117.797784,49.072655],[-117.797905,49.072699],[-117.797891,49.07282]]]},"properties":{"GlobalID":"{03FE8E71-8E56-4085-8D05-0D64873038E8}","Name":"016736109","PlanID":"{9867DD5F-2121-4EBC-A87D-1A853DCE6047}","PlanNumber":"NEP579A","PIN":null,"PID":16736109,"Designation1":"Lot 13","Designation2":"Block 56","Designation3":null,"ParcelStatus":"ACTIVE","RegionalDistrict":"0019","ParcelClass":"SUBDIVISION","SourceParcelID":null,"GeometrySource":"ICF","IsRemainder":"NO","ParcelStartDate":null,"PositionalError":3.03490642,"LegalDescription":"THAT PART OF LOT 13 BLOCK 56 DISTRICT LOT 535 KOOTENAY DISTRICT PLAN 579A SHOWN RED ON PLAN 1661","CaptureMethod":"COGO IN SOURCE","OwnerType":"PRIVATE","Compiled":1,"CreatedDate":"2016-09-20T23:24:06.000Z","ModifiedDate":"2021-08-30T18:34:18.000Z","StatedArea":null,"ErrorReportedBy":"LSA","Municipality":"0121","OBJECTID":48704,"created_user":"SDE","created_date":"2024-11-12T16:15:31.000Z","last_edited_user":"SDE","last_edited_date":"2026-03-25T16:06:10.000Z","Shape__Area":142.700347085,"Shape__Length":50.45742076681295,"CommonName":null,"SourceGlobalID":"{0EE7448A-B50B-4E4B-8DD9-F07A2B671B3F}","Comments":null,"UpdateStatus":"AUTO","UpdateSource":"PMBC"}},{"type":"Feature","geometry":{"type":"Polygon","coordinates":[[[-117.795618,49.073414],[-117.795549,49.073239],[-117.795544,49.073228],[-117.795915,49.073167],[-117.795898,49.073327],[-117.795887,49.073437],[-117.795618,49.073414]]]},"properties":{"GlobalID":"{3BE2E130-1C21-4150-BAE8-8621894FF3C3}","Name":"015364020","PlanID":"{06576297-2508-434E-9EE1-A083A33E86D8}","PlanNumber":"NEP2235","PIN":null,"PID":15364020,"Designation1":"Lot 1","Designation2":"Block 6","Designation3":null,"ParcelStatus":"ACTIVE","RegionalDistrict":"0019","ParcelClass":"SUBDIVISION","SourceParcelID":"28049","GeometrySource":"ICF","IsRemainder":"NO","ParcelStartDate":null,"PositionalError":0.20117286,"LegalDescription":"LOT 1 BLOCK 6 TOWNSHIP 9A KOOTENAY DISTRICT PLAN 2235","CaptureMethod":"COGO IN SOURCE","OwnerType":"PRIVATE","Compiled":1,"CreatedDate":"2016-09-20T23:24:06.000Z","ModifiedDate":"2026-01-05T18:53:56.000Z","StatedArea":null,"ErrorReportedBy":"PMBC-OPERATIONS","Municipality":"0121","OBJECTID":48705,"created_user":"SDE","created_date":"2024-11-12T16:15:31.000Z","last_edited_user":"SDE","last_edited_date":"2026-03-25T16:06:10.000Z","Shape__Area":596.448494145,"Shape__Length":99.25256991189683,"CommonName":null,"SourceGlobalID":"{CF36821C-69FC-4133-9B8B-3044AE70C70F}","Comments":null,"UpdateStatus":"AUTO","UpdateSource":"PMBC"}},{"type":"Feature","geometry":{"type":"Polygon","coordinates":[[[-117.794469,49.073528],[-117.794827,49.073556],[-117.794783,49.073789],[-117.794624,49.073767],[-117.794475,49.073587],[-117.794469,49.073528]]]},"properties":{"GlobalID":"{E1BE762F-1C65-4E14-821A-8151D93CFE69}","Name":"015469123","PlanID":"{06576297-2508-434E-9EE1-A083A33E86D8}","PlanNumber":"NEP2235","PIN":null,"PID":15469123,"Designation1":"Lot 7","Designation2":"Block 4","Designation3":null,"ParcelStatus":"ACTIVE","RegionalDistrict":"0019","ParcelClass":"SUBDIVISION","SourceParcelID":"28516","GeometrySource":"ICF","IsRemainder":"NO","ParcelStartDate":null,"PositionalError":0.0342566,"LegalDescription":"LOT 7 BLOCK 4 TOWNSHIP 9A KOOTENAY DISTRICT PLAN 2235","CaptureMethod":"COGO IN SOURCE","OwnerType":"PRIVATE","Compiled":1,"CreatedDate":"2016-09-20T23:24:06.000Z","ModifiedDate":"2021-08-30T18:34:18.000Z","StatedArea":null,"ErrorReportedBy":"PMBC-OPERATIONS","Municipality":"0121","OBJECTID":48706,"created_user":"SDE","created_date":"2024-11-12T16:15:31.000Z","last_edited_user":"SDE","last_edited_date":"2026-03-25T16:06:10.000Z","Shape__Area":514.31472646,"Shape__Length":93.58189817744046,"CommonName":null,"SourceGlobalID":"{C19D8DCD-3EBE-42D2-BD70-524516DDCDE2}","Comments":null,"UpdateStatus":"AUTO","UpdateSource":"PMBC"}},{"type":"Feature","geometry":{"type":"Polygon","coordinates":[[[-117.797664,49.072611],[-117.797642,49.072808],[-117.797517,49.072802],[-117.797543,49.072567],[-117.797664,49.072611]]]},"properties":{"GlobalID":"{1FF4372E-0718-42F5-B93B-21F8F64CE942}","Name":"016736087","PlanID":"{9867DD5F-2121-4EBC-A87D-1A853DCE6047}","PlanNumber":"NEP579A","PIN":null,"PID":16736087,"Designation1":"Lot 11","Designation2":"Block 56","Designation3":null,"ParcelStatus":"ACTIVE","RegionalDistrict":"0019","ParcelClass":"SUBDIVISION","SourceParcelID":null,"GeometrySource":"ICF","IsRemainder":"NO","ParcelStartDate":null,"PositionalError":3.38397696,"LegalDescription":"THAT PART OF LOT 11 BLOCK 56 DISTRICT LOT 535 KOOTENAY DISTRICT PLAN 579A SHOWN RED ON PLAN 1661","CaptureMethod":"COGO IN SOURCE","OwnerType":"PRIVATE","Compiled":1,"CreatedDate":"2016-09-20T23:24:06.000Z","ModifiedDate":"2021-08-30T18:34:18.000Z","StatedArea":null,"ErrorReportedBy":"LSA","Municipality":"0121","OBJECTID":48707,"created_user":"SDE","created_date":"2024-11-12T16:15:31.000Z","last_edited_user":"SDE","last_edited_date":"2026-03-25T16:06:10.000Z","Shape__Area":220.57439564,"Shape__Length":67.50389656123707,"CommonName":null,"SourceGlobalID":"{BC631E5C-EBC1-4DBA-80D1-EED2CBA99E0A}","Comments":null,"UpdateStatus":"AUTO","UpdateSource":"PMBC"}},{"type":"Feature","geometry":{"type":"Polygon","coordinates":[[[-117.798561,49.068986],[-117.79859,49.068987],[-117.798873,49.069],[-117.798745,49.070194],[-117.798703,49.070589],[-117.798391,49.070574],[-117.798561,49.068986]]]},"properties":{"GlobalID":"{7B3C0482-8B6B-4A94-B6E7-1BB6D3362A81}","Name":"016344651","PlanID":"{B5B7FDF6-176E-4CC5-9236-1A73A2801D04}","PlanNumber":"NEP62X","PIN":null,"PID":16344651,"Designation1":"Lot 42","Designation2":null,"Designation3":null,"ParcelStatus":"ACTIVE","RegionalDistrict":"0019","ParcelClass":"SUBDIVISION","SourceParcelID":"25953","GeometrySource":"ICF","IsRemainder":"NO","ParcelStartDate":null,"PositionalError":1.6850042,"LegalDescription":"PARCEL 42 (SEE 37852I) SECTION 26 TOWNSHIP 9A KOOTENAY DISTRICT PLAN X62","CaptureMethod":"COGO IN SOURCE","OwnerType":"PRIVATE","Compiled":1,"CreatedDate":"2016-09-20T23:24:06.000Z","ModifiedDate":"2024-11-18T17:30:17.000Z","StatedArea":null,"ErrorReportedBy":"LSA","Municipality":"0121","OBJECTID":48708,"created_user":"SDE","created_date":"2024-11-12T16:15:31.000Z","last_edited_user":"SDE","last_edited_date":"2026-03-25T16:06:10.000Z","Shape__Area":4045.342272005,"Shape__Length":399.7410816657192,"CommonName":null,"SourceGlobalID":"{BC904F6A-93E3-45FD-B7E3-38F49C3B4489}","Comments":null,"UpdateStatus":"AUTO","UpdateSource":"PMBC"}},{"type":"Feature","geometry":{"type":"Polygon","coordinates":[[[-117.793985,49.073986],[-117.79383,49.073824],[-117.794231,49.073684],[-117.794368,49.073854],[-117.794486,49.074001],[-117.794521,49.074019],[-117.794232,49.074247],[-117.793985,49.073986]]]},"properties":{"GlobalID":"{C940FC9F-A470-4FF8-B870-B998B461B834}","Name":"015470881","PlanID":"{06576297-2508-434E-9EE1-A083A33E86D8}","PlanNumber":"NEP2235","PIN":null,"PID":15470881,"Designation1":"Parcel A","Designation2":"Block 2","Designation3":null,"ParcelStatus":"ACTIVE","RegionalDistrict":"0019","ParcelClass":"SUBDIVISION","SourceParcelID":"28069","GeometrySource":"ICF","IsRemainder":"NO","ParcelStartDate":null,"PositionalError":3.67737273,"LegalDescription":"PARCEL A (SEE N14422) OF BLOCK 2 TOWNSHIP 9A KOOTENAY DISTRICT PLAN 2235","CaptureMethod":"COGO IN SOURCE","OwnerType":"PRIVATE","Compiled":1,"CreatedDate":"2016-09-20T23:24:06.000Z","ModifiedDate":"2021-08-30T18:34:18.000Z","StatedArea":null,"ErrorReportedBy":"PMBC-OPERATIONS","Municipality":"0121","OBJECTID":48709,"created_user":"SDE","created_date":"2024-11-12T16:15:31.000Z","last_edited_user":"SDE","last_edited_date":"2026-03-25T16:06:10.000Z","Shape__Area":1551.852267235,"Shape__Length":164.72659710563116,"CommonName":null,"SourceGlobalID":"{6D81EA9A-4CE4-4FAD-8D5D-8FDD754C4766}","Comments":null,"UpdateStatus":"AUTO","UpdateSource":"PMBC"}},{"type":"Feature","geometry":{"type":"Polygon","coordinates":[[[-117.7953,49.073385],[-117.795094,49.073239],[-117.794949,49.073135],[-117.795002,49.073102],[-117.795208,49.072977],[-117.79523,49.073008],[-117.795249,49.073041],[-117.795264,49.073075],[-117.795304,49.073178],[-117.795318,49.073215],[-117.795386,49.073393],[-117.7953,49.073385]]]},"properties":{"GlobalID":"{24CD9AB1-A8A6-4B74-BC62-592F1CB891E4}","Name":"015444058","PlanID":"{06576297-2508-434E-9EE1-A083A33E86D8}","PlanNumber":"NEP2235","PIN":null,"PID":15444058,"Designation1":"Lot 1","Designation2":"Block 5","Designation3":null,"ParcelStatus":"ACTIVE","RegionalDistrict":"0019","ParcelClass":"SUBDIVISION","SourceParcelID":"25678","GeometrySource":"ICF","IsRemainder":"NO","ParcelStartDate":null,"PositionalError":2.9141323,"LegalDescription":"AMENDED LOT 1 (SEE DF 19374) BLOCK 5 TOWNSHIP 9A KOOTENAY DISTRICT PLAN 2235","CaptureMethod":"COGO IN SOURCE","OwnerType":"PRIVATE","Compiled":1,"CreatedDate":"2016-09-20T23:24:06.000Z","ModifiedDate":"2026-01-05T18:53:56.000Z","StatedArea":null,"ErrorReportedBy":"LSA","Municipality":"0121","OBJECTID":48710,"created_user":"SDE","created_date":"2024-11-12T16:15:31.000Z","last_edited_user":"SDE","last_edited_date":"2026-03-25T16:06:10.000Z","Shape__Area":654.12192692,"Shape__Length":118.0857918784755,"CommonName":null,"SourceGlobalID":"{B2F5BF0B-46DF-4D9F-8DC0-B74EF8D2A6D3}","Comments":null,"UpdateStatus":"AUTO","UpdateSource":"PMBC"}},{"type":"Feature","geometry":{"type":"Polygon","coordinates":[[[-118.4416,49.023183],[-118.4416,49.023267],[-118.4416,49.023349],[-118.4416,49.023596],[-118.4416,49.023844],[-118.4416,49.023981],[-118.441599,49.024309],[-118.441597,49.02455],[-118.441597,49.024598],[-118.441459,49.02459],[-118.441461,49.024002],[-118.441463,49.023183],[-118.4416,49.023183]]]},"properties":{"GlobalID":"{66301032-AF09-4BB9-A7D2-FA901F5762DA}","Name":"030712581","PlanID":"{6A4FF8FA-48CA-4B78-8EB6-340942694246}","PlanNumber":"KAP27722DD","PIN":null,"PID":30712581,"Designation1":"PART 382","Designation2":"","Designation3":"","ParcelStatus":"ACTIVE","RegionalDistrict":"0019","ParcelClass":"SUBDIVISION","SourceParcelID":null,"GeometrySource":"PMBC-OPERATIONS","IsRemainder":null,"ParcelStartDate":"2019-02-28T08:00:00.000Z","PositionalError":2.5076856,"LegalDescription":"THAT PART OF DISTRICT LOT 382 SIMILKAMEEN DIVISION YALE DISTRICT SHOWN ON PLAN DD27722","CaptureMethod":"UNKNOWN","OwnerType":"PRIVATE","Compiled":0,"CreatedDate":"2019-09-26T22:33:51.000Z","ModifiedDate":"2025-06-05T16:35:29.000Z","StatedArea":null,"ErrorReportedBy":"LSA","Municipality":"0044","OBJECTID":48711,"created_user":"SDE","created_date":"2024-11-12T16:15:31.000Z","last_edited_user":"SDE","last_edited_date":"2026-03-25T16:06:10.000Z","Shape__Area":1586.66482546,"Shape__Length":333.90024152199675,"CommonName":null,"SourceGlobalID":"{C4BDD5CA-EDF7-4E30-AE1B-BF67EE0B6464}","Comments":null,"UpdateStatus":"AUTO","UpdateSource":"PMBC"}},{"type":"Feature","geometry":{"type":"Polygon","coordinates":[[[-118.473631,49.051428],[-118.473542,49.051035],[-118.473744,49.051027],[-118.474004,49.051294],[-118.474512,49.051678],[-118.474593,49.051739],[-118.474646,49.051779],[-118.474669,49.051797],[-118.47467,49.051798],[-118.474746,49.051855],[-118.474755,49.051862],[-118.474783,49.051884],[-118.474786,49.051885],[-118.474881,49.051957],[-118.474885,49.05196],[-118.474957,49.052015],[-118.474968,49.052023],[-118.474928,49.052102],[-118.474901,49.052155],[-118.474815,49.052325],[-118.474566,49.052137],[-118.474548,49.052124],[-118.474516,49.052099],[-118.474499,49.052086],[-118.474499,49.052086],[-118.474494,49.052082],[-118.474465,49.05206],[-118.473689,49.051473],[-118.473631,49.051428]]]},"properties":{"GlobalID":"{0AAF3F77-6122-4885-A9FC-F32699AC40F7}","Name":"014777452","PlanID":"{80F25748-4E8A-40EC-B949-BCC19A8925DD}","PlanNumber":"KAP8169H","PIN":null,"PID":14777452,"Designation1":"PART 332","Designation2":null,"Designation3":null,"ParcelStatus":"ACTIVE","RegionalDistrict":"0019","ParcelClass":"SUBDIVISION","SourceParcelID":null,"GeometrySource":"PMBC-OPERATIONS","IsRemainder":null,"ParcelStartDate":"1977-04-14T07:00:00.000Z","PositionalError":5.0004445,"LegalDescription":"THAT PART OF THAT PORTION OF DISTRICT LOT 332 SIMILKAMEEN DIVISION YALE DISTRICT SHOWN ON PLAN B352 WHICH IS INCLUDED IN PLAN H8169","CaptureMethod":"UNKNOWN","OwnerType":"PRIVATE","Compiled":0,"CreatedDate":"2021-06-28T21:35:13.000Z","ModifiedDate":"2026-03-12T15:22:03.000Z","StatedArea":null,"ErrorReportedBy":"LSA","Municipality":"0163","OBJECTID":48712,"created_user":"SDE","created_date":"2024-11-12T16:15:31.000Z","last_edited_user":"SDE","last_edited_date":"2026-03-25T16:06:10.000Z","Shape__Area":4518.738662145,"Shape__Length":368.9733905622526,"CommonName":null,"SourceGlobalID":"{617149B4-3C85-4730-B207-EE756BF83C6D}","Comments":null,"UpdateStatus":"AUTO","UpdateSource":"PMBC"}},{"type":"Feature","geometry":{"type":"Polygon","coordinates":[[[-117.798289,49.074884],[-117.798164,49.074878],[-117.798195,49.074604],[-117.798319,49.07461],[-117.798289,49.074884]]]},"properties":{"GlobalID":"{F20FF2CF-789E-454F-90DA-D77A2A743111}","Name":"016273079","PlanID":"{A0792FDB-3D54-492F-802F-2333A5D962E3}","PlanNumber":"NEP579","PIN":null,"PID":16273079,"Designation1":"Lot 3","Designation2":"Block 45","Designation3":null,"ParcelStatus":"ACTIVE","RegionalDistrict":"0019","ParcelClass":"SUBDIVISION","SourceParcelID":"28439","GeometrySource":"ICF","IsRemainder":"NO","ParcelStartDate":null,"PositionalError":1.79969608,"LegalDescription":"LOT 3 BLOCK 45 DISTRICT LOT 535 KOOTENAY DISTRICT PLAN 579","CaptureMethod":"COGO IN SOURCE","OwnerType":"PRIVATE","Compiled":1,"CreatedDate":"2016-09-20T23:24:06.000Z","ModifiedDate":"2021-09-02T17:04:20.000Z","StatedArea":null,"ErrorReportedBy":"LSA","Municipality":"0121","OBJECTID":48713,"created_user":"SDE","created_date":"2024-11-12T16:15:31.000Z","last_edited_user":"SDE","last_edited_date":"2026-03-25T16:06:10.000Z","Shape__Area":278.49282257,"Shape__Length":79.2486759621635,"CommonName":null,"SourceGlobalID":"{1B6E6DAA-C266-4BE7-8FDF-2CDADEE70FD4}","Comments":null,"UpdateStatus":"AUTO","UpdateSource":"PMBC"}},{"type":"Feature","geometry":{"type":"Polygon","coordinates":[[[-117.79807,49.074598],[-117.798195,49.074604],[-117.798164,49.074878],[-117.798039,49.074872],[-117.79807,49.074598]]]},"properties":{"GlobalID":"{4A120163-EA49-41E1-A72B-6C20FA502BE6}","Name":"016273087","PlanID":"{A0792FDB-3D54-492F-802F-2333A5D962E3}","PlanNumber":"NEP579","PIN":null,"PID":16273087,"Designation1":"Lot 4","Designation2":"Block 45","Designation3":null,"ParcelStatus":"ACTIVE","RegionalDistrict":"0019","ParcelClass":"SUBDIVISION","SourceParcelID":"28442","GeometrySource":"ICF","IsRemainder":"NO","ParcelStartDate":null,"PositionalError":1.57351012,"LegalDescription":"LOT 4 BLOCK 45 DISTRICT LOT 535 KOOTENAY DISTRICT PLAN 579","CaptureMethod":"COGO IN SOURCE","OwnerType":"PRIVATE","Compiled":1,"CreatedDate":"2016-09-20T23:24:06.000Z","ModifiedDate":"2021-09-02T17:04:20.000Z","StatedArea":null,"ErrorReportedBy":"LSA","Municipality":"0121","OBJECTID":48714,"created_user":"SDE","created_date":"2024-11-12T16:15:31.000Z","last_edited_user":"SDE","last_edited_date":"2026-03-25T16:06:10.000Z","Shape__Area":278.32855409,"Shape__Length":79.24303332544392,"CommonName":null,"SourceGlobalID":"{F073C599-B27F-4486-A413-15151ED340B9}","Comments":null,"UpdateStatus":"AUTO","UpdateSource":"PMBC"}},{"type":"Feature","geometry":{"type":"Polygon","coordinates":[[[-117.799359,49.07466],[-117.799484,49.074666],[-117.799609,49.074672],[-117.799664,49.074675],[-117.799665,49.074675],[-117.799703,49.074677],[-117.799703,49.074677],[-117.799734,49.074678],[-117.799831,49.074683],[-117.799831,49.074683],[-117.799859,49.074684],[-117.799829,49.074957],[-117.799704,49.074951],[-117.7997,49.074951],[-117.799699,49.074951],[-117.799593,49.074946],[-117.799592,49.074946],[-117.799579,49.074945],[-117.799561,49.074945],[-117.799561,49.074945],[-117.799454,49.074939],[-117.799329,49.074933],[-117.799359,49.07466]]]},"properties":{"GlobalID":"{1EA999E3-FA0F-40B8-BEE1-A4B5E8599078}","Name":"025170988","PlanID":"{A0792FDB-3D54-492F-802F-2333A5D962E3}","PlanNumber":"NEP579","PIN":null,"PID":25170988,"Designation1":"Parcel A","Designation2":"Block 38","Designation3":null,"ParcelStatus":"ACTIVE","RegionalDistrict":"0019","ParcelClass":"SUBDIVISION","SourceParcelID":"26987","GeometrySource":"ICF","IsRemainder":"NO","ParcelStartDate":"2001-10-29T07:00:00.000Z","PositionalError":3.7453782,"LegalDescription":"PARCEL A (KR99730) BLOCK 38 DISTRICT LOT 535 KOOTENAY DISTRICT PLAN 579","CaptureMethod":"COGO IN SOURCE","OwnerType":"PRIVATE","Compiled":1,"CreatedDate":"2016-09-20T23:24:06.000Z","ModifiedDate":"2025-12-23T17:24:53.000Z","StatedArea":null,"ErrorReportedBy":"LSA","Municipality":"0121","OBJECTID":48715,"created_user":"SDE","created_date":"2024-11-12T16:15:31.000Z","last_edited_user":"SDE","last_edited_date":"2026-03-25T16:06:10.000Z","Shape__Area":1114.71474065,"Shape__Length":134.10988415560553,"CommonName":null,"SourceGlobalID":"{36DDE45F-5690-43F1-B23F-58DFA1CC3E2F}","Comments":null,"UpdateStatus":"AUTO","UpdateSource":"PMBC"}},{"type":"Feature","geometry":{"type":"Polygon","coordinates":[[[-117.798444,49.074617],[-117.798414,49.07489],[-117.798289,49.074884],[-117.798319,49.07461],[-117.798444,49.074617]]]},"properties":{"GlobalID":"{3C2E7C15-2CDA-4B40-95C6-9EF4E6A7647A}","Name":"012311421","PlanID":"{A0792FDB-3D54-492F-802F-2333A5D962E3}","PlanNumber":"NEP579","PIN":null,"PID":12311421,"Designation1":"Lot 2","Designation2":"Block 45","Designation3":null,"ParcelStatus":"ACTIVE","RegionalDistrict":"0019","ParcelClass":"SUBDIVISION","SourceParcelID":"28438","GeometrySource":"ICF","IsRemainder":"NO","ParcelStartDate":null,"PositionalError":1.79969608,"LegalDescription":"LOT 2 BLOCK 45 DISTRICT LOT 535 KOOTENAY DISTRICT PLAN 579","CaptureMethod":"COGO IN SOURCE","OwnerType":"PRIVATE","Compiled":1,"CreatedDate":"2016-09-20T23:24:06.000Z","ModifiedDate":"2021-09-02T17:04:20.000Z","StatedArea":null,"ErrorReportedBy":"LSA","Municipality":"0121","OBJECTID":48716,"created_user":"SDE","created_date":"2024-11-12T16:15:31.000Z","last_edited_user":"SDE","last_edited_date":"2026-03-25T16:06:10.000Z","Shape__Area":278.68158662,"Shape__Length":79.26055186400723,"CommonName":null,"SourceGlobalID":"{81A10D32-711E-4984-B953-FB16675CE4C9}","Comments":null,"UpdateStatus":"AUTO","UpdateSource":"PMBC"}},{"type":"Feature","geometry":{"type":"Polygon","coordinates":[[[-117.800709,49.075317],[-117.80074,49.075044],[-117.800865,49.07505],[-117.800834,49.075323],[-117.800709,49.075317]]]},"properties":{"GlobalID":"{687A31A7-0ABD-4E81-A03B-0B2AC771E9EA}","Name":"014383438","PlanID":"{A0792FDB-3D54-492F-802F-2333A5D962E3}","PlanNumber":"NEP579","PIN":null,"PID":14383438,"Designation1":"Lot 14","Designation2":"Block 31","Designation3":null,"ParcelStatus":"ACTIVE","RegionalDistrict":"0019","ParcelClass":"SUBDIVISION","SourceParcelID":"27068","GeometrySource":"ICF","IsRemainder":"NO","ParcelStartDate":null,"PositionalError":0.03034605,"LegalDescription":"LOT 14 BLOCK 31 DISTRICT LOT 535 KOOTENAY DISTRICT PLAN 579","CaptureMethod":"COGO IN SOURCE","OwnerType":"PRIVATE","Compiled":1,"CreatedDate":"2016-09-20T23:24:06.000Z","ModifiedDate":"2021-09-02T17:04:20.000Z","StatedArea":null,"ErrorReportedBy":"PMBC-OPERATIONS","Municipality":"0121","OBJECTID":48717,"created_user":"SDE","created_date":"2024-11-12T16:15:31.000Z","last_edited_user":"SDE","last_edited_date":"2026-03-25T16:06:10.000Z","Shape__Area":278.099717005,"Shape__Length":79.11099643869726,"CommonName":null,"SourceGlobalID":"{03FB3565-E785-47C2-AE08-87751DA6295B}","Comments":null,"UpdateStatus":"AUTO","UpdateSource":"PMBC"}},{"type":"Feature","geometry":{"type":"Polygon","coordinates":[[[-117.797286,49.074879],[-117.797411,49.074885],[-117.79738,49.075159],[-117.797255,49.075153],[-117.797286,49.074879]]]},"properties":{"GlobalID":"{4D780E65-9D68-4784-9E37-267054624230}","Name":"010819746","PlanID":"{A0792FDB-3D54-492F-802F-2333A5D962E3}","PlanNumber":"NEP579","PIN":null,"PID":10819746,"Designation1":"Lot 11","Designation2":"Block 45","Designation3":null,"ParcelStatus":"ACTIVE","RegionalDistrict":"0019","ParcelClass":"SUBDIVISION","SourceParcelID":"28469","GeometrySource":"ICF","IsRemainder":"NO","ParcelStartDate":null,"PositionalError":1.69982176,"LegalDescription":"LOT 11 BLOCK 45 DISTRICT LOT 535 KOOTENAY DISTRICT PLAN 579","CaptureMethod":"COGO IN SOURCE","OwnerType":"PRIVATE","Compiled":1,"CreatedDate":"2016-09-20T23:24:06.000Z","ModifiedDate":"2021-09-02T17:04:20.000Z","StatedArea":null,"ErrorReportedBy":"LSA","Municipality":"0121","OBJECTID":48718,"created_user":"SDE","created_date":"2024-11-12T16:15:31.000Z","last_edited_user":"SDE","last_edited_date":"2026-03-25T16:06:10.000Z","Shape__Area":278.39793117,"Shape__Length":79.23544944590316,"CommonName":null,"SourceGlobalID":"{86C6B8D4-3930-45FF-9310-4CD899AC0AF1}","Comments":null,"UpdateStatus":"AUTO","UpdateSource":"PMBC"}},{"type":"Feature","geometry":{"type":"Polygon","coordinates":[[[-117.802761,49.075143],[-117.802746,49.075278],[-117.802622,49.075272],[-117.802624,49.075249],[-117.802637,49.075137],[-117.802761,49.075143]]]},"properties":{"GlobalID":"{E2117172-506E-4539-911C-BA7AF57C54CD}","Name":"012286109","PlanID":"{A0792FDB-3D54-492F-802F-2333A5D962E3}","PlanNumber":"NEP579","PIN":null,"PID":12286109,"Designation1":"Parcel A","Designation2":"Lot 15","Designation3":"Block 24","ParcelStatus":"ACTIVE","RegionalDistrict":"0019","ParcelClass":"SUBDIVISION","SourceParcelID":"30047","GeometrySource":"ICF","IsRemainder":"NO","ParcelStartDate":null,"PositionalError":0.02186183,"LegalDescription":"PARCEL A (SEE 19274I) LOT 15 BLOCK 24 DISTRICT LOT 535 KOOTENAY DISTRICT PLAN 579","CaptureMethod":"COGO IN SOURCE","OwnerType":"PRIVATE","Compiled":1,"CreatedDate":"2016-09-20T23:24:06.000Z","ModifiedDate":"2021-09-02T17:04:20.000Z","StatedArea":null,"ErrorReportedBy":"PMBC-OPERATIONS","Municipality":"0121","OBJECTID":48719,"created_user":"SDE","created_date":"2024-11-12T16:15:31.000Z","last_edited_user":"SDE","last_edited_date":"2026-03-25T16:06:10.000Z","Shape__Area":137.902438845,"Shape__Length":48.487726941623855,"CommonName":null,"SourceGlobalID":"{AD0C9BB3-EA78-4E04-858E-2738952C1904}","Comments":null,"UpdateStatus":"AUTO","UpdateSource":"PMBC"}},{"type":"Feature","geometry":{"type":"Polygon","coordinates":[[[-117.798985,49.074642],[-117.798955,49.074916],[-117.79883,49.07491],[-117.79886,49.074636],[-117.798985,49.074642]]]},"properties":{"GlobalID":"{24C55BB9-61C7-4771-B7B4-5DAC8CFA5390}","Name":"016266170","PlanID":"{A0792FDB-3D54-492F-802F-2333A5D962E3}","PlanNumber":"NEP579","PIN":null,"PID":16266170,"Designation1":"Lot 12","Designation2":"Block 38","Designation3":null,"ParcelStatus":"ACTIVE","RegionalDistrict":"0019","ParcelClass":"SUBDIVISION","SourceParcelID":"28507","GeometrySource":"ICF","IsRemainder":"NO","ParcelStartDate":null,"PositionalError":2.49587884,"LegalDescription":"LOT 12 BLOCK 38 DISTRICT LOT 535 KOOTENAY DISTRICT PLAN 579","CaptureMethod":"COGO IN SOURCE","OwnerType":"PRIVATE","Compiled":1,"CreatedDate":"2016-09-20T23:24:06.000Z","ModifiedDate":"2021-09-02T17:04:20.000Z","StatedArea":null,"ErrorReportedBy":"LSA","Municipality":"0121","OBJECTID":48720,"created_user":"SDE","created_date":"2024-11-12T16:15:31.000Z","last_edited_user":"SDE","last_edited_date":"2026-03-25T16:06:10.000Z","Shape__Area":278.18962835,"Shape__Length":79.17596278519191,"CommonName":null,"SourceGlobalID":"{EF19933D-2CC4-4974-9B52-38004B89D50A}","Comments":null,"UpdateStatus":"AUTO","UpdateSource":"PMBC"}},{"type":"Feature","geometry":{"type":"Polygon","coordinates":[[[-117.799079,49.074922],[-117.79911,49.074648],[-117.799234,49.074654],[-117.799204,49.074928],[-117.799079,49.074922]]]},"properties":{"GlobalID":"{F5721FF4-92DA-4CC9-8EC8-44210AE9A03B}","Name":"016266153","PlanID":"{A0792FDB-3D54-492F-802F-2333A5D962E3}","PlanNumber":"NEP579","PIN":null,"PID":16266153,"Designation1":"Lot 10","Designation2":"Block 38","Designation3":null,"ParcelStatus":"ACTIVE","RegionalDistrict":"0019","ParcelClass":"SUBDIVISION","SourceParcelID":"26953","GeometrySource":"ICF","IsRemainder":"NO","ParcelStartDate":null,"PositionalError":3.08141652,"LegalDescription":"LOT 10 BLOCK 38 DISTRICT LOT 535 KOOTENAY DISTRICT PLAN 579","CaptureMethod":"COGO IN SOURCE","OwnerType":"PRIVATE","Compiled":1,"CreatedDate":"2016-09-20T23:24:06.000Z","ModifiedDate":"2021-09-02T17:04:20.000Z","StatedArea":null,"ErrorReportedBy":"LSA","Municipality":"0121","OBJECTID":48721,"created_user":"SDE","created_date":"2024-11-12T16:15:31.000Z","last_edited_user":"SDE","last_edited_date":"2026-03-25T16:06:10.000Z","Shape__Area":278.383225705,"Shape__Length":79.20043286945415,"CommonName":null,"SourceGlobalID":"{147905FA-0AA8-48D4-B6C8-5F66B502250B}","Comments":null,"UpdateStatus":"AUTO","UpdateSource":"PMBC"}},{"type":"Feature","geometry":{"type":"Polygon","coordinates":[[[-117.797446,49.074568],[-117.797571,49.074574],[-117.79754,49.074848],[-117.797416,49.074842],[-117.797446,49.074568]]]},"properties":{"GlobalID":"{176CA102-0925-4AEC-87E6-25AA33D92D3A}","Name":"015002021","PlanID":"{A0792FDB-3D54-492F-802F-2333A5D962E3}","PlanNumber":"NEP579","PIN":null,"PID":15002021,"Designation1":"Lot 9","Designation2":"Block 45","Designation3":null,"ParcelStatus":"ACTIVE","RegionalDistrict":"0019","ParcelClass":"SUBDIVISION","SourceParcelID":"28440","GeometrySource":"ICF","IsRemainder":"NO","ParcelStartDate":null,"PositionalError":1.30840255,"LegalDescription":"LOT 9 BLOCK 45 DISTRICT LOT 535 KOOTENAY DISTRICT PLAN 579","CaptureMethod":"COGO IN SOURCE","OwnerType":"PRIVATE","Compiled":1,"CreatedDate":"2016-09-20T23:24:06.000Z","ModifiedDate":"2021-09-02T17:04:20.000Z","StatedArea":null,"ErrorReportedBy":"LSA","Municipality":"0121","OBJECTID":48722,"created_user":"SDE","created_date":"2024-11-12T16:15:31.000Z","last_edited_user":"SDE","last_edited_date":"2026-03-25T16:06:10.000Z","Shape__Area":278.45853153,"Shape__Length":79.2365280219161,"CommonName":null,"SourceGlobalID":"{E8C317B9-9822-4AA3-A7C8-F4804764C077}","Comments":null,"UpdateStatus":"AUTO","UpdateSource":"PMBC"}},{"type":"Feature","geometry":{"type":"Polygon","coordinates":[[[-117.801739,49.075092],[-117.801709,49.075365],[-117.801584,49.075359],[-117.801614,49.075086],[-117.801739,49.075092]]]},"properties":{"GlobalID":"{3569A15D-883A-458B-B95D-8FA625C6B807}","Name":"016266374","PlanID":"{A0792FDB-3D54-492F-802F-2333A5D962E3}","PlanNumber":"NEP579","PIN":null,"PID":16266374,"Designation1":"Lot 21","Designation2":"Block 31","Designation3":null,"ParcelStatus":"ACTIVE","RegionalDistrict":"0019","ParcelClass":"SUBDIVISION","SourceParcelID":"27008","GeometrySource":"ICF","IsRemainder":"NO","ParcelStartDate":null,"PositionalError":0.03049968,"LegalDescription":"LOT 21 BLOCK 31 DISTRICT LOT 535 KOOTENAY DISTRICT PLAN 579","CaptureMethod":"COGO IN SOURCE","OwnerType":"PRIVATE","Compiled":1,"CreatedDate":"2016-09-20T23:24:06.000Z","ModifiedDate":"2021-09-02T17:04:20.000Z","StatedArea":null,"ErrorReportedBy":"PMBC-OPERATIONS","Municipality":"0121","OBJECTID":48723,"created_user":"SDE","created_date":"2024-11-12T16:15:31.000Z","last_edited_user":"SDE","last_edited_date":"2026-03-25T16:06:10.000Z","Shape__Area":278.08265553,"Shape__Length":79.10466797371642,"CommonName":null,"SourceGlobalID":"{5269094E-4F33-455E-B28C-B509D98A5F20}","Comments":null,"UpdateStatus":"AUTO","UpdateSource":"PMBC"}},{"type":"Feature","geometry":{"type":"Polygon","coordinates":[[[-117.797446,49.074568],[-117.797416,49.074842],[-117.797291,49.074836],[-117.797321,49.074562],[-117.797446,49.074568]]]},"properties":{"GlobalID":"{772CD911-2F59-4508-89E5-5E4E640FEE0F}","Name":"015002047","PlanID":"{A0792FDB-3D54-492F-802F-2333A5D962E3}","PlanNumber":"NEP579","PIN":null,"PID":15002047,"Designation1":"Lot 10","Designation2":"Block 45","Designation3":null,"ParcelStatus":"ACTIVE","RegionalDistrict":"0019","ParcelClass":"SUBDIVISION","SourceParcelID":"28504","GeometrySource":"ICF","IsRemainder":"NO","ParcelStartDate":null,"PositionalError":1.30840255,"LegalDescription":"LOT 10 BLOCK 45 DISTRICT LOT 535 KOOTENAY DISTRICT PLAN 579","CaptureMethod":"COGO IN SOURCE","OwnerType":"PRIVATE","Compiled":1,"CreatedDate":"2016-09-20T23:24:06.000Z","ModifiedDate":"2021-09-02T17:04:20.000Z","StatedArea":null,"ErrorReportedBy":"LSA","Municipality":"0121","OBJECTID":48724,"created_user":"SDE","created_date":"2024-11-12T16:15:31.000Z","last_edited_user":"SDE","last_edited_date":"2026-03-25T16:06:10.000Z","Shape__Area":278.45745945,"Shape__Length":79.23648698582024,"CommonName":null,"SourceGlobalID":"{67B71E25-93CE-4C8F-BF8F-2A178CEE5C14}","Comments":null,"UpdateStatus":"AUTO","UpdateSource":"PMBC"}},{"type":"Feature","geometry":{"type":"Polygon","coordinates":[[[-117.798985,49.074642],[-117.79911,49.074648],[-117.799079,49.074922],[-117.798955,49.074916],[-117.798985,49.074642]]]},"properties":{"GlobalID":"{39EE898F-8BE1-4F15-A7D6-151D4A56C455}","Name":"016266161","PlanID":"{A0792FDB-3D54-492F-802F-2333A5D962E3}","PlanNumber":"NEP579","PIN":null,"PID":16266161,"Designation1":"Lot 11","Designation2":"Block 38","Designation3":null,"ParcelStatus":"ACTIVE","RegionalDistrict":"0019","ParcelClass":"SUBDIVISION","SourceParcelID":"26979","GeometrySource":"ICF","IsRemainder":"NO","ParcelStartDate":null,"PositionalError":2.8407223,"LegalDescription":"LOT 11 BLOCK 38 DISTRICT LOT 535 KOOTENAY DISTRICT PLAN 579","CaptureMethod":"COGO IN SOURCE","OwnerType":"PRIVATE","Compiled":1,"CreatedDate":"2016-09-20T23:24:06.000Z","ModifiedDate":"2025-12-23T17:24:53.000Z","StatedArea":null,"ErrorReportedBy":"LSA","Municipality":"0121","OBJECTID":48725,"created_user":"SDE","created_date":"2024-11-12T16:15:31.000Z","last_edited_user":"SDE","last_edited_date":"2026-03-25T16:06:10.000Z","Shape__Area":278.247618365,"Shape__Length":79.18819209493958,"CommonName":null,"SourceGlobalID":"{A6B9A1BA-E695-4D8D-9823-F4BC4D135F09}","Comments":null,"UpdateStatus":"AUTO","UpdateSource":"PMBC"}},{"type":"Feature","geometry":{"type":"Polygon","coordinates":[[[-117.798539,49.074896],[-117.798414,49.07489],[-117.798444,49.074617],[-117.798569,49.074623],[-117.798539,49.074896]]]},"properties":{"GlobalID":"{A7113490-4223-4C34-BB50-4172F855ADB1}","Name":"010246916","PlanID":"{A0792FDB-3D54-492F-802F-2333A5D962E3}","PlanNumber":"NEP579","PIN":null,"PID":10246916,"Designation1":"Lot 1","Designation2":"Block 45","Designation3":null,"ParcelStatus":"ACTIVE","RegionalDistrict":"0019","ParcelClass":"SUBDIVISION","SourceParcelID":"28504","GeometrySource":"ICF","IsRemainder":"NO","ParcelStartDate":null,"PositionalError":1.57351012,"LegalDescription":"LOT 1 BLOCK 45 DISTRICT LOT 535 KOOTENAY DISTRICT PLAN 579","CaptureMethod":"COGO IN SOURCE","OwnerType":"PRIVATE","Compiled":1,"CreatedDate":"2016-09-20T23:24:06.000Z","ModifiedDate":"2021-09-02T17:04:20.000Z","StatedArea":null,"ErrorReportedBy":"LSA","Municipality":"0121","OBJECTID":48726,"created_user":"SDE","created_date":"2024-11-12T16:15:31.000Z","last_edited_user":"SDE","last_edited_date":"2026-03-25T16:06:10.000Z","Shape__Area":278.89750719,"Shape__Length":79.27393063526506,"CommonName":null,"SourceGlobalID":"{D04E94F6-8D42-4A4A-AA17-B227200952A9}","Comments":null,"UpdateStatus":"AUTO","UpdateSource":"PMBC"}},{"type":"Feature","geometry":{"type":"Polygon","coordinates":[[[-117.798039,49.074872],[-117.79754,49.074848],[-117.797571,49.074574],[-117.79807,49.074598],[-117.798039,49.074872]]]},"properties":{"GlobalID":"{329B2550-0AB7-4610-B395-8162A3C00F4B}","Name":"025425994","PlanID":"{0FB75320-595F-44C6-873F-5AE852B9D89E}","PlanNumber":"NEP71327","PIN":null,"PID":25425994,"Designation1":"Lot A","Designation2":null,"Designation3":null,"ParcelStatus":"ACTIVE","RegionalDistrict":"0019","ParcelClass":"SUBDIVISION","SourceParcelID":"28443","GeometrySource":"ICF","IsRemainder":"NO","ParcelStartDate":"2002-06-20T07:00:00.000Z","PositionalError":0.0367185,"LegalDescription":"LOT A DISTRICT LOT 535 KOOTENAY DISTRICT PLAN NEP71327","CaptureMethod":"COGO IN SOURCE","OwnerType":"PRIVATE","Compiled":1,"CreatedDate":"2016-09-20T23:24:06.000Z","ModifiedDate":"2021-09-02T17:04:20.000Z","StatedArea":null,"ErrorReportedBy":"LSA","Municipality":"0121","OBJECTID":48727,"created_user":"SDE","created_date":"2024-11-12T16:15:31.000Z","last_edited_user":"SDE","last_edited_date":"2026-03-25T16:06:10.000Z","Shape__Area":1114.576702195,"Shape__Length":134.09067561116927,"CommonName":null,"SourceGlobalID":"{4FA1DC1D-82F7-4E66-92A3-CFB30AF42F2B}","Comments":null,"UpdateStatus":"AUTO","UpdateSource":"PMBC"}},{"type":"Feature","geometry":{"type":"Polygon","coordinates":[[[-117.802637,49.075137],[-117.802624,49.075249],[-117.8025,49.075243],[-117.802512,49.075131],[-117.802637,49.075137]]]},"properties":{"GlobalID":"{590810B1-B9BD-4E1C-8296-CFD6F1FCFFDF}","Name":"012286079","PlanID":"{A0792FDB-3D54-492F-802F-2333A5D962E3}","PlanNumber":"NEP579","PIN":null,"PID":12286079,"Designation1":"Parcel A","Designation2":"Lot 14","Designation3":"Block 24","ParcelStatus":"ACTIVE","RegionalDistrict":"0019","ParcelClass":"SUBDIVISION","SourceParcelID":"30046","GeometrySource":"ICF","IsRemainder":"NO","ParcelStartDate":null,"PositionalError":0.02186183,"LegalDescription":"PARCEL A (SEE 19275I) LOT 14 BLOCK 24 DISTRICT LOT 535 KOOTENAY DISTRICT PLAN 579","CaptureMethod":"COGO IN SOURCE","OwnerType":"PRIVATE","Compiled":1,"CreatedDate":"2016-09-20T23:24:06.000Z","ModifiedDate":"2021-09-02T17:04:20.000Z","StatedArea":null,"ErrorReportedBy":"PMBC-OPERATIONS","Municipality":"0121","OBJECTID":48728,"created_user":"SDE","created_date":"2024-11-12T16:15:31.000Z","last_edited_user":"SDE","last_edited_date":"2026-03-25T16:06:10.000Z","Shape__Area":114.64099847,"Shape__Length":43.37038732186947,"CommonName":null,"SourceGlobalID":"{FBEBEFE7-5F40-4633-8460-360BC80A80D7}","Comments":null,"UpdateStatus":"AUTO","UpdateSource":"PMBC"}},{"type":"Feature","geometry":{"type":"Polygon","coordinates":[[[-117.800079,49.074969],[-117.799954,49.074963],[-117.799829,49.074957],[-117.799859,49.074684],[-117.799984,49.07469],[-117.800109,49.074696],[-117.800234,49.074702],[-117.800359,49.074708],[-117.800329,49.074981],[-117.800204,49.074975],[-117.800079,49.074969]]]},"properties":{"GlobalID":"{ECA54626-B971-4349-94A2-EDAE8F1AB11C}","Name":"008053961","PlanID":"{A0792FDB-3D54-492F-802F-2333A5D962E3}","PlanNumber":"NEP579","PIN":null,"PID":8053961,"Designation1":"Lot 26","Designation2":"Block 38","Designation3":null,"ParcelStatus":"ACTIVE","RegionalDistrict":"0019","ParcelClass":"SUBDIVISION","SourceParcelID":"26986","GeometrySource":"ICF","IsRemainder":"NO","ParcelStartDate":null,"PositionalError":3.29781088,"LegalDescription":"LOT 26 (SEE W14824) BLOCK 38 DISTRICT LOT 535 KOOTENAY DISTRICT PLAN 579","CaptureMethod":"COGO IN SOURCE","OwnerType":"PRIVATE","Compiled":1,"CreatedDate":"2016-09-20T23:24:06.000Z","ModifiedDate":"2021-09-02T17:04:20.000Z","StatedArea":null,"ErrorReportedBy":"LSA","Municipality":"0121","OBJECTID":48729,"created_user":"SDE","created_date":"2024-11-12T16:15:31.000Z","last_edited_user":"SDE","last_edited_date":"2026-03-25T16:06:10.000Z","Shape__Area":1115.62488414,"Shape__Length":134.16951530016985,"CommonName":null,"SourceGlobalID":"{CC2FF790-D91F-422B-939B-9D892741C62D}","Comments":null,"UpdateStatus":"AUTO","UpdateSource":"PMBC"}},{"type":"Feature","geometry":{"type":"Polygon","coordinates":[[[-118.917692,49.725366],[-118.917713,49.725349],[-118.917905,49.725223],[-118.91804,49.725356],[-118.918002,49.725376],[-118.917962,49.725392],[-118.917922,49.725403],[-118.91788,49.725409],[-118.917838,49.72541],[-118.917796,49.725405],[-118.917755,49.725395],[-118.917722,49.725383],[-118.917692,49.725366]]]},"properties":{"GlobalID":"{B2B746DB-619E-4586-B260-A23D777F43E2}","Name":"026906082","PlanID":"{61620A90-EFE0-48B9-A976-B6D164936560}","PlanNumber":"KAS3134","PIN":null,"PID":26906082,"Designation1":"Lot 35","Designation2":"","Designation3":"","ParcelStatus":"ACTIVE","RegionalDistrict":"0019","ParcelClass":"BARE LAND STRATA","SourceParcelID":null,"GeometrySource":"ICF","IsRemainder":"NO","ParcelStartDate":"2006-12-08T08:00:00.000Z","PositionalError":2.97122167,"LegalDescription":"STRATA LOT 35 DISTRICT LOT 4222 SIMILKAMEEN DIVISION YALE DISTRICT STRATA PLAN KAS3134 TOGETHER WITH AN INTEREST IN THE COMMON PROPERTY IN PROPORTION TO THE UNIT ENTITLEMENT OF THE STRATA LOT AS SHOWN ON FORM V ","CaptureMethod":"UNKNOWN","OwnerType":"PRIVATE","Compiled":1,"CreatedDate":"2016-09-20T23:24:06.000Z","ModifiedDate":"2025-12-12T23:56:21.000Z","StatedArea":null,"ErrorReportedBy":"DATACOMPILATION","Municipality":"0163","OBJECTID":48730,"created_user":"SDE","created_date":"2024-11-12T16:15:31.000Z","last_edited_user":"SDE","last_edited_date":"2026-03-25T16:06:10.000Z","Shape__Area":285.06615936,"Shape__Length":67.83819422791998,"CommonName":null,"SourceGlobalID":"{FE86D5BF-CCF7-4037-AA90-B31BBC943F95}","Comments":null,"UpdateStatus":"AUTO","UpdateSource":"PMBC"}},{"type":"Feature","geometry":{"type":"Polygon","coordinates":[[[-117.723368,49.099558],[-117.723204,49.099735],[-117.723198,49.099732],[-117.723287,49.099635],[-117.723353,49.099564],[-117.723525,49.099378],[-117.723657,49.099443],[-117.723486,49.099621],[-117.723368,49.099558]]]},"properties":{"GlobalID":"{421079A4-0573-4717-8B9B-D3F6E74E2D3E}","Name":"015981070","PlanID":"{C60AA40D-E3B4-4BB4-A98E-5AD44073C346}","PlanNumber":"NEP1068","PIN":null,"PID":15981070,"Designation1":"Parcel A","Designation2":"Lot 159","Designation3":null,"ParcelStatus":"ACTIVE","RegionalDistrict":"0019","ParcelClass":"SUBDIVISION","SourceParcelID":"001542.000","GeometrySource":"ICF","IsRemainder":"NO","ParcelStartDate":null,"PositionalError":3.11470796,"LegalDescription":"PARCEL A (EXPLANATORY PLAN 33577I) OF LOT 159 DISTRICT LOT 1073 KOOTENAY DISTRICT PLAN 1068","CaptureMethod":"COGO IN SOURCE","OwnerType":"PRIVATE","Compiled":1,"CreatedDate":"2016-09-20T23:24:06.000Z","ModifiedDate":"2021-09-02T20:30:44.000Z","StatedArea":null,"ErrorReportedBy":"LSA","Municipality":"0146","OBJECTID":48731,"created_user":"SDE","created_date":"2024-11-12T16:15:31.000Z","last_edited_user":"SDE","last_edited_date":"2026-03-25T16:06:10.000Z","Shape__Area":285.15689026,"Shape__Length":115.95927831494497,"CommonName":null,"SourceGlobalID":"{A3599440-8AEF-4A6B-9A2F-03B1E402E912}","Comments":null,"UpdateStatus":"AUTO","UpdateSource":"PMBC"}},{"type":"Feature","geometry":{"type":"Polygon","coordinates":[[[-117.722511,49.098881],[-117.722388,49.099014],[-117.72227,49.098961],[-117.722398,49.098828],[-117.722511,49.098881]]]},"properties":{"GlobalID":"{3E00D6D6-8F2E-4F42-8935-C9D7DCB00FCE}","Name":"011693941","PlanID":"{BF54FE64-A1C7-4D3C-B5EE-67075B15E851}","PlanNumber":"NEP2007","PIN":null,"PID":11693941,"Designation1":"Lot 1","Designation2":null,"Designation3":null,"ParcelStatus":"ACTIVE","RegionalDistrict":"0019","ParcelClass":"SUBDIVISION","SourceParcelID":"001421.000","GeometrySource":"ICF","IsRemainder":"NO","ParcelStartDate":null,"PositionalError":3.55410601,"LegalDescription":"LOT 1 DISTRICT LOT 1073 KOOTENAY DISTRICT PLAN 2007","CaptureMethod":"COGO IN SOURCE","OwnerType":"PRIVATE","Compiled":1,"CreatedDate":"2016-09-20T23:24:06.000Z","ModifiedDate":"2021-09-02T18:55:05.000Z","StatedArea":null,"ErrorReportedBy":"LSA","Municipality":"0146","OBJECTID":48732,"created_user":"SDE","created_date":"2024-11-12T16:15:31.000Z","last_edited_user":"SDE","last_edited_date":"2026-03-25T16:06:10.000Z","Shape__Area":178.14915366,"Shape__Length":55.25391014513148,"CommonName":null,"SourceGlobalID":"{18D1DE42-26F0-4E33-93D4-070849BBA991}","Comments":null,"UpdateStatus":"AUTO","UpdateSource":"PMBC"}},{"type":"Feature","geometry":{"type":"Polygon","coordinates":[[[-117.722658,49.098953],[-117.722384,49.099262],[-117.722378,49.099257],[-117.722307,49.099176],[-117.722558,49.098904],[-117.722658,49.098953]]]},"properties":{"GlobalID":"{8A6A9FC9-C7C3-4C34-8F83-125D48393DA6}","Name":"009347313","PlanID":"{537F01F5-F388-4CBB-AFA6-4EBBF9967EAD}","PlanNumber":"NEP8550","PIN":null,"PID":9347313,"Designation1":"Lot A","Designation2":null,"Designation3":null,"ParcelStatus":"ACTIVE","RegionalDistrict":"0019","ParcelClass":"SUBDIVISION","SourceParcelID":"001529.000","GeometrySource":"MODIFIED-ICF","IsRemainder":"NO","ParcelStartDate":null,"PositionalError":3.64835016,"LegalDescription":"LOT A DISTRICT LOT 1073 KOOTENAY DISTRICT PLAN 8550","CaptureMethod":"COGO IN SOURCE","OwnerType":"PRIVATE","Compiled":1,"CreatedDate":"2016-09-20T23:24:06.000Z","ModifiedDate":"2021-09-02T18:55:05.000Z","StatedArea":null,"ErrorReportedBy":"LSA","Municipality":"0146","OBJECTID":48733,"created_user":"SDE","created_date":"2024-11-12T16:15:31.000Z","last_edited_user":"SDE","last_edited_date":"2026-03-25T16:06:10.000Z","Shape__Area":352.012098665,"Shape__Length":95.30013305129665,"CommonName":null,"SourceGlobalID":"{74EE0DA0-1B99-467D-A44C-418C1CCDC32B}","Comments":null,"UpdateStatus":"AUTO","UpdateSource":"PMBC"}},{"type":"Feature","geometry":{"type":"Polygon","coordinates":[[[-117.722138,49.099102],[-117.722249,49.099164],[-117.722178,49.09924],[-117.722071,49.099143],[-117.721907,49.099085],[-117.721926,49.099072],[-117.722138,49.098928],[-117.722251,49.098979],[-117.722138,49.099102]]]},"properties":{"GlobalID":"{42215A04-585C-4178-85CE-2DBD86A4D5FD}","Name":"015517713","PlanID":"{BF54FE64-A1C7-4D3C-B5EE-67075B15E851}","PlanNumber":"NEP2007","PIN":null,"PID":15517713,"Designation1":"Lot 3","Designation2":null,"Designation3":null,"ParcelStatus":"ACTIVE","RegionalDistrict":"0019","ParcelClass":"SUBDIVISION","SourceParcelID":"001422.100","GeometrySource":"ICF","IsRemainder":"NO","ParcelStartDate":null,"PositionalError":3.70318312,"LegalDescription":"LOT 3 DISTRICT LOT 1073 KOOTENAY DISTRICT PLAN 2007","CaptureMethod":"COGO IN SOURCE","OwnerType":"PRIVATE","Compiled":1,"CreatedDate":"2016-09-20T23:24:06.000Z","ModifiedDate":"2021-09-02T18:55:05.000Z","StatedArea":null,"ErrorReportedBy":"LSA","Municipality":"0146","OBJECTID":48734,"created_user":"SDE","created_date":"2024-11-12T16:15:31.000Z","last_edited_user":"SDE","last_edited_date":"2026-03-25T16:06:10.000Z","Shape__Area":383.14345263,"Shape__Length":97.8619661273718,"CommonName":null,"SourceGlobalID":"{8599E9DD-13FB-4F94-94C7-F73AE8F72A0D}","Comments":null,"UpdateStatus":"AUTO","UpdateSource":"PMBC"}},{"type":"Feature","geometry":{"type":"Polygon","coordinates":[[[-117.72227,49.098961],[-117.722388,49.099014],[-117.722249,49.099164],[-117.722138,49.099102],[-117.722251,49.098979],[-117.72227,49.098961]]]},"properties":{"GlobalID":"{9EDB8B67-E84F-43D2-B706-D469E82EA6EE}","Name":"015517691","PlanID":"{BF54FE64-A1C7-4D3C-B5EE-67075B15E851}","PlanNumber":"NEP2007","PIN":null,"PID":15517691,"Designation1":"Lot 2","Designation2":null,"Designation3":null,"ParcelStatus":"ACTIVE","RegionalDistrict":"0019","ParcelClass":"SUBDIVISION","SourceParcelID":"001422.000","GeometrySource":"ICF","IsRemainder":"NO","ParcelStartDate":null,"PositionalError":3.50245532,"LegalDescription":"LOT 2 DISTRICT LOT 1073 KOOTENAY DISTRICT PLAN 2007","CaptureMethod":"COGO IN SOURCE","OwnerType":"PRIVATE","Compiled":1,"CreatedDate":"2016-09-20T23:24:06.000Z","ModifiedDate":"2021-09-02T18:55:05.000Z","StatedArea":null,"ErrorReportedBy":"LSA","Municipality":"0146","OBJECTID":48735,"created_user":"SDE","created_date":"2024-11-12T16:15:31.000Z","last_edited_user":"SDE","last_edited_date":"2026-03-25T16:06:10.000Z","Shape__Area":199.369388095,"Shape__Length":58.97196669890943,"CommonName":null,"SourceGlobalID":"{010FFDFB-003A-44CC-84B2-D20D7E34E39A}","Comments":null,"UpdateStatus":"AUTO","UpdateSource":"PMBC"}},{"type":"Feature","geometry":{"type":"Polygon","coordinates":[[[-117.723864,49.099409],[-117.723796,49.099376],[-117.723871,49.099181],[-117.72402,49.099207],[-117.723864,49.099409]]]},"properties":{"GlobalID":"{E1ECF224-5ED9-4E61-AC12-3FE0BD1D33D6}","Name":"016062272","PlanID":"{BDF3224C-5303-484F-8B9E-B39AB7134581}","PlanNumber":"NEP748","PIN":null,"PID":16062272,"Designation1":"Lot 89","Designation2":null,"Designation3":null,"ParcelStatus":"ACTIVE","RegionalDistrict":"0019","ParcelClass":"SUBDIVISION","SourceParcelID":null,"GeometrySource":"ICF","IsRemainder":"NO","ParcelStartDate":null,"PositionalError":2.85400661,"LegalDescription":"LOT 89 DISTRICT LOT 1073 KOOTENAY DISTRICT PLAN 748","CaptureMethod":"COGO IN SOURCE","OwnerType":"CROWN AGENCY","Compiled":1,"CreatedDate":"2016-09-20T23:24:06.000Z","ModifiedDate":"2021-09-02T20:49:55.000Z","StatedArea":null,"ErrorReportedBy":"LSA","Municipality":"0146","OBJECTID":48736,"created_user":"SDE","created_date":"2024-11-12T16:15:31.000Z","last_edited_user":"SDE","last_edited_date":"2026-03-25T16:06:10.000Z","Shape__Area":201.36267966,"Shape__Length":64.85761270472287,"CommonName":null,"SourceGlobalID":"{8807C596-74B2-4489-941B-A83C65265067}","Comments":null,"UpdateStatus":"AUTO","UpdateSource":"PMBC"}},{"type":"Feature","geometry":{"type":"Polygon","coordinates":[[[-117.697657,49.099774],[-117.697872,49.099989],[-117.697856,49.099993],[-117.69784,49.100001],[-117.697825,49.100011],[-117.697813,49.100023],[-117.697802,49.100037],[-117.697795,49.100052],[-117.697789,49.100069],[-117.697787,49.100086],[-117.697539,49.099822],[-117.697565,49.099811],[-117.697657,49.099774]]]},"properties":{"GlobalID":"{92251C78-C6CA-42D7-925F-411BDB743737}","Name":"005932114","PlanID":"{93C6FF6C-0012-4751-A5E5-38CEA1D20FD2}","PlanNumber":"NEP1642","PIN":null,"PID":5932114,"Designation1":"Lot 10","Designation2":"","Designation3":"","ParcelStatus":"ACTIVE","RegionalDistrict":"0019","ParcelClass":"SUBDIVISION","SourceParcelID":"002286.000","GeometrySource":"ICF","IsRemainder":"NO","ParcelStartDate":null,"PositionalError":1.60265208,"LegalDescription":"LOT 10 DISTRICT LOT 2919 KOOTENAY DISTRICT PLAN 1642","CaptureMethod":"COGO IN SOURCE","OwnerType":"PRIVATE","Compiled":1,"CreatedDate":"2016-09-20T23:24:06.000Z","ModifiedDate":"2021-09-02T22:32:10.000Z","StatedArea":null,"ErrorReportedBy":"DATACOMPILATION","Municipality":"0146","OBJECTID":48737,"created_user":"SDE","created_date":"2024-11-12T16:15:31.000Z","last_edited_user":"SDE","last_edited_date":"2026-03-25T16:06:10.000Z","Shape__Area":319.202526525,"Shape__Length":86.46628648858176,"CommonName":null,"SourceGlobalID":"{D885193D-FAA7-4F3D-9A50-DC0E9FB2AAC4}","Comments":null,"UpdateStatus":"AUTO","UpdateSource":"PMBC"}},{"type":"Feature","geometry":{"type":"Polygon","coordinates":[[[-117.698441,49.099925],[-117.698626,49.100125],[-117.69815,49.100132],[-117.698089,49.100067],[-117.698441,49.099925]]]},"properties":{"GlobalID":"{457E3A13-2512-47A6-86C6-C940F0884CD4}","Name":"014348209","PlanID":"{B7FC203D-4C56-4B17-BEE7-8F4153DB366C}","PlanNumber":"NEP5937","PIN":9685131,"PID":14348209,"Designation1":"Lot A","Designation2":"","Designation3":"","ParcelStatus":"ACTIVE","RegionalDistrict":"0019","ParcelClass":"SUBDIVISION","SourceParcelID":"002273.000","GeometrySource":"ICF","IsRemainder":"NO","ParcelStartDate":null,"PositionalError":1.60265208,"LegalDescription":"LOT A DISTRICT LOT 2919 KOOTENAY DISTRICT PLAN 5937","CaptureMethod":"COGO IN SOURCE","OwnerType":"PRIVATE","Compiled":1,"CreatedDate":"2016-09-20T23:24:06.000Z","ModifiedDate":"2021-09-02T22:30:43.000Z","StatedArea":null,"ErrorReportedBy":"DATACOMPILATION","Municipality":"0146","OBJECTID":48738,"created_user":"SDE","created_date":"2024-11-12T16:15:31.000Z","last_edited_user":"SDE","last_edited_date":"2026-03-25T16:06:10.000Z","Shape__Area":518.822118495,"Shape__Length":99.31251928675474,"CommonName":null,"SourceGlobalID":"{CAFF5E81-D9D2-48D1-A7E6-B926712C2505}","Comments":null,"UpdateStatus":"AUTO","UpdateSource":"PMBC"}},{"type":"Feature","geometry":{"type":"Polygon","coordinates":[[[-117.69802,49.099993],[-117.697984,49.099983],[-117.697946,49.099979],[-117.697909,49.099981],[-117.697872,49.099989],[-117.697657,49.099774],[-117.697672,49.099768],[-117.697777,49.099726],[-117.69802,49.099993]]]},"properties":{"GlobalID":"{D4DFE8DD-1498-4667-BAEC-82545E8F7B83}","Name":"008000735","PlanID":"{93C6FF6C-0012-4751-A5E5-38CEA1D20FD2}","PlanNumber":"NEP1642","PIN":null,"PID":8000735,"Designation1":"Lot 9","Designation2":"","Designation3":"","ParcelStatus":"ACTIVE","RegionalDistrict":"0019","ParcelClass":"SUBDIVISION","SourceParcelID":"002285.000","GeometrySource":"ICF","IsRemainder":"NO","ParcelStartDate":null,"PositionalError":1.60265208,"LegalDescription":"LOT 9 DISTRICT LOT 2919 KOOTENAY DISTRICT PLAN 1642","CaptureMethod":"COGO IN SOURCE","OwnerType":"PRIVATE","Compiled":1,"CreatedDate":"2016-09-20T23:24:06.000Z","ModifiedDate":"2021-09-02T22:32:10.000Z","StatedArea":null,"ErrorReportedBy":"DATACOMPILATION","Municipality":"0146","OBJECTID":48739,"created_user":"SDE","created_date":"2024-11-12T16:15:31.000Z","last_edited_user":"SDE","last_edited_date":"2026-03-25T16:06:10.000Z","Shape__Area":291.350781145,"Shape__Length":84.5426562495495,"CommonName":null,"SourceGlobalID":"{3E786538-F1DC-429F-93B1-B4FB2C5CC07F}","Comments":null,"UpdateStatus":"AUTO","UpdateSource":"PMBC"}},{"type":"Feature","geometry":{"type":"Polygon","coordinates":[[[-117.724422,49.099275],[-117.724202,49.09957],[-117.724016,49.099481],[-117.724201,49.099237],[-117.724422,49.099275]]]},"properties":{"GlobalID":"{A4D2A64E-B25A-4557-8CB2-2E1057A1D373}","Name":"016079981","PlanID":"{BDF3224C-5303-484F-8B9E-B39AB7134581}","PlanNumber":"NEP748","PIN":null,"PID":16079981,"Designation1":"Lot 87","Designation2":null,"Designation3":null,"ParcelStatus":"ACTIVE","RegionalDistrict":"0019","ParcelClass":"SUBDIVISION","SourceParcelID":"001466.000","GeometrySource":"MODIFIED-ICF","IsRemainder":"NO","ParcelStartDate":null,"PositionalError":3.61187645,"LegalDescription":"LOT 87 DISTRICT LOT 1073 KOOTENAY DISTRICT PLAN 748","CaptureMethod":"COGO IN SOURCE","OwnerType":"PRIVATE","Compiled":0,"CreatedDate":"2021-09-02T20:42:54.000Z","ModifiedDate":"2021-09-02T20:49:37.000Z","StatedArea":null,"ErrorReportedBy":"LSA","Municipality":"0146","OBJECTID":48740,"created_user":"SDE","created_date":"2024-11-12T16:15:31.000Z","last_edited_user":"SDE","last_edited_date":"2026-03-25T16:06:10.000Z","Shape__Area":549.26471661,"Shape__Length":100.3073770402906,"CommonName":null,"SourceGlobalID":"{AC43132A-0BAB-439F-A675-28F4E3CA9C8C}","Comments":null,"UpdateStatus":"AUTO","UpdateSource":"PMBC"}},{"type":"Feature","geometry":{"type":"Polygon","coordinates":[[[-117.724091,49.100121],[-117.724364,49.099786],[-117.72449,49.099847],[-117.724418,49.099938],[-117.724254,49.100146],[-117.724091,49.100121]]]},"properties":{"GlobalID":"{F8291D11-5397-488E-803B-3CE2F885BDA2}","Name":"015955125","PlanID":"{C60AA40D-E3B4-4BB4-A98E-5AD44073C346}","PlanNumber":"NEP1068","PIN":null,"PID":15955125,"Designation1":"Lot 166","Designation2":null,"Designation3":null,"ParcelStatus":"ACTIVE","RegionalDistrict":"0019","ParcelClass":"SUBDIVISION","SourceParcelID":"001550.000","GeometrySource":"MODIFIED-ICF","IsRemainder":"NO","ParcelStartDate":null,"PositionalError":3.67062605,"LegalDescription":"LOT 166 DISTRICT LOT 1073 KOOTENAY DISTRICT PLAN 1068","CaptureMethod":"COGO IN SOURCE","OwnerType":"PRIVATE","Compiled":0,"CreatedDate":"2021-09-02T20:29:34.000Z","ModifiedDate":"2021-09-02T20:32:32.000Z","StatedArea":null,"ErrorReportedBy":"LSA","Municipality":"0146","OBJECTID":48741,"created_user":"SDE","created_date":"2024-11-12T16:15:31.000Z","last_edited_user":"SDE","last_edited_date":"2026-03-25T16:06:10.000Z","Shape__Area":461.794510525,"Shape__Length":103.35423371032118,"CommonName":null,"SourceGlobalID":"{4BDBDC80-40C8-4E7D-81A5-DCD4FF3E4A72}","Comments":null,"UpdateStatus":"AUTO","UpdateSource":"PMBC"}},{"type":"Feature","geometry":{"type":"Polygon","coordinates":[[[-117.724422,49.099275],[-117.724671,49.099348],[-117.72441,49.099669],[-117.724202,49.09957],[-117.724422,49.099275]]]},"properties":{"GlobalID":"{5CF3D2C4-970B-4A9A-B3D5-0B255206DC46}","Name":"016709900","PlanID":"{BDF3224C-5303-484F-8B9E-B39AB7134581}","PlanNumber":"NEP748","PIN":null,"PID":16709900,"Designation1":"Lot 86","Designation2":null,"Designation3":null,"ParcelStatus":"ACTIVE","RegionalDistrict":"0019","ParcelClass":"SUBDIVISION","SourceParcelID":"001465.000","GeometrySource":"MODIFIED-ICF","IsRemainder":"NO","ParcelStartDate":null,"PositionalError":3.82508854,"LegalDescription":"LOT 86 DISTRICT LOT 1073 KOOTENAY DISTRICT PLAN 748","CaptureMethod":"COGO IN SOURCE","OwnerType":"PRIVATE","Compiled":0,"CreatedDate":"2021-09-02T20:43:01.000Z","ModifiedDate":"2021-09-02T20:49:18.000Z","StatedArea":null,"ErrorReportedBy":"LSA","Municipality":"0146","OBJECTID":48742,"created_user":"SDE","created_date":"2024-11-12T16:15:31.000Z","last_edited_user":"SDE","last_edited_date":"2026-03-25T16:06:10.000Z","Shape__Area":738.89709687,"Shape__Length":115.62162632450791,"CommonName":null,"SourceGlobalID":"{355AD140-EE7A-4A01-B2D6-1E806A228C7B}","Comments":null,"UpdateStatus":"AUTO","UpdateSource":"PMBC"}},{"type":"Feature","geometry":{"type":"Polygon","coordinates":[[[-117.723693,49.099987],[-117.724037,49.099628],[-117.724155,49.099685],[-117.723807,49.100046],[-117.723693,49.099987]]]},"properties":{"GlobalID":"{CACB39A0-A339-4805-8DFF-D9221A6EC1FC}","Name":"015956288","PlanID":"{C60AA40D-E3B4-4BB4-A98E-5AD44073C346}","PlanNumber":"NEP1068","PIN":null,"PID":15956288,"Designation1":"Lot 163","Designation2":null,"Designation3":null,"ParcelStatus":"ACTIVE","RegionalDistrict":"0019","ParcelClass":"SUBDIVISION","SourceParcelID":"001548.000","GeometrySource":"MODIFIED-ICF","IsRemainder":"NO","ParcelStartDate":null,"PositionalError":3.5102886,"LegalDescription":"LOT 163 DISTRICT LOT 1073 KOOTENAY DISTRICT PLAN 1068","CaptureMethod":"COGO IN SOURCE","OwnerType":"PRIVATE","Compiled":0,"CreatedDate":"2021-09-02T20:29:50.000Z","ModifiedDate":"2021-09-02T20:31:11.000Z","StatedArea":null,"ErrorReportedBy":"LSA","Municipality":"0146","OBJECTID":48743,"created_user":"SDE","created_date":"2024-11-12T16:15:31.000Z","last_edited_user":"SDE","last_edited_date":"2026-03-25T16:06:10.000Z","Shape__Area":501.203362995,"Shape__Length":115.96711529819774,"CommonName":null,"SourceGlobalID":"{6B84466A-8FB3-4935-BA6E-34539F491950}","Comments":null,"UpdateStatus":"AUTO","UpdateSource":"PMBC"}},{"type":"Feature","geometry":{"type":"Polygon","coordinates":[[[-117.724155,49.099685],[-117.724263,49.099737],[-117.723969,49.100099],[-117.723807,49.100046],[-117.724155,49.099685]]]},"properties":{"GlobalID":"{B4AC5542-7BD7-4A9B-858A-2B55C9D1EAD1}","Name":"013920979","PlanID":"{C60AA40D-E3B4-4BB4-A98E-5AD44073C346}","PlanNumber":"NEP1068","PIN":null,"PID":13920979,"Designation1":"Lot 164","Designation2":null,"Designation3":null,"ParcelStatus":"ACTIVE","RegionalDistrict":"0019","ParcelClass":"SUBDIVISION","SourceParcelID":"001549.000","GeometrySource":"MODIFIED-ICF","IsRemainder":"NO","ParcelStartDate":null,"PositionalError":3.61456914,"LegalDescription":"LOT 164 DISTRICT LOT 1073 KOOTENAY DISTRICT PLAN 1068","CaptureMethod":"COGO IN SOURCE","OwnerType":"PRIVATE","Compiled":0,"CreatedDate":"2021-09-02T20:29:42.000Z","ModifiedDate":"2021-09-07T17:38:21.000Z","StatedArea":null,"ErrorReportedBy":"LSA","Municipality":"0146","OBJECTID":48744,"created_user":"SDE","created_date":"2024-11-12T16:15:31.000Z","last_edited_user":"SDE","last_edited_date":"2026-03-25T16:06:10.000Z","Shape__Area":533.359121355,"Shape__Length":116.10207468187818,"CommonName":null,"SourceGlobalID":"{AFC0371C-29A5-45D6-B966-DEB45C83E751}","Comments":null,"UpdateStatus":"AUTO","UpdateSource":"PMBC"}},{"type":"Feature","geometry":{"type":"Polygon","coordinates":[[[-117.723589,49.099935],[-117.723719,49.099795],[-117.72393,49.099575],[-117.724037,49.099628],[-117.723693,49.099987],[-117.723589,49.099935]]]},"properties":{"GlobalID":"{FD85D20B-E76C-43E2-9BC5-C36E7BAEB6BF}","Name":"015955621","PlanID":"{C60AA40D-E3B4-4BB4-A98E-5AD44073C346}","PlanNumber":"NEP1068","PIN":null,"PID":15955621,"Designation1":"Lot 162","Designation2":null,"Designation3":null,"ParcelStatus":"ACTIVE","RegionalDistrict":"0019","ParcelClass":"SUBDIVISION","SourceParcelID":"001547.000","GeometrySource":"MODIFIED-ICF","IsRemainder":"NO","ParcelStartDate":null,"PositionalError":3.37859158,"LegalDescription":"LOT 162 DISTRICT LOT 1073 KOOTENAY DISTRICT PLAN 1068","CaptureMethod":"COGO IN SOURCE","OwnerType":"PRIVATE","Compiled":0,"CreatedDate":"2021-09-02T20:29:57.000Z","ModifiedDate":"2021-09-07T17:41:34.000Z","StatedArea":null,"ErrorReportedBy":"LSA","Municipality":"0146","OBJECTID":48745,"created_user":"SDE","created_date":"2024-11-12T16:15:31.000Z","last_edited_user":"SDE","last_edited_date":"2026-03-25T16:06:10.000Z","Shape__Area":457.491889125,"Shape__Length":113.60723406303613,"CommonName":null,"SourceGlobalID":"{EF398EEA-8079-45E4-BABC-AC468A1E83A4}","Comments":null,"UpdateStatus":"AUTO","UpdateSource":"PMBC"}},{"type":"Feature","geometry":{"type":"Polygon","coordinates":[[[-117.724364,49.099786],[-117.724091,49.100121],[-117.72403,49.10011],[-117.724312,49.09976],[-117.724364,49.099786]]]},"properties":{"GlobalID":"{F8EE0C4D-8350-4339-800C-D5CC7BD2474F}","Name":"015955168","PlanID":"{C60AA40D-E3B4-4BB4-A98E-5AD44073C346}","PlanNumber":"NEP1068","PIN":null,"PID":15955168,"Designation1":"Lot 165","Designation2":null,"Designation3":null,"ParcelStatus":"ACTIVE","RegionalDistrict":"0019","ParcelClass":"SUBDIVISION","SourceParcelID":"001550.000","GeometrySource":"MODIFIED-ICF","IsRemainder":"NO","ParcelStartDate":null,"PositionalError":3.67454269,"LegalDescription":"THAT PART OF LOT 165 DISTRICT LOT 1073 KOOTENAY DISTRICT PLAN 1068 LYING WEST OF A LINE BISECTING THE NORTHWESTERLY AND SOUTHEASTERLY BOUNDARIES THEREOF","CaptureMethod":"COGO IN SOURCE","OwnerType":"PRIVATE","Compiled":0,"CreatedDate":"2021-09-02T20:32:23.000Z","ModifiedDate":"2021-09-07T17:38:14.000Z","StatedArea":null,"ErrorReportedBy":"LSA","Municipality":"0146","OBJECTID":48746,"created_user":"SDE","created_date":"2024-11-12T16:15:31.000Z","last_edited_user":"SDE","last_edited_date":"2026-03-25T16:06:10.000Z","Shape__Area":197.17856758,"Shape__Length":95.4685979510564,"CommonName":null,"SourceGlobalID":"{8DAFE7BC-F3C5-4E53-A0E0-0E0258D0C755}","Comments":null,"UpdateStatus":"AUTO","UpdateSource":"PMBC"}},{"type":"Feature","geometry":{"type":"Polygon","coordinates":[[[-117.724726,49.099676],[-117.724646,49.099781],[-117.72441,49.099669],[-117.724671,49.099348],[-117.724935,49.099425],[-117.724918,49.099445],[-117.724726,49.099676]]]},"properties":{"GlobalID":"{EBB0541D-EE4C-41C4-845B-61DDCEED975E}","Name":"013265661","PlanID":"{BDF3224C-5303-484F-8B9E-B39AB7134581}","PlanNumber":"NEP748","PIN":null,"PID":13265661,"Designation1":"Lot 85","Designation2":null,"Designation3":null,"ParcelStatus":"ACTIVE","RegionalDistrict":"0019","ParcelClass":"SUBDIVISION","SourceParcelID":"001464.000","GeometrySource":"MODIFIED-ICF","IsRemainder":"NO","ParcelStartDate":null,"PositionalError":3.78910441,"LegalDescription":"LOT 85 DISTRICT LOT 1073 KOOTENAY DISTRICT PLAN 748","CaptureMethod":"COGO IN SOURCE","OwnerType":"PRIVATE","Compiled":0,"CreatedDate":"2021-09-02T20:43:07.000Z","ModifiedDate":"2021-09-07T17:51:11.000Z","StatedArea":null,"ErrorReportedBy":"LSA","Municipality":"0146","OBJECTID":48747,"created_user":"SDE","created_date":"2024-11-12T16:15:31.000Z","last_edited_user":"SDE","last_edited_date":"2026-03-25T16:06:10.000Z","Shape__Area":889.73410584,"Shape__Length":127.55210511128281,"CommonName":null,"SourceGlobalID":"{A3EA9DF0-9B5C-423A-AAA6-1658064D44A8}","Comments":null,"UpdateStatus":"AUTO","UpdateSource":"PMBC"}},{"type":"Feature","geometry":{"type":"Polygon","coordinates":[[[-117.724263,49.099737],[-117.724312,49.09976],[-117.72403,49.10011],[-117.723969,49.100099],[-117.724263,49.099737]]]},"properties":{"GlobalID":"{2DC728DC-0125-44E7-8FB2-A699BF07FC00}","Name":"013921053","PlanID":"{C60AA40D-E3B4-4BB4-A98E-5AD44073C346}","PlanNumber":"NEP1068","PIN":null,"PID":13921053,"Designation1":"Parcel A","Designation2":"Lot 165","Designation3":null,"ParcelStatus":"ACTIVE","RegionalDistrict":"0019","ParcelClass":"SUBDIVISION","SourceParcelID":null,"GeometrySource":"ICF","IsRemainder":"NO","ParcelStartDate":null,"PositionalError":3.67454269,"LegalDescription":"PARCEL A (SEE 125147I) LOT 165 DISTRICT LOT 1073 KOOTENAY DISTRICT PLAN 1068","CaptureMethod":"COGO IN SOURCE","OwnerType":"PRIVATE","Compiled":0,"CreatedDate":"2021-09-07T17:37:55.000Z","ModifiedDate":"2021-09-07T17:38:21.000Z","StatedArea":"200.1","ErrorReportedBy":null,"Municipality":"0146","OBJECTID":48748,"created_user":"SDE","created_date":"2024-11-12T16:15:31.000Z","last_edited_user":"SDE","last_edited_date":"2026-03-25T16:06:10.000Z","Shape__Area":198.05367369,"Shape__Length":98.52015557550723,"CommonName":null,"SourceGlobalID":"{59FFA7F6-C42D-4A00-AA9A-C35C47238849}","Comments":null,"UpdateStatus":"AUTO","UpdateSource":"PMBC"}},{"type":"Feature","geometry":{"type":"Polygon","coordinates":[[[-117.72393,49.099575],[-117.723719,49.099795],[-117.723544,49.099785],[-117.723462,49.099872],[-117.723456,49.099869],[-117.723555,49.099763],[-117.723796,49.09951],[-117.72393,49.099575]]]},"properties":{"GlobalID":"{D07E2371-D856-47BC-A26E-72DC92BC9680}","Name":"010508627","PlanID":"{C60AA40D-E3B4-4BB4-A98E-5AD44073C346}","PlanNumber":"NEP1068","PIN":null,"PID":10508627,"Designation1":"Parcel A","Designation2":null,"Designation3":null,"ParcelStatus":"ACTIVE","RegionalDistrict":"0019","ParcelClass":"SUBDIVISION","SourceParcelID":null,"GeometrySource":"ICF","IsRemainder":"NO","ParcelStartDate":null,"PositionalError":3.20625942,"LegalDescription":"PARCEL A (SEE 11344I) DISTRICT LOT 161 KOOTENAY DISTRICT PLAN 1068","CaptureMethod":"COGO IN SOURCE","OwnerType":"PRIVATE","Compiled":0,"CreatedDate":"2021-09-07T17:41:10.000Z","ModifiedDate":"2021-09-07T17:41:57.000Z","StatedArea":"401.9","ErrorReportedBy":null,"Municipality":"0146","OBJECTID":48749,"created_user":"SDE","created_date":"2024-11-12T16:15:31.000Z","last_edited_user":"SDE","last_edited_date":"2026-03-25T16:06:10.000Z","Shape__Area":397.762106235,"Shape__Length":112.76825284428025,"CommonName":null,"SourceGlobalID":"{A4BBA298-32C6-4443-B4F7-7C3878E7631F}","Comments":null,"UpdateStatus":"AUTO","UpdateSource":"PMBC"}},{"type":"Feature","geometry":{"type":"Polygon","coordinates":[[[-117.724954,49.099927],[-117.725048,49.09978],[-117.725119,49.099802],[-117.725009,49.099953],[-117.724954,49.099927]]]},"properties":{"GlobalID":"{FEE965C6-3C4E-452A-A29D-F29C9DEAF99F}","Name":"014321289","PlanID":"{BDF3224C-5303-484F-8B9E-B39AB7134581}","PlanNumber":"NEP748","PIN":null,"PID":14321289,"Designation1":"Parcel A","Designation2":"Lot 84","Designation3":null,"ParcelStatus":"ACTIVE","RegionalDistrict":"0019","ParcelClass":"SUBDIVISION","SourceParcelID":null,"GeometrySource":"ICF","IsRemainder":"NO","ParcelStartDate":null,"PositionalError":3.94087421,"LegalDescription":"PARCEL A (SEE 16804-I)BLOCK 84 DISTRICT LOT 1073 KOOTENAY DISTRICT PLAN 748","CaptureMethod":"COGO IN SOURCE","OwnerType":"PRIVATE","Compiled":0,"CreatedDate":"2021-09-07T17:46:07.000Z","ModifiedDate":"2021-09-07T17:46:33.000Z","StatedArea":"95.75","ErrorReportedBy":null,"Municipality":"0146","OBJECTID":48750,"created_user":"SDE","created_date":"2024-11-12T16:15:31.000Z","last_edited_user":"SDE","last_edited_date":"2026-03-25T16:06:10.000Z","Shape__Area":95.84553321,"Shape__Length":47.04770347994796,"CommonName":null,"SourceGlobalID":"{AEB77C2E-6297-4A4D-A199-E417092EF659}","Comments":null,"UpdateStatus":"AUTO","UpdateSource":"PMBC"}},{"type":"Feature","geometry":{"type":"Polygon","coordinates":[[[-117.724646,49.099781],[-117.724726,49.099676],[-117.724887,49.099728],[-117.724804,49.099856],[-117.724646,49.099781]]]},"properties":{"GlobalID":"{36B954BF-AE2F-46AB-9DC0-7EDE923809FA}","Name":"016105885","PlanID":"{BDF3224C-5303-484F-8B9E-B39AB7134581}","PlanNumber":"NEP748","PIN":null,"PID":16105885,"Designation1":"Parcel B","Designation2":"Lot 84","Designation3":null,"ParcelStatus":"ACTIVE","RegionalDistrict":"0019","ParcelClass":"SUBDIVISION","SourceParcelID":null,"GeometrySource":"ICF","IsRemainder":"NO","ParcelStartDate":null,"PositionalError":3.78910441,"LegalDescription":"PARCEL B (SEE 37640I) OF LOT 84 DISTRICT LOT 1073 KOOTENAY DISTRICT PLAN 748","CaptureMethod":"COGO IN SOURCE","OwnerType":"PRIVATE","Compiled":0,"CreatedDate":"2021-09-07T17:50:42.000Z","ModifiedDate":"2021-09-07T17:51:12.000Z","StatedArea":"193.9","ErrorReportedBy":null,"Municipality":"0146","OBJECTID":48751,"created_user":"SDE","created_date":"2024-11-12T16:15:31.000Z","last_edited_user":"SDE","last_edited_date":"2026-03-25T16:06:10.000Z","Shape__Area":193.061600945,"Shape__Length":55.888182323275274,"CommonName":null,"SourceGlobalID":"{F102CF28-7D1A-409B-8DD1-29EA1010F75D}","Comments":null,"UpdateStatus":"AUTO","UpdateSource":"PMBC"}},{"type":"Feature","geometry":{"type":"Polygon","coordinates":[[[-118.9381,49.717708],[-118.93835,49.717632],[-118.938652,49.717937],[-118.938422,49.718039],[-118.9381,49.717708]]]},"properties":{"GlobalID":"{9E52E353-0081-4BE0-89C0-56934CB607F8}","Name":"018082823","PlanID":"{ABC31E06-449F-40F1-963F-F1841E957312}","PlanNumber":"KAS938","PIN":null,"PID":18082823,"Designation1":"Lot 114","Designation2":null,"Designation3":null,"ParcelStatus":"ACTIVE","RegionalDistrict":"0019","ParcelClass":"BARE LAND STRATA","SourceParcelID":null,"GeometrySource":"ICF","IsRemainder":"NO","ParcelStartDate":null,"PositionalError":1.88436278,"LegalDescription":"STRATA LOT 114 DISTRICT LOT 4176S SIMILKAMEEN DIVISION YALE DISTRICT STRATA PLAN KAS938 TOGETHER WITH AN INTEREST IN THE COMMON PROPERTY IN PROPORTION TO THE UNIT ENTITLEMENT OF THE STRATA LOT AS SHOWN ON FORM V","CaptureMethod":"UNKNOWN","OwnerType":"PRIVATE","Compiled":1,"CreatedDate":"2016-09-20T23:24:06.000Z","ModifiedDate":"2026-01-10T00:48:11.000Z","StatedArea":null,"ErrorReportedBy":"PMBC-OPERATIONS","Municipality":"0163","OBJECTID":48752,"created_user":"SDE","created_date":"2024-11-12T16:15:31.000Z","last_edited_user":"SDE","last_edited_date":"2026-03-25T16:06:10.000Z","Shape__Area":835.670457105,"Shape__Length":123.89374662257349,"CommonName":null,"SourceGlobalID":"{486C8678-795C-4290-97A9-A62E484CA7E3}","Comments":null,"UpdateStatus":"AUTO","UpdateSource":"PMBC"}},{"type":"Feature","geometry":{"type":"Polygon","coordinates":[[[-118.937459,49.717145],[-118.937686,49.717138],[-118.937713,49.717369],[-118.937575,49.717427],[-118.937426,49.71749],[-118.937459,49.717145]]]},"properties":{"GlobalID":"{B3151203-DC7B-4D74-9F62-FCDDBD0E9F61}","Name":"017446147","PlanID":"{ABC31E06-449F-40F1-963F-F1841E957312}","PlanNumber":"KAS938","PIN":null,"PID":17446147,"Designation1":"Lot 39","Designation2":null,"Designation3":null,"ParcelStatus":"ACTIVE","RegionalDistrict":"0019","ParcelClass":"BARE LAND STRATA","SourceParcelID":null,"GeometrySource":"ICF","IsRemainder":"NO","ParcelStartDate":null,"PositionalError":1.72068398,"LegalDescription":"STRATA LOT 39 DISTRICT LOT 4176S SIMILKAMEEN DIVISION YALE DISTRICT STRATA PLAN KAS938 TOGETHER WITH AN INTEREST IN THE COMMON PROPERTY IN PROPORTION TO THE UNIT ENTITLEMENT OF THE STRATA LOT AS SHOWN ON FORM V","CaptureMethod":"UNKNOWN","OwnerType":"PRIVATE","Compiled":1,"CreatedDate":"2016-09-20T23:24:06.000Z","ModifiedDate":"2025-10-30T23:57:26.000Z","StatedArea":null,"ErrorReportedBy":"PMBC-OPERATIONS","Municipality":"0163","OBJECTID":48753,"created_user":"SDE","created_date":"2024-11-12T16:15:31.000Z","last_edited_user":"SDE","last_edited_date":"2026-03-25T16:06:10.000Z","Shape__Area":591.789463455,"Shape__Length":105.27617366869745,"CommonName":null,"SourceGlobalID":"{355D08A1-763A-4FA5-824C-7EA42D7B9515}","Comments":null,"UpdateStatus":"AUTO","UpdateSource":"PMBC"}},{"type":"Feature","geometry":{"type":"Polygon","coordinates":[[[-118.941099,49.716187],[-118.94124,49.716441],[-118.940981,49.716503],[-118.940838,49.716248],[-118.941099,49.716187]]]},"properties":{"GlobalID":"{5BCF6C48-18F1-4E04-8C41-53EC6BADCB90}","Name":"017445906","PlanID":"{ABC31E06-449F-40F1-963F-F1841E957312}","PlanNumber":"KAS938","PIN":null,"PID":17445906,"Designation1":"Lot 16","Designation2":null,"Designation3":null,"ParcelStatus":"ACTIVE","RegionalDistrict":"0019","ParcelClass":"BARE LAND STRATA","SourceParcelID":null,"GeometrySource":"ICF","IsRemainder":"NO","ParcelStartDate":null,"PositionalError":2.06368662,"LegalDescription":"STRATA LOT 16 DISTRICT LOT 4176S SIMILKAMEEN DIVISION YALE DISTRICT STRATA PLAN KAS938 TOGETHER WITH AN INTEREST IN THE COMMON PROPERTY IN PROPORTION TO THE UNIT ENTITLEMENT OF THE STRATA LOT AS SHOWN ON FORM V","CaptureMethod":"UNKNOWN","OwnerType":"PRIVATE","Compiled":1,"CreatedDate":"2016-09-20T23:24:06.000Z","ModifiedDate":"2021-09-07T17:58:30.000Z","StatedArea":null,"ErrorReportedBy":"PMBC-OPERATIONS","Municipality":"0163","OBJECTID":48754,"created_user":"SDE","created_date":"2024-11-12T16:15:31.000Z","last_edited_user":"SDE","last_edited_date":"2026-03-25T16:06:10.000Z","Shape__Area":601.115656325,"Shape__Length":100.13333587377724,"CommonName":null,"SourceGlobalID":"{BBD68E88-DB70-4276-821B-6E054D70C470}","Comments":null,"UpdateStatus":"AUTO","UpdateSource":"PMBC"}},{"type":"Feature","geometry":{"type":"Polygon","coordinates":[[[-118.938924,49.716632],[-118.939146,49.716625],[-118.939237,49.716914],[-118.93917,49.71693],[-118.938948,49.716938],[-118.938924,49.716632]]]},"properties":{"GlobalID":"{0C30777C-3D7A-4EF8-B4FC-E67F4F5AECF8}","Name":"017445990","PlanID":"{ABC31E06-449F-40F1-963F-F1841E957312}","PlanNumber":"KAS938","PIN":null,"PID":17445990,"Designation1":"Lot 24","Designation2":null,"Designation3":null,"ParcelStatus":"ACTIVE","RegionalDistrict":"0019","ParcelClass":"BARE LAND STRATA","SourceParcelID":null,"GeometrySource":"ICF","IsRemainder":"NO","ParcelStartDate":"2021-06-02T07:00:00.000Z","PositionalError":1.97101237,"LegalDescription":"STRATA LOT 24 DISTRICT LOT 4176S SIMILKAMEEN DIVISION YALE DISTRICT STRATA PLAN KAS938 TOGETHER WITH AN INTEREST IN THE COMMON PROPERTY IN PROPORTION TO THE UNIT ENTITLEMENT OF THE STRATA LOT AS SHOWN ON FORM V","CaptureMethod":"UNKNOWN","OwnerType":"PRIVATE","Compiled":1,"CreatedDate":"2016-09-20T23:24:06.000Z","ModifiedDate":"2026-01-10T00:48:11.000Z","StatedArea":null,"ErrorReportedBy":"PMBC-OPERATIONS","Municipality":"0163","OBJECTID":48755,"created_user":"SDE","created_date":"2024-11-12T16:15:31.000Z","last_edited_user":"SDE","last_edited_date":"2026-03-25T16:06:10.000Z","Shape__Area":628.69314984,"Shape__Length":104.0790191443633,"CommonName":null,"SourceGlobalID":"{976B5E45-4531-46B4-BE6E-A6647CA4B77A}","Comments":null,"UpdateStatus":"AUTO","UpdateSource":"PMBC"}},{"type":"Feature","geometry":{"type":"Polygon","coordinates":[[[-118.936721,49.717944],[-118.936834,49.717857],[-118.937256,49.718014],[-118.937267,49.718018],[-118.937219,49.718057],[-118.937216,49.718059],[-118.937214,49.718061],[-118.937206,49.718068],[-118.9372,49.718072],[-118.937195,49.718076],[-118.937193,49.718079],[-118.937191,49.718081],[-118.936721,49.717944]]]},"properties":{"GlobalID":"{65453651-630E-4665-AC48-7B19DAF525C4}","Name":"023416475","PlanID":"{ABC31E06-449F-40F1-963F-F1841E957312}","PlanNumber":"KAS938","PIN":null,"PID":23416475,"Designation1":"Lot 119","Designation2":null,"Designation3":null,"ParcelStatus":"ACTIVE","RegionalDistrict":"0019","ParcelClass":"BARE LAND STRATA","SourceParcelID":null,"GeometrySource":"ICF","IsRemainder":"NO","ParcelStartDate":"1996-05-14T07:00:00.000Z","PositionalError":1.82614344,"LegalDescription":"STRATA LOT 119 DISTRICT LOT 4176S SIMILKAMEEN DIVISION YALE DISTRICT STRATA PLAN KAS938 TOGETHER WITH AN INTEREST IN THE COMMON PROPERTY IN PROPORTION TO THE UNIT ENTITLEMENT OF THE STRATA LOT AS SHOWN ON FORM V","CaptureMethod":"UNKNOWN","OwnerType":"PRIVATE","Compiled":1,"CreatedDate":"2016-09-20T23:24:06.000Z","ModifiedDate":"2026-01-10T00:48:11.000Z","StatedArea":null,"ErrorReportedBy":"PMBC-OPERATIONS","Municipality":"0163","OBJECTID":48756,"created_user":"SDE","created_date":"2024-11-12T16:15:31.000Z","last_edited_user":"SDE","last_edited_date":"2026-03-25T16:06:10.000Z","Shape__Area":381.836690225,"Shape__Length":94.54880622243071,"CommonName":null,"SourceGlobalID":"{16B9E03C-A51F-4739-AA04-C88A658042F9}","Comments":null,"UpdateStatus":"AUTO","UpdateSource":"PMBC"}},{"type":"Feature","geometry":{"type":"Polygon","coordinates":[[[-118.937414,49.716682],[-118.937664,49.716674],[-118.937688,49.716979],[-118.937439,49.716988],[-118.937414,49.716682]]]},"properties":{"GlobalID":"{3C70BB38-9536-4C0A-92C6-2D3895704CE9}","Name":"017446058","PlanID":"{ABC31E06-449F-40F1-963F-F1841E957312}","PlanNumber":"KAS938","PIN":null,"PID":17446058,"Designation1":"Lot 30","Designation2":null,"Designation3":null,"ParcelStatus":"ACTIVE","RegionalDistrict":"0019","ParcelClass":"BARE LAND STRATA","SourceParcelID":null,"GeometrySource":"ICF","IsRemainder":"NO","ParcelStartDate":"2021-06-02T07:00:00.000Z","PositionalError":1.91343571,"LegalDescription":"STRATA LOT 30 DISTRICT LOT 4176S SIMILKAMEEN DIVISION YALE DISTRICT STRATA PLAN KAS938 TOGETHER WITH AN INTEREST IN THE COMMON PROPERTY IN PROPORTION TO THE UNIT ENTITLEMENT OF THE STRATA LOT AS SHOWN ON FORM V","CaptureMethod":"UNKNOWN","OwnerType":"PRIVATE","Compiled":1,"CreatedDate":"2016-09-20T23:24:06.000Z","ModifiedDate":"2025-10-30T23:57:26.000Z","StatedArea":null,"ErrorReportedBy":"PMBC-OPERATIONS","Municipality":"0163","OBJECTID":48757,"created_user":"SDE","created_date":"2024-11-12T16:15:31.000Z","last_edited_user":"SDE","last_edited_date":"2026-03-25T16:06:10.000Z","Shape__Area":612.65514492,"Shape__Length":104.0156991149297,"CommonName":null,"SourceGlobalID":"{C36836C5-12FC-429D-AA85-2BC028572150}","Comments":null,"UpdateStatus":"AUTO","UpdateSource":"PMBC"}},{"type":"Feature","geometry":{"type":"Polygon","coordinates":[[[-118.938981,49.717388],[-118.939129,49.717242],[-118.939477,49.717572],[-118.93927,49.717663],[-118.938981,49.717388]]]},"properties":{"GlobalID":"{BE97EF86-4465-42F9-A37F-7B77EC8F6318}","Name":"018082866","PlanID":"{ABC31E06-449F-40F1-963F-F1841E957312}","PlanNumber":"KAS938","PIN":null,"PID":18082866,"Designation1":"Lot 118","Designation2":null,"Designation3":null,"ParcelStatus":"ACTIVE","RegionalDistrict":"0019","ParcelClass":"BARE LAND STRATA","SourceParcelID":null,"GeometrySource":"ICF","IsRemainder":"NO","ParcelStartDate":null,"PositionalError":1.93060932,"LegalDescription":"STRATA LOT 118 DISTRICT LOT 4176S SIMILKAMEEN DIVISION YALE DISTRICT STRATA PLAN KAS938 TOGETHER WITH AN INTEREST IN THE COMMON PROPERTY IN IN PROPORTION TO THE UNIT ENTITLEMENT OF THE STRATA LOT AS SHOWN ON FORM V","CaptureMethod":"UNKNOWN","OwnerType":"PRIVATE","Compiled":1,"CreatedDate":"2016-09-20T23:24:06.000Z","ModifiedDate":"2025-10-30T23:57:26.000Z","StatedArea":null,"ErrorReportedBy":"PMBC-OPERATIONS","Municipality":"0163","OBJECTID":48758,"created_user":"SDE","created_date":"2024-11-12T16:15:31.000Z","last_edited_user":"SDE","last_edited_date":"2026-03-25T16:06:10.000Z","Shape__Area":732.51026821,"Shape__Length":118.87976794934491,"CommonName":null,"SourceGlobalID":"{782A67C9-9679-44CC-972B-85A00F8E994C}","Comments":null,"UpdateStatus":"AUTO","UpdateSource":"PMBC"}},{"type":"Feature","geometry":{"type":"Polygon","coordinates":[[[-118.938176,49.716656],[-118.938412,49.716648],[-118.938436,49.716954],[-118.9382,49.716962],[-118.938176,49.716656]]]},"properties":{"GlobalID":"{F1918DE5-8156-4980-B611-8CD6C2851E6A}","Name":"017446023","PlanID":"{ABC31E06-449F-40F1-963F-F1841E957312}","PlanNumber":"KAS938","PIN":null,"PID":17446023,"Designation1":"Lot 27","Designation2":null,"Designation3":null,"ParcelStatus":"ACTIVE","RegionalDistrict":"0019","ParcelClass":"BARE LAND STRATA","SourceParcelID":null,"GeometrySource":"ICF","IsRemainder":"NO","ParcelStartDate":"2021-06-02T07:00:00.000Z","PositionalError":1.94250199,"LegalDescription":"STRATA LOT 27 DISTRICT LOT 4176S SIMILKAMEEN DIVISION YALE DISTRICT STRATA PLAN KAS938 TOGETHER WITH AN INTEREST IN THE COMMON PROPERTY IN PROPORTION TO THE UNIT ENTITLEMENT OF THE STRATA LOT AS SHOWN ON FORM V","CaptureMethod":"UNKNOWN","OwnerType":"PRIVATE","Compiled":1,"CreatedDate":"2016-09-20T23:24:06.000Z","ModifiedDate":"2025-10-30T23:57:26.000Z","StatedArea":null,"ErrorReportedBy":"PMBC-OPERATIONS","Municipality":"0163","OBJECTID":48759,"created_user":"SDE","created_date":"2024-11-12T16:15:31.000Z","last_edited_user":"SDE","last_edited_date":"2026-03-25T16:06:10.000Z","Shape__Area":577.96338278,"Shape__Length":101.99170232823198,"CommonName":null,"SourceGlobalID":"{835988EB-2C5B-403F-AF7E-4D2BD3F4A5F3}","Comments":null,"UpdateStatus":"AUTO","UpdateSource":"PMBC"}},{"type":"Feature","geometry":{"type":"Polygon","coordinates":[[[-118.936418,49.716816],[-118.936748,49.716652],[-118.936895,49.716903],[-118.936913,49.71693],[-118.936878,49.716947],[-118.936846,49.71697],[-118.936818,49.716998],[-118.936779,49.71698],[-118.936418,49.716816]]]},"properties":{"GlobalID":"{EB7ABBC4-03A3-410C-8CD2-90DFF24C696C}","Name":"017446082","PlanID":"{ABC31E06-449F-40F1-963F-F1841E957312}","PlanNumber":"KAS938","PIN":null,"PID":17446082,"Designation1":"Lot 33","Designation2":null,"Designation3":null,"ParcelStatus":"ACTIVE","RegionalDistrict":"0019","ParcelClass":"BARE LAND STRATA","SourceParcelID":null,"GeometrySource":"MODIFIED-ICF","IsRemainder":"NO","ParcelStartDate":"2021-06-02T07:00:00.000Z","PositionalError":1.88034036,"LegalDescription":"STRATA LOT 33 DISTRICT LOT 4176S SIMILKAMEEN DIVISION YALE DISTRICT STRATA PLAN KAS938 TOGETHER WITH AN INTEREST IN THE COMMON PROPERTY IN PROPORTION TO THE UNIT ENTITLEMENT OF THE STRATA LOT AS SHOWN ON FORM V","CaptureMethod":"UNKNOWN","OwnerType":"PRIVATE","Compiled":1,"CreatedDate":"2016-09-20T23:24:06.000Z","ModifiedDate":"2025-10-30T23:57:26.000Z","StatedArea":null,"ErrorReportedBy":"PMBC-OPERATIONS","Municipality":"0163","OBJECTID":48760,"created_user":"SDE","created_date":"2024-11-12T16:15:31.000Z","last_edited_user":"SDE","last_edited_date":"2026-03-25T16:06:10.000Z","Shape__Area":647.47907136,"Shape__Length":108.51422018411891,"CommonName":null,"SourceGlobalID":"{91B28C76-ACAB-486B-83EE-54E2698DCEA1}","Comments":null,"UpdateStatus":"AUTO","UpdateSource":"PMBC"}},{"type":"Feature","geometry":{"type":"Polygon","coordinates":[[[-118.939613,49.716538],[-118.939848,49.716483],[-118.93999,49.716736],[-118.939756,49.716792],[-118.939613,49.716538]]]},"properties":{"GlobalID":"{5877D40C-4E2E-4CB1-A9CC-A8B02C52E4DE}","Name":"017445965","PlanID":"{ABC31E06-449F-40F1-963F-F1841E957312}","PlanNumber":"KAS938","PIN":null,"PID":17445965,"Designation1":"Lot 21","Designation2":null,"Designation3":null,"ParcelStatus":"ACTIVE","RegionalDistrict":"0019","ParcelClass":"BARE LAND STRATA","SourceParcelID":null,"GeometrySource":"ICF","IsRemainder":"NO","ParcelStartDate":"2021-06-02T07:00:00.000Z","PositionalError":2.00347176,"LegalDescription":"STRATA LOT 21 DISTRICT LOT 4176S SIMILKAMEEN DIVISION YALE DISTRICT STRATA PLAN KAS938 TOGETHER WITH AN INTEREST IN THE COMMON PROPERTY IN PROPORTION TO THE UNIT ENTITLEMENT OF THE STRATA LOT AS SHOWN ON FORM V","CaptureMethod":"UNKNOWN","OwnerType":"PRIVATE","Compiled":1,"CreatedDate":"2016-09-20T23:24:06.000Z","ModifiedDate":"2025-10-30T23:57:26.000Z","StatedArea":null,"ErrorReportedBy":"PMBC-OPERATIONS","Municipality":"0163","OBJECTID":48761,"created_user":"SDE","created_date":"2024-11-12T16:15:31.000Z","last_edited_user":"SDE","last_edited_date":"2026-03-25T16:06:10.000Z","Shape__Area":540.46205359,"Shape__Length":96.02444808274703,"CommonName":null,"SourceGlobalID":"{F5CBBA4F-4105-4CE2-BF35-2741CA5ED66B}","Comments":null,"UpdateStatus":"AUTO","UpdateSource":"PMBC"}},{"type":"Feature","geometry":{"type":"Polygon","coordinates":[[[-118.939939,49.717564],[-118.940111,49.717488],[-118.940397,49.717732],[-118.940204,49.717817],[-118.939939,49.717564]]]},"properties":{"GlobalID":"{CBFE8286-E010-4649-8B1B-4A8DD9B2F8AC}","Name":"017446554","PlanID":"{ABC31E06-449F-40F1-963F-F1841E957312}","PlanNumber":"KAS938","PIN":null,"PID":17446554,"Designation1":"Lot 78","Designation2":null,"Designation3":null,"ParcelStatus":"ACTIVE","RegionalDistrict":"0019","ParcelClass":"BARE LAND STRATA","SourceParcelID":null,"GeometrySource":"ICF","IsRemainder":"NO","ParcelStartDate":null,"PositionalError":1.9636842,"LegalDescription":"STRATA LOT 78 DISTRICT LOT 4176S SIMILKAMEEN DIVISION YALE DISTRICT STRATA PLAN KAS938 TOGETHER WITH AN INTEREST IN THE COMMON PROPERTY IN PROPORTION TO THE UNIT ENTITLEMENT OF THE STRATA LOT AS SHOWN ON FORM V","CaptureMethod":"UNKNOWN","OwnerType":"PRIVATE","Compiled":1,"CreatedDate":"2016-09-20T23:24:06.000Z","ModifiedDate":"2025-10-30T23:57:26.000Z","StatedArea":null,"ErrorReportedBy":"PMBC-OPERATIONS","Municipality":"0163","OBJECTID":48762,"created_user":"SDE","created_date":"2024-11-12T16:15:31.000Z","last_edited_user":"SDE","last_edited_date":"2026-03-25T16:06:10.000Z","Shape__Area":541.22346483,"Shape__Length":99.91171416584362,"CommonName":null,"SourceGlobalID":"{AAB04B0D-201A-43D1-BDBB-86425CB5BF1D}","Comments":null,"UpdateStatus":"AUTO","UpdateSource":"PMBC"}},{"type":"Feature","geometry":{"type":"Polygon","coordinates":[[[-118.937713,49.717369],[-118.93791,49.717334],[-118.938128,49.717297],[-118.938179,49.717506],[-118.937892,49.717591],[-118.937713,49.717369]]]},"properties":{"GlobalID":"{EDE3894C-30EF-4A46-9AB7-68DBC9F7926C}","Name":"017446759","PlanID":"{ABC31E06-449F-40F1-963F-F1841E957312}","PlanNumber":"KAS938","PIN":null,"PID":17446759,"Designation1":"Lot 98","Designation2":null,"Designation3":null,"ParcelStatus":"ACTIVE","RegionalDistrict":"0019","ParcelClass":"BARE LAND STRATA","SourceParcelID":null,"GeometrySource":"ICF","IsRemainder":"NO","ParcelStartDate":null,"PositionalError":2.12876435,"LegalDescription":"STRATA LOT 98 DISTRICT LOT 4176S SIMILKAMEEN DIVISION YALE DISTRICT STRATA PLAN KAS938 TOGETHER WITH AN INTEREST IN THE COMMON PROPERTY IN PROPORTION TO THE UNIT ENTITLEMENT OF THE STRATA LOT AS SHOWN ON FORM V","CaptureMethod":"UNKNOWN","OwnerType":"PRIVATE","Compiled":1,"CreatedDate":"2016-09-20T23:24:06.000Z","ModifiedDate":"2026-01-10T00:48:11.000Z","StatedArea":null,"ErrorReportedBy":"PMBC-OPERATIONS","Municipality":"0163","OBJECTID":48763,"created_user":"SDE","created_date":"2024-11-12T16:15:31.000Z","last_edited_user":"SDE","last_edited_date":"2026-03-25T16:06:10.000Z","Shape__Area":679.515402535,"Shape__Length":105.05250547202122,"CommonName":null,"SourceGlobalID":"{F91E7120-24EB-4F7B-BDAA-9E19DD88235D}","Comments":null,"UpdateStatus":"AUTO","UpdateSource":"PMBC"}},{"type":"Feature","geometry":{"type":"Polygon","coordinates":[[[-118.937575,49.717427],[-118.937713,49.717369],[-118.937892,49.717591],[-118.937796,49.717621],[-118.937761,49.717647],[-118.937575,49.717427]]]},"properties":{"GlobalID":"{1A849078-65E4-4AE3-A0D0-A2803C7D7918}","Name":"024841102","PlanID":"{ABC31E06-449F-40F1-963F-F1841E957312}","PlanNumber":"KAS938","PIN":null,"PID":24841102,"Designation1":"Lot 130","Designation2":null,"Designation3":null,"ParcelStatus":"ACTIVE","RegionalDistrict":"0019","ParcelClass":"BARE LAND STRATA","SourceParcelID":null,"GeometrySource":"ICF","IsRemainder":"NO","ParcelStartDate":"2000-09-13T07:00:00.000Z","PositionalError":1.86458862,"LegalDescription":"STRATA LOT 130 DISTRICT LOT 4176S SIMILKAMEEN DIVISION YALE DISTRICT STRATA PLAN KAS938 TOGETHER WITH AN INTEREST IN THE COMMON PROPERTY IN PROPORTION TO THE UNIT ENTITLEMENT OF THE STRATA LOT AS SHOWN ON FORM V","CaptureMethod":"UNKNOWN","OwnerType":"PRIVATE","Compiled":1,"CreatedDate":"2016-09-20T23:24:06.000Z","ModifiedDate":"2025-10-30T23:57:26.000Z","StatedArea":null,"ErrorReportedBy":"PMBC-OPERATIONS","Municipality":"0163","OBJECTID":48764,"created_user":"SDE","created_date":"2024-11-12T16:15:31.000Z","last_edited_user":"SDE","last_edited_date":"2026-03-25T16:06:10.000Z","Shape__Area":315.17057752,"Shape__Length":79.0857974577188,"CommonName":null,"SourceGlobalID":"{DB10A3CE-A60F-4F9C-A0A4-1A087FBFC531}","Comments":null,"UpdateStatus":"AUTO","UpdateSource":"PMBC"}},{"type":"Feature","geometry":{"type":"Polygon","coordinates":[[[-118.941242,49.716985],[-118.941344,49.716958],[-118.94152,49.717241],[-118.941417,49.717268],[-118.941242,49.716985]]]},"properties":{"GlobalID":"{801FC052-0B20-476F-8970-09E3339FFF35}","Name":"025825062","PlanID":"{ABC31E06-449F-40F1-963F-F1841E957312}","PlanNumber":"KAS938","PIN":null,"PID":25825062,"Designation1":"Lot 146","Designation2":null,"Designation3":null,"ParcelStatus":"ACTIVE","RegionalDistrict":"0019","ParcelClass":"BARE LAND STRATA","SourceParcelID":null,"GeometrySource":"ICF","IsRemainder":"NO","ParcelStartDate":"2004-01-13T08:00:00.000Z","PositionalError":0.79265473,"LegalDescription":"STRATA LOT 146 DISTRICT LOT 4176S SIMILKAMEEN DIVISION YALE DISTRICT STRATA PLAN KAS938 TOGETHER WITH AN INTEREST IN THE COMMON PROPERTY IN PROPORTION TO THE UNIT ENTITLEMENT OF THE STRATA LOT AS SHOWN ON FORM V","CaptureMethod":"UNKNOWN","OwnerType":"PRIVATE","Compiled":1,"CreatedDate":"2016-09-20T23:24:06.000Z","ModifiedDate":"2025-10-30T23:57:26.000Z","StatedArea":null,"ErrorReportedBy":"PMBC-OPERATIONS","Municipality":"0163","OBJECTID":48765,"created_user":"SDE","created_date":"2024-11-12T16:15:31.000Z","last_edited_user":"SDE","last_edited_date":"2026-03-25T16:06:10.000Z","Shape__Area":271.30289802,"Shape__Length":83.85588241844967,"CommonName":null,"SourceGlobalID":"{0BC00D68-D490-4F19-BE43-C33EAD3FB943}","Comments":null,"UpdateStatus":"AUTO","UpdateSource":"PMBC"}},{"type":"Feature","geometry":{"type":"Polygon","coordinates":[[[-118.942065,49.71677],[-118.94227,49.716716],[-118.942446,49.717],[-118.94224,49.717053],[-118.942065,49.71677]]]},"properties":{"GlobalID":"{ED7D7065-1727-4C5A-9B8F-746816C3EB4B}","Name":"017446431","PlanID":"{ABC31E06-449F-40F1-963F-F1841E957312}","PlanNumber":"KAS938","PIN":null,"PID":17446431,"Designation1":"Lot 66","Designation2":null,"Designation3":null,"ParcelStatus":"ACTIVE","RegionalDistrict":"0019","ParcelClass":"BARE LAND STRATA","SourceParcelID":null,"GeometrySource":"ICF","IsRemainder":"NO","ParcelStartDate":null,"PositionalError":0.99299745,"LegalDescription":"STRATA LOT 66 DISTRICT LOT 4176S SIMILKAMEEN DIVISION YALE DISTRICT STRATA PLAN KAS938 TOGETHER WITH AN INTEREST IN THE COMMON PROPERTY IN PROPORTION TO THE UNIT ENTITLEMENT OF THE STRATA LOT AS SHOWN ON FORM V","CaptureMethod":"UNKNOWN","OwnerType":"PRIVATE","Compiled":1,"CreatedDate":"2016-09-20T23:24:06.000Z","ModifiedDate":"2026-01-10T00:48:11.000Z","StatedArea":null,"ErrorReportedBy":"PMBC-OPERATIONS","Municipality":"0163","OBJECTID":48766,"created_user":"SDE","created_date":"2024-11-12T16:15:31.000Z","last_edited_user":"SDE","last_edited_date":"2026-03-25T16:06:10.000Z","Shape__Area":542.60584443,"Shape__Length":99.84661183807252,"CommonName":null,"SourceGlobalID":"{701901FC-B9BC-4D7E-AA4E-61F7710F65D2}","Comments":null,"UpdateStatus":"AUTO","UpdateSource":"PMBC"}},{"type":"Feature","geometry":{"type":"Polygon","coordinates":[[[-118.939848,49.716483],[-118.940082,49.716427],[-118.940225,49.71668],[-118.93999,49.716736],[-118.939848,49.716483]]]},"properties":{"GlobalID":"{9C862855-67EC-44EA-91FE-E06CCA161E8C}","Name":"017445949","PlanID":"{ABC31E06-449F-40F1-963F-F1841E957312}","PlanNumber":"KAS938","PIN":null,"PID":17445949,"Designation1":"Lot 20","Designation2":null,"Designation3":null,"ParcelStatus":"ACTIVE","RegionalDistrict":"0019","ParcelClass":"BARE LAND STRATA","SourceParcelID":null,"GeometrySource":"ICF","IsRemainder":"NO","ParcelStartDate":"2021-06-02T07:00:00.000Z","PositionalError":2.01431823,"LegalDescription":"STRATA LOT 20 DISTRICT LOT 4176S SIMILKAMEEN DIVISION YALE DISTRICT STRATA PLAN KAS938 TOGETHER WITH AN INTEREST IN THE COMMON PROPERTY IN PROPORTION TO THE UNIT ENTITLEMENT OF THE STRATA LOT AS SHOWN ON FORM V","CaptureMethod":"UNKNOWN","OwnerType":"PRIVATE","Compiled":1,"CreatedDate":"2016-09-20T23:24:06.000Z","ModifiedDate":"2026-01-10T00:48:11.000Z","StatedArea":null,"ErrorReportedBy":"PMBC-OPERATIONS","Municipality":"0163","OBJECTID":48767,"created_user":"SDE","created_date":"2024-11-12T16:15:31.000Z","last_edited_user":"SDE","last_edited_date":"2026-03-25T16:06:10.000Z","Shape__Area":538.353534545,"Shape__Length":95.81139115724682,"CommonName":null,"SourceGlobalID":"{A657A013-7E15-45B9-BCDF-DD5275C78796}","Comments":null,"UpdateStatus":"AUTO","UpdateSource":"PMBC"}},{"type":"Feature","geometry":{"type":"Polygon","coordinates":[[[-118.941859,49.716824],[-118.942065,49.71677],[-118.94224,49.717053],[-118.942034,49.717107],[-118.941859,49.716824]]]},"properties":{"GlobalID":"{F69DF8A1-6E11-40E1-A5B4-3CB0C42A030A}","Name":"017446449","PlanID":"{ABC31E06-449F-40F1-963F-F1841E957312}","PlanNumber":"KAS938","PIN":null,"PID":17446449,"Designation1":"Lot 67","Designation2":null,"Designation3":null,"ParcelStatus":"ACTIVE","RegionalDistrict":"0019","ParcelClass":"BARE LAND STRATA","SourceParcelID":null,"GeometrySource":"ICF","IsRemainder":"NO","ParcelStartDate":null,"PositionalError":0.94928526,"LegalDescription":"STRATA LOT 67 DISTRICT LOT 4176S SIMILKAMEEN DIVISION YALE DISTRICT STRATA PLAN KAS938 TOGETHER WITH AN INTEREST IN THE COMMON PROPERTY IN PROPORTION TO THE UNIT ENTITLEMENT OF THE STRATA LOT AS SHOWN ON FORM V","CaptureMethod":"UNKNOWN","OwnerType":"PRIVATE","Compiled":1,"CreatedDate":"2016-09-20T23:24:06.000Z","ModifiedDate":"2026-01-10T00:48:11.000Z","StatedArea":null,"ErrorReportedBy":"PMBC-OPERATIONS","Municipality":"0163","OBJECTID":48768,"created_user":"SDE","created_date":"2024-11-12T16:15:31.000Z","last_edited_user":"SDE","last_edited_date":"2026-03-25T16:06:10.000Z","Shape__Area":542.60722656,"Shape__Length":99.84683615761031,"CommonName":null,"SourceGlobalID":"{11848685-7FBF-450F-8085-A2430D5BF76E}","Comments":null,"UpdateStatus":"AUTO","UpdateSource":"PMBC"}},{"type":"Feature","geometry":{"type":"Polygon","coordinates":[[[-118.940082,49.716427],[-118.940199,49.7164],[-118.94034,49.716652],[-118.940225,49.71668],[-118.940082,49.716427]]]},"properties":{"GlobalID":"{1732732E-089D-4515-A71E-B5236FAB6839}","Name":"024919756","PlanID":"{ABC31E06-449F-40F1-963F-F1841E957312}","PlanNumber":"KAS938","PIN":null,"PID":24919756,"Designation1":"Lot 134","Designation2":null,"Designation3":null,"ParcelStatus":"ACTIVE","RegionalDistrict":"0019","ParcelClass":"BARE LAND STRATA","SourceParcelID":null,"GeometrySource":"ICF","IsRemainder":"NO","ParcelStartDate":"2000-12-22T08:00:00.000Z","PositionalError":2.02001333,"LegalDescription":"STRATA LOT 134 DISTRICT LOT 4176S SIMILKAMEEN DIVISION YALE DISTRICT STRATA PLAN KAS938 TOGETHER WITH AN INTEREST IN THE COMMON PROPERTY IN PROPORTION TO THE UNIT ENTITLEMENT OF THE STRATA LOT AS SHOWN ON FORM V","CaptureMethod":"UNKNOWN","OwnerType":"PRIVATE","Compiled":1,"CreatedDate":"2016-09-20T23:24:06.000Z","ModifiedDate":"2026-01-10T00:48:11.000Z","StatedArea":null,"ErrorReportedBy":"PMBC-OPERATIONS","Municipality":"0163","OBJECTID":48769,"created_user":"SDE","created_date":"2024-11-12T16:15:31.000Z","last_edited_user":"SDE","last_edited_date":"2026-03-25T16:06:10.000Z","Shape__Area":266.15338617,"Shape__Length":77.58837704486749,"CommonName":null,"SourceGlobalID":"{BCC9532C-2281-43B6-80A5-6A74475C8A49}","Comments":null,"UpdateStatus":"AUTO","UpdateSource":"PMBC"}},{"type":"Feature","geometry":{"type":"Polygon","coordinates":[[[-118.936748,49.716652],[-118.937133,49.716618],[-118.937143,49.716879],[-118.937144,49.716909],[-118.937098,49.716902],[-118.93705,49.716901],[-118.937004,49.716905],[-118.936957,49.716915],[-118.936913,49.71693],[-118.936895,49.716903],[-118.936748,49.716652]]]},"properties":{"GlobalID":"{C0B6FD71-7286-4B46-AC8C-B50BF6671B75}","Name":"017446074","PlanID":"{ABC31E06-449F-40F1-963F-F1841E957312}","PlanNumber":"KAS938","PIN":null,"PID":17446074,"Designation1":"Lot 32","Designation2":null,"Designation3":null,"ParcelStatus":"ACTIVE","RegionalDistrict":"0019","ParcelClass":"BARE LAND STRATA","SourceParcelID":null,"GeometrySource":"MODIFIED-ICF","IsRemainder":"NO","ParcelStartDate":"2021-06-02T07:00:00.000Z","PositionalError":1.89641964,"LegalDescription":"STRATA LOT 32 DISTRICT LOT 4176S SIMILKAMEEN DIVISION YALE DISTRICT STRATA PLAN KAS938 TOGETHER WITH AN INTEREST IN THE COMMON PROPERTY IN PROPORTION TO THE UNIT ENTITLEMENT OF THE STRATA LOT AS SHOWN ON FORM V","CaptureMethod":"UNKNOWN","OwnerType":"PRIVATE","Compiled":1,"CreatedDate":"2016-09-20T23:24:06.000Z","ModifiedDate":"2025-10-30T23:57:26.000Z","StatedArea":null,"ErrorReportedBy":"PMBC-OPERATIONS","Municipality":"0163","OBJECTID":48770,"created_user":"SDE","created_date":"2024-11-12T16:15:31.000Z","last_edited_user":"SDE","last_edited_date":"2026-03-25T16:06:10.000Z","Shape__Area":703.301181955,"Shape__Length":110.9206095559415,"CommonName":null,"SourceGlobalID":"{DC01F8F2-1865-4911-AE69-EC5783D2A078}","Comments":null,"UpdateStatus":"AUTO","UpdateSource":"PMBC"}},{"type":"Feature","geometry":{"type":"Polygon","coordinates":[[[-118.937057,49.718201],[-118.936513,49.718098],[-118.936721,49.717944],[-118.937191,49.718081],[-118.937173,49.718099],[-118.937158,49.718119],[-118.937147,49.718141],[-118.937139,49.718165],[-118.937134,49.71819],[-118.937134,49.718215],[-118.937057,49.718201]]]},"properties":{"GlobalID":"{75E52B73-0C29-4540-BAA2-4BC3AC691B18}","Name":"017446708","PlanID":"{ABC31E06-449F-40F1-963F-F1841E957312}","PlanNumber":"KAS938","PIN":null,"PID":17446708,"Designation1":"Lot 93","Designation2":null,"Designation3":null,"ParcelStatus":"ACTIVE","RegionalDistrict":"0019","ParcelClass":"BARE LAND STRATA","SourceParcelID":null,"GeometrySource":"MODIFIED-ICF","IsRemainder":"NO","ParcelStartDate":null,"PositionalError":1.82400667,"LegalDescription":"STRATA LOT 93 DISTRICT LOT 4176S SIMILKAMEEN DIVISION YALE DISTRICT STRATA PLAN KAS938 TOGETHER WITH AN INTEREST IN THE COMMON PROPERTY IN PROPORTION TO THE UNIT ENTITLEMENT OF THE STRATA LOT AS SHOWN ON FORM V","CaptureMethod":"UNKNOWN","OwnerType":"PRIVATE","Compiled":1,"CreatedDate":"2016-09-20T23:24:06.000Z","ModifiedDate":"2026-01-10T00:48:11.000Z","StatedArea":null,"ErrorReportedBy":"PMBC-OPERATIONS","Municipality":"0163","OBJECTID":48771,"created_user":"SDE","created_date":"2024-11-12T16:15:31.000Z","last_edited_user":"SDE","last_edited_date":"2026-03-25T16:06:10.000Z","Shape__Area":753.649824185,"Shape__Length":122.1788009758255,"CommonName":null,"SourceGlobalID":"{D7C071E1-E84B-40CB-BB05-CDE36ADC97FE}","Comments":null,"UpdateStatus":"AUTO","UpdateSource":"PMBC"}},{"type":"Feature","geometry":{"type":"Polygon","coordinates":[[[-118.942515,49.716653],[-118.942759,49.716589],[-118.942935,49.716872],[-118.94269,49.716936],[-118.942515,49.716653]]]},"properties":{"GlobalID":"{2D01BB44-DF7E-4D56-BB10-D6C29D5166BF}","Name":"017446414","PlanID":"{ABC31E06-449F-40F1-963F-F1841E957312}","PlanNumber":"KAS938","PIN":null,"PID":17446414,"Designation1":"Lot 64","Designation2":null,"Designation3":null,"ParcelStatus":"ACTIVE","RegionalDistrict":"0019","ParcelClass":"BARE LAND STRATA","SourceParcelID":null,"GeometrySource":"ICF","IsRemainder":"NO","ParcelStartDate":null,"PositionalError":1.0825252,"LegalDescription":"STRATA LOT 64 DISTRICT LOT 4176S SIMILKAMEEN DIVISION YALE DISTRICT STRATA PLAN KAS938 TOGETHER WITH AN INTEREST IN THE COMMON PROPERTY IN PROPORTION TO THE UNIT ENTITLEMENT OF THE STRATA LOT AS SHOWN ON FORM V","CaptureMethod":"UNKNOWN","OwnerType":"PRIVATE","Compiled":1,"CreatedDate":"2016-09-20T23:24:06.000Z","ModifiedDate":"2025-10-30T23:57:26.000Z","StatedArea":null,"ErrorReportedBy":"PMBC-OPERATIONS","Municipality":"0163","OBJECTID":48772,"created_user":"SDE","created_date":"2024-11-12T16:15:31.000Z","last_edited_user":"SDE","last_edited_date":"2026-03-25T16:06:10.000Z","Shape__Area":644.472698625,"Shape__Length":105.8506992188151,"CommonName":null,"SourceGlobalID":"{8496F098-DD03-44C3-8669-6A16A7F3D056}","Comments":null,"UpdateStatus":"AUTO","UpdateSource":"PMBC"}},{"type":"Feature","geometry":{"type":"Polygon","coordinates":[[[-118.936918,49.718525],[-118.93732,49.718403],[-118.93735,49.718412],[-118.937381,49.718419],[-118.937364,49.71843],[-118.937265,49.71848],[-118.937193,49.718621],[-118.937108,49.718668],[-118.937048,49.718621],[-118.937019,49.718602],[-118.936918,49.718525]]]},"properties":{"GlobalID":"{9A82EC9B-EF91-40DA-884F-893FD31C7D4A}","Name":"024691321","PlanID":"{ABC31E06-449F-40F1-963F-F1841E957312}","PlanNumber":"KAS938","PIN":null,"PID":24691321,"Designation1":"Lot 128","Designation2":null,"Designation3":null,"ParcelStatus":"ACTIVE","RegionalDistrict":"0019","ParcelClass":"BARE LAND STRATA","SourceParcelID":null,"GeometrySource":"ICF","IsRemainder":"NO","ParcelStartDate":"2000-02-01T08:00:00.000Z","PositionalError":1.82089497,"LegalDescription":"STRATA LOT 128 DISTRICT LOT 4176S SIMILKAMEEN DIVISION YALE DISTRICT STRATA PLAN KAS938 TOGETHER WITH AN INTEREST IN THE COMMON PROPERTY IN PROPORTION TO THE UNIT ENTITLEMENT OF THE STRATA LOT AS SHOWN ON FORM V","CaptureMethod":"UNKNOWN","OwnerType":"PRIVATE","Compiled":1,"CreatedDate":"2016-09-20T23:24:06.000Z","ModifiedDate":"2026-01-10T00:48:11.000Z","StatedArea":null,"ErrorReportedBy":"PMBC-OPERATIONS","Municipality":"0163","OBJECTID":48773,"created_user":"SDE","created_date":"2024-11-12T16:15:31.000Z","last_edited_user":"SDE","last_edited_date":"2026-03-25T16:06:10.000Z","Shape__Area":385.969225085,"Shape__Length":93.07373485380421,"CommonName":null,"SourceGlobalID":"{C32125B0-C1BC-4CD5-9D05-5DC0AABC108D}","Comments":null,"UpdateStatus":"AUTO","UpdateSource":"PMBC"}},{"type":"Feature","geometry":{"type":"Polygon","coordinates":[[[-118.937256,49.718014],[-118.936834,49.717857],[-118.936957,49.717768],[-118.937344,49.71796],[-118.937267,49.718018],[-118.937256,49.718014]]]},"properties":{"GlobalID":"{713B2D59-CAA2-4D3C-82AB-4E4AE1C91834}","Name":"023416483","PlanID":"{ABC31E06-449F-40F1-963F-F1841E957312}","PlanNumber":"KAS938","PIN":null,"PID":23416483,"Designation1":"Lot 120","Designation2":null,"Designation3":null,"ParcelStatus":"ACTIVE","RegionalDistrict":"0019","ParcelClass":"BARE LAND STRATA","SourceParcelID":null,"GeometrySource":"ICF","IsRemainder":"NO","ParcelStartDate":"1996-05-14T07:00:00.000Z","PositionalError":1.82614344,"LegalDescription":"STRATA LOT 120 DISTRICT LOT 4176S SIMILKAMEEN DIVISION YALE DISTRICT STRATA PLAN KAS938 TOGETHER WITH AN INTEREST IN THE COMMON PROPERTY IN PROPORTION TO THE UNIT ENTITLEMENT OF THE STRATA LOT AS SHOWN ON FORM V","CaptureMethod":"UNKNOWN","OwnerType":"PRIVATE","Compiled":1,"CreatedDate":"2016-09-20T23:24:06.000Z","ModifiedDate":"2025-10-30T23:57:26.000Z","StatedArea":null,"ErrorReportedBy":"PMBC-OPERATIONS","Municipality":"0163","OBJECTID":48774,"created_user":"SDE","created_date":"2024-11-12T16:15:31.000Z","last_edited_user":"SDE","last_edited_date":"2026-03-25T16:06:10.000Z","Shape__Area":383.40383193,"Shape__Length":92.90574250116772,"CommonName":null,"SourceGlobalID":"{E676801D-F21E-4BBE-B2EC-CDF35333F073}","Comments":null,"UpdateStatus":"AUTO","UpdateSource":"PMBC"}},{"type":"Feature","geometry":{"type":"Polygon","coordinates":[[[-118.944223,49.716023],[-118.944308,49.716035],[-118.944393,49.716051],[-118.944477,49.716071],[-118.944559,49.716096],[-118.94457,49.716098],[-118.944581,49.716102],[-118.94459,49.716108],[-118.944598,49.716115],[-118.944605,49.716124],[-118.944611,49.716133],[-118.944615,49.716144],[-118.944616,49.716155],[-118.944616,49.716166],[-118.944614,49.716177],[-118.944611,49.716187],[-118.944605,49.716197],[-118.944598,49.716205],[-118.94459,49.716213],[-118.94458,49.716218],[-118.94457,49.716222],[-118.944559,49.716225],[-118.944548,49.716225],[-118.944162,49.716313],[-118.944223,49.716023]]]},"properties":{"GlobalID":"{5C1820C5-E8F2-4FC5-85E5-1517810AF9F6}","Name":"017446384","PlanID":"{ABC31E06-449F-40F1-963F-F1841E957312}","PlanNumber":"KAS938","PIN":null,"PID":17446384,"Designation1":"Lot 61","Designation2":null,"Designation3":null,"ParcelStatus":"ACTIVE","RegionalDistrict":"0019","ParcelClass":"BARE LAND STRATA","SourceParcelID":null,"GeometrySource":"ICF","IsRemainder":"NO","ParcelStartDate":null,"PositionalError":2.1923782,"LegalDescription":"STRATA LOT 61 DISTRICT LOT 4176S SIMILKAMEEN DIVISION YALE DISTRICT STRATA PLAN KAS938 TOGETHER WITH AN INTEREST IN THE COMMON PROPERTY IN PROPORTION TO THE UNIT ENTITLEMENT OF THE STRATA LOT AS SHOWN ON FORM V","CaptureMethod":"UNKNOWN","OwnerType":"PRIVATE","Compiled":1,"CreatedDate":"2016-09-20T23:24:06.000Z","ModifiedDate":"2026-01-10T00:48:11.000Z","StatedArea":null,"ErrorReportedBy":"PMBC-OPERATIONS","Municipality":"0163","OBJECTID":48775,"created_user":"SDE","created_date":"2024-11-12T16:15:31.000Z","last_edited_user":"SDE","last_edited_date":"2026-03-25T16:06:10.000Z","Shape__Area":666.436018315,"Shape__Length":105.63345137444622,"CommonName":null,"SourceGlobalID":"{483F6A3F-14E4-4289-A13E-D5EF69910537}","Comments":null,"UpdateStatus":"AUTO","UpdateSource":"PMBC"}},{"type":"Feature","geometry":{"type":"Polygon","coordinates":[[[-118.937891,49.717797],[-118.9381,49.717708],[-118.938422,49.718039],[-118.938293,49.718095],[-118.938145,49.718128],[-118.937891,49.717797]]]},"properties":{"GlobalID":"{4DAA4BCA-9A76-4D6F-B3CD-3456A1F8AC96}","Name":"018082807","PlanID":"{ABC31E06-449F-40F1-963F-F1841E957312}","PlanNumber":"KAS938","PIN":null,"PID":18082807,"Designation1":"Lot 113","Designation2":null,"Designation3":null,"ParcelStatus":"ACTIVE","RegionalDistrict":"0019","ParcelClass":"BARE LAND STRATA","SourceParcelID":null,"GeometrySource":"ICF","IsRemainder":"NO","ParcelStartDate":null,"PositionalError":1.87173805,"LegalDescription":"STRATA LOT 113 DISTRICT LOT 4176S SIMILKAMEEN DIVISION YALE DISTRICT STRATA PLAN KAS938 TOGETHER WITH AN INTEREST IN THE COMMON PROPERTY IN PROPORTION TO THE UNIT ENTITLEMENT OF THE STRATA LOT AS SHOWN ON FORM V","CaptureMethod":"UNKNOWN","OwnerType":"PRIVATE","Compiled":1,"CreatedDate":"2016-09-20T23:24:06.000Z","ModifiedDate":"2021-09-07T17:58:30.000Z","StatedArea":null,"ErrorReportedBy":"PMBC-OPERATIONS","Municipality":"0163","OBJECTID":48776,"created_user":"SDE","created_date":"2024-11-12T16:15:31.000Z","last_edited_user":"SDE","last_edited_date":"2026-03-25T16:06:10.000Z","Shape__Area":866.188062905,"Shape__Length":125.13494941937462,"CommonName":null,"SourceGlobalID":"{4AC8C54D-2C94-43AB-AF75-D0567A0D9F8A}","Comments":null,"UpdateStatus":"AUTO","UpdateSource":"PMBC"}},{"type":"Feature","geometry":{"type":"Polygon","coordinates":[[[-118.941031,49.716967],[-118.940878,49.716698],[-118.940995,49.716671],[-118.941145,49.716954],[-118.941031,49.716967]]]},"properties":{"GlobalID":"{00507D38-5FAF-4BF8-B2A2-4C0C1531245A}","Name":"024937550","PlanID":"{ABC31E06-449F-40F1-963F-F1841E957312}","PlanNumber":"KAS938","PIN":null,"PID":24937550,"Designation1":"Lot 139","Designation2":null,"Designation3":null,"ParcelStatus":"ACTIVE","RegionalDistrict":"0019","ParcelClass":"BARE LAND STRATA","SourceParcelID":null,"GeometrySource":"ICF","IsRemainder":"NO","ParcelStartDate":"2001-01-30T08:00:00.000Z","PositionalError":2.02588515,"LegalDescription":"STRATA LOT 139 DISTRICT LOT 4176S SIMILKAMEEN DIVISION YALE DISTRICT STRATA PLAN KAS938 TOGETHER WITH AN INTEREST IN THE COMMON PROPERTY IN PROPORTION TO THE UNIT ENTITLEMENT OF THE STRATA LOT AS SHOWN ON FORM V","CaptureMethod":"UNKNOWN","OwnerType":"PRIVATE","Compiled":1,"CreatedDate":"2016-09-20T23:24:06.000Z","ModifiedDate":"2021-09-07T17:58:30.000Z","StatedArea":null,"ErrorReportedBy":"PMBC-OPERATIONS","Municipality":"0163","OBJECTID":48777,"created_user":"SDE","created_date":"2024-11-12T16:15:31.000Z","last_edited_user":"SDE","last_edited_date":"2026-03-25T16:06:10.000Z","Shape__Area":279.69891591,"Shape__Length":82.54194327525646,"CommonName":null,"SourceGlobalID":"{001B4642-BC85-4672-8613-8BDB93C0E941}","Comments":null,"UpdateStatus":"AUTO","UpdateSource":"PMBC"}},{"type":"Feature","geometry":{"type":"Polygon","coordinates":[[[-118.942683,49.716274],[-118.942695,49.71627],[-118.942916,49.716217],[-118.943052,49.716458],[-118.942821,49.716519],[-118.942683,49.716274]]]},"properties":{"GlobalID":"{3322F92C-CAB0-47A5-AF10-8E50754CBEFF}","Name":"017446317","PlanID":"{ABC31E06-449F-40F1-963F-F1841E957312}","PlanNumber":"KAS938","PIN":null,"PID":17446317,"Designation1":"Lot 55","Designation2":null,"Designation3":null,"ParcelStatus":"ACTIVE","RegionalDistrict":"0019","ParcelClass":"BARE LAND STRATA","SourceParcelID":null,"GeometrySource":"ICF","IsRemainder":"NO","ParcelStartDate":null,"PositionalError":2.12225293,"LegalDescription":"STRATA LOT 55 DISTRICT LOT 4176S SIMILKAMEEN DIVISION YALE DISTRICT STRATA PLAN KAS938 TOGETHER WITH AN INTEREST IN THE COMMON PROPERTY IN PROPORTION TO THE UNIT ENTITLEMENT OF THE STRATA LOT AS SHOWN ON FORM V","CaptureMethod":"UNKNOWN","OwnerType":"PRIVATE","Compiled":1,"CreatedDate":"2016-09-20T23:24:06.000Z","ModifiedDate":"2021-09-07T17:58:30.000Z","StatedArea":null,"ErrorReportedBy":"PMBC-OPERATIONS","Municipality":"0163","OBJECTID":48778,"created_user":"SDE","created_date":"2024-11-12T16:15:31.000Z","last_edited_user":"SDE","last_edited_date":"2026-03-25T16:06:10.000Z","Shape__Area":518.821578775,"Shape__Length":93.58337073731556,"CommonName":null,"SourceGlobalID":"{9BF30F04-198A-4499-B958-257EE095A64B}","Comments":null,"UpdateStatus":"AUTO","UpdateSource":"PMBC"}},{"type":"Feature","geometry":{"type":"Polygon","coordinates":[[[-118.938576,49.717564],[-118.938732,49.717518],[-118.938795,49.717495],[-118.939064,49.717755],[-118.938858,49.717846],[-118.938576,49.717564]]]},"properties":{"GlobalID":"{41D04947-941F-422F-934D-0595EB1A8B8F}","Name":"018082840","PlanID":"{ABC31E06-449F-40F1-963F-F1841E957312}","PlanNumber":"KAS938","PIN":null,"PID":18082840,"Designation1":"Lot 116","Designation2":null,"Designation3":null,"ParcelStatus":"ACTIVE","RegionalDistrict":"0019","ParcelClass":"BARE LAND STRATA","SourceParcelID":null,"GeometrySource":"ICF","IsRemainder":"NO","ParcelStartDate":null,"PositionalError":1.90640519,"LegalDescription":"STRATA LOT 116 DISTRICT LOT 4176S SIMILKAMEEN DIVISION YALE DISTRICT STRATA PLAN KAS938 TOGETHER WITH AN INTEREST IN THE COMMON PROPERTY IN PROPORTION TO THE UNIT ENTITLEMENT OF THE STRATA LOT AS SHOWN ON FORM V","CaptureMethod":"UNKNOWN","OwnerType":"PRIVATE","Compiled":1,"CreatedDate":"2016-09-20T23:24:06.000Z","ModifiedDate":"2026-01-10T00:48:11.000Z","StatedArea":null,"ErrorReportedBy":"PMBC-OPERATIONS","Municipality":"0163","OBJECTID":48779,"created_user":"SDE","created_date":"2024-11-12T16:15:31.000Z","last_edited_user":"SDE","last_edited_date":"2026-03-25T16:06:10.000Z","Shape__Area":634.71915483,"Shape__Length":107.67828330167605,"CommonName":null,"SourceGlobalID":"{DE52B333-B7A6-48AF-91DF-7D3AE04A09B1}","Comments":null,"UpdateStatus":"AUTO","UpdateSource":"PMBC"}},{"type":"Feature","geometry":{"type":"Polygon","coordinates":[[[-118.937894,49.717131],[-118.938086,49.717128],[-118.938128,49.717297],[-118.93791,49.717334],[-118.937894,49.717131]]]},"properties":{"GlobalID":"{40965CC1-8621-45EE-A8CB-1FE76A975CC1}","Name":"018082777","PlanID":"{ABC31E06-449F-40F1-963F-F1841E957312}","PlanNumber":"KAS938","PIN":null,"PID":18082777,"Designation1":"Lot 110","Designation2":null,"Designation3":null,"ParcelStatus":"ACTIVE","RegionalDistrict":"0019","ParcelClass":"BARE LAND STRATA","SourceParcelID":null,"GeometrySource":"ICF","IsRemainder":"NO","ParcelStartDate":null,"PositionalError":2.76999668,"LegalDescription":"STRATA LOT 110 DISTRICT LOT 4176S SIMILKAMEEN DIVISION YALE DISTRICT STRATA PLAN KAS938 TOGETHER WITH AN INTEREST IN THE COMMON PROPERTY IN PROPORTION TO THE UNIT ENTITLEMENT OF THE STRATA LOT AS SHOWN ON FORM V","CaptureMethod":"UNKNOWN","OwnerType":"PRIVATE","Compiled":1,"CreatedDate":"2016-09-20T23:24:06.000Z","ModifiedDate":"2025-10-30T23:57:26.000Z","StatedArea":null,"ErrorReportedBy":"PMBC-OPERATIONS","Municipality":"0163","OBJECTID":48780,"created_user":"SDE","created_date":"2024-11-12T16:15:31.000Z","last_edited_user":"SDE","last_edited_date":"2026-03-25T16:06:10.000Z","Shape__Area":310.26472549,"Shape__Length":71.7451708309954,"CommonName":null,"SourceGlobalID":"{04608D37-FA7F-4019-B1E1-253F0FCD0994}","Comments":null,"UpdateStatus":"AUTO","UpdateSource":"PMBC"}},{"type":"Feature","geometry":{"type":"Polygon","coordinates":[[[-118.940933,49.717472],[-118.941099,49.717487],[-118.941061,49.717793],[-118.940959,49.717784],[-118.940934,49.717481],[-118.940933,49.717472]]]},"properties":{"GlobalID":"{C4044F10-8680-4ACB-A907-1EC9AAC7AE9E}","Name":"018082751","PlanID":"{ABC31E06-449F-40F1-963F-F1841E957312}","PlanNumber":"KAS938","PIN":null,"PID":18082751,"Designation1":"Lot 108","Designation2":null,"Designation3":null,"ParcelStatus":"ACTIVE","RegionalDistrict":"0019","ParcelClass":"BARE LAND STRATA","SourceParcelID":null,"GeometrySource":"ICF","IsRemainder":"NO","ParcelStartDate":null,"PositionalError":2.00230255,"LegalDescription":"STRATA LOT 108 DISTRICT LOT 4176S SIMILKAMEEN DIVISION YALE DISTRICT STRATA PLAN KAS938 TOGETHER WITH AN INTEREST IN THE COMMON PROPERTY IN PROPORTION TO THE UNIT ENTITLEMENT OF THE STRATA LOT AS SHOWN ON FORM V","CaptureMethod":"UNKNOWN","OwnerType":"PRIVATE","Compiled":1,"CreatedDate":"2016-09-20T23:24:06.000Z","ModifiedDate":"2021-09-07T17:58:30.000Z","StatedArea":null,"ErrorReportedBy":"PMBC-OPERATIONS","Municipality":"0163","OBJECTID":48781,"created_user":"SDE","created_date":"2024-11-12T16:15:31.000Z","last_edited_user":"SDE","last_edited_date":"2026-03-25T16:06:10.000Z","Shape__Area":330.848532635,"Shape__Length":88.2329768153354,"CommonName":null,"SourceGlobalID":"{37AC9856-8889-407F-BCCB-F31099EC0169}","Comments":null,"UpdateStatus":"AUTO","UpdateSource":"PMBC"}},{"type":"Feature","geometry":{"type":"Polygon","coordinates":[[[-118.942759,49.716589],[-118.943,49.71653],[-118.943142,49.716762],[-118.942935,49.716872],[-118.942759,49.716589]]]},"properties":{"GlobalID":"{DF9EBEF5-67F5-47B4-BD92-DC5860829B4E}","Name":"017446406","PlanID":"{ABC31E06-449F-40F1-963F-F1841E957312}","PlanNumber":"KAS938","PIN":null,"PID":17446406,"Designation1":"Lot 63","Designation2":null,"Designation3":null,"ParcelStatus":"ACTIVE","RegionalDistrict":"0019","ParcelClass":"BARE LAND STRATA","SourceParcelID":null,"GeometrySource":"ICF","IsRemainder":"NO","ParcelStartDate":null,"PositionalError":2.11125596,"LegalDescription":"STRATA LOT 63 DISTRICT LOT 4176S SIMILKAMEEN DIVISION YALE DISTRICT STRATA PLAN KAS938 TOGETHER WITH AN INTEREST IN THE COMMON PROPERTY IN PROPORTION TO THE UNIT ENTITLEMENT OF THE STRATA LOT AS SHOWN ON FORM V","CaptureMethod":"UNKNOWN","OwnerType":"PRIVATE","Compiled":1,"CreatedDate":"2016-09-20T23:24:06.000Z","ModifiedDate":"2026-01-08T16:06:30.000Z","StatedArea":null,"ErrorReportedBy":"PMBC-OPERATIONS","Municipality":"0163","OBJECTID":48782,"created_user":"SDE","created_date":"2024-11-12T16:15:31.000Z","last_edited_user":"SDE","last_edited_date":"2026-03-25T16:06:10.000Z","Shape__Area":570.32073667,"Shape__Length":99.57249068838235,"CommonName":null,"SourceGlobalID":"{59A9419C-3F72-4BD9-A35B-921503DCB8B1}","Comments":null,"UpdateStatus":"AUTO","UpdateSource":"PMBC"}},{"type":"Feature","geometry":{"type":"Polygon","coordinates":[[[-118.939423,49.717792],[-118.939595,49.717716],[-118.93986,49.717969],[-118.939828,49.717983],[-118.939688,49.718045],[-118.939423,49.717792]]]},"properties":{"GlobalID":"{F52BBD8E-2636-421C-8ED6-D00551DB5B26}","Name":"017446589","PlanID":"{ABC31E06-449F-40F1-963F-F1841E957312}","PlanNumber":"KAS938","PIN":null,"PID":17446589,"Designation1":"Lot 81","Designation2":null,"Designation3":null,"ParcelStatus":"ACTIVE","RegionalDistrict":"0019","ParcelClass":"BARE LAND STRATA","SourceParcelID":null,"GeometrySource":"ICF","IsRemainder":"NO","ParcelStartDate":null,"PositionalError":1.93160718,"LegalDescription":"STRATA LOT 81 DISTRICT LOT 4176S SIMILKAMEEN DIVISION YALE DISTRICT STRATA PLAN KAS938 TOGETHER WITH AN INTEREST IN THE COMMON PROPERTY IN PROPORTION TO THE UNIT ENTITLEMENT OF THE STRATA LOT AS SHOWN ON FORM V","CaptureMethod":"UNKNOWN","OwnerType":"PRIVATE","Compiled":1,"CreatedDate":"2016-09-20T23:24:06.000Z","ModifiedDate":"2025-10-30T23:57:26.000Z","StatedArea":null,"ErrorReportedBy":"PMBC-OPERATIONS","Municipality":"0163","OBJECTID":48783,"created_user":"SDE","created_date":"2024-11-12T16:15:31.000Z","last_edited_user":"SDE","last_edited_date":"2026-03-25T16:06:10.000Z","Shape__Area":510.13146666,"Shape__Length":97.94130849892211,"CommonName":null,"SourceGlobalID":"{28ECC089-3106-41DE-A458-DA1B74F1E0A5}","Comments":null,"UpdateStatus":"AUTO","UpdateSource":"PMBC"}},{"type":"Feature","geometry":{"type":"Polygon","coordinates":[[[-118.941099,49.716187],[-118.94132,49.716134],[-118.941463,49.716388],[-118.94124,49.716441],[-118.941099,49.716187]]]},"properties":{"GlobalID":"{D1B0F1C6-82C3-4439-893E-D165454D8D5E}","Name":"017445892","PlanID":"{ABC31E06-449F-40F1-963F-F1841E957312}","PlanNumber":"KAS938","PIN":null,"PID":17445892,"Designation1":"Lot 15","Designation2":null,"Designation3":null,"ParcelStatus":"ACTIVE","RegionalDistrict":"0019","ParcelClass":"BARE LAND STRATA","SourceParcelID":null,"GeometrySource":"ICF","IsRemainder":"NO","ParcelStartDate":null,"PositionalError":2.07360659,"LegalDescription":"STRATA LOT 15 DISTRICT LOT 4176S SIMILKAMEEN DIVISION YALE DISTRICT STRATA PLAN KAS938 TOGETHER WITH AN INTEREST IN THE COMMON PROPERTY IN PROPORTION TO THE UNIT ENTITLEMENT OF THE STRATA LOT AS SHOWN ON FORM V","CaptureMethod":"UNKNOWN","OwnerType":"PRIVATE","Compiled":1,"CreatedDate":"2016-09-20T23:24:06.000Z","ModifiedDate":"2025-10-30T23:57:26.000Z","StatedArea":null,"ErrorReportedBy":"PMBC-OPERATIONS","Municipality":"0163","OBJECTID":48784,"created_user":"SDE","created_date":"2024-11-12T16:15:31.000Z","last_edited_user":"SDE","last_edited_date":"2026-03-25T16:06:10.000Z","Shape__Area":512.4948545,"Shape__Length":94.23360240416473,"CommonName":null,"SourceGlobalID":"{A503E42A-0BE1-4EE4-B65E-E1E61ACFD20F}","Comments":null,"UpdateStatus":"AUTO","UpdateSource":"PMBC"}},{"type":"Feature","geometry":{"type":"Polygon","coordinates":[[[-118.941099,49.717487],[-118.941295,49.717491],[-118.941332,49.717749],[-118.941337,49.717776],[-118.941061,49.717793],[-118.941099,49.717487]]]},"properties":{"GlobalID":"{732B71F0-ABC8-49FC-A239-A7B75B756255}","Name":"017446511","PlanID":"{ABC31E06-449F-40F1-963F-F1841E957312}","PlanNumber":"KAS938","PIN":null,"PID":17446511,"Designation1":"Lot 74","Designation2":null,"Designation3":null,"ParcelStatus":"ACTIVE","RegionalDistrict":"0019","ParcelClass":"BARE LAND STRATA","SourceParcelID":null,"GeometrySource":"ICF","IsRemainder":"NO","ParcelStartDate":null,"PositionalError":2.00885711,"LegalDescription":"STRATA LOT 74 DISTRICT LOT 4176S SIMILKAMEEN DIVISION YALE DISTRICT STRATA PLAN KAS938 TOGETHER WITH AN INTEREST IN THE COMMON PROPERTY IN PROPORTION TO THE UNIT ENTITLEMENT OF THE STRATA LOT AS SHOWN ON FORM V","CaptureMethod":"UNKNOWN","OwnerType":"PRIVATE","Compiled":1,"CreatedDate":"2016-09-20T23:24:06.000Z","ModifiedDate":"2026-01-10T00:48:11.000Z","StatedArea":null,"ErrorReportedBy":"PMBC-OPERATIONS","Municipality":"0163","OBJECTID":48785,"created_user":"SDE","created_date":"2024-11-12T16:15:31.000Z","last_edited_user":"SDE","last_edited_date":"2026-03-25T16:06:10.000Z","Shape__Area":557.654847275,"Shape__Length":100.06901422815741,"CommonName":null,"SourceGlobalID":"{308A2136-A85D-4E28-B991-6BAE159AD571}","Comments":null,"UpdateStatus":"AUTO","UpdateSource":"PMBC"}},{"type":"Feature","geometry":{"type":"Polygon","coordinates":[[[-118.938207,49.718483],[-118.938118,49.718304],[-118.938222,49.718281],[-118.938291,49.718265],[-118.938358,49.718247],[-118.938461,49.718426],[-118.938524,49.718539],[-118.938415,49.718563],[-118.938266,49.718594],[-118.938207,49.718483]]]},"properties":{"GlobalID":"{0DCCDA7C-AF5A-4056-93E6-D057F1F62ADB}","Name":"017446643","PlanID":"{ABC31E06-449F-40F1-963F-F1841E957312}","PlanNumber":"KAS938","PIN":null,"PID":17446643,"Designation1":"Lot 87","Designation2":null,"Designation3":null,"ParcelStatus":"ACTIVE","RegionalDistrict":"0019","ParcelClass":"BARE LAND STRATA","SourceParcelID":null,"GeometrySource":"ICF","IsRemainder":"NO","ParcelStartDate":null,"PositionalError":1.8603675,"LegalDescription":"STRATA LOT 87 DISTRICT LOT 4176S SIMILKAMEEN DIVISION YALE DISTRICT STRATA PLAN KAS938 TOGETHER WITH AN INTEREST IN THE COMMON PROPERTY IN PROPORTION TO THE UNIT ENTITLEMENT OF THE STRATA LOT AS SHOWN ON FORM V","CaptureMethod":"UNKNOWN","OwnerType":"PRIVATE","Compiled":1,"CreatedDate":"2016-09-20T23:24:06.000Z","ModifiedDate":"2026-01-10T00:48:11.000Z","StatedArea":null,"ErrorReportedBy":"PMBC-OPERATIONS","Municipality":"0163","OBJECTID":48786,"created_user":"SDE","created_date":"2024-11-12T16:15:31.000Z","last_edited_user":"SDE","last_edited_date":"2026-03-25T16:06:10.000Z","Shape__Area":654.310741495,"Shape__Length":106.604279244859,"CommonName":null,"SourceGlobalID":"{E8C09A2E-C38F-40F2-9CCC-ED7E5FEEE64D}","Comments":null,"UpdateStatus":"AUTO","UpdateSource":"PMBC"}},{"type":"Feature","geometry":{"type":"Polygon","coordinates":[[[-118.939767,49.71764],[-118.939939,49.717564],[-118.940204,49.717817],[-118.940145,49.717843],[-118.940032,49.717893],[-118.939767,49.71764]]]},"properties":{"GlobalID":"{C667D153-2718-400F-A033-A9BCCB9E1848}","Name":"017446562","PlanID":"{ABC31E06-449F-40F1-963F-F1841E957312}","PlanNumber":"KAS938","PIN":null,"PID":17446562,"Designation1":"Lot 79","Designation2":null,"Designation3":null,"ParcelStatus":"ACTIVE","RegionalDistrict":"0019","ParcelClass":"BARE LAND STRATA","SourceParcelID":null,"GeometrySource":"ICF","IsRemainder":"NO","ParcelStartDate":null,"PositionalError":1.95264309,"LegalDescription":"STRATA LOT 79 DISTRICT LOT 4176S SIMILKAMEEN DIVISION YALE DISTRICT STRATA PLAN KAS938 TOGETHER WITH AN INTEREST IN THE COMMON PROPERTY IN PROPORTION TO THE UNIT ENTITLEMENT OF THE STRATA LOT AS SHOWN ON FORM V","CaptureMethod":"UNKNOWN","OwnerType":"PRIVATE","Compiled":1,"CreatedDate":"2016-09-20T23:24:06.000Z","ModifiedDate":"2026-01-10T00:48:11.000Z","StatedArea":null,"ErrorReportedBy":"PMBC-OPERATIONS","Municipality":"0163","OBJECTID":48787,"created_user":"SDE","created_date":"2024-11-12T16:15:31.000Z","last_edited_user":"SDE","last_edited_date":"2026-03-25T16:06:10.000Z","Shape__Area":509.46905175,"Shape__Length":97.96570364412428,"CommonName":null,"SourceGlobalID":"{758C99A9-EDF0-4A97-8D24-DD468A31A604}","Comments":null,"UpdateStatus":"AUTO","UpdateSource":"PMBC"}},{"type":"Feature","geometry":{"type":"Polygon","coordinates":[[[-118.939129,49.717242],[-118.939188,49.717195],[-118.939251,49.717152],[-118.939493,49.717315],[-118.939672,49.717487],[-118.939477,49.717572],[-118.939129,49.717242]]]},"properties":{"GlobalID":"{F8A9AFB6-408D-4ACC-8FAF-86ADE3916881}","Name":"017446830","PlanID":"{ABC31E06-449F-40F1-963F-F1841E957312}","PlanNumber":"KAS938","PIN":null,"PID":17446830,"Designation1":"Lot 106","Designation2":null,"Designation3":null,"ParcelStatus":"ACTIVE","RegionalDistrict":"0019","ParcelClass":"BARE LAND STRATA","SourceParcelID":null,"GeometrySource":"ICF","IsRemainder":"NO","ParcelStartDate":null,"PositionalError":1.94162102,"LegalDescription":"STRATA LOT 106 DISTRICT LOT 4176S SIMILKAMEEN DIVISION YALE DISTRICT STRATA PLAN KAS938 TOGETHER WITH AN INTEREST IN THE COMMON PROPERTY IN PROPORTION TO THE UNIT ENTITLEMENT OF THE STRATA LOT AS SHOWN ON FORM V","CaptureMethod":"UNKNOWN","OwnerType":"PRIVATE","Compiled":1,"CreatedDate":"2016-09-20T23:24:06.000Z","ModifiedDate":"2026-01-10T00:48:11.000Z","StatedArea":null,"ErrorReportedBy":"PMBC-OPERATIONS","Municipality":"0163","OBJECTID":48788,"created_user":"SDE","created_date":"2024-11-12T16:15:31.000Z","last_edited_user":"SDE","last_edited_date":"2026-03-25T16:06:10.000Z","Shape__Area":741.53605031,"Shape__Length":122.84369001134122,"CommonName":null,"SourceGlobalID":"{94FDC09C-D4FE-4377-A979-429DA1FDA723}","Comments":null,"UpdateStatus":"AUTO","UpdateSource":"PMBC"}},{"type":"Feature","geometry":{"type":"Polygon","coordinates":[[[-118.937429,49.718476],[-118.937453,49.718427],[-118.9375,49.718428],[-118.937546,49.718424],[-118.937534,49.718556],[-118.93752,49.718754],[-118.937351,49.718789],[-118.937291,49.7188],[-118.937429,49.718476]]]},"properties":{"GlobalID":"{D6FC275E-CC22-4EF5-BA12-202A9E39D1B8}","Name":"025418033","PlanID":"{ABC31E06-449F-40F1-963F-F1841E957312}","PlanNumber":"KAS938","PIN":null,"PID":25418033,"Designation1":"Lot 142","Designation2":null,"Designation3":null,"ParcelStatus":"ACTIVE","RegionalDistrict":"0019","ParcelClass":"BARE LAND STRATA","SourceParcelID":null,"GeometrySource":"ICF","IsRemainder":"NO","ParcelStartDate":"2002-06-03T07:00:00.000Z","PositionalError":1.82334243,"LegalDescription":"STRATA LOT 142 DISTRICT LOT 4176S SIMILKAMEEN DIVISION YALE DISTRICT STRATA PLAN KAS938 TOGETHER WITH AN INTEREST IN THE COMMON PROPERTY IN PROPORTION TO THE UNIT ENTITLEMENT OF THE STRATA LOT AS SHOWN ON FORM V","CaptureMethod":"UNKNOWN","OwnerType":"PRIVATE","Compiled":1,"CreatedDate":"2016-09-20T23:24:06.000Z","ModifiedDate":"2026-01-10T00:48:11.000Z","StatedArea":null,"ErrorReportedBy":"PMBC-OPERATIONS","Municipality":"0163","OBJECTID":48789,"created_user":"SDE","created_date":"2024-11-12T16:15:31.000Z","last_edited_user":"SDE","last_edited_date":"2026-03-25T16:06:10.000Z","Shape__Area":437.173186695,"Shape__Length":103.92090718644069,"CommonName":null,"SourceGlobalID":"{A00435EC-C96F-4770-AD06-400F0D1A234D}","Comments":null,"UpdateStatus":"AUTO","UpdateSource":"PMBC"}},{"type":"Feature","geometry":{"type":"Polygon","coordinates":[[[-118.941447,49.716931],[-118.941623,49.717214],[-118.94152,49.717241],[-118.941344,49.716958],[-118.941447,49.716931]]]},"properties":{"GlobalID":"{3F266F9B-9DD4-4A24-A301-7F64FE869C74}","Name":"025825046","PlanID":"{ABC31E06-449F-40F1-963F-F1841E957312}","PlanNumber":"KAS938","PIN":null,"PID":25825046,"Designation1":"Lot 145","Designation2":null,"Designation3":null,"ParcelStatus":"ACTIVE","RegionalDistrict":"0019","ParcelClass":"BARE LAND STRATA","SourceParcelID":null,"GeometrySource":"ICF","IsRemainder":"NO","ParcelStartDate":"2004-01-13T08:00:00.000Z","PositionalError":0.81456186,"LegalDescription":"STRATA LOT 145 DISTRICT LOT 4176S SIMILKAMEEN DIVISION YALE DISTRICT STRATA PLAN KAS938 TOGETHER WITH AN INTEREST IN THE COMMON PROPERTY IN PROPORTION TO THE UNIT ENTITLEMENT OF THE STRATA LOT AS SHOWN ON FORM V","CaptureMethod":"UNKNOWN","OwnerType":"PRIVATE","Compiled":1,"CreatedDate":"2016-09-20T23:24:06.000Z","ModifiedDate":"2021-09-07T17:58:30.000Z","StatedArea":null,"ErrorReportedBy":"PMBC-OPERATIONS","Municipality":"0163","OBJECTID":48790,"created_user":"SDE","created_date":"2024-11-12T16:15:31.000Z","last_edited_user":"SDE","last_edited_date":"2026-03-25T16:06:10.000Z","Shape__Area":271.30635701,"Shape__Length":83.85613963248949,"CommonName":null,"SourceGlobalID":"{D6D728D0-7C49-4C19-A94C-1569D4AD5F03}","Comments":null,"UpdateStatus":"AUTO","UpdateSource":"PMBC"}},{"type":"Feature","geometry":{"type":"Polygon","coordinates":[[[-118.941001,49.717315],[-118.940846,49.717301],[-118.940697,49.71706],[-118.94098,49.717028],[-118.941157,49.717318],[-118.941079,49.71732],[-118.941001,49.717315]]]},"properties":{"GlobalID":"{45C44922-0D89-4FAD-A3AA-F2747F93DE38}","Name":"017446490","PlanID":"{ABC31E06-449F-40F1-963F-F1841E957312}","PlanNumber":"KAS938","PIN":null,"PID":17446490,"Designation1":"Lot 72","Designation2":null,"Designation3":null,"ParcelStatus":"ACTIVE","RegionalDistrict":"0019","ParcelClass":"BARE LAND STRATA","SourceParcelID":null,"GeometrySource":"ICF","IsRemainder":"NO","ParcelStartDate":null,"PositionalError":2.01153249,"LegalDescription":"STRATA LOT 72 DISTRICT LOT 4176S SIMILKAMEEN DIVISION YALE DISTRICT STRATA PLAN KAS938 TOGETHER WITH AN INTEREST IN THE COMMON PROPERTY IN PROPORTION TO THE UNIT ENTITLEMENT OF THE STRATA LOT AS SHOWN ON FORM V","CaptureMethod":"UNKNOWN","OwnerType":"PRIVATE","Compiled":1,"CreatedDate":"2016-09-20T23:24:06.000Z","ModifiedDate":"2026-01-10T00:48:11.000Z","StatedArea":null,"ErrorReportedBy":"PMBC-OPERATIONS","Municipality":"0163","OBJECTID":48791,"created_user":"SDE","created_date":"2024-11-12T16:15:31.000Z","last_edited_user":"SDE","last_edited_date":"2026-03-25T16:06:10.000Z","Shape__Area":651.30533796,"Shape__Length":106.88556816398068,"CommonName":null,"SourceGlobalID":"{7845C32F-DE4E-4C85-A406-D89277079495}","Comments":null,"UpdateStatus":"AUTO","UpdateSource":"PMBC"}},{"type":"Feature","geometry":{"type":"Polygon","coordinates":[[[-118.93835,49.717632],[-118.938576,49.717564],[-118.938858,49.717846],[-118.938652,49.717937],[-118.93835,49.717632]]]},"properties":{"GlobalID":"{0607093B-338E-4DB3-ADBE-98500DFF6803}","Name":"018082831","PlanID":"{ABC31E06-449F-40F1-963F-F1841E957312}","PlanNumber":"KAS938","PIN":null,"PID":18082831,"Designation1":"Lot 115","Designation2":null,"Designation3":null,"ParcelStatus":"ACTIVE","RegionalDistrict":"0019","ParcelClass":"BARE LAND STRATA","SourceParcelID":null,"GeometrySource":"ICF","IsRemainder":"NO","ParcelStartDate":null,"PositionalError":1.89531286,"LegalDescription":"STRATA LOT 115 DISTRICT LOT 4176S SIMILKAMEEN DIVISION YALE DISTRICT STRATA PLAN KAS938 TOGETHER WITH AN INTEREST IN THE COMMON PROPERTY IN PROPORTION TO THE UNIT ENTITLEMENT OF THE STRATA LOT AS SHOWN ON FORM V","CaptureMethod":"UNKNOWN","OwnerType":"PRIVATE","Compiled":1,"CreatedDate":"2016-09-20T23:24:06.000Z","ModifiedDate":"2026-01-10T00:48:11.000Z","StatedArea":null,"ErrorReportedBy":"PMBC-OPERATIONS","Municipality":"0163","OBJECTID":48792,"created_user":"SDE","created_date":"2024-11-12T16:15:31.000Z","last_edited_user":"SDE","last_edited_date":"2026-03-25T16:06:10.000Z","Shape__Area":694.3789621,"Shape__Length":113.63024160046997,"CommonName":null,"SourceGlobalID":"{2185CC08-DFA3-4A20-AD67-4D3D6A834948}","Comments":null,"UpdateStatus":"AUTO","UpdateSource":"PMBC"}},{"type":"Feature","geometry":{"type":"Polygon","coordinates":[[[-118.940106,49.716881],[-118.940296,49.717056],[-118.939944,49.717126],[-118.939666,49.716984],[-118.940106,49.716881]]]},"properties":{"GlobalID":"{DF0346B9-41D1-460B-9A69-66AC5B4A81DF}","Name":"017446198","PlanID":"{ABC31E06-449F-40F1-963F-F1841E957312}","PlanNumber":"KAS938","PIN":null,"PID":17446198,"Designation1":"Lot 44","Designation2":null,"Designation3":null,"ParcelStatus":"ACTIVE","RegionalDistrict":"0019","ParcelClass":"BARE LAND STRATA","SourceParcelID":null,"GeometrySource":"ICF","IsRemainder":"NO","ParcelStartDate":null,"PositionalError":1.98411355,"LegalDescription":"STRATA LOT 44 DISTRICT LOT 4176S SIMILKAMEEN DIVISION YALE DISTRICT STRATA PLAN KAS938 TOGETHER WITH AN INTEREST IN THE COMMON PROPERTY IN PROPORTION TO THE UNIT ENTITLEMENT OF THE STRATA LOT AS SHOWN ON FORM V","CaptureMethod":"UNKNOWN","OwnerType":"PRIVATE","Compiled":1,"CreatedDate":"2016-09-20T23:24:06.000Z","ModifiedDate":"2021-09-07T17:58:30.000Z","StatedArea":null,"ErrorReportedBy":"PMBC-OPERATIONS","Municipality":"0163","OBJECTID":48793,"created_user":"SDE","created_date":"2024-11-12T16:15:31.000Z","last_edited_user":"SDE","last_edited_date":"2026-03-25T16:06:10.000Z","Shape__Area":666.06457754,"Shape__Length":109.62750348931185,"CommonName":null,"SourceGlobalID":"{09C87F5B-D0FC-44FF-B1A6-AEA3F283BB46}","Comments":null,"UpdateStatus":"AUTO","UpdateSource":"PMBC"}},{"type":"Feature","geometry":{"type":"Polygon","coordinates":[[[-118.938375,49.717274],[-118.938837,49.717181],[-118.93884,49.717191],[-118.938841,49.717202],[-118.938841,49.717212],[-118.938838,49.717223],[-118.938835,49.717233],[-118.938829,49.717242],[-118.938822,49.717251],[-118.938789,49.717284],[-118.938752,49.717313],[-118.938712,49.717338],[-118.938669,49.717358],[-118.938625,49.717373],[-118.938415,49.717434],[-118.938375,49.717274]]]},"properties":{"GlobalID":"{8602957A-8ED9-498A-AC28-3CB1AA6F3F18}","Name":"018082793","PlanID":"{ABC31E06-449F-40F1-963F-F1841E957312}","PlanNumber":"KAS938","PIN":null,"PID":18082793,"Designation1":"Lot 112","Designation2":null,"Designation3":null,"ParcelStatus":"ACTIVE","RegionalDistrict":"0019","ParcelClass":"BARE LAND STRATA","SourceParcelID":null,"GeometrySource":"ICF","IsRemainder":"NO","ParcelStartDate":null,"PositionalError":2.73921499,"LegalDescription":"STRATA LOT 112 DISTRICT LOT 4176S SIMILKAMEEN DIVISION YALE DISTRICT STRATA PLAN KAS938 TOGETHER WITH AN INTEREST IN THE COMMON PROPERTY IN IN PROPORTION TO THE UNIT ENTITLEMENT OF THE STRATA LOT AS SHOWN ON FORM V","CaptureMethod":"UNKNOWN","OwnerType":"PRIVATE","Compiled":1,"CreatedDate":"2016-09-20T23:24:06.000Z","ModifiedDate":"2026-01-10T00:48:11.000Z","StatedArea":null,"ErrorReportedBy":"PMBC-OPERATIONS","Municipality":"0163","OBJECTID":48794,"created_user":"SDE","created_date":"2024-11-12T16:15:31.000Z","last_edited_user":"SDE","last_edited_date":"2026-03-25T16:06:10.000Z","Shape__Area":492.988096785,"Shape__Length":97.51427112405659,"CommonName":null,"SourceGlobalID":"{17143F36-C422-4468-8ACF-7F3012970536}","Comments":null,"UpdateStatus":"AUTO","UpdateSource":"PMBC"}},{"type":"Feature","geometry":{"type":"Polygon","coordinates":[[[-118.9405,49.716788],[-118.94076,49.716725],[-118.940904,49.716982],[-118.940641,49.717012],[-118.9405,49.716788]]]},"properties":{"GlobalID":"{519EEB73-C131-413E-A7FA-F5AD5758B8E2}","Name":"017446228","PlanID":"{ABC31E06-449F-40F1-963F-F1841E957312}","PlanNumber":"KAS938","PIN":null,"PID":17446228,"Designation1":"Lot 46","Designation2":null,"Designation3":null,"ParcelStatus":"ACTIVE","RegionalDistrict":"0019","ParcelClass":"BARE LAND STRATA","SourceParcelID":null,"GeometrySource":"ICF","IsRemainder":"NO","ParcelStartDate":null,"PositionalError":2.01452777,"LegalDescription":"STRATA LOT 46 DISTRICT LOT 4176S SIMILKAMEEN DIVISION YALE DISTRICT STRATA PLAN KAS938 TOGETHER WITH AN INTEREST IN THE COMMON PROPERTY IN PROPORTION TO THE UNIT ENTITLEMENT OF THE STRATA LOT AS SHOWN ON FORM V","CaptureMethod":"UNKNOWN","OwnerType":"PRIVATE","Compiled":1,"CreatedDate":"2016-09-20T23:24:06.000Z","ModifiedDate":"2026-01-10T00:48:11.000Z","StatedArea":null,"ErrorReportedBy":"PMBC-OPERATIONS","Municipality":"0163","OBJECTID":48795,"created_user":"SDE","created_date":"2024-11-12T16:15:31.000Z","last_edited_user":"SDE","last_edited_date":"2026-03-25T16:06:10.000Z","Shape__Area":555.833008415,"Shape__Length":96.42548325067605,"CommonName":null,"SourceGlobalID":"{4168866E-899F-4057-8F00-75B7D3C3215C}","Comments":null,"UpdateStatus":"AUTO","UpdateSource":"PMBC"}},{"type":"Feature","geometry":{"type":"Polygon","coordinates":[[[-118.943891,49.716014],[-118.944002,49.716011],[-118.944113,49.716014],[-118.944223,49.716023],[-118.944162,49.716313],[-118.943944,49.716364],[-118.943891,49.716014]]]},"properties":{"GlobalID":"{FED42990-C865-4B86-B4A2-95AE329CB4E8}","Name":"017446376","PlanID":"{ABC31E06-449F-40F1-963F-F1841E957312}","PlanNumber":"KAS938","PIN":null,"PID":17446376,"Designation1":"Lot 60","Designation2":null,"Designation3":null,"ParcelStatus":"ACTIVE","RegionalDistrict":"0019","ParcelClass":"BARE LAND STRATA","SourceParcelID":null,"GeometrySource":"ICF","IsRemainder":"NO","ParcelStartDate":null,"PositionalError":2.1823431,"LegalDescription":"STRATA LOT 60 DISTRICT LOT 4176S SIMILKAMEEN DIVISION YALE DISTRICT STRATA PLAN KAS938 TOGETHER WITH AN INTEREST IN THE COMMON PROPERTY IN PROPORTION TO THE UNIT ENTITLEMENT OF THE STRATA LOT AS SHOWN ON FORM V","CaptureMethod":"UNKNOWN","OwnerType":"PRIVATE","Compiled":1,"CreatedDate":"2016-09-20T23:24:06.000Z","ModifiedDate":"2026-01-10T00:48:11.000Z","StatedArea":null,"ErrorReportedBy":"PMBC-OPERATIONS","Municipality":"0163","OBJECTID":48796,"created_user":"SDE","created_date":"2024-11-12T16:15:31.000Z","last_edited_user":"SDE","last_edited_date":"2026-03-25T16:06:10.000Z","Shape__Area":715.93656597,"Shape__Length":112.38387644423253,"CommonName":null,"SourceGlobalID":"{D4A92486-E5DE-49EF-A311-BCB6E3A0B865}","Comments":null,"UpdateStatus":"AUTO","UpdateSource":"PMBC"}},{"type":"Feature","geometry":{"type":"Polygon","coordinates":[[[-118.93767,49.717716],[-118.937426,49.71749],[-118.937575,49.717427],[-118.937761,49.717647],[-118.93767,49.717716]]]},"properties":{"GlobalID":"{B243A250-58C9-43A2-A771-5196F35F20B1}","Name":"024841099","PlanID":"{ABC31E06-449F-40F1-963F-F1841E957312}","PlanNumber":"KAS938","PIN":null,"PID":24841099,"Designation1":"Lot 129","Designation2":null,"Designation3":null,"ParcelStatus":"ACTIVE","RegionalDistrict":"0019","ParcelClass":"BARE LAND STRATA","SourceParcelID":null,"GeometrySource":"ICF","IsRemainder":"NO","ParcelStartDate":"2000-09-13T07:00:00.000Z","PositionalError":1.74058527,"LegalDescription":"STRATA LOT 129 DISTRICT LOT 4176S SIMILKAMEEN DIVISION YALE DISTRICT STRATA PLAN KAS938 TOGETHER WITH AN INTEREST IN THE COMMON PROPERTY IN PROPORTION TO THE UNIT ENTITLEMENT OF THE STRATA LOT AS SHOWN ON FORM V","CaptureMethod":"UNKNOWN","OwnerType":"PRIVATE","Compiled":1,"CreatedDate":"2016-09-20T23:24:06.000Z","ModifiedDate":"2021-09-07T17:58:30.000Z","StatedArea":null,"ErrorReportedBy":"PMBC-OPERATIONS","Municipality":"0163","OBJECTID":48797,"created_user":"SDE","created_date":"2024-11-12T16:15:31.000Z","last_edited_user":"SDE","last_edited_date":"2026-03-25T16:06:10.000Z","Shape__Area":328.881630025,"Shape__Length":81.49963571485695,"CommonName":null,"SourceGlobalID":"{F2968C19-A74A-4396-B780-635F07997881}","Comments":null,"UpdateStatus":"AUTO","UpdateSource":"PMBC"}},{"type":"Feature","geometry":{"type":"Polygon","coordinates":[[[-118.940506,49.717743],[-118.940397,49.717732],[-118.940111,49.717488],[-118.94017,49.717466],[-118.940231,49.717448],[-118.940293,49.717436],[-118.940356,49.717429],[-118.940419,49.717427],[-118.940483,49.717431],[-118.940605,49.717442],[-118.940538,49.717746],[-118.940506,49.717743]]]},"properties":{"GlobalID":"{24162DC5-DF21-45B1-9B4A-97E02D0EF6CB}","Name":"017446546","PlanID":"{ABC31E06-449F-40F1-963F-F1841E957312}","PlanNumber":"KAS938","PIN":null,"PID":17446546,"Designation1":"Lot 77","Designation2":null,"Designation3":null,"ParcelStatus":"ACTIVE","RegionalDistrict":"0019","ParcelClass":"BARE LAND STRATA","SourceParcelID":null,"GeometrySource":"ICF","IsRemainder":"NO","ParcelStartDate":null,"PositionalError":1.98486922,"LegalDescription":"STRATA LOT 77 DISTRICT LOT 4176S SIMILKAMEEN DIVISION YALE DISTRICT STRATA PLAN KAS938 TOGETHER WITH AN INTEREST IN THE COMMON PROPERTY IN PROPORTION TO THE UNIT ENTITLEMENT OF THE STRATA LOT AS SHOWN ON FORM V","CaptureMethod":"UNKNOWN","OwnerType":"PRIVATE","Compiled":1,"CreatedDate":"2016-09-20T23:24:06.000Z","ModifiedDate":"2026-01-10T00:48:11.000Z","StatedArea":null,"ErrorReportedBy":"PMBC-OPERATIONS","Municipality":"0163","OBJECTID":48798,"created_user":"SDE","created_date":"2024-11-12T16:15:31.000Z","last_edited_user":"SDE","last_edited_date":"2026-03-25T16:06:10.000Z","Shape__Area":803.027945405,"Shape__Length":115.62975528469791,"CommonName":null,"SourceGlobalID":"{07AA216A-AA14-4306-9583-6708F75F7543}","Comments":null,"UpdateStatus":"AUTO","UpdateSource":"PMBC"}},{"type":"Feature","geometry":{"type":"Polygon","coordinates":[[[-118.941529,49.716545],[-118.941782,49.716484],[-118.941932,49.71675],[-118.941681,49.716815],[-118.941529,49.716545]]]},"properties":{"GlobalID":"{C16D810B-40A4-45E9-AA71-105938041B2C}","Name":"017446261","PlanID":"{ABC31E06-449F-40F1-963F-F1841E957312}","PlanNumber":"KAS938","PIN":null,"PID":17446261,"Designation1":"Lot 50","Designation2":null,"Designation3":null,"ParcelStatus":"ACTIVE","RegionalDistrict":"0019","ParcelClass":"BARE LAND STRATA","SourceParcelID":null,"GeometrySource":"ICF","IsRemainder":"NO","ParcelStartDate":null,"PositionalError":2.06357989,"LegalDescription":"STRATA LOT 50 DISTRICT LOT 4176S SIMILKAMEEN DIVISION YALE DISTRICT STRATA PLAN KAS938 TOGETHER WITH AN INTEREST IN THE COMMON PROPERTY IN PROPORTION TO THE UNIT ENTITLEMENT OF THE STRATA LOT AS SHOWN ON FORM V","CaptureMethod":"UNKNOWN","OwnerType":"PRIVATE","Compiled":1,"CreatedDate":"2016-09-20T23:24:06.000Z","ModifiedDate":"2026-01-10T00:48:11.000Z","StatedArea":null,"ErrorReportedBy":"PMBC-OPERATIONS","Municipality":"0163","OBJECTID":48799,"created_user":"SDE","created_date":"2024-11-12T16:15:31.000Z","last_edited_user":"SDE","last_edited_date":"2026-03-25T16:06:10.000Z","Shape__Area":617.3714309,"Shape__Length":102.36420255944475,"CommonName":null,"SourceGlobalID":"{7B022D6B-20E5-4D9B-98D4-B1984754E37D}","Comments":null,"UpdateStatus":"AUTO","UpdateSource":"PMBC"}},{"type":"Feature","geometry":{"type":"Polygon","coordinates":[[[-118.939251,49.717152],[-118.939296,49.717126],[-118.939343,49.717101],[-118.939402,49.717073],[-118.939462,49.717048],[-118.939497,49.717034],[-118.939747,49.717163],[-118.939493,49.717315],[-118.939251,49.717152]]]},"properties":{"GlobalID":"{63CDE4BB-736D-4B3C-AA9D-02AB9B633A6E}","Name":"017446180","PlanID":"{ABC31E06-449F-40F1-963F-F1841E957312}","PlanNumber":"KAS938","PIN":null,"PID":17446180,"Designation1":"Lot 43","Designation2":null,"Designation3":null,"ParcelStatus":"ACTIVE","RegionalDistrict":"0019","ParcelClass":"BARE LAND STRATA","SourceParcelID":null,"GeometrySource":"ICF","IsRemainder":"NO","ParcelStartDate":null,"PositionalError":1.95828328,"LegalDescription":"STRATA LOT 43 DISTRICT LOT 4176S SIMILKAMEEN DIVISION YALE DISTRICT STRATA PLAN KAS938 TOGETHER WITH AN INTEREST IN THE COMMON PROPERTY IN PROPORTION TO THE UNIT ENTITLEMENT OF THE STRATA LOT AS SHOWN ON FORM V","CaptureMethod":"UNKNOWN","OwnerType":"PRIVATE","Compiled":1,"CreatedDate":"2016-09-20T23:24:06.000Z","ModifiedDate":"2026-01-10T00:48:11.000Z","StatedArea":null,"ErrorReportedBy":"PMBC-OPERATIONS","Municipality":"0163","OBJECTID":48800,"created_user":"SDE","created_date":"2024-11-12T16:15:31.000Z","last_edited_user":"SDE","last_edited_date":"2026-03-25T16:06:10.000Z","Shape__Area":569.025669545,"Shape__Length":95.31681893064102,"CommonName":null,"SourceGlobalID":"{98253716-045F-434C-9E34-CBD3E0C679D3}","Comments":null,"UpdateStatus":"AUTO","UpdateSource":"PMBC"}},{"type":"Feature","geometry":{"type":"Polygon","coordinates":[[[-118.945017,49.715732],[-118.945078,49.715751],[-118.94515,49.715988],[-118.94477,49.715976],[-118.945017,49.715732]]]},"properties":{"GlobalID":"{7D5D494F-E6D3-4B35-9A6E-26849DC8400F}","Name":"024225509","PlanID":"{ABC31E06-449F-40F1-963F-F1841E957312}","PlanNumber":"KAS938","PIN":null,"PID":24225509,"Designation1":"Lot 122","Designation2":null,"Designation3":null,"ParcelStatus":"ACTIVE","RegionalDistrict":"0019","ParcelClass":"BARE LAND STRATA","SourceParcelID":null,"GeometrySource":"ICF","IsRemainder":"NO","ParcelStartDate":"1998-08-17T07:00:00.000Z","PositionalError":2.23800117,"LegalDescription":"STRATA LOT 122 DISTRICT LOT 4176S SIMILKAMEEN DIVISION YALE DISTRICT STRATA PLAN KAS938 TOGETHER WITH AN INTEREST IN THE COMMON PROPERTY IN PROPORTION TO THE UNIT ENTITLEMENT OF THE STRATA LOT AS SHOWN ON FORM V","CaptureMethod":"UNKNOWN","OwnerType":"PRIVATE","Compiled":1,"CreatedDate":"2016-09-20T23:24:06.000Z","ModifiedDate":"2025-10-30T23:57:26.000Z","StatedArea":null,"ErrorReportedBy":"PMBC-OPERATIONS","Municipality":"0163","OBJECTID":48801,"created_user":"SDE","created_date":"2024-11-12T16:15:31.000Z","last_edited_user":"SDE","last_edited_date":"2026-03-25T16:06:10.000Z","Shape__Area":435.1141174,"Shape__Length":91.53105246802497,"CommonName":null,"SourceGlobalID":"{01E2EA7A-1B74-44BD-A3E8-42DDC7C26513}","Comments":null,"UpdateStatus":"AUTO","UpdateSource":"PMBC"}},{"type":"Feature","geometry":{"type":"Polygon","coordinates":[[[-118.939148,49.718285],[-118.939035,49.718335],[-118.938997,49.7183],[-118.93877,49.718083],[-118.938877,49.718035],[-118.939107,49.718251],[-118.939148,49.718285]]]},"properties":{"GlobalID":"{F67D0FE5-066D-4077-8730-66903766D575}","Name":"024423246","PlanID":"{ABC31E06-449F-40F1-963F-F1841E957312}","PlanNumber":"KAS938","PIN":null,"PID":24423246,"Designation1":"Lot 126","Designation2":null,"Designation3":null,"ParcelStatus":"ACTIVE","RegionalDistrict":"0019","ParcelClass":"BARE LAND STRATA","SourceParcelID":null,"GeometrySource":"ICF","IsRemainder":"NO","ParcelStartDate":"1999-02-25T08:00:00.000Z","PositionalError":1.88989045,"LegalDescription":"STRATA LOT 126 DISTRICT LOT 4176S SIMILKAMEEN DIVISION YALE DISTRICT STRATA PLAN KAS938 TOGETHER WITH AN INTEREST IN THE COMMON PROPERTY IN PROPORTION TO THE UNIT ENTITLEMENT OF THE STRATA LOT AS SHOWN ON FORM V","CaptureMethod":"UNKNOWN","OwnerType":"PRIVATE","Compiled":1,"CreatedDate":"2016-09-20T23:24:06.000Z","ModifiedDate":"2021-09-07T17:58:30.000Z","StatedArea":null,"ErrorReportedBy":"PMBC-OPERATIONS","Municipality":"0163","OBJECTID":48802,"created_user":"SDE","created_date":"2024-11-12T16:15:31.000Z","last_edited_user":"SDE","last_edited_date":"2026-03-25T16:06:10.000Z","Shape__Area":324.20867957,"Shape__Length":87.03839077829922,"CommonName":null,"SourceGlobalID":"{903EFA38-7FC9-41E0-A443-C76F2D24CF4F}","Comments":null,"UpdateStatus":"AUTO","UpdateSource":"PMBC"}},{"type":"Feature","geometry":{"type":"Polygon","coordinates":[[[-118.94203,49.716426],[-118.942238,49.716377],[-118.942383,49.716632],[-118.942177,49.716686],[-118.94203,49.716426]]]},"properties":{"GlobalID":"{525E25CA-D12D-43E2-8841-A945AA385212}","Name":"017446287","PlanID":"{ABC31E06-449F-40F1-963F-F1841E957312}","PlanNumber":"KAS938","PIN":null,"PID":17446287,"Designation1":"Lot 52","Designation2":null,"Designation3":null,"ParcelStatus":"ACTIVE","RegionalDistrict":"0019","ParcelClass":"BARE LAND STRATA","SourceParcelID":null,"GeometrySource":"ICF","IsRemainder":"NO","ParcelStartDate":null,"PositionalError":2.08742698,"LegalDescription":"STRATA LOT 52 DISTRICT LOT 4176S SIMILKAMEEN DIVISION YALE DISTRICT STRATA PLAN KAS938 TOGETHER WITH AN INTEREST IN THE COMMON PROPERTY IN PROPORTION TO THE UNIT ENTITLEMENT OF THE STRATA LOT AS SHOWN ON FORM V","CaptureMethod":"UNKNOWN","OwnerType":"PRIVATE","Compiled":1,"CreatedDate":"2016-09-20T23:24:06.000Z","ModifiedDate":"2026-01-10T00:48:11.000Z","StatedArea":null,"ErrorReportedBy":"PMBC-OPERATIONS","Municipality":"0163","OBJECTID":48803,"created_user":"SDE","created_date":"2024-11-12T16:15:31.000Z","last_edited_user":"SDE","last_edited_date":"2026-03-25T16:06:10.000Z","Shape__Area":487.71900961,"Shape__Length":92.98199947821824,"CommonName":null,"SourceGlobalID":"{DF6ED01A-0456-4B80-9805-4C3687B9CD3A}","Comments":null,"UpdateStatus":"AUTO","UpdateSource":"PMBC"}},{"type":"Feature","geometry":{"type":"Polygon","coordinates":[[[-118.938358,49.718247],[-118.9384,49.718235],[-118.938483,49.718207],[-118.938564,49.718174],[-118.938734,49.718369],[-118.938793,49.71844],[-118.93868,49.718491],[-118.938615,49.718518],[-118.938524,49.718539],[-118.938461,49.718426],[-118.938358,49.718247]]]},"properties":{"GlobalID":"{3D5FA878-91BF-42A5-ACAB-BFB4B646F2C9}","Name":"017446635","PlanID":"{ABC31E06-449F-40F1-963F-F1841E957312}","PlanNumber":"KAS938","PIN":null,"PID":17446635,"Designation1":"Lot 86","Designation2":null,"Designation3":null,"ParcelStatus":"ACTIVE","RegionalDistrict":"0019","ParcelClass":"BARE LAND STRATA","SourceParcelID":null,"GeometrySource":"ICF","IsRemainder":"NO","ParcelStartDate":null,"PositionalError":1.87100879,"LegalDescription":"STRATA LOT 86 DISTRICT LOT 4176S SIMILKAMEEN DIVISION YALE DISTRICT STRATA PLAN KAS938 TOGETHER WITH AN INTEREST IN THE COMMON PROPERTY IN PROPORTION TO THE UNIT ENTITLEMENT OF THE STRATA LOT AS SHOWN ON FORM V","CaptureMethod":"UNKNOWN","OwnerType":"PRIVATE","Compiled":1,"CreatedDate":"2016-09-20T23:24:06.000Z","ModifiedDate":"2026-01-10T00:48:11.000Z","StatedArea":null,"ErrorReportedBy":"PMBC-OPERATIONS","Municipality":"0163","OBJECTID":48804,"created_user":"SDE","created_date":"2024-11-12T16:15:31.000Z","last_edited_user":"SDE","last_edited_date":"2026-03-25T16:06:10.000Z","Shape__Area":677.821927515,"Shape__Length":107.81358060055722,"CommonName":null,"SourceGlobalID":"{08494404-0C4E-4EEA-81F5-A3417A5482F2}","Comments":null,"UpdateStatus":"AUTO","UpdateSource":"PMBC"}},{"type":"Feature","geometry":{"type":"Polygon","coordinates":[[[-118.940199,49.7164],[-118.940318,49.716373],[-118.94046,49.716625],[-118.94034,49.716652],[-118.940199,49.7164]]]},"properties":{"GlobalID":"{0097FA20-A94D-49C4-90A9-1275B612309F}","Name":"024919748","PlanID":"{ABC31E06-449F-40F1-963F-F1841E957312}","PlanNumber":"KAS938","PIN":null,"PID":24919748,"Designation1":"Lot 133","Designation2":null,"Designation3":null,"ParcelStatus":"ACTIVE","RegionalDistrict":"0019","ParcelClass":"BARE LAND STRATA","SourceParcelID":null,"GeometrySource":"ICF","IsRemainder":"NO","ParcelStartDate":"2000-12-22T08:00:00.000Z","PositionalError":2.0257628,"LegalDescription":"STRATA LOT 133 DISTRICT LOT 4176S SIMILKAMEEN DIVISION YALE DISTRICT STRATA PLAN KAS938 TOGETHER WITH AN INTEREST IN THE COMMON PROPERTY IN PROPORTION TO THE UNIT ENTITLEMENT OF THE STRATA LOT AS SHOWN ON FORM V","CaptureMethod":"UNKNOWN","OwnerType":"PRIVATE","Compiled":1,"CreatedDate":"2016-09-20T23:24:06.000Z","ModifiedDate":"2026-01-10T00:48:11.000Z","StatedArea":null,"ErrorReportedBy":"PMBC-OPERATIONS","Municipality":"0163","OBJECTID":48805,"created_user":"SDE","created_date":"2024-11-12T16:15:31.000Z","last_edited_user":"SDE","last_edited_date":"2026-03-25T16:06:10.000Z","Shape__Area":271.59140166,"Shape__Length":77.93121962493245,"CommonName":null,"SourceGlobalID":"{67CA0FA8-AC44-4670-9C64-36BA0FF88100}","Comments":null,"UpdateStatus":"AUTO","UpdateSource":"PMBC"}},{"type":"Feature","geometry":{"type":"Polygon","coordinates":[[[-118.9438,49.715549],[-118.944112,49.715474],[-118.944053,49.71585],[-118.943929,49.715851],[-118.943804,49.715858],[-118.9438,49.715549]]]},"properties":{"GlobalID":"{946A6CEA-8DB8-4136-B887-F87025A6B8D8}","Name":"017445787","PlanID":"{ABC31E06-449F-40F1-963F-F1841E957312}","PlanNumber":"KAS938","PIN":null,"PID":17445787,"Designation1":"Lot 5","Designation2":null,"Designation3":null,"ParcelStatus":"ACTIVE","RegionalDistrict":"0019","ParcelClass":"BARE LAND STRATA","SourceParcelID":null,"GeometrySource":"ICF","IsRemainder":"NO","ParcelStartDate":null,"PositionalError":2.21288027,"LegalDescription":"STRATA LOT 5 DISTRICT LOT 4176S SIMILKAMEEN DIVISION YALE DISTRICT STRATA PLAN KAS938 TOGETHER WITH AN INTEREST IN THE COMMON PROPERTY IN PROPORTION TO THE UNIT ENTITLEMENT OF THE STRATA LOT AS SHOWN ON FORM V","CaptureMethod":"UNKNOWN","OwnerType":"PRIVATE","Compiled":1,"CreatedDate":"2016-09-20T23:24:06.000Z","ModifiedDate":"2026-01-10T00:48:11.000Z","StatedArea":null,"ErrorReportedBy":"PMBC-OPERATIONS","Municipality":"0163","OBJECTID":48806,"created_user":"SDE","created_date":"2024-11-12T16:15:31.000Z","last_edited_user":"SDE","last_edited_date":"2026-03-25T16:06:10.000Z","Shape__Area":759.100627425,"Shape__Length":118.43517412989337,"CommonName":null,"SourceGlobalID":"{06D1D0B5-6F9B-4E0D-9DA8-C76C2A0DBFE8}","Comments":null,"UpdateStatus":"AUTO","UpdateSource":"PMBC"}},{"type":"Feature","geometry":{"type":"Polygon","coordinates":[[[-118.938412,49.716648],[-118.938654,49.71664],[-118.938678,49.716946],[-118.938436,49.716954],[-118.938412,49.716648]]]},"properties":{"GlobalID":"{901C623A-123F-40C4-B263-1685EC9D949D}","Name":"017446015","PlanID":"{ABC31E06-449F-40F1-963F-F1841E957312}","PlanNumber":"KAS938","PIN":null,"PID":17446015,"Designation1":"Lot 26","Designation2":null,"Designation3":null,"ParcelStatus":"ACTIVE","RegionalDistrict":"0019","ParcelClass":"BARE LAND STRATA","SourceParcelID":null,"GeometrySource":"ICF","IsRemainder":"NO","ParcelStartDate":"2021-06-02T07:00:00.000Z","PositionalError":1.95253552,"LegalDescription":"STRATA LOT 26 DISTRICT LOT 4176S SIMILKAMEEN DIVISION YALE DISTRICT STRATA PLAN KAS938 TOGETHER WITH AN INTEREST IN THE COMMON PROPERTY IN PROPORTION TO THE UNIT ENTITLEMENT OF THE STRATA LOT AS SHOWN ON FORM V","CaptureMethod":"UNKNOWN","OwnerType":"PRIVATE","Compiled":1,"CreatedDate":"2016-09-20T23:24:06.000Z","ModifiedDate":"2025-10-30T23:57:26.000Z","StatedArea":null,"ErrorReportedBy":"PMBC-OPERATIONS","Municipality":"0163","OBJECTID":48807,"created_user":"SDE","created_date":"2024-11-12T16:15:31.000Z","last_edited_user":"SDE","last_edited_date":"2026-03-25T16:06:10.000Z","Shape__Area":594.754207405,"Shape__Length":102.98002051745833,"CommonName":null,"SourceGlobalID":"{9488000A-75E7-412C-9628-733364F56E43}","Comments":null,"UpdateStatus":"AUTO","UpdateSource":"PMBC"}},{"type":"Feature","geometry":{"type":"Polygon","coordinates":[[[-118.94098,49.717028],[-118.941168,49.717006],[-118.941242,49.716985],[-118.941417,49.717268],[-118.941353,49.717286],[-118.941289,49.717301],[-118.941223,49.717312],[-118.941157,49.717318],[-118.94098,49.717028]]]},"properties":{"GlobalID":"{7149ECC7-8090-4A1D-89A1-1FD2367FB335}","Name":"017446481","PlanID":"{ABC31E06-449F-40F1-963F-F1841E957312}","PlanNumber":"KAS938","PIN":null,"PID":17446481,"Designation1":"Lot 71","Designation2":null,"Designation3":null,"ParcelStatus":"ACTIVE","RegionalDistrict":"0019","ParcelClass":"BARE LAND STRATA","SourceParcelID":null,"GeometrySource":"ICF","IsRemainder":"NO","ParcelStartDate":null,"PositionalError":2.02028191,"LegalDescription":"STRATA LOT 71 DISTRICT LOT 4176S SIMILKAMEEN DIVISION YALE DISTRICT STRATA PLAN KAS938 TOGETHER WITH AN INTEREST IN THE COMMON PROPERTY IN PROPORTION TO THE UNIT ENTITLEMENT OF THE STRATA LOT AS SHOWN ON FORM V","CaptureMethod":"UNKNOWN","OwnerType":"PRIVATE","Compiled":1,"CreatedDate":"2016-09-20T23:24:06.000Z","ModifiedDate":"2026-01-10T00:48:11.000Z","StatedArea":null,"ErrorReportedBy":"PMBC-OPERATIONS","Municipality":"0163","OBJECTID":48808,"created_user":"SDE","created_date":"2024-11-12T16:15:31.000Z","last_edited_user":"SDE","last_edited_date":"2026-03-25T16:06:10.000Z","Shape__Area":666.25239982,"Shape__Length":107.94709611447026,"CommonName":null,"SourceGlobalID":"{70115678-5958-44E5-9394-A2EEF038F647}","Comments":null,"UpdateStatus":"AUTO","UpdateSource":"PMBC"}},{"type":"Feature","geometry":{"type":"Polygon","coordinates":[[[-118.937957,49.718537],[-118.937868,49.718357],[-118.938118,49.718304],[-118.938207,49.718483],[-118.938266,49.718594],[-118.938142,49.718621],[-118.938016,49.718647],[-118.937957,49.718537]]]},"properties":{"GlobalID":"{358537F5-9337-4620-B3E4-A8A6D4D4D846}","Name":"017446651","PlanID":"{ABC31E06-449F-40F1-963F-F1841E957312}","PlanNumber":"KAS938","PIN":null,"PID":17446651,"Designation1":"Lot 88","Designation2":null,"Designation3":null,"ParcelStatus":"ACTIVE","RegionalDistrict":"0019","ParcelClass":"BARE LAND STRATA","SourceParcelID":null,"GeometrySource":"ICF","IsRemainder":"NO","ParcelStartDate":null,"PositionalError":1.85076971,"LegalDescription":"STRATA LOT 88 DISTRICT LOT 4176S SIMILKAMEEN DIVISION YALE DISTRICT STRATA PLAN KAS938 TOGETHER WITH AN INTEREST IN THE COMMON PROPERTY IN PROPORTION TO THE UNIT ENTITLEMENT OF THE STRATA LOT AS SHOWN ON FORM V","CaptureMethod":"UNKNOWN","OwnerType":"PRIVATE","Compiled":1,"CreatedDate":"2016-09-20T23:24:06.000Z","ModifiedDate":"2026-01-10T00:48:11.000Z","StatedArea":null,"ErrorReportedBy":"PMBC-OPERATIONS","Municipality":"0163","OBJECTID":48809,"created_user":"SDE","created_date":"2024-11-12T16:15:31.000Z","last_edited_user":"SDE","last_edited_date":"2026-03-25T16:06:10.000Z","Shape__Area":644.603404685,"Shape__Length":105.86795760839209,"CommonName":null,"SourceGlobalID":"{1BB4D275-7358-4FF1-A2EF-9E2CBAFB49ED}","Comments":null,"UpdateStatus":"AUTO","UpdateSource":"PMBC"}},{"type":"Feature","geometry":{"type":"Polygon","coordinates":[[[-118.940578,49.716309],[-118.940719,49.716564],[-118.94046,49.716625],[-118.940318,49.716373],[-118.940578,49.716309]]]},"properties":{"GlobalID":"{D0177F51-AC40-4238-9A16-75BE6FB4D1B2}","Name":"017445922","PlanID":"{ABC31E06-449F-40F1-963F-F1841E957312}","PlanNumber":"KAS938","PIN":null,"PID":17445922,"Designation1":"Lot 18","Designation2":null,"Designation3":null,"ParcelStatus":"ACTIVE","RegionalDistrict":"0019","ParcelClass":"BARE LAND STRATA","SourceParcelID":null,"GeometrySource":"ICF","IsRemainder":"NO","ParcelStartDate":null,"PositionalError":2.03898996,"LegalDescription":"STRATA LOT 18 DISTRICT LOT 4176S SIMILKAMEEN DIVISION YALE DISTRICT STRATA PLAN KAS938 TOGETHER WITH AN INTEREST IN THE COMMON PROPERTY IN PROPORTION TO THE UNIT ENTITLEMENT OF THE STRATA LOT AS SHOWN ON FORM V","CaptureMethod":"UNKNOWN","OwnerType":"PRIVATE","Compiled":1,"CreatedDate":"2016-09-20T23:24:06.000Z","ModifiedDate":"2021-09-07T17:58:30.000Z","StatedArea":null,"ErrorReportedBy":"PMBC-OPERATIONS","Municipality":"0163","OBJECTID":48810,"created_user":"SDE","created_date":"2024-11-12T16:15:31.000Z","last_edited_user":"SDE","last_edited_date":"2026-03-25T16:06:10.000Z","Shape__Area":598.922051005,"Shape__Length":99.90567146372103,"CommonName":null,"SourceGlobalID":"{FC145CF4-F0B3-42B6-B666-92EA0DB97D41}","Comments":null,"UpdateStatus":"AUTO","UpdateSource":"PMBC"}},{"type":"Feature","geometry":{"type":"Polygon","coordinates":[[[-118.942481,49.715861],[-118.942598,49.715832],[-118.942738,49.716088],[-118.942623,49.716114],[-118.942481,49.715861]]]},"properties":{"GlobalID":"{30F4DDF9-F4BE-4F41-BCB6-B844A03280B6}","Name":"024919829","PlanID":"{ABC31E06-449F-40F1-963F-F1841E957312}","PlanNumber":"KAS938","PIN":null,"PID":24919829,"Designation1":"Lot 138","Designation2":null,"Designation3":null,"ParcelStatus":"ACTIVE","RegionalDistrict":"0019","ParcelClass":"BARE LAND STRATA","SourceParcelID":null,"GeometrySource":"ICF","IsRemainder":"NO","ParcelStartDate":"2000-12-22T08:00:00.000Z","PositionalError":2.13869846,"LegalDescription":"STRATA LOT 138 DISTRICT LOT 4176S SIMILKAMEEN DIVISION YALE DISTRICT STRATA PLAN KAS938 TOGETHER WITH AN INTEREST IN THE COMMON PROPERTY IN PROPORTION TO THE UNIT ENTITLEMENT OF THE STRATA LOT AS SHOWN ON FORM V","CaptureMethod":"UNKNOWN","OwnerType":"PRIVATE","Compiled":1,"CreatedDate":"2016-09-20T23:24:06.000Z","ModifiedDate":"2021-09-07T17:58:30.000Z","StatedArea":null,"ErrorReportedBy":"PMBC-OPERATIONS","Municipality":"0163","OBJECTID":48811,"created_user":"SDE","created_date":"2024-11-12T16:15:31.000Z","last_edited_user":"SDE","last_edited_date":"2026-03-25T16:06:10.000Z","Shape__Area":268.36148328,"Shape__Length":77.94902996451316,"CommonName":null,"SourceGlobalID":"{5B9CCE51-7D18-40D1-9EC1-4B86B4DF4481}","Comments":null,"UpdateStatus":"AUTO","UpdateSource":"PMBC"}},{"type":"Feature","geometry":{"type":"Polygon","coordinates":[[[-118.942714,49.715805],[-118.942857,49.71606],[-118.942738,49.716088],[-118.942598,49.715832],[-118.942714,49.715805]]]},"properties":{"GlobalID":"{A7F57590-CD15-4671-98C6-8CFCDD865840}","Name":"024919811","PlanID":"{ABC31E06-449F-40F1-963F-F1841E957312}","PlanNumber":"KAS938","PIN":null,"PID":24919811,"Designation1":"Lot 137","Designation2":null,"Designation3":null,"ParcelStatus":"ACTIVE","RegionalDistrict":"0019","ParcelClass":"BARE LAND STRATA","SourceParcelID":null,"GeometrySource":"ICF","IsRemainder":"NO","ParcelStartDate":"2000-12-22T08:00:00.000Z","PositionalError":2.14496525,"LegalDescription":"STRATA LOT 137 DISTRICT LOT 4176S SIMILKAMEEN DIVISION YALE DISTRICT STRATA PLAN KAS938 TOGETHER WITH AN INTEREST IN THE COMMON PROPERTY IN PROPORTION TO THE UNIT ENTITLEMENT OF THE STRATA LOT AS SHOWN ON FORM V","CaptureMethod":"UNKNOWN","OwnerType":"PRIVATE","Compiled":1,"CreatedDate":"2016-09-20T23:24:06.000Z","ModifiedDate":"2021-09-07T17:58:30.000Z","StatedArea":null,"ErrorReportedBy":"PMBC-OPERATIONS","Municipality":"0163","OBJECTID":48812,"created_user":"SDE","created_date":"2024-11-12T16:15:31.000Z","last_edited_user":"SDE","last_edited_date":"2026-03-25T16:06:10.000Z","Shape__Area":271.91553112,"Shape__Length":78.30937065478408,"CommonName":null,"SourceGlobalID":"{B20B1DD7-8509-4790-94C4-087FE5CB5AF4}","Comments":null,"UpdateStatus":"AUTO","UpdateSource":"PMBC"}},{"type":"Feature","geometry":{"type":"Polygon","coordinates":[[[-118.943165,49.716159],[-118.943399,49.716103],[-118.943542,49.716389],[-118.943309,49.716416],[-118.943165,49.716159]]]},"properties":{"GlobalID":"{940B52C5-0916-4281-BD62-EA4820A1542E}","Name":"017446341","PlanID":"{ABC31E06-449F-40F1-963F-F1841E957312}","PlanNumber":"KAS938","PIN":null,"PID":17446341,"Designation1":"Lot 57","Designation2":null,"Designation3":null,"ParcelStatus":"ACTIVE","RegionalDistrict":"0019","ParcelClass":"BARE LAND STRATA","SourceParcelID":null,"GeometrySource":"ICF","IsRemainder":"NO","ParcelStartDate":null,"PositionalError":2.14541016,"LegalDescription":"STRATA LOT 57 DISTRICT LOT 4176S SIMILKAMEEN DIVISION YALE DISTRICT STRATA PLAN KAS938 TOGETHER WITH AN INTEREST IN THE COMMON PROPERTY IN PROPORTION TO THE UNIT ENTITLEMENT OF THE STRATA LOT AS SHOWN ON FORM V","CaptureMethod":"UNKNOWN","OwnerType":"PRIVATE","Compiled":1,"CreatedDate":"2016-09-20T23:24:06.000Z","ModifiedDate":"2021-09-07T17:58:30.000Z","StatedArea":null,"ErrorReportedBy":"PMBC-OPERATIONS","Municipality":"0163","OBJECTID":48813,"created_user":"SDE","created_date":"2024-11-12T16:15:31.000Z","last_edited_user":"SDE","last_edited_date":"2026-03-25T16:06:10.000Z","Shape__Area":557.64265614,"Shape__Length":99.0478238169051,"CommonName":null,"SourceGlobalID":"{87AC362B-36AF-4946-B27F-7E2765D350ED}","Comments":null,"UpdateStatus":"AUTO","UpdateSource":"PMBC"}},{"type":"Feature","geometry":{"type":"Polygon","coordinates":[[[-118.937144,49.716909],[-118.937143,49.716879],[-118.937133,49.716618],[-118.937414,49.716682],[-118.937439,49.716988],[-118.937238,49.716941],[-118.937208,49.716927],[-118.937177,49.716917],[-118.937144,49.716909]]]},"properties":{"GlobalID":"{BCF4AB58-A304-480C-901A-FA2A671406BF}","Name":"017446066","PlanID":"{ABC31E06-449F-40F1-963F-F1841E957312}","PlanNumber":"KAS938","PIN":null,"PID":17446066,"Designation1":"Lot 31","Designation2":null,"Designation3":null,"ParcelStatus":"ACTIVE","RegionalDistrict":"0019","ParcelClass":"BARE LAND STRATA","SourceParcelID":null,"GeometrySource":"MODIFIED-ICF","IsRemainder":"NO","ParcelStartDate":"2021-06-02T07:00:00.000Z","PositionalError":1.9031218,"LegalDescription":"STRATA LOT 31 DISTRICT LOT 4176S SIMILKAMEEN DIVISION YALE DISTRICT STRATA PLAN KAS938 TOGETHER WITH AN INTEREST IN THE COMMON PROPERTY IN PROPORTION TO THE UNIT ENTITLEMENT OF THE STRATA LOT AS SHOWN ON FORM V","CaptureMethod":"UNKNOWN","OwnerType":"PRIVATE","Compiled":1,"CreatedDate":"2016-09-20T23:24:06.000Z","ModifiedDate":"2026-01-10T00:48:11.000Z","StatedArea":null,"ErrorReportedBy":"PMBC-OPERATIONS","Municipality":"0163","OBJECTID":48814,"created_user":"SDE","created_date":"2024-11-12T16:15:31.000Z","last_edited_user":"SDE","last_edited_date":"2026-03-25T16:06:10.000Z","Shape__Area":683.943848275,"Shape__Length":110.89029903445059,"CommonName":null,"SourceGlobalID":"{94ABBBD6-4035-4330-AA18-281E56A7F0AE}","Comments":null,"UpdateStatus":"AUTO","UpdateSource":"PMBC"}},{"type":"Feature","geometry":{"type":"Polygon","coordinates":[[[-118.936735,49.7183],[-118.936817,49.718316],[-118.93709,49.718281],[-118.937141,49.718281],[-118.937154,49.718281],[-118.937167,49.718301],[-118.937181,49.718319],[-118.937219,49.718354],[-118.936845,49.718399],[-118.936735,49.7183]]]},"properties":{"GlobalID":"{0F671360-9BC3-4432-9688-FB1DC45ACB07}","Name":"024312410","PlanID":"{ABC31E06-449F-40F1-963F-F1841E957312}","PlanNumber":"KAS938","PIN":null,"PID":24312410,"Designation1":"Lot 123","Designation2":null,"Designation3":null,"ParcelStatus":"ACTIVE","RegionalDistrict":"0019","ParcelClass":"BARE LAND STRATA","SourceParcelID":null,"GeometrySource":"MODIFIED-ICF","IsRemainder":"NO","ParcelStartDate":"1998-11-16T08:00:00.000Z","PositionalError":1.81584908,"LegalDescription":"STRATA LOT 123 DISTRICT LOT 4176S SIMILKAMEEN DIVISION YALE DISTRICT STRATA PLAN KAS938 TOGETHER WITH AN INTEREST IN THE COMMON PROPERTY IN PROPORTION TO THE UNIT ENTITLEMENT OF THE STRATA LOT AS SHOWN ON FORM V","CaptureMethod":"UNKNOWN","OwnerType":"PRIVATE","Compiled":1,"CreatedDate":"2016-09-20T23:24:06.000Z","ModifiedDate":"2026-01-10T00:48:11.000Z","StatedArea":null,"ErrorReportedBy":"PMBC-OPERATIONS","Municipality":"0163","OBJECTID":48815,"created_user":"SDE","created_date":"2024-11-12T16:15:31.000Z","last_edited_user":"SDE","last_edited_date":"2026-03-25T16:06:10.000Z","Shape__Area":270.595550255,"Shape__Length":81.24133003396582,"CommonName":null,"SourceGlobalID":"{16EDD6FB-5563-4658-9C42-776BCD812718}","Comments":null,"UpdateStatus":"AUTO","UpdateSource":"PMBC"}},{"type":"Feature","geometry":{"type":"Polygon","coordinates":[[[-118.943658,49.7164],[-118.943497,49.71608],[-118.943581,49.71606],[-118.943621,49.716052],[-118.943748,49.716409],[-118.943658,49.7164]]]},"properties":{"GlobalID":"{1E120AA4-520F-43BF-89B8-AD5396D8BC04}","Name":"025580337","PlanID":"{ABC31E06-449F-40F1-963F-F1841E957312}","PlanNumber":"KAS938","PIN":null,"PID":25580337,"Designation1":"Lot 143","Designation2":null,"Designation3":null,"ParcelStatus":"ACTIVE","RegionalDistrict":"0019","ParcelClass":"BARE LAND STRATA","SourceParcelID":null,"GeometrySource":"ICF","IsRemainder":"NO","ParcelStartDate":"2003-02-06T08:00:00.000Z","PositionalError":2.15705032,"LegalDescription":"STRATA LOT 143 DISTRICT LOT 4176S SIMILKAMEEN DIVISION YALE DISTRICT STRATA PLAN KAS938 TOGETHER WITH AN INTEREST IN THE COMMON PROPERTY IN PROPORTION TO THE UNIT ENTITLEMENT OF THE STRATA LOT AS SHOWN ON FORM V","CaptureMethod":"UNKNOWN","OwnerType":"PRIVATE","Compiled":1,"CreatedDate":"2016-09-20T23:24:06.000Z","ModifiedDate":"2026-01-10T00:48:11.000Z","StatedArea":null,"ErrorReportedBy":"PMBC-OPERATIONS","Municipality":"0163","OBJECTID":48816,"created_user":"SDE","created_date":"2024-11-12T16:15:31.000Z","last_edited_user":"SDE","last_edited_date":"2026-03-25T16:06:10.000Z","Shape__Area":302.253494105,"Shape__Length":94.21916108178944,"CommonName":null,"SourceGlobalID":"{C528ACAB-4B52-4FDE-8798-5CD2C6E6E898}","Comments":null,"UpdateStatus":"AUTO","UpdateSource":"PMBC"}},{"type":"Feature","geometry":{"type":"Polygon","coordinates":[[[-118.943501,49.716568],[-118.943142,49.716762],[-118.943,49.71653],[-118.943159,49.716489],[-118.943392,49.716461],[-118.943501,49.716568]]]},"properties":{"GlobalID":"{55343ED2-9993-486E-911B-F31320C475FC}","Name":"017446392","PlanID":"{ABC31E06-449F-40F1-963F-F1841E957312}","PlanNumber":"KAS938","PIN":null,"PID":17446392,"Designation1":"Lot 62","Designation2":null,"Designation3":null,"ParcelStatus":"ACTIVE","RegionalDistrict":"0019","ParcelClass":"BARE LAND STRATA","SourceParcelID":null,"GeometrySource":"ICF","IsRemainder":"NO","ParcelStartDate":null,"PositionalError":2.13009073,"LegalDescription":"STRATA LOT 62 DISTRICT LOT 4176S SIMILKAMEEN DIVISION YALE DISTRICT STRATA PLAN KAS938 TOGETHER WITH AN INTEREST IN THE COMMON PROPERTY IN PROPORTION TO THE UNIT ENTITLEMENT OF THE STRATA LOT AS SHOWN ON FORM V","CaptureMethod":"UNKNOWN","OwnerType":"PRIVATE","Compiled":1,"CreatedDate":"2016-09-20T23:24:06.000Z","ModifiedDate":"2021-09-07T17:58:30.000Z","StatedArea":null,"ErrorReportedBy":"PMBC-OPERATIONS","Municipality":"0163","OBJECTID":48817,"created_user":"SDE","created_date":"2024-11-12T16:15:31.000Z","last_edited_user":"SDE","last_edited_date":"2026-03-25T16:06:10.000Z","Shape__Area":664.397713735,"Shape__Length":105.18855559476498,"CommonName":null,"SourceGlobalID":"{BA245B75-0A33-4635-AE6C-9F509BC3E244}","Comments":null,"UpdateStatus":"AUTO","UpdateSource":"PMBC"}},{"type":"Feature","geometry":{"type":"Polygon","coordinates":[[[-118.937913,49.716666],[-118.938176,49.716656],[-118.9382,49.716962],[-118.937937,49.716972],[-118.937913,49.716666]]]},"properties":{"GlobalID":"{160434C6-9095-48E8-98E2-F8D87AEA5EAC}","Name":"017446031","PlanID":"{ABC31E06-449F-40F1-963F-F1841E957312}","PlanNumber":"KAS938","PIN":null,"PID":17446031,"Designation1":"Lot 28","Designation2":null,"Designation3":null,"ParcelStatus":"ACTIVE","RegionalDistrict":"0019","ParcelClass":"BARE LAND STRATA","SourceParcelID":null,"GeometrySource":"ICF","IsRemainder":"NO","ParcelStartDate":"2021-06-02T07:00:00.000Z","PositionalError":1.93341894,"LegalDescription":"STRATA LOT 28 DISTRICT LOT 4176S SIMILKAMEEN DIVISION YALE DISTRICT STRATA PLAN KAS938 TOGETHER WITH AN INTEREST IN THE COMMON PROPERTY IN PROPORTION TO THE UNIT ENTITLEMENT OF THE STRATA LOT AS SHOWN ON FORM V","CaptureMethod":"UNKNOWN","OwnerType":"PRIVATE","Compiled":1,"CreatedDate":"2016-09-20T23:24:06.000Z","ModifiedDate":"2025-10-30T23:57:26.000Z","StatedArea":null,"ErrorReportedBy":"PMBC-OPERATIONS","Municipality":"0163","OBJECTID":48818,"created_user":"SDE","created_date":"2024-11-12T16:15:31.000Z","last_edited_user":"SDE","last_edited_date":"2026-03-25T16:06:10.000Z","Shape__Area":646.32394408,"Shape__Length":106.01290080597757,"CommonName":null,"SourceGlobalID":"{53837206-A8EB-41ED-B70B-96E8D3B8A04F}","Comments":null,"UpdateStatus":"AUTO","UpdateSource":"PMBC"}},{"type":"Feature","geometry":{"type":"Polygon","coordinates":[[[-118.939215,49.718201],[-118.938987,49.717984],[-118.939205,49.717888],[-118.93947,49.71814],[-118.939392,49.718175],[-118.939253,49.718238],[-118.939215,49.718201]]]},"properties":{"GlobalID":"{CDA4A5AC-9BE2-40BC-AA90-B6A7000C6C3F}","Name":"017446601","PlanID":"{ABC31E06-449F-40F1-963F-F1841E957312}","PlanNumber":"KAS938","PIN":null,"PID":17446601,"Designation1":"Lot 83","Designation2":null,"Designation3":null,"ParcelStatus":"ACTIVE","RegionalDistrict":"0019","ParcelClass":"BARE LAND STRATA","SourceParcelID":null,"GeometrySource":"ICF","IsRemainder":"NO","ParcelStartDate":null,"PositionalError":1.90846688,"LegalDescription":"STRATA LOT 83 DISTRICT LOT 4176S SIMILKAMEEN DIVISION YALE DISTRICT STRATA PLAN KAS938 TOGETHER WITH AN INTEREST IN THE COMMON PROPERTY IN PROPORTION TO THE UNIT ENTITLEMENT OF THE STRATA LOT AS SHOWN ON FORM V","CaptureMethod":"UNKNOWN","OwnerType":"PRIVATE","Compiled":1,"CreatedDate":"2016-09-20T23:24:06.000Z","ModifiedDate":"2025-10-30T23:57:26.000Z","StatedArea":null,"ErrorReportedBy":"PMBC-OPERATIONS","Municipality":"0163","OBJECTID":48819,"created_user":"SDE","created_date":"2024-11-12T16:15:31.000Z","last_edited_user":"SDE","last_edited_date":"2026-03-25T16:06:10.000Z","Shape__Area":646.619229655,"Shape__Length":106.1493840392288,"CommonName":null,"SourceGlobalID":"{2310024F-3D9C-4C63-A8E1-B38B1341D13E}","Comments":null,"UpdateStatus":"AUTO","UpdateSource":"PMBC"}},{"type":"Feature","geometry":{"type":"Polygon","coordinates":[[[-118.943305,49.715667],[-118.943436,49.715634],[-118.943561,49.715893],[-118.943447,49.715919],[-118.943305,49.715667]]]},"properties":{"GlobalID":"{DB80D797-278B-4274-83F6-2658714317C2}","Name":"024919799","PlanID":"{ABC31E06-449F-40F1-963F-F1841E957312}","PlanNumber":"KAS938","PIN":null,"PID":24919799,"Designation1":"Lot 135","Designation2":null,"Designation3":null,"ParcelStatus":"ACTIVE","RegionalDistrict":"0019","ParcelClass":"BARE LAND STRATA","SourceParcelID":null,"GeometrySource":"ICF","IsRemainder":"NO","ParcelStartDate":"2000-12-22T08:00:00.000Z","PositionalError":2.17920663,"LegalDescription":"STRATA LOT 135 DISTRICT LOT 4176S SIMILKAMEEN DIVISION YALE DISTRICT STRATA PLAN KAS938 TOGETHER WITH AN INTEREST IN THE COMMON PROPERTY IN PROPORTION TO THE UNIT ENTITLEMENT OF THE STRATA LOT AS SHOWN ON FORM V","CaptureMethod":"UNKNOWN","OwnerType":"PRIVATE","Compiled":1,"CreatedDate":"2016-09-20T23:24:06.000Z","ModifiedDate":"2026-01-10T00:48:11.000Z","StatedArea":null,"ErrorReportedBy":"PMBC-OPERATIONS","Municipality":"0163","OBJECTID":48820,"created_user":"SDE","created_date":"2024-11-12T16:15:31.000Z","last_edited_user":"SDE","last_edited_date":"2026-03-25T16:06:10.000Z","Shape__Area":283.80482955,"Shape__Length":78.99461575489647,"CommonName":null,"SourceGlobalID":"{4A0B3650-C8CB-4C95-B6EC-6119F01661AB}","Comments":null,"UpdateStatus":"AUTO","UpdateSource":"PMBC"}},{"type":"Feature","geometry":{"type":"Polygon","coordinates":[[[-118.943092,49.716003],[-118.94295,49.715751],[-118.943184,49.715694],[-118.943326,49.715947],[-118.943092,49.716003]]]},"properties":{"GlobalID":"{EFDD0F84-74F1-430F-82FC-E7E527A14622}","Name":"017445817","PlanID":"{ABC31E06-449F-40F1-963F-F1841E957312}","PlanNumber":"KAS938","PIN":null,"PID":17445817,"Designation1":"Lot 8","Designation2":null,"Designation3":null,"ParcelStatus":"ACTIVE","RegionalDistrict":"0019","ParcelClass":"BARE LAND STRATA","SourceParcelID":null,"GeometrySource":"ICF","IsRemainder":"NO","ParcelStartDate":null,"PositionalError":2.16779992,"LegalDescription":"STRATA LOT 8 DISTRICT LOT 4176S SIMILKAMEEN DIVISION YALE DISTRICT STRATA PLAN KAS938 TOGETHER WITH AN INTEREST IN THE COMMON PROPERTY IN PROPORTION TO THE UNIT ENTITLEMENT OF THE STRATA LOT AS SHOWN ON FORM V","CaptureMethod":"UNKNOWN","OwnerType":"PRIVATE","Compiled":1,"CreatedDate":"2016-09-20T23:24:06.000Z","ModifiedDate":"2021-09-07T17:58:30.000Z","StatedArea":null,"ErrorReportedBy":"PMBC-OPERATIONS","Municipality":"0163","OBJECTID":48821,"created_user":"SDE","created_date":"2024-11-12T16:15:31.000Z","last_edited_user":"SDE","last_edited_date":"2026-03-25T16:06:10.000Z","Shape__Area":538.844582455,"Shape__Length":95.86104564468418,"CommonName":null,"SourceGlobalID":"{4F5C3B5B-A764-412D-AAD2-5C8D7FA3704A}","Comments":null,"UpdateStatus":"AUTO","UpdateSource":"PMBC"}},{"type":"Feature","geometry":{"type":"Polygon","coordinates":[[[-118.944301,49.715868],[-118.944394,49.715556],[-118.9447,49.715642],[-118.94454,49.715912],[-118.944421,49.715887],[-118.944301,49.715868]]]},"properties":{"GlobalID":"{19706984-1D00-49D1-9600-B1DE9C572ECC}","Name":"017445761","PlanID":"{ABC31E06-449F-40F1-963F-F1841E957312}","PlanNumber":"KAS938","PIN":null,"PID":17445761,"Designation1":"Lot 3","Designation2":null,"Designation3":null,"ParcelStatus":"ACTIVE","RegionalDistrict":"0019","ParcelClass":"BARE LAND STRATA","SourceParcelID":null,"GeometrySource":"ICF","IsRemainder":"NO","ParcelStartDate":null,"PositionalError":2.22794674,"LegalDescription":"STRATA LOT 3 DISTRICT LOT 4176S SIMILKAMEEN DIVISION YALE DISTRICT STRATA PLAN KAS938 TOGETHER WITH AN INTEREST IN THE COMMON PROPERTY IN PROPORTION TO THE UNIT ENTITLEMENT OF THE STRATA LOT AS SHOWN ON FORM V","CaptureMethod":"UNKNOWN","OwnerType":"PRIVATE","Compiled":1,"CreatedDate":"2016-09-20T23:24:06.000Z","ModifiedDate":"2026-01-10T00:48:11.000Z","StatedArea":null,"ErrorReportedBy":"PMBC-OPERATIONS","Municipality":"0163","OBJECTID":48822,"created_user":"SDE","created_date":"2024-11-12T16:15:31.000Z","last_edited_user":"SDE","last_edited_date":"2026-03-25T16:06:10.000Z","Shape__Area":697.90608496,"Shape__Length":109.4778674208769,"CommonName":null,"SourceGlobalID":"{98A98319-EF77-46F3-8F8F-65DE6C9B7220}","Comments":null,"UpdateStatus":"AUTO","UpdateSource":"PMBC"}},{"type":"Feature","geometry":{"type":"Polygon","coordinates":[[[-118.941829,49.71716],[-118.941653,49.716877],[-118.941859,49.716824],[-118.942034,49.717107],[-118.941829,49.71716]]]},"properties":{"GlobalID":"{50C1542C-7B7D-4A95-ABEB-3144F1424A40}","Name":"017446457","PlanID":"{ABC31E06-449F-40F1-963F-F1841E957312}","PlanNumber":"KAS938","PIN":null,"PID":17446457,"Designation1":"Lot 68","Designation2":null,"Designation3":null,"ParcelStatus":"ACTIVE","RegionalDistrict":"0019","ParcelClass":"BARE LAND STRATA","SourceParcelID":null,"GeometrySource":"ICF","IsRemainder":"NO","ParcelStartDate":null,"PositionalError":0.90300865,"LegalDescription":"STRATA LOT 68 DISTRICT LOT 4176S SIMILKAMEEN DIVISION YALE DISTRICT STRATA PLAN KAS938 TOGETHER WITH AN INTEREST IN THE COMMON PROPERTY IN PROPORTION TO THE UNIT ENTITLEMENT OF THE STRATA LOT AS SHOWN ON FORM V","CaptureMethod":"UNKNOWN","OwnerType":"PRIVATE","Compiled":1,"CreatedDate":"2016-09-20T23:24:06.000Z","ModifiedDate":"2021-09-07T17:58:30.000Z","StatedArea":null,"ErrorReportedBy":"PMBC-OPERATIONS","Municipality":"0163","OBJECTID":48823,"created_user":"SDE","created_date":"2024-11-12T16:15:31.000Z","last_edited_user":"SDE","last_edited_date":"2026-03-25T16:06:10.000Z","Shape__Area":542.605758265,"Shape__Length":99.84671851515184,"CommonName":null,"SourceGlobalID":"{DD775A93-5988-4610-82E6-602C1FE7209C}","Comments":null,"UpdateStatus":"AUTO","UpdateSource":"PMBC"}},{"type":"Feature","geometry":{"type":"Polygon","coordinates":[[[-118.939379,49.716594],[-118.939613,49.716538],[-118.939756,49.716792],[-118.939521,49.716846],[-118.939379,49.716594]]]},"properties":{"GlobalID":"{EF55E7AC-5B58-445A-8564-722DFE2F4841}","Name":"017445973","PlanID":"{ABC31E06-449F-40F1-963F-F1841E957312}","PlanNumber":"KAS938","PIN":null,"PID":17445973,"Designation1":"Lot 22","Designation2":null,"Designation3":null,"ParcelStatus":"ACTIVE","RegionalDistrict":"0019","ParcelClass":"BARE LAND STRATA","SourceParcelID":null,"GeometrySource":"ICF","IsRemainder":"NO","ParcelStartDate":"2021-06-02T07:00:00.000Z","PositionalError":1.99243451,"LegalDescription":"STRATA LOT 22 DISTRICT LOT 4176S SIMILKAMEEN DIVISION YALE DISTRICT STRATA PLAN KAS938 TOGETHER WITH AN INTEREST IN THE COMMON PROPERTY IN PROPORTION TO THE UNIT ENTITLEMENT OF THE STRATA LOT AS SHOWN ON FORM V","CaptureMethod":"UNKNOWN","OwnerType":"PRIVATE","Compiled":1,"CreatedDate":"2016-09-20T23:24:06.000Z","ModifiedDate":"2025-10-30T23:57:26.000Z","StatedArea":null,"ErrorReportedBy":"PMBC-OPERATIONS","Municipality":"0163","OBJECTID":48824,"created_user":"SDE","created_date":"2024-11-12T16:15:31.000Z","last_edited_user":"SDE","last_edited_date":"2026-03-25T16:06:10.000Z","Shape__Area":539.237102095,"Shape__Length":95.94410228233134,"CommonName":null,"SourceGlobalID":"{0C03C9E5-64D3-408D-BB0C-FB2E483FEA60}","Comments":null,"UpdateStatus":"AUTO","UpdateSource":"PMBC"}},{"type":"Feature","geometry":{"type":"Polygon","coordinates":[[[-118.941399,49.716117],[-118.941659,49.716054],[-118.941801,49.716308],[-118.941541,49.71637],[-118.941399,49.716117]]]},"properties":{"GlobalID":"{6DD55785-05F2-40E5-8512-CF5E24340921}","Name":"017445884","PlanID":"{ABC31E06-449F-40F1-963F-F1841E957312}","PlanNumber":"KAS938","PIN":null,"PID":17445884,"Designation1":"Lot 14","Designation2":null,"Designation3":null,"ParcelStatus":"ACTIVE","RegionalDistrict":"0019","ParcelClass":"BARE LAND STRATA","SourceParcelID":null,"GeometrySource":"ICF","IsRemainder":"NO","ParcelStartDate":null,"PositionalError":2.09095234,"LegalDescription":"STRATA LOT 14 DISTRICT LOT 4176S SIMILKAMEEN DIVISION YALE DISTRICT STRATA PLAN KAS938 TOGETHER WITH AN INTEREST IN THE COMMON PROPERTY IN PROPORTION TO THE UNIT ENTITLEMENT OF THE STRATA LOT AS SHOWN ON FORM V","CaptureMethod":"UNKNOWN","OwnerType":"PRIVATE","Compiled":1,"CreatedDate":"2016-09-20T23:24:06.000Z","ModifiedDate":"2021-09-07T17:58:30.000Z","StatedArea":null,"ErrorReportedBy":"PMBC-OPERATIONS","Municipality":"0163","OBJECTID":48825,"created_user":"SDE","created_date":"2024-11-12T16:15:31.000Z","last_edited_user":"SDE","last_edited_date":"2026-03-25T16:06:10.000Z","Shape__Area":599.54679492,"Shape__Length":99.9644537407671,"CommonName":null,"SourceGlobalID":"{E6538D97-FA36-42FC-B83E-46B103960832}","Comments":null,"UpdateStatus":"AUTO","UpdateSource":"PMBC"}},{"type":"Feature","geometry":{"type":"Polygon","coordinates":[[[-118.938128,49.717297],[-118.938086,49.717128],[-118.938338,49.71712],[-118.938375,49.717274],[-118.938415,49.717434],[-118.938179,49.717506],[-118.938128,49.717297]]]},"properties":{"GlobalID":"{ED19539C-22D0-4053-B331-31C549B2C7AA}","Name":"017446163","PlanID":"{ABC31E06-449F-40F1-963F-F1841E957312}","PlanNumber":"KAS938","PIN":null,"PID":17446163,"Designation1":"Lot 41","Designation2":null,"Designation3":null,"ParcelStatus":"ACTIVE","RegionalDistrict":"0019","ParcelClass":"BARE LAND STRATA","SourceParcelID":null,"GeometrySource":"ICF","IsRemainder":"NO","ParcelStartDate":null,"PositionalError":2.78988404,"LegalDescription":"STRATA LOT 41 DISTRICT LOT 4176S SIMILKAMEEN DIVISION YALE DISTRICT STRATA PLAN KAS938 TOGETHER WITH AN INTEREST IN THE COMMON PROPERTY IN PROPORTION TO THE UNIT ENTITLEMENT OF THE STRATA LOT AS SHOWN ON FORM V","CaptureMethod":"UNKNOWN","OwnerType":"PRIVATE","Compiled":1,"CreatedDate":"2016-09-20T23:24:06.000Z","ModifiedDate":"2025-10-30T23:57:26.000Z","StatedArea":null,"ErrorReportedBy":"PMBC-OPERATIONS","Municipality":"0163","OBJECTID":48826,"created_user":"SDE","created_date":"2024-11-12T16:15:31.000Z","last_edited_user":"SDE","last_edited_date":"2026-03-25T16:06:10.000Z","Shape__Area":702.91161819,"Shape__Length":114.81557443768845,"CommonName":null,"SourceGlobalID":"{50E83E7E-212C-4F45-80B1-5007E7F04B22}","Comments":null,"UpdateStatus":"AUTO","UpdateSource":"PMBC"}},{"type":"Feature","geometry":{"type":"Polygon","coordinates":[[[-118.938564,49.718174],[-118.93877,49.718083],[-118.938997,49.7183],[-118.939035,49.718335],[-118.938898,49.718396],[-118.938793,49.71844],[-118.938734,49.718369],[-118.938564,49.718174]]]},"properties":{"GlobalID":"{28D37B41-C3C3-4C6A-95C4-2A00F999A69C}","Name":"017446627","PlanID":"{ABC31E06-449F-40F1-963F-F1841E957312}","PlanNumber":"KAS938","PIN":null,"PID":17446627,"Designation1":"Lot 85","Designation2":null,"Designation3":null,"ParcelStatus":"ACTIVE","RegionalDistrict":"0019","ParcelClass":"BARE LAND STRATA","SourceParcelID":null,"GeometrySource":"ICF","IsRemainder":"NO","ParcelStartDate":null,"PositionalError":1.88301999,"LegalDescription":"STRATA LOT 85 DISTRICT LOT 4176S SIMILKAMEEN DIVISION YALE DISTRICT STRATA PLAN KAS938 TOGETHER WITH AN INTEREST IN THE COMMON PROPERTY IN PROPORTION TO THE UNIT ENTITLEMENT OF THE STRATA LOT AS SHOWN ON FORM V","CaptureMethod":"UNKNOWN","OwnerType":"PRIVATE","Compiled":1,"CreatedDate":"2016-09-20T23:24:06.000Z","ModifiedDate":"2025-10-30T23:57:26.000Z","StatedArea":null,"ErrorReportedBy":"PMBC-OPERATIONS","Municipality":"0163","OBJECTID":48827,"created_user":"SDE","created_date":"2024-11-12T16:15:31.000Z","last_edited_user":"SDE","last_edited_date":"2026-03-25T16:06:10.000Z","Shape__Area":656.39313592,"Shape__Length":106.6595094501641,"CommonName":null,"SourceGlobalID":"{0A15A731-A826-4324-A24B-0F847C54ED67}","Comments":null,"UpdateStatus":"AUTO","UpdateSource":"PMBC"}},{"type":"Feature","geometry":{"type":"Polygon","coordinates":[[[-118.940838,49.716248],[-118.940981,49.716503],[-118.940719,49.716564],[-118.940578,49.716309],[-118.940838,49.716248]]]},"properties":{"GlobalID":"{EC7C0638-4F43-40D3-BFC6-254FADA4FE94}","Name":"017445914","PlanID":"{ABC31E06-449F-40F1-963F-F1841E957312}","PlanNumber":"KAS938","PIN":null,"PID":17445914,"Designation1":"Lot 17","Designation2":null,"Designation3":null,"ParcelStatus":"ACTIVE","RegionalDistrict":"0019","ParcelClass":"BARE LAND STRATA","SourceParcelID":null,"GeometrySource":"ICF","IsRemainder":"NO","ParcelStartDate":null,"PositionalError":2.05099279,"LegalDescription":"STRATA LOT 17 DISTRICT LOT 4176S SIMILKAMEEN DIVISION YALE DISTRICT STRATA PLAN KAS938 TOGETHER WITH AN INTEREST IN THE COMMON PROPERTY IN PROPORTION TO THE UNIT ENTITLEMENT OF THE STRATA LOT AS SHOWN ON FORM V","CaptureMethod":"UNKNOWN","OwnerType":"PRIVATE","Compiled":1,"CreatedDate":"2016-09-20T23:24:06.000Z","ModifiedDate":"2021-09-07T17:58:30.000Z","StatedArea":null,"ErrorReportedBy":"PMBC-OPERATIONS","Municipality":"0163","OBJECTID":48828,"created_user":"SDE","created_date":"2024-11-12T16:15:31.000Z","last_edited_user":"SDE","last_edited_date":"2026-03-25T16:06:10.000Z","Shape__Area":601.442917235,"Shape__Length":100.15495006890062,"CommonName":null,"SourceGlobalID":"{861BDBC9-A62B-45D3-B5D7-DF70B451EA04}","Comments":null,"UpdateStatus":"AUTO","UpdateSource":"PMBC"}},{"type":"Feature","geometry":{"type":"Polygon","coordinates":[[[-118.940912,49.717779],[-118.940786,49.717768],[-118.940852,49.717465],[-118.940933,49.717472],[-118.940934,49.717481],[-118.940959,49.717784],[-118.940912,49.717779]]]},"properties":{"GlobalID":"{33AD5425-47E5-4A44-B404-97C059582037}","Name":"018082742","PlanID":"{ABC31E06-449F-40F1-963F-F1841E957312}","PlanNumber":"KAS938","PIN":null,"PID":18082742,"Designation1":"Lot 107","Designation2":null,"Designation3":null,"ParcelStatus":"ACTIVE","RegionalDistrict":"0019","ParcelClass":"BARE LAND STRATA","SourceParcelID":null,"GeometrySource":"ICF","IsRemainder":"NO","ParcelStartDate":null,"PositionalError":1.9963812,"LegalDescription":"STRATA LOT 107 DISTRICT LOT 4176S SIMILKAMEEN DIVISION YALE DISTRICT STRATA PLAN KAS938 TOGETHER WITH AN INTEREST IN THE COMMON PROPERTY IN PROPORTION TO THE UNIT ENTITLEMENT OF THE STRATA LOT AS SHOWN ON FORM V","CaptureMethod":"UNKNOWN","OwnerType":"PRIVATE","Compiled":1,"CreatedDate":"2016-09-20T23:24:06.000Z","ModifiedDate":"2021-09-07T17:58:30.000Z","StatedArea":null,"ErrorReportedBy":"PMBC-OPERATIONS","Municipality":"0163","OBJECTID":48829,"created_user":"SDE","created_date":"2024-11-12T16:15:31.000Z","last_edited_user":"SDE","last_edited_date":"2026-03-25T16:06:10.000Z","Shape__Area":316.753505195,"Shape__Length":87.30457401910978,"CommonName":null,"SourceGlobalID":"{A7B456EE-1D56-4579-9517-5A2AEEBD8971}","Comments":null,"UpdateStatus":"AUTO","UpdateSource":"PMBC"}},{"type":"Feature","geometry":{"type":"Polygon","coordinates":[[[-118.942447,49.716328],[-118.942683,49.716274],[-118.942821,49.716519],[-118.942589,49.716579],[-118.942447,49.716328]]]},"properties":{"GlobalID":"{06CF79C6-32DB-487F-A113-D30B48946BA0}","Name":"017446309","PlanID":"{ABC31E06-449F-40F1-963F-F1841E957312}","PlanNumber":"KAS938","PIN":null,"PID":17446309,"Designation1":"Lot 54","Designation2":null,"Designation3":null,"ParcelStatus":"ACTIVE","RegionalDistrict":"0019","ParcelClass":"BARE LAND STRATA","SourceParcelID":null,"GeometrySource":"ICF","IsRemainder":"NO","ParcelStartDate":null,"PositionalError":2.10959944,"LegalDescription":"STRATA LOT 54 DISTRICT LOT 4176S SIMILKAMEEN DIVISION YALE DISTRICT STRATA PLAN KAS938 TOGETHER WITH AN INTEREST IN THE COMMON PROPERTY IN PROPORTION TO THE UNIT ENTITLEMENT OF THE STRATA LOT AS SHOWN ON FORM V","CaptureMethod":"UNKNOWN","OwnerType":"PRIVATE","Compiled":1,"CreatedDate":"2016-09-20T23:24:06.000Z","ModifiedDate":"2026-01-10T00:48:11.000Z","StatedArea":null,"ErrorReportedBy":"PMBC-OPERATIONS","Municipality":"0163","OBJECTID":48830,"created_user":"SDE","created_date":"2024-11-12T16:15:31.000Z","last_edited_user":"SDE","last_edited_date":"2026-03-25T16:06:10.000Z","Shape__Area":529.014455875,"Shape__Length":94.77645108575227,"CommonName":null,"SourceGlobalID":"{1D20B1A7-2530-42DE-9465-CFB0036F8677}","Comments":null,"UpdateStatus":"AUTO","UpdateSource":"PMBC"}},{"type":"Feature","geometry":{"type":"Polygon","coordinates":[[[-118.942238,49.716377],[-118.942447,49.716328],[-118.942589,49.716579],[-118.942383,49.716632],[-118.942238,49.716377]]]},"properties":{"GlobalID":"{A1B7E1A0-8AE6-4367-80BC-B5568C446319}","Name":"017446295","PlanID":"{ABC31E06-449F-40F1-963F-F1841E957312}","PlanNumber":"KAS938","PIN":null,"PID":17446295,"Designation1":"Lot 53","Designation2":null,"Designation3":null,"ParcelStatus":"ACTIVE","RegionalDistrict":"0019","ParcelClass":"BARE LAND STRATA","SourceParcelID":null,"GeometrySource":"ICF","IsRemainder":"NO","ParcelStartDate":null,"PositionalError":2.09874903,"LegalDescription":"STRATA LOT 53 DISTRICT LOT 4176S SIMILKAMEEN DIVISION YALE DISTRICT STRATA PLAN KAS938 TOGETHER WITH AN INTEREST IN THE COMMON PROPERTY IN PROPORTION TO THE UNIT ENTITLEMENT OF THE STRATA LOT AS SHOWN ON FORM V","CaptureMethod":"UNKNOWN","OwnerType":"PRIVATE","Compiled":1,"CreatedDate":"2016-09-20T23:24:06.000Z","ModifiedDate":"2026-01-10T00:48:11.000Z","StatedArea":null,"ErrorReportedBy":"PMBC-OPERATIONS","Municipality":"0163","OBJECTID":48831,"created_user":"SDE","created_date":"2024-11-12T16:15:31.000Z","last_edited_user":"SDE","last_edited_date":"2026-03-25T16:06:10.000Z","Shape__Area":480.61224816,"Shape__Length":92.04825228199353,"CommonName":null,"SourceGlobalID":"{7823343E-B364-4B96-954E-B1D439D3705F}","Comments":null,"UpdateStatus":"AUTO","UpdateSource":"PMBC"}},{"type":"Feature","geometry":{"type":"Polygon","coordinates":[[[-118.937686,49.717138],[-118.937894,49.717131],[-118.93791,49.717334],[-118.937713,49.717369],[-118.937686,49.717138]]]},"properties":{"GlobalID":"{04155350-24B4-4FFB-84AF-0E1DC5DBD678}","Name":"018082769","PlanID":"{ABC31E06-449F-40F1-963F-F1841E957312}","PlanNumber":"KAS938","PIN":null,"PID":18082769,"Designation1":"Lot 109","Designation2":null,"Designation3":null,"ParcelStatus":"ACTIVE","RegionalDistrict":"0019","ParcelClass":"BARE LAND STRATA","SourceParcelID":null,"GeometrySource":"ICF","IsRemainder":"NO","ParcelStartDate":null,"PositionalError":1.53139089,"LegalDescription":"STRATA LOT 109 DISTRICT LOT 4176S SIMILKAMEEN DIVISION YALE DISTRICT STRATA PLAN KAS938 TOGETHER WITH AN INTEREST IN THE COMMON PROPERTY IN PROPORTION TO THE UNIT ENTITLEMENT OF THE STRATA LOT AS SHOWN ON FORM V","CaptureMethod":"UNKNOWN","OwnerType":"PRIVATE","Compiled":1,"CreatedDate":"2016-09-20T23:24:06.000Z","ModifiedDate":"2025-10-30T23:57:26.000Z","StatedArea":null,"ErrorReportedBy":"PMBC-OPERATIONS","Municipality":"0163","OBJECTID":48832,"created_user":"SDE","created_date":"2024-11-12T16:15:31.000Z","last_edited_user":"SDE","last_edited_date":"2026-03-25T16:06:10.000Z","Shape__Area":356.56821516,"Shape__Length":78.21052710132031,"CommonName":null,"SourceGlobalID":"{A56C01E8-E35F-4FD6-A28D-557BCF149A5B}","Comments":null,"UpdateStatus":"AUTO","UpdateSource":"PMBC"}},{"type":"Feature","geometry":{"type":"Polygon","coordinates":[[[-118.941229,49.716615],[-118.941464,49.71656],[-118.941617,49.716832],[-118.941385,49.716892],[-118.941229,49.716615]]]},"properties":{"GlobalID":"{373A6FC4-AD47-468A-A662-E9A501E48F63}","Name":"017446252","PlanID":"{ABC31E06-449F-40F1-963F-F1841E957312}","PlanNumber":"KAS938","PIN":null,"PID":17446252,"Designation1":"Lot 49","Designation2":null,"Designation3":null,"ParcelStatus":"ACTIVE","RegionalDistrict":"0019","ParcelClass":"BARE LAND STRATA","SourceParcelID":null,"GeometrySource":"ICF","IsRemainder":"NO","ParcelStartDate":null,"PositionalError":2.04760201,"LegalDescription":"STRATA LOT 49 DISTRICT LOT 4176S SIMILKAMEEN DIVISION YALE DISTRICT STRATA PLAN KAS938 TOGETHER WITH AN INTEREST IN THE COMMON PROPERTY IN PROPORTION TO THE UNIT ENTITLEMENT OF THE STRATA LOT AS SHOWN ON FORM V","CaptureMethod":"UNKNOWN","OwnerType":"PRIVATE","Compiled":1,"CreatedDate":"2016-09-20T23:24:06.000Z","ModifiedDate":"2026-01-10T00:48:11.000Z","StatedArea":null,"ErrorReportedBy":"PMBC-OPERATIONS","Municipality":"0163","OBJECTID":48833,"created_user":"SDE","created_date":"2024-11-12T16:15:31.000Z","last_edited_user":"SDE","last_edited_date":"2026-03-25T16:06:10.000Z","Shape__Area":583.8768211,"Shape__Length":100.91592247662103,"CommonName":null,"SourceGlobalID":"{129910BF-DB64-4621-A499-11B1D2466295}","Comments":null,"UpdateStatus":"AUTO","UpdateSource":"PMBC"}},{"type":"Feature","geometry":{"type":"Polygon","coordinates":[[[-118.940327,49.717106],[-118.940374,49.717097],[-118.940697,49.71706],[-118.940846,49.717301],[-118.940523,49.717271],[-118.940426,49.717266],[-118.940327,49.717106]]]},"properties":{"GlobalID":"{D56441BD-BA54-44F1-9F2E-DBC5EFE89FED}","Name":"017446503","PlanID":"{ABC31E06-449F-40F1-963F-F1841E957312}","PlanNumber":"KAS938","PIN":null,"PID":17446503,"Designation1":"Lot 73","Designation2":null,"Designation3":null,"ParcelStatus":"ACTIVE","RegionalDistrict":"0019","ParcelClass":"BARE LAND STRATA","SourceParcelID":null,"GeometrySource":"ICF","IsRemainder":"NO","ParcelStartDate":null,"PositionalError":1.99852544,"LegalDescription":"STRATA LOT 73 DISTRICT LOT 4176S SIMILKAMEEN DIVISION YALE DISTRICT STRATA PLAN KAS938 TOGETHER WITH AN INTEREST IN THE COMMON PROPERTY IN PROPORTION TO THE UNIT ENTITLEMENT OF THE STRATA LOT AS SHOWN ON FORM V","CaptureMethod":"UNKNOWN","OwnerType":"PRIVATE","Compiled":1,"CreatedDate":"2016-09-20T23:24:06.000Z","ModifiedDate":"2025-10-30T23:57:26.000Z","StatedArea":null,"ErrorReportedBy":"PMBC-OPERATIONS","Municipality":"0163","OBJECTID":48834,"created_user":"SDE","created_date":"2024-11-12T16:15:31.000Z","last_edited_user":"SDE","last_edited_date":"2026-03-25T16:06:10.000Z","Shape__Area":639.65270455,"Shape__Length":105.72110736539231,"CommonName":null,"SourceGlobalID":"{25CDA401-FE7C-4A33-AF05-CD2194E112D7}","Comments":null,"UpdateStatus":"AUTO","UpdateSource":"PMBC"}},{"type":"Feature","geometry":{"type":"Polygon","coordinates":[[[-118.937664,49.716674],[-118.937913,49.716666],[-118.937937,49.716972],[-118.937688,49.716979],[-118.937664,49.716674]]]},"properties":{"GlobalID":"{4D8002F5-C4AF-4F80-9A22-29887772A452}","Name":"017446040","PlanID":"{ABC31E06-449F-40F1-963F-F1841E957312}","PlanNumber":"KAS938","PIN":null,"PID":17446040,"Designation1":"Lot 29","Designation2":null,"Designation3":null,"ParcelStatus":"ACTIVE","RegionalDistrict":"0019","ParcelClass":"BARE LAND STRATA","SourceParcelID":null,"GeometrySource":"ICF","IsRemainder":"NO","ParcelStartDate":"2021-06-02T07:00:00.000Z","PositionalError":1.92304848,"LegalDescription":"STRATA LOT 29 DISTRICT LOT 4176S SIMILKAMEEN DIVISION YALE DISTRICT STRATA PLAN KAS938 TOGETHER WITH AN INTEREST IN THE COMMON PROPERTY IN PROPORTION TO THE UNIT ENTITLEMENT OF THE STRATA LOT AS SHOWN ON FORM V","CaptureMethod":"UNKNOWN","OwnerType":"PRIVATE","Compiled":1,"CreatedDate":"2016-09-20T23:24:06.000Z","ModifiedDate":"2025-10-30T23:57:26.000Z","StatedArea":null,"ErrorReportedBy":"PMBC-OPERATIONS","Municipality":"0163","OBJECTID":48835,"created_user":"SDE","created_date":"2024-11-12T16:15:31.000Z","last_edited_user":"SDE","last_edited_date":"2026-03-25T16:06:10.000Z","Shape__Area":610.768962545,"Shape__Length":103.90444349591684,"CommonName":null,"SourceGlobalID":"{FF75BDD9-28B9-4EA5-952E-8CCBC5CB00D8}","Comments":null,"UpdateStatus":"AUTO","UpdateSource":"PMBC"}},{"type":"Feature","geometry":{"type":"Polygon","coordinates":[[[-118.940995,49.716671],[-118.941229,49.716615],[-118.941385,49.716892],[-118.941145,49.716954],[-118.940995,49.716671]]]},"properties":{"GlobalID":"{4EACBD8C-A3FF-40B0-A201-83D7E07B3AE3}","Name":"017446244","PlanID":"{ABC31E06-449F-40F1-963F-F1841E957312}","PlanNumber":"KAS938","PIN":null,"PID":17446244,"Designation1":"Lot 48","Designation2":null,"Designation3":null,"ParcelStatus":"ACTIVE","RegionalDistrict":"0019","ParcelClass":"BARE LAND STRATA","SourceParcelID":null,"GeometrySource":"ICF","IsRemainder":"NO","ParcelStartDate":null,"PositionalError":2.03718199,"LegalDescription":"STRATA LOT 48 DISTRICT LOT 4176S SIMILKAMEEN DIVISION YALE DISTRICT STRATA PLAN KAS938 TOGETHER WITH AN INTEREST IN THE COMMON PROPERTY IN PROPORTION TO THE UNIT ENTITLEMENT OF THE STRATA LOT AS SHOWN ON FORM V","CaptureMethod":"UNKNOWN","OwnerType":"PRIVATE","Compiled":1,"CreatedDate":"2016-09-20T23:24:06.000Z","ModifiedDate":"2025-10-30T23:57:26.000Z","StatedArea":null,"ErrorReportedBy":"PMBC-OPERATIONS","Municipality":"0163","OBJECTID":48836,"created_user":"SDE","created_date":"2024-11-12T16:15:31.000Z","last_edited_user":"SDE","last_edited_date":"2026-03-25T16:06:10.000Z","Shape__Area":606.968911655,"Shape__Length":102.86654334746245,"CommonName":null,"SourceGlobalID":"{68F80F26-3184-4046-A069-39A6F70ADB36}","Comments":null,"UpdateStatus":"AUTO","UpdateSource":"PMBC"}},{"type":"Feature","geometry":{"type":"Polygon","coordinates":[[[-118.936418,49.716816],[-118.936779,49.71698],[-118.936818,49.716998],[-118.936805,49.717016],[-118.936795,49.717037],[-118.936789,49.717059],[-118.936786,49.717081],[-118.936477,49.717068],[-118.936307,49.71706],[-118.936412,49.716832],[-118.936418,49.716816]]]},"properties":{"GlobalID":"{24F95669-B400-4C37-8E22-1FBFEEB42F03}","Name":"017446091","PlanID":"{ABC31E06-449F-40F1-963F-F1841E957312}","PlanNumber":"KAS938","PIN":null,"PID":17446091,"Designation1":"Lot 34","Designation2":null,"Designation3":null,"ParcelStatus":"ACTIVE","RegionalDistrict":"0019","ParcelClass":"BARE LAND STRATA","SourceParcelID":null,"GeometrySource":"MODIFIED-ICF","IsRemainder":"NO","ParcelStartDate":null,"PositionalError":1.86674181,"LegalDescription":"STRATA LOT 34 DISTRICT LOT 4176S SIMILKAMEEN DIVISION YALE DISTRICT STRATA PLAN KAS938 TOGETHER WITH AN INTEREST IN THE COMMON PROPERTY IN PROPORTION TO THE UNIT ENTITLEMENT OF THE STRATA LOT AS SHOWN ON FORM V","CaptureMethod":"UNKNOWN","OwnerType":"PRIVATE","Compiled":1,"CreatedDate":"2016-09-20T23:24:06.000Z","ModifiedDate":"2025-10-30T23:57:26.000Z","StatedArea":null,"ErrorReportedBy":"PMBC-OPERATIONS","Municipality":"0163","OBJECTID":48837,"created_user":"SDE","created_date":"2024-11-12T16:15:31.000Z","last_edited_user":"SDE","last_edited_date":"2026-03-25T16:06:10.000Z","Shape__Area":631.264081725,"Shape__Length":107.73494522679137,"CommonName":null,"SourceGlobalID":"{467E8029-6C0F-4BD6-8FFD-3B30ACC7622D}","Comments":null,"UpdateStatus":"AUTO","UpdateSource":"PMBC"}},{"type":"Feature","geometry":{"type":"Polygon","coordinates":[[[-118.941447,49.716931],[-118.941653,49.716877],[-118.941829,49.71716],[-118.941678,49.7172],[-118.941623,49.717214],[-118.941447,49.716931]]]},"properties":{"GlobalID":"{EDEEB058-8020-45C4-A093-80EDFB41CA33}","Name":"017446465","PlanID":"{ABC31E06-449F-40F1-963F-F1841E957312}","PlanNumber":"KAS938","PIN":null,"PID":17446465,"Designation1":"Lot 69","Designation2":null,"Designation3":null,"ParcelStatus":"ACTIVE","RegionalDistrict":"0019","ParcelClass":"BARE LAND STRATA","SourceParcelID":null,"GeometrySource":"ICF","IsRemainder":"NO","ParcelStartDate":null,"PositionalError":0.85475254,"LegalDescription":"STRATA LOT 69 DISTRICT LOT 4176S SIMILKAMEEN DIVISION YALE DISTRICT STRATA PLAN KAS938 TOGETHER WITH AN INTEREST IN THE COMMON PROPERTY IN PROPORTION TO THE UNIT ENTITLEMENT OF THE STRATA LOT AS SHOWN ON FORM V","CaptureMethod":"UNKNOWN","OwnerType":"PRIVATE","Compiled":1,"CreatedDate":"2016-09-20T23:24:06.000Z","ModifiedDate":"2026-01-08T16:06:30.000Z","StatedArea":null,"ErrorReportedBy":"PMBC-OPERATIONS","Municipality":"0163","OBJECTID":48838,"created_user":"SDE","created_date":"2024-11-12T16:15:31.000Z","last_edited_user":"SDE","last_edited_date":"2026-03-25T16:06:10.000Z","Shape__Area":542.60164897,"Shape__Length":99.84635462349625,"CommonName":null,"SourceGlobalID":"{FFAC86AB-2AA7-4BFF-A9D0-90CDDEA889BA}","Comments":null,"UpdateStatus":"AUTO","UpdateSource":"PMBC"}},{"type":"Feature","geometry":{"type":"Polygon","coordinates":[[[-118.936802,49.717142],[-118.936822,49.717166],[-118.936845,49.717187],[-118.936871,49.717205],[-118.936899,49.717219],[-118.936839,49.717239],[-118.936548,49.717335],[-118.936442,49.717371],[-118.93633,49.717114],[-118.936491,49.717122],[-118.936802,49.717142]]]},"properties":{"GlobalID":"{CF290355-8606-4D67-8D27-08B3576F1FAA}","Name":"017446104","PlanID":"{ABC31E06-449F-40F1-963F-F1841E957312}","PlanNumber":"KAS938","PIN":null,"PID":17446104,"Designation1":"Lot 35","Designation2":null,"Designation3":null,"ParcelStatus":"ACTIVE","RegionalDistrict":"0019","ParcelClass":"BARE LAND STRATA","SourceParcelID":null,"GeometrySource":"MODIFIED-ICF","IsRemainder":"NO","ParcelStartDate":null,"PositionalError":1.58182388,"LegalDescription":"STRATA LOT 35 DISTRICT LOT 4176S SIMILKAMEEN DIVISION YALE DISTRICT STRATA PLAN KAS938 TOGETHER WITH AN INTEREST IN THE COMMON PROPERTY IN PROPORTION TO THE UNIT ENTITLEMENT OF THE STRATA LOT AS SHOWN ON FORM V","CaptureMethod":"UNKNOWN","OwnerType":"PRIVATE","Compiled":1,"CreatedDate":"2016-09-20T23:24:06.000Z","ModifiedDate":"2025-10-30T23:57:26.000Z","StatedArea":null,"ErrorReportedBy":"PMBC-OPERATIONS","Municipality":"0163","OBJECTID":48839,"created_user":"SDE","created_date":"2024-11-12T16:15:31.000Z","last_edited_user":"SDE","last_edited_date":"2026-03-25T16:06:10.000Z","Shape__Area":671.466513025,"Shape__Length":112.06367466411213,"CommonName":null,"SourceGlobalID":"{60FC961D-97DE-435D-99A2-54927E01423D}","Comments":null,"UpdateStatus":"AUTO","UpdateSource":"PMBC"}},{"type":"Feature","geometry":{"type":"Polygon","coordinates":[[[-118.941933,49.715989],[-118.942206,49.715926],[-118.942349,49.716179],[-118.942075,49.716243],[-118.941933,49.715989]]]},"properties":{"GlobalID":"{BB19A0E1-F550-4A68-BEEA-00F2765FEEA7}","Name":"017445868","PlanID":"{ABC31E06-449F-40F1-963F-F1841E957312}","PlanNumber":"KAS938","PIN":null,"PID":17445868,"Designation1":"Lot 12","Designation2":null,"Designation3":null,"ParcelStatus":"ACTIVE","RegionalDistrict":"0019","ParcelClass":"BARE LAND STRATA","SourceParcelID":null,"GeometrySource":"ICF","IsRemainder":"NO","ParcelStartDate":null,"PositionalError":2.11793199,"LegalDescription":"STRATA LOT 12 DISTRICT LOT 4176S SIMILKAMEEN DIVISION YALE DISTRICT STRATA PLAN KAS938 TOGETHER WITH AN INTEREST IN THE COMMON PROPERTY IN PROPORTION TO THE UNIT ENTITLEMENT OF THE STRATA LOT AS SHOWN ON FORM V","CaptureMethod":"UNKNOWN","OwnerType":"PRIVATE","Compiled":1,"CreatedDate":"2016-09-20T23:24:06.000Z","ModifiedDate":"2026-01-10T00:48:11.000Z","StatedArea":null,"ErrorReportedBy":"PMBC-OPERATIONS","Municipality":"0163","OBJECTID":48840,"created_user":"SDE","created_date":"2024-11-12T16:15:31.000Z","last_edited_user":"SDE","last_edited_date":"2026-03-25T16:06:10.000Z","Shape__Area":628.83638913,"Shape__Length":101.91808581707812,"CommonName":null,"SourceGlobalID":"{B26382BE-5A54-44FA-ADC1-6790AD18DC04}","Comments":null,"UpdateStatus":"AUTO","UpdateSource":"PMBC"}},{"type":"Feature","geometry":{"type":"Polygon","coordinates":[[[-118.938795,49.717495],[-118.938844,49.717474],[-118.938892,49.717449],[-118.938938,49.71742],[-118.938981,49.717388],[-118.93927,49.717663],[-118.939064,49.717755],[-118.938795,49.717495]]]},"properties":{"GlobalID":"{AED557E9-DDA0-4433-ACD6-4CB4009C8D00}","Name":"018082858","PlanID":"{ABC31E06-449F-40F1-963F-F1841E957312}","PlanNumber":"KAS938","PIN":null,"PID":18082858,"Designation1":"Lot 117","Designation2":null,"Designation3":null,"ParcelStatus":"ACTIVE","RegionalDistrict":"0019","ParcelClass":"BARE LAND STRATA","SourceParcelID":null,"GeometrySource":"ICF","IsRemainder":"NO","ParcelStartDate":null,"PositionalError":1.91836987,"LegalDescription":"STRATA LOT 117 DISTRICT LOT 4176S SIMILKAMEEN DIVISION YALE DISTRICT STRATA PLAN KAS938 TOGETHER WITH AN INTEREST IN THE COMMON PROPERTY IN PROPORTION TO THE UNIT ENTITLEMENT OF THE STRATA LOT AS SHOWN ON FORM V","CaptureMethod":"UNKNOWN","OwnerType":"PRIVATE","Compiled":1,"CreatedDate":"2016-09-20T23:24:06.000Z","ModifiedDate":"2026-01-10T00:48:11.000Z","StatedArea":null,"ErrorReportedBy":"PMBC-OPERATIONS","Municipality":"0163","OBJECTID":48841,"created_user":"SDE","created_date":"2024-11-12T16:15:31.000Z","last_edited_user":"SDE","last_edited_date":"2026-03-25T16:06:10.000Z","Shape__Area":634.74404461,"Shape__Length":107.86184261517546,"CommonName":null,"SourceGlobalID":"{B4C006C6-1068-4FA7-BEA3-E43266829A8C}","Comments":null,"UpdateStatus":"AUTO","UpdateSource":"PMBC"}},{"type":"Feature","geometry":{"type":"Polygon","coordinates":[[[-118.940106,49.716881],[-118.9405,49.716788],[-118.940641,49.717012],[-118.940354,49.717044],[-118.940296,49.717056],[-118.940106,49.716881]]]},"properties":{"GlobalID":"{314C3792-D963-49A3-99FF-2231B608270B}","Name":"017446210","PlanID":"{ABC31E06-449F-40F1-963F-F1841E957312}","PlanNumber":"KAS938","PIN":null,"PID":17446210,"Designation1":"Lot 45","Designation2":null,"Designation3":null,"ParcelStatus":"ACTIVE","RegionalDistrict":"0019","ParcelClass":"BARE LAND STRATA","SourceParcelID":null,"GeometrySource":"ICF","IsRemainder":"NO","ParcelStartDate":null,"PositionalError":2.00175313,"LegalDescription":"STRATA LOT 45 DISTRICT LOT 4176S SIMILKAMEEN DIVISION YALE DISTRICT STRATA PLAN KAS938 TOGETHER WITH AN INTEREST IN THE COMMON PROPERTY IN PROPORTION TO THE UNIT ENTITLEMENT OF THE STRATA LOT AS SHOWN ON FORM V","CaptureMethod":"UNKNOWN","OwnerType":"PRIVATE","Compiled":1,"CreatedDate":"2016-09-20T23:24:06.000Z","ModifiedDate":"2026-01-10T00:48:11.000Z","StatedArea":null,"ErrorReportedBy":"PMBC-OPERATIONS","Municipality":"0163","OBJECTID":48842,"created_user":"SDE","created_date":"2024-11-12T16:15:31.000Z","last_edited_user":"SDE","last_edited_date":"2026-03-25T16:06:10.000Z","Shape__Area":674.649183045,"Shape__Length":106.22642351274048,"CommonName":null,"SourceGlobalID":"{0714DC38-F1B1-4126-BEFF-4C1706508293}","Comments":null,"UpdateStatus":"AUTO","UpdateSource":"PMBC"}},{"type":"Feature","geometry":{"type":"Polygon","coordinates":[[[-118.942916,49.716217],[-118.943165,49.716159],[-118.943309,49.716416],[-118.943136,49.716437],[-118.943052,49.716458],[-118.942916,49.716217]]]},"properties":{"GlobalID":"{DC221CAE-3F84-45CF-811A-5B936330BEBA}","Name":"017446325","PlanID":"{ABC31E06-449F-40F1-963F-F1841E957312}","PlanNumber":"KAS938","PIN":null,"PID":17446325,"Designation1":"Lot 56","Designation2":null,"Designation3":null,"ParcelStatus":"ACTIVE","RegionalDistrict":"0019","ParcelClass":"BARE LAND STRATA","SourceParcelID":null,"GeometrySource":"ICF","IsRemainder":"NO","ParcelStartDate":null,"PositionalError":2.13321434,"LegalDescription":"STRATA LOT 56 DISTRICT LOT 4176S SIMILKAMEEN DIVISION YALE DISTRICT STRATA PLAN KAS938 TOGETHER WITH AN INTEREST IN THE COMMON PROPERTY IN PROPORTION TO THE UNIT ENTITLEMENT OF THE STRATA LOT AS SHOWN ON FORM V","CaptureMethod":"UNKNOWN","OwnerType":"PRIVATE","Compiled":1,"CreatedDate":"2016-09-20T23:24:06.000Z","ModifiedDate":"2026-01-10T00:48:11.000Z","StatedArea":null,"ErrorReportedBy":"PMBC-OPERATIONS","Municipality":"0163","OBJECTID":48843,"created_user":"SDE","created_date":"2024-11-12T16:15:31.000Z","last_edited_user":"SDE","last_edited_date":"2026-03-25T16:06:10.000Z","Shape__Area":552.773988275,"Shape__Length":97.25292678716045,"CommonName":null,"SourceGlobalID":"{04F41214-8F70-480E-AEE5-B7479D4BE4AA}","Comments":null,"UpdateStatus":"AUTO","UpdateSource":"PMBC"}},{"type":"Feature","geometry":{"type":"Polygon","coordinates":[[[-118.943184,49.715694],[-118.943305,49.715667],[-118.943447,49.715919],[-118.943326,49.715947],[-118.943184,49.715694]]]},"properties":{"GlobalID":"{4232CC1A-5EF8-4C0F-8ABF-35B1EF2A0A12}","Name":"024919802","PlanID":"{ABC31E06-449F-40F1-963F-F1841E957312}","PlanNumber":"KAS938","PIN":null,"PID":24919802,"Designation1":"Lot 136","Designation2":null,"Designation3":null,"ParcelStatus":"ACTIVE","RegionalDistrict":"0019","ParcelClass":"BARE LAND STRATA","SourceParcelID":null,"GeometrySource":"ICF","IsRemainder":"NO","ParcelStartDate":"2000-12-22T08:00:00.000Z","PositionalError":2.17347478,"LegalDescription":"STRATA LOT 136 DISTRICT LOT 4176S SIMILKAMEEN DIVISION YALE DISTRICT STRATA PLAN KAS938 TOGETHER WITH AN INTEREST IN THE COMMON PROPERTY IN PROPORTION TO THE UNIT ENTITLEMENT OF THE STRATA LOT AS SHOWN ON FORM V","CaptureMethod":"UNKNOWN","OwnerType":"PRIVATE","Compiled":1,"CreatedDate":"2016-09-20T23:24:06.000Z","ModifiedDate":"2025-10-30T23:57:26.000Z","StatedArea":null,"ErrorReportedBy":"PMBC-OPERATIONS","Municipality":"0163","OBJECTID":48844,"created_user":"SDE","created_date":"2024-11-12T16:15:31.000Z","last_edited_user":"SDE","last_edited_date":"2026-03-25T16:06:10.000Z","Shape__Area":276.3520262,"Shape__Length":78.32002070063666,"CommonName":null,"SourceGlobalID":"{44A03B6A-B4BA-4CEB-BD04-7DD07191D164}","Comments":null,"UpdateStatus":"AUTO","UpdateSource":"PMBC"}},{"type":"Feature","geometry":{"type":"Polygon","coordinates":[[[-118.94454,49.715912],[-118.9447,49.715642],[-118.945017,49.715732],[-118.94477,49.715976],[-118.94461,49.715931],[-118.944586,49.715924],[-118.94454,49.715912]]]},"properties":{"GlobalID":"{A9372DFC-CC8F-42D1-BF6A-D315F86A34E8}","Name":"017445752","PlanID":"{ABC31E06-449F-40F1-963F-F1841E957312}","PlanNumber":"KAS938","PIN":null,"PID":17445752,"Designation1":"Lot 2","Designation2":null,"Designation3":null,"ParcelStatus":"ACTIVE","RegionalDistrict":"0019","ParcelClass":"BARE LAND STRATA","SourceParcelID":null,"GeometrySource":"ICF","IsRemainder":"NO","ParcelStartDate":null,"PositionalError":2.23684758,"LegalDescription":"STRATA LOT 2 DISTRICT LOT 4176S SIMILKAMEEN DIVISION YALE DISTRICT STRATA PLAN KAS938 TOGETHER WITH AN INTEREST IN THE COMMON PROPERTY IN PROPORTION TO THE UNIT ENTITLEMENT OF THE STRATA LOT AS SHOWN ON FORM V","CaptureMethod":"UNKNOWN","OwnerType":"PRIVATE","Compiled":1,"CreatedDate":"2016-09-20T23:24:06.000Z","ModifiedDate":"2026-01-10T00:48:11.000Z","StatedArea":null,"ErrorReportedBy":"PMBC-OPERATIONS","Municipality":"0163","OBJECTID":48845,"created_user":"SDE","created_date":"2024-11-12T16:15:31.000Z","last_edited_user":"SDE","last_edited_date":"2026-03-25T16:06:10.000Z","Shape__Area":689.803318445,"Shape__Length":107.70970687972876,"CommonName":null,"SourceGlobalID":"{562AF16E-C357-4EBC-8A0A-D2338FC3D37F}","Comments":null,"UpdateStatus":"AUTO","UpdateSource":"PMBC"}},{"type":"Feature","geometry":{"type":"Polygon","coordinates":[[[-118.938654,49.71664],[-118.938924,49.716632],[-118.938948,49.716938],[-118.938678,49.716946],[-118.938654,49.71664]]]},"properties":{"GlobalID":"{3F0E955F-C074-4B76-AE0D-F5E1BBFDFCF1}","Name":"017446007","PlanID":"{ABC31E06-449F-40F1-963F-F1841E957312}","PlanNumber":"KAS938","PIN":null,"PID":17446007,"Designation1":"Lot 25","Designation2":null,"Designation3":null,"ParcelStatus":"ACTIVE","RegionalDistrict":"0019","ParcelClass":"BARE LAND STRATA","SourceParcelID":null,"GeometrySource":"ICF","IsRemainder":"NO","ParcelStartDate":"2021-06-02T07:00:00.000Z","PositionalError":1.96264261,"LegalDescription":"STRATA LOT 25 DISTRICT LOT 4176S SIMILKAMEEN DIVISION YALE DISTRICT STRATA PLAN KAS938 TOGETHER WITH AN INTEREST IN THE COMMON PROPERTY IN PROPORTION TO THE UNIT ENTITLEMENT OF THE STRATA LOT AS SHOWN ON FORM V","CaptureMethod":"UNKNOWN","OwnerType":"PRIVATE","Compiled":1,"CreatedDate":"2016-09-20T23:24:06.000Z","ModifiedDate":"2025-10-30T23:57:26.000Z","StatedArea":null,"ErrorReportedBy":"PMBC-OPERATIONS","Municipality":"0163","OBJECTID":48846,"created_user":"SDE","created_date":"2024-11-12T16:15:31.000Z","last_edited_user":"SDE","last_edited_date":"2026-03-25T16:06:10.000Z","Shape__Area":662.318856785,"Shape__Length":106.95289090935844,"CommonName":null,"SourceGlobalID":"{4FD9F5BC-8E6E-44E9-9EB4-F0CA4EA048E7}","Comments":null,"UpdateStatus":"AUTO","UpdateSource":"PMBC"}},{"type":"Feature","geometry":{"type":"Polygon","coordinates":[[[-118.940904,49.716982],[-118.94076,49.716725],[-118.940878,49.716698],[-118.941031,49.716967],[-118.940918,49.71698],[-118.940904,49.716982]]]},"properties":{"GlobalID":"{33718F76-5130-4470-82FF-B18C9AF7D235}","Name":"024937568","PlanID":"{ABC31E06-449F-40F1-963F-F1841E957312}","PlanNumber":"KAS938","PIN":null,"PID":24937568,"Designation1":"Lot 140","Designation2":null,"Designation3":null,"ParcelStatus":"ACTIVE","RegionalDistrict":"0019","ParcelClass":"BARE LAND STRATA","SourceParcelID":null,"GeometrySource":"ICF","IsRemainder":"NO","ParcelStartDate":"2001-01-30T08:00:00.000Z","PositionalError":2.02047544,"LegalDescription":"STRATA LOT 140 DISTRICT LOT 4176S SIMILKAMEEN DIVISION YALE DISTRICT STRATA PLAN KAS938 TOGETHER WITH AN INTEREST IN THE COMMON PROPERTY IN PROPORTION TO THE UNIT ENTITLEMENT OF THE STRATA LOT AS SHOWN ON FORM V","CaptureMethod":"UNKNOWN","OwnerType":"PRIVATE","Compiled":1,"CreatedDate":"2016-09-20T23:24:06.000Z","ModifiedDate":"2021-09-07T17:58:30.000Z","StatedArea":null,"ErrorReportedBy":"PMBC-OPERATIONS","Municipality":"0163","OBJECTID":48847,"created_user":"SDE","created_date":"2024-11-12T16:15:31.000Z","last_edited_user":"SDE","last_edited_date":"2026-03-25T16:06:10.000Z","Shape__Area":283.31240146,"Shape__Length":80.64660692595804,"CommonName":null,"SourceGlobalID":"{AB5487FF-1DF8-497A-B60C-03F1EDB57B66}","Comments":null,"UpdateStatus":"AUTO","UpdateSource":"PMBC"}},{"type":"Feature","geometry":{"type":"Polygon","coordinates":[[[-118.939595,49.717716],[-118.939767,49.71764],[-118.940032,49.717893],[-118.93986,49.717969],[-118.939595,49.717716]]]},"properties":{"GlobalID":"{A7A7248B-35C2-4366-B28F-B5357666E278}","Name":"017446571","PlanID":"{ABC31E06-449F-40F1-963F-F1841E957312}","PlanNumber":"KAS938","PIN":null,"PID":17446571,"Designation1":"Lot 80","Designation2":null,"Designation3":null,"ParcelStatus":"ACTIVE","RegionalDistrict":"0019","ParcelClass":"BARE LAND STRATA","SourceParcelID":null,"GeometrySource":"ICF","IsRemainder":"NO","ParcelStartDate":null,"PositionalError":1.9425682,"LegalDescription":"STRATA LOT 80 DISTRICT LOT 4176S SIMILKAMEEN DIVISION YALE DISTRICT STRATA PLAN KAS938 TOGETHER WITH AN INTEREST IN THE COMMON PROPERTY IN PROPORTION TO THE UNIT ENTITLEMENT OF THE STRATA LOT AS SHOWN ON FORM V","CaptureMethod":"UNKNOWN","OwnerType":"PRIVATE","Compiled":1,"CreatedDate":"2016-09-20T23:24:06.000Z","ModifiedDate":"2021-09-07T17:58:30.000Z","StatedArea":null,"ErrorReportedBy":"PMBC-OPERATIONS","Municipality":"0163","OBJECTID":48848,"created_user":"SDE","created_date":"2024-11-12T16:15:31.000Z","last_edited_user":"SDE","last_edited_date":"2026-03-25T16:06:10.000Z","Shape__Area":510.97304037,"Shape__Length":98.02639279303563,"CommonName":null,"SourceGlobalID":"{7C712FE4-5811-4A7B-82A9-9E2488711D5B}","Comments":null,"UpdateStatus":"AUTO","UpdateSource":"PMBC"}},{"type":"Feature","geometry":{"type":"Polygon","coordinates":[[[-118.945078,49.715751],[-118.945506,49.715873],[-118.945459,49.715942],[-118.94515,49.715988],[-118.945078,49.715751]]]},"properties":{"GlobalID":"{DCE296E4-EB96-4028-9C9A-91B3121B9B75}","Name":"024225495","PlanID":"{ABC31E06-449F-40F1-963F-F1841E957312}","PlanNumber":"KAS938","PIN":null,"PID":24225495,"Designation1":"Lot 121","Designation2":null,"Designation3":null,"ParcelStatus":"ACTIVE","RegionalDistrict":"0019","ParcelClass":"BARE LAND STRATA","SourceParcelID":null,"GeometrySource":"ICF","IsRemainder":"NO","ParcelStartDate":"1998-08-17T07:00:00.000Z","PositionalError":2.2496966,"LegalDescription":"STRATA LOT 121 DISTRICT LOT 4176S SIMILKAMEEN DIVISION YALE DISTRICT STRATA PLAN KAS938 TOGETHER WITH AN INTEREST IN THE COMMON PROPERTY IN PROPORTION TO THE UNIT ENTITLEMENT OF THE STRATA LOT AS SHOWN ON FORM V","CaptureMethod":"UNKNOWN","OwnerType":"PRIVATE","Compiled":1,"CreatedDate":"2016-09-20T23:24:06.000Z","ModifiedDate":"2025-10-30T23:57:26.000Z","StatedArea":null,"ErrorReportedBy":"PMBC-OPERATIONS","Municipality":"0163","OBJECTID":48849,"created_user":"SDE","created_date":"2024-11-12T16:15:31.000Z","last_edited_user":"SDE","last_edited_date":"2026-03-25T16:06:10.000Z","Shape__Area":449.43853247,"Shape__Length":91.90242600630091,"CommonName":null,"SourceGlobalID":"{46AFD4DA-AAB9-44E6-ACB3-0C014FE19568}","Comments":null,"UpdateStatus":"AUTO","UpdateSource":"PMBC"}},{"type":"Feature","geometry":{"type":"Polygon","coordinates":[[[-118.937187,49.717241],[-118.937217,49.717231],[-118.937246,49.717217],[-118.937272,49.717201],[-118.937459,49.717145],[-118.937426,49.71749],[-118.937201,49.717584],[-118.937189,49.717285],[-118.937187,49.717241]]]},"properties":{"GlobalID":"{142E1E2C-FF70-4A6F-B768-5015AD8C3CDF}","Name":"017446139","PlanID":"{ABC31E06-449F-40F1-963F-F1841E957312}","PlanNumber":"KAS938","PIN":null,"PID":17446139,"Designation1":"Lot 38","Designation2":null,"Designation3":null,"ParcelStatus":"ACTIVE","RegionalDistrict":"0019","ParcelClass":"BARE LAND STRATA","SourceParcelID":null,"GeometrySource":"MODIFIED-ICF","IsRemainder":"NO","ParcelStartDate":null,"PositionalError":1.66616834,"LegalDescription":"STRATA LOT 38 DISTRICT LOT 4176S SIMILKAMEEN DIVISION YALE DISTRICT STRATA PLAN KAS938 TOGETHER WITH AN INTEREST IN THE COMMON PROPERTY IN PROPORTION TO THE UNIT ENTITLEMENT OF THE STRATA LOT AS SHOWN ON FORM V","CaptureMethod":"UNKNOWN","OwnerType":"PRIVATE","Compiled":1,"CreatedDate":"2016-09-20T23:24:06.000Z","ModifiedDate":"2026-01-10T00:48:11.000Z","StatedArea":null,"ErrorReportedBy":"PMBC-OPERATIONS","Municipality":"0163","OBJECTID":48850,"created_user":"SDE","created_date":"2024-11-12T16:15:31.000Z","last_edited_user":"SDE","last_edited_date":"2026-03-25T16:06:10.000Z","Shape__Area":686.1587923,"Shape__Length":118.35020840412392,"CommonName":null,"SourceGlobalID":"{F219D0A9-6E6A-4495-8E6C-75662E9BED72}","Comments":null,"UpdateStatus":"AUTO","UpdateSource":"PMBC"}},{"type":"Feature","geometry":{"type":"Polygon","coordinates":[[[-118.939146,49.716625],[-118.939264,49.716621],[-118.939379,49.716594],[-118.939521,49.716846],[-118.939237,49.716914],[-118.939146,49.716625]]]},"properties":{"GlobalID":"{A3E2FA4C-AA0A-49C8-A55F-09F5BEE294A0}","Name":"017445981","PlanID":"{ABC31E06-449F-40F1-963F-F1841E957312}","PlanNumber":"KAS938","PIN":null,"PID":17445981,"Designation1":"Lot 23","Designation2":null,"Designation3":null,"ParcelStatus":"ACTIVE","RegionalDistrict":"0019","ParcelClass":"BARE LAND STRATA","SourceParcelID":null,"GeometrySource":"ICF","IsRemainder":"NO","ParcelStartDate":"2021-06-02T07:00:00.000Z","PositionalError":1.98174614,"LegalDescription":"STRATA LOT 23 DISTRICT LOT 4176S SIMILKAMEEN DIVISION YALE DISTRICT STRATA PLAN KAS938 TOGETHER WITH AN INTEREST IN THE COMMON PROPERTY IN PROPORTION TO THE UNIT ENTITLEMENT OF THE STRATA LOT AS SHOWN ON FORM V","CaptureMethod":"UNKNOWN","OwnerType":"PRIVATE","Compiled":1,"CreatedDate":"2016-09-20T23:24:06.000Z","ModifiedDate":"2025-10-30T23:57:26.000Z","StatedArea":null,"ErrorReportedBy":"PMBC-OPERATIONS","Municipality":"0163","OBJECTID":48851,"created_user":"SDE","created_date":"2024-11-12T16:15:31.000Z","last_edited_user":"SDE","last_edited_date":"2026-03-25T16:06:10.000Z","Shape__Area":597.15842915,"Shape__Length":101.94301011807583,"CommonName":null,"SourceGlobalID":"{54B0FC31-9A78-4A37-9133-A1566CAE2061}","Comments":null,"UpdateStatus":"AUTO","UpdateSource":"PMBC"}},{"type":"Feature","geometry":{"type":"Polygon","coordinates":[[[-118.936735,49.7183],[-118.936513,49.718098],[-118.937057,49.718201],[-118.937134,49.718215],[-118.937137,49.718238],[-118.937143,49.71826],[-118.937154,49.718281],[-118.937141,49.718281],[-118.93709,49.718281],[-118.936817,49.718316],[-118.936735,49.7183]]]},"properties":{"GlobalID":"{6F4F1D25-C325-4AC1-A7D5-8FE1DFCD0E82}","Name":"024312428","PlanID":"{ABC31E06-449F-40F1-963F-F1841E957312}","PlanNumber":"KAS938","PIN":null,"PID":24312428,"Designation1":"Lot 124","Designation2":null,"Designation3":null,"ParcelStatus":"ACTIVE","RegionalDistrict":"0019","ParcelClass":"BARE LAND STRATA","SourceParcelID":null,"GeometrySource":"MODIFIED-ICF","IsRemainder":"NO","ParcelStartDate":"1998-11-16T08:00:00.000Z","PositionalError":1.81756546,"LegalDescription":"STRATA LOT 124 DISTRICT LOT 4176S SIMILKAMEEN DIVISION YALE DISTRICT STRATA PLAN KAS938 TOGETHER WITH AN INTEREST IN THE COMMON PROPERTY IN PROPORTION TO THE UNIT ENTITLEMENT OF THE STRATA LOT AS SHOWN ON FORM V","CaptureMethod":"UNKNOWN","OwnerType":"PRIVATE","Compiled":1,"CreatedDate":"2016-09-20T23:24:06.000Z","ModifiedDate":"2026-01-10T00:48:11.000Z","StatedArea":null,"ErrorReportedBy":"PMBC-OPERATIONS","Municipality":"0163","OBJECTID":48852,"created_user":"SDE","created_date":"2024-11-12T16:15:31.000Z","last_edited_user":"SDE","last_edited_date":"2026-03-25T16:06:10.000Z","Shape__Area":532.27346335,"Shape__Length":112.51140777333627,"CommonName":null,"SourceGlobalID":"{18BB3BDA-8FDC-4BE6-B642-760B3714B163}","Comments":null,"UpdateStatus":"AUTO","UpdateSource":"PMBC"}},{"type":"Feature","geometry":{"type":"Polygon","coordinates":[[[-118.94227,49.716716],[-118.942392,49.716685],[-118.942568,49.716968],[-118.942446,49.717],[-118.94227,49.716716]]]},"properties":{"GlobalID":"{08EEA692-C434-4A38-AC9D-867053C50D33}","Name":"024909459","PlanID":"{ABC31E06-449F-40F1-963F-F1841E957312}","PlanNumber":"KAS938","PIN":null,"PID":24909459,"Designation1":"Lot 132","Designation2":null,"Designation3":null,"ParcelStatus":"ACTIVE","RegionalDistrict":"0019","ParcelClass":"BARE LAND STRATA","SourceParcelID":null,"GeometrySource":"ICF","IsRemainder":"NO","ParcelStartDate":"2000-12-06T08:00:00.000Z","PositionalError":0.99299745,"LegalDescription":"STRATA LOT 132 DISTRICT LOT 4176S SIMILKAMEEN DIVISION YALE DISTRICT STRATA PLAN KAS938 TOGETHER WITH AN INTEREST IN THE COMMON PROPERTY IN PROPORTION TO THE UNIT ENTITLEMENT OF THE STRATA LOT AS SHOWN ON FORM V","CaptureMethod":"UNKNOWN","OwnerType":"PRIVATE","Compiled":1,"CreatedDate":"2016-09-20T23:24:06.000Z","ModifiedDate":"2026-01-10T00:48:11.000Z","StatedArea":null,"ErrorReportedBy":"PMBC-OPERATIONS","Municipality":"0163","OBJECTID":48853,"created_user":"SDE","created_date":"2024-11-12T16:15:31.000Z","last_edited_user":"SDE","last_edited_date":"2026-03-25T16:06:10.000Z","Shape__Area":322.219788885,"Shape__Length":86.85677057685754,"CommonName":null,"SourceGlobalID":"{8B951155-C451-44E2-84FC-8ABBAC296F92}","Comments":null,"UpdateStatus":"AUTO","UpdateSource":"PMBC"}},{"type":"Feature","geometry":{"type":"Polygon","coordinates":[[[-118.940538,49.717746],[-118.940605,49.717442],[-118.940852,49.717465],[-118.940786,49.717768],[-118.940538,49.717746]]]},"properties":{"GlobalID":"{60694AC5-91EA-41EF-B07A-E9F476166F2A}","Name":"017446538","PlanID":"{ABC31E06-449F-40F1-963F-F1841E957312}","PlanNumber":"KAS938","PIN":null,"PID":17446538,"Designation1":"Lot 76","Designation2":null,"Designation3":null,"ParcelStatus":"ACTIVE","RegionalDistrict":"0019","ParcelClass":"BARE LAND STRATA","SourceParcelID":null,"GeometrySource":"ICF","IsRemainder":"NO","ParcelStartDate":null,"PositionalError":1.9928633,"LegalDescription":"STRATA LOT 76 DISTRICT LOT 4176S SIMILKAMEEN DIVISION YALE DISTRICT STRATA PLAN KAS938 TOGETHER WITH AN INTEREST IN THE COMMON PROPERTY IN PROPORTION TO THE UNIT ENTITLEMENT OF THE STRATA LOT AS SHOWN ON FORM V","CaptureMethod":"UNKNOWN","OwnerType":"PRIVATE","Compiled":1,"CreatedDate":"2016-09-20T23:24:06.000Z","ModifiedDate":"2025-10-30T23:57:26.000Z","StatedArea":null,"ErrorReportedBy":"PMBC-OPERATIONS","Municipality":"0163","OBJECTID":48854,"created_user":"SDE","created_date":"2024-11-12T16:15:31.000Z","last_edited_user":"SDE","last_edited_date":"2026-03-25T16:06:10.000Z","Shape__Area":613.337364085,"Shape__Length":104.16737833038628,"CommonName":null,"SourceGlobalID":"{C878B61E-2B9C-4A34-9E05-F4CC7682CFFF}","Comments":null,"UpdateStatus":"AUTO","UpdateSource":"PMBC"}},{"type":"Feature","geometry":{"type":"Polygon","coordinates":[[[-118.942481,49.715861],[-118.942623,49.716114],[-118.942349,49.716179],[-118.942206,49.715926],[-118.942481,49.715861]]]},"properties":{"GlobalID":"{68332A22-65D2-4772-90EC-54BEAA314546}","Name":"017445850","PlanID":"{ABC31E06-449F-40F1-963F-F1841E957312}","PlanNumber":"KAS938","PIN":null,"PID":17445850,"Designation1":"Lot 11","Designation2":null,"Designation3":null,"ParcelStatus":"ACTIVE","RegionalDistrict":"0019","ParcelClass":"BARE LAND STRATA","SourceParcelID":null,"GeometrySource":"ICF","IsRemainder":"NO","ParcelStartDate":null,"PositionalError":2.13223353,"LegalDescription":"STRATA LOT 11 DISTRICT LOT 4176S SIMILKAMEEN DIVISION YALE DISTRICT STRATA PLAN KAS938 TOGETHER WITH AN INTEREST IN THE COMMON PROPERTY IN PROPORTION TO THE UNIT ENTITLEMENT OF THE STRATA LOT AS SHOWN ON FORM V","CaptureMethod":"UNKNOWN","OwnerType":"PRIVATE","Compiled":1,"CreatedDate":"2016-09-20T23:24:06.000Z","ModifiedDate":"2021-09-07T17:58:30.000Z","StatedArea":null,"ErrorReportedBy":"PMBC-OPERATIONS","Municipality":"0163","OBJECTID":48855,"created_user":"SDE","created_date":"2024-11-12T16:15:31.000Z","last_edited_user":"SDE","last_edited_date":"2026-03-25T16:06:10.000Z","Shape__Area":629.132446745,"Shape__Length":101.89012730160023,"CommonName":null,"SourceGlobalID":"{CC4FF4F0-4D59-4166-B4B0-9387FBBAACAB}","Comments":null,"UpdateStatus":"AUTO","UpdateSource":"PMBC"}},{"type":"Feature","geometry":{"type":"Polygon","coordinates":[[[-118.943436,49.715634],[-118.9438,49.715549],[-118.943804,49.715858],[-118.943701,49.71587],[-118.943631,49.71588],[-118.943561,49.715893],[-118.943436,49.715634]]]},"properties":{"GlobalID":"{02E4F974-89FE-41BD-A698-DD965809C774}","Name":"017445795","PlanID":"{ABC31E06-449F-40F1-963F-F1841E957312}","PlanNumber":"KAS938","PIN":null,"PID":17445795,"Designation1":"Lot 6","Designation2":null,"Designation3":null,"ParcelStatus":"ACTIVE","RegionalDistrict":"0019","ParcelClass":"BARE LAND STRATA","SourceParcelID":null,"GeometrySource":"ICF","IsRemainder":"NO","ParcelStartDate":null,"PositionalError":2.19681082,"LegalDescription":"STRATA LOT 6 DISTRICT LOT 4176S SIMILKAMEEN DIVISION YALE DISTRICT STRATA PLAN KAS938 TOGETHER WITH AN INTEREST IN THE COMMON PROPERTY IN PROPORTION TO THE UNIT ENTITLEMENT OF THE STRATA LOT AS SHOWN ON FORM V","CaptureMethod":"UNKNOWN","OwnerType":"PRIVATE","Compiled":1,"CreatedDate":"2016-09-20T23:24:06.000Z","ModifiedDate":"2026-01-10T00:48:11.000Z","StatedArea":null,"ErrorReportedBy":"PMBC-OPERATIONS","Municipality":"0163","OBJECTID":48856,"created_user":"SDE","created_date":"2024-11-12T16:15:31.000Z","last_edited_user":"SDE","last_edited_date":"2026-03-25T16:06:10.000Z","Shape__Area":717.332722195,"Shape__Length":110.31204820065112,"CommonName":null,"SourceGlobalID":"{C97FDBFC-24E5-456E-B6AD-3ECA55DBAB4D}","Comments":null,"UpdateStatus":"AUTO","UpdateSource":"PMBC"}},{"type":"Feature","geometry":{"type":"Polygon","coordinates":[[[-118.937546,49.718424],[-118.937588,49.718417],[-118.937683,49.718396],[-118.937667,49.718598],[-118.937661,49.718724],[-118.937641,49.718728],[-118.93752,49.718754],[-118.937534,49.718556],[-118.937546,49.718424]]]},"properties":{"GlobalID":"{3F3CC525-4DA2-4B0F-B0F8-639C7EBD7246}","Name":"025418025","PlanID":"{ABC31E06-449F-40F1-963F-F1841E957312}","PlanNumber":"KAS938","PIN":null,"PID":25418025,"Designation1":"Lot 141","Designation2":null,"Designation3":null,"ParcelStatus":"ACTIVE","RegionalDistrict":"0019","ParcelClass":"BARE LAND STRATA","SourceParcelID":null,"GeometrySource":"ICF","IsRemainder":"NO","ParcelStartDate":"2002-06-03T07:00:00.000Z","PositionalError":1.82995222,"LegalDescription":"STRATA LOT 141 DISTRICT LOT 4176S SIMILKAMEEN DIVISION YALE DISTRICT STRATA PLAN KAS938 TOGETHER WITH AN INTEREST IN THE COMMON PROPERTY IN PROPORTION TO THE UNIT ENTITLEMENT OF THE STRATA LOT AS SHOWN ON FORM V","CaptureMethod":"UNKNOWN","OwnerType":"PRIVATE","Compiled":1,"CreatedDate":"2016-09-20T23:24:06.000Z","ModifiedDate":"2026-01-10T00:48:11.000Z","StatedArea":null,"ErrorReportedBy":"PMBC-OPERATIONS","Municipality":"0163","OBJECTID":48857,"created_user":"SDE","created_date":"2024-11-12T16:15:31.000Z","last_edited_user":"SDE","last_edited_date":"2026-03-25T16:06:10.000Z","Shape__Area":359.37263243,"Shape__Length":94.3837964213816,"CommonName":null,"SourceGlobalID":"{358CCDA0-8D2F-4821-BF0B-19ACE2E608FF}","Comments":null,"UpdateStatus":"AUTO","UpdateSource":"PMBC"}},{"type":"Feature","geometry":{"type":"Polygon","coordinates":[[[-118.937108,49.718668],[-118.937193,49.718621],[-118.937265,49.71848],[-118.937364,49.71843],[-118.937381,49.718419],[-118.937417,49.718424],[-118.937453,49.718427],[-118.937429,49.718476],[-118.937291,49.7188],[-118.937217,49.718747],[-118.937108,49.718668]]]},"properties":{"GlobalID":"{2D43BA46-7C50-4AF7-A8CE-36E92D5E3D51}","Name":"024691313","PlanID":"{ABC31E06-449F-40F1-963F-F1841E957312}","PlanNumber":"KAS938","PIN":null,"PID":24691313,"Designation1":"Lot 127","Designation2":null,"Designation3":null,"ParcelStatus":"ACTIVE","RegionalDistrict":"0019","ParcelClass":"BARE LAND STRATA","SourceParcelID":null,"GeometrySource":"ICF","IsRemainder":"NO","ParcelStartDate":"2000-02-01T08:00:00.000Z","PositionalError":1.82089497,"LegalDescription":"STRATA LOT 127 DISTRICT LOT 4176S SIMILKAMEEN DIVISION YALE DISTRICT STRATA PLAN KAS938 TOGETHER WITH AN INTEREST IN THE COMMON PROPERTY IN PROPORTION TO THE UNIT ENTITLEMENT OF THE STRATA LOT AS SHOWN ON FORM V","CaptureMethod":"UNKNOWN","OwnerType":"PRIVATE","Compiled":1,"CreatedDate":"2016-09-20T23:24:06.000Z","ModifiedDate":"2026-01-10T00:48:11.000Z","StatedArea":null,"ErrorReportedBy":"PMBC-OPERATIONS","Municipality":"0163","OBJECTID":48858,"created_user":"SDE","created_date":"2024-11-12T16:15:31.000Z","last_edited_user":"SDE","last_edited_date":"2026-03-25T16:06:10.000Z","Shape__Area":449.397227915,"Shape__Length":103.34264132509817,"CommonName":null,"SourceGlobalID":"{442D3329-16A6-43EC-B7AB-933982BA12BD}","Comments":null,"UpdateStatus":"AUTO","UpdateSource":"PMBC"}},{"type":"Feature","geometry":{"type":"Polygon","coordinates":[[[-118.943542,49.716389],[-118.943399,49.716103],[-118.943497,49.71608],[-118.943658,49.7164],[-118.943542,49.716389]]]},"properties":{"GlobalID":"{5B64CBB7-C30B-4C59-971F-95488526E648}","Name":"025580353","PlanID":"{ABC31E06-449F-40F1-963F-F1841E957312}","PlanNumber":"KAS938","PIN":null,"PID":25580353,"Designation1":"Lot 144","Designation2":null,"Designation3":null,"ParcelStatus":"ACTIVE","RegionalDistrict":"0019","ParcelClass":"BARE LAND STRATA","SourceParcelID":null,"GeometrySource":"ICF","IsRemainder":"NO","ParcelStartDate":"2003-02-06T08:00:00.000Z","PositionalError":2.14923906,"LegalDescription":"STRATA LOT 144 DISTRICT LOT 4176S SIMILKAMEEN DIVISION YALE DISTRICT STRATA PLAN KAS938 TOGETHER WITH AN INTEREST IN THE COMMON PROPERTY IN PROPORTION TO THE UNIT ENTITLEMENT OF THE STRATA LOT AS SHOWN ON FORM V","CaptureMethod":"UNKNOWN","OwnerType":"PRIVATE","Compiled":1,"CreatedDate":"2016-09-20T23:24:06.000Z","ModifiedDate":"2026-01-10T00:48:11.000Z","StatedArea":null,"ErrorReportedBy":"PMBC-OPERATIONS","Municipality":"0163","OBJECTID":48859,"created_user":"SDE","created_date":"2024-11-12T16:15:31.000Z","last_edited_user":"SDE","last_edited_date":"2026-03-25T16:06:10.000Z","Shape__Area":267.323086275,"Shape__Length":86.9408641268474,"CommonName":null,"SourceGlobalID":"{09E94D68-C00F-48DC-9D82-559FE9E2A183}","Comments":null,"UpdateStatus":"AUTO","UpdateSource":"PMBC"}},{"type":"Feature","geometry":{"type":"Polygon","coordinates":[[[-118.942392,49.716685],[-118.942515,49.716653],[-118.94269,49.716936],[-118.942568,49.716968],[-118.942392,49.716685]]]},"properties":{"GlobalID":"{865EAA5E-7A2E-419D-8A08-B8E26241536E}","Name":"024909441","PlanID":"{ABC31E06-449F-40F1-963F-F1841E957312}","PlanNumber":"KAS938","PIN":null,"PID":24909441,"Designation1":"Lot 131","Designation2":null,"Designation3":null,"ParcelStatus":"ACTIVE","RegionalDistrict":"0019","ParcelClass":"BARE LAND STRATA","SourceParcelID":null,"GeometrySource":"ICF","IsRemainder":"NO","ParcelStartDate":"2000-12-06T08:00:00.000Z","PositionalError":1.03637316,"LegalDescription":"STRATA LOT 131 DISTRICT LOT 4176S SIMILKAMEEN DIVISION YALE DISTRICT STRATA PLAN KAS938 TOGETHER WITH AN INTEREST IN THE COMMON PROPERTY IN PROPORTION TO THE UNIT ENTITLEMENT OF THE STRATA LOT AS SHOWN ON FORM V","CaptureMethod":"UNKNOWN","OwnerType":"PRIVATE","Compiled":1,"CreatedDate":"2016-09-20T23:24:06.000Z","ModifiedDate":"2026-01-10T00:48:11.000Z","StatedArea":null,"ErrorReportedBy":"PMBC-OPERATIONS","Municipality":"0163","OBJECTID":48860,"created_user":"SDE","created_date":"2024-11-12T16:15:31.000Z","last_edited_user":"SDE","last_edited_date":"2026-03-25T16:06:10.000Z","Shape__Area":322.24815439,"Shape__Length":86.85852723103186,"CommonName":null,"SourceGlobalID":"{B139BF7A-2B5A-4240-B25E-4C457E6B5EE2}","Comments":null,"UpdateStatus":"AUTO","UpdateSource":"PMBC"}},{"type":"Feature","geometry":{"type":"Polygon","coordinates":[[[-118.939205,49.717888],[-118.939423,49.717792],[-118.939688,49.718045],[-118.93959,49.718089],[-118.93947,49.71814],[-118.939205,49.717888]]]},"properties":{"GlobalID":"{0F0AB361-388D-4378-8763-EAD15D2D5DBB}","Name":"017446597","PlanID":"{ABC31E06-449F-40F1-963F-F1841E957312}","PlanNumber":"KAS938","PIN":null,"PID":17446597,"Designation1":"Lot 82","Designation2":null,"Designation3":null,"ParcelStatus":"ACTIVE","RegionalDistrict":"0019","ParcelClass":"BARE LAND STRATA","SourceParcelID":null,"GeometrySource":"ICF","IsRemainder":"NO","ParcelStartDate":null,"PositionalError":1.92115815,"LegalDescription":"STRATA LOT 82 DISTRICT LOT 4176S SIMILKAMEEN DIVISION YALE DISTRICT STRATA PLAN KAS938 TOGETHER WITH AN INTEREST IN THE COMMON PROPERTY IN PROPORTION TO THE UNIT ENTITLEMENT OF THE STRATA LOT AS SHOWN ON FORM V","CaptureMethod":"UNKNOWN","OwnerType":"PRIVATE","Compiled":1,"CreatedDate":"2016-09-20T23:24:06.000Z","ModifiedDate":"2026-01-10T00:48:11.000Z","StatedArea":null,"ErrorReportedBy":"PMBC-OPERATIONS","Municipality":"0163","OBJECTID":48861,"created_user":"SDE","created_date":"2024-11-12T16:15:31.000Z","last_edited_user":"SDE","last_edited_date":"2026-03-25T16:06:10.000Z","Shape__Area":645.30900401,"Shape__Length":105.84493087224801,"CommonName":null,"SourceGlobalID":"{7CBEC870-3E6D-462E-A9A0-C97A794094FA}","Comments":null,"UpdateStatus":"AUTO","UpdateSource":"PMBC"}},{"type":"Feature","geometry":{"type":"Polygon","coordinates":[[[-118.944053,49.71585],[-118.944112,49.715474],[-118.944394,49.715556],[-118.944301,49.715868],[-118.944219,49.715859],[-118.944136,49.715853],[-118.944053,49.71585]]]},"properties":{"GlobalID":"{ECD5FC65-40D0-42A8-9E68-BF98FE5DF415}","Name":"017445779","PlanID":"{ABC31E06-449F-40F1-963F-F1841E957312}","PlanNumber":"KAS938","PIN":null,"PID":17445779,"Designation1":"Lot 4","Designation2":null,"Designation3":null,"ParcelStatus":"ACTIVE","RegionalDistrict":"0019","ParcelClass":"BARE LAND STRATA","SourceParcelID":null,"GeometrySource":"ICF","IsRemainder":"NO","ParcelStartDate":null,"PositionalError":2.22020519,"LegalDescription":"STRATA LOT 4 DISTRICT LOT 4176S SIMILKAMEEN DIVISION YALE DISTRICT STRATA PLAN KAS938 TOGETHER WITH AN INTEREST IN THE COMMON PROPERTY IN PROPORTION TO THE UNIT ENTITLEMENT OF THE STRATA LOT AS SHOWN ON FORM V","CaptureMethod":"UNKNOWN","OwnerType":"PRIVATE","Compiled":1,"CreatedDate":"2016-09-20T23:24:06.000Z","ModifiedDate":"2026-01-10T00:48:11.000Z","StatedArea":null,"ErrorReportedBy":"PMBC-OPERATIONS","Municipality":"0163","OBJECTID":48862,"created_user":"SDE","created_date":"2024-11-12T16:15:31.000Z","last_edited_user":"SDE","last_edited_date":"2026-03-25T16:06:10.000Z","Shape__Area":757.17805186,"Shape__Length":117.69945186279989,"CommonName":null,"SourceGlobalID":"{3F252C77-DB9C-40ED-A194-7FEB0607B041}","Comments":null,"UpdateStatus":"AUTO","UpdateSource":"PMBC"}},{"type":"Feature","geometry":{"type":"Polygon","coordinates":[[[-118.938877,49.718035],[-118.938987,49.717984],[-118.939215,49.718201],[-118.939253,49.718238],[-118.939148,49.718285],[-118.939107,49.718251],[-118.938877,49.718035]]]},"properties":{"GlobalID":"{2B8A31EB-E5DD-401B-BF36-4D6DB9C330BE}","Name":"024423220","PlanID":"{ABC31E06-449F-40F1-963F-F1841E957312}","PlanNumber":"KAS938","PIN":null,"PID":24423220,"Designation1":"Lot 125","Designation2":null,"Designation3":null,"ParcelStatus":"ACTIVE","RegionalDistrict":"0019","ParcelClass":"BARE LAND STRATA","SourceParcelID":null,"GeometrySource":"ICF","IsRemainder":"NO","ParcelStartDate":"1999-02-25T08:00:00.000Z","PositionalError":1.89503119,"LegalDescription":"STRATA LOT 125 DISTRICT LOT 4176S SIMILKAMEEN DIVISION YALE DISTRICT STRATA PLAN KAS938 TOGETHER WITH AN INTEREST IN THE COMMON PROPERTY IN PROPORTION TO THE UNIT ENTITLEMENT OF THE STRATA LOT AS SHOWN ON FORM V","CaptureMethod":"UNKNOWN","OwnerType":"PRIVATE","Compiled":1,"CreatedDate":"2016-09-20T23:24:06.000Z","ModifiedDate":"2025-10-30T23:57:26.000Z","StatedArea":null,"ErrorReportedBy":"PMBC-OPERATIONS","Municipality":"0163","OBJECTID":48863,"created_user":"SDE","created_date":"2024-11-12T16:15:31.000Z","last_edited_user":"SDE","last_edited_date":"2026-03-25T16:06:10.000Z","Shape__Area":327.041544205,"Shape__Length":87.1033935230919,"CommonName":null,"SourceGlobalID":"{2E22D4CE-1A98-4516-A033-278818D7067C}","Comments":null,"UpdateStatus":"AUTO","UpdateSource":"PMBC"}},{"type":"Feature","geometry":{"type":"Polygon","coordinates":[[[-118.94295,49.715751],[-118.943092,49.716003],[-118.942857,49.71606],[-118.942714,49.715805],[-118.94295,49.715751]]]},"properties":{"GlobalID":"{78FE2DC6-0566-4B90-A4F8-89C782AD56A6}","Name":"017445825","PlanID":"{ABC31E06-449F-40F1-963F-F1841E957312}","PlanNumber":"KAS938","PIN":null,"PID":17445825,"Designation1":"Lot 9","Designation2":null,"Designation3":null,"ParcelStatus":"ACTIVE","RegionalDistrict":"0019","ParcelClass":"BARE LAND STRATA","SourceParcelID":null,"GeometrySource":"ICF","IsRemainder":"NO","ParcelStartDate":null,"PositionalError":2.15702082,"LegalDescription":"STRATA LOT 9 DISTRICT LOT 4176S SIMILKAMEEN DIVISION YALE DISTRICT STRATA PLAN KAS938 TOGETHER WITH AN INTEREST IN THE COMMON PROPERTY IN PROPORTION TO THE UNIT ENTITLEMENT OF THE STRATA LOT AS SHOWN ON FORM V","CaptureMethod":"UNKNOWN","OwnerType":"PRIVATE","Compiled":1,"CreatedDate":"2016-09-20T23:24:06.000Z","ModifiedDate":"2021-09-07T17:58:30.000Z","StatedArea":null,"ErrorReportedBy":"PMBC-OPERATIONS","Municipality":"0163","OBJECTID":48864,"created_user":"SDE","created_date":"2024-11-12T16:15:31.000Z","last_edited_user":"SDE","last_edited_date":"2026-03-25T16:06:10.000Z","Shape__Area":541.225718145,"Shape__Length":96.08205337593326,"CommonName":null,"SourceGlobalID":"{523B72F1-5C54-4C5D-9500-3E8148DFBC19}","Comments":null,"UpdateStatus":"AUTO","UpdateSource":"PMBC"}},{"type":"Feature","geometry":{"type":"Polygon","coordinates":[[[-118.942177,49.716686],[-118.941932,49.71675],[-118.941782,49.716484],[-118.94203,49.716426],[-118.942177,49.716686]]]},"properties":{"GlobalID":"{547BBF36-0194-4521-98CD-8C6EF920CDAE}","Name":"017446279","PlanID":"{ABC31E06-449F-40F1-963F-F1841E957312}","PlanNumber":"KAS938","PIN":null,"PID":17446279,"Designation1":"Lot 51","Designation2":null,"Designation3":null,"ParcelStatus":"ACTIVE","RegionalDistrict":"0019","ParcelClass":"BARE LAND STRATA","SourceParcelID":null,"GeometrySource":"ICF","IsRemainder":"NO","ParcelStartDate":null,"PositionalError":2.07721245,"LegalDescription":"STRATA LOT 51 DISTRICT LOT 4176S SIMILKAMEEN DIVISION YALE DISTRICT STRATA PLAN KAS938 TOGETHER WITH AN INTEREST IN THE COMMON PROPERTY IN PROPORTION TO THE UNIT ENTITLEMENT OF THE STRATA LOT AS SHOWN ON FORM V","CaptureMethod":"UNKNOWN","OwnerType":"PRIVATE","Compiled":1,"CreatedDate":"2016-09-20T23:24:06.000Z","ModifiedDate":"2021-09-07T17:58:30.000Z","StatedArea":null,"ErrorReportedBy":"PMBC-OPERATIONS","Municipality":"0163","OBJECTID":48865,"created_user":"SDE","created_date":"2024-11-12T16:15:31.000Z","last_edited_user":"SDE","last_edited_date":"2026-03-25T16:06:10.000Z","Shape__Area":590.265061155,"Shape__Length":100.14921140011351,"CommonName":null,"SourceGlobalID":"{7C3F329F-B836-4560-81AD-88F7226F0DFE}","Comments":null,"UpdateStatus":"AUTO","UpdateSource":"PMBC"}},{"type":"Feature","geometry":{"type":"Polygon","coordinates":[[[-118.937683,49.718396],[-118.937868,49.718357],[-118.937957,49.718537],[-118.938016,49.718647],[-118.937891,49.718674],[-118.937661,49.718724],[-118.937667,49.718598],[-118.937683,49.718396]]]},"properties":{"GlobalID":"{0BCA43EB-FA8A-417D-8383-08B4074E3A6D}","Name":"017446660","PlanID":"{ABC31E06-449F-40F1-963F-F1841E957312}","PlanNumber":"KAS938","PIN":null,"PID":17446660,"Designation1":"Lot 89","Designation2":null,"Designation3":null,"ParcelStatus":"ACTIVE","RegionalDistrict":"0019","ParcelClass":"BARE LAND STRATA","SourceParcelID":null,"GeometrySource":"ICF","IsRemainder":"NO","ParcelStartDate":null,"PositionalError":1.83887158,"LegalDescription":"STRATA LOT 89 DISTRICT LOT 4176S SIMILKAMEEN DIVISION YALE DISTRICT STRATA PLAN KAS938 TOGETHER WITH AN INTEREST IN THE COMMON PROPERTY IN PROPORTION TO THE UNIT ENTITLEMENT OF THE STRATA LOT AS SHOWN ON FORM V","CaptureMethod":"UNKNOWN","OwnerType":"PRIVATE","Compiled":1,"CreatedDate":"2016-09-20T23:24:06.000Z","ModifiedDate":"2025-10-30T23:57:26.000Z","StatedArea":null,"ErrorReportedBy":"PMBC-OPERATIONS","Municipality":"0163","OBJECTID":48866,"created_user":"SDE","created_date":"2024-11-12T16:15:31.000Z","last_edited_user":"SDE","last_edited_date":"2026-03-25T16:06:10.000Z","Shape__Area":697.61209327,"Shape__Length":111.42907022181116,"CommonName":null,"SourceGlobalID":"{AF28D063-60B9-4852-8E36-D64963542441}","Comments":null,"UpdateStatus":"AUTO","UpdateSource":"PMBC"}},{"type":"Feature","geometry":{"type":"Polygon","coordinates":[[[-118.938338,49.71712],[-118.938693,49.71711],[-118.938717,49.71711],[-118.938741,49.717113],[-118.938764,49.71712],[-118.938785,49.717131],[-118.938805,49.717145],[-118.938822,49.717161],[-118.938837,49.717181],[-118.938375,49.717274],[-118.938338,49.71712]]]},"properties":{"GlobalID":"{6199D379-18F8-480D-BDF4-2011CECA91F4}","Name":"018082785","PlanID":"{ABC31E06-449F-40F1-963F-F1841E957312}","PlanNumber":"KAS938","PIN":null,"PID":18082785,"Designation1":"Lot 111","Designation2":null,"Designation3":null,"ParcelStatus":"ACTIVE","RegionalDistrict":"0019","ParcelClass":"BARE LAND STRATA","SourceParcelID":null,"GeometrySource":"ICF","IsRemainder":"NO","ParcelStartDate":null,"PositionalError":2.78988404,"LegalDescription":"STRATA LOT 111 DISTRICT LOT 4176S SIMILKAMEEN DIVISION YALE DISTRICT STRATA PLAN KAS938 TOGETHER WITH AN INTEREST IN THE COMMON PROPERTY IN PROPORTION TO THE UNIT ENTITLEMENT OF THE STRATA LOT AS SHOWN ON FORM V","CaptureMethod":"UNKNOWN","OwnerType":"PRIVATE","Compiled":1,"CreatedDate":"2016-09-20T23:24:06.000Z","ModifiedDate":"2026-01-10T00:48:11.000Z","StatedArea":null,"ErrorReportedBy":"PMBC-OPERATIONS","Municipality":"0163","OBJECTID":48867,"created_user":"SDE","created_date":"2024-11-12T16:15:31.000Z","last_edited_user":"SDE","last_edited_date":"2026-03-25T16:06:10.000Z","Shape__Area":423.906594325,"Shape__Length":91.78040562817962,"CommonName":null,"SourceGlobalID":"{83D56A69-2230-426F-8C65-6D2F3E27D50E}","Comments":null,"UpdateStatus":"AUTO","UpdateSource":"PMBC"}},{"type":"Feature","geometry":{"type":"Polygon","coordinates":[[[-118.941933,49.715989],[-118.942075,49.716243],[-118.941801,49.716308],[-118.941659,49.716054],[-118.941933,49.715989]]]},"properties":{"GlobalID":"{C157EF29-0F4D-4E8B-87A6-A1AB5E268BAE}","Name":"017445876","PlanID":"{ABC31E06-449F-40F1-963F-F1841E957312}","PlanNumber":"KAS938","PIN":null,"PID":17445876,"Designation1":"Lot 13","Designation2":null,"Designation3":null,"ParcelStatus":"ACTIVE","RegionalDistrict":"0019","ParcelClass":"BARE LAND STRATA","SourceParcelID":null,"GeometrySource":"ICF","IsRemainder":"NO","ParcelStartDate":null,"PositionalError":2.10465632,"LegalDescription":"STRATA LOT 13 DISTRICT LOT 4176S SIMILKAMEEN DIVISION YALE DISTRICT STRATA PLAN KAS938 TOGETHER WITH AN INTEREST IN THE COMMON PROPERTY IN PROPORTION TO THE UNIT ENTITLEMENT OF THE STRATA LOT AS SHOWN ON FORM V","CaptureMethod":"UNKNOWN","OwnerType":"PRIVATE","Compiled":1,"CreatedDate":"2016-09-20T23:24:06.000Z","ModifiedDate":"2021-09-07T17:58:30.000Z","StatedArea":null,"ErrorReportedBy":"PMBC-OPERATIONS","Municipality":"0163","OBJECTID":48868,"created_user":"SDE","created_date":"2024-11-12T16:15:31.000Z","last_edited_user":"SDE","last_edited_date":"2026-03-25T16:06:10.000Z","Shape__Area":631.87866462,"Shape__Length":102.16769320706338,"CommonName":null,"SourceGlobalID":"{6DEDF19A-BA4F-4D4D-8AAA-90EEF72E5DA0}","Comments":null,"UpdateStatus":"AUTO","UpdateSource":"PMBC"}},{"type":"Feature","geometry":{"type":"Polygon","coordinates":[[[-118.943621,49.716052],[-118.94371,49.716035],[-118.9438,49.716023],[-118.943891,49.716014],[-118.943944,49.716364],[-118.943748,49.716409],[-118.943621,49.716052]]]},"properties":{"GlobalID":"{6FDDC5D1-5B1B-45D5-9F62-7573A5EFAD23}","Name":"017446368","PlanID":"{ABC31E06-449F-40F1-963F-F1841E957312}","PlanNumber":"KAS938","PIN":null,"PID":17446368,"Designation1":"Lot 59","Designation2":null,"Designation3":null,"ParcelStatus":"ACTIVE","RegionalDistrict":"0019","ParcelClass":"BARE LAND STRATA","SourceParcelID":null,"GeometrySource":"ICF","IsRemainder":"NO","ParcelStartDate":null,"PositionalError":2.16970293,"LegalDescription":"STRATA LOT 59 DISTRICT LOT 4176S SIMILKAMEEN DIVISION YALE DISTRICT STRATA PLAN KAS938 TOGETHER WITH AN INTEREST IN THE COMMON PROPERTY IN PROPORTION TO THE UNIT ENTITLEMENT OF THE STRATA LOT AS SHOWN ON FORM V","CaptureMethod":"UNKNOWN","OwnerType":"PRIVATE","Compiled":1,"CreatedDate":"2016-09-20T23:24:06.000Z","ModifiedDate":"2026-01-10T00:48:11.000Z","StatedArea":null,"ErrorReportedBy":"PMBC-OPERATIONS","Municipality":"0163","OBJECTID":48869,"created_user":"SDE","created_date":"2024-11-12T16:15:31.000Z","last_edited_user":"SDE","last_edited_date":"2026-03-25T16:06:10.000Z","Shape__Area":697.002226195,"Shape__Length":114.75594783483858,"CommonName":null,"SourceGlobalID":"{8822CE6F-680E-4005-AC3D-5176F3D32162}","Comments":null,"UpdateStatus":"AUTO","UpdateSource":"PMBC"}},{"type":"Feature","geometry":{"type":"Polygon","coordinates":[[[-118.937655,49.717975],[-118.937891,49.717797],[-118.938145,49.718128],[-118.937825,49.718196],[-118.937655,49.717975]]]},"properties":{"GlobalID":"{B6192E89-9170-48C0-94CB-9DFB90BEF85D}","Name":"017446767","PlanID":"{ABC31E06-449F-40F1-963F-F1841E957312}","PlanNumber":"KAS938","PIN":null,"PID":17446767,"Designation1":"Lot 99","Designation2":null,"Designation3":null,"ParcelStatus":"ACTIVE","RegionalDistrict":"0019","ParcelClass":"BARE LAND STRATA","SourceParcelID":null,"GeometrySource":"ICF","IsRemainder":"NO","ParcelStartDate":null,"PositionalError":1.85878158,"LegalDescription":"STRATA LOT 99 DISTRICT LOT 4176S SIMILKAMEEN DIVISION YALE DISTRICT STRATA PLAN KAS938 TOGETHER WITH AN INTEREST IN THE COMMON PROPERTY IN PROPORTION TO THE UNIT ENTITLEMENT OF THE STRATA LOT AS SHOWN ON FORM V","CaptureMethod":"UNKNOWN","OwnerType":"PRIVATE","Compiled":1,"CreatedDate":"2016-09-20T23:24:06.000Z","ModifiedDate":"2026-01-10T00:48:11.000Z","StatedArea":null,"ErrorReportedBy":"PMBC-OPERATIONS","Municipality":"0163","OBJECTID":48870,"created_user":"SDE","created_date":"2024-11-12T16:15:31.000Z","last_edited_user":"SDE","last_edited_date":"2026-03-25T16:06:10.000Z","Shape__Area":824.53817712,"Shape__Length":118.9815683795327,"CommonName":null,"SourceGlobalID":"{BFD2096F-D749-4771-819B-B354A59690C7}","Comments":null,"UpdateStatus":"AUTO","UpdateSource":"PMBC"}},{"type":"Feature","geometry":{"type":"Polygon","coordinates":[[[-117.722327,49.110838],[-117.722004,49.111124],[-117.721836,49.111042],[-117.72216,49.110756],[-117.722327,49.110838]]]},"properties":{"GlobalID":"{01FDB509-031E-4B2F-A613-90BB74B994C6}","Name":"011297620","PlanID":"{3445D0CC-3593-4CAB-9A34-B969BAEB1583}","PlanNumber":"NEP1644","PIN":null,"PID":11297620,"Designation1":"Lot 80","Designation2":null,"Designation3":null,"ParcelStatus":"ACTIVE","RegionalDistrict":"0019","ParcelClass":"SUBDIVISION","SourceParcelID":"004042.000","GeometrySource":"ICF","IsRemainder":"NO","ParcelStartDate":null,"PositionalError":0.06678104,"LegalDescription":"LOT 80 DISTRICT LOT 367 KOOTENAY DISTRICT PLAN 1644","CaptureMethod":"COGO IN SOURCE","OwnerType":"PRIVATE","Compiled":1,"CreatedDate":"2016-09-20T23:24:06.000Z","ModifiedDate":"2021-09-07T20:37:02.000Z","StatedArea":null,"ErrorReportedBy":"PMBC-OPERATIONS","Municipality":"0146","OBJECTID":48871,"created_user":"SDE","created_date":"2024-11-12T16:15:31.000Z","last_edited_user":"SDE","last_edited_date":"2026-03-25T16:06:10.000Z","Shape__Area":603.82549533,"Shape__Length":109.74025276407616,"CommonName":null,"SourceGlobalID":"{00F1E2F0-9126-4699-A953-688347450794}","Comments":null,"UpdateStatus":"AUTO","UpdateSource":"PMBC"}},{"type":"Feature","geometry":{"type":"Polygon","coordinates":[[[-117.722661,49.110774],[-117.722987,49.110486],[-117.723155,49.110567],[-117.722828,49.110856],[-117.722661,49.110774]]]},"properties":{"GlobalID":"{4EC2FB1B-BFBA-4282-8327-2B33B1470EF4}","Name":"013449494","PlanID":"{3445D0CC-3593-4CAB-9A34-B969BAEB1583}","PlanNumber":"NEP1644","PIN":null,"PID":13449494,"Designation1":"Lot 141","Designation2":null,"Designation3":null,"ParcelStatus":"ACTIVE","RegionalDistrict":"0019","ParcelClass":"SUBDIVISION","SourceParcelID":"004071.000","GeometrySource":"ICF","IsRemainder":"NO","ParcelStartDate":null,"PositionalError":0.93657153,"LegalDescription":"LOT 141 DISTRICT LOT 367 KOOTENAY DISTRICT PLAN 1644","CaptureMethod":"COGO IN SOURCE","OwnerType":"PRIVATE","Compiled":1,"CreatedDate":"2016-09-20T23:24:06.000Z","ModifiedDate":"2025-11-10T20:45:14.000Z","StatedArea":null,"ErrorReportedBy":"PMBC-OPERATIONS","Municipality":"0146","OBJECTID":48872,"created_user":"SDE","created_date":"2024-11-12T16:15:31.000Z","last_edited_user":"SDE","last_edited_date":"2026-03-25T16:06:10.000Z","Shape__Area":609.00432704,"Shape__Length":110.41482536877452,"CommonName":null,"SourceGlobalID":"{FE302608-513C-4D77-BF37-7C9E1B2AEBF4}","Comments":null,"UpdateStatus":"AUTO","UpdateSource":"PMBC"}},{"type":"Feature","geometry":{"type":"Polygon","coordinates":[[[-117.721669,49.110961],[-117.721992,49.110674],[-117.72216,49.110756],[-117.721836,49.111042],[-117.721669,49.110961]]]},"properties":{"GlobalID":"{666ADDF6-7E32-4A04-98E1-4361648BE6BF}","Name":"011297662","PlanID":"{3445D0CC-3593-4CAB-9A34-B969BAEB1583}","PlanNumber":"NEP1644","PIN":null,"PID":11297662,"Designation1":"Lot 81","Designation2":null,"Designation3":null,"ParcelStatus":"ACTIVE","RegionalDistrict":"0019","ParcelClass":"SUBDIVISION","SourceParcelID":"004042.000","GeometrySource":"ICF","IsRemainder":"NO","ParcelStartDate":null,"PositionalError":0.06409621,"LegalDescription":"LOT 81 DISTRICT LOT 367 KOOTENAY DISTRICT PLAN 1644","CaptureMethod":"COGO IN SOURCE","OwnerType":"PRIVATE","Compiled":1,"CreatedDate":"2016-09-20T23:24:06.000Z","ModifiedDate":"2025-11-10T20:45:14.000Z","StatedArea":null,"ErrorReportedBy":"PMBC-OPERATIONS","Municipality":"0146","OBJECTID":48873,"created_user":"SDE","created_date":"2024-11-12T16:15:31.000Z","last_edited_user":"SDE","last_edited_date":"2026-03-25T16:06:10.000Z","Shape__Area":603.85947418,"Shape__Length":109.73980902644284,"CommonName":null,"SourceGlobalID":"{ED2EEF57-F397-4D7C-A0B5-C65E6F564179}","Comments":null,"UpdateStatus":"AUTO","UpdateSource":"PMBC"}},{"type":"Feature","geometry":{"type":"Polygon","coordinates":[[[-117.721501,49.110879],[-117.721333,49.110797],[-117.721656,49.110511],[-117.721824,49.110593],[-117.721501,49.110879]]]},"properties":{"GlobalID":"{1C649B42-6430-4F85-9C23-7FFC852A05CE}","Name":"015689816","PlanID":"{3445D0CC-3593-4CAB-9A34-B969BAEB1583}","PlanNumber":"NEP1644","PIN":null,"PID":15689816,"Designation1":"Lot 83","Designation2":null,"Designation3":null,"ParcelStatus":"ACTIVE","RegionalDistrict":"0019","ParcelClass":"SUBDIVISION","SourceParcelID":"004043.000","GeometrySource":"ICF","IsRemainder":"NO","ParcelStartDate":null,"PositionalError":0.06928032,"LegalDescription":"LOT 83 DISTRICT LOT 367 KOOTENAY DISTRICT PLAN 1644","CaptureMethod":"COGO IN SOURCE","OwnerType":"PRIVATE","Compiled":1,"CreatedDate":"2016-09-20T23:24:06.000Z","ModifiedDate":"2021-09-07T20:37:02.000Z","StatedArea":null,"ErrorReportedBy":"PMBC-OPERATIONS","Municipality":"0146","OBJECTID":48874,"created_user":"SDE","created_date":"2024-11-12T16:15:31.000Z","last_edited_user":"SDE","last_edited_date":"2026-03-25T16:06:10.000Z","Shape__Area":604.28824966,"Shape__Length":109.75691208891655,"CommonName":null,"SourceGlobalID":"{ADBB1D48-31D3-488C-934E-D0C6DBC9FDA5}","Comments":null,"UpdateStatus":"AUTO","UpdateSource":"PMBC"}},{"type":"Feature","geometry":{"type":"Polygon","coordinates":[[[-117.723164,49.11102],[-117.72349,49.110731],[-117.723658,49.110812],[-117.723331,49.111101],[-117.723164,49.11102]]]},"properties":{"GlobalID":"{815EA86E-BB4C-4D8A-9F0B-BE662D649CDF}","Name":"015389286","PlanID":"{3445D0CC-3593-4CAB-9A34-B969BAEB1583}","PlanNumber":"NEP1644","PIN":null,"PID":15389286,"Designation1":"Lot 144","Designation2":null,"Designation3":null,"ParcelStatus":"ACTIVE","RegionalDistrict":"0019","ParcelClass":"SUBDIVISION","SourceParcelID":"004073.000","GeometrySource":"ICF","IsRemainder":"NO","ParcelStartDate":null,"PositionalError":0.96604971,"LegalDescription":"LOT 144 DISTRICT LOT 367 KOOTENAY DISTRICT PLAN 1644","CaptureMethod":"COGO IN SOURCE","OwnerType":"PRIVATE","Compiled":1,"CreatedDate":"2016-09-20T23:24:06.000Z","ModifiedDate":"2025-11-06T23:03:02.000Z","StatedArea":null,"ErrorReportedBy":"PMBC-OPERATIONS","Municipality":"0146","OBJECTID":48875,"created_user":"SDE","created_date":"2024-11-12T16:15:31.000Z","last_edited_user":"SDE","last_edited_date":"2026-03-25T16:06:10.000Z","Shape__Area":609.36948531,"Shape__Length":110.46107059587476,"CommonName":null,"SourceGlobalID":"{CDB4E601-B03B-4282-9BA7-F003240CD26C}","Comments":null,"UpdateStatus":"AUTO","UpdateSource":"PMBC"}},{"type":"Feature","geometry":{"type":"Polygon","coordinates":[[[-117.722996,49.110938],[-117.723322,49.110649],[-117.72349,49.110731],[-117.723164,49.11102],[-117.722996,49.110938]]]},"properties":{"GlobalID":"{E74F8215-1587-4D82-B8EA-02A2146821D1}","Name":"010946748","PlanID":"{3445D0CC-3593-4CAB-9A34-B969BAEB1583}","PlanNumber":"NEP1644","PIN":null,"PID":10946748,"Designation1":"Lot 143","Designation2":null,"Designation3":null,"ParcelStatus":"ACTIVE","RegionalDistrict":"0019","ParcelClass":"SUBDIVISION","SourceParcelID":"004072.000","GeometrySource":"ICF","IsRemainder":"NO","ParcelStartDate":null,"PositionalError":0.95705948,"LegalDescription":"LOT 143 DISTRICT LOT 367 KOOTENAY DISTRICT PLAN 1644","CaptureMethod":"COGO IN SOURCE","OwnerType":"PRIVATE","Compiled":1,"CreatedDate":"2016-09-20T23:24:06.000Z","ModifiedDate":"2025-11-10T20:45:14.000Z","StatedArea":null,"ErrorReportedBy":"PMBC-OPERATIONS","Municipality":"0146","OBJECTID":48876,"created_user":"SDE","created_date":"2024-11-12T16:15:31.000Z","last_edited_user":"SDE","last_edited_date":"2026-03-25T16:06:10.000Z","Shape__Area":609.17959687,"Shape__Length":110.44135745891663,"CommonName":null,"SourceGlobalID":"{91E6B4A5-B4B3-4A52-A261-BC91660F4FE2}","Comments":null,"UpdateStatus":"AUTO","UpdateSource":"PMBC"}},{"type":"Feature","geometry":{"type":"Polygon","coordinates":[[[-117.722842,49.111532],[-117.722903,49.111479],[-117.722903,49.111478],[-117.723166,49.111246],[-117.723333,49.111328],[-117.723124,49.111513],[-117.723124,49.111513],[-117.72301,49.111614],[-117.722842,49.111532]]]},"properties":{"GlobalID":"{26BECEAF-16DB-4FC2-9966-108FEC14B0EE}","Name":"015666107","PlanID":"{3445D0CC-3593-4CAB-9A34-B969BAEB1583}","PlanNumber":"NEP1644","PIN":null,"PID":15666107,"Designation1":"Lot 74","Designation2":null,"Designation3":null,"ParcelStatus":"ACTIVE","RegionalDistrict":"0019","ParcelClass":"SUBDIVISION","SourceParcelID":"004039.000","GeometrySource":"ICF","IsRemainder":"NO","ParcelStartDate":null,"PositionalError":0.0871905,"LegalDescription":"LOT 74 DISTRICT LOT 367 KOOTENAY DISTRICT PLAN 1644","CaptureMethod":"COGO IN SOURCE","OwnerType":"PRIVATE","Compiled":1,"CreatedDate":"2016-09-20T23:24:06.000Z","ModifiedDate":"2025-11-10T20:45:14.000Z","StatedArea":null,"ErrorReportedBy":"PMBC-OPERATIONS","Municipality":"0146","OBJECTID":48877,"created_user":"SDE","created_date":"2024-11-12T16:15:31.000Z","last_edited_user":"SDE","last_edited_date":"2026-03-25T16:06:10.000Z","Shape__Area":604.04371003,"Shape__Length":109.76519894708099,"CommonName":null,"SourceGlobalID":"{D85E8E52-7653-47C8-8D30-C23AB40A9708}","Comments":null,"UpdateStatus":"AUTO","UpdateSource":"PMBC"}},{"type":"Feature","geometry":{"type":"Polygon","coordinates":[[[-117.72199,49.110448],[-117.721821,49.110365],[-117.722149,49.110077],[-117.722316,49.110159],[-117.72199,49.110448]]]},"properties":{"GlobalID":"{F942436F-43C0-40E5-8EE1-6A8EBAE68CE2}","Name":"010838805","PlanID":"{3445D0CC-3593-4CAB-9A34-B969BAEB1583}","PlanNumber":"NEP1644","PIN":null,"PID":10838805,"Designation1":"Lot 136","Designation2":null,"Designation3":null,"ParcelStatus":"ACTIVE","RegionalDistrict":"0019","ParcelClass":"SUBDIVISION","SourceParcelID":"004069.000","GeometrySource":"ICF","IsRemainder":"NO","ParcelStartDate":null,"PositionalError":0.89639946,"LegalDescription":"LOT 136 DISTRICT LOT 367 KOOTENAY DISTRICT PLAN 1644","CaptureMethod":"COGO IN SOURCE","OwnerType":"PRIVATE","Compiled":1,"CreatedDate":"2016-09-20T23:24:06.000Z","ModifiedDate":"2021-09-07T20:37:02.000Z","StatedArea":null,"ErrorReportedBy":"PMBC-OPERATIONS","Municipality":"0146","OBJECTID":48878,"created_user":"SDE","created_date":"2024-11-12T16:15:31.000Z","last_edited_user":"SDE","last_edited_date":"2026-03-25T16:06:10.000Z","Shape__Area":611.262963575,"Shape__Length":110.4826464402569,"CommonName":null,"SourceGlobalID":"{128BEEAD-763B-4002-BA14-8725E972B071}","Comments":null,"UpdateStatus":"AUTO","UpdateSource":"PMBC"}},{"type":"Feature","geometry":{"type":"Polygon","coordinates":[[[-117.723331,49.111101],[-117.723658,49.110812],[-117.723825,49.110894],[-117.723499,49.111183],[-117.723331,49.111101]]]},"properties":{"GlobalID":"{75B7F97E-83A9-4CA1-BCDD-C9C869EFBB2E}","Name":"015389308","PlanID":"{3445D0CC-3593-4CAB-9A34-B969BAEB1583}","PlanNumber":"NEP1644","PIN":null,"PID":15389308,"Designation1":"Lot 145","Designation2":null,"Designation3":null,"ParcelStatus":"ACTIVE","RegionalDistrict":"0019","ParcelClass":"SUBDIVISION","SourceParcelID":"004073.000","GeometrySource":"ICF","IsRemainder":"NO","ParcelStartDate":null,"PositionalError":0.97332408,"LegalDescription":"LOT 145 DISTRICT LOT 367 KOOTENAY DISTRICT PLAN 1644","CaptureMethod":"COGO IN SOURCE","OwnerType":"PRIVATE","Compiled":1,"CreatedDate":"2016-09-20T23:24:06.000Z","ModifiedDate":"2025-11-06T23:03:02.000Z","StatedArea":null,"ErrorReportedBy":"PMBC-OPERATIONS","Municipality":"0146","OBJECTID":48879,"created_user":"SDE","created_date":"2024-11-12T16:15:31.000Z","last_edited_user":"SDE","last_edited_date":"2026-03-25T16:06:10.000Z","Shape__Area":609.45491655,"Shape__Length":110.47403580177496,"CommonName":null,"SourceGlobalID":"{D2D53A9A-A633-425B-AAD4-DDBE6817B317}","Comments":null,"UpdateStatus":"AUTO","UpdateSource":"PMBC"}},{"type":"Feature","geometry":{"type":"Polygon","coordinates":[[[-117.72301,49.111614],[-117.723124,49.111513],[-117.723124,49.111513],[-117.723333,49.111328],[-117.723501,49.111409],[-117.723346,49.111547],[-117.723345,49.111547],[-117.723177,49.111696],[-117.72301,49.111614]]]},"properties":{"GlobalID":"{24AE1ADE-0639-4329-B797-FB2C7AE0CDEE}","Name":"014834251","PlanID":"{3445D0CC-3593-4CAB-9A34-B969BAEB1583}","PlanNumber":"NEP1644","PIN":null,"PID":14834251,"Designation1":"Lot 73","Designation2":null,"Designation3":null,"ParcelStatus":"ACTIVE","RegionalDistrict":"0019","ParcelClass":"SUBDIVISION","SourceParcelID":"004038.000","GeometrySource":"ICF","IsRemainder":"NO","ParcelStartDate":null,"PositionalError":0.09057206,"LegalDescription":"LOT 73 DISTRICT LOT 367 KOOTENAY DISTRICT PLAN 1644","CaptureMethod":"COGO IN SOURCE","OwnerType":"PRIVATE","Compiled":1,"CreatedDate":"2016-09-20T23:24:06.000Z","ModifiedDate":"2025-11-10T20:45:14.000Z","StatedArea":null,"ErrorReportedBy":"PMBC-OPERATIONS","Municipality":"0146","OBJECTID":48880,"created_user":"SDE","created_date":"2024-11-12T16:15:31.000Z","last_edited_user":"SDE","last_edited_date":"2026-03-25T16:06:10.000Z","Shape__Area":604.081318935,"Shape__Length":109.76904295534611,"CommonName":null,"SourceGlobalID":"{BF7027BE-9B72-49EA-A46F-CFF02D2B10D6}","Comments":null,"UpdateStatus":"AUTO","UpdateSource":"PMBC"}},{"type":"Feature","geometry":{"type":"Polygon","coordinates":[[[-117.722819,49.110404],[-117.722987,49.110486],[-117.722661,49.110774],[-117.722493,49.110693],[-117.722819,49.110404]]]},"properties":{"GlobalID":"{CA700995-AF32-4B2C-B0C3-79BFB741D50D}","Name":"013449486","PlanID":"{3445D0CC-3593-4CAB-9A34-B969BAEB1583}","PlanNumber":"NEP1644","PIN":null,"PID":13449486,"Designation1":"Lot 140","Designation2":null,"Designation3":null,"ParcelStatus":"ACTIVE","RegionalDistrict":"0019","ParcelClass":"SUBDIVISION","SourceParcelID":"004071.000","GeometrySource":"ICF","IsRemainder":"NO","ParcelStartDate":null,"PositionalError":0.92639395,"LegalDescription":"LOT 140 DISTRICT LOT 367 KOOTENAY DISTRICT PLAN 1644","CaptureMethod":"COGO IN SOURCE","OwnerType":"PRIVATE","Compiled":1,"CreatedDate":"2016-09-20T23:24:06.000Z","ModifiedDate":"2021-09-07T20:37:02.000Z","StatedArea":null,"ErrorReportedBy":"PMBC-OPERATIONS","Municipality":"0146","OBJECTID":48881,"created_user":"SDE","created_date":"2024-11-12T16:15:31.000Z","last_edited_user":"SDE","last_edited_date":"2026-03-25T16:06:10.000Z","Shape__Area":608.893808815,"Shape__Length":110.40051734043585,"CommonName":null,"SourceGlobalID":"{3F979CC9-7A58-4BE2-B1DE-1B2B546531DF}","Comments":null,"UpdateStatus":"AUTO","UpdateSource":"PMBC"}},{"type":"Feature","geometry":{"type":"Polygon","coordinates":[[[-117.722171,49.111206],[-117.722495,49.110919],[-117.722663,49.111001],[-117.722339,49.111287],[-117.722171,49.111206]]]},"properties":{"GlobalID":"{2B0454CD-013C-4084-BDB7-AD9C7AC3CDE8}","Name":"010509224","PlanID":"{3445D0CC-3593-4CAB-9A34-B969BAEB1583}","PlanNumber":"NEP1644","PIN":null,"PID":10509224,"Designation1":"Lot 78","Designation2":null,"Designation3":null,"ParcelStatus":"ACTIVE","RegionalDistrict":"0019","ParcelClass":"SUBDIVISION","SourceParcelID":"004041.000","GeometrySource":"ICF","IsRemainder":"NO","ParcelStartDate":null,"PositionalError":0.07284138,"LegalDescription":"LOT 78 DISTRICT LOT 367 KOOTENAY DISTRICT PLAN 1644","CaptureMethod":"COGO IN SOURCE","OwnerType":"PRIVATE","Compiled":1,"CreatedDate":"2016-09-20T23:24:06.000Z","ModifiedDate":"2025-11-10T20:45:14.000Z","StatedArea":null,"ErrorReportedBy":"PMBC-OPERATIONS","Municipality":"0146","OBJECTID":48882,"created_user":"SDE","created_date":"2024-11-12T16:15:31.000Z","last_edited_user":"SDE","last_edited_date":"2026-03-25T16:06:10.000Z","Shape__Area":603.94352137,"Shape__Length":109.75100041126348,"CommonName":null,"SourceGlobalID":"{AA3F0592-AD8B-4FF8-B03D-C9E50F69CB1A}","Comments":null,"UpdateStatus":"AUTO","UpdateSource":"PMBC"}},{"type":"Feature","geometry":{"type":"Polygon","coordinates":[[[-117.723666,49.111265],[-117.723993,49.110976],[-117.724161,49.111057],[-117.723833,49.111346],[-117.723666,49.111265]]]},"properties":{"GlobalID":"{EF556E99-9B45-4476-BB75-1D6E3FBBDF02}","Name":"015389367","PlanID":"{3445D0CC-3593-4CAB-9A34-B969BAEB1583}","PlanNumber":"NEP1644","PIN":null,"PID":15389367,"Designation1":"Lot 147","Designation2":null,"Designation3":null,"ParcelStatus":"ACTIVE","RegionalDistrict":"0019","ParcelClass":"SUBDIVISION","SourceParcelID":"004073.000","GeometrySource":"ICF","IsRemainder":"NO","ParcelStartDate":null,"PositionalError":0.97802675,"LegalDescription":"LOT 147 DISTRICT LOT 367 KOOTENAY DISTRICT PLAN 1644","CaptureMethod":"COGO IN SOURCE","OwnerType":"PRIVATE","Compiled":1,"CreatedDate":"2016-09-20T23:24:06.000Z","ModifiedDate":"2025-11-06T23:03:02.000Z","StatedArea":null,"ErrorReportedBy":"PMBC-OPERATIONS","Municipality":"0146","OBJECTID":48883,"created_user":"SDE","created_date":"2024-11-12T16:15:31.000Z","last_edited_user":"SDE","last_edited_date":"2026-03-25T16:06:10.000Z","Shape__Area":607.524954645,"Shape__Length":110.39465744959722,"CommonName":null,"SourceGlobalID":"{816EA277-0EBD-4E3E-930D-1F6B964694BD}","Comments":null,"UpdateStatus":"AUTO","UpdateSource":"PMBC"}},{"type":"Feature","geometry":{"type":"Polygon","coordinates":[[[-117.722339,49.111287],[-117.722663,49.111001],[-117.72283,49.111083],[-117.722507,49.111369],[-117.722339,49.111287]]]},"properties":{"GlobalID":"{384CDEBA-EF76-48F4-95F6-2EEDDE9F5482}","Name":"013120972","PlanID":"{3445D0CC-3593-4CAB-9A34-B969BAEB1583}","PlanNumber":"NEP1644","PIN":null,"PID":13120972,"Designation1":"Lot 77","Designation2":null,"Designation3":null,"ParcelStatus":"ACTIVE","RegionalDistrict":"0019","ParcelClass":"SUBDIVISION","SourceParcelID":"004040.000","GeometrySource":"ICF","IsRemainder":"NO","ParcelStartDate":null,"PositionalError":0.07609662,"LegalDescription":"LOT 77 DISTRICT LOT 367 KOOTENAY DISTRICT PLAN 1644","CaptureMethod":"COGO IN SOURCE","OwnerType":"PRIVATE","Compiled":1,"CreatedDate":"2016-09-20T23:24:06.000Z","ModifiedDate":"2025-05-22T10:58:20.000Z","StatedArea":null,"ErrorReportedBy":"PMBC-OPERATIONS","Municipality":"0146","OBJECTID":48884,"created_user":"SDE","created_date":"2024-11-12T16:15:31.000Z","last_edited_user":"SDE","last_edited_date":"2026-03-25T16:06:10.000Z","Shape__Area":603.9316691,"Shape__Length":109.75278258872048,"CommonName":null,"SourceGlobalID":"{8026E29E-FF87-4FD2-9287-2F95568D5089}","Comments":null,"UpdateStatus":"AUTO","UpdateSource":"PMBC"}},{"type":"Feature","geometry":{"type":"Polygon","coordinates":[[[-117.72199,49.110448],[-117.722316,49.110159],[-117.722484,49.110241],[-117.722158,49.110529],[-117.72199,49.110448]]]},"properties":{"GlobalID":"{3207C69C-DA79-4983-883D-28D6F0CF39FC}","Name":"010838813","PlanID":"{3445D0CC-3593-4CAB-9A34-B969BAEB1583}","PlanNumber":"NEP1644","PIN":null,"PID":10838813,"Designation1":"Lot 137","Designation2":null,"Designation3":null,"ParcelStatus":"ACTIVE","RegionalDistrict":"0019","ParcelClass":"SUBDIVISION","SourceParcelID":"004069.000","GeometrySource":"ICF","IsRemainder":"NO","ParcelStartDate":null,"PositionalError":0.90031607,"LegalDescription":"LOT 137 DISTRICT LOT 367 KOOTENAY DISTRICT PLAN 1644","CaptureMethod":"COGO IN SOURCE","OwnerType":"PRIVATE","Compiled":1,"CreatedDate":"2016-09-20T23:24:06.000Z","ModifiedDate":"2025-11-06T23:03:02.000Z","StatedArea":null,"ErrorReportedBy":"PMBC-OPERATIONS","Municipality":"0146","OBJECTID":48885,"created_user":"SDE","created_date":"2024-11-12T16:15:31.000Z","last_edited_user":"SDE","last_edited_date":"2026-03-25T16:06:10.000Z","Shape__Area":608.553022155,"Shape__Length":110.35546221085065,"CommonName":null,"SourceGlobalID":"{E25148CE-6BA7-41BC-9D15-4F32BB5D78C3}","Comments":null,"UpdateStatus":"AUTO","UpdateSource":"PMBC"}},{"type":"Feature","geometry":{"type":"Polygon","coordinates":[[[-117.721501,49.110879],[-117.721824,49.110593],[-117.721992,49.110674],[-117.721669,49.110961],[-117.721501,49.110879]]]},"properties":{"GlobalID":"{B910E162-3C66-4853-A0C4-543CD6806CB7}","Name":"015689794","PlanID":"{3445D0CC-3593-4CAB-9A34-B969BAEB1583}","PlanNumber":"NEP1644","PIN":null,"PID":15689794,"Designation1":"Lot 82","Designation2":null,"Designation3":null,"ParcelStatus":"ACTIVE","RegionalDistrict":"0019","ParcelClass":"SUBDIVISION","SourceParcelID":"004043.000","GeometrySource":"ICF","IsRemainder":"NO","ParcelStartDate":null,"PositionalError":0.06163119,"LegalDescription":"LOT 82 DISTRICT LOT 367 KOOTENAY DISTRICT PLAN 1644","CaptureMethod":"COGO IN SOURCE","OwnerType":"PRIVATE","Compiled":1,"CreatedDate":"2016-09-20T23:24:06.000Z","ModifiedDate":"2025-11-10T20:45:14.000Z","StatedArea":null,"ErrorReportedBy":"PMBC-OPERATIONS","Municipality":"0146","OBJECTID":48886,"created_user":"SDE","created_date":"2024-11-12T16:15:31.000Z","last_edited_user":"SDE","last_edited_date":"2026-03-25T16:06:10.000Z","Shape__Area":603.84985746,"Shape__Length":109.73707665841341,"CommonName":null,"SourceGlobalID":"{D6AD2696-6CE4-4C7E-BE6A-10969088C546}","Comments":null,"UpdateStatus":"AUTO","UpdateSource":"PMBC"}},{"type":"Feature","geometry":{"type":"Polygon","coordinates":[[[-117.722004,49.111124],[-117.722327,49.110838],[-117.722495,49.110919],[-117.722171,49.111206],[-117.722004,49.111124]]]},"properties":{"GlobalID":"{8AF7D737-DA2E-4ED2-A360-FE331993C5A2}","Name":"010509381","PlanID":"{3445D0CC-3593-4CAB-9A34-B969BAEB1583}","PlanNumber":"NEP1644","PIN":null,"PID":10509381,"Designation1":"Lot 79","Designation2":null,"Designation3":null,"ParcelStatus":"ACTIVE","RegionalDistrict":"0019","ParcelClass":"SUBDIVISION","SourceParcelID":"004041.000","GeometrySource":"ICF","IsRemainder":"NO","ParcelStartDate":null,"PositionalError":0.06987847,"LegalDescription":"LOT 79 DISTRICT LOT 367 KOOTENAY DISTRICT PLAN 1644","CaptureMethod":"COGO IN SOURCE","OwnerType":"PRIVATE","Compiled":1,"CreatedDate":"2016-09-20T23:24:06.000Z","ModifiedDate":"2026-02-02T17:58:45.000Z","StatedArea":null,"ErrorReportedBy":"PMBC-OPERATIONS","Municipality":"0146","OBJECTID":48887,"created_user":"SDE","created_date":"2024-11-12T16:15:31.000Z","last_edited_user":"SDE","last_edited_date":"2026-03-25T16:06:10.000Z","Shape__Area":603.89363711,"Shape__Length":109.74589498217968,"CommonName":null,"SourceGlobalID":"{B009AA2D-CCED-4917-95F9-D8B3A0940DF3}","Comments":null,"UpdateStatus":"AUTO","UpdateSource":"PMBC"}},{"type":"Feature","geometry":{"type":"Polygon","coordinates":[[[-117.723177,49.111696],[-117.723345,49.111547],[-117.723346,49.111547],[-117.723501,49.111409],[-117.723669,49.111491],[-117.723567,49.111581],[-117.723566,49.111581],[-117.723345,49.111777],[-117.723177,49.111696]]]},"properties":{"GlobalID":"{E7AD2E58-5313-4F35-A730-F214A5401779}","Name":"014834243","PlanID":"{3445D0CC-3593-4CAB-9A34-B969BAEB1583}","PlanNumber":"NEP1644","PIN":null,"PID":14834243,"Designation1":"Lot 72","Designation2":null,"Designation3":null,"ParcelStatus":"ACTIVE","RegionalDistrict":"0019","ParcelClass":"SUBDIVISION","SourceParcelID":"004038.000","GeometrySource":"ICF","IsRemainder":"NO","ParcelStartDate":null,"PositionalError":0.09303599,"LegalDescription":"LOT 72 DISTRICT LOT 367 KOOTENAY DISTRICT PLAN 1644","CaptureMethod":"COGO IN SOURCE","OwnerType":"PRIVATE","Compiled":1,"CreatedDate":"2016-09-20T23:24:06.000Z","ModifiedDate":"2025-11-06T23:03:02.000Z","StatedArea":null,"ErrorReportedBy":"PMBC-OPERATIONS","Municipality":"0146","OBJECTID":48888,"created_user":"SDE","created_date":"2024-11-12T16:15:31.000Z","last_edited_user":"SDE","last_edited_date":"2026-03-25T16:06:10.000Z","Shape__Area":604.044908735,"Shape__Length":109.77051182367708,"CommonName":null,"SourceGlobalID":"{B6E9AAE7-B0D8-4468-B16E-DA5704569149}","Comments":null,"UpdateStatus":"AUTO","UpdateSource":"PMBC"}},{"type":"Feature","geometry":{"type":"Polygon","coordinates":[[[-117.722674,49.111451],[-117.722682,49.111444],[-117.722998,49.111164],[-117.723166,49.111246],[-117.722903,49.111478],[-117.722903,49.111479],[-117.722842,49.111532],[-117.722674,49.111451]]]},"properties":{"GlobalID":"{4097DCA2-B7FF-424A-A81F-43FA48E667BC}","Name":"015666115","PlanID":"{3445D0CC-3593-4CAB-9A34-B969BAEB1583}","PlanNumber":"NEP1644","PIN":null,"PID":15666115,"Designation1":"Lot 75","Designation2":null,"Designation3":null,"ParcelStatus":"ACTIVE","RegionalDistrict":"0019","ParcelClass":"SUBDIVISION","SourceParcelID":"004039.000","GeometrySource":"ICF","IsRemainder":"NO","ParcelStartDate":null,"PositionalError":0.08364692,"LegalDescription":"LOT 75 DISTRICT LOT 367 KOOTENAY DISTRICT PLAN 1644","CaptureMethod":"COGO IN SOURCE","OwnerType":"PRIVATE","Compiled":1,"CreatedDate":"2016-09-20T23:24:06.000Z","ModifiedDate":"2025-11-06T23:03:02.000Z","StatedArea":null,"ErrorReportedBy":"PMBC-OPERATIONS","Municipality":"0146","OBJECTID":48889,"created_user":"SDE","created_date":"2024-11-12T16:15:31.000Z","last_edited_user":"SDE","last_edited_date":"2026-03-25T16:06:10.000Z","Shape__Area":604.01889484,"Shape__Length":109.76117006448845,"CommonName":null,"SourceGlobalID":"{8B1531EB-A825-49CE-AC35-06BD81B51218}","Comments":null,"UpdateStatus":"AUTO","UpdateSource":"PMBC"}},{"type":"Feature","geometry":{"type":"Polygon","coordinates":[[[-117.722326,49.110611],[-117.722652,49.110322],[-117.722819,49.110404],[-117.722493,49.110693],[-117.722326,49.110611]]]},"properties":{"GlobalID":"{EB2C9C1C-E021-4CBE-A12A-3C0B62D52E82}","Name":"007087195","PlanID":"{3445D0CC-3593-4CAB-9A34-B969BAEB1583}","PlanNumber":"NEP1644","PIN":null,"PID":7087195,"Designation1":"Lot 139","Designation2":null,"Designation3":null,"ParcelStatus":"ACTIVE","RegionalDistrict":"0019","ParcelClass":"SUBDIVISION","SourceParcelID":"004070.000","GeometrySource":"ICF","IsRemainder":"NO","ParcelStartDate":null,"PositionalError":0.91598999,"LegalDescription":"LOT 139 DISTRICT LOT 367 KOOTENAY DISTRICT PLAN 1644","CaptureMethod":"COGO IN SOURCE","OwnerType":"PRIVATE","Compiled":1,"CreatedDate":"2016-09-20T23:24:06.000Z","ModifiedDate":"2025-11-10T20:45:14.000Z","StatedArea":null,"ErrorReportedBy":"PMBC-OPERATIONS","Municipality":"0146","OBJECTID":48890,"created_user":"SDE","created_date":"2024-11-12T16:15:31.000Z","last_edited_user":"SDE","last_edited_date":"2026-03-25T16:06:10.000Z","Shape__Area":608.70043155,"Shape__Length":110.38149405796081,"CommonName":null,"SourceGlobalID":"{61246000-414A-46C8-A4F9-49148A5CBC14}","Comments":null,"UpdateStatus":"AUTO","UpdateSource":"PMBC"}},{"type":"Feature","geometry":{"type":"Polygon","coordinates":[[[-117.722158,49.110529],[-117.722484,49.110241],[-117.722652,49.110322],[-117.722326,49.110611],[-117.722158,49.110529]]]},"properties":{"GlobalID":"{083464CA-01D4-4004-B61D-110364FBE491}","Name":"007087161","PlanID":"{3445D0CC-3593-4CAB-9A34-B969BAEB1583}","PlanNumber":"NEP1644","PIN":null,"PID":7087161,"Designation1":"Lot 138","Designation2":null,"Designation3":null,"ParcelStatus":"ACTIVE","RegionalDistrict":"0019","ParcelClass":"SUBDIVISION","SourceParcelID":"004070.000","GeometrySource":"ICF","IsRemainder":"NO","ParcelStartDate":null,"PositionalError":0.90718987,"LegalDescription":"LOT 138 DISTRICT LOT 367 KOOTENAY DISTRICT PLAN 1644","CaptureMethod":"COGO IN SOURCE","OwnerType":"PRIVATE","Compiled":1,"CreatedDate":"2016-09-20T23:24:06.000Z","ModifiedDate":"2025-11-10T20:45:14.000Z","StatedArea":null,"ErrorReportedBy":"PMBC-OPERATIONS","Municipality":"0146","OBJECTID":48891,"created_user":"SDE","created_date":"2024-11-12T16:15:31.000Z","last_edited_user":"SDE","last_edited_date":"2026-03-25T16:06:10.000Z","Shape__Area":608.72260099,"Shape__Length":110.37327217712817,"CommonName":null,"SourceGlobalID":"{6107E45D-450F-49F1-B2F7-877A78FC7491}","Comments":null,"UpdateStatus":"AUTO","UpdateSource":"PMBC"}},{"type":"Feature","geometry":{"type":"Polygon","coordinates":[[[-117.724939,49.111441],[-117.724267,49.111114],[-117.724331,49.111059],[-117.724337,49.111054],[-117.724237,49.111006],[-117.721975,49.109926],[-117.721807,49.109845],[-117.721648,49.109771],[-117.721487,49.109703],[-117.721324,49.109641],[-117.721159,49.109584],[-117.721012,49.109539],[-117.720863,49.109498],[-117.720714,49.109461],[-117.720606,49.109432],[-117.7205,49.109398],[-117.720396,49.109358],[-117.720397,49.109235],[-117.720407,49.10854],[-117.720413,49.108105],[-117.720413,49.108087],[-117.720414,49.107748],[-117.720414,49.107195],[-117.721725,49.107197],[-117.722314,49.107745],[-117.722769,49.10817],[-117.722858,49.108253],[-117.722944,49.108338],[-117.723028,49.108423],[-117.72311,49.10851],[-117.723231,49.108642],[-117.723349,49.108776],[-117.723464,49.10891],[-117.723576,49.109046],[-117.723685,49.109183],[-117.723791,49.109321],[-117.723894,49.10946],[-117.723992,49.109597],[-117.725182,49.111297],[-117.725468,49.111699],[-117.725435,49.111683],[-117.725069,49.111504],[-117.725024,49.111483],[-117.724939,49.111441]]]},"properties":{"GlobalID":"{93FA80FC-2764-4620-9BD0-3EFCCC830706}","Name":"012333956","PlanID":"{8D5B850D-51BF-401E-B43B-DBE8AC694909}","PlanNumber":"NEP6446","PIN":null,"PID":12333956,"Designation1":"Lot 7","Designation2":null,"Designation3":null,"ParcelStatus":"ACTIVE","RegionalDistrict":"0019","ParcelClass":"SUBDIVISION","SourceParcelID":"004098.000","GeometrySource":"ICF","IsRemainder":"NO","ParcelStartDate":null,"PositionalError":7.27529081,"LegalDescription":"LOT 7 DISTRICT LOT 367 KOOTENAY DISTRICT PLAN 6446","CaptureMethod":"COGO IN SOURCE","OwnerType":"PRIVATE","Compiled":1,"CreatedDate":"2016-09-20T23:24:06.000Z","ModifiedDate":"2026-02-02T17:58:45.000Z","StatedArea":null,"ErrorReportedBy":"PMBC-OPERATIONS","Municipality":"0146","OBJECTID":48892,"created_user":"SDE","created_date":"2024-11-12T16:15:31.000Z","last_edited_user":"SDE","last_edited_date":"2026-03-25T16:06:10.000Z","Shape__Area":70947.353387175,"Shape__Length":1370.6981946706858,"CommonName":null,"SourceGlobalID":"{076D1F95-A8C9-4C5F-9047-2C18C8322F8E}","Comments":null,"UpdateStatus":"AUTO","UpdateSource":"PMBC"}},{"type":"Feature","geometry":{"type":"Polygon","coordinates":[[[-117.723666,49.111265],[-117.723499,49.111183],[-117.723825,49.110894],[-117.723993,49.110976],[-117.723666,49.111265]]]},"properties":{"GlobalID":"{EC334CD0-58C9-4898-B72C-5591873729A7}","Name":"015389316","PlanID":"{3445D0CC-3593-4CAB-9A34-B969BAEB1583}","PlanNumber":"NEP1644","PIN":null,"PID":15389316,"Designation1":"Lot 146","Designation2":null,"Designation3":null,"ParcelStatus":"ACTIVE","RegionalDistrict":"0019","ParcelClass":"SUBDIVISION","SourceParcelID":"004073.000","GeometrySource":"ICF","IsRemainder":"NO","ParcelStartDate":null,"PositionalError":0.97814341,"LegalDescription":"LOT 146 DISTRICT LOT 367 KOOTENAY DISTRICT PLAN 1644","CaptureMethod":"COGO IN SOURCE","OwnerType":"PRIVATE","Compiled":1,"CreatedDate":"2016-09-20T23:24:06.000Z","ModifiedDate":"2021-09-07T20:37:02.000Z","StatedArea":null,"ErrorReportedBy":"PMBC-OPERATIONS","Municipality":"0146","OBJECTID":48893,"created_user":"SDE","created_date":"2024-11-12T16:15:31.000Z","last_edited_user":"SDE","last_edited_date":"2026-03-25T16:06:10.000Z","Shape__Area":609.58042428,"Shape__Length":110.48885680294936,"CommonName":null,"SourceGlobalID":"{C73B18E3-D8CF-46C2-AE41-4B0959F68F3A}","Comments":null,"UpdateStatus":"AUTO","UpdateSource":"PMBC"}},{"type":"Feature","geometry":{"type":"Polygon","coordinates":[[[-117.722652,49.11144],[-117.722651,49.111439],[-117.722507,49.111369],[-117.72283,49.111083],[-117.722998,49.111164],[-117.722682,49.111444],[-117.722674,49.111451],[-117.722652,49.11144]]]},"properties":{"GlobalID":"{EBBC5109-287B-436B-AF2B-2D96F7F19FB5}","Name":"013120956","PlanID":"{3445D0CC-3593-4CAB-9A34-B969BAEB1583}","PlanNumber":"NEP1644","PIN":null,"PID":13120956,"Designation1":"Lot 76","Designation2":null,"Designation3":null,"ParcelStatus":"ACTIVE","RegionalDistrict":"0019","ParcelClass":"SUBDIVISION","SourceParcelID":"004040.000","GeometrySource":"ICF","IsRemainder":"NO","ParcelStartDate":null,"PositionalError":0.07899173,"LegalDescription":"LOT 76 DISTRICT LOT 367 KOOTENAY DISTRICT PLAN 1644","CaptureMethod":"COGO IN SOURCE","OwnerType":"PRIVATE","Compiled":1,"CreatedDate":"2016-09-20T23:24:06.000Z","ModifiedDate":"2025-11-10T20:45:14.000Z","StatedArea":null,"ErrorReportedBy":"PMBC-OPERATIONS","Municipality":"0146","OBJECTID":48894,"created_user":"SDE","created_date":"2024-11-12T16:15:31.000Z","last_edited_user":"SDE","last_edited_date":"2026-03-25T16:06:10.000Z","Shape__Area":604.001763765,"Shape__Length":109.75806800097081,"CommonName":null,"SourceGlobalID":"{4BEE8B9A-69E8-4FA5-AAE3-3AB536638ABD}","Comments":null,"UpdateStatus":"AUTO","UpdateSource":"PMBC"}},{"type":"Feature","geometry":{"type":"Polygon","coordinates":[[[-117.722828,49.110856],[-117.723155,49.110567],[-117.723322,49.110649],[-117.722996,49.110938],[-117.722828,49.110856]]]},"properties":{"GlobalID":"{ACAA9992-7C4D-4B9E-8EDC-66971FEA43F0}","Name":"010946721","PlanID":"{3445D0CC-3593-4CAB-9A34-B969BAEB1583}","PlanNumber":"NEP1644","PIN":null,"PID":10946721,"Designation1":"Lot 142","Designation2":null,"Designation3":null,"ParcelStatus":"ACTIVE","RegionalDistrict":"0019","ParcelClass":"SUBDIVISION","SourceParcelID":"004072.000","GeometrySource":"ICF","IsRemainder":"NO","ParcelStartDate":null,"PositionalError":0.94700165,"LegalDescription":"LOT 142 DISTRICT LOT 367 KOOTENAY DISTRICT PLAN 1644","CaptureMethod":"COGO IN SOURCE","OwnerType":"PRIVATE","Compiled":1,"CreatedDate":"2016-09-20T23:24:06.000Z","ModifiedDate":"2025-11-10T20:45:14.000Z","StatedArea":null,"ErrorReportedBy":"PMBC-OPERATIONS","Municipality":"0146","OBJECTID":48895,"created_user":"SDE","created_date":"2024-11-12T16:15:31.000Z","last_edited_user":"SDE","last_edited_date":"2026-03-25T16:06:10.000Z","Shape__Area":609.10245004,"Shape__Length":110.42802778103044,"CommonName":null,"SourceGlobalID":"{D5A0DBA4-FB18-42B0-80C3-13835FF0770C}","Comments":null,"UpdateStatus":"AUTO","UpdateSource":"PMBC"}},{"type":"Feature","geometry":{"type":"Polygon","coordinates":[[[-117.724041,49.112772],[-117.724644,49.11224],[-117.724731,49.112318],[-117.724758,49.112348],[-117.724779,49.112383],[-117.724794,49.112421],[-117.724802,49.112461],[-117.724804,49.112501],[-117.724798,49.112542],[-117.724785,49.11258],[-117.724766,49.112616],[-117.724741,49.112649],[-117.724711,49.112676],[-117.724652,49.112715],[-117.72459,49.112747],[-117.724525,49.112774],[-117.724457,49.112794],[-117.724388,49.112807],[-117.724318,49.112814],[-117.724247,49.112814],[-117.724177,49.112806],[-117.724108,49.112793],[-117.724041,49.112772]]]},"properties":{"GlobalID":"{42657C42-F0A5-4FB2-923D-988B5422B6D5}","Name":"012251941","PlanID":"{3306A72E-1563-4893-B737-7218C44BC71F}","PlanNumber":"NEP623A","PIN":null,"PID":12251941,"Designation1":"Parcel 1","Designation2":"Block B1","Designation3":null,"ParcelStatus":"ACTIVE","RegionalDistrict":"0019","ParcelClass":"SUBDIVISION","SourceParcelID":"004129.000","GeometrySource":"ICF","IsRemainder":"NO","ParcelStartDate":null,"PositionalError":0.11705775,"LegalDescription":"PARCEL 1 (EXPLANATORY PLAN 107883I) OF BLOCK B1 DISTRICT LOT 367 KOOTENAY DISTRICT PLAN 623A","CaptureMethod":"COGO IN SOURCE","OwnerType":"PRIVATE","Compiled":1,"CreatedDate":"2016-09-20T23:24:06.000Z","ModifiedDate":"2025-11-10T20:45:14.000Z","StatedArea":null,"ErrorReportedBy":"PMBC-OPERATIONS","Municipality":"0146","OBJECTID":48896,"created_user":"SDE","created_date":"2024-11-12T16:15:31.000Z","last_edited_user":"SDE","last_edited_date":"2026-03-25T16:06:10.000Z","Shape__Area":1819.01881595,"Shape__Length":181.15430656422288,"CommonName":null,"SourceGlobalID":"{A3DB0ADE-904A-442B-AE85-D9C472F04707}","Comments":null,"UpdateStatus":"AUTO","UpdateSource":"PMBC"}},{"type":"Feature","geometry":{"type":"Polygon","coordinates":[[[-118.604229,49.101163],[-118.604736,49.101197],[-118.604707,49.101258],[-118.604588,49.101233],[-118.60447,49.101209],[-118.60437,49.101189],[-118.604229,49.101163]]]},"properties":{"GlobalID":"{577260C8-266E-4DE3-9C0A-1309AF97E777}","Name":"012355348","PlanID":"{AC296DAA-C587-4247-8FBE-F552DFE67075}","PlanNumber":"KAP6351A","PIN":null,"PID":12355348,"Designation1":"","Designation2":"","Designation3":"","ParcelStatus":"ACTIVE","RegionalDistrict":"0019","ParcelClass":"SUBDIVISION","SourceParcelID":null,"GeometrySource":"PMBC-OPERATIONS","IsRemainder":null,"ParcelStartDate":"1991-02-01T08:00:00.000Z","PositionalError":null,"LegalDescription":"THE PARCEL OF LAND SHOWN AS RIGHT OF WAY ON ABSOLUTE FEES PARCEL BOOK VOLUME 4 FOLIO 818 NO 6351A LYING ADJACENT TO LOTS 1, 2, 3 AND 4 DISTRICT LOT 980 SIMILKAMEEN DIVISION YALE DISTRICT PLAN 59","CaptureMethod":"UNKNOWN","OwnerType":"PRIVATE","Compiled":0,"CreatedDate":"2020-01-31T22:51:32.000Z","ModifiedDate":"2021-09-08T00:13:25.000Z","StatedArea":"127.6","ErrorReportedBy":null,"Municipality":"0163","OBJECTID":48897,"created_user":"SDE","created_date":"2024-11-12T16:15:31.000Z","last_edited_user":"SDE","last_edited_date":"2026-03-25T16:06:10.000Z","Shape__Area":124.89266917,"Shape__Length":80.75393647335515,"CommonName":null,"SourceGlobalID":"{5B84D90B-562C-4E43-81F2-45E12B5B43B1}","Comments":null,"UpdateStatus":"AUTO","UpdateSource":"PMBC"}},{"type":"Feature","geometry":{"type":"Polygon","coordinates":[[[-118.547519,49.125536],[-118.547661,49.125085],[-118.547746,49.125191],[-118.547827,49.1253],[-118.547903,49.125413],[-118.547974,49.125529],[-118.54804,49.125649],[-118.5481,49.125771],[-118.548155,49.125896],[-118.548538,49.126774],[-118.548599,49.126896],[-118.548665,49.127016],[-118.548736,49.127132],[-118.548812,49.127246],[-118.548893,49.127356],[-118.548979,49.127462],[-118.550388,49.129053],[-118.54984,49.128979],[-118.548599,49.127599],[-118.548515,49.127505],[-118.548435,49.127406],[-118.548362,49.127304],[-118.548293,49.127198],[-118.548231,49.127088],[-118.548175,49.126975],[-118.548125,49.126859],[-118.547757,49.125972],[-118.547707,49.125858],[-118.54765,49.125747],[-118.547588,49.12564],[-118.547519,49.125536]]]},"properties":{"GlobalID":"{F09DCB57-8932-477C-ADFB-891EC05F7DD5}","Name":"014792141","PlanID":"{23202567-BC5F-4E98-BECB-006E00E59C93}","PlanNumber":"KAP7550A","PIN":null,"PID":14792141,"Designation1":"PART 692","Designation2":null,"Designation3":null,"ParcelStatus":"ACTIVE","RegionalDistrict":"0019","ParcelClass":"SUBDIVISION","SourceParcelID":null,"GeometrySource":"PMBC-OPERATIONS","IsRemainder":null,"ParcelStartDate":"2016-10-21T07:00:00.000Z","PositionalError":null,"LegalDescription":"THAT PART OF DISTRICT LOT 692 SIMILKAMEEN DIVISION YALE DISTRICT DESCRIBED IN ABSOLUTE FEES PARCELS BOOK VOL. 5 FOL. 358 NO. 7550A","CaptureMethod":"UNKNOWN","OwnerType":"PRIVATE","Compiled":0,"CreatedDate":"2019-12-30T22:04:43.000Z","ModifiedDate":"2021-09-07T22:22:55.000Z","StatedArea":"14167","ErrorReportedBy":null,"Municipality":"0163","OBJECTID":48898,"created_user":"SDE","created_date":"2024-11-12T16:15:31.000Z","last_edited_user":"SDE","last_edited_date":"2026-03-25T16:06:10.000Z","Shape__Area":14162.962182535,"Shape__Length":1000.0954124857703,"CommonName":null,"SourceGlobalID":"{C8DFD1CA-4CB6-4B9F-A95B-61CC5DE66054}","Comments":null,"UpdateStatus":"AUTO","UpdateSource":"PMBC"}},{"type":"Feature","geometry":{"type":"MultiPolygon","coordinates":[[[[-118.542925,49.046483],[-118.54317,49.046458],[-118.543943,49.047264],[-118.544031,49.047352],[-118.548277,49.051608],[-118.54808,49.051693],[-118.547817,49.051806],[-118.547773,49.051761],[-118.544076,49.048054],[-118.543987,49.047964],[-118.54316,49.047134],[-118.543064,49.047039],[-118.542557,49.04653],[-118.542863,49.046489],[-118.542925,49.046483]]],[[[-118.540784,49.044585],[-118.54073,49.043935],[-118.542918,49.046121],[-118.542699,49.046142],[-118.542642,49.046147],[-118.542299,49.046191],[-118.541527,49.045387],[-118.541455,49.045312],[-118.540784,49.044585]]]]},"properties":{"GlobalID":"{DE1CC551-228C-47ED-A35B-502C4EEEB604}","Name":"030712858","PlanID":"{F0DB3B36-A152-4C45-B118-275779D2B1D7}","PlanNumber":"NO_PLAN","PIN":null,"PID":30712858,"Designation1":"PART 2701","Designation2":"","Designation3":"","ParcelStatus":"ACTIVE","RegionalDistrict":"0019","ParcelClass":"SUBDIVISION","SourceParcelID":null,"GeometrySource":"PMBC-OPERATIONS","IsRemainder":null,"ParcelStartDate":"2019-03-01T08:00:00.000Z","PositionalError":null,"LegalDescription":"THAT PART CONTAINING 9.4 ACRES MORE OR LESS OF DISTRICT LOT 2701 SIMILKAMEEN DIVISION YALE DISTRICT WHICH IS DESCRIBED IN DD17291 AND SHOWN ON THE PLAN ATTACHED THERETO","CaptureMethod":"UNKNOWN","OwnerType":"PRIVATE","Compiled":0,"CreatedDate":"2019-09-27T20:33:44.000Z","ModifiedDate":"2025-02-27T21:45:08.000Z","StatedArea":null,"ErrorReportedBy":null,"Municipality":"0163","OBJECTID":48899,"created_user":"SDE","created_date":"2024-11-12T16:15:31.000Z","last_edited_user":"SDE","last_edited_date":"2026-03-25T16:06:10.000Z","Shape__Area":37710.99061276,"Shape__Length":2089.9611185739623,"CommonName":null,"SourceGlobalID":"{C1C97061-C158-4CD7-B0CF-FD5398D92EAB}","Comments":null,"UpdateStatus":"AUTO","UpdateSource":"PMBC"}},{"type":"Feature","geometry":{"type":"Polygon","coordinates":[[[-118.542642,49.046147],[-118.542653,49.046156],[-118.54266,49.046165],[-118.542666,49.046174],[-118.542673,49.046183],[-118.542679,49.046192],[-118.542686,49.046201],[-118.54269,49.046211],[-118.542698,49.046219],[-118.542705,49.046228],[-118.542711,49.046238],[-118.542717,49.046247],[-118.542722,49.046256],[-118.542729,49.046265],[-118.542735,49.046274],[-118.542741,49.046283],[-118.542747,49.046293],[-118.542752,49.046302],[-118.542759,49.046311],[-118.542764,49.04632],[-118.54277,49.046329],[-118.542776,49.046339],[-118.542782,49.046348],[-118.542787,49.046357],[-118.542793,49.046367],[-118.542798,49.046376],[-118.542804,49.046385],[-118.54281,49.046394],[-118.542814,49.046404],[-118.54282,49.046413],[-118.542825,49.046423],[-118.54283,49.046432],[-118.542835,49.046441],[-118.54284,49.046451],[-118.542845,49.04646],[-118.54285,49.04647],[-118.542855,49.046479],[-118.542863,49.046489],[-118.542557,49.04653],[-118.540733,49.046775],[-118.54073,49.046715],[-118.540728,49.046394],[-118.542299,49.046191],[-118.542642,49.046147]]]},"properties":{"GlobalID":"{AED650AD-4127-4117-A912-476C7198AFB7}","Name":"Statutory RoW","PlanID":"{F00E8DE2-FF5B-49D9-A38A-0322AA6692EB}","PlanNumber":"KAP2050CG","PIN":90022763,"PID":14782456,"Designation1":null,"Designation2":"PART 2701","Designation3":null,"ParcelStatus":"ACTIVE","RegionalDistrict":"0019","ParcelClass":"INTEREST","SourceParcelID":null,"GeometrySource":"MODIFIED-TANTALIS","IsRemainder":"NO","ParcelStartDate":"1989-09-27T07:00:00.000Z","PositionalError":null,"LegalDescription":"THAT PART DISTRICT LOT 2701 SHOWN RED ON PLAN CG2050 SIMILKAMEEN DIVISION YALE DISTRICT","CaptureMethod":"UNKNOWN","OwnerType":"CROWN PROVINCIAL","Compiled":1,"CreatedDate":"2019-07-30T23:07:03.000Z","ModifiedDate":"2021-09-08T00:13:25.000Z","StatedArea":"6197","ErrorReportedBy":null,"Municipality":"0163","OBJECTID":48900,"created_user":"SDE","created_date":"2024-11-12T16:15:31.000Z","last_edited_user":"SDE","last_edited_date":"2026-03-25T16:06:10.000Z","Shape__Area":6206.9812295,"Shape__Length":385.2187885839671,"CommonName":null,"SourceGlobalID":"{BEAC5C6A-F469-4622-A17F-9EFD42BDB7F1}","Comments":null,"UpdateStatus":"AUTO","UpdateSource":"PMBC"}},{"type":"Feature","geometry":{"type":"Polygon","coordinates":[[[-118.562996,49.099823],[-118.563135,49.100295],[-118.563413,49.100719],[-118.563614,49.101006],[-118.56375,49.101284],[-118.563819,49.101539],[-118.563768,49.101814],[-118.563589,49.102055],[-118.5632,49.102355],[-118.562828,49.102646],[-118.562551,49.10292],[-118.562389,49.103172],[-118.562299,49.10336],[-118.562254,49.103447],[-118.562061,49.103424],[-118.56196,49.103534],[-118.561788,49.103665],[-118.561605,49.103763],[-118.561395,49.103809],[-118.561197,49.103855],[-118.56125,49.104019],[-118.560897,49.104115],[-118.560614,49.104148],[-118.560377,49.104175],[-118.560344,49.10418],[-118.560056,49.104232],[-118.559791,49.104317],[-118.559559,49.104428],[-118.559376,49.104552],[-118.559226,49.104691],[-118.559076,49.104897],[-118.559064,49.104912],[-118.55904,49.104969],[-118.558963,49.105144],[-118.558939,49.105365],[-118.558986,49.105643],[-118.559036,49.105774],[-118.559168,49.106121],[-118.559256,49.106353],[-118.559526,49.107045],[-118.556783,49.107052],[-118.556593,49.107052],[-118.551221,49.107064],[-118.548444,49.107071],[-118.548454,49.108371],[-118.548455,49.108447],[-118.548473,49.11074],[-118.541803,49.110755],[-118.541776,49.110756],[-118.537446,49.110767],[-118.53745,49.107801],[-118.53745,49.107329],[-118.537456,49.103508],[-118.54841,49.103509],[-118.548372,49.099774],[-118.550907,49.099806],[-118.551221,49.099807],[-118.555143,49.099825],[-118.561438,49.101428],[-118.5624,49.099823],[-118.562996,49.099823]]]},"properties":{"GlobalID":"{9E57CE6E-6E5E-42B8-BB54-154C8720D06A}","Name":"011798611","PlanID":"{2A3E8920-95EC-4ED6-BA41-7D1E8FF732AC}","PlanNumber":"KAP1184","PIN":null,"PID":11798611,"Designation1":"Lot 2","Designation2":null,"Designation3":null,"ParcelStatus":"ACTIVE","RegionalDistrict":"0019","ParcelClass":"SUBDIVISION","SourceParcelID":null,"GeometrySource":"ICF","IsRemainder":"NO","ParcelStartDate":null,"PositionalError":13.34947183,"LegalDescription":"SUB LOT 2 DISTRICT LOT 2701 SIMILKAMEEN DIVISION YALE DISTRICT PLAN 1184","CaptureMethod":"UNKNOWN","OwnerType":"PRIVATE","Compiled":1,"CreatedDate":"2016-09-20T23:24:06.000Z","ModifiedDate":"2021-09-08T00:13:25.000Z","StatedArea":null,"ErrorReportedBy":"DATACOMPILATION","Municipality":"0163","OBJECTID":48901,"created_user":"SDE","created_date":"2024-11-12T16:15:31.000Z","last_edited_user":"SDE","last_edited_date":"2026-03-25T16:06:10.000Z","Shape__Area":1366052.74690863,"Shape__Length":6270.2784701966275,"CommonName":null,"SourceGlobalID":"{6B42070E-E017-4B96-A697-F7B4266FA774}","Comments":null,"UpdateStatus":"AUTO","UpdateSource":"PMBC"}},{"type":"Feature","geometry":{"type":"Polygon","coordinates":[[[-118.499254,49.152546],[-118.499355,49.152672],[-118.499002,49.152794],[-118.496818,49.153553],[-118.496848,49.153492],[-118.496892,49.153412],[-118.496941,49.153336],[-118.496996,49.153263],[-118.497055,49.153194],[-118.497119,49.153129],[-118.497188,49.153069],[-118.497257,49.153012],[-118.497281,49.152993],[-118.497306,49.152977],[-118.497343,49.152949],[-118.497382,49.152924],[-118.497422,49.152898],[-118.497463,49.152874],[-118.497549,49.152828],[-118.497636,49.152783],[-118.497666,49.152771],[-118.497695,49.152756],[-118.497789,49.152718],[-118.497985,49.152649],[-118.498019,49.152641],[-118.498052,49.15263],[-118.498121,49.152615],[-118.498166,49.152601],[-118.498213,49.152591],[-118.49826,49.152584],[-118.49833,49.152569],[-118.498367,49.152565],[-118.498403,49.152558],[-118.498438,49.152554],[-118.498473,49.152546],[-118.498582,49.152535],[-118.498638,49.152533],[-118.498693,49.152527],[-118.498735,49.152527],[-118.498787,49.152523],[-118.49884,49.152523],[-118.498987,49.152523],[-118.499023,49.152527],[-118.499059,49.152527],[-118.49917,49.152539],[-118.499194,49.152538],[-118.499218,49.152541],[-118.499242,49.152546],[-118.499254,49.152546]]]},"properties":{"GlobalID":"{9A9F147F-7DC9-4CD2-88B5-5580EE3E17B3}","Name":"014883856","PlanID":"{F0DB3B36-A152-4C45-B118-275779D2B1D7}","PlanNumber":"NO_PLAN","PIN":4589170,"PID":14883856,"Designation1":"3787S","Designation2":"","Designation3":"","ParcelStatus":"ACTIVE","RegionalDistrict":"0019","ParcelClass":"SUBDIVISION","SourceParcelID":null,"GeometrySource":"ICF","IsRemainder":"NO","ParcelStartDate":null,"PositionalError":13.34947183,"LegalDescription":"DISTRICT LOT 3787S SIMILKAMEEN DIVISION YALE DISTRICT","CaptureMethod":"UNKNOWN","OwnerType":"CROWN PROVINCIAL","Compiled":1,"CreatedDate":"2016-09-20T23:24:06.000Z","ModifiedDate":"2021-09-07T22:22:55.000Z","StatedArea":null,"ErrorReportedBy":"DATACOMPILATION","Municipality":"0163","OBJECTID":48902,"created_user":"SDE","created_date":"2024-11-12T16:15:31.000Z","last_edited_user":"SDE","last_edited_date":"2026-03-25T16:06:10.000Z","Shape__Area":7527.822296905,"Shape__Length":455.94356135221096,"CommonName":null,"SourceGlobalID":"{26C05980-0329-4420-A46F-25CAC702C364}","Comments":null,"UpdateStatus":"AUTO","UpdateSource":"PMBC"}},{"type":"Feature","geometry":{"type":"Polygon","coordinates":[[[-118.551124,49.055112],[-118.549535,49.053488],[-118.547849,49.051839],[-118.547817,49.051806],[-118.54808,49.051693],[-118.548277,49.051608],[-118.549644,49.053002],[-118.549722,49.053082],[-118.550186,49.053484],[-118.551121,49.05444],[-118.551755,49.055157],[-118.553146,49.056577],[-118.553682,49.057125],[-118.55425,49.057705],[-118.55432,49.057777],[-118.553718,49.05783],[-118.551124,49.055112]]]},"properties":{"GlobalID":"{6C64C8C1-81E6-4925-A8E5-0CBAAD2485CE}","Name":"014989999","PlanID":"{F0DB3B36-A152-4C45-B118-275779D2B1D7}","PlanNumber":"NO_PLAN","PIN":4547220,"PID":14989999,"Designation1":"1249S","Designation2":null,"Designation3":null,"ParcelStatus":"ACTIVE","RegionalDistrict":"0019","ParcelClass":"SUBDIVISION","SourceParcelID":null,"GeometrySource":"ICF","IsRemainder":"NO","ParcelStartDate":null,"PositionalError":13.34456374,"LegalDescription":"DISTRICT LOT 1249S SIMILKAMEEN DIVISION YALE DISTRICT","CaptureMethod":"UNKNOWN","OwnerType":"PRIVATE","Compiled":1,"CreatedDate":"2016-09-20T23:24:06.000Z","ModifiedDate":"2025-02-27T21:45:08.000Z","StatedArea":null,"ErrorReportedBy":"DATACOMPILATION","Municipality":"0163","OBJECTID":48903,"created_user":"SDE","created_date":"2024-11-12T16:15:31.000Z","last_edited_user":"SDE","last_edited_date":"2026-03-25T16:06:10.000Z","Shape__Area":31148.832434215,"Shape__Length":1697.2697967083648,"CommonName":null,"SourceGlobalID":"{A5010941-1795-4C57-B16D-E5928D88C78D}","Comments":null,"UpdateStatus":"AUTO","UpdateSource":"PMBC"}},{"type":"Feature","geometry":{"type":"Polygon","coordinates":[[[-118.581426,49.089889],[-118.581665,49.089619],[-118.581719,49.089682],[-118.581778,49.089741],[-118.58184,49.089796],[-118.581906,49.089846],[-118.581976,49.089891],[-118.582467,49.090197],[-118.582534,49.090258],[-118.582597,49.090323],[-118.582655,49.090393],[-118.582709,49.090466],[-118.582757,49.090543],[-118.582799,49.090623],[-118.582837,49.090705],[-118.582868,49.090791],[-118.582893,49.090878],[-118.582912,49.090966],[-118.583024,49.091716],[-118.583039,49.091814],[-118.582594,49.091644],[-118.582497,49.090993],[-118.58248,49.090915],[-118.582457,49.090838],[-118.582429,49.090764],[-118.582395,49.090691],[-118.582356,49.090622],[-118.582311,49.090555],[-118.582262,49.090492],[-118.582209,49.090433],[-118.582151,49.090378],[-118.581689,49.09009],[-118.581619,49.090045],[-118.581552,49.089996],[-118.581488,49.089944],[-118.581426,49.089889]]]},"properties":{"GlobalID":"{412629E7-F98F-4C06-AC9C-DA53E1A83A96}","Name":"014895501","PlanID":"{F0DB3B36-A152-4C45-B118-275779D2B1D7}","PlanNumber":"NO_PLAN","PIN":null,"PID":14895501,"Designation1":"PART 892","Designation2":"","Designation3":"","ParcelStatus":"ACTIVE","RegionalDistrict":"0019","ParcelClass":"SUBDIVISION","SourceParcelID":null,"GeometrySource":"MODIFIED-ICF","IsRemainder":"NO","ParcelStartDate":null,"PositionalError":13.34947183,"LegalDescription":"THAT PORTION OF THE SURFACE OF DISTRICT LOT 892 SIMILKAMEEN DIVISION YALE DISTRICT KNOWN AS THE \"RAWHIDE\" MINERAL CLAIM AS SHOWN ON A PLAN ATTACHED TO AFPB VOL 5 FOLIO 419 NO. 7768A","CaptureMethod":"UNKNOWN","OwnerType":"CROWN PROVINCIAL","Compiled":1,"CreatedDate":"2016-09-20T23:24:06.000Z","ModifiedDate":"2021-09-07T21:45:46.000Z","StatedArea":null,"ErrorReportedBy":"DATACOMPILATION","Municipality":"0163","OBJECTID":48904,"created_user":"SDE","created_date":"2024-11-12T16:15:31.000Z","last_edited_user":"SDE","last_edited_date":"2026-03-25T16:06:10.000Z","Shape__Area":7573.87567083,"Shape__Length":569.411309265575,"CommonName":null,"SourceGlobalID":"{6197C1B9-B461-40F1-B46C-E49F3ADBA059}","Comments":null,"UpdateStatus":"AUTO","UpdateSource":"PMBC"}},{"type":"Feature","geometry":{"type":"Polygon","coordinates":[[[-118.580158,49.084725],[-118.580165,49.084722],[-118.580171,49.084717],[-118.580177,49.084712],[-118.580182,49.084706],[-118.580226,49.084668],[-118.580238,49.08466],[-118.580248,49.084651],[-118.580257,49.084641],[-118.580306,49.084593],[-118.580351,49.084542],[-118.580394,49.084488],[-118.580531,49.084629],[-118.582641,49.086792],[-118.582687,49.086842],[-118.582944,49.087105],[-118.582576,49.087395],[-118.582223,49.087037],[-118.582134,49.086941],[-118.580068,49.084824],[-118.580051,49.084801],[-118.580102,49.084767],[-118.580111,49.084763],[-118.580118,49.084757],[-118.580125,49.084751],[-118.580131,49.084744],[-118.580139,49.084741],[-118.580146,49.084736],[-118.580152,49.084731],[-118.580158,49.084725]]]},"properties":{"GlobalID":"{BDC3CF6B-F911-4BCF-95A5-A96FA286DD8C}","Name":"014987317","PlanID":"{F0DB3B36-A152-4C45-B118-275779D2B1D7}","PlanNumber":"NO_PLAN","PIN":4546570,"PID":14987317,"Designation1":"1245S","Designation2":"","Designation3":"","ParcelStatus":"ACTIVE","RegionalDistrict":"0019","ParcelClass":"SUBDIVISION","SourceParcelID":null,"GeometrySource":"ICF","IsRemainder":"NO","ParcelStartDate":null,"PositionalError":13.34947183,"LegalDescription":"DISTRICT LOT 1245S SIMILKAMEEN DIVISION YALE DISTRICT","CaptureMethod":"UNKNOWN","OwnerType":"PRIVATE","Compiled":1,"CreatedDate":"2016-09-20T23:24:06.000Z","ModifiedDate":"2021-09-07T22:22:55.000Z","StatedArea":null,"ErrorReportedBy":"DATACOMPILATION","Municipality":"0163","OBJECTID":48905,"created_user":"SDE","created_date":"2024-11-12T16:15:31.000Z","last_edited_user":"SDE","last_edited_date":"2026-03-25T16:06:10.000Z","Shape__Area":13751.328924505,"Shape__Length":773.0061857222245,"CommonName":null,"SourceGlobalID":"{CC0AF816-B7AA-441B-8161-ED763DF81317}","Comments":null,"UpdateStatus":"AUTO","UpdateSource":"PMBC"}},{"type":"Feature","geometry":{"type":"MultiPolygon","coordinates":[[[[-118.539247,49.048398],[-118.540258,49.048466],[-118.540355,49.048737],[-118.540731,49.048943],[-118.540736,49.050702],[-118.534732,49.050679],[-118.534585,49.050599],[-118.53444,49.050522],[-118.534293,49.050446],[-118.534143,49.05037],[-118.533992,49.050297],[-118.533838,49.050229],[-118.533683,49.05016],[-118.533525,49.050091],[-118.533355,49.050022],[-118.539432,49.049515],[-118.539247,49.048398]]],[[[-118.539878,49.046855],[-118.540733,49.046775],[-118.540733,49.048714],[-118.540601,49.048645],[-118.540025,49.047039],[-118.539892,49.046872],[-118.539878,49.046855]]],[[[-118.53198,49.050667],[-118.531987,49.049836],[-118.532546,49.05003],[-118.532716,49.050091],[-118.532872,49.050148],[-118.533029,49.050209],[-118.533183,49.05027],[-118.533336,49.050332],[-118.533487,49.0504],[-118.533635,49.050465],[-118.533782,49.050534],[-118.533927,49.050602],[-118.53407,49.050675],[-118.53198,49.050667]]]]},"properties":{"GlobalID":"{9BBA8B9B-BABC-4472-A612-246A9C28ABE1}","Name":"024650978","PlanID":"{AE6A2DD6-A41A-47E9-A0FB-89FA38EC02FC}","PlanNumber":"KAP65840","PIN":null,"PID":24650978,"Designation1":"Lot A","Designation2":"","Designation3":"","ParcelStatus":"ACTIVE","RegionalDistrict":"0019","ParcelClass":"SUBDIVISION","SourceParcelID":null,"GeometrySource":"ICF","IsRemainder":"NO","ParcelStartDate":"1999-12-15T08:00:00.000Z","PositionalError":13.34456374,"LegalDescription":"LOT A DISTRICT LOT 2701 SIMILKAMEEN DIVISION YALE DISTRICT PLAN KAP65840","CaptureMethod":"UNKNOWN","OwnerType":"PRIVATE","Compiled":1,"CreatedDate":"2016-09-20T23:24:06.000Z","ModifiedDate":"2025-02-27T21:45:08.000Z","StatedArea":null,"ErrorReportedBy":"DATACOMPILATION","Municipality":"0163","OBJECTID":48906,"created_user":"SDE","created_date":"2024-11-12T16:15:31.000Z","last_edited_user":"SDE","last_edited_date":"2026-03-25T16:06:10.000Z","Shape__Area":79323.05082664,"Shape__Length":2394.0128276059504,"CommonName":null,"SourceGlobalID":"{92DC6B73-F3CE-4CD0-B614-D18AE904EB88}","Comments":null,"UpdateStatus":"AUTO","UpdateSource":"PMBC"}},{"type":"Feature","geometry":{"type":"Polygon","coordinates":[[[-118.552173,49.129776],[-118.551536,49.12957],[-118.551341,49.129506],[-118.551244,49.129475],[-118.551198,49.12946],[-118.550826,49.129342],[-118.550549,49.129251],[-118.549861,49.129028],[-118.549616,49.128948],[-118.54984,49.128979],[-118.550388,49.129053],[-118.550936,49.129127],[-118.551342,49.129181],[-118.552713,49.129367],[-118.55343,49.127086],[-118.553909,49.127133],[-118.554386,49.128666],[-118.555572,49.12883],[-118.557397,49.129074],[-118.557903,49.129143],[-118.55751,49.130398],[-118.557058,49.131844],[-118.55121,49.131058],[-118.551791,49.130284],[-118.551983,49.130029],[-118.552173,49.129776]]]},"properties":{"GlobalID":"{7679FFE7-EA22-419B-8A1A-139FE7F7C576}","Name":"015391035","PlanID":"{F0DB3B36-A152-4C45-B118-275779D2B1D7}","PlanNumber":"NO_PLAN","PIN":4166080,"PID":15391035,"Designation1":"1945","Designation2":"","Designation3":"","ParcelStatus":"ACTIVE","RegionalDistrict":"0019","ParcelClass":"SUBDIVISION","SourceParcelID":null,"GeometrySource":"ICF","IsRemainder":"NO","ParcelStartDate":null,"PositionalError":13.34947183,"LegalDescription":"THE SURFACE OF DISTRICT LOT 1945 SIMILKAMEEN DIVISION YALE DISTRICT KNOWN AS THE \"SIVLER PLUME FRACTION\" MINERAL CLAIM","CaptureMethod":"UNKNOWN","OwnerType":"CROWN PROVINCIAL","Compiled":1,"CreatedDate":"2016-09-20T23:24:06.000Z","ModifiedDate":"2021-09-08T00:13:25.000Z","StatedArea":null,"ErrorReportedBy":"DATACOMPILATION","Municipality":"0163","OBJECTID":48907,"created_user":"SDE","created_date":"2024-11-12T16:15:31.000Z","last_edited_user":"SDE","last_edited_date":"2026-03-25T16:06:10.000Z","Shape__Area":137781.71372858,"Shape__Length":2070.178761770577,"CommonName":null,"SourceGlobalID":"{9C2469EA-0E60-45EE-989C-6829C3725E51}","Comments":null,"UpdateStatus":"AUTO","UpdateSource":"PMBC"}},{"type":"Feature","geometry":{"type":"MultiPolygon","coordinates":[[[[-118.570604,49.074433],[-118.571075,49.073933],[-118.572009,49.07481],[-118.572038,49.074837],[-118.57141,49.074952],[-118.57147,49.075093],[-118.571437,49.075097],[-118.571278,49.075126],[-118.570722,49.075226],[-118.570627,49.075245],[-118.570539,49.075039],[-118.570381,49.074669],[-118.570604,49.074433]]],[[[-118.576599,49.074013],[-118.575921,49.074135],[-118.575868,49.074147],[-118.575783,49.074162],[-118.575588,49.074196],[-118.575309,49.074246],[-118.574807,49.074337],[-118.573583,49.074559],[-118.572507,49.074753],[-118.572486,49.074757],[-118.57246,49.07473],[-118.571325,49.073666],[-118.572784,49.072113],[-118.572864,49.07203],[-118.573174,49.0717],[-118.57543,49.071282],[-118.576333,49.073391],[-118.576599,49.074013]]]]},"properties":{"GlobalID":"{8AAEE5C0-4E7C-4E4D-8E2C-545C138FF527}","Name":"013993828","PlanID":"{F0DB3B36-A152-4C45-B118-275779D2B1D7}","PlanNumber":"NO_PLAN","PIN":4457920,"PID":13993828,"Designation1":"599","Designation2":"","Designation3":"","ParcelStatus":"ACTIVE","RegionalDistrict":"0019","ParcelClass":"SUBDIVISION","SourceParcelID":null,"GeometrySource":"ICF","IsRemainder":"NO","ParcelStartDate":null,"PositionalError":13.34947183,"LegalDescription":"THE SURFACE OF DISTRICT LOT 599 SIMILKAMEEN DIVISION YALE DISTRICT KNOWN AS THE \"WINNIPEG\" MINERAL CLAIM","CaptureMethod":"UNKNOWN","OwnerType":"CROWN PROVINCIAL","Compiled":1,"CreatedDate":"2016-09-20T23:24:06.000Z","ModifiedDate":"2021-09-07T23:36:45.000Z","StatedArea":null,"ErrorReportedBy":"DATACOMPILATION","Municipality":"0163","OBJECTID":48908,"created_user":"SDE","created_date":"2024-11-12T16:15:31.000Z","last_edited_user":"SDE","last_edited_date":"2026-03-25T16:06:10.000Z","Shape__Area":102714.924854745,"Shape__Length":1616.4882380045847,"CommonName":null,"SourceGlobalID":"{2D5B7A39-1E7B-41ED-92D2-308CF8481E32}","Comments":null,"UpdateStatus":"AUTO","UpdateSource":"PMBC"}},{"type":"Feature","geometry":{"type":"MultiPolygon","coordinates":[[[[-118.496818,49.153553],[-118.499002,49.152794],[-118.499355,49.152672],[-118.499254,49.152546],[-118.499351,49.152558],[-118.499386,49.152565],[-118.499421,49.152569],[-118.499666,49.152623],[-118.499699,49.152634],[-118.499734,49.152642],[-118.499767,49.152653],[-118.499431,49.15313],[-118.499421,49.153141],[-118.4994,49.153137],[-118.499379,49.15313],[-118.499358,49.153126],[-118.499338,49.153119],[-118.499294,49.153111],[-118.499252,49.153099],[-118.499166,49.153084],[-118.499132,49.153082],[-118.499099,49.153077],[-118.499077,49.153073],[-118.499055,49.153073],[-118.499022,49.153069],[-118.498988,49.153069],[-118.498954,49.153065],[-118.49892,49.153065],[-118.498763,49.153065],[-118.498741,49.153069],[-118.498718,49.153069],[-118.498696,49.153072],[-118.498674,49.153073],[-118.498641,49.153079],[-118.498607,49.15308],[-118.498475,49.153103],[-118.498444,49.153113],[-118.498412,49.153119],[-118.498392,49.153126],[-118.49837,49.15313],[-118.49835,49.153137],[-118.498329,49.153141],[-118.498309,49.153149],[-118.498288,49.153153],[-118.498151,49.153206],[-118.498079,49.153241],[-118.498054,49.153256],[-118.498027,49.153267],[-118.498002,49.153284],[-118.497976,49.153298],[-118.497913,49.15334],[-118.497856,49.153384],[-118.4978,49.153431],[-118.497783,49.153451],[-118.497764,49.153469],[-118.497748,49.15349],[-118.49773,49.153508],[-118.497724,49.153517],[-118.497717,49.153526],[-118.497709,49.153534],[-118.49767,49.153588],[-118.497632,49.153656],[-118.496888,49.155182],[-118.496852,49.155255],[-118.496809,49.155338],[-118.496761,49.155418],[-118.496707,49.155495],[-118.496614,49.155613],[-118.496603,49.155623],[-118.496593,49.155634],[-118.496427,49.155423],[-118.496105,49.155018],[-118.496818,49.153553]]],[[[-118.48433,49.158229],[-118.484226,49.158151],[-118.484126,49.158068],[-118.48403,49.15798],[-118.483939,49.157887],[-118.483853,49.157789],[-118.483772,49.157687],[-118.483697,49.157581],[-118.483627,49.157471],[-118.483563,49.157358],[-118.483505,49.157241],[-118.483432,49.157073],[-118.483598,49.157093],[-118.484336,49.157177],[-118.484387,49.15727],[-118.484444,49.157359],[-118.484506,49.157444],[-118.484569,49.157522],[-118.484636,49.157597],[-118.484706,49.157667],[-118.484781,49.157734],[-118.484827,49.157778],[-118.484878,49.157818],[-118.484929,49.157857],[-118.484981,49.157895],[-118.485034,49.157932],[-118.48509,49.157967],[-118.485152,49.158009],[-118.485217,49.158047],[-118.485284,49.158081],[-118.485367,49.158125],[-118.48545,49.158165],[-118.485669,49.158261],[-118.485761,49.158291],[-118.485822,49.158315],[-118.485884,49.158336],[-118.485948,49.158352],[-118.486028,49.158377],[-118.48611,49.158399],[-118.486192,49.158417],[-118.486275,49.158437],[-118.486358,49.158454],[-118.486442,49.158467],[-118.486492,49.158478],[-118.486543,49.158486],[-118.486595,49.15849],[-118.486697,49.158504],[-118.486801,49.158513],[-118.487008,49.158528],[-118.487061,49.158528],[-118.487113,49.158532],[-118.48727,49.158532],[-118.487322,49.158528],[-118.487375,49.158528],[-118.487427,49.158524],[-118.48748,49.158524],[-118.487557,49.158518],[-118.487634,49.158509],[-118.487686,49.158505],[-118.487737,49.158497],[-118.487815,49.15849],[-118.487892,49.158478],[-118.487941,49.158471],[-118.489744,49.158165],[-118.489843,49.158333],[-118.489957,49.158528],[-118.490045,49.158673],[-118.489997,49.158681],[-118.489612,49.158745],[-118.488567,49.158921],[-118.488147,49.158993],[-118.488082,49.159003],[-118.487886,49.15903],[-118.487689,49.15905],[-118.487557,49.15906],[-118.487424,49.159066],[-118.487291,49.15907],[-118.487191,49.159072],[-118.487091,49.15907],[-118.486936,49.159065],[-118.486781,49.159056],[-118.486627,49.159043],[-118.48648,49.159027],[-118.486334,49.159007],[-118.486188,49.158983],[-118.486043,49.158955],[-118.485949,49.158935],[-118.485854,49.158912],[-118.485687,49.158869],[-118.485522,49.158819],[-118.485358,49.158764],[-118.485196,49.158703],[-118.485072,49.158651],[-118.48495,49.158595],[-118.484829,49.158536],[-118.484711,49.158473],[-118.484581,49.158396],[-118.484454,49.158315],[-118.48433,49.158229]]],[[[-118.480548,49.155155],[-118.4799,49.155124],[-118.479661,49.155114],[-118.477975,49.15503],[-118.477959,49.15503],[-118.477942,49.155029],[-118.477926,49.155026],[-118.47789,49.155026],[-118.477855,49.155022],[-118.477844,49.155022],[-118.477833,49.155021],[-118.477823,49.155018],[-118.477803,49.155018],[-118.477784,49.155016],[-118.47776,49.155015],[-118.477737,49.155011],[-118.477726,49.155011],[-118.477716,49.15501],[-118.477706,49.155007],[-118.477695,49.155007],[-118.477684,49.155006],[-118.477674,49.155003],[-118.477656,49.155003],[-118.477638,49.154999],[-118.477617,49.154999],[-118.477598,49.154995],[-118.477569,49.154989],[-118.47754,49.154988],[-118.477481,49.154976],[-118.477445,49.154969],[-118.477409,49.154965],[-118.47725,49.154931],[-118.477172,49.15491],[-118.477092,49.154892],[-118.477023,49.154869],[-118.476998,49.154863],[-118.476974,49.154854],[-118.476961,49.154852],[-118.476949,49.154848],[-118.476938,49.154843],[-118.476924,49.154839],[-118.47691,49.154834],[-118.476898,49.154828],[-118.476892,49.154828],[-118.476886,49.154827],[-118.476881,49.154826],[-118.476875,49.154823],[-118.476871,49.15482],[-118.476835,49.154809],[-118.4768,49.154793],[-118.476779,49.154788],[-118.476759,49.15478],[-118.476739,49.15477],[-118.476034,49.154492],[-118.475946,49.154458],[-118.475915,49.154449],[-118.475885,49.154438],[-118.475853,49.154431],[-118.475822,49.154419],[-118.47579,49.154412],[-118.475759,49.1544],[-118.475597,49.154362],[-118.475564,49.154358],[-118.475532,49.154351],[-118.475498,49.154347],[-118.475465,49.154339],[-118.475229,49.154313],[-118.475194,49.154312],[-118.47516,49.154309],[-118.475108,49.154309],[-118.475057,49.154305],[-118.474954,49.154305],[-118.474903,49.154309],[-118.474851,49.154309],[-118.474817,49.154312],[-118.474782,49.154313],[-118.474582,49.154335],[-118.474548,49.154342],[-118.474513,49.154347],[-118.47448,49.154354],[-118.474447,49.154358],[-118.474384,49.154374],[-118.474222,49.154412],[-118.474159,49.154431],[-118.473824,49.154526],[-118.474684,49.153778],[-118.474834,49.153767],[-118.475076,49.153767],[-118.475173,49.153768],[-118.475271,49.153775],[-118.475319,49.153775],[-118.475368,49.153779],[-118.475416,49.153786],[-118.475511,49.153794],[-118.475606,49.153809],[-118.475669,49.153815],[-118.475732,49.153825],[-118.475793,49.15384],[-118.47584,49.153847],[-118.475887,49.153859],[-118.475933,49.153867],[-118.475978,49.153878],[-118.476069,49.1539],[-118.476159,49.153927],[-118.476225,49.153946],[-118.476289,49.153969],[-118.476333,49.153981],[-118.476375,49.153996],[-118.476416,49.154014],[-118.476459,49.15403],[-118.477166,49.154309],[-118.477177,49.154312],[-118.477188,49.154318],[-118.477197,49.154324],[-118.477205,49.154324],[-118.477212,49.154326],[-118.477219,49.154328],[-118.477226,49.154332],[-118.477304,49.154358],[-118.477397,49.154389],[-118.477413,49.15439],[-118.477428,49.154394],[-118.477443,49.1544],[-118.477452,49.154404],[-118.477461,49.154407],[-118.47747,49.154408],[-118.477479,49.154408],[-118.477546,49.154427],[-118.47756,49.154428],[-118.477573,49.15443],[-118.477586,49.154435],[-118.477594,49.154437],[-118.477602,49.154438],[-118.477611,49.154438],[-118.477616,49.154441],[-118.477622,49.154442],[-118.477628,49.154443],[-118.477634,49.154442],[-118.477642,49.154445],[-118.47765,49.154446],[-118.477659,49.154446],[-118.477667,49.15445],[-118.477675,49.154452],[-118.477684,49.154454],[-118.477693,49.154454],[-118.477701,49.154456],[-118.47771,49.154458],[-118.477719,49.154458],[-118.477727,49.154458],[-118.477732,49.15446],[-118.477737,49.154461],[-118.477743,49.154462],[-118.477748,49.154461],[-118.477754,49.154464],[-118.477759,49.154465],[-118.477765,49.154466],[-118.477771,49.154465],[-118.477782,49.154468],[-118.477793,49.154469],[-118.477804,49.154469],[-118.477811,49.154472],[-118.477819,49.154473],[-118.477826,49.154473],[-118.477834,49.154473],[-118.477845,49.154476],[-118.477856,49.154477],[-118.477866,49.154477],[-118.477874,49.154479],[-118.477881,49.154481],[-118.477889,49.154481],[-118.477897,49.15448],[-118.477902,49.15448],[-118.477908,49.154481],[-118.477913,49.154482],[-118.477918,49.154484],[-118.477935,49.154483],[-118.477951,49.154485],[-118.477968,49.154488],[-118.477996,49.154488],[-118.478025,49.154492],[-118.478038,49.154492],[-118.480609,49.154618],[-118.480808,49.154629],[-118.480874,49.154637],[-118.480941,49.154641],[-118.48104,49.154652],[-118.481138,49.154667],[-118.481202,49.154675],[-118.481269,49.154686],[-118.481332,49.154698],[-118.481397,49.154709],[-118.481462,49.154721],[-118.481556,49.154744],[-118.481651,49.154763],[-118.481714,49.154782],[-118.481838,49.154813],[-118.48196,49.15485],[-118.482139,49.154908],[-118.482198,49.154931],[-118.482255,49.15495],[-118.482314,49.154972],[-118.48237,49.154995],[-118.482427,49.155022],[-118.482482,49.155045],[-118.482538,49.155072],[-118.482645,49.155121],[-118.482751,49.155175],[-118.482803,49.155205],[-118.482926,49.155277],[-118.483047,49.155354],[-118.483117,49.155399],[-118.483184,49.155449],[-118.48323,49.155484],[-118.483301,49.155536],[-118.483368,49.155593],[-118.483433,49.155653],[-118.483253,49.156342],[-118.483201,49.156539],[-118.483147,49.15644],[-118.483087,49.156345],[-118.483023,49.156252],[-118.482953,49.156163],[-118.482879,49.156078],[-118.4828,49.155997],[-118.482718,49.155921],[-118.482631,49.155849],[-118.48254,49.155782],[-118.482446,49.155719],[-118.482349,49.155662],[-118.48221,49.155586],[-118.482069,49.155515],[-118.481924,49.155451],[-118.481777,49.155393],[-118.481627,49.155342],[-118.481475,49.155297],[-118.481322,49.155259],[-118.481167,49.155228],[-118.48104,49.155206],[-118.480912,49.155186],[-118.480731,49.155168],[-118.480548,49.155155]]]]},"properties":{"GlobalID":"{FF72740D-A512-41EF-850D-5083C1F7A58A}","Name":"014883783","PlanID":"{F0DB3B36-A152-4C45-B118-275779D2B1D7}","PlanNumber":"NO_PLAN","PIN":null,"PID":14883783,"Designation1":"PART 604S","Designation2":"","Designation3":"","ParcelStatus":"ACTIVE","RegionalDistrict":"0019","ParcelClass":"SUBDIVISION","SourceParcelID":null,"GeometrySource":"ICF","IsRemainder":"NO","ParcelStartDate":null,"PositionalError":13.34456374,"LegalDescription":"THAT PART OF DISTRICT LOT 604S SHOWN ON PLAN 531 SIMILKAMEEN DIVISION YALE DISTRICT","CaptureMethod":"UNKNOWN","OwnerType":"CROWN PROVINCIAL","Compiled":1,"CreatedDate":"2016-09-20T23:24:06.000Z","ModifiedDate":"2025-03-26T22:41:18.000Z","StatedArea":null,"ErrorReportedBy":"DATACOMPILATION","Municipality":"0163","OBJECTID":48909,"created_user":"SDE","created_date":"2024-11-12T16:15:31.000Z","last_edited_user":"SDE","last_edited_date":"2026-03-25T16:06:10.000Z","Shape__Area":93123.05072918,"Shape__Length":3830.2646347933987,"CommonName":null,"SourceGlobalID":"{3EE31A1B-CAB4-4289-83D7-CA3BC5434E25}","Comments":null,"UpdateStatus":"AUTO","UpdateSource":"PMBC"}},{"type":"Feature","geometry":{"type":"Polygon","coordinates":[[[-118.568603,49.093327],[-118.5686,49.093389],[-118.568601,49.093451],[-118.568607,49.09351],[-118.568618,49.093568],[-118.568633,49.093625],[-118.568719,49.093914],[-118.568733,49.09396],[-118.568744,49.094006],[-118.568755,49.094052],[-118.568765,49.094098],[-118.568773,49.094143],[-118.56878,49.094189],[-118.568786,49.094239],[-118.56879,49.094284],[-118.568794,49.09433],[-118.568796,49.09438],[-118.568797,49.094426],[-118.568797,49.094471],[-118.568796,49.094517],[-118.568794,49.094567],[-118.56879,49.094613],[-118.568784,49.094658],[-118.568778,49.094704],[-118.568771,49.094754],[-118.568763,49.094799],[-118.568754,49.094845],[-118.568742,49.094891],[-118.568731,49.094937],[-118.568717,49.094983],[-118.568702,49.095028],[-118.568687,49.095074],[-118.56867,49.09512],[-118.568651,49.095166],[-118.568631,49.095211],[-118.568612,49.095257],[-118.56859,49.095299],[-118.568567,49.095345],[-118.568544,49.095387],[-118.568519,49.095433],[-118.568492,49.095475],[-118.568466,49.09552],[-118.568437,49.095562],[-118.568038,49.09615],[-118.567827,49.09615],[-118.567584,49.096146],[-118.567617,49.0961],[-118.568055,49.095452],[-118.56808,49.095414],[-118.568105,49.095372],[-118.568129,49.095334],[-118.568151,49.095295],[-118.568197,49.095207],[-118.568239,49.095117],[-118.568275,49.095025],[-118.568306,49.09493],[-118.568332,49.094835],[-118.568353,49.094737],[-118.568368,49.094639],[-118.568374,49.094593],[-118.568379,49.094489],[-118.56838,49.094384],[-118.568372,49.094277],[-118.568357,49.094172],[-118.568336,49.094067],[-118.568309,49.093964],[-118.568221,49.093674],[-118.568202,49.093594],[-118.568189,49.093513],[-118.568183,49.093432],[-118.568183,49.09335],[-118.568194,49.093256],[-118.568212,49.093163],[-118.56823,49.093099],[-118.568253,49.093037],[-118.568279,49.092976],[-118.568662,49.093094],[-118.568641,49.093151],[-118.568624,49.093208],[-118.568611,49.093267],[-118.568603,49.093327]]]},"properties":{"GlobalID":"{AD97F71F-AEDE-499A-8F80-9CB27D8870C1}","Name":"004216121","PlanID":"{F0DB3B36-A152-4C45-B118-275779D2B1D7}","PlanNumber":"NO_PLAN","PIN":3705160,"PID":4216121,"Designation1":"2061S","Designation2":"","Designation3":"","ParcelStatus":"ACTIVE","RegionalDistrict":"0019","ParcelClass":"SUBDIVISION","SourceParcelID":null,"GeometrySource":"ICF","IsRemainder":"NO","ParcelStartDate":null,"PositionalError":13.34947183,"LegalDescription":"DISTRICT LOT 2061S SIMILKAMEEN DIVISION YALE DISTRICT","CaptureMethod":"UNKNOWN","OwnerType":"CROWN PROVINCIAL","Compiled":1,"CreatedDate":"2016-09-20T23:24:06.000Z","ModifiedDate":"2021-09-07T22:22:55.000Z","StatedArea":null,"ErrorReportedBy":"DATACOMPILATION","Municipality":"0163","OBJECTID":48910,"created_user":"SDE","created_date":"2024-11-12T16:15:31.000Z","last_edited_user":"SDE","last_edited_date":"2026-03-25T16:06:10.000Z","Shape__Area":10914.681922675,"Shape__Length":780.127508636191,"CommonName":null,"SourceGlobalID":"{1310D5DD-566D-4579-8E69-64C313913312}","Comments":null,"UpdateStatus":"AUTO","UpdateSource":"PMBC"}},{"type":"Feature","geometry":{"type":"Polygon","coordinates":[[[-118.583206,49.088044],[-118.583172,49.088009],[-118.583137,49.087975],[-118.5829,49.087731],[-118.582811,49.087639],[-118.583181,49.087346],[-118.583366,49.087536],[-118.583598,49.087777],[-118.583625,49.087807],[-118.583637,49.087816],[-118.583648,49.087826],[-118.583658,49.087838],[-118.583661,49.087839],[-118.583665,49.087841],[-118.583668,49.087843],[-118.583671,49.087846],[-118.583673,49.087849],[-118.583675,49.087853],[-118.583678,49.087854],[-118.58368,49.087855],[-118.583683,49.087856],[-118.583685,49.087858],[-118.583687,49.08786],[-118.583688,49.087863],[-118.583689,49.087865],[-118.58369,49.087868],[-118.583702,49.087877],[-118.583713,49.087887],[-118.583718,49.08789],[-118.583723,49.087893],[-118.583727,49.087898],[-118.58373,49.087902],[-118.583734,49.087904],[-118.583737,49.087906],[-118.583741,49.087908],[-118.583743,49.087911],[-118.583746,49.087914],[-118.583747,49.087918],[-118.583756,49.087923],[-118.583765,49.087929],[-118.583772,49.087937],[-118.583776,49.087938],[-118.583779,49.08794],[-118.583783,49.087942],[-118.583785,49.087945],[-118.583788,49.087948],[-118.583789,49.087952],[-118.583798,49.087957],[-118.583807,49.087964],[-118.583814,49.087971],[-118.583823,49.087976],[-118.583831,49.087983],[-118.583839,49.08799],[-118.583853,49.087997],[-118.583865,49.088006],[-118.583877,49.088017],[-118.58391,49.088039],[-118.583942,49.088063],[-118.583963,49.088075],[-118.583982,49.088089],[-118.584007,49.088103],[-118.58403,49.08812],[-118.584035,49.088122],[-118.584041,49.088124],[-118.584046,49.088127],[-118.58405,49.088131],[-118.584056,49.088133],[-118.584062,49.088135],[-118.584067,49.088139],[-118.584071,49.088143],[-118.584082,49.088148],[-118.584091,49.088154],[-118.5841,49.088162],[-118.584188,49.088208],[-118.584277,49.088252],[-118.58434,49.088284],[-118.584365,49.088292],[-118.584388,49.088303],[-118.584403,49.088311],[-118.584419,49.088318],[-118.584436,49.088322],[-118.584483,49.088345],[-118.584495,49.088347],[-118.584506,49.088351],[-118.584516,49.088356],[-118.584531,49.088359],[-118.584545,49.088365],[-118.584558,49.088372],[-118.585719,49.088795],[-118.585914,49.088871],[-118.58596,49.088893],[-118.586007,49.088913],[-118.586189,49.089005],[-118.586298,49.089066],[-118.586405,49.089132],[-118.586509,49.089203],[-118.586573,49.089247],[-118.586633,49.089295],[-118.586704,49.089351],[-118.586772,49.08941],[-118.586837,49.089472],[-118.586899,49.089537],[-118.58584,49.089133],[-118.584224,49.088516],[-118.584039,49.088444],[-118.583946,49.08841],[-118.583391,49.088199],[-118.58338,49.088193],[-118.583322,49.088147],[-118.583291,49.088119],[-118.583259,49.088093],[-118.583244,49.088077],[-118.583227,49.088063],[-118.583221,49.088055],[-118.583214,49.088049],[-118.583206,49.088044]]]},"properties":{"GlobalID":"{59B79C43-5682-4298-AD4E-D985A7CFAAD5}","Name":"014987287","PlanID":"{F0DB3B36-A152-4C45-B118-275779D2B1D7}","PlanNumber":"NO_PLAN","PIN":4546440,"PID":14987287,"Designation1":"1244S","Designation2":"","Designation3":"","ParcelStatus":"ACTIVE","RegionalDistrict":"0019","ParcelClass":"SUBDIVISION","SourceParcelID":null,"GeometrySource":"ICF","IsRemainder":"NO","ParcelStartDate":null,"PositionalError":13.34947183,"LegalDescription":"DISTRICT LOT 1244S SIMILKAMEEN DIVISION YALE DISTRICT","CaptureMethod":"UNKNOWN","OwnerType":"PRIVATE","Compiled":1,"CreatedDate":"2016-09-20T23:24:06.000Z","ModifiedDate":"2021-09-07T22:22:55.000Z","StatedArea":null,"ErrorReportedBy":"DATACOMPILATION","Municipality":"0163","OBJECTID":48911,"created_user":"SDE","created_date":"2024-11-12T16:15:31.000Z","last_edited_user":"SDE","last_edited_date":"2026-03-25T16:06:10.000Z","Shape__Area":10382.732365495,"Shape__Length":786.6508391427147,"CommonName":null,"SourceGlobalID":"{9CCAFD1A-2514-41A9-B0DB-75E2499C8B35}","Comments":null,"UpdateStatus":"AUTO","UpdateSource":"PMBC"}},{"type":"Feature","geometry":{"type":"Polygon","coordinates":[[[-118.56829,49.091973],[-118.568221,49.091874],[-118.568139,49.091782],[-118.567979,49.091618],[-118.568178,49.091313],[-118.568372,49.091515],[-118.56849,49.091633],[-118.568557,49.091707],[-118.568618,49.091785],[-118.568675,49.091866],[-118.568721,49.091944],[-118.56876,49.092024],[-118.568794,49.092108],[-118.56882,49.092194],[-118.568837,49.092271],[-118.568848,49.092349],[-118.568852,49.092428],[-118.568851,49.092507],[-118.568843,49.092581],[-118.568831,49.092655],[-118.568813,49.092728],[-118.568789,49.0928],[-118.568761,49.092869],[-118.568754,49.092884],[-118.568382,49.092781],[-118.568366,49.092774],[-118.568391,49.092712],[-118.56841,49.092648],[-118.568424,49.092583],[-118.568432,49.092513],[-118.568435,49.092442],[-118.568431,49.092371],[-118.568422,49.0923],[-118.568407,49.092231],[-118.568386,49.092163],[-118.568359,49.092097],[-118.568327,49.092033],[-118.56829,49.091973]]]},"properties":{"GlobalID":"{56933B5F-C2EB-4DD5-8C50-DDBA08819F01}","Name":"004216091","PlanID":"{F0DB3B36-A152-4C45-B118-275779D2B1D7}","PlanNumber":"NO_PLAN","PIN":4182860,"PID":4216091,"Designation1":"2059S","Designation2":"","Designation3":"","ParcelStatus":"ACTIVE","RegionalDistrict":"0019","ParcelClass":"SUBDIVISION","SourceParcelID":null,"GeometrySource":"ICF","IsRemainder":"NO","ParcelStartDate":null,"PositionalError":13.34947183,"LegalDescription":"DISTRICT LOT 2059S SIMILKAMEEN DIVISION YALE DISTRICT","CaptureMethod":"UNKNOWN","OwnerType":"CROWN PROVINCIAL","Compiled":1,"CreatedDate":"2016-09-20T23:24:06.000Z","ModifiedDate":"2021-09-07T22:22:55.000Z","StatedArea":null,"ErrorReportedBy":"DATACOMPILATION","Municipality":"0163","OBJECTID":48912,"created_user":"SDE","created_date":"2024-11-12T16:15:31.000Z","last_edited_user":"SDE","last_edited_date":"2026-03-25T16:06:10.000Z","Shape__Area":4935.59241995,"Shape__Length":391.5006377583249,"CommonName":null,"SourceGlobalID":"{C2ACA1CC-8127-49F8-A908-807F031F6482}","Comments":null,"UpdateStatus":"AUTO","UpdateSource":"PMBC"}},{"type":"Feature","geometry":{"type":"Polygon","coordinates":[[[-118.589494,49.079583],[-118.589479,49.079564],[-118.589443,49.079514],[-118.588506,49.079228],[-118.588506,49.079182],[-118.588508,49.079152],[-118.588508,49.079136],[-118.588636,49.079174],[-118.588861,49.079247],[-118.589491,49.079441],[-118.58949,49.079494],[-118.589493,49.079546],[-118.589495,49.079558],[-118.589495,49.07957],[-118.589494,49.079583]]]},"properties":{"GlobalID":"{75684060-E604-47F2-ABC4-6D745F2C0137}","Name":"Statutory RoW","PlanID":"{B04BE0F6-AB5F-4C0A-BB82-5BC89FAC5348}","PlanNumber":"KAP17261H","PIN":14115070,"PID":11758139,"Designation1":"PART 2701","Designation2":"","Designation3":"","ParcelStatus":"ACTIVE","RegionalDistrict":"0019","ParcelClass":"INTEREST","SourceParcelID":null,"GeometrySource":"ICF","IsRemainder":"NO","ParcelStartDate":null,"PositionalError":13.34947183,"LegalDescription":"THAT PART OF THE SURFACE OF DISTRICT LOT 2701 SIMILKAMEEN DIVISION YALE DISTRICT SHOWN RED ON PLAN H17261 CONTAINING .3665 HECTARES","CaptureMethod":"UNKNOWN","OwnerType":"CROWN PROVINCIAL","Compiled":1,"CreatedDate":"2016-09-20T23:24:06.000Z","ModifiedDate":"2021-09-07T23:36:45.000Z","StatedArea":null,"ErrorReportedBy":"DATACOMPILATION","Municipality":"0163","OBJECTID":48913,"created_user":"SDE","created_date":"2024-11-12T16:15:31.000Z","last_edited_user":"SDE","last_edited_date":"2026-03-25T16:06:10.000Z","Shape__Area":726.513952875,"Shape__Length":189.2676438504936,"CommonName":null,"SourceGlobalID":"{57D8F4E2-2CF3-4304-92A0-A33044CD4D86}","Comments":null,"UpdateStatus":"AUTO","UpdateSource":"PMBC"}},{"type":"Feature","geometry":{"type":"Polygon","coordinates":[[[-118.539316,49.043567],[-118.539339,49.043619],[-118.539663,49.043805],[-118.539734,49.043846],[-118.540033,49.044018],[-118.540218,49.044165],[-118.540407,49.044308],[-118.540784,49.044585],[-118.540786,49.044854],[-118.540728,49.046394],[-118.54073,49.046715],[-118.540733,49.046775],[-118.539878,49.046855],[-118.539871,49.046845],[-118.539623,49.046535],[-118.539229,49.046043],[-118.538554,49.045453],[-118.537634,49.043551],[-118.539316,49.043567]]]},"properties":{"GlobalID":"{F0C10A26-C0B6-4A46-861E-E9B1674D28B0}","Name":"018054323","PlanID":"{44715340-B45C-4FFD-87B7-F0F959D7E384}","PlanNumber":"KAP48830","PIN":null,"PID":18054323,"Designation1":"Lot 1","Designation2":"","Designation3":"","ParcelStatus":"ACTIVE","RegionalDistrict":"0019","ParcelClass":"SUBDIVISION","SourceParcelID":null,"GeometrySource":"ICF","IsRemainder":"NO","ParcelStartDate":null,"PositionalError":13.34456374,"LegalDescription":"LOT 1 DISTRICT LOT 2701 SIMILKAMEEN DIVISION YALE DISTRICT PLAN KAP48830","CaptureMethod":"UNKNOWN","OwnerType":"PRIVATE","Compiled":1,"CreatedDate":"2016-09-20T23:24:06.000Z","ModifiedDate":"2025-02-27T21:45:08.000Z","StatedArea":null,"ErrorReportedBy":"DATACOMPILATION","Municipality":"0163","OBJECTID":48914,"created_user":"SDE","created_date":"2024-11-12T16:15:31.000Z","last_edited_user":"SDE","last_edited_date":"2026-03-25T16:06:10.000Z","Shape__Area":51715.34006645,"Shape__Length":992.6567367359089,"CommonName":null,"SourceGlobalID":"{816AA2A7-5156-401D-B571-9B2905C96CC4}","Comments":null,"UpdateStatus":"AUTO","UpdateSource":"PMBC"}},{"type":"Feature","geometry":{"type":"MultiPolygon","coordinates":[[[[-118.569972,49.072899],[-118.571075,49.073933],[-118.570604,49.074433],[-118.569351,49.073147],[-118.568773,49.072556],[-118.567758,49.071515],[-118.567664,49.071415],[-118.567685,49.071392],[-118.567924,49.071473],[-118.568286,49.071629],[-118.568662,49.071808],[-118.569074,49.072068],[-118.569438,49.07235],[-118.569972,49.072899]]],[[[-118.566945,49.072182],[-118.567344,49.071759],[-118.568441,49.072884],[-118.569011,49.073471],[-118.570226,49.074719],[-118.570281,49.074776],[-118.570106,49.074963],[-118.568534,49.074326],[-118.567138,49.073758],[-118.565925,49.073265],[-118.566945,49.072182]]],[[[-118.570115,49.072537],[-118.569421,49.071949],[-118.568876,49.071606],[-118.568364,49.071339],[-118.56789,49.071177],[-118.569217,49.069767],[-118.571392,49.070648],[-118.571886,49.07085],[-118.571951,49.070876],[-118.572004,49.070897],[-118.57207,49.070923],[-118.573235,49.071396],[-118.573396,49.071464],[-118.573174,49.0717],[-118.572864,49.07203],[-118.572784,49.072113],[-118.571325,49.073666],[-118.570115,49.072537]]]]},"properties":{"GlobalID":"{9CBCDA82-A528-45B6-8066-74ABD9D7A8DD}","Name":"015012204","PlanID":"{F0DB3B36-A152-4C45-B118-275779D2B1D7}","PlanNumber":"NO_PLAN","PIN":null,"PID":15012204,"Designation1":"","Designation2":"","Designation3":"","ParcelStatus":"ACTIVE","RegionalDistrict":"0019","ParcelClass":"SUBDIVISION","SourceParcelID":null,"GeometrySource":"ICF","IsRemainder":"NO","ParcelStartDate":null,"PositionalError":13.34947183,"LegalDescription":"THE SURFACE OF DISTRICT LOT 2701 SIMILKAMEEN DIVISION YALE DISTRICT WHICH MAY LIE WITHIN THE BOUNDARIES OF DISTRICT LOT 1314 SIMILKAMEEN DIVISION YALE DISTRICT KNOWN AS THE 'CALUMET' MINERAL CLAIM","CaptureMethod":"UNKNOWN","OwnerType":"CROWN PROVINCIAL","Compiled":1,"CreatedDate":"2016-09-20T23:24:06.000Z","ModifiedDate":"2021-09-07T23:36:45.000Z","StatedArea":null,"ErrorReportedBy":"DATACOMPILATION","Municipality":"0163","OBJECTID":48915,"created_user":"SDE","created_date":"2024-11-12T16:15:31.000Z","last_edited_user":"SDE","last_edited_date":"2026-03-25T16:06:10.000Z","Shape__Area":136946.109687375,"Shape__Length":3035.1512473497814,"CommonName":null,"SourceGlobalID":"{D312EEA7-0000-48A6-8871-9DBFD9643DA3}","Comments":null,"UpdateStatus":"AUTO","UpdateSource":"PMBC"}},{"type":"Feature","geometry":{"type":"Polygon","coordinates":[[[-118.507516,49.154557],[-118.507408,49.15453],[-118.505925,49.154175],[-118.504081,49.15374],[-118.504061,49.153732],[-118.50404,49.153727],[-118.504018,49.153725],[-118.504006,49.153721],[-118.503993,49.153718],[-118.50398,49.153717],[-118.503953,49.15371],[-118.503934,49.153708],[-118.503915,49.153702],[-118.503892,49.1537],[-118.503869,49.153695],[-118.503864,49.153695],[-118.503858,49.153694],[-118.503852,49.153693],[-118.503846,49.153691],[-118.503838,49.153691],[-118.50383,49.153689],[-118.503822,49.153687],[-118.503816,49.153687],[-118.50381,49.153687],[-118.503804,49.153685],[-118.503799,49.153683],[-118.503788,49.153683],[-118.503778,49.153682],[-118.503768,49.153679],[-118.503761,49.15368],[-118.503755,49.153679],[-118.503748,49.153678],[-118.503742,49.153675],[-118.503729,49.153676],[-118.503717,49.153675],[-118.503705,49.153672],[-118.503695,49.153672],[-118.503685,49.153671],[-118.503675,49.153668],[-118.503661,49.153669],[-118.503648,49.153667],[-118.503635,49.153664],[-118.503621,49.153665],[-118.503608,49.153663],[-118.503595,49.15366],[-118.503571,49.15366],[-118.503547,49.153656],[-118.503492,49.153656],[-118.503482,49.153654],[-118.503472,49.153652],[-118.503461,49.153653],[-118.503414,49.153653],[-118.503381,49.153653],[-118.503349,49.153649],[-118.503301,49.153649],[-118.503287,49.153648],[-118.503274,49.153649],[-118.503261,49.153653],[-118.503181,49.153653],[-118.503168,49.153652],[-118.503155,49.153653],[-118.503143,49.153656],[-118.503091,49.153656],[-118.503082,49.153659],[-118.503072,49.153661],[-118.503063,49.15366],[-118.50305,49.15366],[-118.503037,49.153661],[-118.503024,49.153664],[-118.503011,49.153664],[-118.502998,49.153665],[-118.502984,49.153668],[-118.502561,49.15371],[-118.502473,49.153715],[-118.502385,49.153725],[-118.502298,49.153727],[-118.50221,49.153733],[-118.501914,49.153733],[-118.501856,49.153729],[-118.501798,49.153729],[-118.501623,49.153717],[-118.501564,49.15371],[-118.501506,49.153706],[-118.501218,49.153668],[-118.500881,49.153599],[-118.50077,49.153569],[-118.500715,49.153557],[-118.500661,49.153542],[-118.499809,49.153256],[-118.499603,49.153187],[-118.499431,49.15313],[-118.499767,49.152653],[-118.499776,49.152638],[-118.500697,49.152947],[-118.500997,49.153046],[-118.501163,49.153092],[-118.501205,49.1531],[-118.501247,49.153111],[-118.501506,49.153157],[-118.50155,49.153161],[-118.501594,49.153168],[-118.501813,49.153187],[-118.501858,49.153187],[-118.501903,49.153191],[-118.501948,49.153191],[-118.501993,49.153195],[-118.502059,49.153195],[-118.502126,49.153191],[-118.502216,49.15319],[-118.502305,49.153183],[-118.502371,49.153182],[-118.502437,49.153176],[-118.502857,49.153134],[-118.502872,49.15313],[-118.502897,49.15313],[-118.502921,49.153126],[-118.502932,49.153126],[-118.502943,49.153125],[-118.502954,49.153122],[-118.502986,49.153123],[-118.503019,49.153119],[-118.503066,49.153119],[-118.503091,49.153115],[-118.503116,49.153115],[-118.503131,49.153116],[-118.503145,49.153114],[-118.50316,49.153111],[-118.503442,49.153111],[-118.503458,49.15311],[-118.503474,49.153112],[-118.50349,49.153115],[-118.503551,49.153115],[-118.503561,49.153118],[-118.503572,49.153119],[-118.503583,49.153119],[-118.503599,49.153118],[-118.503615,49.153119],[-118.503631,49.153122],[-118.503681,49.153122],[-118.503691,49.153125],[-118.503702,49.153126],[-118.503713,49.153126],[-118.503729,49.153129],[-118.503745,49.153131],[-118.503761,49.15313],[-118.50378,49.153133],[-118.503799,49.153134],[-118.503809,49.153137],[-118.50382,49.153138],[-118.503831,49.153138],[-118.503843,49.153141],[-118.503855,49.153142],[-118.503867,49.153141],[-118.503878,49.153144],[-118.503889,49.153145],[-118.5039,49.153145],[-118.503938,49.153153],[-118.503967,49.153155],[-118.503995,49.153161],[-118.504006,49.15316],[-118.504017,49.153162],[-118.504028,49.153164],[-118.504177,49.153191],[-118.504325,49.153222],[-118.504346,49.153227],[-118.504367,49.153229],[-118.505679,49.153542],[-118.505769,49.153565],[-118.508884,49.154305],[-118.510204,49.154618],[-118.510262,49.154633],[-118.510322,49.154644],[-118.51038,49.154659],[-118.51044,49.154671],[-118.510499,49.154679],[-118.510619,49.154702],[-118.510864,49.154732],[-118.510925,49.154736],[-118.510986,49.154744],[-118.511171,49.154755],[-118.511233,49.154755],[-118.511295,49.154759],[-118.511604,49.154759],[-118.511913,49.15474],[-118.512157,49.154709],[-118.512257,49.154696],[-118.512357,49.15468],[-118.512456,49.15466],[-118.512574,49.154636],[-118.512691,49.154606],[-118.512749,49.154595],[-118.512807,49.15458],[-118.518099,49.153126],[-118.520039,49.152919],[-118.519974,49.152653],[-118.520013,49.152646],[-118.520086,49.152634],[-118.520158,49.152626],[-118.520233,49.152615],[-118.520305,49.152607],[-118.520379,49.1526],[-118.520454,49.152592],[-118.520528,49.152588],[-118.520603,49.152584],[-118.520677,49.152581],[-118.520751,49.152577],[-118.520826,49.152573],[-118.5209,49.152573],[-118.520974,49.152573],[-118.521053,49.152573],[-118.521123,49.152573],[-118.521198,49.152573],[-118.521272,49.152577],[-118.521346,49.152581],[-118.521421,49.152584],[-118.521495,49.152588],[-118.52157,49.152596],[-118.521644,49.152604],[-118.521718,49.152611],[-118.521892,49.152626],[-118.522731,49.152718],[-118.522783,49.152726],[-118.522822,49.152727],[-118.522861,49.152733],[-118.522939,49.152745],[-118.522978,49.152746],[-118.523017,49.152752],[-118.523351,49.152802],[-118.523389,49.152812],[-118.523427,49.152817],[-118.523504,49.152829],[-118.523541,49.152838],[-118.52358,49.152844],[-118.523605,49.152848],[-118.52363,49.152855],[-118.523668,49.152861],[-118.523706,49.152871],[-118.523757,49.152878],[-118.523782,49.152885],[-118.523807,49.15289],[-118.523844,49.152899],[-118.523881,49.152905],[-118.523906,49.152912],[-118.523931,49.152916],[-118.523955,49.152924],[-118.52398,49.152928],[-118.524006,49.152935],[-118.524032,49.152939],[-118.524082,49.152955],[-118.524106,49.152959],[-118.524129,49.152966],[-118.524167,49.152973],[-118.524204,49.152985],[-118.524241,49.152993],[-118.524278,49.153004],[-118.524327,49.153015],[-118.524375,49.153031],[-118.5244,49.153035],[-118.527532,49.153912],[-118.527622,49.153935],[-118.527713,49.153958],[-118.527803,49.153981],[-118.527894,49.154004],[-118.527986,49.154023],[-118.528079,49.154042],[-118.528173,49.154061],[-118.528266,49.15408],[-118.52836,49.154095],[-118.528455,49.15411],[-118.528549,49.154122],[-118.528644,49.154137],[-118.528739,49.154149],[-118.528837,49.15416],[-118.528932,49.154168],[-118.529027,49.154175],[-118.529125,49.154183],[-118.529222,49.15419],[-118.529319,49.154194],[-118.529414,49.154198],[-118.529512,49.154202],[-118.529609,49.154202],[-118.529706,49.154206],[-118.529804,49.154202],[-118.529901,49.154202],[-118.529998,49.154198],[-118.530097,49.15419],[-118.530172,49.154183],[-118.530227,49.154177],[-118.530277,49.154171],[-118.53029,49.154171],[-118.530378,49.15416],[-118.530412,49.154156],[-118.530418,49.154488],[-118.53042,49.154553],[-118.530423,49.154702],[-118.530328,49.154713],[-118.530252,49.154721],[-118.530151,49.154728],[-118.530059,49.154736],[-118.529928,49.154744],[-118.529817,49.154744],[-118.529704,49.154744],[-118.529594,49.154744],[-118.529481,49.15474],[-118.529371,49.15474],[-118.52926,49.154732],[-118.529147,49.154728],[-118.529037,49.154721],[-118.528926,49.154713],[-118.528816,49.154702],[-118.528705,49.15469],[-118.528596,49.154679],[-118.528486,49.154667],[-118.528377,49.154652],[-118.528268,49.154637],[-118.528159,49.154618],[-118.528051,49.154599],[-118.527944,49.15458],[-118.527837,49.15456],[-118.52773,49.154538],[-118.527625,49.154515],[-118.527521,49.154488],[-118.527416,49.154465],[-118.527313,49.154438],[-118.52721,49.154408],[-118.524076,49.153534],[-118.524055,49.153527],[-118.524033,49.153522],[-118.524011,49.153515],[-118.52399,49.153511],[-118.523969,49.153504],[-118.523947,49.1535],[-118.523925,49.153492],[-118.523903,49.153488],[-118.523881,49.153481],[-118.523859,49.153477],[-118.523837,49.153469],[-118.523815,49.153465],[-118.523794,49.153458],[-118.523761,49.153452],[-118.523729,49.153443],[-118.523695,49.153437],[-118.523662,49.153428],[-118.523628,49.153422],[-118.523595,49.153412],[-118.523528,49.153401],[-118.523507,49.153394],[-118.523485,49.153389],[-118.523439,49.153382],[-118.523395,49.15337],[-118.522966,49.153298],[-118.522932,49.153292],[-118.522897,49.15329],[-118.522869,49.153285],[-118.52284,49.153283],[-118.522821,49.153277],[-118.522802,49.153275],[-118.522783,49.153275],[-118.522712,49.153263],[-118.522678,49.153262],[-118.522643,49.153256],[-118.52262,49.153256],[-118.522598,49.153252],[-118.521585,49.153141],[-118.521525,49.153137],[-118.521465,49.15313],[-118.521222,49.153115],[-118.521161,49.153114],[-118.5211,49.153111],[-118.520919,49.153111],[-118.520859,49.153114],[-118.520799,49.153115],[-118.520496,49.153134],[-118.520139,49.15318],[-118.519849,49.153237],[-118.519792,49.153252],[-118.519735,49.153263],[-118.519622,49.153294],[-118.513126,49.155075],[-118.513055,49.155095],[-118.512983,49.155114],[-118.512912,49.155133],[-118.51284,49.155148],[-118.512767,49.155163],[-118.512695,49.155178],[-118.512622,49.155194],[-118.512548,49.155205],[-118.512473,49.155217],[-118.512399,49.155228],[-118.512325,49.15524],[-118.51225,49.155251],[-118.512176,49.155259],[-118.5121,49.155266],[-118.512025,49.155274],[-118.511949,49.155281],[-118.511875,49.155285],[-118.511798,49.155289],[-118.511722,49.155293],[-118.511646,49.155297],[-118.511569,49.155301],[-118.511493,49.155301],[-118.511417,49.155301],[-118.51134,49.155301],[-118.511264,49.155301],[-118.511188,49.155297],[-118.511112,49.155293],[-118.511037,49.155289],[-118.510961,49.155285],[-118.510885,49.155278],[-118.510808,49.155274],[-118.510734,49.155266],[-118.51066,49.155255],[-118.510583,49.155247],[-118.510509,49.155236],[-118.510434,49.155228],[-118.51036,49.155217],[-118.510288,49.155201],[-118.510213,49.15519],[-118.510141,49.155175],[-118.510068,49.155159],[-118.509996,49.155144],[-118.509923,49.155129],[-118.507516,49.154557]]]},"properties":{"GlobalID":"{95C63FD9-C519-4AE8-BD17-C3F1FE99E085}","Name":"004216741","PlanID":"{F0DB3B36-A152-4C45-B118-275779D2B1D7}","PlanNumber":"NO_PLAN","PIN":null,"PID":4216741,"Designation1":"PART 612S","Designation2":"","Designation3":"","ParcelStatus":"ACTIVE","RegionalDistrict":"0019","ParcelClass":"SUBDIVISION","SourceParcelID":null,"GeometrySource":"MODIFIED-ICF","IsRemainder":"NO","ParcelStartDate":null,"PositionalError":13.34456374,"LegalDescription":"THAT PART OF DISTRICT LOT 612S SHOWN ON PLAN 532; SIMILKAMEEN DIVISION YALE DISTRICT","CaptureMethod":"UNKNOWN","OwnerType":"CROWN PROVINCIAL","Compiled":1,"CreatedDate":"2016-09-20T23:24:06.000Z","ModifiedDate":"2025-12-30T16:33:12.000Z","StatedArea":null,"ErrorReportedBy":"DATACOMPILATION","Municipality":"0163","OBJECTID":48916,"created_user":"SDE","created_date":"2024-11-12T16:15:31.000Z","last_edited_user":"SDE","last_edited_date":"2026-03-25T16:06:10.000Z","Shape__Area":139980.38470375,"Shape__Length":4888.388855685915,"CommonName":null,"SourceGlobalID":"{CED8BD46-8B33-4984-924B-D3502E9FB6CE}","Comments":null,"UpdateStatus":"AUTO","UpdateSource":"PMBC"}},{"type":"Feature","geometry":{"type":"Polygon","coordinates":[[[-118.579858,49.08453],[-118.579847,49.084543],[-118.579833,49.084553],[-118.579828,49.084555],[-118.579824,49.084557],[-118.57982,49.084561],[-118.579816,49.084565],[-118.579685,49.084431],[-118.579662,49.084404],[-118.579233,49.083775],[-118.578967,49.083691],[-118.575389,49.080021],[-118.575305,49.079934],[-118.574829,49.079445],[-118.574689,49.0793],[-118.574203,49.078801],[-118.574127,49.078724],[-118.574684,49.078624],[-118.575004,49.078952],[-118.575153,49.079106],[-118.575666,49.079632],[-118.575769,49.079739],[-118.576612,49.080605],[-118.577249,49.081257],[-118.579652,49.083725],[-118.579776,49.083851],[-118.579965,49.084046],[-118.580114,49.084206],[-118.580107,49.084219],[-118.580102,49.084233],[-118.580077,49.084278],[-118.580043,49.084334],[-118.580003,49.084385],[-118.579978,49.084417],[-118.57995,49.084446],[-118.579945,49.084454],[-118.579939,49.08446],[-118.579933,49.084465],[-118.57991,49.084488],[-118.579885,49.084507],[-118.579877,49.084516],[-118.579868,49.084524],[-118.579858,49.08453]]]},"properties":{"GlobalID":"{3B546C44-EA67-4243-9C22-705FD9FC934D}","Name":"014987341","PlanID":"{F0DB3B36-A152-4C45-B118-275779D2B1D7}","PlanNumber":"NO_PLAN","PIN":4546600,"PID":14987341,"Designation1":"1246S","Designation2":"","Designation3":"","ParcelStatus":"ACTIVE","RegionalDistrict":"0019","ParcelClass":"SUBDIVISION","SourceParcelID":null,"GeometrySource":"ICF","IsRemainder":"NO","ParcelStartDate":null,"PositionalError":13.34947183,"LegalDescription":"DISTRICT LOT 1246S SIMILKAMEEN DIVISION YALE DISTRICT","CaptureMethod":"UNKNOWN","OwnerType":"PRIVATE","Compiled":1,"CreatedDate":"2016-09-20T23:24:06.000Z","ModifiedDate":"2021-09-07T22:22:55.000Z","StatedArea":null,"ErrorReportedBy":"DATACOMPILATION","Municipality":"0163","OBJECTID":48917,"created_user":"SDE","created_date":"2024-11-12T16:15:31.000Z","last_edited_user":"SDE","last_edited_date":"2026-03-25T16:06:10.000Z","Shape__Area":29826.664155635,"Shape__Length":1599.6029226738456,"CommonName":null,"SourceGlobalID":"{484FAC9B-6B43-496E-9715-5A38A947C8F3}","Comments":null,"UpdateStatus":"AUTO","UpdateSource":"PMBC"}},{"type":"Feature","geometry":{"type":"MultiPolygon","coordinates":[[[[-118.562654,49.065426],[-118.562814,49.065514],[-118.562757,49.065709],[-118.56274,49.065762],[-118.562719,49.065815],[-118.562694,49.065865],[-118.562631,49.065972],[-118.562604,49.066009],[-118.562574,49.066044],[-118.562558,49.066063],[-118.562531,49.066095],[-118.562501,49.066124],[-118.561729,49.065339],[-118.561683,49.065289],[-118.561862,49.065193],[-118.562053,49.06509],[-118.562654,49.065426]]],[[[-118.560676,49.067025],[-118.560669,49.067026],[-118.560663,49.067029],[-118.560657,49.067032],[-118.560651,49.067036],[-118.560605,49.067063],[-118.560596,49.067069],[-118.560587,49.067074],[-118.560577,49.067078],[-118.560525,49.067112],[-118.560509,49.067121],[-118.560495,49.067131],[-118.560468,49.06715],[-118.560443,49.06717],[-118.560428,49.067181],[-118.560411,49.06719],[-118.560209,49.067059],[-118.559448,49.06657],[-118.559471,49.066483],[-118.561254,49.065521],[-118.561265,49.065533],[-118.562114,49.066405],[-118.562086,49.066418],[-118.562059,49.066433],[-118.562015,49.066451],[-118.561973,49.066471],[-118.561961,49.066475],[-118.560886,49.066922],[-118.560866,49.066932],[-118.560846,49.066941],[-118.560824,49.066949],[-118.560804,49.06696],[-118.560788,49.066966],[-118.560773,49.066975],[-118.560762,49.066978],[-118.560751,49.066984],[-118.560741,49.06699],[-118.56073,49.066994],[-118.56072,49.066999],[-118.56071,49.067006],[-118.560698,49.06701],[-118.560687,49.067017],[-118.560676,49.067025]]],[[[-118.563543,49.069527],[-118.563508,49.069577],[-118.563447,49.069661],[-118.562517,49.07016],[-118.560329,49.068409],[-118.560306,49.068314],[-118.560294,49.068245],[-118.560288,49.068175],[-118.560289,49.068105],[-118.560295,49.068036],[-118.560307,49.067967],[-118.560326,49.067899],[-118.56035,49.067833],[-118.560375,49.067775],[-118.560406,49.067719],[-118.560441,49.067665],[-118.560452,49.067647],[-118.560466,49.067631],[-118.560153,49.067429],[-118.560118,49.067474],[-118.560085,49.067521],[-118.560072,49.067534],[-118.560061,49.06755],[-118.560052,49.067566],[-118.560027,49.067601],[-118.560023,49.067613],[-118.560016,49.067624],[-118.560008,49.067635],[-118.559968,49.067713],[-118.559934,49.067794],[-118.559907,49.067877],[-118.559887,49.067962],[-118.559874,49.068049],[-118.559215,49.067516],[-118.559204,49.067508],[-118.559356,49.066921],[-118.55937,49.066867],[-118.560075,49.067318],[-118.563543,49.069527]]],[[[-118.562344,49.066636],[-118.562743,49.067044],[-118.563314,49.067624],[-118.564153,49.068482],[-118.564224,49.068553],[-118.563701,49.069298],[-118.560712,49.067382],[-118.560765,49.067341],[-118.560775,49.067337],[-118.560784,49.067331],[-118.560792,49.067324],[-118.560798,49.06732],[-118.560803,49.067317],[-118.560809,49.067315],[-118.560824,49.067303],[-118.56084,49.067294],[-118.56088,49.067269],[-118.560906,49.067255],[-118.560932,49.067238],[-118.560942,49.067235],[-118.560951,49.06723],[-118.56096,49.067223],[-118.560988,49.067212],[-118.561014,49.067196],[-118.561067,49.067173],[-118.561089,49.067163],[-118.561113,49.067154],[-118.562185,49.066708],[-118.562282,49.066666],[-118.562344,49.066636]]],[[[-118.567354,49.067547],[-118.566833,49.06783],[-118.565099,49.067303],[-118.564496,49.068161],[-118.563218,49.066857],[-118.562743,49.066372],[-118.562756,49.066365],[-118.562767,49.066356],[-118.562776,49.066346],[-118.562819,49.066307],[-118.56286,49.066266],[-118.562867,49.06626],[-118.562874,49.066254],[-118.562879,49.066247],[-118.562884,49.066239],[-118.562901,49.066223],[-118.562917,49.066204],[-118.562921,49.0662],[-118.562925,49.066196],[-118.562928,49.066191],[-118.56293,49.066185],[-118.562937,49.06618],[-118.562944,49.066174],[-118.562949,49.066166],[-118.562953,49.066159],[-118.562959,49.066154],[-118.562964,49.066149],[-118.562969,49.066142],[-118.562972,49.066136],[-118.563002,49.066097],[-118.56303,49.066056],[-118.563073,49.065983],[-118.563112,49.065907],[-118.563135,49.065852],[-118.563155,49.065796],[-118.563179,49.065719],[-118.5634,49.065843],[-118.564672,49.066554],[-118.565406,49.065987],[-118.567354,49.067547]]]]},"properties":{"GlobalID":"{78FD2C12-00CD-4941-8196-B39F448DD324}","Name":"009524860","PlanID":"{F0DB3B36-A152-4C45-B118-275779D2B1D7}","PlanNumber":"NO_PLAN","PIN":null,"PID":9524860,"Designation1":"PART 2701","Designation2":"","Designation3":"","ParcelStatus":"ACTIVE","RegionalDistrict":"0019","ParcelClass":"SUBDIVISION","SourceParcelID":null,"GeometrySource":"ICF","IsRemainder":"NO","ParcelStartDate":null,"PositionalError":13.34947183,"LegalDescription":"THE SURFACE OF THAT PART DISTRICT LOT 2701 SIMILKAMEEN DIVISION YALE DIVISION INCLUDED WITHIN THE BOUNDARIES OF DISTRICT LOT 1554 SIMILKAMEEN DIVISION YALE DISTRICT SURVEYED AS THE \"MOLLY PRITCHARD\" MINERAL CLAIM","CaptureMethod":"UNKNOWN","OwnerType":"CROWN PROVINCIAL","Compiled":1,"CreatedDate":"2016-09-20T23:24:06.000Z","ModifiedDate":"2021-09-07T21:45:46.000Z","StatedArea":null,"ErrorReportedBy":"DATACOMPILATION","Municipality":"0163","OBJECTID":48918,"created_user":"SDE","created_date":"2024-11-12T16:15:31.000Z","last_edited_user":"SDE","last_edited_date":"2026-03-25T16:06:10.000Z","Shape__Area":124044.277673915,"Shape__Length":3817.5111761791572,"CommonName":null,"SourceGlobalID":"{DF2ADAA5-D05B-408E-AB0D-A6E6DBF79C25}","Comments":null,"UpdateStatus":"AUTO","UpdateSource":"PMBC"}},{"type":"Feature","geometry":{"type":"Polygon","coordinates":[[[-118.604463,49.101495],[-118.604588,49.101233],[-118.604707,49.101258],[-118.604583,49.10152],[-118.604463,49.101495]]]},"properties":{"GlobalID":"{70C48174-CADE-4243-A39B-1C684855B61C}","Name":"012350729","PlanID":"{67A7B38A-B002-4218-8A90-8446F8098990}","PlanNumber":"KAP59","PIN":null,"PID":12350729,"Designation1":"Lot 1","Designation2":"Block 1","Designation3":"","ParcelStatus":"ACTIVE","RegionalDistrict":"0019","ParcelClass":"SUBDIVISION","SourceParcelID":null,"GeometrySource":"PMBC-COMPILATION","IsRemainder":"NO","ParcelStartDate":null,"PositionalError":13.34947183,"LegalDescription":"LOT 1 BLOCK 1 DISTRICT LOT 980 SIMILKAMEEN DIVISION YALE DISTRICT PLAN 59","CaptureMethod":"COGO","OwnerType":"PRIVATE","Compiled":0,"CreatedDate":"2016-09-20T23:24:06.000Z","ModifiedDate":"2021-09-07T21:45:46.000Z","StatedArea":null,"ErrorReportedBy":"DATACOMPILATION","Municipality":"0163","OBJECTID":48919,"created_user":"SDE","created_date":"2024-11-12T16:15:31.000Z","last_edited_user":"SDE","last_edited_date":"2026-03-25T16:06:10.000Z","Shape__Area":279.39902171,"Shape__Length":79.3455732378329,"CommonName":null,"SourceGlobalID":"{1FE99AEC-28B5-41CC-8BE5-FE3DE6A74DA0}","Comments":null,"UpdateStatus":"AUTO","UpdateSource":"PMBC"}},{"type":"Feature","geometry":{"type":"Polygon","coordinates":[[[-118.604229,49.101163],[-118.60437,49.101189],[-118.604246,49.101451],[-118.604106,49.101422],[-118.604229,49.101163]]]},"properties":{"GlobalID":"{F918E808-8540-4CD8-820D-55046C472B71}","Name":"012350800","PlanID":"{67A7B38A-B002-4218-8A90-8446F8098990}","PlanNumber":"KAP59","PIN":null,"PID":12350800,"Designation1":"Lot 4","Designation2":"Block 1","Designation3":"","ParcelStatus":"ACTIVE","RegionalDistrict":"0019","ParcelClass":"SUBDIVISION","SourceParcelID":null,"GeometrySource":"PMBC-COMPILATION","IsRemainder":"NO","ParcelStartDate":null,"PositionalError":13.34947183,"LegalDescription":"LOT 4 BLOCK 1 DISTRICT LOT 980 SIMILKAMEEN DIVISION YALE DISTRICT PLAN 59","CaptureMethod":"COGO","OwnerType":"PRIVATE","Compiled":0,"CreatedDate":"2016-09-20T23:24:06.000Z","ModifiedDate":"2021-09-07T21:45:46.000Z","StatedArea":null,"ErrorReportedBy":"DATACOMPILATION","Municipality":"0163","OBJECTID":48920,"created_user":"SDE","created_date":"2024-11-12T16:15:31.000Z","last_edited_user":"SDE","last_edited_date":"2026-03-25T16:06:10.000Z","Shape__Area":324.3366906,"Shape__Length":82.0967024828146,"CommonName":null,"SourceGlobalID":"{6B64183D-18FD-4AE5-8FF9-235541C0EECE}","Comments":null,"UpdateStatus":"AUTO","UpdateSource":"PMBC"}},{"type":"Feature","geometry":{"type":"Polygon","coordinates":[[[-118.604198,49.089104],[-118.60417,49.089108],[-118.604143,49.089108],[-118.604101,49.089112],[-118.604059,49.089112],[-118.604031,49.089115],[-118.604003,49.089116],[-118.603976,49.089119],[-118.603948,49.089119],[-118.60392,49.089123],[-118.603893,49.089123],[-118.603851,49.089129],[-118.603809,49.089131],[-118.603781,49.089134],[-118.603753,49.089135],[-118.603713,49.089141],[-118.603671,49.089142],[-118.603616,49.08915],[-118.603575,49.089152],[-118.603534,49.089157],[-118.603493,49.089163],[-118.603452,49.089165],[-118.603286,49.089188],[-118.603245,49.089194],[-118.603204,49.089196],[-118.603149,49.089203],[-118.603095,49.089215],[-118.60296,49.089234],[-118.602905,49.089241],[-118.602851,49.089253],[-118.602744,49.089268],[-118.602705,49.089278],[-118.602664,49.089283],[-118.602624,49.089293],[-118.602582,49.089299],[-118.602598,49.089278],[-118.602808,49.088989],[-118.602857,49.088982],[-118.602899,49.088977],[-118.602941,49.088967],[-118.603254,49.088925],[-118.60331,49.088916],[-118.603366,49.088913],[-118.603509,49.088894],[-118.603538,49.088894],[-118.603566,49.08889],[-118.603609,49.088885],[-118.603652,49.088883],[-118.603695,49.088877],[-118.603738,49.088875],[-118.603767,49.088872],[-118.603795,49.088871],[-118.603838,49.088865],[-118.603881,49.088864],[-118.60391,49.08886],[-118.603938,49.08886],[-118.603968,49.088856],[-118.603998,49.088856],[-118.604026,49.088853],[-118.604055,49.088852],[-118.604098,49.088848],[-118.604141,49.088849],[-118.604169,49.088845],[-118.604198,49.088845],[-118.604242,49.088841],[-118.604286,49.088841],[-118.604328,49.088837],[-118.604371,49.088837],[-118.609889,49.088646],[-118.611198,49.088601],[-118.612027,49.08857],[-118.612998,49.088536],[-118.614299,49.088494],[-118.616336,49.088421],[-118.616798,49.088406],[-118.616817,49.088406],[-118.621698,49.088234],[-118.622953,49.088192],[-118.62651,49.088066],[-118.630699,49.087922],[-118.630732,49.087921],[-118.630765,49.087918],[-118.630816,49.087918],[-118.630866,49.087914],[-118.6309,49.087914],[-118.630933,49.08791],[-118.630984,49.08791],[-118.631034,49.087906],[-118.631069,49.087906],[-118.631076,49.087902],[-118.631074,49.088162],[-118.631045,49.088166],[-118.631015,49.088166],[-118.630979,49.088166],[-118.630943,49.088169],[-118.630906,49.08817],[-118.63087,49.088173],[-118.630798,49.088174],[-118.630727,49.088181],[-118.62602,49.088345],[-118.62292,49.088452],[-118.621778,49.088494],[-118.617002,49.088658],[-118.613756,49.088772],[-118.61157,49.088848],[-118.610679,49.088879],[-118.610267,49.088893],[-118.610203,49.088895],[-118.609981,49.088902],[-118.609713,49.088913],[-118.604392,49.089096],[-118.604364,49.089096],[-118.604322,49.089101],[-118.60428,49.0891],[-118.604239,49.089104],[-118.604198,49.089104]]]},"properties":{"GlobalID":"{A83B7113-C662-4453-BCE3-77373B19C7E3}","Name":"003178501","PlanID":"{F0DB3B36-A152-4C45-B118-275779D2B1D7}","PlanNumber":"NO_PLAN","PIN":4547480,"PID":3178501,"Designation1":"1250S","Designation2":"","Designation3":"","ParcelStatus":"ACTIVE","RegionalDistrict":"0019","ParcelClass":"SUBDIVISION","SourceParcelID":null,"GeometrySource":"ICF","IsRemainder":"NO","ParcelStartDate":null,"PositionalError":13.34947183,"LegalDescription":"DISTRICT LOT 1250S SIMILKAMEEN DIVISION YALE DISTRICT","CaptureMethod":"UNKNOWN","OwnerType":"PRIVATE","Compiled":1,"CreatedDate":"2016-09-20T23:24:06.000Z","ModifiedDate":"2021-09-07T22:22:55.000Z","StatedArea":null,"ErrorReportedBy":"DATACOMPILATION","Municipality":"0163","OBJECTID":48921,"created_user":"SDE","created_date":"2024-11-12T16:15:31.000Z","last_edited_user":"SDE","last_edited_date":"2026-03-25T16:06:10.000Z","Shape__Area":60044.865960095,"Shape__Length":4221.879632227266,"CommonName":null,"SourceGlobalID":"{7B0102CC-1A45-475B-A80C-6A3A27DDC2B4}","Comments":null,"UpdateStatus":"AUTO","UpdateSource":"PMBC"}},{"type":"Feature","geometry":{"type":"Polygon","coordinates":[[[-118.587417,49.091079],[-118.587139,49.08984],[-118.587087,49.089608],[-118.587007,49.089253],[-118.586856,49.088574],[-118.590436,49.091862],[-118.590705,49.091603],[-118.587308,49.088486],[-118.587409,49.088478],[-118.589536,49.088272],[-118.5927,49.087967],[-118.592773,49.08796],[-118.592832,49.087952],[-118.59304,49.087933],[-118.593112,49.088253],[-118.593218,49.088725],[-118.593604,49.090447],[-118.593845,49.091521],[-118.593943,49.091961],[-118.591619,49.092186],[-118.588266,49.092493],[-118.587964,49.092521],[-118.587743,49.092541],[-118.58766,49.092168],[-118.587559,49.091713],[-118.587455,49.091247],[-118.587417,49.091079]]]},"properties":{"GlobalID":"{0C58729A-081D-4A22-B744-D019431DE37C}","Name":"014821613","PlanID":"{F0DB3B36-A152-4C45-B118-275779D2B1D7}","PlanNumber":"NO_PLAN","PIN":4475230,"PID":14821613,"Designation1":"701","Designation2":null,"Designation3":null,"ParcelStatus":"ACTIVE","RegionalDistrict":"0019","ParcelClass":"SUBDIVISION","SourceParcelID":null,"GeometrySource":"ICF","IsRemainder":"NO","ParcelStartDate":null,"PositionalError":13.34947183,"LegalDescription":"THE SURFACE OF DISTRICT LOT 701 SIMILKAMEEN DIVISION YALE DISTRICT SURVEYED AS THE \"MONARCH\" MINERAL CLAIM","CaptureMethod":"UNKNOWN","OwnerType":"CROWN PROVINCIAL","Compiled":1,"CreatedDate":"2016-09-20T23:24:06.000Z","ModifiedDate":"2021-09-07T21:45:46.000Z","StatedArea":null,"ErrorReportedBy":"DATACOMPILATION","Municipality":"0163","OBJECTID":48922,"created_user":"SDE","created_date":"2024-11-12T16:15:31.000Z","last_edited_user":"SDE","last_edited_date":"2026-03-25T16:06:10.000Z","Shape__Area":192279.86709921,"Shape__Length":2689.298053135924,"CommonName":null,"SourceGlobalID":"{D559E9C2-334D-4520-9D96-4476E828034C}","Comments":null,"UpdateStatus":"AUTO","UpdateSource":"PMBC"}},{"type":"Feature","geometry":{"type":"MultiPolygon","coordinates":[[[[-118.546549,49.058686],[-118.546552,49.058307],[-118.546897,49.058531],[-118.546934,49.058935],[-118.546549,49.058686]]],[[[-118.529706,49.049023],[-118.529707,49.048729],[-118.53199,49.04953],[-118.532739,49.04979],[-118.533033,49.049896],[-118.533195,49.049957],[-118.533355,49.050022],[-118.533525,49.050091],[-118.533683,49.05016],[-118.533838,49.050229],[-118.533992,49.050297],[-118.534143,49.05037],[-118.534293,49.050446],[-118.53444,49.050522],[-118.534585,49.050599],[-118.534732,49.050679],[-118.534746,49.050682],[-118.534829,49.050728],[-118.534904,49.05077],[-118.53498,49.050816],[-118.535053,49.050858],[-118.535125,49.050904],[-118.535217,49.050965],[-118.540862,49.054554],[-118.540973,49.054627],[-118.545627,49.057709],[-118.546274,49.058128],[-118.546309,49.058531],[-118.545629,49.058091],[-118.540944,49.054982],[-118.540813,49.054898],[-118.534826,49.051091],[-118.534753,49.051045],[-118.534679,49.050999],[-118.534604,49.050953],[-118.534528,49.050908],[-118.534452,49.050866],[-118.534374,49.050824],[-118.534293,49.050782],[-118.534213,49.050743],[-118.534101,49.05069],[-118.53407,49.050675],[-118.533927,49.050602],[-118.533782,49.050534],[-118.533635,49.050465],[-118.533487,49.0504],[-118.533336,49.050332],[-118.533183,49.05027],[-118.533029,49.050209],[-118.532872,49.050148],[-118.532716,49.050091],[-118.532546,49.05003],[-118.531987,49.049836],[-118.529706,49.049023]]],[[[-118.563543,49.069527],[-118.560075,49.067318],[-118.55937,49.066867],[-118.553926,49.063397],[-118.553127,49.062889],[-118.552507,49.062493],[-118.551157,49.061661],[-118.550561,49.061276],[-118.547824,49.059508],[-118.547787,49.059103],[-118.551155,49.06128],[-118.55257,49.062157],[-118.55319,49.062554],[-118.554461,49.06337],[-118.559448,49.06657],[-118.560209,49.067059],[-118.560411,49.06719],[-118.560401,49.0672],[-118.560392,49.067204],[-118.560693,49.067395],[-118.560701,49.067391],[-118.560712,49.067382],[-118.563701,49.069298],[-118.564901,49.070068],[-118.565496,49.070392],[-118.566068,49.070644],[-118.56633,49.070719],[-118.566488,49.070877],[-118.566537,49.070931],[-118.566713,49.07111],[-118.566211,49.070969],[-118.565793,49.070824],[-118.565463,49.070691],[-118.565099,49.070511],[-118.564786,49.070317],[-118.563543,49.069527]]],[[[-118.606695,49.088487],[-118.607469,49.088456],[-118.607478,49.088457],[-118.610973,49.088318],[-118.611198,49.088311],[-118.612142,49.088272],[-118.613607,49.088215],[-118.613867,49.088204],[-118.615049,49.088157],[-118.615359,49.088143],[-118.616561,49.088096],[-118.622997,49.087868],[-118.631075,49.087628],[-118.631076,49.087719],[-118.631075,49.087887],[-118.631076,49.087902],[-118.631069,49.087906],[-118.631034,49.087906],[-118.630984,49.08791],[-118.630933,49.08791],[-118.6309,49.087914],[-118.630866,49.087914],[-118.630816,49.087918],[-118.630765,49.087918],[-118.630732,49.087921],[-118.630699,49.087922],[-118.62651,49.088066],[-118.622953,49.088192],[-118.621698,49.088234],[-118.616817,49.088406],[-118.616798,49.088406],[-118.616336,49.088421],[-118.614299,49.088494],[-118.612998,49.088536],[-118.612027,49.08857],[-118.611198,49.088601],[-118.609889,49.088646],[-118.604371,49.088837],[-118.604328,49.088837],[-118.604286,49.088841],[-118.604242,49.088841],[-118.604198,49.088845],[-118.604169,49.088845],[-118.604141,49.088849],[-118.604098,49.088848],[-118.604055,49.088852],[-118.604026,49.088853],[-118.603998,49.088856],[-118.603968,49.088856],[-118.603938,49.08886],[-118.60391,49.08886],[-118.603881,49.088864],[-118.603838,49.088865],[-118.603795,49.088871],[-118.603767,49.088872],[-118.603738,49.088875],[-118.603695,49.088877],[-118.603652,49.088883],[-118.603609,49.088885],[-118.603566,49.08889],[-118.603538,49.088894],[-118.603509,49.088894],[-118.603366,49.088913],[-118.60331,49.088916],[-118.603254,49.088925],[-118.602941,49.088967],[-118.602899,49.088977],[-118.602857,49.088982],[-118.602808,49.088989],[-118.602844,49.08894],[-118.603037,49.088673],[-118.603054,49.08865],[-118.603225,49.088639],[-118.603599,49.08862],[-118.603856,49.088604],[-118.606695,49.088487]]],[[[-118.567371,49.071114],[-118.567239,49.070977],[-118.567725,49.071122],[-118.56789,49.071177],[-118.568364,49.071339],[-118.568876,49.071606],[-118.569421,49.071949],[-118.570115,49.072537],[-118.571325,49.073666],[-118.57246,49.07473],[-118.572486,49.074757],[-118.575858,49.077912],[-118.576304,49.078333],[-118.576482,49.078499],[-118.579744,49.081551],[-118.58057,49.08231],[-118.580632,49.082365],[-118.581222,49.082909],[-118.584358,49.085781],[-118.584489,49.085904],[-118.58476,49.086152],[-118.584937,49.086312],[-118.587289,49.088471],[-118.587308,49.088486],[-118.590705,49.091603],[-118.590436,49.091862],[-118.586856,49.088574],[-118.586793,49.088517],[-118.584731,49.086625],[-118.584348,49.08627],[-118.584291,49.08622],[-118.584173,49.08611],[-118.580806,49.08302],[-118.580417,49.082663],[-118.580364,49.082611],[-118.579204,49.081547],[-118.576267,49.078797],[-118.575855,49.078411],[-118.575404,49.077992],[-118.572038,49.074837],[-118.572009,49.07481],[-118.571075,49.073933],[-118.569972,49.072899],[-118.569438,49.07235],[-118.569074,49.072068],[-118.568662,49.071808],[-118.568286,49.071629],[-118.567924,49.071473],[-118.567685,49.071392],[-118.567621,49.07137],[-118.567371,49.071114]]]]},"properties":{"GlobalID":"{3FB3D13B-4E4F-494C-A016-2E2A86428B4C}","Name":"009545590","PlanID":"{2A3E8920-95EC-4ED6-BA41-7D1E8FF732AC}","PlanNumber":"KAP1184","PIN":null,"PID":9545590,"Designation1":"Lot 13","Designation2":"","Designation3":"","ParcelStatus":"ACTIVE","RegionalDistrict":"0019","ParcelClass":"SUBDIVISION","SourceParcelID":null,"GeometrySource":"ICF","IsRemainder":"NO","ParcelStartDate":null,"PositionalError":13.34456374,"LegalDescription":"SUB LOT 13 DISTRICT LOT 2701 SIMILKAMEEN DIVISION YALE DISTRICT PLAN 1184","CaptureMethod":"UNKNOWN","OwnerType":"PRIVATE","Compiled":1,"CreatedDate":"2016-09-20T23:24:06.000Z","ModifiedDate":"2025-02-27T21:45:08.000Z","StatedArea":null,"ErrorReportedBy":"DATACOMPILATION","Municipality":"0163","OBJECTID":48923,"created_user":"SDE","created_date":"2024-11-12T16:15:31.000Z","last_edited_user":"SDE","last_edited_date":"2026-03-25T16:06:10.000Z","Shape__Area":261605.74040815,"Shape__Length":17320.737992630504,"CommonName":null,"SourceGlobalID":"{FD10AD12-71C5-4E79-9AC6-88716D2720C2}","Comments":null,"UpdateStatus":"AUTO","UpdateSource":"PMBC"}},{"type":"Feature","geometry":{"type":"MultiPolygon","coordinates":[[[[-118.600754,49.101462],[-118.600661,49.101415],[-118.600661,49.101408],[-118.600646,49.101105],[-118.600705,49.101133],[-118.600712,49.101137],[-118.600875,49.10123],[-118.601496,49.101583],[-118.601614,49.10165],[-118.601736,49.101713],[-118.60186,49.101769],[-118.602301,49.101963],[-118.602409,49.102018],[-118.602711,49.102176],[-118.603092,49.102427],[-118.603181,49.102481],[-118.603273,49.102529],[-118.603368,49.102571],[-118.603377,49.10278],[-118.603379,49.102833],[-118.603268,49.102796],[-118.603159,49.102753],[-118.603052,49.102704],[-118.602949,49.102649],[-118.602848,49.102589],[-118.602478,49.102345],[-118.602287,49.102243],[-118.602094,49.102146],[-118.601668,49.101959],[-118.601531,49.101896],[-118.601396,49.101827],[-118.601265,49.101753],[-118.600754,49.101462]]],[[[-118.603397,49.103293],[-118.603405,49.103499],[-118.603407,49.10355],[-118.603325,49.103526],[-118.603244,49.103498],[-118.603165,49.103466],[-118.603087,49.10343],[-118.6008,49.10223],[-118.600694,49.102176],[-118.600688,49.10203],[-118.600678,49.10181],[-118.600956,49.101962],[-118.601058,49.102014],[-118.603338,49.103211],[-118.603395,49.103238],[-118.603397,49.10328],[-118.603397,49.103293]]]]},"properties":{"GlobalID":"{172FC467-26DE-426A-8AC3-E5C6713C1E5F}","Name":"014865696","PlanID":"{F0DB3B36-A152-4C45-B118-275779D2B1D7}","PlanNumber":"NO_PLAN","PIN":null,"PID":14865696,"Designation1":"PART 796","Designation2":"","Designation3":"","ParcelStatus":"ACTIVE","RegionalDistrict":"0019","ParcelClass":"SUBDIVISION","SourceParcelID":null,"GeometrySource":"MODIFIED-ICF","IsRemainder":"NO","ParcelStartDate":null,"PositionalError":13.34947183,"LegalDescription":" THAT PORTION OF THE SURFACE OF DISTRICT LOT 796 SIMILKAMEEN DIVISION, YALE DISTRICT KNOWN AS THE \"BROOKLYN\" MINERAL CLAIM SHOWN ON A PLAN, ATTACHED TO AFPB VOL 5 FOLIO 419 NO. 7768A","CaptureMethod":"UNKNOWN","OwnerType":"CROWN PROVINCIAL","Compiled":1,"CreatedDate":"2016-09-20T23:24:06.000Z","ModifiedDate":"2021-09-07T22:22:55.000Z","StatedArea":null,"ErrorReportedBy":"DATACOMPILATION","Municipality":"0163","OBJECTID":48924,"created_user":"SDE","created_date":"2024-11-12T16:15:31.000Z","last_edited_user":"SDE","last_edited_date":"2026-03-25T16:06:10.000Z","Shape__Area":14175.15586762,"Shape__Length":1155.4588675916775,"CommonName":null,"SourceGlobalID":"{59CC3704-85B9-4EEA-B66E-274DE09CDA2A}","Comments":null,"UpdateStatus":"AUTO","UpdateSource":"PMBC"}},{"type":"Feature","geometry":{"type":"MultiPolygon","coordinates":[[[[-118.588506,49.079228],[-118.589443,49.079514],[-118.589479,49.079564],[-118.589052,49.079895],[-118.588491,49.08033],[-118.588493,49.080197],[-118.588493,49.080178],[-118.588497,49.079945],[-118.588498,49.079831],[-118.588506,49.079228]]],[[[-118.588516,49.078595],[-118.588516,49.078583],[-118.588518,49.07842],[-118.588528,49.077637],[-118.588537,49.076993],[-118.589565,49.077],[-118.589927,49.077003],[-118.59093,49.077008],[-118.591031,49.07701],[-118.591501,49.077012],[-118.593606,49.077026],[-118.594738,49.077034],[-118.5948,49.077034],[-118.594798,49.077156],[-118.594777,49.078587],[-118.594777,49.07861],[-118.594777,49.078637],[-118.594741,49.081017],[-118.594739,49.08112],[-118.592666,49.081131],[-118.592344,49.081131],[-118.591401,49.080605],[-118.591235,49.080513],[-118.59049,49.080098],[-118.589982,49.079811],[-118.589919,49.079777],[-118.589715,49.079663],[-118.589662,49.079636],[-118.589536,49.079564],[-118.589518,49.079555],[-118.589502,49.079544],[-118.589493,49.079546],[-118.58949,49.079494],[-118.589491,49.079441],[-118.588861,49.079247],[-118.588636,49.079174],[-118.588508,49.079136],[-118.588516,49.078595]]]]},"properties":{"GlobalID":"{AAC010EF-9BBF-4893-BC9A-75F61B957D6A}","Name":"015132986","PlanID":"{F0DB3B36-A152-4C45-B118-275779D2B1D7}","PlanNumber":"NO_PLAN","PIN":null,"PID":15132986,"Designation1":"","Designation2":"","Designation3":"","ParcelStatus":"ACTIVE","RegionalDistrict":"0019","ParcelClass":"SUBDIVISION","SourceParcelID":null,"GeometrySource":"ICF","IsRemainder":"NO","ParcelStartDate":null,"PositionalError":13.34947183,"LegalDescription":"THE SURFACE OF THAT PART OF DISTRICT LOT 2701 LYING WITHIN THE BOUNDARIES OF DISTRICT LOT 1550 SIMILKAMEEN DIVISION YALE DISTRICT KNOWN AS THE \"SILVER STAR\" MINERAL CLAIM","CaptureMethod":"UNKNOWN","OwnerType":"CROWN PROVINCIAL","Compiled":1,"CreatedDate":"2016-09-20T23:24:06.000Z","ModifiedDate":"2021-09-07T23:36:45.000Z","StatedArea":null,"ErrorReportedBy":"DATACOMPILATION","Municipality":"0163","OBJECTID":48925,"created_user":"SDE","created_date":"2024-11-12T16:15:31.000Z","last_edited_user":"SDE","last_edited_date":"2026-03-25T16:06:10.000Z","Shape__Area":180444.513042145,"Shape__Length":2005.1641630863805,"CommonName":null,"SourceGlobalID":"{3EB489FE-B455-4D84-AC0D-57D3F512BD60}","Comments":null,"UpdateStatus":"AUTO","UpdateSource":"PMBC"}},{"type":"Feature","geometry":{"type":"Polygon","coordinates":[[[-118.603377,49.10278],[-118.603368,49.102571],[-118.603481,49.102612],[-118.603596,49.102647],[-118.603713,49.102675],[-118.604709,49.102885],[-118.604868,49.102918],[-118.605026,49.102958],[-118.605182,49.103006],[-118.605335,49.103059],[-118.605487,49.10312],[-118.606874,49.103654],[-118.606985,49.103691],[-118.607098,49.103722],[-118.607212,49.103748],[-118.607327,49.103768],[-118.607444,49.103781],[-118.607561,49.103789],[-118.607678,49.103791],[-118.607795,49.103787],[-118.608583,49.103719],[-118.60874,49.103708],[-118.608896,49.103703],[-118.609053,49.103705],[-118.609209,49.103714],[-118.609365,49.103729],[-118.60952,49.103751],[-118.609527,49.10394],[-118.609528,49.103973],[-118.609377,49.103962],[-118.609225,49.103958],[-118.609073,49.10396],[-118.608921,49.103968],[-118.60877,49.103984],[-118.608619,49.104005],[-118.607976,49.104098],[-118.607841,49.104116],[-118.607705,49.104126],[-118.607568,49.104129],[-118.607432,49.104126],[-118.607296,49.104115],[-118.60716,49.104098],[-118.607026,49.104074],[-118.606893,49.104043],[-118.606762,49.104005],[-118.605629,49.103597],[-118.605513,49.103561],[-118.605395,49.103531],[-118.605276,49.103508],[-118.605155,49.103493],[-118.605034,49.103484],[-118.604913,49.103481],[-118.604791,49.103486],[-118.60467,49.103498],[-118.604209,49.10356],[-118.604092,49.103572],[-118.603976,49.103576],[-118.603861,49.103574],[-118.603745,49.103565],[-118.603631,49.103549],[-118.603517,49.103528],[-118.603405,49.103499],[-118.603397,49.103293],[-118.603488,49.103325],[-118.603581,49.10335],[-118.603675,49.10337],[-118.60377,49.103384],[-118.603866,49.103393],[-118.603962,49.103395],[-118.604058,49.103392],[-118.60416,49.103382],[-118.604618,49.10332],[-118.604746,49.103307],[-118.604874,49.103301],[-118.605003,49.103301],[-118.605132,49.103308],[-118.60526,49.103321],[-118.605387,49.103341],[-118.605513,49.103367],[-118.605638,49.103399],[-118.605761,49.103438],[-118.605341,49.103273],[-118.605207,49.103219],[-118.605071,49.103171],[-118.604934,49.103129],[-118.604794,49.103093],[-118.60467,49.103067],[-118.603629,49.102847],[-118.603502,49.102817],[-118.603377,49.10278]]]},"properties":{"GlobalID":"{B0AF4EAE-12BD-485B-9575-31B769BD126D}","Name":"014922142","PlanID":"{F0DB3B36-A152-4C45-B118-275779D2B1D7}","PlanNumber":"NO_PLAN","PIN":null,"PID":14922142,"Designation1":"PART 980","Designation2":"","Designation3":"","ParcelStatus":"ACTIVE","RegionalDistrict":"0019","ParcelClass":"SUBDIVISION","SourceParcelID":null,"GeometrySource":"MODIFIED-ICF","IsRemainder":"NO","ParcelStartDate":null,"PositionalError":13.34947183,"LegalDescription":"THAT PART OF THE SURFACE OF DISTRICT LOT 980 SIMILKAMEEN DIVISION YALE DISTRICT SHOWN OUTLINED RED ON PLAN ATTACHED TO AFPB VOL 4 FOL 381 NO. 4991A SURVEYED AS THE \"CIMERON\" MINERAL CLAIM","CaptureMethod":"UNKNOWN","OwnerType":"PRIVATE","Compiled":1,"CreatedDate":"2016-09-20T23:24:06.000Z","ModifiedDate":"2021-09-07T22:22:55.000Z","StatedArea":null,"ErrorReportedBy":"DATACOMPILATION","Municipality":"0163","OBJECTID":48926,"created_user":"SDE","created_date":"2024-11-12T16:15:31.000Z","last_edited_user":"SDE","last_edited_date":"2026-03-25T16:06:10.000Z","Shape__Area":17649.826012545,"Shape__Length":1386.5540147988029,"CommonName":null,"SourceGlobalID":"{1EEE4DD6-5596-478B-96DC-55DAC30891AA}","Comments":null,"UpdateStatus":"AUTO","UpdateSource":"PMBC"}},{"type":"Feature","geometry":{"type":"MultiPolygon","coordinates":[[[[-118.67342,49.079488],[-118.675884,49.078984],[-118.676109,49.078933],[-118.676336,49.07889],[-118.676564,49.078853],[-118.676793,49.078822],[-118.677023,49.078799],[-118.677254,49.078783],[-118.677485,49.078773],[-118.677716,49.07877],[-118.677674,49.07903],[-118.677407,49.07904],[-118.67714,49.079057],[-118.676874,49.07908],[-118.676608,49.07911],[-118.675662,49.079304],[-118.67479,49.079481],[-118.67342,49.079488]]],[[[-118.666845,49.081123],[-118.665414,49.081417],[-118.66525,49.081452],[-118.663608,49.081787],[-118.663469,49.081814],[-118.663394,49.081829],[-118.660745,49.082364],[-118.66019,49.082188],[-118.662938,49.081636],[-118.663203,49.081583],[-118.66334,49.081556],[-118.665655,49.081079],[-118.667217,49.080759],[-118.668148,49.080568],[-118.669431,49.080305],[-118.669488,49.080296],[-118.672128,49.079754],[-118.672166,49.079747],[-118.672174,49.080033],[-118.672132,49.08004],[-118.670886,49.080296],[-118.669551,49.080571],[-118.669105,49.080662],[-118.666967,49.081097],[-118.666845,49.081123]]],[[[-118.660425,49.082428],[-118.657817,49.082955],[-118.655174,49.083485],[-118.650632,49.084401],[-118.650384,49.084446],[-118.650366,49.08445],[-118.649486,49.084626],[-118.64428,49.085675],[-118.644018,49.085728],[-118.639865,49.08656],[-118.639846,49.086563],[-118.633928,49.087754],[-118.633352,49.087872],[-118.63325,49.087891],[-118.633215,49.087899],[-118.633163,49.08791],[-118.63311,49.087918],[-118.633058,49.087929],[-118.633005,49.087937],[-118.632954,49.087948],[-118.632902,49.087956],[-118.63285,49.087967],[-118.632798,49.087975],[-118.632763,49.087982],[-118.632727,49.087986],[-118.632692,49.087994],[-118.632656,49.087998],[-118.632604,49.088007],[-118.632552,49.088013],[-118.632498,49.088023],[-118.632445,49.088028],[-118.632393,49.088038],[-118.63234,49.088043],[-118.632305,49.088051],[-118.632269,49.088055],[-118.632197,49.088062],[-118.632126,49.088074],[-118.631699,49.08812],[-118.631645,49.088121],[-118.63159,49.088127],[-118.631537,49.088133],[-118.631484,49.088135],[-118.63143,49.088141],[-118.631377,49.088143],[-118.631323,49.088149],[-118.631268,49.08815],[-118.631232,49.088154],[-118.631196,49.088154],[-118.631135,49.088161],[-118.631074,49.088162],[-118.631076,49.087902],[-118.631105,49.087902],[-118.631133,49.087899],[-118.631167,49.087898],[-118.6312,49.087895],[-118.631251,49.087893],[-118.631301,49.087887],[-118.631352,49.087886],[-118.631402,49.08788],[-118.631436,49.087879],[-118.631469,49.087876],[-118.631519,49.08787],[-118.631568,49.087868],[-118.632198,49.087796],[-118.632231,49.087788],[-118.632264,49.087784],[-118.632313,49.087779],[-118.632362,49.087769],[-118.632428,49.087761],[-118.632477,49.087752],[-118.632526,49.087746],[-118.632558,49.087739],[-118.632591,49.087735],[-118.632624,49.087727],[-118.632657,49.087723],[-118.63268,49.087721],[-118.632701,49.087716],[-118.632761,49.087706],[-118.632819,49.087693],[-118.632852,49.087689],[-118.632884,49.087681],[-118.632933,49.087674],[-118.632982,49.087662],[-118.633013,49.087658],[-118.633045,49.087651],[-118.633789,49.0875],[-118.639715,49.086308],[-118.639715,49.086308],[-118.639741,49.086304],[-118.64388,49.085469],[-118.64414,49.085415],[-118.64414,49.085415],[-118.649401,49.084359],[-118.650273,49.084183],[-118.650284,49.084179],[-118.650538,49.084134],[-118.654809,49.083271],[-118.654836,49.083268],[-118.657237,49.082783],[-118.660091,49.082207],[-118.660425,49.082428]]]]},"properties":{"GlobalID":"{5C2CD1E1-557B-4834-8F61-490DD79008B0}","Name":"014987279","PlanID":"{F0DB3B36-A152-4C45-B118-275779D2B1D7}","PlanNumber":"NO_PLAN","PIN":4546280,"PID":14987279,"Designation1":"1243S","Designation2":null,"Designation3":null,"ParcelStatus":"ACTIVE","RegionalDistrict":"0019","ParcelClass":"SUBDIVISION","SourceParcelID":null,"GeometrySource":"ICF","IsRemainder":"NO","ParcelStartDate":null,"PositionalError":13.34947183,"LegalDescription":"DISTRICT LOT 1243S SIMILKAMEEN DIVISION YALE DISTRICT","CaptureMethod":"UNKNOWN","OwnerType":"PRIVATE","Compiled":1,"CreatedDate":"2016-09-20T23:24:06.000Z","ModifiedDate":"2021-09-07T21:45:46.000Z","StatedArea":null,"ErrorReportedBy":"DATACOMPILATION","Municipality":"0163","OBJECTID":48927,"created_user":"SDE","created_date":"2024-11-12T16:15:31.000Z","last_edited_user":"SDE","last_edited_date":"2026-03-25T16:06:10.000Z","Shape__Area":102515.93204938,"Shape__Length":7052.497819543728,"CommonName":null,"SourceGlobalID":"{9C925849-848B-47E6-ABCC-DF195707A15D}","Comments":null,"UpdateStatus":"AUTO","UpdateSource":"PMBC"}},{"type":"Feature","geometry":{"type":"Polygon","coordinates":[[[-118.937125,49.102219],[-118.936623,49.102281],[-118.936488,49.102232],[-118.937125,49.102219]]]},"properties":{"GlobalID":"{E3869EC5-32B2-4ED6-8558-E4DB8D01A57B}","Name":"Road","PlanID":"{32CEF9DB-ECE1-4B35-A0D8-A9C776138322}","PlanNumber":"EPP84623","PIN":null,"PID":null,"Designation1":null,"Designation2":null,"Designation3":null,"ParcelStatus":"ACTIVE","RegionalDistrict":"0019","ParcelClass":"ROAD","SourceParcelID":null,"GeometrySource":"SPDS","IsRemainder":null,"ParcelStartDate":"2021-08-26T07:00:00.000Z","PositionalError":0.0077911,"LegalDescription":null,"CaptureMethod":"SPDS","OwnerType":"CROWN PROVINCIAL","Compiled":0,"CreatedDate":"2021-09-10T20:05:35.000Z","ModifiedDate":"2021-09-10T20:52:07.000Z","StatedArea":"133.5","ErrorReportedBy":"PMBC-OPERATIONS","Municipality":"0163","OBJECTID":48928,"created_user":"SDE","created_date":"2024-11-12T16:15:31.000Z","last_edited_user":"SDE","last_edited_date":"2026-03-25T16:06:10.000Z","Shape__Area":133.46032713,"Shape__Length":95.13809851682647,"CommonName":null,"SourceGlobalID":"{384589A3-BF5A-475D-9596-5FBB7F2AF1C9}","Comments":null,"UpdateStatus":"AUTO","UpdateSource":"PMBC"}},{"type":"Feature","geometry":{"type":"Polygon","coordinates":[[[-118.932583,49.10132],[-118.931626,49.101191],[-118.932229,49.101257],[-118.932583,49.10132]]]},"properties":{"GlobalID":"{224A9F0E-40C8-47B9-AE0B-D9EA6D19F567}","Name":"Road","PlanID":"{32CEF9DB-ECE1-4B35-A0D8-A9C776138322}","PlanNumber":"EPP84623","PIN":null,"PID":null,"Designation1":null,"Designation2":null,"Designation3":null,"ParcelStatus":"ACTIVE","RegionalDistrict":"0019","ParcelClass":"ROAD","SourceParcelID":null,"GeometrySource":"SPDS","IsRemainder":null,"ParcelStartDate":"2021-08-26T07:00:00.000Z","PositionalError":0.00696254,"LegalDescription":null,"CaptureMethod":"SPDS","OwnerType":"CROWN PROVINCIAL","Compiled":0,"CreatedDate":"2021-09-10T20:05:35.000Z","ModifiedDate":"2021-09-10T20:52:07.000Z","StatedArea":"61.16","ErrorReportedBy":"PMBC-OPERATIONS","Municipality":"0163","OBJECTID":48929,"created_user":"SDE","created_date":"2024-11-12T16:15:31.000Z","last_edited_user":"SDE","last_edited_date":"2026-03-25T16:06:10.000Z","Shape__Area":61.12275088,"Shape__Length":142.77136594160166,"CommonName":null,"SourceGlobalID":"{4CF7C29E-18C0-43F4-B8B1-A7AF884887FB}","Comments":null,"UpdateStatus":"AUTO","UpdateSource":"PMBC"}},{"type":"Feature","geometry":{"type":"Polygon","coordinates":[[[-118.935594,49.101909],[-118.935086,49.101725],[-118.935399,49.101815],[-118.935594,49.101909]]]},"properties":{"GlobalID":"{10F39267-F4DA-4D6C-BBBB-C9DAA275DCF7}","Name":"Road","PlanID":"{32CEF9DB-ECE1-4B35-A0D8-A9C776138322}","PlanNumber":"EPP84623","PIN":null,"PID":null,"Designation1":null,"Designation2":null,"Designation3":null,"ParcelStatus":"ACTIVE","RegionalDistrict":"0019","ParcelClass":"ROAD","SourceParcelID":null,"GeometrySource":"SPDS","IsRemainder":null,"ParcelStartDate":"2021-08-26T07:00:00.000Z","PositionalError":0.00701399,"LegalDescription":null,"CaptureMethod":"SPDS","OwnerType":"CROWN PROVINCIAL","Compiled":0,"CreatedDate":"2021-09-10T20:05:35.000Z","ModifiedDate":"2021-09-10T20:52:07.000Z","StatedArea":"47.87","ErrorReportedBy":"PMBC-OPERATIONS","Municipality":"0163","OBJECTID":48930,"created_user":"SDE","created_date":"2024-11-12T16:15:31.000Z","last_edited_user":"SDE","last_edited_date":"2026-03-25T16:06:10.000Z","Shape__Area":47.83892562,"Shape__Length":84.85892824567802,"CommonName":null,"SourceGlobalID":"{D00FFBF8-49CC-4CD5-9772-C827E2F8A170}","Comments":null,"UpdateStatus":"AUTO","UpdateSource":"PMBC"}},{"type":"Feature","geometry":{"type":"Polygon","coordinates":[[[-118.935086,49.101725],[-118.933903,49.101595],[-118.932742,49.101341],[-118.933912,49.101564],[-118.935086,49.101725]]]},"properties":{"GlobalID":"{7FF8C30F-57E3-49BC-AD19-499B1EFBBF5D}","Name":"Road","PlanID":"{32CEF9DB-ECE1-4B35-A0D8-A9C776138322}","PlanNumber":"EPP84623","PIN":null,"PID":null,"Designation1":null,"Designation2":null,"Designation3":null,"ParcelStatus":"ACTIVE","RegionalDistrict":"0019","ParcelClass":"ROAD","SourceParcelID":null,"GeometrySource":"SPDS","IsRemainder":null,"ParcelStartDate":"2021-08-26T07:00:00.000Z","PositionalError":0.00700971,"LegalDescription":null,"CaptureMethod":"SPDS","OwnerType":"CROWN PROVINCIAL","Compiled":0,"CreatedDate":"2021-09-10T20:05:35.000Z","ModifiedDate":"2021-09-10T20:52:07.000Z","StatedArea":"305.3","ErrorReportedBy":"PMBC-OPERATIONS","Municipality":"0163","OBJECTID":48931,"created_user":"SDE","created_date":"2024-11-12T16:15:31.000Z","last_edited_user":"SDE","last_edited_date":"2026-03-25T16:06:10.000Z","Shape__Area":305.110636365,"Shape__Length":353.44808535616164,"CommonName":null,"SourceGlobalID":"{017F189A-D187-4994-A1AA-7A76BA932CF7}","Comments":null,"UpdateStatus":"AUTO","UpdateSource":"PMBC"}},{"type":"Feature","geometry":{"type":"Polygon","coordinates":[[[-118.940157,49.22155],[-118.940156,49.222141],[-118.939773,49.222028],[-118.938307,49.221592],[-118.938517,49.221377],[-118.93867,49.221228],[-118.938827,49.221085],[-118.93899,49.220946],[-118.939157,49.220813],[-118.939328,49.220686],[-118.940158,49.22009],[-118.940157,49.22155]]]},"properties":{"GlobalID":"{D494691A-805A-471F-8A2A-68B3046EAD39}","Name":"026963078","PlanID":"{1049678F-1DC2-4AA5-A4AA-FF0EAEE02B93}","PlanNumber":"KAP83024","PIN":null,"PID":26963078,"Designation1":"Lot 1","Designation2":"","Designation3":"","ParcelStatus":"ACTIVE","RegionalDistrict":"0019","ParcelClass":"SUBDIVISION","SourceParcelID":null,"GeometrySource":"ICF","IsRemainder":"NO","ParcelStartDate":"2007-02-05T08:00:00.000Z","PositionalError":32.37344394,"LegalDescription":"LOT 1 DISTRICT LOT 732S SIMILKAMEEN DIVISION YALE DISTRICT PLAN KAP83024","CaptureMethod":"UNKNOWN","OwnerType":"PRIVATE","Compiled":1,"CreatedDate":"2016-09-20T23:24:06.000Z","ModifiedDate":"2021-09-10T20:32:13.000Z","StatedArea":null,"ErrorReportedBy":"DATACOMPILATION","Municipality":"0163","OBJECTID":48932,"created_user":"SDE","created_date":"2024-11-12T16:15:31.000Z","last_edited_user":"SDE","last_edited_date":"2026-03-25T16:06:10.000Z","Shape__Area":16192.29224612,"Shape__Length":591.2208798259593,"CommonName":null,"SourceGlobalID":"{96143BB6-F64F-4373-AEE5-8DDA6DBBE36F}","Comments":null,"UpdateStatus":"AUTO","UpdateSource":"PMBC"}},{"type":"Feature","geometry":{"type":"Polygon","coordinates":[[[-118.932671,49.101516],[-118.933836,49.101771],[-118.934995,49.101899],[-118.935132,49.102184],[-118.936032,49.103423],[-118.931493,49.103438],[-118.931475,49.101418],[-118.932671,49.101516]]]},"properties":{"GlobalID":"{6868B6C9-DDBE-47CD-BF8B-01F5CB7DAF87}","Name":"028117026","PlanID":"{F6ABAF49-BB80-4F09-AE2E-1434DCCC037D}","PlanNumber":"KAP90194","PIN":null,"PID":28117026,"Designation1":"Lot A","Designation2":null,"Designation3":null,"ParcelStatus":"ACTIVE","RegionalDistrict":"0019","ParcelClass":"SUBDIVISION","SourceParcelID":null,"GeometrySource":"ICF","IsRemainder":"NO","ParcelStartDate":"2010-01-05T08:00:00.000Z","PositionalError":0.01970675,"LegalDescription":"LOT A DISTRICT LOT 2704 SIMILKAMEEN DIVISION YALE DISTRICT PLAN KAP90194","CaptureMethod":"UNKNOWN","OwnerType":"PRIVATE","Compiled":1,"CreatedDate":"2016-09-20T23:24:06.000Z","ModifiedDate":"2021-09-10T20:52:07.000Z","StatedArea":null,"ErrorReportedBy":"PMBC-OPERATIONS","Municipality":"0163","OBJECTID":48933,"created_user":"SDE","created_date":"2024-11-12T16:15:31.000Z","last_edited_user":"SDE","last_edited_date":"2026-03-25T16:06:10.000Z","Shape__Area":56971.191007485,"Shape__Length":1005.3980393008225,"CommonName":null,"SourceGlobalID":"{E12DA436-1BFE-4D0F-A1EF-ED59FC7406ED}","Comments":null,"UpdateStatus":"AUTO","UpdateSource":"PMBC"}},{"type":"Feature","geometry":{"type":"Polygon","coordinates":[[[-118.950161,49.210567],[-118.950221,49.210388],[-118.950277,49.210236],[-118.950228,49.210227],[-118.950311,49.210034],[-118.95038,49.209885],[-118.950454,49.209736],[-118.950531,49.209588],[-118.950613,49.209442],[-118.950698,49.209296],[-118.950787,49.209151],[-118.95088,49.209007],[-118.950977,49.208863],[-118.95101,49.211829],[-118.949716,49.211841],[-118.9496,49.211842],[-118.949648,49.211777],[-118.949691,49.211709],[-118.949728,49.211637],[-118.949758,49.211563],[-118.94998,49.210934],[-118.950029,49.210941],[-118.950161,49.210567]]]},"properties":{"GlobalID":"{2AE8CB9F-C69A-4533-8D04-47B9C75EBD48}","Name":"004305183","PlanID":"{29931DC1-FEF8-421D-8C0D-B824D923CE96}","PlanNumber":"KAP29479","PIN":null,"PID":4305183,"Designation1":"Lot 1","Designation2":"","Designation3":"","ParcelStatus":"ACTIVE","RegionalDistrict":"0019","ParcelClass":"SUBDIVISION","SourceParcelID":null,"GeometrySource":"ICF","IsRemainder":"NO","ParcelStartDate":null,"PositionalError":32.37344394,"LegalDescription":"LOT 1 DISTRICT LOT 731S SIMILKAMEEN DIVISION YALE DISTRICT PLAN 29479","CaptureMethod":"UNKNOWN","OwnerType":"PRIVATE","Compiled":1,"CreatedDate":"2016-09-20T23:24:06.000Z","ModifiedDate":"2021-09-10T20:32:13.000Z","StatedArea":null,"ErrorReportedBy":"DATACOMPILATION","Municipality":"0163","OBJECTID":48934,"created_user":"SDE","created_date":"2024-11-12T16:15:31.000Z","last_edited_user":"SDE","last_edited_date":"2026-03-25T16:06:10.000Z","Shape__Area":18065.47517398,"Shape__Length":786.7810720326556,"CommonName":null,"SourceGlobalID":"{5EC784AA-2A1F-4BBC-899B-A8BDD81D6C5B}","Comments":null,"UpdateStatus":"AUTO","UpdateSource":"PMBC"}},{"type":"Feature","geometry":{"type":"Polygon","coordinates":[[[-118.93159,49.098963],[-118.931589,49.09884],[-118.931567,49.098831],[-118.931543,49.098826],[-118.931519,49.098824],[-118.931496,49.098827],[-118.931452,49.098833],[-118.931452,49.098797],[-118.931492,49.098791],[-118.931533,49.098787],[-118.931557,49.09879],[-118.93158,49.098796],[-118.931602,49.098806],[-118.93167,49.098841],[-118.931688,49.098847],[-118.931706,49.098851],[-118.931725,49.098851],[-118.931744,49.098848],[-118.931778,49.098842],[-118.931813,49.098841],[-118.931899,49.098853],[-118.93196,49.098856],[-118.93202,49.098853],[-118.93208,49.098844],[-118.932144,49.098831],[-118.932208,49.098823],[-118.932252,49.098821],[-118.932295,49.098824],[-118.932338,49.098833],[-118.932379,49.098846],[-118.932419,49.098863],[-118.93246,49.098877],[-118.932525,49.098888],[-118.93259,49.098892],[-118.932633,49.098895],[-118.932675,49.098902],[-118.932717,49.098913],[-118.932772,49.098928],[-118.932829,49.098938],[-118.932892,49.098942],[-118.932956,49.098942],[-118.933019,49.098939],[-118.933051,49.098935],[-118.933082,49.098927],[-118.933113,49.098916],[-118.933149,49.098903],[-118.933186,49.098893],[-118.933228,49.098893],[-118.933271,49.098898],[-118.933325,49.098906],[-118.933379,49.098909],[-118.933431,49.098905],[-118.933482,49.098894],[-118.933532,49.098877],[-118.933579,49.098854],[-118.933616,49.098833],[-118.933655,49.098813],[-118.933675,49.098806],[-118.933697,49.098802],[-118.933718,49.098801],[-118.93374,49.098803],[-118.933781,49.098808],[-118.933822,49.098812],[-118.933875,49.098808],[-118.933927,49.098799],[-118.933986,49.098792],[-118.934046,49.09879],[-118.93412,49.098788],[-118.934194,49.09878],[-118.934263,49.09877],[-118.934332,49.098764],[-118.934388,49.098763],[-118.934445,49.098759],[-118.934463,49.098757],[-118.93448,49.098752],[-118.934497,49.098745],[-118.934512,49.098735],[-118.934526,49.098724],[-118.934544,49.098708],[-118.934563,49.098694],[-118.934585,49.098684],[-118.934636,49.098668],[-118.934688,49.098656],[-118.93472,49.098647],[-118.934751,49.098634],[-118.934755,49.098631],[-118.934759,49.098628],[-118.934763,49.098624],[-118.934766,49.098619],[-118.934768,49.098614],[-118.934769,49.098609],[-118.934769,49.098603],[-118.934769,49.098598],[-118.934759,49.098565],[-118.934746,49.098534],[-118.934739,49.098517],[-118.934734,49.098499],[-118.934732,49.098481],[-118.934733,49.098463],[-118.934737,49.098445],[-118.934743,49.098428],[-118.934764,49.098371],[-118.934779,49.098313],[-118.934788,49.098253],[-118.934791,49.098189],[-118.934797,49.098125],[-118.934803,49.098097],[-118.934813,49.09807],[-118.934828,49.098045],[-118.934846,49.098023],[-118.934888,49.097989],[-118.934933,49.097958],[-118.934972,49.09793],[-118.935006,49.097896],[-118.935035,49.097858],[-118.935059,49.097816],[-118.935082,49.097759],[-118.935099,49.0977],[-118.935111,49.09764],[-118.935127,49.09755],[-118.935149,49.097461],[-118.935166,49.097416],[-118.935187,49.097373],[-118.935214,49.097334],[-118.935245,49.097297],[-118.935282,49.097265],[-118.935323,49.097237],[-118.935366,49.097214],[-118.935412,49.097195],[-118.935453,49.097185],[-118.935495,49.097181],[-118.935537,49.097184],[-118.93558,49.097196],[-118.935621,49.097211],[-118.935682,49.097235],[-118.935745,49.097254],[-118.935809,49.097268],[-118.935873,49.097277],[-118.935985,49.097289],[-118.936097,49.097295],[-118.936209,49.097297],[-118.936274,49.097294],[-118.936339,49.097287],[-118.936403,49.097276],[-118.936467,49.09726],[-118.936516,49.097242],[-118.936564,49.09722],[-118.93661,49.097194],[-118.936678,49.097152],[-118.936747,49.097113],[-118.936802,49.097089],[-118.936859,49.097072],[-118.936918,49.097061],[-118.936998,49.09705],[-118.937079,49.097037],[-118.937138,49.097022],[-118.937195,49.097003],[-118.93725,49.096979],[-118.937303,49.096951],[-118.937354,49.096919],[-118.937402,49.096882],[-118.937436,49.09685],[-118.937465,49.096814],[-118.937488,49.096773],[-118.937504,49.09673],[-118.937507,49.0967],[-118.937504,49.09667],[-118.937497,49.096641],[-118.937484,49.096613],[-118.937437,49.096527],[-118.937425,49.096504],[-118.937415,49.096479],[-118.937409,49.096453],[-118.937408,49.096447],[-118.937409,49.096442],[-118.93741,49.096437],[-118.937412,49.096432],[-118.937416,49.096427],[-118.937419,49.096423],[-118.937424,49.09642],[-118.937439,49.096414],[-118.937455,49.096411],[-118.937471,49.09641],[-118.937518,49.096409],[-118.937564,49.096406],[-118.937581,49.096402],[-118.937596,49.096396],[-118.937611,49.096388],[-118.937623,49.096378],[-118.93766,49.09634],[-118.937698,49.096305],[-118.937753,49.096246],[-118.937769,49.096233],[-118.937787,49.096224],[-118.937806,49.096217],[-118.937826,49.096214],[-118.937874,49.096213],[-118.937921,49.096218],[-118.937973,49.096224],[-118.938025,49.096227],[-118.938043,49.096227],[-118.93806,49.096224],[-118.938076,49.096219],[-118.938091,49.09621],[-118.938099,49.096202],[-118.938107,49.096193],[-118.939577,49.096223],[-118.93943,49.103411],[-118.938939,49.103413],[-118.937125,49.102219],[-118.936488,49.102232],[-118.935594,49.101909],[-118.935399,49.101815],[-118.935086,49.101725],[-118.933912,49.101564],[-118.932742,49.101341],[-118.932583,49.10132],[-118.932577,49.100629],[-118.931605,49.100633],[-118.93159,49.098963]]]},"properties":{"GlobalID":"{79623177-576A-4586-9655-236420A2B76B}","Name":"011777320","PlanID":"{45BBA49C-2432-46A4-A2F0-EFDE31914E66}","PlanNumber":"KAP1186","PIN":null,"PID":11777320,"Designation1":"REM Lot 11","Designation2":"","Designation3":"","ParcelStatus":"ACTIVE","RegionalDistrict":"0019","ParcelClass":"SUBDIVISION","SourceParcelID":null,"GeometrySource":"MODIFIED-ICF","IsRemainder":"YES","ParcelStartDate":"2021-08-26T07:00:00.000Z","PositionalError":0.39626118,"LegalDescription":"THE SOUTH 1/2 OF SUBLOT 11 DISTRICT LOT 2704 SIMILKAMEEN DIVISION YALE DISTRICT PLAN 1186 EXCEPT PLANS 23484 AND EPP84623","CaptureMethod":"UNKNOWN","OwnerType":"PRIVATE","Compiled":0,"CreatedDate":"2021-09-10T20:48:34.000Z","ModifiedDate":"2021-09-12T02:25:58.000Z","StatedArea":"279516","ErrorReportedBy":"PMBC-OPERATIONS","Municipality":"0163","OBJECTID":48935,"created_user":"SDE","created_date":"2024-11-12T16:15:31.000Z","last_edited_user":"SDE","last_edited_date":"2026-03-25T16:06:10.000Z","Shape__Area":279325.72026474,"Shape__Length":2552.9968452148287,"CommonName":null,"SourceGlobalID":"{0390FFFC-EF4E-446D-8C1E-B462EA7ADFB5}","Comments":null,"UpdateStatus":"AUTO","UpdateSource":"PMBC"}},{"type":"Feature","geometry":{"type":"Polygon","coordinates":[[[-118.364445,49.021808],[-118.364206,49.021766],[-118.364207,49.021487],[-118.365893,49.021808],[-118.364586,49.021809],[-118.364445,49.021808]]]},"properties":{"GlobalID":"{1A42DCAB-38DE-4DF3-BF84-A37A10850D08}","Name":"014725649","PlanID":"{90768768-957F-4981-9CDC-6EA5752010C8}","PlanNumber":"KAP531","PIN":null,"PID":14725649,"Designation1":"PART 350","Designation2":"","Designation3":"","ParcelStatus":"ACTIVE","RegionalDistrict":"0019","ParcelClass":"SUBDIVISION","SourceParcelID":null,"GeometrySource":"PMBC-OPERATIONS","IsRemainder":null,"ParcelStartDate":"2016-08-19T07:00:00.000Z","PositionalError":null,"LegalDescription":"THAT PART OF DISTRICT LOT 350 SIMILKAMEEN DIVISION YALE DISTRICT SHOWN ON PLAN 531","CaptureMethod":"UNKNOWN","OwnerType":"CROWN PROVINCIAL","Compiled":0,"CreatedDate":"2020-02-05T23:14:05.000Z","ModifiedDate":"2021-09-14T18:01:26.000Z","StatedArea":"2156","ErrorReportedBy":null,"Municipality":"0163","OBJECTID":48936,"created_user":"SDE","created_date":"2024-11-12T16:15:31.000Z","last_edited_user":"SDE","last_edited_date":"2026-03-25T16:06:10.000Z","Shape__Area":2163.59021334,"Shape__Length":283.26747624982147,"CommonName":null,"SourceGlobalID":"{CD901CD8-32CB-4C21-853D-61E7BC068080}","Comments":null,"UpdateStatus":"AUTO","UpdateSource":"PMBC"}},{"type":"Feature","geometry":{"type":"Polygon","coordinates":[[[-118.837122,49.012775],[-118.837135,49.012593],[-118.839476,49.012566],[-118.839641,49.012565],[-118.839623,49.012825],[-118.839614,49.012935],[-118.837116,49.012856],[-118.837122,49.012775]]]},"properties":{"GlobalID":"{9FC33DEE-5EB5-4684-AF59-E3221726B7CD}","Name":"001558048","PlanID":"{5BF2EDBC-6B07-4625-800C-740CE97790D7}","PlanNumber":"KAP13603","PIN":3686601,"PID":1558048,"Designation1":"Lot 1","Designation2":null,"Designation3":null,"ParcelStatus":"ACTIVE","RegionalDistrict":"0019","ParcelClass":"SUBDIVISION","SourceParcelID":null,"GeometrySource":"ICF","IsRemainder":"NO","ParcelStartDate":null,"PositionalError":13.01205724,"LegalDescription":"LOT 1 DISTRICT LOT 637 SIMILKAMEEN DIVISION YALE DISTRICT PLAN 13603","CaptureMethod":"UNKNOWN","OwnerType":"CROWN PROVINCIAL","Compiled":1,"CreatedDate":"2016-09-20T23:24:06.000Z","ModifiedDate":"2021-09-14T21:10:35.000Z","StatedArea":null,"ErrorReportedBy":"LSA","Municipality":"0080","OBJECTID":48937,"created_user":"SDE","created_date":"2024-11-12T16:15:31.000Z","last_edited_user":"SDE","last_edited_date":"2026-03-25T16:06:10.000Z","Shape__Area":6457.173302745,"Shape__Length":436.60582338464593,"CommonName":null,"SourceGlobalID":"{866C5D85-AC2C-43A1-990B-3D00AAB6684D}","Comments":null,"UpdateStatus":"AUTO","UpdateSource":"PMBC"}},{"type":"Feature","geometry":{"type":"Polygon","coordinates":[[[-118.503868,49.012368],[-118.503335,49.012083],[-118.50358,49.011842],[-118.50353,49.011817],[-118.503678,49.011696],[-118.503725,49.011723],[-118.503988,49.011546],[-118.504082,49.011597],[-118.504553,49.011849],[-118.503868,49.012368]]]},"properties":{"GlobalID":"{35BF5EE9-4C92-4821-BF92-BDF29A994486}","Name":"004188756","PlanID":"{DEB07D52-E271-4C01-B2F5-DF6D9B67F23F}","PlanNumber":"KAP29732","PIN":null,"PID":4188756,"Designation1":"Lot 1","Designation2":null,"Designation3":null,"ParcelStatus":"ACTIVE","RegionalDistrict":"0019","ParcelClass":"SUBDIVISION","SourceParcelID":null,"GeometrySource":"ICF","IsRemainder":"NO","ParcelStartDate":null,"PositionalError":5.99539668,"LegalDescription":"LOT 1 DISTRICT LOT 364 SIMILKAMEEN DIVISION YALE DISTRICT PLAN 29732","CaptureMethod":"UNKNOWN","OwnerType":"PRIVATE","Compiled":1,"CreatedDate":"2016-09-20T23:24:06.000Z","ModifiedDate":"2021-09-16T20:12:52.000Z","StatedArea":null,"ErrorReportedBy":"LSA","Municipality":"0163","OBJECTID":48938,"created_user":"SDE","created_date":"2024-11-12T16:15:31.000Z","last_edited_user":"SDE","last_edited_date":"2026-03-25T16:06:10.000Z","Shape__Area":4162.891346915,"Shape__Length":266.1744974197727,"CommonName":null,"SourceGlobalID":"{04C79D0F-654F-46AE-8C95-3F159347223B}","Comments":null,"UpdateStatus":"AUTO","UpdateSource":"PMBC"}},{"type":"Feature","geometry":{"type":"Polygon","coordinates":[[[-118.503509,49.012766],[-118.50422,49.012763],[-118.504221,49.013544],[-118.504222,49.01455],[-118.503564,49.014551],[-118.503544,49.013896],[-118.503509,49.012766]]]},"properties":{"GlobalID":"{4785BE55-FAF2-48AD-9B31-D6F9C7C057FF}","Name":"009905677","PlanID":"{6A4FC1EA-E144-4ACB-84AB-ADAC48D18768}","PlanNumber":"KAP7888","PIN":null,"PID":9905677,"Designation1":"Lot 51","Designation2":null,"Designation3":null,"ParcelStatus":"ACTIVE","RegionalDistrict":"0019","ParcelClass":"SUBDIVISION","SourceParcelID":null,"GeometrySource":"ICF","IsRemainder":"NO","ParcelStartDate":"1957-01-03T08:00:00.000Z","PositionalError":5.0584384,"LegalDescription":"THAT PART OF LOT 51 WHICH LIES TO THE EAST OF A LINE DRAWN 170.35 FEET PERPENDICULAR DISTANT WESTERLY FROM AND PARALLEL TO THE EASTERLY BOUNDARY THEREOF DISTRICT LOT 364 SIMILKAMEEN DIVISION YALE DISTRICT PLAN 7888","CaptureMethod":"UNKNOWN","OwnerType":"PRIVATE","Compiled":1,"CreatedDate":"2016-09-20T23:24:06.000Z","ModifiedDate":"2025-09-19T18:56:21.000Z","StatedArea":null,"ErrorReportedBy":"LSA","Municipality":"0163","OBJECTID":48939,"created_user":"SDE","created_date":"2024-11-12T16:15:31.000Z","last_edited_user":"SDE","last_edited_date":"2026-03-25T16:06:10.000Z","Shape__Area":9934.193611635,"Shape__Length":497.3021343737127,"CommonName":null,"SourceGlobalID":"{1FF5A158-E991-4723-8DF2-176C04CF8558}","Comments":null,"UpdateStatus":"AUTO","UpdateSource":"PMBC"}},{"type":"Feature","geometry":{"type":"Polygon","coordinates":[[[-118.50422,49.012763],[-118.504929,49.012762],[-118.504942,49.013179],[-118.504984,49.014548],[-118.504222,49.01455],[-118.504221,49.013544],[-118.50422,49.012763]]]},"properties":{"GlobalID":"{21334711-5860-4A78-8376-B36761BAB721}","Name":"009905707","PlanID":"{6A4FC1EA-E144-4ACB-84AB-ADAC48D18768}","PlanNumber":"KAP7888","PIN":null,"PID":9905707,"Designation1":"Lot 51","Designation2":null,"Designation3":null,"ParcelStatus":"ACTIVE","RegionalDistrict":"0019","ParcelClass":"SUBDIVISION","SourceParcelID":null,"GeometrySource":"ICF","IsRemainder":"NO","ParcelStartDate":"1957-01-03T08:00:00.000Z","PositionalError":5.0926964,"LegalDescription":"THAT PART OF LOT 51 WHICH LIES TO THE WEST OF A LINE DRAWN 170.35 FEET PERPENDICULARLY DISTANT WESTERLY FROM AND PARALLEL TO THE EASTERLY BOUNDARY THEREOF DISTRICT LOT 364 SIMILKAMEEN DIVISION YALE DISTRICT PLAN 7888","CaptureMethod":"UNKNOWN","OwnerType":"PRIVATE","Compiled":1,"CreatedDate":"2016-09-20T23:24:06.000Z","ModifiedDate":"2025-09-19T18:56:21.000Z","StatedArea":null,"ErrorReportedBy":"LSA","Municipality":"0163","OBJECTID":48940,"created_user":"SDE","created_date":"2024-11-12T16:15:31.000Z","last_edited_user":"SDE","last_edited_date":"2026-03-25T16:06:10.000Z","Shape__Area":10690.54546692,"Shape__Length":504.9364895280636,"CommonName":null,"SourceGlobalID":"{4B0D6540-FE9E-4C18-A112-2F467E56FBC6}","Comments":null,"UpdateStatus":"AUTO","UpdateSource":"PMBC"}},{"type":"Feature","geometry":{"type":"Polygon","coordinates":[[[-118.500903,49.014558],[-118.502647,49.012809],[-118.502714,49.01281],[-118.503509,49.012766],[-118.503544,49.013896],[-118.503564,49.014551],[-118.5022,49.014555],[-118.500903,49.014558]]]},"properties":{"GlobalID":"{6FD1A540-D7B8-40E1-8AF5-C9B9672DFDA2}","Name":"009905731","PlanID":"{6A4FC1EA-E144-4ACB-84AB-ADAC48D18768}","PlanNumber":"KAP7888","PIN":31815051,"PID":9905731,"Designation1":"Lot 52","Designation2":null,"Designation3":null,"ParcelStatus":"ACTIVE","RegionalDistrict":"0019","ParcelClass":"SUBDIVISION","SourceParcelID":null,"GeometrySource":"ICF","IsRemainder":"NO","ParcelStartDate":"1957-01-03T08:00:00.000Z","PositionalError":5.295308,"LegalDescription":"LOT 52 DISTRICT LOT 364 SIMILKAMEEN DIVISION YALE DISTRICT PLAN 7888","CaptureMethod":"UNKNOWN","OwnerType":"PRIVATE","Compiled":1,"CreatedDate":"2016-09-20T23:24:06.000Z","ModifiedDate":"2025-09-19T18:56:21.000Z","StatedArea":null,"ErrorReportedBy":"LSA","Municipality":"0163","OBJECTID":48941,"created_user":"SDE","created_date":"2024-11-12T16:15:31.000Z","last_edited_user":"SDE","last_edited_date":"2026-03-25T16:06:10.000Z","Shape__Area":25132.126004405,"Shape__Length":689.0517992050236,"CommonName":null,"SourceGlobalID":"{70368913-6937-4627-A922-F327F681B271}","Comments":null,"UpdateStatus":"AUTO","UpdateSource":"PMBC"}},{"type":"Feature","geometry":{"type":"Polygon","coordinates":[[[-117.711081,49.096749],[-117.711018,49.096695],[-117.711184,49.096612],[-117.711247,49.096666],[-117.711081,49.096749]]]},"properties":{"GlobalID":"{AE7B757B-274E-41CF-A5D0-0A7DADB55CBF}","Name":"016294360","PlanID":"{F0DB3B36-A152-4C45-B118-275779D2B1D7}","PlanNumber":"NO_PLAN","PIN":null,"PID":16294360,"Designation1":"Parcel B","Designation2":"Lot 12","Designation3":null,"ParcelStatus":"ACTIVE","RegionalDistrict":"0019","ParcelClass":"SUBDIVISION","SourceParcelID":"000282.000","GeometrySource":"ICF","IsRemainder":"NO","ParcelStartDate":null,"PositionalError":0.13670508,"LegalDescription":"PARCEL B (SEE 20714I) OF LOT 12 DISTRICT LOT 230 KOOTENAY DISTRICT PLAN 465C","CaptureMethod":"COGO IN SOURCE","OwnerType":"PRIVATE","Compiled":1,"CreatedDate":"2016-09-20T23:24:06.000Z","ModifiedDate":"2021-09-17T14:19:58.000Z","StatedArea":null,"ErrorReportedBy":"PMBC-OPERATIONS","Municipality":"0146","OBJECTID":48942,"created_user":"SDE","created_date":"2024-11-12T16:15:31.000Z","last_edited_user":"SDE","last_edited_date":"2026-03-25T16:06:10.000Z","Shape__Area":116.154906495,"Shape__Length":45.72590809896523,"CommonName":null,"SourceGlobalID":"{3E1F20D8-05DC-49BD-B410-A8111D728AE1}","Comments":null,"UpdateStatus":"AUTO","UpdateSource":"PMBC"}},{"type":"Feature","geometry":{"type":"Polygon","coordinates":[[[-117.711018,49.096695],[-117.710973,49.096655],[-117.711139,49.096573],[-117.711184,49.096612],[-117.711018,49.096695]]]},"properties":{"GlobalID":"{E01CD635-CB61-4472-8530-4BADE6AAA2F6}","Name":"016294378","PlanID":"{F0DB3B36-A152-4C45-B118-275779D2B1D7}","PlanNumber":"NO_PLAN","PIN":null,"PID":16294378,"Designation1":"Parcel C","Designation2":"Lot 13","Designation3":null,"ParcelStatus":"ACTIVE","RegionalDistrict":"0019","ParcelClass":"SUBDIVISION","SourceParcelID":"000282.000","GeometrySource":"ICF","IsRemainder":"NO","ParcelStartDate":null,"PositionalError":0.13279919,"LegalDescription":"PARCEL C (SEE 20714I) OF LOT 13 DISTRICT LOT 230 KOOTENAY DISTRICT PLAN 465C","CaptureMethod":"COGO IN SOURCE","OwnerType":"PRIVATE","Compiled":1,"CreatedDate":"2016-09-20T23:24:06.000Z","ModifiedDate":"2021-09-17T14:19:58.000Z","StatedArea":null,"ErrorReportedBy":"PMBC-OPERATIONS","Municipality":"0146","OBJECTID":48943,"created_user":"SDE","created_date":"2024-11-12T16:15:31.000Z","last_edited_user":"SDE","last_edited_date":"2026-03-25T16:06:10.000Z","Shape__Area":83.628703045,"Shape__Length":41.45725396998373,"CommonName":null,"SourceGlobalID":"{57E7DDA6-3C0C-44A4-B8BA-21CD657414DE}","Comments":null,"UpdateStatus":"AUTO","UpdateSource":"PMBC"}},{"type":"Feature","geometry":{"type":"Polygon","coordinates":[[[-117.711789,49.096024],[-117.711765,49.096003],[-117.712098,49.095837],[-117.712168,49.095898],[-117.711901,49.096031],[-117.711789,49.096024]]]},"properties":{"GlobalID":"{6714C6B1-F03E-418B-98D8-0E1B57D81D3C}","Name":"016269853","PlanID":"{F0DB3B36-A152-4C45-B118-275779D2B1D7}","PlanNumber":"NO_PLAN","PIN":null,"PID":16269853,"Designation1":"Parcel B","Designation2":"Lot 9","Designation3":"Block 24","ParcelStatus":"ACTIVE","RegionalDistrict":"0019","ParcelClass":"SUBDIVISION","SourceParcelID":"000324.000","GeometrySource":"ICF","IsRemainder":"NO","ParcelStartDate":null,"PositionalError":1.09111086,"LegalDescription":"PARCEL B (SEE 7326I) OF LOT 9 BLOCK 24 DISTRICT LOT 230 KOOTENAY DISTRICT PLAN 465A","CaptureMethod":"COGO IN SOURCE","OwnerType":"PRIVATE","Compiled":1,"CreatedDate":"2016-09-20T23:24:06.000Z","ModifiedDate":"2021-09-17T14:19:58.000Z","StatedArea":null,"ErrorReportedBy":"PMBC-OPERATIONS","Municipality":"0146","OBJECTID":48944,"created_user":"SDE","created_date":"2024-11-12T16:15:31.000Z","last_edited_user":"SDE","last_edited_date":"2026-03-25T16:06:10.000Z","Shape__Area":241.758005335,"Shape__Length":74.54231325833554,"CommonName":null,"SourceGlobalID":"{7B0D1092-4F1C-4209-BF4A-214166E8A287}","Comments":null,"UpdateStatus":"AUTO","UpdateSource":"PMBC"}},{"type":"Feature","geometry":{"type":"Polygon","coordinates":[[[-117.711366,49.096202],[-117.711305,49.096149],[-117.711461,49.096155],[-117.711366,49.096202]]]},"properties":{"GlobalID":"{DE42C28A-9536-4A70-B8A7-3FA3EE802F91}","Name":"016294629","PlanID":"{F0DB3B36-A152-4C45-B118-275779D2B1D7}","PlanNumber":"NO_PLAN","PIN":null,"PID":16294629,"Designation1":"Parcel B","Designation2":"Lot 17","Designation3":"Block 24","ParcelStatus":"ACTIVE","RegionalDistrict":"0019","ParcelClass":"SUBDIVISION","SourceParcelID":"000335.100","GeometrySource":"ICF","IsRemainder":"NO","ParcelStartDate":null,"PositionalError":1.19764829,"LegalDescription":"PARCEL B (SEE 13503I) OF LOT 17 BLOCK 24 DISTRICT LOT 230 KOOTENAY DISTRICT PLAN 465A","CaptureMethod":"COGO IN SOURCE","OwnerType":"PRIVATE","Compiled":1,"CreatedDate":"2016-09-20T23:24:06.000Z","ModifiedDate":"2021-09-17T14:19:58.000Z","StatedArea":null,"ErrorReportedBy":"PMBC-OPERATIONS","Municipality":"0146","OBJECTID":48945,"created_user":"SDE","created_date":"2024-11-12T16:15:31.000Z","last_edited_user":"SDE","last_edited_date":"2026-03-25T16:06:10.000Z","Shape__Area":31.97840489,"Shape__Length":27.428764886724355,"CommonName":null,"SourceGlobalID":"{68ED0B56-2557-4E38-A416-17AE55E58433}","Comments":null,"UpdateStatus":"AUTO","UpdateSource":"PMBC"}},{"type":"Feature","geometry":{"type":"Polygon","coordinates":[[[-117.71135,49.095931],[-117.711292,49.09587],[-117.711428,49.095802],[-117.711494,49.095859],[-117.71135,49.095931]]]},"properties":{"GlobalID":"{C930F170-45F8-4D7F-99E0-E02A2EB2564C}","Name":"016269811","PlanID":"{F0DB3B36-A152-4C45-B118-275779D2B1D7}","PlanNumber":"NO_PLAN","PIN":null,"PID":16269811,"Designation1":"Parcel A","Designation2":"Lot 14","Designation3":"Block 24","ParcelStatus":"ACTIVE","RegionalDistrict":"0019","ParcelClass":"SUBDIVISION","SourceParcelID":"000332.100","GeometrySource":"ICF","IsRemainder":"NO","ParcelStartDate":null,"PositionalError":1.09477341,"LegalDescription":"PARCEL A (SEE 8222I) LOT 14 BLOCK 24 DISTRICT LOT 230 KOOTENAY DISTRICT PLAN 465A","CaptureMethod":"COGO IN SOURCE","OwnerType":"PRIVATE","Compiled":1,"CreatedDate":"2016-09-20T23:24:06.000Z","ModifiedDate":"2021-09-17T14:19:58.000Z","StatedArea":null,"ErrorReportedBy":"PMBC-OPERATIONS","Municipality":"0146","OBJECTID":48946,"created_user":"SDE","created_date":"2024-11-12T16:15:31.000Z","last_edited_user":"SDE","last_edited_date":"2026-03-25T16:06:10.000Z","Shape__Area":102.18086616,"Shape__Length":41.61391613566047,"CommonName":null,"SourceGlobalID":"{1F799BC5-3209-4FC1-8201-C5413FD42091}","Comments":null,"UpdateStatus":"AUTO","UpdateSource":"PMBC"}},{"type":"Feature","geometry":{"type":"Polygon","coordinates":[[[-117.711461,49.096155],[-117.711639,49.096162],[-117.711437,49.096263],[-117.711437,49.096263],[-117.711366,49.096202],[-117.711461,49.096155]]]},"properties":{"GlobalID":"{AC07580E-3743-4018-93E0-27326062B435}","Name":"016294637","PlanID":"{F0DB3B36-A152-4C45-B118-275779D2B1D7}","PlanNumber":"NO_PLAN","PIN":null,"PID":16294637,"Designation1":"Parcel A","Designation2":"Lot 18","Designation3":"Block 24","ParcelStatus":"ACTIVE","RegionalDistrict":"0019","ParcelClass":"SUBDIVISION","SourceParcelID":"000335.100","GeometrySource":"ICF","IsRemainder":"NO","ParcelStartDate":null,"PositionalError":1.19764829,"LegalDescription":"PARCEL A (SEE 13503I) OF LOT 18 BLOCK 24 DISTRICT LOT 230 KOOTENAY DISTRICT PLAN 465A","CaptureMethod":"COGO IN SOURCE","OwnerType":"PRIVATE","Compiled":1,"CreatedDate":"2016-09-20T23:24:06.000Z","ModifiedDate":"2021-09-17T14:19:58.000Z","StatedArea":null,"ErrorReportedBy":"PMBC-OPERATIONS","Municipality":"0146","OBJECTID":48947,"created_user":"SDE","created_date":"2024-11-12T16:15:31.000Z","last_edited_user":"SDE","last_edited_date":"2026-03-25T16:06:10.000Z","Shape__Area":115.466076115,"Shape__Length":48.685586643800484,"CommonName":null,"SourceGlobalID":"{A99F0D07-BD66-4FCD-A69E-1392F4F11CF1}","Comments":null,"UpdateStatus":"AUTO","UpdateSource":"PMBC"}},{"type":"Feature","geometry":{"type":"Polygon","coordinates":[[[-117.711658,49.095688],[-117.711827,49.095603],[-117.711893,49.095661],[-117.711963,49.095721],[-117.711794,49.095806],[-117.711658,49.095688]]]},"properties":{"GlobalID":"{AE3FC3E9-7F60-4F51-8FFC-910E8DB11166}","Name":"030538009","PlanID":"{E58A661A-B4AD-4C50-BA8A-5F7D2A29F92F}","PlanNumber":"EPP84306","PIN":null,"PID":30538009,"Designation1":null,"Designation2":"Lot A","Designation3":null,"ParcelStatus":"ACTIVE","RegionalDistrict":"0019","ParcelClass":"SUBDIVISION","SourceParcelID":null,"GeometrySource":"SPDS","IsRemainder":null,"ParcelStartDate":"2018-08-13T07:00:00.000Z","PositionalError":0.01204208,"LegalDescription":"LOT A DISTRICT LOT 230 KOOTENAY DISTRICT PLAN EPP84306","CaptureMethod":"SPDS","OwnerType":"PRIVATE","Compiled":0,"CreatedDate":"2020-01-02T20:48:30.000Z","ModifiedDate":"2021-09-17T14:19:58.000Z","StatedArea":"255.1","ErrorReportedBy":"PMBC-OPERATIONS","Municipality":"0146","OBJECTID":48948,"created_user":"SDE","created_date":"2024-11-12T16:15:31.000Z","last_edited_user":"SDE","last_edited_date":"2026-03-25T16:06:10.000Z","Shape__Area":254.86345225,"Shape__Length":63.88726765975799,"CommonName":null,"SourceGlobalID":"{C05A98B5-81DB-4391-BA1B-641DC1C43214}","Comments":null,"UpdateStatus":"AUTO","UpdateSource":"PMBC"}},{"type":"Feature","geometry":{"type":"Polygon","coordinates":[[[-117.711494,49.095769],[-117.711658,49.095688],[-117.711794,49.095806],[-117.711631,49.095887],[-117.71156,49.095826],[-117.711494,49.095769]]]},"properties":{"GlobalID":"{3DE079BB-CC1B-43D9-87EC-D03204C609E0}","Name":"030538017","PlanID":"{E58A661A-B4AD-4C50-BA8A-5F7D2A29F92F}","PlanNumber":"EPP84306","PIN":null,"PID":30538017,"Designation1":null,"Designation2":"Lot B","Designation3":null,"ParcelStatus":"ACTIVE","RegionalDistrict":"0019","ParcelClass":"SUBDIVISION","SourceParcelID":null,"GeometrySource":"SPDS","IsRemainder":null,"ParcelStartDate":"2018-08-13T07:00:00.000Z","PositionalError":0.01154672,"LegalDescription":"LOT B DISTRICT LOT 230 KOOTENAY DISTRICT PLAN EPP84306","CaptureMethod":"SPDS","OwnerType":"PRIVATE","Compiled":0,"CreatedDate":"2020-01-02T20:48:30.000Z","ModifiedDate":"2021-09-17T14:19:58.000Z","StatedArea":"246.8","ErrorReportedBy":"PMBC-OPERATIONS","Municipality":"0146","OBJECTID":48949,"created_user":"SDE","created_date":"2024-11-12T16:15:31.000Z","last_edited_user":"SDE","last_edited_date":"2026-03-25T16:06:10.000Z","Shape__Area":246.616920255,"Shape__Length":62.885648954856514,"CommonName":null,"SourceGlobalID":"{8A033469-987B-4C63-A8CA-3DD0C04C2F1A}","Comments":null,"UpdateStatus":"AUTO","UpdateSource":"PMBC"}},{"type":"Feature","geometry":{"type":"Polygon","coordinates":[[[-117.712029,49.095778],[-117.712098,49.095837],[-117.711765,49.096003],[-117.711697,49.095944],[-117.712029,49.095778]]]},"properties":{"GlobalID":"{3EEE08E5-8A2E-4208-93D6-744E38F5AF25}","Name":"011949341","PlanID":"{1023FEA3-8020-4DAE-B1B7-62D572859BCF}","PlanNumber":"NEP465A","PIN":null,"PID":11949341,"Designation1":"Lot 10","Designation2":"Block 24","Designation3":null,"ParcelStatus":"ACTIVE","RegionalDistrict":"0019","ParcelClass":"SUBDIVISION","SourceParcelID":"000326.000","GeometrySource":"ICF","IsRemainder":"NO","ParcelStartDate":null,"PositionalError":0.58748875,"LegalDescription":"LOT 10 BLOCK 24 DISTRICT LOT 230 KOOTENAY DISTRICT PLAN 465A","CaptureMethod":"COGO IN SOURCE","OwnerType":"PRIVATE","Compiled":1,"CreatedDate":"2016-09-20T23:24:06.000Z","ModifiedDate":"2021-09-17T14:19:58.000Z","StatedArea":null,"ErrorReportedBy":"PMBC-OPERATIONS","Municipality":"0146","OBJECTID":48950,"created_user":"SDE","created_date":"2024-11-12T16:15:31.000Z","last_edited_user":"SDE","last_edited_date":"2026-03-25T16:06:10.000Z","Shape__Area":250.909633935,"Shape__Length":77.42175199023491,"CommonName":null,"SourceGlobalID":"{167DB43B-2754-4D68-B069-5FEDC7B18B87}","Comments":null,"UpdateStatus":"AUTO","UpdateSource":"PMBC"}},{"type":"Feature","geometry":{"type":"Polygon","coordinates":[[[-117.711434,49.096019],[-117.71141,49.095994],[-117.711562,49.095918],[-117.71163,49.095977],[-117.711541,49.096022],[-117.711434,49.096019]]]},"properties":{"GlobalID":"{9D1CD936-D5E5-4FFB-A698-F01845112391}","Name":"016269837","PlanID":"{F0DB3B36-A152-4C45-B118-275779D2B1D7}","PlanNumber":"NO_PLAN","PIN":null,"PID":16269837,"Designation1":"Parcel A","Designation2":"Lot 16","Designation3":"Block 24","ParcelStatus":"ACTIVE","RegionalDistrict":"0019","ParcelClass":"SUBDIVISION","SourceParcelID":"000332.100","GeometrySource":"ICF","IsRemainder":"NO","ParcelStartDate":null,"PositionalError":1.19317887,"LegalDescription":"PARCEL A (SEE 8222I) LOT 16 BLOCK 24 DISTRICT LOT 230 KOOTENAY DISTRICT PLAN 465A","CaptureMethod":"COGO IN SOURCE","OwnerType":"PRIVATE","Compiled":1,"CreatedDate":"2016-09-20T23:24:06.000Z","ModifiedDate":"2021-09-17T14:19:58.000Z","StatedArea":null,"ErrorReportedBy":"PMBC-OPERATIONS","Municipality":"0146","OBJECTID":48951,"created_user":"SDE","created_date":"2024-11-12T16:15:31.000Z","last_edited_user":"SDE","last_edited_date":"2026-03-25T16:06:10.000Z","Shape__Area":101.63376427,"Shape__Length":41.42987493685897,"CommonName":null,"SourceGlobalID":"{1814C72B-EB90-44AF-B19D-B542C66B278E}","Comments":null,"UpdateStatus":"AUTO","UpdateSource":"PMBC"}},{"type":"Feature","geometry":{"type":"Polygon","coordinates":[[[-117.711494,49.095859],[-117.711562,49.095918],[-117.71141,49.095994],[-117.71135,49.095931],[-117.711494,49.095859]]]},"properties":{"GlobalID":"{93944630-BF93-431C-B9A7-B648E25FC9B1}","Name":"016269829","PlanID":"{F0DB3B36-A152-4C45-B118-275779D2B1D7}","PlanNumber":"NO_PLAN","PIN":null,"PID":16269829,"Designation1":"Parcel A","Designation2":"Lot 15","Designation3":"Block 24","ParcelStatus":"ACTIVE","RegionalDistrict":"0019","ParcelClass":"SUBDIVISION","SourceParcelID":"000332.100","GeometrySource":"ICF","IsRemainder":"NO","ParcelStartDate":null,"PositionalError":1.09477341,"LegalDescription":"PARCEL A (SEE 8222I) LOT 15 BLOCK 24 DISTRICT LOT 230 KOOTENAY DISTRICT PLAN 465A","CaptureMethod":"COGO IN SOURCE","OwnerType":"PRIVATE","Compiled":1,"CreatedDate":"2016-09-20T23:24:06.000Z","ModifiedDate":"2021-09-17T14:19:58.000Z","StatedArea":null,"ErrorReportedBy":"PMBC-OPERATIONS","Municipality":"0146","OBJECTID":48952,"created_user":"SDE","created_date":"2024-11-12T16:15:31.000Z","last_edited_user":"SDE","last_edited_date":"2026-03-25T16:06:10.000Z","Shape__Area":111.565687235,"Shape__Length":43.59903899971468,"CommonName":null,"SourceGlobalID":"{0239FEE2-FA4E-4491-8579-745E8829D56B}","Comments":null,"UpdateStatus":"AUTO","UpdateSource":"PMBC"}},{"type":"Feature","geometry":{"type":"Polygon","coordinates":[[[-117.711631,49.095887],[-117.711794,49.095806],[-117.711963,49.095721],[-117.712029,49.095778],[-117.711697,49.095944],[-117.711631,49.095887]]]},"properties":{"GlobalID":"{907AE1FA-A7BA-4847-9A9B-482A5480D1E7}","Name":"016269845","PlanID":"{1023FEA3-8020-4DAE-B1B7-62D572859BCF}","PlanNumber":"NEP465A","PIN":null,"PID":16269845,"Designation1":"Lot 11","Designation2":"Block 24","Designation3":null,"ParcelStatus":"ACTIVE","RegionalDistrict":"0019","ParcelClass":"SUBDIVISION","SourceParcelID":"000327.000","GeometrySource":"ICF","IsRemainder":"NO","ParcelStartDate":null,"PositionalError":0.58748875,"LegalDescription":"LOT 11 BLOCK 24 DISTRICT LOT 230 KOOTENAY DISTRICT PLAN 465A","CaptureMethod":"COGO IN SOURCE","OwnerType":"PRIVATE","Compiled":1,"CreatedDate":"2016-09-20T23:24:06.000Z","ModifiedDate":"2021-09-17T14:19:58.000Z","StatedArea":null,"ErrorReportedBy":"PMBC-OPERATIONS","Municipality":"0146","OBJECTID":48953,"created_user":"SDE","created_date":"2024-11-12T16:15:31.000Z","last_edited_user":"SDE","last_edited_date":"2026-03-25T16:06:10.000Z","Shape__Area":243.20664388,"Shape__Length":76.91065570890129,"CommonName":null,"SourceGlobalID":"{176024C0-D2E3-4551-A3E7-DB1AC1273436}","Comments":null,"UpdateStatus":"AUTO","UpdateSource":"PMBC"}},{"type":"Feature","geometry":{"type":"Polygon","coordinates":[[[-118.89504,49.12943],[-118.894903,49.128887],[-118.894891,49.128827],[-118.894887,49.128766],[-118.894889,49.128705],[-118.894888,49.128607],[-118.89488,49.12851],[-118.894865,49.128413],[-118.894844,49.128317],[-118.894815,49.128223],[-118.89478,49.128132],[-118.894738,49.128043],[-118.89469,49.127958],[-118.894636,49.127876],[-118.894577,49.127798],[-118.894512,49.127725],[-118.894441,49.127656],[-118.894366,49.127593],[-118.894287,49.127536],[-118.894204,49.127484],[-118.894147,49.127447],[-118.894093,49.127405],[-118.894044,49.127359],[-118.893998,49.127309],[-118.893958,49.127254],[-118.893922,49.127197],[-118.893891,49.127136],[-118.893866,49.127074],[-118.893846,49.127009],[-118.893832,49.126942],[-118.893824,49.126875],[-118.893814,49.126126],[-118.894013,49.125781],[-118.894458,49.124801],[-118.894462,49.124212],[-118.894978,49.123021],[-118.895302,49.122374],[-118.898481,49.122367],[-118.898494,49.129598],[-118.89504,49.129606],[-118.895048,49.129562],[-118.895051,49.129518],[-118.895048,49.129474],[-118.89504,49.12943]]]},"properties":{"GlobalID":"{D429C3C6-1008-4C86-AC73-BA2E8B25F868}","Name":"029404827","PlanID":"{A881BEED-593B-40A0-B762-C85657D4F9CB}","PlanNumber":"EPP41660","PIN":null,"PID":29404827,"Designation1":"Lot 2","Designation2":null,"Designation3":null,"ParcelStatus":"ACTIVE","RegionalDistrict":"0019","ParcelClass":"SUBDIVISION","SourceParcelID":null,"GeometrySource":"ICIS CADASTRE","IsRemainder":"NO","ParcelStartDate":"2014-10-06T07:00:00.000Z","PositionalError":0.64413669,"LegalDescription":"LOT 2 DISTRICT LOT 1573S SIMILKAMEEN DIVISION YALE DISTRICT PLAN EPP41660","CaptureMethod":"UNKNOWN","OwnerType":"PRIVATE","Compiled":0,"CreatedDate":"2021-09-17T17:53:22.000Z","ModifiedDate":"2021-09-17T17:57:18.000Z","StatedArea":"233947","ErrorReportedBy":"PMBC-OPERATIONS","Municipality":"0163","OBJECTID":48954,"created_user":"SDE","created_date":"2024-11-12T16:15:31.000Z","last_edited_user":"SDE","last_edited_date":"2026-03-25T16:06:10.000Z","Shape__Area":233956.937135885,"Shape__Length":2129.8454981592226,"CommonName":null,"SourceGlobalID":"{CF3DDF91-DB29-4799-B066-BFD6A192C1CA}","Comments":null,"UpdateStatus":"AUTO","UpdateSource":"PMBC"}},{"type":"Feature","geometry":{"type":"Polygon","coordinates":[[[-118.894769,49.12946],[-118.894776,49.129496],[-118.894776,49.129534],[-118.894771,49.12957],[-118.89476,49.129606],[-118.887425,49.129622],[-118.887425,49.122392],[-118.895013,49.122375],[-118.894716,49.122968],[-118.894352,49.123807],[-118.894314,49.123891],[-118.894271,49.123972],[-118.894225,49.124052],[-118.894176,49.12413],[-118.894135,49.124194],[-118.8941,49.12426],[-118.894071,49.12433],[-118.894048,49.124401],[-118.894031,49.124475],[-118.894021,49.124549],[-118.894017,49.124624],[-118.894019,49.1247],[-118.894028,49.124774],[-118.894043,49.124848],[-118.894053,49.124905],[-118.894056,49.124963],[-118.894052,49.125021],[-118.894042,49.125078],[-118.894024,49.125133],[-118.894001,49.125186],[-118.893971,49.125235],[-118.893936,49.125281],[-118.893895,49.125323],[-118.893838,49.125381],[-118.893784,49.125443],[-118.893736,49.12551],[-118.893692,49.125579],[-118.893653,49.125652],[-118.89362,49.125727],[-118.893592,49.125804],[-118.89357,49.125883],[-118.893554,49.125964],[-118.893544,49.126046],[-118.89354,49.126128],[-118.89355,49.126877],[-118.89356,49.126958],[-118.893577,49.127037],[-118.8936,49.127115],[-118.893631,49.127191],[-118.893667,49.127264],[-118.893711,49.127333],[-118.89376,49.127398],[-118.893814,49.127459],[-118.893874,49.127514],[-118.893938,49.127564],[-118.894006,49.127609],[-118.894234,49.127825],[-118.894531,49.128334],[-118.894542,49.128671],[-118.894664,49.129042],[-118.894769,49.12946]]]},"properties":{"GlobalID":"{343A3359-4DE6-4B67-9ABA-8425D9AFEAEC}","Name":"029404819","PlanID":"{A881BEED-593B-40A0-B762-C85657D4F9CB}","PlanNumber":"EPP41660","PIN":null,"PID":29404819,"Designation1":"Lot 1","Designation2":null,"Designation3":null,"ParcelStatus":"ACTIVE","RegionalDistrict":"0019","ParcelClass":"SUBDIVISION","SourceParcelID":null,"GeometrySource":"MODIFIED-ICIS","IsRemainder":"NO","ParcelStartDate":"2014-10-06T07:00:00.000Z","PositionalError":0.84977128,"LegalDescription":"LOT 1 DISTRICT LOT 1573S SIMILKAMEEN DIVISION YALE DISTRICT PLAN EPP41660","CaptureMethod":"UNKNOWN","OwnerType":"PRIVATE","Compiled":0,"CreatedDate":"2021-09-17T17:53:22.000Z","ModifiedDate":"2021-09-17T17:57:18.000Z","StatedArea":"396172","ErrorReportedBy":"PMBC-OPERATIONS","Municipality":"0163","OBJECTID":48955,"created_user":"SDE","created_date":"2024-11-12T16:15:31.000Z","last_edited_user":"SDE","last_edited_date":"2026-03-25T16:06:10.000Z","Shape__Area":396187.901399655,"Shape__Length":2734.9880791727146,"CommonName":null,"SourceGlobalID":"{5B2A7E8C-4145-4676-8637-2361679AD2E6}","Comments":null,"UpdateStatus":"AUTO","UpdateSource":"PMBC"}},{"type":"Feature","geometry":{"type":"Polygon","coordinates":[[[-118.894352,49.123807],[-118.894716,49.122968],[-118.895013,49.122375],[-118.895217,49.122374],[-118.895302,49.122374],[-118.894978,49.123021],[-118.894462,49.124212],[-118.894458,49.124801],[-118.894013,49.125781],[-118.893814,49.126126],[-118.893824,49.126875],[-118.893832,49.126942],[-118.893846,49.127009],[-118.893866,49.127074],[-118.893891,49.127136],[-118.893922,49.127197],[-118.893958,49.127254],[-118.893998,49.127309],[-118.894044,49.127359],[-118.894093,49.127405],[-118.894147,49.127447],[-118.894204,49.127484],[-118.894287,49.127536],[-118.894366,49.127593],[-118.894441,49.127656],[-118.894512,49.127725],[-118.894577,49.127798],[-118.894636,49.127876],[-118.89469,49.127958],[-118.894738,49.128043],[-118.89478,49.128132],[-118.894815,49.128223],[-118.894844,49.128317],[-118.894865,49.128413],[-118.89488,49.12851],[-118.894888,49.128607],[-118.894889,49.128705],[-118.894887,49.128766],[-118.894891,49.128827],[-118.894903,49.128887],[-118.89504,49.12943],[-118.895048,49.129474],[-118.895051,49.129518],[-118.895048,49.129562],[-118.89504,49.129606],[-118.89476,49.129606],[-118.894771,49.12957],[-118.894776,49.129534],[-118.894776,49.129496],[-118.894769,49.12946],[-118.894664,49.129042],[-118.894542,49.128671],[-118.894531,49.128334],[-118.894234,49.127825],[-118.894006,49.127609],[-118.893938,49.127564],[-118.893874,49.127514],[-118.893814,49.127459],[-118.89376,49.127398],[-118.893711,49.127333],[-118.893667,49.127264],[-118.893631,49.127191],[-118.8936,49.127115],[-118.893577,49.127037],[-118.89356,49.126958],[-118.89355,49.126877],[-118.89354,49.126128],[-118.893544,49.126046],[-118.893554,49.125964],[-118.89357,49.125883],[-118.893592,49.125804],[-118.89362,49.125727],[-118.893653,49.125652],[-118.893692,49.125579],[-118.893736,49.12551],[-118.893784,49.125443],[-118.893838,49.125381],[-118.893895,49.125323],[-118.893936,49.125281],[-118.893971,49.125235],[-118.894001,49.125186],[-118.894024,49.125133],[-118.894042,49.125078],[-118.894052,49.125021],[-118.894056,49.124963],[-118.894053,49.124905],[-118.894043,49.124848],[-118.894028,49.124774],[-118.894019,49.1247],[-118.894017,49.124624],[-118.894021,49.124549],[-118.894031,49.124475],[-118.894048,49.124401],[-118.894071,49.12433],[-118.8941,49.12426],[-118.894135,49.124194],[-118.894176,49.12413],[-118.894225,49.124052],[-118.894271,49.123972],[-118.894314,49.123891],[-118.894352,49.123807]]]},"properties":{"GlobalID":"{593F27E2-48B9-4B1D-A726-76B255B5426E}","Name":"Road","PlanID":"{A881BEED-593B-40A0-B762-C85657D4F9CB}","PlanNumber":"EPP41660","PIN":null,"PID":null,"Designation1":null,"Designation2":null,"Designation3":null,"ParcelStatus":"ACTIVE","RegionalDistrict":"0019","ParcelClass":"ROAD","SourceParcelID":null,"GeometrySource":"ICIS CADASTRE","IsRemainder":"NO","ParcelStartDate":null,"PositionalError":0.66184249,"LegalDescription":null,"CaptureMethod":"UNKNOWN","OwnerType":"CROWN PROVINCIAL","Compiled":0,"CreatedDate":"2021-09-17T17:53:22.000Z","ModifiedDate":"2021-09-17T17:57:18.000Z","StatedArea":"18910","ErrorReportedBy":"PMBC-OPERATIONS","Municipality":"0163","OBJECTID":48956,"created_user":"SDE","created_date":"2024-11-12T16:15:31.000Z","last_edited_user":"SDE","last_edited_date":"2026-03-25T16:06:10.000Z","Shape__Area":18887.72661557,"Shape__Length":1725.3239780500323,"CommonName":null,"SourceGlobalID":"{FBBD2932-2E2D-494C-B168-5B2F7F77E805}","Comments":null,"UpdateStatus":"AUTO","UpdateSource":"PMBC"}},{"type":"Feature","geometry":{"type":"Polygon","coordinates":[[[-118.887425,49.129622],[-118.876393,49.129621],[-118.876403,49.125996],[-118.876399,49.122379],[-118.887425,49.122392],[-118.887425,49.129622]]]},"properties":{"GlobalID":"{7487E28D-C5E2-4F45-914A-795141EE8C13}","Name":"014688506","PlanID":"{F0DB3B36-A152-4C45-B118-275779D2B1D7}","PlanNumber":"NO_PLAN","PIN":4375270,"PID":14688506,"Designation1":"306S","Designation2":null,"Designation3":null,"ParcelStatus":"ACTIVE","RegionalDistrict":"0019","ParcelClass":"SUBDIVISION","SourceParcelID":null,"GeometrySource":"ICF","IsRemainder":"NO","ParcelStartDate":null,"PositionalError":2.74913086,"LegalDescription":"DISTRICT LOT 306S SIMILKAMEEN DIVISION YALE DISTRICT","CaptureMethod":"UNKNOWN","OwnerType":"PRIVATE","Compiled":1,"CreatedDate":"2016-09-20T23:24:06.000Z","ModifiedDate":"2021-09-17T17:57:18.000Z","StatedArea":null,"ErrorReportedBy":"PMBC-OPERATIONS","Municipality":"0163","OBJECTID":48957,"created_user":"SDE","created_date":"2024-11-12T16:15:31.000Z","last_edited_user":"SDE","last_edited_date":"2026-03-25T16:06:10.000Z","Shape__Area":647405.51085282,"Shape__Length":3218.950029289335,"CommonName":null,"SourceGlobalID":"{7F1BBF30-D414-4DF5-99CE-7D5D6F89F8DD}","Comments":null,"UpdateStatus":"AUTO","UpdateSource":"PMBC"}},{"type":"Feature","geometry":{"type":"Polygon","coordinates":[[[-118.898491,49.127782],[-118.898481,49.122367],[-118.898489,49.120553],[-118.909508,49.120562],[-118.909475,49.127795],[-118.898491,49.127782]]]},"properties":{"GlobalID":"{367DFAAC-B2F5-49DC-AB59-28DFCDB8D6E2}","Name":"015091040","PlanID":"{F0DB3B36-A152-4C45-B118-275779D2B1D7}","PlanNumber":"NO_PLAN","PIN":4220970,"PID":15091040,"Designation1":"2330S","Designation2":null,"Designation3":null,"ParcelStatus":"ACTIVE","RegionalDistrict":"0019","ParcelClass":"SUBDIVISION","SourceParcelID":null,"GeometrySource":"ICF","IsRemainder":"NO","ParcelStartDate":null,"PositionalError":0.82025947,"LegalDescription":"DISTRICT LOT 2330S SIMILKAMEEN DIVISION YALE DISTRICT","CaptureMethod":"UNKNOWN","OwnerType":"CROWN PROVINCIAL","Compiled":1,"CreatedDate":"2016-09-20T23:24:06.000Z","ModifiedDate":"2021-09-17T17:57:18.000Z","StatedArea":null,"ErrorReportedBy":"PMBC-OPERATIONS","Municipality":"0163","OBJECTID":48958,"created_user":"SDE","created_date":"2024-11-12T16:15:31.000Z","last_edited_user":"SDE","last_edited_date":"2026-03-25T16:06:10.000Z","Shape__Area":645810.18837353,"Shape__Length":3213.896872587805,"CommonName":null,"SourceGlobalID":"{B20B45C6-3901-43A7-B814-835D66CC582E}","Comments":null,"UpdateStatus":"AUTO","UpdateSource":"PMBC"}},{"type":"Feature","geometry":{"type":"Polygon","coordinates":[[[-118.88748,49.14047],[-118.887472,49.136861],[-118.892738,49.136849],[-118.892738,49.136849],[-118.898501,49.136835],[-118.898503,49.140451],[-118.898504,49.142606],[-118.898505,49.144067],[-118.887489,49.144074],[-118.88748,49.14047]]]},"properties":{"GlobalID":"{0FBB0FAB-7D10-4779-9EB0-CC79B1BA1E56}","Name":"015058301","PlanID":"{F0DB3B36-A152-4C45-B118-275779D2B1D7}","PlanNumber":"NO_PLAN","PIN":4162310,"PID":15058301,"Designation1":"1922S","Designation2":null,"Designation3":null,"ParcelStatus":"ACTIVE","RegionalDistrict":"0019","ParcelClass":"SUBDIVISION","SourceParcelID":null,"GeometrySource":"ICF","IsRemainder":"NO","ParcelStartDate":null,"PositionalError":0.57208633,"LegalDescription":"DISTRICT LOT 1922S SIMILKAMEEN DIVISION YALE DISTRICT","CaptureMethod":"UNKNOWN","OwnerType":"PRIVATE","Compiled":1,"CreatedDate":"2016-09-20T23:24:06.000Z","ModifiedDate":"2024-12-20T22:24:39.000Z","StatedArea":null,"ErrorReportedBy":"PMBC-OPERATIONS","Municipality":"0163","OBJECTID":48959,"created_user":"SDE","created_date":"2024-11-12T16:15:31.000Z","last_edited_user":"SDE","last_edited_date":"2026-03-25T16:06:10.000Z","Shape__Area":645788.680345915,"Shape__Length":3214.42819181434,"CommonName":null,"SourceGlobalID":"{668594D1-709A-417E-A651-9106EA76ACA6}","Comments":null,"UpdateStatus":"AUTO","UpdateSource":"PMBC"}},{"type":"Feature","geometry":{"type":"Polygon","coordinates":[[[-118.887425,49.129622],[-118.887428,49.129622],[-118.887472,49.136861],[-118.876392,49.136854],[-118.876393,49.129621],[-118.887425,49.129622]]]},"properties":{"GlobalID":"{AC599C23-6ED3-42E7-A015-6CE9670E59B5}","Name":"014688468","PlanID":"{F0DB3B36-A152-4C45-B118-275779D2B1D7}","PlanNumber":"NO_PLAN","PIN":4375010,"PID":14688468,"Designation1":"304S","Designation2":null,"Designation3":null,"ParcelStatus":"ACTIVE","RegionalDistrict":"0019","ParcelClass":"SUBDIVISION","SourceParcelID":null,"GeometrySource":"ICF","IsRemainder":"NO","ParcelStartDate":null,"PositionalError":7.89666701,"LegalDescription":"DISTRICT LOT 304S SIMILKAMEEN DIVISION YALE DISTRICT","CaptureMethod":"UNKNOWN","OwnerType":"PRIVATE","Compiled":1,"CreatedDate":"2016-09-20T23:24:06.000Z","ModifiedDate":"2024-12-20T22:24:39.000Z","StatedArea":null,"ErrorReportedBy":"PMBC-OPERATIONS","Municipality":"0163","OBJECTID":48960,"created_user":"SDE","created_date":"2024-11-12T16:15:31.000Z","last_edited_user":"SDE","last_edited_date":"2026-03-25T16:06:10.000Z","Shape__Area":649160.35410555,"Shape__Length":3222.831777393287,"CommonName":null,"SourceGlobalID":"{4A7F58FC-4656-4F30-B2E7-661C0B8104D2}","Comments":null,"UpdateStatus":"AUTO","UpdateSource":"PMBC"}},{"type":"Feature","geometry":{"type":"Polygon","coordinates":[[[-118.898494,49.129598],[-118.898491,49.127782],[-118.909475,49.127795],[-118.9095,49.131413],[-118.909524,49.135028],[-118.898503,49.135014],[-118.898494,49.129598]]]},"properties":{"GlobalID":"{7A2ABCCC-6EA1-4BD5-A177-AEBB7ECE9698}","Name":"014688450","PlanID":"{F0DB3B36-A152-4C45-B118-275779D2B1D7}","PlanNumber":"NO_PLAN","PIN":4374650,"PID":14688450,"Designation1":"302S","Designation2":null,"Designation3":null,"ParcelStatus":"ACTIVE","RegionalDistrict":"0019","ParcelClass":"SUBDIVISION","SourceParcelID":null,"GeometrySource":"ICF","IsRemainder":"NO","ParcelStartDate":null,"PositionalError":0.81995789,"LegalDescription":"DISTRICT LOT 302S SIMILKAMEEN DIVISION YALE DISTRICT","CaptureMethod":"UNKNOWN","OwnerType":"PRIVATE","Compiled":1,"CreatedDate":"2016-09-20T23:24:06.000Z","ModifiedDate":"2024-12-20T22:24:39.000Z","StatedArea":null,"ErrorReportedBy":"PMBC-OPERATIONS","Municipality":"0163","OBJECTID":48961,"created_user":"SDE","created_date":"2024-11-12T16:15:31.000Z","last_edited_user":"SDE","last_edited_date":"2026-03-25T16:06:10.000Z","Shape__Area":645602.385334625,"Shape__Length":3214.0096514221104,"CommonName":null,"SourceGlobalID":"{E248DCA8-1361-4D98-BD57-7A2C45DEB48F}","Comments":null,"UpdateStatus":"AUTO","UpdateSource":"PMBC"}},{"type":"Feature","geometry":{"type":"Polygon","coordinates":[[[-118.898503,49.140451],[-118.909541,49.140443],[-118.909544,49.14406],[-118.904019,49.144064],[-118.900238,49.144066],[-118.898505,49.144067],[-118.898504,49.142606],[-118.898503,49.140451]]]},"properties":{"GlobalID":"{7C33B185-96D6-4374-B085-1C230A434703}","Name":"014076161","PlanID":"{F0DB3B36-A152-4C45-B118-275779D2B1D7}","PlanNumber":"NO_PLAN","PIN":4186240,"PID":14076161,"Designation1":"2087S","Designation2":null,"Designation3":null,"ParcelStatus":"ACTIVE","RegionalDistrict":"0019","ParcelClass":"SUBDIVISION","SourceParcelID":null,"GeometrySource":"ICF","IsRemainder":"NO","ParcelStartDate":null,"PositionalError":2.8709218,"LegalDescription":"DISTRICT LOT 2087S SIMILKAMEEN DIVISION YALE DISTRICT","CaptureMethod":"UNKNOWN","OwnerType":"PRIVATE","Compiled":1,"CreatedDate":"2016-09-20T23:24:06.000Z","ModifiedDate":"2024-12-20T22:24:39.000Z","StatedArea":null,"ErrorReportedBy":"PMBC-OPERATIONS","Municipality":"0163","OBJECTID":48962,"created_user":"SDE","created_date":"2024-11-12T16:15:31.000Z","last_edited_user":"SDE","last_edited_date":"2026-03-25T16:06:10.000Z","Shape__Area":323847.175037325,"Shape__Length":2414.8563716324775,"CommonName":null,"SourceGlobalID":"{0DF13433-92F9-4524-A548-F9F09ADFD318}","Comments":null,"UpdateStatus":"AUTO","UpdateSource":"PMBC"}},{"type":"Feature","geometry":{"type":"Polygon","coordinates":[[[-117.553303,49.088074],[-117.553362,49.088074],[-117.553345,49.088091],[-117.553345,49.088092],[-117.551717,49.08969],[-117.547749,49.088074],[-117.553303,49.088074]]]},"properties":{"GlobalID":"{F0C92CF1-2FD4-4C72-8638-98F3B558160A}","Name":"016031334","PlanID":"{816C4699-428D-4E33-BB26-23BCF6E5C35F}","PlanNumber":"NEP785B","PIN":null,"PID":16031334,"Designation1":"Lot 212","Designation2":null,"Designation3":null,"ParcelStatus":"ACTIVE","RegionalDistrict":"0019","ParcelClass":"SUBDIVISION","SourceParcelID":null,"GeometrySource":"ICF","IsRemainder":"NO","ParcelStartDate":null,"PositionalError":4.2306183,"LegalDescription":"LOT 212 DISTRICT LOT 1236 KOOTENAY DISTRICT PLAN 785B","CaptureMethod":"UNKNOWN","OwnerType":"PRIVATE","Compiled":1,"CreatedDate":"2016-09-20T23:24:06.000Z","ModifiedDate":"2026-03-10T15:09:03.000Z","StatedArea":null,"ErrorReportedBy":"LSA","Municipality":"0163","OBJECTID":48963,"created_user":"SDE","created_date":"2024-11-12T16:15:31.000Z","last_edited_user":"SDE","last_edited_date":"2026-03-25T16:06:10.000Z","Shape__Area":36800.3597318,"Shape__Length":966.7910137201179,"CommonName":null,"SourceGlobalID":"{67C2B52E-A8C0-4E3C-AC3A-58C5C51788AF}","Comments":null,"UpdateStatus":"AUTO","UpdateSource":"PMBC"}},{"type":"Feature","geometry":{"type":"Polygon","coordinates":[[[-119.107765,49.028388],[-119.103366,49.028434],[-119.101265,49.028454],[-119.100949,49.028454],[-119.086029,49.028481],[-119.08597,49.028483],[-119.08596,49.027938],[-119.085923,49.025737],[-119.0859,49.024383],[-119.085856,49.021841],[-119.097912,49.021939],[-119.101432,49.021968],[-119.107744,49.022018],[-119.107774,49.02499],[-119.107772,49.025587],[-119.107765,49.028388]]]},"properties":{"GlobalID":"{027E4F0C-A102-4C6B-8FCA-84073C3A18F6}","Name":"011777117","PlanID":"{42E9E5E2-22A5-4E58-A9C7-59EC9FD334E8}","PlanNumber":"KAP1187","PIN":null,"PID":11777117,"Designation1":"Lot 3","Designation2":null,"Designation3":null,"ParcelStatus":"ACTIVE","RegionalDistrict":"0019","ParcelClass":"SUBDIVISION","SourceParcelID":null,"GeometrySource":"ICF","IsRemainder":"NO","ParcelStartDate":null,"PositionalError":29.22252187,"LegalDescription":"SUBLOT 3 DISTRICT LOT 2707 SIMILKAMEEN DIVISION YALE DISTRICT PLAN 1187","CaptureMethod":"UNKNOWN","OwnerType":"PRIVATE","Compiled":1,"CreatedDate":"2016-09-20T23:24:06.000Z","ModifiedDate":"2021-09-22T15:44:49.000Z","StatedArea":null,"ErrorReportedBy":"PMBC-OPERATIONS","Municipality":"0163","OBJECTID":48964,"created_user":"SDE","created_date":"2024-11-12T16:15:31.000Z","last_edited_user":"SDE","last_edited_date":"2026-03-25T16:06:10.000Z","Shape__Area":1159174.55530267,"Shape__Length":4641.529128526551,"CommonName":null,"SourceGlobalID":"{23C1A2B5-274B-45DD-902B-ECD1F7AB37B1}","Comments":null,"UpdateStatus":"AUTO","UpdateSource":"PMBC"}},{"type":"Feature","geometry":{"type":"Polygon","coordinates":[[[-119.085756,49.015998],[-119.085814,49.014554],[-119.099967,49.01468],[-119.100137,49.01468],[-119.107671,49.014697],[-119.107744,49.022018],[-119.101432,49.021968],[-119.097912,49.021939],[-119.085856,49.021841],[-119.085789,49.017944],[-119.085788,49.017864],[-119.085762,49.016337],[-119.085756,49.015998]]]},"properties":{"GlobalID":"{134DD962-08CB-44CD-B52B-7183E46F0AFE}","Name":"014785846","PlanID":"{F0DB3B36-A152-4C45-B118-275779D2B1D7}","PlanNumber":"NO_PLAN","PIN":4454290,"PID":14785846,"Designation1":"567S","Designation2":null,"Designation3":null,"ParcelStatus":"ACTIVE","RegionalDistrict":"0019","ParcelClass":"SUBDIVISION","SourceParcelID":null,"GeometrySource":"ICF","IsRemainder":"NO","ParcelStartDate":null,"PositionalError":29.90615709,"LegalDescription":"DISTRICT LOT 567S SIMILKAMEEN DIVISION YALE DISTRICT","CaptureMethod":"UNKNOWN","OwnerType":"PRIVATE","Compiled":1,"CreatedDate":"2016-09-20T23:24:06.000Z","ModifiedDate":"2021-09-22T15:44:49.000Z","StatedArea":null,"ErrorReportedBy":"PMBC-OPERATIONS","Municipality":"0163","OBJECTID":48965,"created_user":"SDE","created_date":"2024-11-12T16:15:31.000Z","last_edited_user":"SDE","last_edited_date":"2026-03-25T16:06:10.000Z","Shape__Area":1298225.09000435,"Shape__Length":4824.087959146628,"CommonName":null,"SourceGlobalID":"{DAD1C712-A860-4541-BF55-685E000216B9}","Comments":null,"UpdateStatus":"AUTO","UpdateSource":"PMBC"}},{"type":"Feature","geometry":{"type":"Polygon","coordinates":[[[-119.118738,49.021843],[-119.129754,49.021766],[-119.129781,49.024975],[-119.12978,49.025643],[-119.12978,49.025823],[-119.129766,49.028916],[-119.129774,49.029122],[-119.121942,49.029132],[-119.121784,49.029132],[-119.118743,49.029136],[-119.118745,49.028422],[-119.118754,49.025592],[-119.118756,49.024986],[-119.118739,49.02196],[-119.118738,49.021843]]]},"properties":{"GlobalID":"{05110B0D-FD91-411A-A459-F16DFE11525A}","Name":"014992108","PlanID":"{F0DB3B36-A152-4C45-B118-275779D2B1D7}","PlanNumber":"NO_PLAN","PIN":3713981,"PID":14992108,"Designation1":"NW4","Designation2":"7","Designation3":null,"ParcelStatus":"ACTIVE","RegionalDistrict":"0019","ParcelClass":"SUBDIVISION","SourceParcelID":null,"GeometrySource":"ICF","IsRemainder":"NO","ParcelStartDate":null,"PositionalError":17.91092372,"LegalDescription":"THE NORTH WEST 1/4 OF SECTION 7 TOWNSHIP 67 SIMILKAMEEN DIVISION YALE DISTRICT","CaptureMethod":"UNKNOWN","OwnerType":"PRIVATE","Compiled":1,"CreatedDate":"2016-09-20T23:24:06.000Z","ModifiedDate":"2021-09-22T15:44:49.000Z","StatedArea":null,"ErrorReportedBy":"PMBC-OPERATIONS","Municipality":"0163","OBJECTID":48966,"created_user":"SDE","created_date":"2024-11-12T16:15:31.000Z","last_edited_user":"SDE","last_edited_date":"2026-03-25T16:06:10.000Z","Shape__Area":656498.91359361,"Shape__Length":3241.1212304349287,"CommonName":null,"SourceGlobalID":"{53680A00-679C-4262-A765-823F152800D4}","Comments":null,"UpdateStatus":"AUTO","UpdateSource":"PMBC"}},{"type":"Feature","geometry":{"type":"Polygon","coordinates":[[[-119.054078,49.007489],[-119.054096,49.008823],[-119.054167,49.014223],[-119.054222,49.018372],[-119.051182,49.018375],[-119.050884,49.018375],[-119.048823,49.018377],[-119.043413,49.018383],[-119.043227,49.011144],[-119.043133,49.007492],[-119.046415,49.007491],[-119.046651,49.007491],[-119.054078,49.007489]]]},"properties":{"GlobalID":"{0C784DE8-F3B7-467B-A80C-16EF3FFAD33F}","Name":"015207102","PlanID":"{F0DB3B36-A152-4C45-B118-275779D2B1D7}","PlanNumber":"NO_PLAN","PIN":4404820,"PID":15207102,"Designation1":"2984","Designation2":null,"Designation3":null,"ParcelStatus":"ACTIVE","RegionalDistrict":"0019","ParcelClass":"SUBDIVISION","SourceParcelID":null,"GeometrySource":"ICF","IsRemainder":"NO","ParcelStartDate":null,"PositionalError":48.95830868,"LegalDescription":"DISTRICT LOT 2984 SIMILKAMEEN DIVISION YALE DISTRICT","CaptureMethod":"UNKNOWN","OwnerType":"PRIVATE","Compiled":1,"CreatedDate":"2016-09-20T23:24:06.000Z","ModifiedDate":"2021-09-22T15:44:49.000Z","StatedArea":null,"ErrorReportedBy":"PMBC-OPERATIONS","Municipality":"0163","OBJECTID":48967,"created_user":"SDE","created_date":"2024-11-12T16:15:31.000Z","last_edited_user":"SDE","last_edited_date":"2026-03-25T16:06:10.000Z","Shape__Area":963164.33948034,"Shape__Length":4012.598176724793,"CommonName":null,"SourceGlobalID":"{57310AD6-9E0F-48A2-96C1-D72D76722780}","Comments":null,"UpdateStatus":"AUTO","UpdateSource":"PMBC"}},{"type":"Feature","geometry":{"type":"Polygon","coordinates":[[[-119.075696,49.00745],[-119.075827,49.00745],[-119.076223,49.007449],[-119.076227,49.007818],[-119.076228,49.007951],[-119.076229,49.007964],[-119.07623,49.008062],[-119.076304,49.014628],[-119.075038,49.014625],[-119.065241,49.014602],[-119.065152,49.008763],[-119.06515,49.008668],[-119.065132,49.007471],[-119.067889,49.007466],[-119.068099,49.007465],[-119.074834,49.007452],[-119.074991,49.007452],[-119.075696,49.00745]]]},"properties":{"GlobalID":"{8860E333-3F67-403D-816B-9A1A89E9E0CC}","Name":"015090914","PlanID":"{F0DB3B36-A152-4C45-B118-275779D2B1D7}","PlanNumber":"NO_PLAN","PIN":null,"PID":15090914,"Designation1":"N2","Designation2":"2324","Designation3":null,"ParcelStatus":"ACTIVE","RegionalDistrict":"0019","ParcelClass":"SUBDIVISION","SourceParcelID":null,"GeometrySource":"ICF","IsRemainder":"NO","ParcelStartDate":null,"PositionalError":49.03380155,"LegalDescription":"THE NORTH 1/2 OF DISTRICT LOT 2324 SIMILKAMEEN DIVISION YALE DISTRICT","CaptureMethod":"UNKNOWN","OwnerType":"PRIVATE","Compiled":1,"CreatedDate":"2016-09-20T23:24:06.000Z","ModifiedDate":"2021-09-22T15:44:49.000Z","StatedArea":null,"ErrorReportedBy":"PMBC-OPERATIONS","Municipality":"0163","OBJECTID":48968,"created_user":"SDE","created_date":"2024-11-12T16:15:31.000Z","last_edited_user":"SDE","last_edited_date":"2026-03-25T16:06:10.000Z","Shape__Area":644588.63846563,"Shape__Length":3211.659934536373,"CommonName":null,"SourceGlobalID":"{8CF9E02A-2F19-4523-85CA-79D05E95880D}","Comments":null,"UpdateStatus":"AUTO","UpdateSource":"PMBC"}},{"type":"Feature","geometry":{"type":"Polygon","coordinates":[[[-119.085827,49.007321],[-119.085827,49.00742],[-119.085827,49.007494],[-119.085814,49.014554],[-119.084614,49.014647],[-119.077809,49.014631],[-119.076304,49.014628],[-119.07623,49.008062],[-119.076229,49.007964],[-119.076228,49.007951],[-119.076227,49.007818],[-119.076223,49.007449],[-119.07638,49.000084],[-119.085841,49.000087],[-119.085827,49.007321]]]},"properties":{"GlobalID":"{AC28A503-B234-462C-895B-59B4FC473D08}","Name":"014776561","PlanID":"{F0DB3B36-A152-4C45-B118-275779D2B1D7}","PlanNumber":"NO_PLAN","PIN":4527510,"PID":14776561,"Designation1":"1070S","Designation2":null,"Designation3":null,"ParcelStatus":"ACTIVE","RegionalDistrict":"0019","ParcelClass":"SUBDIVISION","SourceParcelID":null,"GeometrySource":"ICF","IsRemainder":"NO","ParcelStartDate":null,"PositionalError":49.00250902,"LegalDescription":"DISTRICT LOT 1070S SIMILKAMEEN DIVISION YALE DISTRICT","CaptureMethod":"UNKNOWN","OwnerType":"PRIVATE","Compiled":1,"CreatedDate":"2016-09-20T23:24:06.000Z","ModifiedDate":"2021-09-22T15:44:49.000Z","StatedArea":null,"ErrorReportedBy":"PMBC-OPERATIONS","Municipality":"0163","OBJECTID":48969,"created_user":"SDE","created_date":"2024-11-12T16:15:31.000Z","last_edited_user":"SDE","last_edited_date":"2026-03-25T16:06:10.000Z","Shape__Area":1129461.293854995,"Shape__Length":4614.488914734021,"CommonName":null,"SourceGlobalID":"{66FAD4B6-74C8-4391-8AE3-C31ED16B2E1B}","Comments":null,"UpdateStatus":"AUTO","UpdateSource":"PMBC"}},{"type":"Feature","geometry":{"type":"Polygon","coordinates":[[[-119.056264,49.007477],[-119.059204,49.007475],[-119.059769,49.007475],[-119.065132,49.007471],[-119.06515,49.008668],[-119.065152,49.008763],[-119.065241,49.014602],[-119.0653,49.018393],[-119.059859,49.018383],[-119.054222,49.018372],[-119.054167,49.014223],[-119.054096,49.008823],[-119.054078,49.007489],[-119.056189,49.007477],[-119.056264,49.007477]]]},"properties":{"GlobalID":"{BF4457E9-2D8B-4514-9829-E6C39DBB9717}","Name":"014896206","PlanID":"{F0DB3B36-A152-4C45-B118-275779D2B1D7}","PlanNumber":"NO_PLAN","PIN":4500400,"PID":14896206,"Designation1":"885","Designation2":null,"Designation3":null,"ParcelStatus":"ACTIVE","RegionalDistrict":"0019","ParcelClass":"SUBDIVISION","SourceParcelID":null,"GeometrySource":"ICF","IsRemainder":"NO","ParcelStartDate":null,"PositionalError":48.80623537,"LegalDescription":"DISTRICT LOT 885 SIMILKAMEEN DIVISION YALE DISTRICT","CaptureMethod":"UNKNOWN","OwnerType":"PRIVATE","Compiled":1,"CreatedDate":"2016-09-20T23:24:06.000Z","ModifiedDate":"2021-09-22T15:44:49.000Z","StatedArea":null,"ErrorReportedBy":"PMBC-OPERATIONS","Municipality":"0163","OBJECTID":48970,"created_user":"SDE","created_date":"2024-11-12T16:15:31.000Z","last_edited_user":"SDE","last_edited_date":"2026-03-25T16:06:10.000Z","Shape__Area":981638.328806495,"Shape__Length":4043.5511671325667,"CommonName":null,"SourceGlobalID":"{0D875010-D6D6-4916-9465-5F3CD138AC2A}","Comments":null,"UpdateStatus":"AUTO","UpdateSource":"PMBC"}},{"type":"Feature","geometry":{"type":"MultiPolygon","coordinates":[[[[-119.118646,49.008862],[-119.118547,49.008831],[-119.118446,49.008801],[-119.118345,49.008774],[-119.118242,49.008744],[-119.118139,49.008717],[-119.118036,49.008694],[-119.117921,49.008667],[-119.117334,49.008515],[-119.117361,49.008469],[-119.116775,49.008324],[-119.116735,49.008358],[-119.116226,49.008202],[-119.116235,49.008145],[-119.115629,49.007874],[-119.115589,49.007895],[-119.115524,49.007866],[-119.115154,49.0074],[-119.129905,49.007465],[-119.129865,49.010231],[-119.128103,49.011063],[-119.124093,49.01104],[-119.119132,49.009037],[-119.119037,49.008999],[-119.118942,49.008965],[-119.118844,49.008931],[-119.118745,49.008896],[-119.118646,49.008862]]],[[[-119.129863,49.010495],[-119.129859,49.01072],[-119.129854,49.011074],[-119.128539,49.011067],[-119.129863,49.010449],[-119.129863,49.010495]]],[[[-119.115968,49.008324],[-119.116069,49.008347],[-119.116168,49.008377],[-119.11627,49.008404],[-119.116369,49.008435],[-119.116559,49.008492],[-119.117845,49.008828],[-119.11795,49.00885],[-119.118055,49.008877],[-119.118158,49.008904],[-119.118261,49.008931],[-119.118362,49.008961],[-119.118463,49.008992],[-119.118564,49.009022],[-119.118755,49.009087],[-119.118852,49.009121],[-119.11898,49.009171],[-119.119075,49.009209],[-119.119235,49.009274],[-119.119274,49.009289],[-119.119312,49.009308],[-119.120344,49.00972],[-119.121953,49.010365],[-119.122402,49.010544],[-119.123344,49.010922],[-119.12363,49.011036],[-119.119682,49.011013],[-119.118854,49.011009],[-119.118837,49.01006],[-119.116262,49.009075],[-119.116008,49.008866],[-119.115764,49.008274],[-119.115865,49.008297],[-119.115968,49.008324]]]]},"properties":{"GlobalID":"{460352C8-18BA-42DB-BECD-19F86D6A4F3D}","Name":"014794454","PlanID":"{F0DB3B36-A152-4C45-B118-275779D2B1D7}","PlanNumber":"NO_PLAN","PIN":null,"PID":14794454,"Designation1":"PART 683S","Designation2":null,"Designation3":null,"ParcelStatus":"ACTIVE","RegionalDistrict":"0019","ParcelClass":"SUBDIVISION","SourceParcelID":null,"GeometrySource":"ICF","IsRemainder":"NO","ParcelStartDate":null,"PositionalError":37.14367661,"LegalDescription":"THAT PART DISTRICT LOT 683S SHOWN ON PLAN B354 SIMILKAMEEN DIVISION YALE DISTRICT","CaptureMethod":"UNKNOWN","OwnerType":"PRIVATE","Compiled":1,"CreatedDate":"2016-09-20T23:24:06.000Z","ModifiedDate":"2021-09-22T15:44:49.000Z","StatedArea":null,"ErrorReportedBy":"PMBC-OPERATIONS","Municipality":"0163","OBJECTID":48971,"created_user":"SDE","created_date":"2024-11-12T16:15:31.000Z","last_edited_user":"SDE","last_edited_date":"2026-03-25T16:06:10.000Z","Shape__Area":360049.38552215,"Shape__Length":4343.086913196846,"CommonName":null,"SourceGlobalID":"{CB380109-3E04-4681-9468-C3B602E75C46}","Comments":null,"UpdateStatus":"AUTO","UpdateSource":"PMBC"}},{"type":"Feature","geometry":{"type":"Polygon","coordinates":[[[-119.075038,49.014625],[-119.076304,49.014628],[-119.076288,49.028656],[-119.074896,49.028682],[-119.070953,49.028752],[-119.070884,49.018403],[-119.0653,49.018393],[-119.065241,49.014602],[-119.075038,49.014625]]]},"properties":{"GlobalID":"{275FF8DF-F3C8-4FB3-B5D7-9655F94C300C}","Name":"011777133","PlanID":"{42E9E5E2-22A5-4E58-A9C7-59EC9FD334E8}","PlanNumber":"KAP1187","PIN":3605821,"PID":11777133,"Designation1":"Lot 5","Designation2":null,"Designation3":null,"ParcelStatus":"ACTIVE","RegionalDistrict":"0019","ParcelClass":"SUBDIVISION","SourceParcelID":null,"GeometrySource":"ICF","IsRemainder":"NO","ParcelStartDate":null,"PositionalError":43.02465264,"LegalDescription":"SUBLOT 5 DISTRICT LOT 2707 SIMILKAMEEN DIVISION YALE DISTRICT PLAN 1187","CaptureMethod":"UNKNOWN","OwnerType":"CROWN PROVINCIAL","Compiled":1,"CreatedDate":"2016-09-20T23:24:06.000Z","ModifiedDate":"2021-09-22T15:44:49.000Z","StatedArea":null,"ErrorReportedBy":"PMBC-OPERATIONS","Municipality":"0163","OBJECTID":48972,"created_user":"SDE","created_date":"2024-11-12T16:15:31.000Z","last_edited_user":"SDE","last_edited_date":"2026-03-25T16:06:10.000Z","Shape__Area":789932.41953566,"Shape__Length":4740.049425240864,"CommonName":null,"SourceGlobalID":"{8B7A92AD-6800-43A0-AE8A-4B66EFEADEC7}","Comments":null,"UpdateStatus":"AUTO","UpdateSource":"PMBC"}},{"type":"Feature","geometry":{"type":"Polygon","coordinates":[[[-119.059859,49.018383],[-119.060274,49.028977],[-119.046154,49.029014],[-119.045938,49.029014],[-119.044009,49.029018],[-119.04392,49.029018],[-119.043682,49.028837],[-119.043505,49.021966],[-119.048639,49.021945],[-119.048859,49.021944],[-119.048897,49.021944],[-119.048896,49.021902],[-119.048892,49.02167],[-119.048823,49.018377],[-119.050884,49.018375],[-119.051182,49.018375],[-119.054222,49.018372],[-119.059859,49.018383]]]},"properties":{"GlobalID":"{72736594-A1DC-4030-BCD8-A164F54A786C}","Name":"015207111","PlanID":"{F0DB3B36-A152-4C45-B118-275779D2B1D7}","PlanNumber":"NO_PLAN","PIN":4405020,"PID":15207111,"Designation1":"2985","Designation2":null,"Designation3":null,"ParcelStatus":"ACTIVE","RegionalDistrict":"0019","ParcelClass":"SUBDIVISION","SourceParcelID":null,"GeometrySource":"ICF","IsRemainder":"NO","ParcelStartDate":null,"PositionalError":43.2443957,"LegalDescription":"DISTRICT LOT 2985 SIMILKAMEEN DIVISION YALE DISTRICT","CaptureMethod":"UNKNOWN","OwnerType":"PRIVATE","Compiled":1,"CreatedDate":"2016-09-20T23:24:06.000Z","ModifiedDate":"2021-09-22T15:44:49.000Z","StatedArea":null,"ErrorReportedBy":"PMBC-OPERATIONS","Municipality":"0163","OBJECTID":48973,"created_user":"SDE","created_date":"2024-11-12T16:15:31.000Z","last_edited_user":"SDE","last_edited_date":"2026-03-25T16:06:10.000Z","Shape__Area":1269308.02165288,"Shape__Length":4763.015805240759,"CommonName":null,"SourceGlobalID":"{77ED080A-89ED-4716-B09D-48E3910BB9E5}","Comments":null,"UpdateStatus":"AUTO","UpdateSource":"PMBC"}},{"type":"Feature","geometry":{"type":"MultiPolygon","coordinates":[[[[-119.085762,49.016337],[-119.085788,49.017864],[-119.085789,49.017944],[-119.085856,49.021841],[-119.0859,49.024383],[-119.085923,49.025737],[-119.08596,49.027938],[-119.08597,49.028483],[-119.085884,49.028484],[-119.085063,49.028499],[-119.080673,49.028579],[-119.076288,49.028656],[-119.076304,49.014628],[-119.077809,49.014631],[-119.079879,49.017905],[-119.084977,49.016546],[-119.085477,49.016413],[-119.085762,49.016337]]],[[[-119.085762,49.016337],[-119.085643,49.016162],[-119.084614,49.014647],[-119.085814,49.014554],[-119.085756,49.015998],[-119.085762,49.016337]]]]},"properties":{"GlobalID":"{8EBFC901-1054-4655-BB8A-EF4F4D381D5C}","Name":"011777125","PlanID":"{42E9E5E2-22A5-4E58-A9C7-59EC9FD334E8}","PlanNumber":"KAP1187","PIN":null,"PID":11777125,"Designation1":"Lot 4","Designation2":null,"Designation3":null,"ParcelStatus":"ACTIVE","RegionalDistrict":"0019","ParcelClass":"SUBDIVISION","SourceParcelID":null,"GeometrySource":"ICF","IsRemainder":"NO","ParcelStartDate":null,"PositionalError":40.85592425,"LegalDescription":"SUBLOT 4 DISTRICT LOT 2707 SIMILKAMEEN DIVISION YALE DISTRICT PLAN 1187","CaptureMethod":"UNKNOWN","OwnerType":"PRIVATE","Compiled":1,"CreatedDate":"2016-09-20T23:24:06.000Z","ModifiedDate":"2021-09-22T15:44:49.000Z","StatedArea":null,"ErrorReportedBy":"PMBC-OPERATIONS","Municipality":"0163","OBJECTID":48974,"created_user":"SDE","created_date":"2024-11-12T16:15:31.000Z","last_edited_user":"SDE","last_edited_date":"2026-03-25T16:06:10.000Z","Shape__Area":945288.585025145,"Shape__Length":5079.917336406069,"CommonName":null,"SourceGlobalID":"{E5903EB5-55E5-460A-9712-963B04DE2102}","Comments":null,"UpdateStatus":"AUTO","UpdateSource":"PMBC"}},{"type":"Feature","geometry":{"type":"Polygon","coordinates":[[[-119.100137,49.01468],[-119.099967,49.01468],[-119.085814,49.014554],[-119.085827,49.007494],[-119.085827,49.00742],[-119.085827,49.007321],[-119.10397,49.007349],[-119.104266,49.00735],[-119.107597,49.007366],[-119.107671,49.014697],[-119.100137,49.01468]]]},"properties":{"GlobalID":"{594BD7F3-5B7E-4761-9D7E-D1DCB6BAB4A8}","Name":"014776545","PlanID":"{F0DB3B36-A152-4C45-B118-275779D2B1D7}","PlanNumber":"NO_PLAN","PIN":4220000,"PID":14776545,"Designation1":"2325","Designation2":null,"Designation3":null,"ParcelStatus":"ACTIVE","RegionalDistrict":"0019","ParcelClass":"SUBDIVISION","SourceParcelID":null,"GeometrySource":"ICF","IsRemainder":"NO","ParcelStartDate":null,"PositionalError":40.53213408,"LegalDescription":"DISTRICT LOT 2325 SIMILKAMEEN DIVISION YALE DISTRICT","CaptureMethod":"UNKNOWN","OwnerType":"PRIVATE","Compiled":1,"CreatedDate":"2016-09-20T23:24:06.000Z","ModifiedDate":"2021-09-22T15:44:49.000Z","StatedArea":null,"ErrorReportedBy":"PMBC-OPERATIONS","Municipality":"0163","OBJECTID":48975,"created_user":"SDE","created_date":"2024-11-12T16:15:31.000Z","last_edited_user":"SDE","last_edited_date":"2026-03-25T16:06:10.000Z","Shape__Area":1295870.393848065,"Shape__Length":4810.933729397506,"CommonName":null,"SourceGlobalID":"{36FB7D69-6966-456F-ADFF-6D0EB2B9EBE3}","Comments":null,"UpdateStatus":"AUTO","UpdateSource":"PMBC"}},{"type":"Feature","geometry":{"type":"Polygon","coordinates":[[[-119.074991,49.007452],[-119.074834,49.007452],[-119.068099,49.007465],[-119.067889,49.007466],[-119.065132,49.007471],[-119.065021,49.000243],[-119.065036,49.000243],[-119.074324,49.000083],[-119.07638,49.000084],[-119.076223,49.007449],[-119.075827,49.00745],[-119.075696,49.00745],[-119.074991,49.007452]]]},"properties":{"GlobalID":"{29AD8D69-056A-4675-BB27-C29D23202E1D}","Name":"015090922","PlanID":"{F0DB3B36-A152-4C45-B118-275779D2B1D7}","PlanNumber":"NO_PLAN","PIN":null,"PID":15090922,"Designation1":"S2","Designation2":"2324","Designation3":null,"ParcelStatus":"ACTIVE","RegionalDistrict":"0019","ParcelClass":"SUBDIVISION","SourceParcelID":null,"GeometrySource":"ICF","IsRemainder":"NO","ParcelStartDate":null,"PositionalError":56.71993647,"LegalDescription":"THE SOUTH 1/2 OF DISTRICT LOT 2324 SIMILKAMEEN DIVISION YALE DISTRICT","CaptureMethod":"UNKNOWN","OwnerType":"PRIVATE","Compiled":1,"CreatedDate":"2016-09-20T23:24:06.000Z","ModifiedDate":"2021-09-22T15:44:49.000Z","StatedArea":null,"ErrorReportedBy":"PMBC-OPERATIONS","Municipality":"0163","OBJECTID":48976,"created_user":"SDE","created_date":"2024-11-12T16:15:31.000Z","last_edited_user":"SDE","last_edited_date":"2026-03-25T16:06:10.000Z","Shape__Area":667644.90091681,"Shape__Length":3265.5058139618304,"CommonName":null,"SourceGlobalID":"{7A50CF83-2CD5-44DF-8EC9-D19B400D6D0E}","Comments":null,"UpdateStatus":"AUTO","UpdateSource":"PMBC"}},{"type":"Feature","geometry":{"type":"Polygon","coordinates":[[[-119.10397,49.007349],[-119.085827,49.007321],[-119.085841,49.000087],[-119.10134,49.000091],[-119.107527,49.000229],[-119.107575,49.005036],[-119.107576,49.005136],[-119.107597,49.007366],[-119.104266,49.00735],[-119.10397,49.007349]]]},"properties":{"GlobalID":"{CD6D9D5D-CFF9-4C8E-A187-1EA4FA73A356}","Name":"015023681","PlanID":"{F0DB3B36-A152-4C45-B118-275779D2B1D7}","PlanNumber":"NO_PLAN","PIN":4142310,"PID":15023681,"Designation1":"1771","Designation2":null,"Designation3":null,"ParcelStatus":"ACTIVE","RegionalDistrict":"0019","ParcelClass":"SUBDIVISION","SourceParcelID":null,"GeometrySource":"ICF","IsRemainder":"NO","ParcelStartDate":null,"PositionalError":40.53213408,"LegalDescription":"DISTRICT LOT 1771 SIMILKAMEEN DIVISION YALE DISTRICT","CaptureMethod":"UNKNOWN","OwnerType":"PRIVATE","Compiled":1,"CreatedDate":"2016-09-20T23:24:06.000Z","ModifiedDate":"2021-09-22T15:44:49.000Z","StatedArea":null,"ErrorReportedBy":"PMBC-OPERATIONS","Municipality":"0163","OBJECTID":48977,"created_user":"SDE","created_date":"2024-11-12T16:15:31.000Z","last_edited_user":"SDE","last_edited_date":"2026-03-25T16:06:10.000Z","Shape__Area":1277821.553425795,"Shape__Length":4777.4517905102175,"CommonName":null,"SourceGlobalID":"{E4878260-53AF-44B4-885A-AFA7AE93CE31}","Comments":null,"UpdateStatus":"AUTO","UpdateSource":"PMBC"}},{"type":"Feature","geometry":{"type":"Polygon","coordinates":[[[-119.053997,49.000253],[-119.065021,49.000243],[-119.065132,49.007471],[-119.059769,49.007475],[-119.059204,49.007475],[-119.056264,49.007477],[-119.056189,49.007477],[-119.054078,49.007489],[-119.054056,49.005851],[-119.054055,49.005753],[-119.053982,49.000253],[-119.053997,49.000253]]]},"properties":{"GlobalID":"{1C15C3C6-9D93-4705-B2C4-839E3B06FC8C}","Name":"015090841","PlanID":"{F0DB3B36-A152-4C45-B118-275779D2B1D7}","PlanNumber":"NO_PLAN","PIN":4219690,"PID":15090841,"Designation1":"2323","Designation2":null,"Designation3":null,"ParcelStatus":"ACTIVE","RegionalDistrict":"0019","ParcelClass":"SUBDIVISION","SourceParcelID":null,"GeometrySource":"ICF","IsRemainder":"NO","ParcelStartDate":null,"PositionalError":56.44498381,"LegalDescription":"DISTRICT LOT 2323 SIMILKAMEEN DIVISION YALE DISTRICT","CaptureMethod":"UNKNOWN","OwnerType":"PRIVATE","Compiled":1,"CreatedDate":"2016-09-20T23:24:06.000Z","ModifiedDate":"2021-09-22T15:44:49.000Z","StatedArea":null,"ErrorReportedBy":"PMBC-OPERATIONS","Municipality":"0163","OBJECTID":48978,"created_user":"SDE","created_date":"2024-11-12T16:15:31.000Z","last_edited_user":"SDE","last_edited_date":"2026-03-25T16:06:10.000Z","Shape__Area":649546.297126665,"Shape__Length":3224.817273990579,"CommonName":null,"SourceGlobalID":"{4AD460A8-6F4C-4BE3-A9FE-C28A66FDEE1F}","Comments":null,"UpdateStatus":"AUTO","UpdateSource":"PMBC"}},{"type":"Feature","geometry":{"type":"Polygon","coordinates":[[[-119.137884,49.01455],[-119.138107,49.014737],[-119.138143,49.014767],[-119.138847,49.015725],[-119.139127,49.016232],[-119.138996,49.016991],[-119.140786,49.01826],[-119.140796,49.018268],[-119.140795,49.021827],[-119.130499,49.02177],[-119.129754,49.021766],[-119.118738,49.021843],[-119.118698,49.014718],[-119.120449,49.014721],[-119.120723,49.014721],[-119.123689,49.014729],[-119.123817,49.014729],[-119.12955,49.01474],[-119.129747,49.01474],[-119.129804,49.01474],[-119.129804,49.014683],[-119.129806,49.014523],[-119.129854,49.011074],[-119.129859,49.01072],[-119.130245,49.010681],[-119.131452,49.010289],[-119.131474,49.010282],[-119.131496,49.010273],[-119.131524,49.010267],[-119.131551,49.010258],[-119.131557,49.010258],[-119.131563,49.010258],[-119.131569,49.010256],[-119.131574,49.010254],[-119.131586,49.010254],[-119.131597,49.010251],[-119.131608,49.010247],[-119.131614,49.010247],[-119.13162,49.010246],[-119.131626,49.010245],[-119.131631,49.010243],[-119.131644,49.010243],[-119.131656,49.010242],[-119.131668,49.010239],[-119.13168,49.010239],[-119.131692,49.010238],[-119.131704,49.010235],[-119.131835,49.010235],[-119.131847,49.010235],[-119.131859,49.010236],[-119.13187,49.010239],[-119.131895,49.010239],[-119.131906,49.010242],[-119.131917,49.010243],[-119.131929,49.010243],[-119.131934,49.010245],[-119.13194,49.010246],[-119.131946,49.010247],[-119.131952,49.010247],[-119.131963,49.010251],[-119.131976,49.010253],[-119.131988,49.010254],[-119.132032,49.010266],[-119.132037,49.010268],[-119.132043,49.010269],[-119.132049,49.01027],[-119.132055,49.010269],[-119.132065,49.010275],[-119.132076,49.010279],[-119.132087,49.010281],[-119.132105,49.010289],[-119.132123,49.010296],[-119.132145,49.010302],[-119.132165,49.010311],[-119.133052,49.010784],[-119.133065,49.010792],[-119.133076,49.010801],[-119.133087,49.010811],[-119.13309,49.010813],[-119.133093,49.010814],[-119.133096,49.010817],[-119.133098,49.01082],[-119.1331,49.010823],[-119.133105,49.010826],[-119.13311,49.010831],[-119.133114,49.010836],[-119.133117,49.010842],[-119.133131,49.010859],[-119.133142,49.010877],[-119.13315,49.010898],[-119.133155,49.010919],[-119.133157,49.010941],[-119.133155,49.010963],[-119.133149,49.010985],[-119.133141,49.011006],[-119.133129,49.011025],[-119.132938,49.011284],[-119.13292,49.011324],[-119.132905,49.011364],[-119.132895,49.011414],[-119.132892,49.011465],[-119.132895,49.011516],[-119.132905,49.011566],[-119.132925,49.011619],[-119.132951,49.011669],[-119.132975,49.011705],[-119.133001,49.011738],[-119.133041,49.01178],[-119.1331,49.01183],[-119.133119,49.011844],[-119.13314,49.011856],[-119.133152,49.011866],[-119.133164,49.011873],[-119.133178,49.011879],[-119.133201,49.011895],[-119.133209,49.011897],[-119.133217,49.011901],[-119.133224,49.011906],[-119.13326,49.011921],[-119.133272,49.011928],[-119.133284,49.011933],[-119.133296,49.011937],[-119.133328,49.01195],[-119.133361,49.011959],[-119.133387,49.011971],[-119.133415,49.011978],[-119.133423,49.011981],[-119.133432,49.011982],[-119.133441,49.011982],[-119.133497,49.011998],[-119.133512,49.011998],[-119.133526,49.012001],[-119.133541,49.012005],[-119.13355,49.012005],[-119.13356,49.012006],[-119.133569,49.012009],[-119.133584,49.012008],[-119.133599,49.01201],[-119.133613,49.012013],[-119.133623,49.012013],[-119.133632,49.012014],[-119.133642,49.012017],[-119.133817,49.012017],[-119.133832,49.012014],[-119.133846,49.012012],[-119.133861,49.012013],[-119.13387,49.01201],[-119.13388,49.012009],[-119.13389,49.012009],[-119.133899,49.012006],[-119.133909,49.012005],[-119.133918,49.012005],[-119.133928,49.012003],[-119.133937,49.012001],[-119.133947,49.012001],[-119.133989,49.01199],[-119.134008,49.011988],[-119.134026,49.011985],[-119.134044,49.011978],[-119.134093,49.011965],[-119.134141,49.011948],[-119.135007,49.011593],[-119.135042,49.011582],[-119.135053,49.011581],[-119.135065,49.011579],[-119.135076,49.011574],[-119.135088,49.011573],[-119.135101,49.011571],[-119.135112,49.011566],[-119.135121,49.011567],[-119.135129,49.011565],[-119.135137,49.011563],[-119.135149,49.011563],[-119.135161,49.011562],[-119.135173,49.011559],[-119.135185,49.01156],[-119.135198,49.011558],[-119.135209,49.011555],[-119.135372,49.011555],[-119.135383,49.011558],[-119.135396,49.01156],[-119.135408,49.011559],[-119.13542,49.011562],[-119.135432,49.011563],[-119.135444,49.011563],[-119.135452,49.011565],[-119.13546,49.011567],[-119.135469,49.011566],[-119.13548,49.011571],[-119.135493,49.011574],[-119.135505,49.011574],[-119.135516,49.011579],[-119.135528,49.011581],[-119.135539,49.011582],[-119.135585,49.011597],[-119.135598,49.011598],[-119.135611,49.011601],[-119.135623,49.011606],[-119.135635,49.011612],[-119.135642,49.011613],[-119.135649,49.011616],[-119.135656,49.011619],[-119.135662,49.011623],[-119.135667,49.011628],[-119.135703,49.011639],[-119.135714,49.011647],[-119.135725,49.011653],[-119.135738,49.011658],[-119.135841,49.011723],[-119.135872,49.011751],[-119.135902,49.011782],[-119.135932,49.011817],[-119.135957,49.011856],[-119.135977,49.011897],[-119.135992,49.011941],[-119.136001,49.011986],[-119.136004,49.012026],[-119.136001,49.012066],[-119.135915,49.012623],[-119.135913,49.012635],[-119.135915,49.012685],[-119.135922,49.012736],[-119.135935,49.012785],[-119.135952,49.012833],[-119.135974,49.012879],[-119.13601,49.012933],[-119.136049,49.012986],[-119.136108,49.013047],[-119.136116,49.013052],[-119.136123,49.013058],[-119.136129,49.013066],[-119.136147,49.013078],[-119.136163,49.013092],[-119.136182,49.013104],[-119.136199,49.013119],[-119.136267,49.013158],[-119.136335,49.013195],[-119.136356,49.013206],[-119.136379,49.013214],[-119.136401,49.013226],[-119.136424,49.013234],[-119.13644,49.01324],[-119.136457,49.013245],[-119.136467,49.01325],[-119.136478,49.013254],[-119.136489,49.013256],[-119.136547,49.013275],[-119.13718,49.013531],[-119.137208,49.013548],[-119.137239,49.013562],[-119.137297,49.013596],[-119.137351,49.013634],[-119.137386,49.013657],[-119.13742,49.013682],[-119.137451,49.01371],[-119.137496,49.013748],[-119.137538,49.013792],[-119.137578,49.013836],[-119.137613,49.013879],[-119.137644,49.013925],[-119.137672,49.013974],[-119.137884,49.01455]]]},"properties":{"GlobalID":"{258A8A16-6000-4DB0-ABE9-7C9197628A05}","Name":"002993392","PlanID":"{62CF72EE-494E-4B5B-98BC-0A08E071FA9D}","PlanNumber":"KAP34366","PIN":null,"PID":2993392,"Designation1":"Lot 1","Designation2":null,"Designation3":null,"ParcelStatus":"ACTIVE","RegionalDistrict":"0019","ParcelClass":"SUBDIVISION","SourceParcelID":null,"GeometrySource":"ICF","IsRemainder":"NO","ParcelStartDate":null,"PositionalError":31.72261954,"LegalDescription":"LOT 1 DISTRICT LOTS 684S AND 2328 SIMILKAMEEN DIVISION YALE DISTRICT PLAN 34366","CaptureMethod":"UNKNOWN","OwnerType":"PRIVATE","Compiled":1,"CreatedDate":"2016-09-20T23:24:06.000Z","ModifiedDate":"2021-09-22T15:44:49.000Z","StatedArea":null,"ErrorReportedBy":"PMBC-OPERATIONS","Municipality":"0163","OBJECTID":48979,"created_user":"SDE","created_date":"2024-11-12T16:15:31.000Z","last_edited_user":"SDE","last_edited_date":"2026-03-25T16:06:10.000Z","Shape__Area":1423332.809969985,"Shape__Length":5544.266256926765,"CommonName":null,"SourceGlobalID":"{8D1C1D95-5262-48B4-9160-DD4FA9C0D876}","Comments":null,"UpdateStatus":"AUTO","UpdateSource":"PMBC"}},{"type":"Feature","geometry":{"type":"Polygon","coordinates":[[[-119.107743,49.036444],[-119.107765,49.028388],[-119.107772,49.025587],[-119.118754,49.025592],[-119.118745,49.028422],[-119.118743,49.029136],[-119.11871,49.036348],[-119.107743,49.036444]]]},"properties":{"GlobalID":"{35EF79B3-C5A5-44D3-A740-ABD36471EC89}","Name":"014992132","PlanID":"{F0DB3B36-A152-4C45-B118-275779D2B1D7}","PlanNumber":"NO_PLAN","PIN":4220420,"PID":14992132,"Designation1":"2327","Designation2":null,"Designation3":null,"ParcelStatus":"ACTIVE","RegionalDistrict":"0019","ParcelClass":"SUBDIVISION","SourceParcelID":null,"GeometrySource":"ICF","IsRemainder":"NO","ParcelStartDate":null,"PositionalError":20.95564086,"LegalDescription":"DISTRICT LOT 2327 SIMILKAMEEN DIVISION YALE DISTRICT","CaptureMethod":"UNKNOWN","OwnerType":"PRIVATE","Compiled":1,"CreatedDate":"2016-09-20T23:24:06.000Z","ModifiedDate":"2021-09-22T15:44:49.000Z","StatedArea":null,"ErrorReportedBy":"PMBC-OPERATIONS","Municipality":"0163","OBJECTID":48980,"created_user":"SDE","created_date":"2024-11-12T16:15:31.000Z","last_edited_user":"SDE","last_edited_date":"2026-03-25T16:06:10.000Z","Shape__Area":964347.76624401,"Shape__Length":4008.218321972068,"CommonName":null,"SourceGlobalID":"{E4D44C02-5D67-43FF-9422-D4843F455B15}","Comments":null,"UpdateStatus":"AUTO","UpdateSource":"PMBC"}},{"type":"Feature","geometry":{"type":"Polygon","coordinates":[[[-119.042967,49.001046],[-119.042947,49.000262],[-119.042961,49.000262],[-119.053982,49.000253],[-119.054055,49.005753],[-119.054056,49.005851],[-119.054078,49.007489],[-119.046651,49.007491],[-119.046415,49.007491],[-119.043133,49.007492],[-119.043095,49.006051],[-119.043092,49.005914],[-119.042967,49.001046]]]},"properties":{"GlobalID":"{E0675779-596E-40B1-8C07-8559FC5B1416}","Name":"015090795","PlanID":"{F0DB3B36-A152-4C45-B118-275779D2B1D7}","PlanNumber":"NO_PLAN","PIN":4219430,"PID":15090795,"Designation1":"2322","Designation2":null,"Designation3":null,"ParcelStatus":"ACTIVE","RegionalDistrict":"0019","ParcelClass":"SUBDIVISION","SourceParcelID":null,"GeometrySource":"ICF","IsRemainder":"NO","ParcelStartDate":null,"PositionalError":55.59368796,"LegalDescription":"DISTRICT LOT 2322 SIMILKAMEEN DIVISION YALE DISTRICT","CaptureMethod":"UNKNOWN","OwnerType":"PRIVATE","Compiled":1,"CreatedDate":"2016-09-20T23:24:06.000Z","ModifiedDate":"2021-09-22T15:44:49.000Z","StatedArea":null,"ErrorReportedBy":"PMBC-OPERATIONS","Municipality":"0163","OBJECTID":48981,"created_user":"SDE","created_date":"2024-11-12T16:15:31.000Z","last_edited_user":"SDE","last_edited_date":"2026-03-25T16:06:10.000Z","Shape__Area":646682.437272605,"Shape__Length":3216.793701922385,"CommonName":null,"SourceGlobalID":"{8DE28DF5-BDD5-45BC-B6B3-679BC89A08CE}","Comments":null,"UpdateStatus":"AUTO","UpdateSource":"PMBC"}},{"type":"Feature","geometry":{"type":"Polygon","coordinates":[[[-119.118738,49.021843],[-119.118739,49.02196],[-119.118756,49.024986],[-119.118754,49.025592],[-119.107772,49.025587],[-119.107774,49.02499],[-119.107744,49.022018],[-119.107671,49.014697],[-119.114675,49.01471],[-119.114912,49.01471],[-119.118698,49.014718],[-119.118738,49.021843]]]},"properties":{"GlobalID":"{2B7DBD3C-FD1D-46B6-9076-C68EA566AFE6}","Name":"015089665","PlanID":"{F0DB3B36-A152-4C45-B118-275779D2B1D7}","PlanNumber":"NO_PLAN","PIN":4220260,"PID":15089665,"Designation1":"2326","Designation2":null,"Designation3":null,"ParcelStatus":"ACTIVE","RegionalDistrict":"0019","ParcelClass":"SUBDIVISION","SourceParcelID":null,"GeometrySource":"ICF","IsRemainder":"NO","ParcelStartDate":null,"PositionalError":24.25846103,"LegalDescription":"DISTRICT LOT 2326 SIMILKAMEEN DIVISION YALE DISTRICT","CaptureMethod":"UNKNOWN","OwnerType":"PRIVATE","Compiled":1,"CreatedDate":"2016-09-20T23:24:06.000Z","ModifiedDate":"2021-09-22T15:44:49.000Z","StatedArea":null,"ErrorReportedBy":"PMBC-OPERATIONS","Municipality":"0163","OBJECTID":48982,"created_user":"SDE","created_date":"2024-11-12T16:15:31.000Z","last_edited_user":"SDE","last_edited_date":"2026-03-25T16:06:10.000Z","Shape__Area":973769.794530745,"Shape__Length":4029.7431800347135,"CommonName":null,"SourceGlobalID":"{7CD7DE47-C68E-4E8A-9635-FC611DA6885D}","Comments":null,"UpdateStatus":"AUTO","UpdateSource":"PMBC"}},{"type":"Feature","geometry":{"type":"Polygon","coordinates":[[[-119.129883,49.000085],[-119.129905,49.007465],[-119.115154,49.0074],[-119.114391,49.007396],[-119.114198,49.007396],[-119.107597,49.007366],[-119.107576,49.005136],[-119.107575,49.005036],[-119.107527,49.000229],[-119.129883,49.000085]]]},"properties":{"GlobalID":"{151EB33D-6C7F-4D4B-AC48-96786BD9442F}","Name":"015023672","PlanID":"{F0DB3B36-A152-4C45-B118-275779D2B1D7}","PlanNumber":"NO_PLAN","PIN":4142280,"PID":15023672,"Designation1":"1770","Designation2":null,"Designation3":null,"ParcelStatus":"ACTIVE","RegionalDistrict":"0019","ParcelClass":"SUBDIVISION","SourceParcelID":null,"GeometrySource":"ICF","IsRemainder":"NO","ParcelStartDate":null,"PositionalError":39.82209748,"LegalDescription":"DISTRICT LOT 1770 SIMILKAMEEN DIVISION YALE DISTRICT","CaptureMethod":"UNKNOWN","OwnerType":"PRIVATE","Compiled":1,"CreatedDate":"2016-09-20T23:24:06.000Z","ModifiedDate":"2021-09-22T15:44:49.000Z","StatedArea":null,"ErrorReportedBy":"PMBC-OPERATIONS","Municipality":"0163","OBJECTID":48983,"created_user":"SDE","created_date":"2024-11-12T16:15:31.000Z","last_edited_user":"SDE","last_edited_date":"2026-03-25T16:06:10.000Z","Shape__Area":1318716.794983055,"Shape__Length":4881.953724788199,"CommonName":null,"SourceGlobalID":"{D98C6AFE-FDF2-460D-8D8F-045FC58402B1}","Comments":null,"UpdateStatus":"AUTO","UpdateSource":"PMBC"}},{"type":"Feature","geometry":{"type":"MultiPolygon","coordinates":[[[[-118.21231,49.076713],[-118.212323,49.076813],[-118.212377,49.076909],[-118.211795,49.076909],[-118.211699,49.076451],[-118.211761,49.076449],[-118.212381,49.076436],[-118.212349,49.076484],[-118.212328,49.076577],[-118.21231,49.076688],[-118.21231,49.076713]]],[[[-118.211239,49.076716],[-118.21128,49.076616],[-118.211509,49.076647],[-118.211521,49.0769],[-118.211145,49.0769],[-118.211192,49.076845],[-118.211215,49.07678],[-118.211239,49.076716]]]]},"properties":{"GlobalID":"{5D8A48EE-FD30-4310-99E0-60F96B72CF75}","Name":"015087689","PlanID":"{72D647B1-68BE-4843-A6F6-EA7A0874052B}","PlanNumber":"KAP11609","PIN":3695901,"PID":15087689,"Designation1":"Lot 5","Designation2":null,"Designation3":null,"ParcelStatus":"ACTIVE","RegionalDistrict":"0019","ParcelClass":"SUBDIVISION","SourceParcelID":null,"GeometrySource":"ICF","IsRemainder":"NO","ParcelStartDate":null,"PositionalError":2.97231447,"LegalDescription":"LOT 5 DISTRICT LOT 773S SIMILKAMEEN DIVISION YALE DISTRICT PLAN 11609","CaptureMethod":"UNKNOWN","OwnerType":"PRIVATE","Compiled":1,"CreatedDate":"2016-09-20T23:24:06.000Z","ModifiedDate":"2021-09-22T15:50:38.000Z","StatedArea":null,"ErrorReportedBy":"DATACOMPILATION","Municipality":"0163","OBJECTID":48984,"created_user":"SDE","created_date":"2024-11-12T16:15:31.000Z","last_edited_user":"SDE","last_edited_date":"2026-03-25T16:06:10.000Z","Shape__Area":2858.49226063,"Shape__Length":303.5776026825062,"CommonName":null,"SourceGlobalID":"{6D199EA6-A684-4B82-B935-7039319EE69B}","Comments":null,"UpdateStatus":"AUTO","UpdateSource":"PMBC"}},{"type":"Feature","geometry":{"type":"Polygon","coordinates":[[[-118.213215,49.074793],[-118.21319,49.074856],[-118.213165,49.074912],[-118.213121,49.074932],[-118.213106,49.074954],[-118.213066,49.075004],[-118.213025,49.075083],[-118.213017,49.075116],[-118.213003,49.075222],[-118.212994,49.075257],[-118.212992,49.075314],[-118.212983,49.075336],[-118.212714,49.075333],[-118.212583,49.075333],[-118.212509,49.075333],[-118.21238,49.075333],[-118.212488,49.075142],[-118.212557,49.07502],[-118.212686,49.07479],[-118.212763,49.07479],[-118.212851,49.07479],[-118.212909,49.07479],[-118.212931,49.07479],[-118.212959,49.07479],[-118.213215,49.074793]]]},"properties":{"GlobalID":"{26C33746-330B-42E2-A669-1B71479D3F90}","Name":"015087620","PlanID":"{72D647B1-68BE-4843-A6F6-EA7A0874052B}","PlanNumber":"KAP11609","PIN":3695611,"PID":15087620,"Designation1":"Lot 2","Designation2":null,"Designation3":null,"ParcelStatus":"ACTIVE","RegionalDistrict":"0019","ParcelClass":"SUBDIVISION","SourceParcelID":null,"GeometrySource":"ICF","IsRemainder":"NO","ParcelStartDate":null,"PositionalError":3.69486026,"LegalDescription":"LOT 2 DISTRICT LOT 773S SIMILKAMEEN DIVISION YALE DISTRICT PLAN 11609","CaptureMethod":"UNKNOWN","OwnerType":"PRIVATE","Compiled":1,"CreatedDate":"2016-09-20T23:24:06.000Z","ModifiedDate":"2021-09-22T15:49:07.000Z","StatedArea":null,"ErrorReportedBy":"LSA","Municipality":"0163","OBJECTID":48985,"created_user":"SDE","created_date":"2024-11-12T16:15:31.000Z","last_edited_user":"SDE","last_edited_date":"2026-03-25T16:06:10.000Z","Shape__Area":2364.21759887,"Shape__Length":211.2000362313318,"CommonName":null,"SourceGlobalID":"{C905448A-B216-4552-B4A9-F8B7EE727A87}","Comments":null,"UpdateStatus":"AUTO","UpdateSource":"PMBC"}},{"type":"Feature","geometry":{"type":"Polygon","coordinates":[[[-118.212457,49.076112],[-118.212434,49.076139],[-118.212428,49.076162],[-118.212409,49.076268],[-118.212398,49.076371],[-118.212381,49.076436],[-118.211761,49.076449],[-118.212074,49.075887],[-118.21256,49.075887],[-118.212552,49.075936],[-118.212543,49.075963],[-118.21252,49.076016],[-118.212457,49.076112]]]},"properties":{"GlobalID":"{D418D1AF-F287-4FD7-8EF0-2D4D49B52205}","Name":"015087646","PlanID":"{72D647B1-68BE-4843-A6F6-EA7A0874052B}","PlanNumber":"KAP11609","PIN":3695871,"PID":15087646,"Designation1":"Lot 4","Designation2":null,"Designation3":null,"ParcelStatus":"ACTIVE","RegionalDistrict":"0019","ParcelClass":"SUBDIVISION","SourceParcelID":null,"GeometrySource":"ICF","IsRemainder":"NO","ParcelStartDate":null,"PositionalError":4.69140035,"LegalDescription":"LOT 4 DISTRICT LOT 773S SIMILKAMEEN DIVISION YALE DISTRICT PLAN 11609","CaptureMethod":"UNKNOWN","OwnerType":"PRIVATE","Compiled":1,"CreatedDate":"2016-09-20T23:24:06.000Z","ModifiedDate":"2021-09-22T15:49:07.000Z","StatedArea":null,"ErrorReportedBy":"LSA","Municipality":"0163","OBJECTID":48986,"created_user":"SDE","created_date":"2024-11-12T16:15:31.000Z","last_edited_user":"SDE","last_edited_date":"2026-03-25T16:06:10.000Z","Shape__Area":2417.87843912,"Shape__Length":210.4315439337565,"CommonName":null,"SourceGlobalID":"{123CF2B5-F1B4-4014-AD4C-472F553582D5}","Comments":null,"UpdateStatus":"AUTO","UpdateSource":"PMBC"}},{"type":"Feature","geometry":{"type":"Polygon","coordinates":[[[-118.212983,49.075336],[-118.212934,49.075411],[-118.212894,49.075487],[-118.212876,49.075511],[-118.212834,49.075557],[-118.212785,49.075599],[-118.212699,49.075684],[-118.212684,49.0757],[-118.212668,49.075714],[-118.21265,49.075726],[-118.212622,49.07575],[-118.212597,49.075777],[-118.212577,49.075808],[-118.212562,49.075841],[-118.21256,49.075887],[-118.212074,49.075887],[-118.21238,49.075333],[-118.212509,49.075333],[-118.212583,49.075333],[-118.212714,49.075333],[-118.212983,49.075336]]]},"properties":{"GlobalID":"{8CC22E00-A1C4-43B0-8F5D-1A0C5354A3F3}","Name":"015087638","PlanID":"{72D647B1-68BE-4843-A6F6-EA7A0874052B}","PlanNumber":"KAP11609","PIN":3695741,"PID":15087638,"Designation1":"Lot 3","Designation2":null,"Designation3":null,"ParcelStatus":"ACTIVE","RegionalDistrict":"0019","ParcelClass":"SUBDIVISION","SourceParcelID":null,"GeometrySource":"ICF","IsRemainder":"NO","ParcelStartDate":null,"PositionalError":3.94038463,"LegalDescription":"LOT 3 DISTRICT LOT 773S SIMILKAMEEN DIVISION YALE DISTRICT PLAN 11609","CaptureMethod":"UNKNOWN","OwnerType":"PRIVATE","Compiled":1,"CreatedDate":"2016-09-20T23:24:06.000Z","ModifiedDate":"2021-09-22T15:49:07.000Z","StatedArea":null,"ErrorReportedBy":"LSA","Municipality":"0163","OBJECTID":48987,"created_user":"SDE","created_date":"2024-11-12T16:15:31.000Z","last_edited_user":"SDE","last_edited_date":"2026-03-25T16:06:10.000Z","Shape__Area":2423.35758995,"Shape__Length":214.62985039307898,"CommonName":null,"SourceGlobalID":"{8F9BDFFC-7C6A-4F50-8FEF-EF72B48ECE13}","Comments":null,"UpdateStatus":"AUTO","UpdateSource":"PMBC"}},{"type":"Feature","geometry":{"type":"Polygon","coordinates":[[[-118.213305,49.074503],[-118.213314,49.074552],[-118.213315,49.074573],[-118.213295,49.074654],[-118.213215,49.074793],[-118.212959,49.07479],[-118.212931,49.07479],[-118.212909,49.07479],[-118.212851,49.07479],[-118.212763,49.07479],[-118.212686,49.07479],[-118.212691,49.074781],[-118.212777,49.07463],[-118.212865,49.074214],[-118.213288,49.074262],[-118.213297,49.074278],[-118.213303,49.074295],[-118.213307,49.074312],[-118.213311,49.074329],[-118.213319,49.074345],[-118.213328,49.07436],[-118.213323,49.074396],[-118.213312,49.074431],[-118.213309,49.074456],[-118.213309,49.074481],[-118.213305,49.074503]]]},"properties":{"GlobalID":"{B504BD0A-0F81-4A89-A160-9C7AC7B1C4E7}","Name":"015087611","PlanID":"{72D647B1-68BE-4843-A6F6-EA7A0874052B}","PlanNumber":"KAP11609","PIN":3695581,"PID":15087611,"Designation1":"Lot 1","Designation2":null,"Designation3":null,"ParcelStatus":"ACTIVE","RegionalDistrict":"0019","ParcelClass":"SUBDIVISION","SourceParcelID":null,"GeometrySource":"ICF","IsRemainder":"NO","ParcelStartDate":null,"PositionalError":3.86964032,"LegalDescription":"LOT 1 DISTRICT LOT 773S SIMILKAMEEN DIVISION YALE DISTRICT PLAN 11609","CaptureMethod":"UNKNOWN","OwnerType":"PRIVATE","Compiled":1,"CreatedDate":"2016-09-20T23:24:06.000Z","ModifiedDate":"2021-09-22T15:49:07.000Z","StatedArea":null,"ErrorReportedBy":"LSA","Municipality":"0163","OBJECTID":48988,"created_user":"SDE","created_date":"2024-11-12T16:15:31.000Z","last_edited_user":"SDE","last_edited_date":"2026-03-25T16:06:10.000Z","Shape__Area":2257.89477933,"Shape__Length":196.5283603357064,"CommonName":null,"SourceGlobalID":"{FE9B00F9-B368-4BB3-B4A1-F6D2A2F72501}","Comments":null,"UpdateStatus":"AUTO","UpdateSource":"PMBC"}},{"type":"Feature","geometry":{"type":"Polygon","coordinates":[[[-118.9624,49.712853],[-118.962372,49.713013],[-118.962346,49.713025],[-118.962371,49.712853],[-118.962341,49.712731],[-118.962237,49.712605],[-118.962264,49.712599],[-118.962368,49.712727],[-118.9624,49.712853]]]},"properties":{"GlobalID":"{1E447A3E-F92B-48AF-8A7E-AC9B03999C19}","Name":"Statutory RoW","PlanID":"{5F2A0E69-410D-41FD-BCE2-C100E600FF5C}","PlanNumber":"KAP85624","PIN":90088450,"PID":27336760,"Designation1":"4244","Designation2":"","Designation3":"","ParcelStatus":"ACTIVE","RegionalDistrict":"0019","ParcelClass":"INTEREST","SourceParcelID":null,"GeometrySource":"ICF","IsRemainder":"NO","ParcelStartDate":"2008-07-03T07:00:00.000Z","PositionalError":2.97231447,"LegalDescription":"THAT PART BLOCK G DISTRICT LOT 4244 SIMILKAMEEN DIVISION YALE DISTRICT SHOWN ON PLAN KAP85624","CaptureMethod":"UNKNOWN","OwnerType":"CROWN PROVINCIAL","Compiled":1,"CreatedDate":"2016-09-20T23:24:06.000Z","ModifiedDate":"2021-09-22T21:26:46.000Z","StatedArea":"94.67","ErrorReportedBy":"DATACOMPILATION","Municipality":"0163","OBJECTID":48989,"created_user":"SDE","created_date":"2024-11-12T16:15:31.000Z","last_edited_user":"SDE","last_edited_date":"2026-03-25T16:06:10.000Z","Shape__Area":95.4578991,"Shape__Length":101.47825137349186,"CommonName":null,"SourceGlobalID":"{1B140D2B-D22B-472F-9B68-487054030368}","Comments":null,"UpdateStatus":"AUTO","UpdateSource":"PMBC"}},{"type":"Feature","geometry":{"type":"Polygon","coordinates":[[[-118.480283,49.101558],[-118.480404,49.101387],[-118.482448,49.102116],[-118.482464,49.102133],[-118.482856,49.102568],[-118.483423,49.103198],[-118.483398,49.103188],[-118.483326,49.103158],[-118.481768,49.102516],[-118.480112,49.101939],[-118.480113,49.101935],[-118.480138,49.101856],[-118.480167,49.101778],[-118.480201,49.101703],[-118.48024,49.101629],[-118.480283,49.101558]]]},"properties":{"GlobalID":"{FD404AA7-7A3C-4BBD-BBC4-D29BBFEF9F38}","Name":"Statutory RoW","PlanID":"{F93FE5F0-A3E3-4E1A-819F-A727D9E617E2}","PlanNumber":"KAP37526","PIN":13438550,"PID":18068936,"Designation1":"PART 1337","Designation2":"","Designation3":"","ParcelStatus":"ACTIVE","RegionalDistrict":"0019","ParcelClass":"INTEREST","SourceParcelID":null,"GeometrySource":"ICF","IsRemainder":"NO","ParcelStartDate":null,"PositionalError":13.34456374,"LegalDescription":"THAT PART OF DISTRICT LOT 1337 SIMILKAMEEN DIVISION YALE DISTRICT LYING WITHIN THE BOUNDARIES OF DISTRICT LOT 1340S SURVEYED AS THE MONTE CHRISTO MINERAL CLAIM SHOWN ON PLAN 37526","CaptureMethod":"UNKNOWN","OwnerType":"CROWN PROVINCIAL","Compiled":1,"CreatedDate":"2016-09-20T23:24:06.000Z","ModifiedDate":"2025-03-26T23:11:50.000Z","StatedArea":null,"ErrorReportedBy":"DATACOMPILATION","Municipality":"0163","OBJECTID":48990,"created_user":"SDE","created_date":"2024-11-12T16:15:31.000Z","last_edited_user":"SDE","last_edited_date":"2026-03-25T16:06:10.000Z","Shape__Area":14401.87559899,"Shape__Length":654.3959103933252,"CommonName":null,"SourceGlobalID":"{FACE1888-A63D-4B10-806F-92BFA4BF436B}","Comments":null,"UpdateStatus":"AUTO","UpdateSource":"PMBC"}},{"type":"Feature","geometry":{"type":"Polygon","coordinates":[[[-118.525869,49.11226],[-118.52577,49.112454],[-118.525092,49.112383],[-118.503002,49.10891],[-118.50262,49.10885],[-118.498768,49.108245],[-118.498618,49.108222],[-118.49374,49.107453],[-118.484641,49.1037],[-118.484501,49.103642],[-118.484488,49.102957],[-118.484609,49.103008],[-118.494085,49.106915],[-118.497018,49.107376],[-118.498617,49.107628],[-118.498769,49.107651],[-118.50261,49.108257],[-118.502998,49.108318],[-118.508173,49.109131],[-118.52526,49.111817],[-118.526054,49.111897],[-118.525869,49.11226]]]},"properties":{"GlobalID":"{093271EB-2CB8-46A7-A03D-29C6E3638477}","Name":"Statutory RoW","PlanID":"{F93FE5F0-A3E3-4E1A-819F-A727D9E617E2}","PlanNumber":"KAP37526","PIN":13438550,"PID":18069037,"Designation1":"PART 13S","Designation2":"","Designation3":"","ParcelStatus":"ACTIVE","RegionalDistrict":"0019","ParcelClass":"INTEREST","SourceParcelID":null,"GeometrySource":"ICF","IsRemainder":"NO","ParcelStartDate":null,"PositionalError":13.34947183,"LegalDescription":"THAT PART OF DISTRICT LOT 13S SIMILKAMEEN DIVISION YALE DISTRICT SHOWN ON PLAN 37526","CaptureMethod":"UNKNOWN","OwnerType":"CROWN PROVINCIAL","Compiled":1,"CreatedDate":"2016-09-20T23:24:06.000Z","ModifiedDate":"2021-09-28T16:21:41.000Z","StatedArea":"205827","ErrorReportedBy":"DATACOMPILATION","Municipality":"0163","OBJECTID":48991,"created_user":"SDE","created_date":"2024-11-12T16:15:31.000Z","last_edited_user":"SDE","last_edited_date":"2026-03-25T16:06:10.000Z","Shape__Area":205666.799409705,"Shape__Length":6567.179356120813,"CommonName":null,"SourceGlobalID":"{1C8AC78A-FFCC-432B-B394-7189D755AAD8}","Comments":null,"UpdateStatus":"AUTO","UpdateSource":"PMBC"}},{"type":"Feature","geometry":{"type":"Polygon","coordinates":[[[-118.645649,49.114239],[-118.647814,49.113682],[-118.649807,49.11343],[-118.649792,49.113343],[-118.651325,49.113128],[-118.651446,49.113336],[-118.651717,49.113803],[-118.650069,49.114022],[-118.650005,49.113921],[-118.644829,49.11468],[-118.645649,49.114239]]]},"properties":{"GlobalID":"{AC2DFEC6-D32C-40BB-BFEC-B859389E8C3F}","Name":"Statutory RoW","PlanID":"{F93FE5F0-A3E3-4E1A-819F-A727D9E617E2}","PlanNumber":"KAP37526","PIN":13438550,"PID":18069169,"Designation1":"PART 154S","Designation2":"","Designation3":"","ParcelStatus":"ACTIVE","RegionalDistrict":"0019","ParcelClass":"INTEREST","SourceParcelID":null,"GeometrySource":"ICF","IsRemainder":"NO","ParcelStartDate":null,"PositionalError":13.34947183,"LegalDescription":"THAT PART OF THE SURFACE OF DISTRICT LOT 154S SIMILKAMEEN DIVISION YALE DISTRICT SURVEYED AS SOVEREIGN MINERAL CLAIM SHOWN ON PLAN 37526","CaptureMethod":"UNKNOWN","OwnerType":"CROWN PROVINCIAL","Compiled":1,"CreatedDate":"2016-09-20T23:24:06.000Z","ModifiedDate":"2021-09-28T16:13:04.000Z","StatedArea":null,"ErrorReportedBy":"DATACOMPILATION","Municipality":"0163","OBJECTID":48992,"created_user":"SDE","created_date":"2024-11-12T16:15:31.000Z","last_edited_user":"SDE","last_edited_date":"2026-03-25T16:06:10.000Z","Shape__Area":27398.746953565,"Shape__Length":1121.7281699487567,"CommonName":null,"SourceGlobalID":"{19036598-76D0-40A8-85A6-4AD6C2BBB63A}","Comments":null,"UpdateStatus":"AUTO","UpdateSource":"PMBC"}},{"type":"Feature","geometry":{"type":"Polygon","coordinates":[[[-118.653938,49.09737],[-118.65886,49.096043],[-118.661396,49.099983],[-118.655719,49.101544],[-118.655397,49.1011],[-118.652922,49.097675],[-118.653938,49.09737]]]},"properties":{"GlobalID":"{016DDEBA-3536-4986-B0F8-F90FD65F6F34}","Name":"014872455","PlanID":"{F0DB3B36-A152-4C45-B118-275779D2B1D7}","PlanNumber":"NO_PLAN","PIN":4484370,"PID":14872455,"Designation1":"765","Designation2":"","Designation3":"","ParcelStatus":"ACTIVE","RegionalDistrict":"0019","ParcelClass":"SUBDIVISION","SourceParcelID":null,"GeometrySource":"ICF","IsRemainder":"NO","ParcelStartDate":"2016-09-08T07:00:00.000Z","PositionalError":13.34947183,"LegalDescription":"THE SURFACE OF DISTRICT LOT 765 SIMILKAMEEN DIVISION YALE DISTRICT KNOWN AS THE \"LAKE\" MINERAL CLAIM","CaptureMethod":"UNKNOWN","OwnerType":"PRIVATE","Compiled":1,"CreatedDate":"2016-09-20T23:24:06.000Z","ModifiedDate":"2021-09-28T15:30:04.000Z","StatedArea":null,"ErrorReportedBy":"DATACOMPILATION","Municipality":"0163","OBJECTID":48993,"created_user":"SDE","created_date":"2024-11-12T16:15:31.000Z","last_edited_user":"SDE","last_edited_date":"2026-03-25T16:06:10.000Z","Shape__Area":219271.43183668,"Shape__Length":1871.128615294634,"CommonName":null,"SourceGlobalID":"{348ECF48-630A-47AA-BD76-D75DA1E51B27}","Comments":null,"UpdateStatus":"AUTO","UpdateSource":"PMBC"}},{"type":"Feature","geometry":{"type":"Polygon","coordinates":[[[-117.587898,49.079193],[-117.588006,49.079443],[-117.587709,49.079492],[-117.587594,49.079229],[-117.587898,49.079193]]]},"properties":{"GlobalID":"{9ED422AE-F48E-41F7-85D6-7CAE7EDE6400}","Name":"013170686","PlanID":"{7608E33F-3C3A-468C-A1CF-8BF396C55755}","PlanNumber":"NEP2352","PIN":null,"PID":13170686,"Designation1":"Lot 16","Designation2":"Block 14","Designation3":null,"ParcelStatus":"ACTIVE","RegionalDistrict":"0019","ParcelClass":"SUBDIVISION","SourceParcelID":null,"GeometrySource":"ICF","IsRemainder":"NO","ParcelStartDate":null,"PositionalError":2.3181613,"LegalDescription":"LOT 16 BLOCK 14 TOWNSHIP 7A KOOTENAY DISTRICT PLAN 2352","CaptureMethod":"UNKNOWN","OwnerType":"PRIVATE","Compiled":1,"CreatedDate":"2016-09-20T23:24:06.000Z","ModifiedDate":"2021-10-01T20:19:36.000Z","StatedArea":null,"ErrorReportedBy":"LSA","Municipality":"0082","OBJECTID":48994,"created_user":"SDE","created_date":"2024-11-12T16:15:31.000Z","last_edited_user":"SDE","last_edited_date":"2026-03-25T16:06:10.000Z","Shape__Area":663.479221905,"Shape__Length":104.1799914613015,"CommonName":null,"SourceGlobalID":"{B58489B9-1723-42AF-A88F-9284686FE141}","Comments":null,"UpdateStatus":"AUTO","UpdateSource":"PMBC"}},{"type":"Feature","geometry":{"type":"Polygon","coordinates":[[[-117.588195,49.080595],[-117.58808,49.080332],[-117.588377,49.080276],[-117.588492,49.080539],[-117.588195,49.080595]]]},"properties":{"GlobalID":"{B0313521-2FD0-4342-AF89-9094A6E67DA8}","Name":"015196071","PlanID":"{7608E33F-3C3A-468C-A1CF-8BF396C55755}","PlanNumber":"NEP2352","PIN":null,"PID":15196071,"Designation1":"Lot 9","Designation2":"Block 2","Designation3":null,"ParcelStatus":"ACTIVE","RegionalDistrict":"0019","ParcelClass":"SUBDIVISION","SourceParcelID":null,"GeometrySource":"ICF","IsRemainder":"NO","ParcelStartDate":null,"PositionalError":1.72870698,"LegalDescription":"LOT 9 BLOCK 2 TOWNSHIP 7A KOOTENAY DISTRICT PLAN 2352","CaptureMethod":"UNKNOWN","OwnerType":"PRIVATE","Compiled":1,"CreatedDate":"2016-09-20T23:24:06.000Z","ModifiedDate":"2021-10-01T20:19:36.000Z","StatedArea":null,"ErrorReportedBy":"LSA","Municipality":"0082","OBJECTID":48995,"created_user":"SDE","created_date":"2024-11-12T16:15:31.000Z","last_edited_user":"SDE","last_edited_date":"2026-03-25T16:06:10.000Z","Shape__Area":685.722791455,"Shape__Length":105.89964430568251,"CommonName":null,"SourceGlobalID":"{4186AC4E-8FEF-42E0-A56E-5B513BC46B5A}","Comments":null,"UpdateStatus":"AUTO","UpdateSource":"PMBC"}},{"type":"Feature","geometry":{"type":"Polygon","coordinates":[[[-117.587733,49.079544],[-117.588027,49.079492],[-117.588141,49.079751],[-117.587994,49.079779],[-117.587848,49.079807],[-117.587733,49.079544]]]},"properties":{"GlobalID":"{39D62E94-F5B7-46F9-9644-F4E46003A63F}","Name":"015292789","PlanID":"{7608E33F-3C3A-468C-A1CF-8BF396C55755}","PlanNumber":"NEP2352","PIN":null,"PID":15292789,"Designation1":"Lot 1","Designation2":"Block 14","Designation3":null,"ParcelStatus":"ACTIVE","RegionalDistrict":"0019","ParcelClass":"SUBDIVISION","SourceParcelID":null,"GeometrySource":"ICF","IsRemainder":"NO","ParcelStartDate":null,"PositionalError":1.6862277,"LegalDescription":"LOT 1 BLOCK 14 SECTION 32 TOWNSHIP 7A KOOTENAY DISTRICT PLAN 2352","CaptureMethod":"UNKNOWN","OwnerType":"PRIVATE","Compiled":1,"CreatedDate":"2016-09-20T23:24:06.000Z","ModifiedDate":"2025-12-18T21:27:12.000Z","StatedArea":null,"ErrorReportedBy":"LSA","Municipality":"0082","OBJECTID":48996,"created_user":"SDE","created_date":"2024-11-12T16:15:31.000Z","last_edited_user":"SDE","last_edited_date":"2026-03-25T16:06:10.000Z","Shape__Area":671.80960183,"Shape__Length":104.88402550416214,"CommonName":null,"SourceGlobalID":"{F43B0279-909C-4E46-8618-32087F293EF1}","Comments":null,"UpdateStatus":"AUTO","UpdateSource":"PMBC"}},{"type":"Feature","geometry":{"type":"Polygon","coordinates":[[[-117.587941,49.080017],[-117.588127,49.079982],[-117.588237,49.079961],[-117.588301,49.080108],[-117.588351,49.080224],[-117.588057,49.08028],[-117.587977,49.0801],[-117.587941,49.080017]]]},"properties":{"GlobalID":"{785CF486-6900-4075-ABB9-E29D75650188}","Name":"015360067","PlanID":"{7608E33F-3C3A-468C-A1CF-8BF396C55755}","PlanNumber":"NEP2352","PIN":null,"PID":15360067,"Designation1":"Lot 8","Designation2":"Block 2","Designation3":null,"ParcelStatus":"ACTIVE","RegionalDistrict":"0019","ParcelClass":"SUBDIVISION","SourceParcelID":null,"GeometrySource":"ICF","IsRemainder":"NO","ParcelStartDate":null,"PositionalError":1.5283962,"LegalDescription":"LOT 8 BLOCK 2 SECTION 32 TOWNSHIP 7A KOOTENAY DISTRICT PLAN 2352","CaptureMethod":"UNKNOWN","OwnerType":"PRIVATE","Compiled":1,"CreatedDate":"2016-09-20T23:24:06.000Z","ModifiedDate":"2025-12-18T21:27:12.000Z","StatedArea":null,"ErrorReportedBy":"LSA","Municipality":"0082","OBJECTID":48997,"created_user":"SDE","created_date":"2024-11-12T16:15:31.000Z","last_edited_user":"SDE","last_edited_date":"2026-03-25T16:06:10.000Z","Shape__Area":681.035461125,"Shape__Length":105.58261011520945,"CommonName":null,"SourceGlobalID":"{EA87DDB1-15E8-4177-ABA3-AA263BF62FEC}","Comments":null,"UpdateStatus":"AUTO","UpdateSource":"PMBC"}},{"type":"Feature","geometry":{"type":"Polygon","coordinates":[[[-117.589761,49.079673],[-117.590057,49.079617],[-117.590171,49.079878],[-117.589875,49.079935],[-117.589761,49.079673]]]},"properties":{"GlobalID":"{71F0BAAD-89A9-4714-97CE-29959C8220C4}","Name":"006834566","PlanID":"{7608E33F-3C3A-468C-A1CF-8BF396C55755}","PlanNumber":"NEP2352","PIN":null,"PID":6834566,"Designation1":"Lot 2","Designation2":"Block 2","Designation3":null,"ParcelStatus":"ACTIVE","RegionalDistrict":"0019","ParcelClass":"SUBDIVISION","SourceParcelID":null,"GeometrySource":"ICF","IsRemainder":"NO","ParcelStartDate":null,"PositionalError":1.8389205,"LegalDescription":"LOT 2 BLOCK 2 TOWNSHIP 7A KOOTENAY DISTRICT PLAN 2352","CaptureMethod":"UNKNOWN","OwnerType":"PRIVATE","Compiled":1,"CreatedDate":"2016-09-20T23:24:06.000Z","ModifiedDate":"2025-08-28T20:34:28.000Z","StatedArea":null,"ErrorReportedBy":"LSA","Municipality":"0082","OBJECTID":48998,"created_user":"SDE","created_date":"2024-11-12T16:15:31.000Z","last_edited_user":"SDE","last_edited_date":"2026-03-25T16:06:10.000Z","Shape__Area":680.391393965,"Shape__Length":105.4893026490587,"CommonName":null,"SourceGlobalID":"{70CA1009-085B-4782-A3EC-90D3E59E8489}","Comments":null,"UpdateStatus":"AUTO","UpdateSource":"PMBC"}},{"type":"Feature","geometry":{"type":"Polygon","coordinates":[[[-117.591141,49.078555],[-117.591441,49.078498],[-117.591571,49.07877],[-117.59127,49.078827],[-117.591141,49.078555]]]},"properties":{"GlobalID":"{EA8FA3F7-B5E0-4CB6-9D59-DCD911C912C2}","Name":"015303276","PlanID":"{7608E33F-3C3A-468C-A1CF-8BF396C55755}","PlanNumber":"NEP2352","PIN":null,"PID":15303276,"Designation1":"Lot 9","Designation2":"Block 9","Designation3":null,"ParcelStatus":"ACTIVE","RegionalDistrict":"0019","ParcelClass":"SUBDIVISION","SourceParcelID":null,"GeometrySource":"ICF","IsRemainder":"NO","ParcelStartDate":null,"PositionalError":3.7710717,"LegalDescription":"LOT 9 BLOCK 9 SECTION 32 TOWNSHIP 7A KOOTENAY DISTRICT PLAN 2352","CaptureMethod":"UNKNOWN","OwnerType":"PRIVATE","Compiled":1,"CreatedDate":"2016-09-20T23:24:06.000Z","ModifiedDate":"2025-08-28T20:34:28.000Z","StatedArea":null,"ErrorReportedBy":"LSA","Municipality":"0082","OBJECTID":48999,"created_user":"SDE","created_date":"2024-11-12T16:15:31.000Z","last_edited_user":"SDE","last_edited_date":"2026-03-25T16:06:10.000Z","Shape__Area":724.12115742,"Shape__Length":109.10468808137404,"CommonName":null,"SourceGlobalID":"{E4A1CBB1-76F8-4136-A26E-C3E286821B42}","Comments":null,"UpdateStatus":"AUTO","UpdateSource":"PMBC"}},{"type":"Feature","geometry":{"type":"Polygon","coordinates":[[[-117.588915,49.079272],[-117.588805,49.079021],[-117.589105,49.078964],[-117.589214,49.079215],[-117.588915,49.079272]]]},"properties":{"GlobalID":"{D4E7C966-1B82-4300-820C-348B3AC37C3A}","Name":"015292762","PlanID":"{7608E33F-3C3A-468C-A1CF-8BF396C55755}","PlanNumber":"NEP2352","PIN":null,"PID":15292762,"Designation1":"Lot 12","Designation2":"Block 14","Designation3":null,"ParcelStatus":"ACTIVE","RegionalDistrict":"0019","ParcelClass":"SUBDIVISION","SourceParcelID":null,"GeometrySource":"ICF","IsRemainder":"NO","ParcelStartDate":null,"PositionalError":2.70884614,"LegalDescription":"LOT 12 BLOCK 14 SECTION 32 TOWNSHIP 7A KOOTENAY DISTRICT PLAN 2352","CaptureMethod":"UNKNOWN","OwnerType":"PRIVATE","Compiled":1,"CreatedDate":"2016-09-20T23:24:06.000Z","ModifiedDate":"2021-10-01T20:16:51.000Z","StatedArea":null,"ErrorReportedBy":"LSA","Municipality":"0082","OBJECTID":49000,"created_user":"SDE","created_date":"2024-11-12T16:15:31.000Z","last_edited_user":"SDE","last_edited_date":"2026-03-25T16:06:10.000Z","Shape__Area":660.19619478,"Shape__Length":103.54905984125757,"CommonName":null,"SourceGlobalID":"{511EE3D4-E609-4374-9A15-AACC02159E52}","Comments":null,"UpdateStatus":"AUTO","UpdateSource":"PMBC"}},{"type":"Feature","geometry":{"type":"Polygon","coordinates":[[[-117.589258,49.080052],[-117.589143,49.079789],[-117.589443,49.079733],[-117.589557,49.079995],[-117.589258,49.080052]]]},"properties":{"GlobalID":"{DAD57B37-B16E-44B0-93D7-D330DC9D769C}","Name":"015360113","PlanID":"{7608E33F-3C3A-468C-A1CF-8BF396C55755}","PlanNumber":"NEP2352","PIN":null,"PID":15360113,"Designation1":"Lot 4","Designation2":"Block 2","Designation3":null,"ParcelStatus":"ACTIVE","RegionalDistrict":"0019","ParcelClass":"SUBDIVISION","SourceParcelID":null,"GeometrySource":"ICF","IsRemainder":"NO","ParcelStartDate":null,"PositionalError":1.61341089,"LegalDescription":"LOT 4 BLOCK 2 SECTION 32 TOWNSHIP 7A KOOTENAY DISTRICT PLAN 2352","CaptureMethod":"UNKNOWN","OwnerType":"PRIVATE","Compiled":1,"CreatedDate":"2016-09-20T23:24:06.000Z","ModifiedDate":"2021-10-01T20:16:51.000Z","StatedArea":null,"ErrorReportedBy":"LSA","Municipality":"0082","OBJECTID":49001,"created_user":"SDE","created_date":"2024-11-12T16:15:31.000Z","last_edited_user":"SDE","last_edited_date":"2026-03-25T16:06:10.000Z","Shape__Area":691.007593355,"Shape__Length":106.22030785597782,"CommonName":null,"SourceGlobalID":"{F709BFCD-DCFC-49B4-8342-324BDAB60B96}","Comments":null,"UpdateStatus":"AUTO","UpdateSource":"PMBC"}},{"type":"Feature","geometry":{"type":"Polygon","coordinates":[[[-117.588549,49.079902],[-117.588843,49.079847],[-117.588957,49.080109],[-117.588885,49.080122],[-117.588663,49.080164],[-117.588642,49.080116],[-117.588549,49.079902]]]},"properties":{"GlobalID":"{9C91F4C6-6A51-410E-882D-D7985BEB00A5}","Name":"015291120","PlanID":"{7608E33F-3C3A-468C-A1CF-8BF396C55755}","PlanNumber":"NEP2352","PIN":null,"PID":15291120,"Designation1":"Lot 6","Designation2":"Block 2","Designation3":null,"ParcelStatus":"ACTIVE","RegionalDistrict":"0019","ParcelClass":"SUBDIVISION","SourceParcelID":null,"GeometrySource":"ICF","IsRemainder":"NO","ParcelStartDate":null,"PositionalError":1.5286409,"LegalDescription":"LOT 6 BLOCK 2 SECTION 32 TOWNSHIP 7A KOOTENAY DISTRICT PLAN 2352","CaptureMethod":"UNKNOWN","OwnerType":"PRIVATE","Compiled":1,"CreatedDate":"2016-09-20T23:24:06.000Z","ModifiedDate":"2025-12-18T21:27:12.000Z","StatedArea":null,"ErrorReportedBy":"LSA","Municipality":"0082","OBJECTID":49002,"created_user":"SDE","created_date":"2024-11-12T16:15:31.000Z","last_edited_user":"SDE","last_edited_date":"2026-03-25T16:06:10.000Z","Shape__Area":677.4382798,"Shape__Length":105.33067417766526,"CommonName":null,"SourceGlobalID":"{F9C3C207-77B3-4183-863E-FD576882FE37}","Comments":null,"UpdateStatus":"AUTO","UpdateSource":"PMBC"}},{"type":"Feature","geometry":{"type":"Polygon","coordinates":[[[-117.588209,49.079135],[-117.588501,49.079078],[-117.58861,49.079329],[-117.588317,49.079384],[-117.588209,49.079135]]]},"properties":{"GlobalID":"{2B79651E-EB70-406C-ADA8-6DABF8DF4594}","Name":"015292746","PlanID":"{7608E33F-3C3A-468C-A1CF-8BF396C55755}","PlanNumber":"NEP2352","PIN":null,"PID":15292746,"Designation1":"Lot 14","Designation2":"Block 14","Designation3":null,"ParcelStatus":"ACTIVE","RegionalDistrict":"0019","ParcelClass":"SUBDIVISION","SourceParcelID":null,"GeometrySource":"ICF","IsRemainder":"NO","ParcelStartDate":null,"PositionalError":2.65156528,"LegalDescription":"LOT 14 BLOCK 14 SECTION 32 TOWNSHIP 7A KOOTENAY DISTRICT PLAN 2352","CaptureMethod":"UNKNOWN","OwnerType":"PRIVATE","Compiled":1,"CreatedDate":"2016-09-20T23:24:06.000Z","ModifiedDate":"2021-10-01T20:16:51.000Z","StatedArea":null,"ErrorReportedBy":"LSA","Municipality":"0082","OBJECTID":49003,"created_user":"SDE","created_date":"2024-11-12T16:15:31.000Z","last_edited_user":"SDE","last_edited_date":"2026-03-25T16:06:10.000Z","Shape__Area":641.765586625,"Shape__Length":102.20024306573045,"CommonName":null,"SourceGlobalID":"{8C6EF6E1-25F8-48E8-8163-F98FA9787339}","Comments":null,"UpdateStatus":"AUTO","UpdateSource":"PMBC"}},{"type":"Feature","geometry":{"type":"Polygon","coordinates":[[[-117.590678,49.078985],[-117.590978,49.078928],[-117.591098,49.079191],[-117.59081,49.079246],[-117.590678,49.078985]]]},"properties":{"GlobalID":"{33398EBF-2BDA-4E05-98DE-681CDA907EF8}","Name":"005206553","PlanID":"{7608E33F-3C3A-468C-A1CF-8BF396C55755}","PlanNumber":"NEP2352","PIN":null,"PID":5206553,"Designation1":"Lot 2","Designation2":"Block 9","Designation3":null,"ParcelStatus":"ACTIVE","RegionalDistrict":"0019","ParcelClass":"SUBDIVISION","SourceParcelID":null,"GeometrySource":"ICF","IsRemainder":"NO","ParcelStartDate":null,"PositionalError":1.6067002,"LegalDescription":"LOT 2 BLOCK 9 TOWNSHIP 7A KOOTENAY DISTRICT PLAN 2352","CaptureMethod":"UNKNOWN","OwnerType":"PRIVATE","Compiled":1,"CreatedDate":"2016-09-20T23:24:06.000Z","ModifiedDate":"2025-10-07T18:22:55.000Z","StatedArea":null,"ErrorReportedBy":"LSA","Municipality":"0082","OBJECTID":49004,"created_user":"SDE","created_date":"2024-11-12T16:15:31.000Z","last_edited_user":"SDE","last_edited_date":"2026-03-25T16:06:10.000Z","Shape__Area":682.2158214,"Shape__Length":105.7535093713403,"CommonName":null,"SourceGlobalID":"{68E8AC56-5965-465E-A4B8-622DE943F363}","Comments":null,"UpdateStatus":"AUTO","UpdateSource":"PMBC"}},{"type":"Feature","geometry":{"type":"Polygon","coordinates":[[[-117.588006,49.079443],[-117.587898,49.079193],[-117.588209,49.079135],[-117.588317,49.079384],[-117.588006,49.079443]]]},"properties":{"GlobalID":"{F64083F8-C325-4E2F-8D91-CD8799625D6E}","Name":"015360041","PlanID":"{7608E33F-3C3A-468C-A1CF-8BF396C55755}","PlanNumber":"NEP2352","PIN":null,"PID":15360041,"Designation1":"Lot 15","Designation2":"Block 14","Designation3":null,"ParcelStatus":"ACTIVE","RegionalDistrict":"0019","ParcelClass":"SUBDIVISION","SourceParcelID":null,"GeometrySource":"ICF","IsRemainder":"NO","ParcelStartDate":null,"PositionalError":2.45622286,"LegalDescription":"LOT 15 BLOCK 14 SECTION 32 TOWNSHIP 7A KOOTENAY DISTRICT PLAN 2352","CaptureMethod":"UNKNOWN","OwnerType":"PRIVATE","Compiled":1,"CreatedDate":"2016-09-20T23:24:06.000Z","ModifiedDate":"2021-10-01T20:16:51.000Z","StatedArea":null,"ErrorReportedBy":"LSA","Municipality":"0082","OBJECTID":49005,"created_user":"SDE","created_date":"2024-11-12T16:15:31.000Z","last_edited_user":"SDE","last_edited_date":"2026-03-25T16:06:10.000Z","Shape__Area":681.85057349,"Shape__Length":104.96604082759065,"CommonName":null,"SourceGlobalID":"{BCB12FBD-EF38-4126-AAD8-648063186554}","Comments":null,"UpdateStatus":"AUTO","UpdateSource":"PMBC"}},{"type":"Feature","geometry":{"type":"Polygon","coordinates":[[[-117.590193,49.079932],[-117.590482,49.079877],[-117.590598,49.08014],[-117.59048,49.080163],[-117.590313,49.080194],[-117.590296,49.080158],[-117.590193,49.079932]]]},"properties":{"GlobalID":"{7009BD66-CC76-471D-85EB-79872AF20FB5}","Name":"015359778","PlanID":"{7608E33F-3C3A-468C-A1CF-8BF396C55755}","PlanNumber":"NEP2352","PIN":null,"PID":15359778,"Designation1":"Lot 16","Designation2":"Block 2","Designation3":null,"ParcelStatus":"ACTIVE","RegionalDistrict":"0019","ParcelClass":"SUBDIVISION","SourceParcelID":null,"GeometrySource":"ICF","IsRemainder":"NO","ParcelStartDate":null,"PositionalError":1.7258691,"LegalDescription":"LOT 16 BLOCK 2 SECTION 32 TOWNSHIP 7A KOOTENAY DISTRICT PLAN 2352","CaptureMethod":"UNKNOWN","OwnerType":"PRIVATE","Compiled":1,"CreatedDate":"2016-09-20T23:24:06.000Z","ModifiedDate":"2025-10-07T18:22:55.000Z","StatedArea":null,"ErrorReportedBy":"LSA","Municipality":"0082","OBJECTID":49006,"created_user":"SDE","created_date":"2024-11-12T16:15:31.000Z","last_edited_user":"SDE","last_edited_date":"2026-03-25T16:06:10.000Z","Shape__Area":664.724506025,"Shape__Length":104.57794690485508,"CommonName":null,"SourceGlobalID":"{D5BE63B1-271D-4F68-A153-101A9A18C3E7}","Comments":null,"UpdateStatus":"AUTO","UpdateSource":"PMBC"}},{"type":"Feature","geometry":{"type":"Polygon","coordinates":[[[-117.588501,49.079078],[-117.588805,49.079021],[-117.588915,49.079272],[-117.58861,49.079329],[-117.588501,49.079078]]]},"properties":{"GlobalID":"{6FD634F1-FB65-4DD7-9788-8366883F6DCF}","Name":"015292754","PlanID":"{7608E33F-3C3A-468C-A1CF-8BF396C55755}","PlanNumber":"NEP2352","PIN":null,"PID":15292754,"Designation1":"Lot 13","Designation2":"Block 14","Designation3":null,"ParcelStatus":"ACTIVE","RegionalDistrict":"0019","ParcelClass":"SUBDIVISION","SourceParcelID":null,"GeometrySource":"ICF","IsRemainder":"NO","ParcelStartDate":null,"PositionalError":2.70884614,"LegalDescription":"LOT 13 BLOCK 14 SECTION 32 TOWNSHIP 7A KOOTENAY DISTRICT PLAN 2352","CaptureMethod":"UNKNOWN","OwnerType":"PRIVATE","Compiled":1,"CreatedDate":"2016-09-20T23:24:06.000Z","ModifiedDate":"2021-10-01T20:16:51.000Z","StatedArea":null,"ErrorReportedBy":"LSA","Municipality":"0082","OBJECTID":49007,"created_user":"SDE","created_date":"2024-11-12T16:15:31.000Z","last_edited_user":"SDE","last_edited_date":"2026-03-25T16:06:10.000Z","Shape__Area":672.05342847,"Shape__Length":104.35316035588352,"CommonName":null,"SourceGlobalID":"{1B7F534A-0077-4207-80B6-C8AFB6E5BE3A}","Comments":null,"UpdateStatus":"AUTO","UpdateSource":"PMBC"}},{"type":"Feature","geometry":{"type":"Polygon","coordinates":[[[-117.589699,49.080311],[-117.589401,49.080367],[-117.589286,49.080104],[-117.589585,49.080047],[-117.589699,49.080311]]]},"properties":{"GlobalID":"{527274F1-1ABD-4829-9EEE-012566A3A2FC}","Name":"011583428","PlanID":"{7608E33F-3C3A-468C-A1CF-8BF396C55755}","PlanNumber":"NEP2352","PIN":null,"PID":11583428,"Designation1":"Lot 13","Designation2":"Block 2","Designation3":null,"ParcelStatus":"ACTIVE","RegionalDistrict":"0019","ParcelClass":"SUBDIVISION","SourceParcelID":null,"GeometrySource":"ICF","IsRemainder":"NO","ParcelStartDate":null,"PositionalError":2.55120138,"LegalDescription":"LOT 13 BLOCK 2 TOWNSHIP 7A KOOTENAY DISTRICT PLAN 2352","CaptureMethod":"UNKNOWN","OwnerType":"PRIVATE","Compiled":1,"CreatedDate":"2016-09-20T23:24:06.000Z","ModifiedDate":"2021-10-01T20:16:51.000Z","StatedArea":null,"ErrorReportedBy":"LSA","Municipality":"0082","OBJECTID":49008,"created_user":"SDE","created_date":"2024-11-12T16:15:31.000Z","last_edited_user":"SDE","last_edited_date":"2026-03-25T16:06:10.000Z","Shape__Area":690.56985275,"Shape__Length":106.25247037928693,"CommonName":null,"SourceGlobalID":"{7233585D-EBBE-47D6-B079-D579BBCEC71A}","Comments":null,"UpdateStatus":"AUTO","UpdateSource":"PMBC"}},{"type":"Feature","geometry":{"type":"Polygon","coordinates":[[[-117.589555,49.079208],[-117.589849,49.079152],[-117.589962,49.079406],[-117.589666,49.079462],[-117.589555,49.079208]]]},"properties":{"GlobalID":"{4D598313-C21F-47D3-88F0-5B05B49C94A5}","Name":"012232912","PlanID":"{7608E33F-3C3A-468C-A1CF-8BF396C55755}","PlanNumber":"NEP2352","PIN":null,"PID":12232912,"Designation1":"Lot 7","Designation2":"Block 14","Designation3":null,"ParcelStatus":"ACTIVE","RegionalDistrict":"0019","ParcelClass":"SUBDIVISION","SourceParcelID":null,"GeometrySource":"ICF","IsRemainder":"NO","ParcelStartDate":null,"PositionalError":1.8805195,"LegalDescription":"LOT 7 BLOCK 14 TOWNSHIP 7A KOOTENAY DISTRICT PLAN 2352","CaptureMethod":"UNKNOWN","OwnerType":"PRIVATE","Compiled":1,"CreatedDate":"2016-09-20T23:24:06.000Z","ModifiedDate":"2025-12-18T21:27:12.000Z","StatedArea":null,"ErrorReportedBy":"LSA","Municipality":"0082","OBJECTID":49009,"created_user":"SDE","created_date":"2024-11-12T16:15:31.000Z","last_edited_user":"SDE","last_edited_date":"2026-03-25T16:06:10.000Z","Shape__Area":658.131862815,"Shape__Length":103.5603883134997,"CommonName":null,"SourceGlobalID":"{AF77FF78-2A7E-48CB-ACD8-2337F982D500}","Comments":null,"UpdateStatus":"AUTO","UpdateSource":"PMBC"}},{"type":"Feature","geometry":{"type":"Polygon","coordinates":[[[-117.588803,49.08048],[-117.588492,49.080539],[-117.588378,49.080276],[-117.588688,49.080217],[-117.588803,49.08048]]]},"properties":{"GlobalID":"{7478E61F-8BF1-4AC1-995A-6438DD504233}","Name":"012172090","PlanID":"{7608E33F-3C3A-468C-A1CF-8BF396C55755}","PlanNumber":"NEP2352","PIN":null,"PID":12172090,"Designation1":"Lot 10","Designation2":"Block 2","Designation3":null,"ParcelStatus":"ACTIVE","RegionalDistrict":"0019","ParcelClass":"SUBDIVISION","SourceParcelID":null,"GeometrySource":"ICF","IsRemainder":"NO","ParcelStartDate":null,"PositionalError":2.22391715,"LegalDescription":"LOT 10 BLOCK 2 TOWNSHIP 7A KOOTENAY DISTRICT PLAN 2352","CaptureMethod":"UNKNOWN","OwnerType":"PRIVATE","Compiled":1,"CreatedDate":"2016-09-20T23:24:06.000Z","ModifiedDate":"2021-10-01T20:16:51.000Z","StatedArea":null,"ErrorReportedBy":"LSA","Municipality":"0082","OBJECTID":49010,"created_user":"SDE","created_date":"2024-11-12T16:15:31.000Z","last_edited_user":"SDE","last_edited_date":"2026-03-25T16:06:10.000Z","Shape__Area":717.079740535,"Shape__Length":107.9656547170016,"CommonName":null,"SourceGlobalID":"{4AF49868-CDCC-4F80-B72B-5F452336BE0C}","Comments":null,"UpdateStatus":"AUTO","UpdateSource":"PMBC"}},{"type":"Feature","geometry":{"type":"Polygon","coordinates":[[[-117.588339,49.079434],[-117.588633,49.07938],[-117.588745,49.079636],[-117.588745,49.079636],[-117.588451,49.079692],[-117.588339,49.079434]]]},"properties":{"GlobalID":"{59FDDD37-515C-4340-8867-CAF57AF5DC73}","Name":"014742489","PlanID":"{7608E33F-3C3A-468C-A1CF-8BF396C55755}","PlanNumber":"NEP2352","PIN":null,"PID":14742489,"Designation1":"Lot 3","Designation2":"Block 14","Designation3":null,"ParcelStatus":"ACTIVE","RegionalDistrict":"0019","ParcelClass":"SUBDIVISION","SourceParcelID":null,"GeometrySource":"ICF","IsRemainder":"NO","ParcelStartDate":null,"PositionalError":1.8785619,"LegalDescription":"LOT 3 BLOCK 14 SECTION 32 TOWNSHIP 7A KOOTENAY DISTRICT PLAN 2352","CaptureMethod":"UNKNOWN","OwnerType":"PRIVATE","Compiled":1,"CreatedDate":"2016-09-20T23:24:06.000Z","ModifiedDate":"2025-12-18T21:27:12.000Z","StatedArea":null,"ErrorReportedBy":"LSA","Municipality":"0082","OBJECTID":49011,"created_user":"SDE","created_date":"2024-11-12T16:15:31.000Z","last_edited_user":"SDE","last_edited_date":"2026-03-25T16:06:10.000Z","Shape__Area":663.26908119,"Shape__Length":104.08923853885652,"CommonName":null,"SourceGlobalID":"{5EA2EB5B-D3E7-4811-A751-B48E4F137113}","Comments":null,"UpdateStatus":"AUTO","UpdateSource":"PMBC"}},{"type":"Feature","geometry":{"type":"Polygon","coordinates":[[[-117.592658,49.079465],[-117.593058,49.079389],[-117.593119,49.079528],[-117.593119,49.079528],[-117.59271,49.079601],[-117.592658,49.079465]]]},"properties":{"GlobalID":"{AEDEF7DB-F912-458D-811E-5E134FC5D64A}","Name":"014487080","PlanID":"{7608E33F-3C3A-468C-A1CF-8BF396C55755}","PlanNumber":"NEP2352","PIN":null,"PID":14487080,"Designation1":"Lot 18","Designation2":"Block 8","Designation3":null,"ParcelStatus":"ACTIVE","RegionalDistrict":"0019","ParcelClass":"SUBDIVISION","SourceParcelID":null,"GeometrySource":"ICF","IsRemainder":"NO","ParcelStartDate":null,"PositionalError":0.96050231,"LegalDescription":"LOT 18 BLOCK 8 TOWNSHIP 7A KOOTENAY DISTRICT PLAN 2352","CaptureMethod":"UNKNOWN","OwnerType":"PRIVATE","Compiled":1,"CreatedDate":"2016-09-20T23:24:06.000Z","ModifiedDate":"2025-12-18T21:27:12.000Z","StatedArea":null,"ErrorReportedBy":"PMBC-OPERATIONS","Municipality":"0082","OBJECTID":49012,"created_user":"SDE","created_date":"2024-11-12T16:15:31.000Z","last_edited_user":"SDE","last_edited_date":"2026-03-25T16:06:10.000Z","Shape__Area":484.38724185,"Shape__Length":92.93978944036147,"CommonName":null,"SourceGlobalID":"{45A7EE34-BD4F-45FE-9E9B-B87E03B2CC0A}","Comments":null,"UpdateStatus":"AUTO","UpdateSource":"PMBC"}},{"type":"Feature","geometry":{"type":"Polygon","coordinates":[[[-117.591075,49.079425],[-117.591304,49.079381],[-117.591424,49.079641],[-117.591214,49.079681],[-117.591075,49.079425]]]},"properties":{"GlobalID":"{CF7BB1EB-6A68-442C-B973-E8B3541CA29D}","Name":"011925400","PlanID":"{7608E33F-3C3A-468C-A1CF-8BF396C55755}","PlanNumber":"NEP2352","PIN":null,"PID":11925400,"Designation1":"Lot 9","Designation2":"Block 8","Designation3":null,"ParcelStatus":"ACTIVE","RegionalDistrict":"0019","ParcelClass":"SUBDIVISION","SourceParcelID":null,"GeometrySource":"ICF","IsRemainder":"NO","ParcelStartDate":null,"PositionalError":3.5733541,"LegalDescription":"LOT 9 BLOCK 8 SUBLOT 36 TOWNSHIP 7A KOOTENAY DISTRICT PLAN 2352","CaptureMethod":"UNKNOWN","OwnerType":"PRIVATE","Compiled":1,"CreatedDate":"2016-09-20T23:24:06.000Z","ModifiedDate":"2025-12-18T21:27:12.000Z","StatedArea":null,"ErrorReportedBy":"LSA","Municipality":"0082","OBJECTID":49013,"created_user":"SDE","created_date":"2024-11-12T16:15:31.000Z","last_edited_user":"SDE","last_edited_date":"2026-03-25T16:06:10.000Z","Shape__Area":505.08494288,"Shape__Length":93.9083195849969,"CommonName":null,"SourceGlobalID":"{847FB25C-280E-4EBE-8EE3-C85E2C9DF016}","Comments":null,"UpdateStatus":"AUTO","UpdateSource":"PMBC"}},{"type":"Feature","geometry":{"type":"Polygon","coordinates":[[[-117.590827,49.079471],[-117.591075,49.079425],[-117.591214,49.079681],[-117.590944,49.079733],[-117.590827,49.079471]]]},"properties":{"GlobalID":"{478BC964-65C9-4D81-9D80-BD11CF134901}","Name":"014645661","PlanID":"{7608E33F-3C3A-468C-A1CF-8BF396C55755}","PlanNumber":"NEP2352","PIN":null,"PID":14645661,"Designation1":"Lot 10","Designation2":"Block 8","Designation3":null,"ParcelStatus":"ACTIVE","RegionalDistrict":"0019","ParcelClass":"SUBDIVISION","SourceParcelID":null,"GeometrySource":"ICF","IsRemainder":"NO","ParcelStartDate":null,"PositionalError":4.00941541,"LegalDescription":"LOT 10 BLOCK 8 TOWNSHIP 7A KOOTENAY DISTRICT PLAN 2352","CaptureMethod":"UNKNOWN","OwnerType":"PRIVATE","Compiled":1,"CreatedDate":"2016-09-20T23:24:06.000Z","ModifiedDate":"2021-10-01T20:16:51.000Z","StatedArea":null,"ErrorReportedBy":"LSA","Municipality":"0082","OBJECTID":49014,"created_user":"SDE","created_date":"2024-11-12T16:15:31.000Z","last_edited_user":"SDE","last_edited_date":"2026-03-25T16:06:10.000Z","Shape__Area":595.90095234,"Shape__Length":99.9639536441871,"CommonName":null,"SourceGlobalID":"{932816DA-0648-48A8-A988-D92782550392}","Comments":null,"UpdateStatus":"AUTO","UpdateSource":"PMBC"}},{"type":"Feature","geometry":{"type":"Polygon","coordinates":[[[-117.592537,49.079147],[-117.592717,49.079112],[-117.592835,49.079375],[-117.592657,49.079408],[-117.592537,49.079147]]]},"properties":{"GlobalID":"{D6DC8144-B6A0-4A8A-A8FD-541A61CB2CF7}","Name":"008040214","PlanID":"{7608E33F-3C3A-468C-A1CF-8BF396C55755}","PlanNumber":"NEP2352","PIN":null,"PID":8040214,"Designation1":"Lot 2","Designation2":"Block 8","Designation3":null,"ParcelStatus":"ACTIVE","RegionalDistrict":"0019","ParcelClass":"SUBDIVISION","SourceParcelID":null,"GeometrySource":"ICF","IsRemainder":"NO","ParcelStartDate":null,"PositionalError":1.31246037,"LegalDescription":"LOT 2 BLOCK 8 TOWNSHIP 7A KOOTENAY DISTRICT PLAN 2352","CaptureMethod":"UNKNOWN","OwnerType":"PRIVATE","Compiled":1,"CreatedDate":"2016-09-20T23:24:06.000Z","ModifiedDate":"2025-12-18T21:27:12.000Z","StatedArea":null,"ErrorReportedBy":"PMBC-OPERATIONS","Municipality":"0082","OBJECTID":49015,"created_user":"SDE","created_date":"2024-11-12T16:15:31.000Z","last_edited_user":"SDE","last_edited_date":"2026-03-25T16:06:10.000Z","Shape__Area":414.55982709,"Shape__Length":88.06601150287001,"CommonName":null,"SourceGlobalID":"{140B135F-BECA-4C6B-ABE9-37CA92B732DA}","Comments":null,"UpdateStatus":"AUTO","UpdateSource":"PMBC"}},{"type":"Feature","geometry":{"type":"Polygon","coordinates":[[[-117.59084,49.078612],[-117.59097,49.078884],[-117.590669,49.078941],[-117.59054,49.078669],[-117.59084,49.078612]]]},"properties":{"GlobalID":"{F284A20B-CC55-411F-8F20-386D9C522E50}","Name":"013158007","PlanID":"{7608E33F-3C3A-468C-A1CF-8BF396C55755}","PlanNumber":"NEP2352","PIN":null,"PID":13158007,"Designation1":"Lot 11","Designation2":"Block 9","Designation3":null,"ParcelStatus":"ACTIVE","RegionalDistrict":"0019","ParcelClass":"SUBDIVISION","SourceParcelID":null,"GeometrySource":"ICF","IsRemainder":"NO","ParcelStartDate":null,"PositionalError":2.8194334,"LegalDescription":"LOT 11 BLOCK 9 TOWNSHIP 7A KOOTENAY DISTRICT PLAN 2352","CaptureMethod":"UNKNOWN","OwnerType":"PRIVATE","Compiled":1,"CreatedDate":"2016-09-20T23:24:06.000Z","ModifiedDate":"2025-10-07T18:22:55.000Z","StatedArea":null,"ErrorReportedBy":"LSA","Municipality":"0082","OBJECTID":49016,"created_user":"SDE","created_date":"2024-11-12T16:15:31.000Z","last_edited_user":"SDE","last_edited_date":"2026-03-25T16:06:10.000Z","Shape__Area":724.12034066,"Shape__Length":109.10466974320137,"CommonName":null,"SourceGlobalID":"{D14337B8-58BD-4A94-B823-468766495EAC}","Comments":null,"UpdateStatus":"AUTO","UpdateSource":"PMBC"}},{"type":"Feature","geometry":{"type":"Polygon","coordinates":[[[-117.592258,49.079541],[-117.592658,49.079465],[-117.59271,49.079601],[-117.592316,49.079671],[-117.592258,49.079541]]]},"properties":{"GlobalID":"{9F7C6412-6138-42AB-BC2E-947764CCFA16}","Name":"013951467","PlanID":"{7608E33F-3C3A-468C-A1CF-8BF396C55755}","PlanNumber":"NEP2352","PIN":null,"PID":13951467,"Designation1":"Lot 17","Designation2":"Block 8","Designation3":null,"ParcelStatus":"ACTIVE","RegionalDistrict":"0019","ParcelClass":"SUBDIVISION","SourceParcelID":null,"GeometrySource":"ICF","IsRemainder":"NO","ParcelStartDate":null,"PositionalError":0.96050231,"LegalDescription":"LOT 17 BLOCK 8 TOWNSHIP 7A KOOTENAY DISTRICT PLAN 2352","CaptureMethod":"UNKNOWN","OwnerType":"PRIVATE","Compiled":1,"CreatedDate":"2016-09-20T23:24:06.000Z","ModifiedDate":"2025-12-18T21:27:12.000Z","StatedArea":null,"ErrorReportedBy":"PMBC-OPERATIONS","Municipality":"0082","OBJECTID":49017,"created_user":"SDE","created_date":"2024-11-12T16:15:31.000Z","last_edited_user":"SDE","last_edited_date":"2026-03-25T16:06:10.000Z","Shape__Area":461.82573516,"Shape__Length":90.9139735603596,"CommonName":null,"SourceGlobalID":"{C3827167-E047-414D-8A39-A20AE1B8F6A4}","Comments":null,"UpdateStatus":"AUTO","UpdateSource":"PMBC"}},{"type":"Feature","geometry":{"type":"Polygon","coordinates":[[[-117.588843,49.079847],[-117.58903,49.079811],[-117.589143,49.079789],[-117.589258,49.080052],[-117.588957,49.080109],[-117.588843,49.079847]]]},"properties":{"GlobalID":"{D6DF94BB-A21F-412E-8CB0-5D72AB42C5B5}","Name":"015360121","PlanID":"{7608E33F-3C3A-468C-A1CF-8BF396C55755}","PlanNumber":"NEP2352","PIN":null,"PID":15360121,"Designation1":"Lot 5","Designation2":"Block 2","Designation3":null,"ParcelStatus":"ACTIVE","RegionalDistrict":"0019","ParcelClass":"SUBDIVISION","SourceParcelID":null,"GeometrySource":"ICF","IsRemainder":"NO","ParcelStartDate":null,"PositionalError":0.3393989,"LegalDescription":"LOT 5 BLOCK 2 SECTION 32 TOWNSHIP 7A KOOTENAY DISTRICT PLAN 2352","CaptureMethod":"UNKNOWN","OwnerType":"PRIVATE","Compiled":1,"CreatedDate":"2016-09-20T23:24:06.000Z","ModifiedDate":"2025-12-18T21:27:12.000Z","StatedArea":null,"ErrorReportedBy":"LSA","Municipality":"0082","OBJECTID":49018,"created_user":"SDE","created_date":"2024-11-12T16:15:31.000Z","last_edited_user":"SDE","last_edited_date":"2026-03-25T16:06:10.000Z","Shape__Area":692.323271425,"Shape__Length":106.31220663550303,"CommonName":null,"SourceGlobalID":"{D8D2220B-CE54-4EEA-BE3B-B4C6C290F764}","Comments":null,"UpdateStatus":"AUTO","UpdateSource":"PMBC"}},{"type":"Feature","geometry":{"type":"Polygon","coordinates":[[[-117.590378,49.079042],[-117.590678,49.078985],[-117.59081,49.079246],[-117.590494,49.079306],[-117.590378,49.079042]]]},"properties":{"GlobalID":"{F977CAEC-D15F-4D00-82CD-644FF67247D3}","Name":"013191136","PlanID":"{7608E33F-3C3A-468C-A1CF-8BF396C55755}","PlanNumber":"NEP2352","PIN":null,"PID":13191136,"Designation1":"Lot 1","Designation2":"Block 9","Designation3":null,"ParcelStatus":"ACTIVE","RegionalDistrict":"0019","ParcelClass":"SUBDIVISION","SourceParcelID":null,"GeometrySource":"ICF","IsRemainder":"NO","ParcelStartDate":null,"PositionalError":1.6067002,"LegalDescription":"LOT 1 BLOCK 9 TOWNSHIP 7A KOOTENAY DISTRICT PLAN 2352","CaptureMethod":"UNKNOWN","OwnerType":"PRIVATE","Compiled":1,"CreatedDate":"2016-09-20T23:24:06.000Z","ModifiedDate":"2025-12-18T21:27:12.000Z","StatedArea":null,"ErrorReportedBy":"LSA","Municipality":"0082","OBJECTID":49019,"created_user":"SDE","created_date":"2024-11-12T16:15:31.000Z","last_edited_user":"SDE","last_edited_date":"2026-03-25T16:06:10.000Z","Shape__Area":713.90578187,"Shape__Length":107.82723431713715,"CommonName":null,"SourceGlobalID":"{EC6FF3C5-368D-4828-BE5C-08D8B6B32576}","Comments":null,"UpdateStatus":"AUTO","UpdateSource":"PMBC"}},{"type":"Feature","geometry":{"type":"Polygon","coordinates":[[[-117.59084,49.078612],[-117.591141,49.078555],[-117.59127,49.078827],[-117.59097,49.078884],[-117.59084,49.078612]]]},"properties":{"GlobalID":"{6C80F7EB-8109-4742-A3C7-E1A5A8076D06}","Name":"015358062","PlanID":"{7608E33F-3C3A-468C-A1CF-8BF396C55755}","PlanNumber":"NEP2352","PIN":null,"PID":15358062,"Designation1":"Lot 10","Designation2":"Block 9","Designation3":null,"ParcelStatus":"ACTIVE","RegionalDistrict":"0019","ParcelClass":"SUBDIVISION","SourceParcelID":null,"GeometrySource":"ICF","IsRemainder":"NO","ParcelStartDate":null,"PositionalError":3.3286541,"LegalDescription":"LOT 10 BLOCK 9 SECTION 32 TOWNSHIP 7A KOOTENAY DISTRICT PLAN 2352","CaptureMethod":"UNKNOWN","OwnerType":"PRIVATE","Compiled":1,"CreatedDate":"2016-09-20T23:24:06.000Z","ModifiedDate":"2025-08-28T20:34:28.000Z","StatedArea":null,"ErrorReportedBy":"LSA","Municipality":"0082","OBJECTID":49020,"created_user":"SDE","created_date":"2024-11-12T16:15:31.000Z","last_edited_user":"SDE","last_edited_date":"2026-03-25T16:06:10.000Z","Shape__Area":724.120891895,"Shape__Length":109.10468544922648,"CommonName":null,"SourceGlobalID":"{E0BAEF78-C134-4589-BD0C-5A94BC6D7890}","Comments":null,"UpdateStatus":"AUTO","UpdateSource":"PMBC"}},{"type":"Feature","geometry":{"type":"Polygon","coordinates":[[[-117.59054,49.078669],[-117.590669,49.078941],[-117.590354,49.07899],[-117.590238,49.078727],[-117.59024,49.078726],[-117.59054,49.078669]]]},"properties":{"GlobalID":"{FD13923D-F5A2-4100-B26F-627D101B3E51}","Name":"013361813","PlanID":"{7608E33F-3C3A-468C-A1CF-8BF396C55755}","PlanNumber":"NEP2352","PIN":null,"PID":13361813,"Designation1":"Lot 12","Designation2":"Block 9","Designation3":null,"ParcelStatus":"ACTIVE","RegionalDistrict":"0019","ParcelClass":"SUBDIVISION","SourceParcelID":null,"GeometrySource":"ICF","IsRemainder":"NO","ParcelStartDate":null,"PositionalError":2.2018106,"LegalDescription":"LOT 12 BLOCK 9 TOWNSHIP 7A KOOTENAY DISTRICT PLAN 2352","CaptureMethod":"UNKNOWN","OwnerType":"PRIVATE","Compiled":1,"CreatedDate":"2016-09-20T23:24:06.000Z","ModifiedDate":"2025-12-18T21:27:12.000Z","StatedArea":null,"ErrorReportedBy":"LSA","Municipality":"0082","OBJECTID":49021,"created_user":"SDE","created_date":"2024-11-12T16:15:31.000Z","last_edited_user":"SDE","last_edited_date":"2026-03-25T16:06:10.000Z","Shape__Area":723.26389652,"Shape__Length":108.76099033286302,"CommonName":null,"SourceGlobalID":"{53C2FB1F-ABDF-4C4E-9D93-0F24E3E0B777}","Comments":null,"UpdateStatus":"AUTO","UpdateSource":"PMBC"}},{"type":"Feature","geometry":{"type":"Polygon","coordinates":[[[-117.589585,49.080047],[-117.589902,49.079987],[-117.590017,49.08025],[-117.589699,49.080311],[-117.589585,49.080047]]]},"properties":{"GlobalID":"{777CC2A8-140B-4C08-8E72-DC12CA232F00}","Name":"008848921","PlanID":"{7608E33F-3C3A-468C-A1CF-8BF396C55755}","PlanNumber":"NEP2352","PIN":null,"PID":8848921,"Designation1":"Lot 14","Designation2":"Block 2","Designation3":null,"ParcelStatus":"ACTIVE","RegionalDistrict":"0019","ParcelClass":"SUBDIVISION","SourceParcelID":null,"GeometrySource":"ICF","IsRemainder":"NO","ParcelStartDate":null,"PositionalError":2.47311337,"LegalDescription":"LOT 14 BLOCK 2 SECTION 32 TOWNSHIP 7A KOOTENAY DISTRICT PLAN 2352","CaptureMethod":"UNKNOWN","OwnerType":"PRIVATE","Compiled":1,"CreatedDate":"2016-09-20T23:24:06.000Z","ModifiedDate":"2021-10-01T20:16:51.000Z","StatedArea":null,"ErrorReportedBy":"LSA","Municipality":"0082","OBJECTID":49022,"created_user":"SDE","created_date":"2024-11-12T16:15:31.000Z","last_edited_user":"SDE","last_edited_date":"2026-03-25T16:06:10.000Z","Shape__Area":735.41802876,"Shape__Length":109.20495541375274,"CommonName":null,"SourceGlobalID":"{CE8D5D77-0F96-45F4-8C1F-64492AB59BCD}","Comments":null,"UpdateStatus":"AUTO","UpdateSource":"PMBC"}},{"type":"Feature","geometry":{"type":"Polygon","coordinates":[[[-117.589849,49.079152],[-117.590144,49.079097],[-117.590254,49.079351],[-117.589962,49.079406],[-117.589849,49.079152]]]},"properties":{"GlobalID":"{2DC95C98-DC78-4D83-AB0B-627A02ABA930}","Name":"013710834","PlanID":"{7608E33F-3C3A-468C-A1CF-8BF396C55755}","PlanNumber":"NEP2352","PIN":null,"PID":13710834,"Designation1":"Lot 8","Designation2":"Block 14","Designation3":null,"ParcelStatus":"ACTIVE","RegionalDistrict":"0019","ParcelClass":"SUBDIVISION","SourceParcelID":null,"GeometrySource":"ICF","IsRemainder":"NO","ParcelStartDate":null,"PositionalError":1.6854936,"LegalDescription":"LOT 8 BLOCK 14 SECTION 32 TOWNSHIP 7A KOOTENAY DISTRICT PLAN 2352","CaptureMethod":"UNKNOWN","OwnerType":"PRIVATE","Compiled":1,"CreatedDate":"2016-09-20T23:24:06.000Z","ModifiedDate":"2025-12-18T21:27:12.000Z","StatedArea":null,"ErrorReportedBy":"LSA","Municipality":"0082","OBJECTID":49023,"created_user":"SDE","created_date":"2024-11-12T16:15:31.000Z","last_edited_user":"SDE","last_edited_date":"2026-03-25T16:06:10.000Z","Shape__Area":653.63040204,"Shape__Length":103.23143169296628,"CommonName":null,"SourceGlobalID":"{87FB3BBB-038C-4D54-9A0D-0C6572748ACC}","Comments":null,"UpdateStatus":"AUTO","UpdateSource":"PMBC"}},{"type":"Feature","geometry":{"type":"Polygon","coordinates":[[[-117.588633,49.07938],[-117.588939,49.079323],[-117.58905,49.079578],[-117.588745,49.079636],[-117.588633,49.07938]]]},"properties":{"GlobalID":"{2939D537-A104-417B-B1BB-391289174A5E}","Name":"015292771","PlanID":"{7608E33F-3C3A-468C-A1CF-8BF396C55755}","PlanNumber":"NEP2352","PIN":null,"PID":15292771,"Designation1":"Lot 4","Designation2":"Block 14","Designation3":null,"ParcelStatus":"ACTIVE","RegionalDistrict":"0019","ParcelClass":"SUBDIVISION","SourceParcelID":null,"GeometrySource":"ICF","IsRemainder":"NO","ParcelStartDate":null,"PositionalError":1.6605342,"LegalDescription":"LOT 4 BLOCK 14 SECTION 32 TOWNSHIP 7A KOOTENAY DISTRICT PLAN 2352","CaptureMethod":"UNKNOWN","OwnerType":"PRIVATE","Compiled":1,"CreatedDate":"2016-09-20T23:24:06.000Z","ModifiedDate":"2025-12-18T21:27:12.000Z","StatedArea":null,"ErrorReportedBy":"LSA","Municipality":"0082","OBJECTID":49024,"created_user":"SDE","created_date":"2024-11-12T16:15:31.000Z","last_edited_user":"SDE","last_edited_date":"2026-03-25T16:06:10.000Z","Shape__Area":687.77438613,"Shape__Length":105.67594414732578,"CommonName":null,"SourceGlobalID":"{03455191-BC56-44A5-8A86-E8C5071EAAD4}","Comments":null,"UpdateStatus":"AUTO","UpdateSource":"PMBC"}},{"type":"Feature","geometry":{"type":"Polygon","coordinates":[[[-117.589531,49.079156],[-117.589422,49.078905],[-117.589717,49.078848],[-117.589827,49.0791],[-117.589531,49.079156]]]},"properties":{"GlobalID":"{0A967F8B-46FA-4979-A159-461DC3376BFB}","Name":"011679441","PlanID":"{7608E33F-3C3A-468C-A1CF-8BF396C55755}","PlanNumber":"NEP2352","PIN":null,"PID":11679441,"Designation1":"Lot 10","Designation2":"Block 14","Designation3":null,"ParcelStatus":"ACTIVE","RegionalDistrict":"0019","ParcelClass":"SUBDIVISION","SourceParcelID":null,"GeometrySource":"ICF","IsRemainder":"NO","ParcelStartDate":null,"PositionalError":2.42195226,"LegalDescription":"LOT 10 BLOCK 14 TOWNSHIP 7A KOOTENAY DISTRICT PLAN 2352","CaptureMethod":"UNKNOWN","OwnerType":"PRIVATE","Compiled":1,"CreatedDate":"2016-09-20T23:24:06.000Z","ModifiedDate":"2021-10-01T20:16:51.000Z","StatedArea":null,"ErrorReportedBy":"LSA","Municipality":"0082","OBJECTID":49025,"created_user":"SDE","created_date":"2024-11-12T16:15:31.000Z","last_edited_user":"SDE","last_edited_date":"2026-03-25T16:06:10.000Z","Shape__Area":652.67863608,"Shape__Length":103.04215017551748,"CommonName":null,"SourceGlobalID":"{A710E1C5-D444-4A8B-8759-4C64F2A0410D}","Comments":null,"UpdateStatus":"AUTO","UpdateSource":"PMBC"}},{"type":"Feature","geometry":{"type":"Polygon","coordinates":[[[-117.591441,49.078498],[-117.591741,49.078441],[-117.591871,49.078713],[-117.591571,49.07877],[-117.591441,49.078498]]]},"properties":{"GlobalID":"{F2AFCB1A-F65D-4C4F-86BF-A59997EC7B30}","Name":"015361306","PlanID":"{7608E33F-3C3A-468C-A1CF-8BF396C55755}","PlanNumber":"NEP2352","PIN":null,"PID":15361306,"Designation1":"Lot 8","Designation2":"Block 9","Designation3":null,"ParcelStatus":"ACTIVE","RegionalDistrict":"0019","ParcelClass":"SUBDIVISION","SourceParcelID":null,"GeometrySource":"ICF","IsRemainder":"NO","ParcelStartDate":null,"PositionalError":4.1650387,"LegalDescription":"LOT 8 BLOCK 9 SECTION 32 TOWNSHIP 7A KOOTENAY DISTRICT PLAN 2352","CaptureMethod":"UNKNOWN","OwnerType":"PRIVATE","Compiled":1,"CreatedDate":"2016-09-20T23:24:06.000Z","ModifiedDate":"2025-08-28T20:34:28.000Z","StatedArea":null,"ErrorReportedBy":"LSA","Municipality":"0082","OBJECTID":49026,"created_user":"SDE","created_date":"2024-11-12T16:15:31.000Z","last_edited_user":"SDE","last_edited_date":"2026-03-25T16:06:10.000Z","Shape__Area":724.12150971,"Shape__Length":109.10474362842446,"CommonName":null,"SourceGlobalID":"{04614319-906C-44FB-8B86-6D27546BCC79}","Comments":null,"UpdateStatus":"AUTO","UpdateSource":"PMBC"}},{"type":"Feature","geometry":{"type":"Polygon","coordinates":[[[-117.591705,49.079306],[-117.591886,49.079271],[-117.591887,49.079271],[-117.591904,49.079268],[-117.591919,49.079265],[-117.592026,49.079527],[-117.591826,49.079565],[-117.591705,49.079306]]]},"properties":{"GlobalID":"{5853DE8D-5938-4472-9CD9-D9CFB88A6412}","Name":"013904906","PlanID":"{7608E33F-3C3A-468C-A1CF-8BF396C55755}","PlanNumber":"NEP2352","PIN":null,"PID":13904906,"Designation1":"Lot 6","Designation2":"Block 8","Designation3":null,"ParcelStatus":"ACTIVE","RegionalDistrict":"0019","ParcelClass":"SUBDIVISION","SourceParcelID":null,"GeometrySource":"MODIFIED-ICF","IsRemainder":"NO","ParcelStartDate":null,"PositionalError":1.8770937,"LegalDescription":"LOT 6 BLOCK 8 TOWNSHIP 7A KOOTENAY DISTRICT PLAN 2352","CaptureMethod":"UNKNOWN","OwnerType":"PRIVATE","Compiled":1,"CreatedDate":"2016-09-20T23:24:06.000Z","ModifiedDate":"2025-08-28T20:34:28.000Z","StatedArea":null,"ErrorReportedBy":"LSA","Municipality":"0082","OBJECTID":49027,"created_user":"SDE","created_date":"2024-11-12T16:15:31.000Z","last_edited_user":"SDE","last_edited_date":"2026-03-25T16:06:10.000Z","Shape__Area":474.13592527,"Shape__Length":91.74135247090096,"CommonName":null,"SourceGlobalID":"{93F0AB0D-C943-41DF-A68C-FFC3720F9A51}","Comments":null,"UpdateStatus":"AUTO","UpdateSource":"PMBC"}},{"type":"Feature","geometry":{"type":"Polygon","coordinates":[[[-117.591919,49.079265],[-117.592124,49.079226],[-117.592235,49.079488],[-117.592026,49.079527],[-117.591919,49.079265]]]},"properties":{"GlobalID":"{54DA7733-E04C-46D7-BC14-EC7085C3745C}","Name":"013904892","PlanID":"{7608E33F-3C3A-468C-A1CF-8BF396C55755}","PlanNumber":"NEP2352","PIN":null,"PID":13904892,"Designation1":"Lot 5","Designation2":"Block 8","Designation3":null,"ParcelStatus":"ACTIVE","RegionalDistrict":"0019","ParcelClass":"SUBDIVISION","SourceParcelID":null,"GeometrySource":"MODIFIED-ICF","IsRemainder":"NO","ParcelStartDate":null,"PositionalError":0.8659933,"LegalDescription":"LOT 5 BLOCK 8 TOWNSHIP 7A KOOTENAY DISTRICT PLAN 2352","CaptureMethod":"UNKNOWN","OwnerType":"PRIVATE","Compiled":1,"CreatedDate":"2016-09-20T23:24:06.000Z","ModifiedDate":"2025-12-18T21:27:12.000Z","StatedArea":null,"ErrorReportedBy":"LSA","Municipality":"0082","OBJECTID":49028,"created_user":"SDE","created_date":"2024-11-12T16:15:31.000Z","last_edited_user":"SDE","last_edited_date":"2026-03-25T16:06:10.000Z","Shape__Area":473.84149228,"Shape__Length":91.7692147091077,"CommonName":null,"SourceGlobalID":"{645CB5C7-2851-4A0E-9B82-514DB0AA6BFD}","Comments":null,"UpdateStatus":"AUTO","UpdateSource":"PMBC"}},{"type":"Feature","geometry":{"type":"Polygon","coordinates":[[[-117.591579,49.078814],[-117.59188,49.078757],[-117.592,49.079015],[-117.591897,49.079038],[-117.591793,49.079059],[-117.591695,49.079078],[-117.591579,49.078814]]]},"properties":{"GlobalID":"{A385DC17-1EDD-4B6E-9B75-A33579387CDE}","Name":"015291081","PlanID":"{7608E33F-3C3A-468C-A1CF-8BF396C55755}","PlanNumber":"NEP2352","PIN":null,"PID":15291081,"Designation1":"Lot 5","Designation2":"Block 9","Designation3":null,"ParcelStatus":"ACTIVE","RegionalDistrict":"0019","ParcelClass":"SUBDIVISION","SourceParcelID":null,"GeometrySource":"ICF","IsRemainder":"NO","ParcelStartDate":null,"PositionalError":2.601161,"LegalDescription":"LOT 5 BLOCK 9 SECTION 32 TOWNSHIP 7A KOOTENAY DISTRICT PLAN 2352","CaptureMethod":"UNKNOWN","OwnerType":"PRIVATE","Compiled":1,"CreatedDate":"2016-09-20T23:24:06.000Z","ModifiedDate":"2025-12-18T21:27:12.000Z","StatedArea":null,"ErrorReportedBy":"LSA","Municipality":"0082","OBJECTID":49029,"created_user":"SDE","created_date":"2024-11-12T16:15:31.000Z","last_edited_user":"SDE","last_edited_date":"2026-03-25T16:06:10.000Z","Shape__Area":701.43146881,"Shape__Length":106.72701551512871,"CommonName":null,"SourceGlobalID":"{5AE80573-C3C5-4625-8668-EE1FC0A475B0}","Comments":null,"UpdateStatus":"AUTO","UpdateSource":"PMBC"}},{"type":"Feature","geometry":{"type":"Polygon","coordinates":[[[-117.590057,49.079617],[-117.590344,49.079562],[-117.590459,49.079824],[-117.590171,49.079878],[-117.590057,49.079617]]]},"properties":{"GlobalID":"{9DF84496-42CE-404B-B8B4-E4C01F5FE224}","Name":"015290981","PlanID":"{7608E33F-3C3A-468C-A1CF-8BF396C55755}","PlanNumber":"NEP2352","PIN":null,"PID":15290981,"Designation1":"Lot 1","Designation2":"Block 2","Designation3":null,"ParcelStatus":"ACTIVE","RegionalDistrict":"0019","ParcelClass":"SUBDIVISION","SourceParcelID":null,"GeometrySource":"ICF","IsRemainder":"NO","ParcelStartDate":null,"PositionalError":1.6115942,"LegalDescription":"LOT 1 BLOCK 2 SECTION 32 TOWNSHIP 7A KOOTENAY DISTRICT PLAN 2352","CaptureMethod":"UNKNOWN","OwnerType":"PRIVATE","Compiled":1,"CreatedDate":"2016-09-20T23:24:06.000Z","ModifiedDate":"2025-08-28T20:34:28.000Z","StatedArea":null,"ErrorReportedBy":"LSA","Municipality":"0082","OBJECTID":49030,"created_user":"SDE","created_date":"2024-11-12T16:15:31.000Z","last_edited_user":"SDE","last_edited_date":"2026-03-25T16:06:10.000Z","Shape__Area":661.712178105,"Shape__Length":104.245417803457,"CommonName":null,"SourceGlobalID":"{209B71D1-7AF4-4D96-873B-E62B0F8B9008}","Comments":null,"UpdateStatus":"AUTO","UpdateSource":"PMBC"}},{"type":"Feature","geometry":{"type":"Polygon","coordinates":[[[-117.589902,49.079987],[-117.590193,49.079932],[-117.590313,49.080194],[-117.590017,49.08025],[-117.589902,49.079987]]]},"properties":{"GlobalID":"{E24335A3-EEE0-44B0-95C6-BCC7D89A6420}","Name":"015357660","PlanID":"{7608E33F-3C3A-468C-A1CF-8BF396C55755}","PlanNumber":"NEP2352","PIN":null,"PID":15357660,"Designation1":"Lot 15","Designation2":"Block 2","Designation3":null,"ParcelStatus":"ACTIVE","RegionalDistrict":"0019","ParcelClass":"SUBDIVISION","SourceParcelID":null,"GeometrySource":"ICF","IsRemainder":"NO","ParcelStartDate":null,"PositionalError":2.22171404,"LegalDescription":"LOT 15 BLOCK 2 SECTION 32 TOWNSHIP 7A KOOTENAY DISTRICT PLAN 2352","CaptureMethod":"UNKNOWN","OwnerType":"PRIVATE","Compiled":1,"CreatedDate":"2016-09-20T23:24:06.000Z","ModifiedDate":"2021-10-01T20:16:51.000Z","StatedArea":null,"ErrorReportedBy":"LSA","Municipality":"0082","OBJECTID":49031,"created_user":"SDE","created_date":"2024-11-12T16:15:31.000Z","last_edited_user":"SDE","last_edited_date":"2026-03-25T16:06:10.000Z","Shape__Area":678.69136531,"Shape__Length":105.48503367542966,"CommonName":null,"SourceGlobalID":"{10D4F13E-7624-4BD2-B9B1-4A2F175B0205}","Comments":null,"UpdateStatus":"AUTO","UpdateSource":"PMBC"}},{"type":"Feature","geometry":{"type":"Polygon","coordinates":[[[-117.589443,49.079733],[-117.589761,49.079673],[-117.589875,49.079935],[-117.589557,49.079995],[-117.589443,49.079733]]]},"properties":{"GlobalID":"{E6A0F673-620E-4C12-ADC0-8F9FF7673C18}","Name":"015357520","PlanID":"{7608E33F-3C3A-468C-A1CF-8BF396C55755}","PlanNumber":"NEP2352","PIN":null,"PID":15357520,"Designation1":"Lot 3","Designation2":"Block 2","Designation3":null,"ParcelStatus":"ACTIVE","RegionalDistrict":"0019","ParcelClass":"SUBDIVISION","SourceParcelID":null,"GeometrySource":"ICF","IsRemainder":"NO","ParcelStartDate":null,"PositionalError":1.83959685,"LegalDescription":"LOT 3 BLOCK 2 SECTION 32 TOWNSHIP 7A KOOTENAY DISTRICT PLAN 2352","CaptureMethod":"UNKNOWN","OwnerType":"PRIVATE","Compiled":1,"CreatedDate":"2016-09-20T23:24:06.000Z","ModifiedDate":"2021-10-01T20:16:51.000Z","StatedArea":null,"ErrorReportedBy":"LSA","Municipality":"0082","OBJECTID":49032,"created_user":"SDE","created_date":"2024-11-12T16:15:31.000Z","last_edited_user":"SDE","last_edited_date":"2026-03-25T16:06:10.000Z","Shape__Area":731.06328141,"Shape__Length":108.85067673479877,"CommonName":null,"SourceGlobalID":"{83A4683F-B185-4CC4-9E2B-C6F0844605DA}","Comments":null,"UpdateStatus":"AUTO","UpdateSource":"PMBC"}},{"type":"Feature","geometry":{"type":"Polygon","coordinates":[[[-117.589238,49.079266],[-117.589555,49.079208],[-117.589666,49.079462],[-117.589349,49.079522],[-117.589238,49.079266]]]},"properties":{"GlobalID":"{FBBD2EEE-3761-49FA-9D85-ED80AEF815B6}","Name":"015303152","PlanID":"{7608E33F-3C3A-468C-A1CF-8BF396C55755}","PlanNumber":"NEP2352","PIN":null,"PID":15303152,"Designation1":"Lot 6","Designation2":"Block 14","Designation3":null,"ParcelStatus":"ACTIVE","RegionalDistrict":"0019","ParcelClass":"SUBDIVISION","SourceParcelID":null,"GeometrySource":"ICF","IsRemainder":"NO","ParcelStartDate":null,"PositionalError":1.8805195,"LegalDescription":"LOT 6 BLOCK 14 SECTION 32 TOWNSHIP 7A KOOTENAY DISTRICT PLAN 2352","CaptureMethod":"UNKNOWN","OwnerType":"PRIVATE","Compiled":1,"CreatedDate":"2016-09-20T23:24:06.000Z","ModifiedDate":"2025-12-18T21:27:12.000Z","StatedArea":null,"ErrorReportedBy":"LSA","Municipality":"0082","OBJECTID":49033,"created_user":"SDE","created_date":"2024-11-12T16:15:31.000Z","last_edited_user":"SDE","last_edited_date":"2026-03-25T16:06:10.000Z","Shape__Area":709.34536854,"Shape__Length":107.0704066169559,"CommonName":null,"SourceGlobalID":"{80FC1FD9-5F42-4B99-B280-7FC7047F0ADF}","Comments":null,"UpdateStatus":"AUTO","UpdateSource":"PMBC"}},{"type":"Feature","geometry":{"type":"Polygon","coordinates":[[[-117.590585,49.079517],[-117.590827,49.079471],[-117.590944,49.079733],[-117.5907,49.079779],[-117.590585,49.079517]]]},"properties":{"GlobalID":"{57FBA7CD-A153-4799-9286-CBA91DFBDB20}","Name":"015358836","PlanID":"{7608E33F-3C3A-468C-A1CF-8BF396C55755}","PlanNumber":"NEP2352","PIN":null,"PID":15358836,"Designation1":"Lot 11","Designation2":"Block 8","Designation3":null,"ParcelStatus":"ACTIVE","RegionalDistrict":"0019","ParcelClass":"SUBDIVISION","SourceParcelID":null,"GeometrySource":"ICF","IsRemainder":"NO","ParcelStartDate":null,"PositionalError":1.6703222,"LegalDescription":"LOT 11 BLOCK 8 SECTION 32 TOWNSHIP 7A KOOTENAY DISTRICT PLAN 2352","CaptureMethod":"UNKNOWN","OwnerType":"PRIVATE","Compiled":1,"CreatedDate":"2016-09-20T23:24:06.000Z","ModifiedDate":"2025-12-18T21:27:12.000Z","StatedArea":null,"ErrorReportedBy":"LSA","Municipality":"0082","OBJECTID":49034,"created_user":"SDE","created_date":"2024-11-12T16:15:31.000Z","last_edited_user":"SDE","last_edited_date":"2026-03-25T16:06:10.000Z","Shape__Area":559.620580205,"Shape__Length":97.54447199010008,"CommonName":null,"SourceGlobalID":"{80CB98A0-9474-4964-8730-65A54AEA2D5D}","Comments":null,"UpdateStatus":"AUTO","UpdateSource":"PMBC"}},{"type":"Feature","geometry":{"type":"Polygon","coordinates":[[[-117.592717,49.079112],[-117.59292,49.079074],[-117.593035,49.079337],[-117.593035,49.079337],[-117.592835,49.079375],[-117.592717,49.079112]]]},"properties":{"GlobalID":"{F9A40946-557D-4F57-A510-F2EA2BD80B7E}","Name":"012738832","PlanID":"{7608E33F-3C3A-468C-A1CF-8BF396C55755}","PlanNumber":"NEP2352","PIN":null,"PID":12738832,"Designation1":"Lot 1","Designation2":"Block 8","Designation3":null,"ParcelStatus":"ACTIVE","RegionalDistrict":"0019","ParcelClass":"SUBDIVISION","SourceParcelID":null,"GeometrySource":"ICF","IsRemainder":"NO","ParcelStartDate":null,"PositionalError":1.02138104,"LegalDescription":"LOT 1 BLOCK 8 SECTION 32 TOWNSHIP 7A KOOTENAY DISTRICT PLAN 2352","CaptureMethod":"UNKNOWN","OwnerType":"PRIVATE","Compiled":1,"CreatedDate":"2016-09-20T23:24:06.000Z","ModifiedDate":"2025-12-18T21:27:12.000Z","StatedArea":null,"ErrorReportedBy":"PMBC-OPERATIONS","Municipality":"0082","OBJECTID":49035,"created_user":"SDE","created_date":"2024-11-12T16:15:31.000Z","last_edited_user":"SDE","last_edited_date":"2026-03-25T16:06:10.000Z","Shape__Area":464.931841275,"Shape__Length":91.37891655338622,"CommonName":null,"SourceGlobalID":"{A558465F-F09F-4796-902F-A666C9932B94}","Comments":null,"UpdateStatus":"AUTO","UpdateSource":"PMBC"}},{"type":"Feature","geometry":{"type":"Polygon","coordinates":[[[-117.588027,49.079492],[-117.588339,49.079434],[-117.588451,49.079692],[-117.588451,49.079692],[-117.588141,49.079751],[-117.588027,49.079492]]]},"properties":{"GlobalID":"{50BF88CB-324E-4D95-8723-8A7604FAC29E}","Name":"009713557","PlanID":"{7608E33F-3C3A-468C-A1CF-8BF396C55755}","PlanNumber":"NEP2352","PIN":null,"PID":9713557,"Designation1":"Lot 2","Designation2":"Block 14","Designation3":null,"ParcelStatus":"ACTIVE","RegionalDistrict":"0019","ParcelClass":"SUBDIVISION","SourceParcelID":null,"GeometrySource":"ICF","IsRemainder":"NO","ParcelStartDate":null,"PositionalError":1.8785619,"LegalDescription":"LOT 2 BLOCK 14 TOWNSHIP 7A KOOTENAY DISTRICT PLAN 2352","CaptureMethod":"UNKNOWN","OwnerType":"PRIVATE","Compiled":1,"CreatedDate":"2016-09-20T23:24:06.000Z","ModifiedDate":"2025-12-18T21:27:12.000Z","StatedArea":null,"ErrorReportedBy":"LSA","Municipality":"0082","OBJECTID":49036,"created_user":"SDE","created_date":"2024-11-12T16:15:31.000Z","last_edited_user":"SDE","last_edited_date":"2026-03-25T16:06:10.000Z","Shape__Area":706.9068603,"Shape__Length":107.08779812823369,"CommonName":null,"SourceGlobalID":"{BC50E36A-2BCC-4B42-AD0A-B0907FEB8DCF}","Comments":null,"UpdateStatus":"AUTO","UpdateSource":"PMBC"}},{"type":"Feature","geometry":{"type":"Polygon","coordinates":[[[-117.589717,49.078848],[-117.590016,49.078791],[-117.590121,49.079043],[-117.589827,49.0791],[-117.589717,49.078848]]]},"properties":{"GlobalID":"{70E54060-5510-4DF0-99E7-26605C8F28AA}","Name":"007517173","PlanID":"{7608E33F-3C3A-468C-A1CF-8BF396C55755}","PlanNumber":"NEP2352","PIN":null,"PID":7517173,"Designation1":"Lot 9","Designation2":"Block 14","Designation3":null,"ParcelStatus":"ACTIVE","RegionalDistrict":"0019","ParcelClass":"SUBDIVISION","SourceParcelID":null,"GeometrySource":"ICF","IsRemainder":"NO","ParcelStartDate":null,"PositionalError":2.03028826,"LegalDescription":"LOT 9 BLOCK 14 TOWNSHIP 7A KOOTENAY DISTRICT PLAN 2352","CaptureMethod":"UNKNOWN","OwnerType":"PRIVATE","Compiled":1,"CreatedDate":"2016-09-20T23:24:06.000Z","ModifiedDate":"2021-10-01T20:16:51.000Z","StatedArea":null,"ErrorReportedBy":"LSA","Municipality":"0082","OBJECTID":49037,"created_user":"SDE","created_date":"2024-11-12T16:15:31.000Z","last_edited_user":"SDE","last_edited_date":"2026-03-25T16:06:10.000Z","Shape__Area":657.09279179,"Shape__Length":103.3560067556906,"CommonName":null,"SourceGlobalID":"{F2AEB20D-D7D7-4F1F-9E3A-E67FD749C5DB}","Comments":null,"UpdateStatus":"AUTO","UpdateSource":"PMBC"}},{"type":"Feature","geometry":{"type":"Polygon","coordinates":[[[-117.589531,49.079156],[-117.589214,49.079215],[-117.589105,49.078964],[-117.589422,49.078905],[-117.589531,49.079156]]]},"properties":{"GlobalID":"{6636FB99-B142-4277-B51A-8EDE743716E9}","Name":"015303161","PlanID":"{7608E33F-3C3A-468C-A1CF-8BF396C55755}","PlanNumber":"NEP2352","PIN":null,"PID":15303161,"Designation1":"Lot 11","Designation2":"Block 14","Designation3":null,"ParcelStatus":"ACTIVE","RegionalDistrict":"0019","ParcelClass":"SUBDIVISION","SourceParcelID":null,"GeometrySource":"ICF","IsRemainder":"NO","ParcelStartDate":null,"PositionalError":2.63614351,"LegalDescription":"LOT 11 BLOCK 14 SECTION 32 TOWNSHIP 7A KOOTENAY DISTRICT PLAN 2352","CaptureMethod":"UNKNOWN","OwnerType":"PRIVATE","Compiled":1,"CreatedDate":"2016-09-20T23:24:06.000Z","ModifiedDate":"2021-10-01T20:16:51.000Z","StatedArea":null,"ErrorReportedBy":"LSA","Municipality":"0082","OBJECTID":49038,"created_user":"SDE","created_date":"2024-11-12T16:15:31.000Z","last_edited_user":"SDE","last_edited_date":"2026-03-25T16:06:10.000Z","Shape__Area":699.05137314,"Shape__Length":106.2247829966475,"CommonName":null,"SourceGlobalID":"{BCFBC944-3DF3-459C-987A-A5A782F2139B}","Comments":null,"UpdateStatus":"AUTO","UpdateSource":"PMBC"}},{"type":"Feature","geometry":{"type":"Polygon","coordinates":[[[-117.588981,49.080162],[-117.589286,49.080104],[-117.589401,49.080367],[-117.589096,49.080425],[-117.588981,49.080162]]]},"properties":{"GlobalID":"{A343FE36-8468-4C54-B5CE-F5E7149FF6EF}","Name":"015303284","PlanID":"{7608E33F-3C3A-468C-A1CF-8BF396C55755}","PlanNumber":"NEP2352","PIN":null,"PID":15303284,"Designation1":"Lot 12","Designation2":"Block 2","Designation3":null,"ParcelStatus":"ACTIVE","RegionalDistrict":"0019","ParcelClass":"SUBDIVISION","SourceParcelID":null,"GeometrySource":"ICF","IsRemainder":"NO","ParcelStartDate":null,"PositionalError":2.55120138,"LegalDescription":"LOT 12 BLOCK 2 SECTION 32 TOWNSHIP 7A KOOTENAY DISTRICT PLAN 2352","CaptureMethod":"UNKNOWN","OwnerType":"PRIVATE","Compiled":1,"CreatedDate":"2016-09-20T23:24:06.000Z","ModifiedDate":"2021-10-01T20:16:51.000Z","StatedArea":null,"ErrorReportedBy":"LSA","Municipality":"0082","OBJECTID":49039,"created_user":"SDE","created_date":"2024-11-12T16:15:31.000Z","last_edited_user":"SDE","last_edited_date":"2026-03-25T16:06:10.000Z","Shape__Area":705.441815335,"Shape__Length":107.2131744690875,"CommonName":null,"SourceGlobalID":"{C5F06B67-2407-4B0B-AF10-A249EEC08CCE}","Comments":null,"UpdateStatus":"AUTO","UpdateSource":"PMBC"}},{"type":"Feature","geometry":{"type":"Polygon","coordinates":[[[-117.588237,49.079961],[-117.588549,49.079902],[-117.588642,49.080116],[-117.588663,49.080164],[-117.588351,49.080224],[-117.588301,49.080108],[-117.588237,49.079961]]]},"properties":{"GlobalID":"{AC535241-F2FA-4E42-9A3C-F74ACA69CE7E}","Name":"015360008","PlanID":"{7608E33F-3C3A-468C-A1CF-8BF396C55755}","PlanNumber":"NEP2352","PIN":null,"PID":15360008,"Designation1":"Lot 7","Designation2":"Block 2","Designation3":null,"ParcelStatus":"ACTIVE","RegionalDistrict":"0019","ParcelClass":"SUBDIVISION","SourceParcelID":null,"GeometrySource":"ICF","IsRemainder":"NO","ParcelStartDate":null,"PositionalError":1.5286409,"LegalDescription":"LOT 7 BLOCK 2 SECTION 32 TOWNSHIP 7A KOOTENAY DISTRICT PLAN 2352","CaptureMethod":"UNKNOWN","OwnerType":"PRIVATE","Compiled":1,"CreatedDate":"2016-09-20T23:24:06.000Z","ModifiedDate":"2025-12-18T21:27:12.000Z","StatedArea":null,"ErrorReportedBy":"LSA","Municipality":"0082","OBJECTID":49040,"created_user":"SDE","created_date":"2024-11-12T16:15:31.000Z","last_edited_user":"SDE","last_edited_date":"2026-03-25T16:06:10.000Z","Shape__Area":719.783024255,"Shape__Length":108.1346489454302,"CommonName":null,"SourceGlobalID":"{7401A3BB-4FF6-4700-89D7-DA8AA245BFDF}","Comments":null,"UpdateStatus":"AUTO","UpdateSource":"PMBC"}},{"type":"Feature","geometry":{"type":"Polygon","coordinates":[[[-117.592319,49.079188],[-117.592537,49.079147],[-117.592657,49.079408],[-117.592435,49.07945],[-117.592435,49.07945],[-117.592435,49.07945],[-117.592319,49.079188]]]},"properties":{"GlobalID":"{1E99B82E-6AB4-4E0A-A45F-32F37B118D6B}","Name":"008039984","PlanID":"{7608E33F-3C3A-468C-A1CF-8BF396C55755}","PlanNumber":"NEP2352","PIN":null,"PID":8039984,"Designation1":"Lot 3","Designation2":"Block 8","Designation3":null,"ParcelStatus":"ACTIVE","RegionalDistrict":"0019","ParcelClass":"SUBDIVISION","SourceParcelID":null,"GeometrySource":"ICF","IsRemainder":"NO","ParcelStartDate":null,"PositionalError":1.31246037,"LegalDescription":"LOT 3 BLOCK 8 TOWNSHIP 7A KOOTENAY DISTRICT PLAN 2352","CaptureMethod":"UNKNOWN","OwnerType":"PRIVATE","Compiled":1,"CreatedDate":"2016-09-20T23:24:06.000Z","ModifiedDate":"2025-12-18T21:27:12.000Z","StatedArea":null,"ErrorReportedBy":"PMBC-OPERATIONS","Municipality":"0082","OBJECTID":49041,"created_user":"SDE","created_date":"2024-11-12T16:15:31.000Z","last_edited_user":"SDE","last_edited_date":"2026-03-25T16:06:10.000Z","Shape__Area":507.64768048,"Shape__Length":94.19155519567612,"CommonName":null,"SourceGlobalID":"{5932F80F-264B-4854-BAE1-5F1F50A4A8F4}","Comments":null,"UpdateStatus":"AUTO","UpdateSource":"PMBC"}},{"type":"Feature","geometry":{"type":"Polygon","coordinates":[[[-117.59188,49.078757],[-117.59218,49.0787],[-117.592286,49.078941],[-117.592144,49.07898],[-117.592,49.079015],[-117.59188,49.078757]]]},"properties":{"GlobalID":"{DD62591B-586E-43E4-8952-9782ECF8CBDA}","Name":"015291073","PlanID":"{7608E33F-3C3A-468C-A1CF-8BF396C55755}","PlanNumber":"NEP2352","PIN":null,"PID":15291073,"Designation1":"Lot 6","Designation2":"Block 9","Designation3":null,"ParcelStatus":"ACTIVE","RegionalDistrict":"0019","ParcelClass":"SUBDIVISION","SourceParcelID":null,"GeometrySource":"ICF","IsRemainder":"NO","ParcelStartDate":null,"PositionalError":3.1700885,"LegalDescription":"LOT 6 BLOCK 9 SECTION 32 TOWNSHIP 7A KOOTENAY DISTRICT PLAN 2352","CaptureMethod":"UNKNOWN","OwnerType":"PRIVATE","Compiled":1,"CreatedDate":"2016-09-20T23:24:06.000Z","ModifiedDate":"2025-12-18T21:27:12.000Z","StatedArea":null,"ErrorReportedBy":"LSA","Municipality":"0082","OBJECTID":49042,"created_user":"SDE","created_date":"2024-11-12T16:15:31.000Z","last_edited_user":"SDE","last_edited_date":"2026-03-25T16:06:10.000Z","Shape__Area":657.75517152,"Shape__Length":103.26631911210886,"CommonName":null,"SourceGlobalID":"{414D78C6-7B72-477C-9F0B-3B841AF60D8B}","Comments":null,"UpdateStatus":"AUTO","UpdateSource":"PMBC"}},{"type":"Feature","geometry":{"type":"Polygon","coordinates":[[[-117.591279,49.078871],[-117.591579,49.078814],[-117.591695,49.079078],[-117.59147,49.07912],[-117.591396,49.079134],[-117.591279,49.078871]]]},"properties":{"GlobalID":"{3A0FC559-E6DA-4052-ACBA-210C82AD7334}","Name":"012245879","PlanID":"{7608E33F-3C3A-468C-A1CF-8BF396C55755}","PlanNumber":"NEP2352","PIN":null,"PID":12245879,"Designation1":"Lot 4","Designation2":"Block 9","Designation3":null,"ParcelStatus":"ACTIVE","RegionalDistrict":"0019","ParcelClass":"SUBDIVISION","SourceParcelID":null,"GeometrySource":"ICF","IsRemainder":"NO","ParcelStartDate":null,"PositionalError":1.9120858,"LegalDescription":"LOT 4 BLOCK 9 SECTION 32 TOWNSHIP 7A KOOTENAY DISTRICT PLAN 2352","CaptureMethod":"UNKNOWN","OwnerType":"PRIVATE","Compiled":1,"CreatedDate":"2016-09-20T23:24:06.000Z","ModifiedDate":"2025-08-28T20:34:28.000Z","StatedArea":null,"ErrorReportedBy":"LSA","Municipality":"0082","OBJECTID":49043,"created_user":"SDE","created_date":"2024-11-12T16:15:31.000Z","last_edited_user":"SDE","last_edited_date":"2026-03-25T16:06:10.000Z","Shape__Area":695.17731376,"Shape__Length":106.58732746505517,"CommonName":null,"SourceGlobalID":"{A0301873-DFA7-4089-859A-A741ED94D8E6}","Comments":null,"UpdateStatus":"AUTO","UpdateSource":"PMBC"}},{"type":"Feature","geometry":{"type":"Polygon","coordinates":[[[-117.588803,49.08048],[-117.588688,49.080217],[-117.588981,49.080162],[-117.589096,49.080425],[-117.588803,49.08048]]]},"properties":{"GlobalID":"{9A30054E-1137-43ED-9B6E-D706F810B3EE}","Name":"014969548","PlanID":"{7608E33F-3C3A-468C-A1CF-8BF396C55755}","PlanNumber":"NEP2352","PIN":null,"PID":14969548,"Designation1":"Lot 11","Designation2":"Block 2","Designation3":null,"ParcelStatus":"ACTIVE","RegionalDistrict":"0019","ParcelClass":"SUBDIVISION","SourceParcelID":null,"GeometrySource":"ICF","IsRemainder":"NO","ParcelStartDate":null,"PositionalError":2.47335816,"LegalDescription":"LOT 11 BLOCK 2 SECTION 32 TOWNSHIP 7A KOOTENAY DISTRICT PLAN 2352","CaptureMethod":"UNKNOWN","OwnerType":"PRIVATE","Compiled":1,"CreatedDate":"2016-09-20T23:24:06.000Z","ModifiedDate":"2021-10-01T20:16:51.000Z","StatedArea":null,"ErrorReportedBy":"LSA","Municipality":"0082","OBJECTID":49044,"created_user":"SDE","created_date":"2024-11-12T16:15:31.000Z","last_edited_user":"SDE","last_edited_date":"2026-03-25T16:06:10.000Z","Shape__Area":676.41439994,"Shape__Length":105.2940871595081,"CommonName":null,"SourceGlobalID":"{FF1691C2-7783-4EAB-B784-B6762FD48E2D}","Comments":null,"UpdateStatus":"AUTO","UpdateSource":"PMBC"}},{"type":"Feature","geometry":{"type":"Polygon","coordinates":[[[-117.590978,49.078928],[-117.591279,49.078871],[-117.591396,49.079134],[-117.591373,49.079139],[-117.591098,49.079191],[-117.590978,49.078928]]]},"properties":{"GlobalID":"{5AA1C6DE-A3B0-40A9-8865-ED3D40F9DBBA}","Name":"015358003","PlanID":"{7608E33F-3C3A-468C-A1CF-8BF396C55755}","PlanNumber":"NEP2352","PIN":null,"PID":15358003,"Designation1":"Lot 3","Designation2":"Block 9","Designation3":null,"ParcelStatus":"ACTIVE","RegionalDistrict":"0019","ParcelClass":"SUBDIVISION","SourceParcelID":null,"GeometrySource":"ICF","IsRemainder":"NO","ParcelStartDate":null,"PositionalError":1.5920182,"LegalDescription":"LOT 3 BLOCK 9 SECTION 32 TOWNSHIP 7A KOOTENAY DISTRICT PLAN 2352","CaptureMethod":"UNKNOWN","OwnerType":"PRIVATE","Compiled":1,"CreatedDate":"2016-09-20T23:24:06.000Z","ModifiedDate":"2025-12-18T21:27:12.000Z","StatedArea":null,"ErrorReportedBy":"LSA","Municipality":"0082","OBJECTID":49045,"created_user":"SDE","created_date":"2024-11-12T16:15:31.000Z","last_edited_user":"SDE","last_edited_date":"2026-03-25T16:06:10.000Z","Shape__Area":693.61836703,"Shape__Length":106.48287375502397,"CommonName":null,"SourceGlobalID":"{6AB4B9C2-82DC-40C2-A898-64EB415888C8}","Comments":null,"UpdateStatus":"AUTO","UpdateSource":"PMBC"}},{"type":"Feature","geometry":{"type":"Polygon","coordinates":[[[-117.591741,49.078441],[-117.592042,49.078384],[-117.592171,49.078656],[-117.591871,49.078713],[-117.591741,49.078441]]]},"properties":{"GlobalID":"{0173F39E-DC84-4ED8-A795-08790B60AB28}","Name":"015291065","PlanID":"{7608E33F-3C3A-468C-A1CF-8BF396C55755}","PlanNumber":"NEP2352","PIN":null,"PID":15291065,"Designation1":"Lot 7","Designation2":"Block 9","Designation3":null,"ParcelStatus":"ACTIVE","RegionalDistrict":"0019","ParcelClass":"SUBDIVISION","SourceParcelID":null,"GeometrySource":"ICF","IsRemainder":"NO","ParcelStartDate":null,"PositionalError":4.5445684,"LegalDescription":"LOT 7 BLOCK 9 SECTION 32 TOWNSHIP 7A KOOTENAY DISTRICT PLAN 2352","CaptureMethod":"UNKNOWN","OwnerType":"PRIVATE","Compiled":1,"CreatedDate":"2016-09-20T23:24:06.000Z","ModifiedDate":"2025-12-18T21:27:12.000Z","StatedArea":null,"ErrorReportedBy":"LSA","Municipality":"0082","OBJECTID":49046,"created_user":"SDE","created_date":"2024-11-12T16:15:31.000Z","last_edited_user":"SDE","last_edited_date":"2026-03-25T16:06:10.000Z","Shape__Area":724.12245137,"Shape__Length":109.1047805907279,"CommonName":null,"SourceGlobalID":"{390D331E-D61B-4AF1-ACEF-D90EF0C5D74A}","Comments":null,"UpdateStatus":"AUTO","UpdateSource":"PMBC"}},{"type":"Feature","geometry":{"type":"Polygon","coordinates":[[[-117.588939,49.079323],[-117.589238,49.079266],[-117.589349,49.079522],[-117.58905,49.079578],[-117.588939,49.079323]]]},"properties":{"GlobalID":"{B3A5F094-3E93-49ED-8E9B-55BACC06B7F6}","Name":"015303144","PlanID":"{7608E33F-3C3A-468C-A1CF-8BF396C55755}","PlanNumber":"NEP2352","PIN":null,"PID":15303144,"Designation1":"Lot 5","Designation2":"Block 14","Designation3":null,"ParcelStatus":"ACTIVE","RegionalDistrict":"0019","ParcelClass":"SUBDIVISION","SourceParcelID":null,"GeometrySource":"ICF","IsRemainder":"NO","ParcelStartDate":null,"PositionalError":1.6627365,"LegalDescription":"LOT 5 BLOCK 14 SECTION 32 TOWNSHIP 7A KOOTENAY DISTRICT PLAN 2352","CaptureMethod":"UNKNOWN","OwnerType":"PRIVATE","Compiled":1,"CreatedDate":"2016-09-20T23:24:06.000Z","ModifiedDate":"2025-12-18T21:27:12.000Z","StatedArea":null,"ErrorReportedBy":"LSA","Municipality":"0082","OBJECTID":49047,"created_user":"SDE","created_date":"2024-11-12T16:15:31.000Z","last_edited_user":"SDE","last_edited_date":"2026-03-25T16:06:10.000Z","Shape__Area":671.252408085,"Shape__Length":104.52710645728264,"CommonName":null,"SourceGlobalID":"{E5DB5A36-2657-480C-A498-3A19A38D46B2}","Comments":null,"UpdateStatus":"AUTO","UpdateSource":"PMBC"}},{"type":"Feature","geometry":{"type":"Polygon","coordinates":[[[-117.591304,49.079381],[-117.591527,49.07934],[-117.59164,49.0796],[-117.591424,49.079641],[-117.591304,49.079381]]]},"properties":{"GlobalID":"{5616D328-14FE-4DCE-8177-32B223A99FF1}","Name":"008548447","PlanID":"{7608E33F-3C3A-468C-A1CF-8BF396C55755}","PlanNumber":"NEP2352","PIN":null,"PID":8548447,"Designation1":"Lot 8","Designation2":"Block 8","Designation3":null,"ParcelStatus":"ACTIVE","RegionalDistrict":"0019","ParcelClass":"SUBDIVISION","SourceParcelID":null,"GeometrySource":"ICF","IsRemainder":"NO","ParcelStartDate":null,"PositionalError":3.110137,"LegalDescription":"LOT 8 BLOCK 8 TOWNSHIP 7A KOOTENAY DISTRICT PLAN 2352","CaptureMethod":"UNKNOWN","OwnerType":"PRIVATE","Compiled":1,"CreatedDate":"2016-09-20T23:24:06.000Z","ModifiedDate":"2025-12-18T21:27:12.000Z","StatedArea":null,"ErrorReportedBy":"LSA","Municipality":"0082","OBJECTID":49048,"created_user":"SDE","created_date":"2024-11-12T16:15:31.000Z","last_edited_user":"SDE","last_edited_date":"2026-03-25T16:06:10.000Z","Shape__Area":501.841831865,"Shape__Length":93.59185560146777,"CommonName":null,"SourceGlobalID":"{623649FC-6F15-4C45-AD83-5D7EBD48AC19}","Comments":null,"UpdateStatus":"AUTO","UpdateSource":"PMBC"}},{"type":"Feature","geometry":{"type":"Polygon","coordinates":[[[-117.590967,49.079785],[-117.591244,49.079733],[-117.591359,49.079996],[-117.591099,49.080046],[-117.591081,49.080004],[-117.591065,49.080007],[-117.590967,49.079785]]]},"properties":{"GlobalID":"{DF953ED5-6E23-488E-8A73-604252257AA2}","Name":"029513081","PlanID":"{FD3643F1-E037-421B-B0E9-62B245468D4C}","PlanNumber":"EPP43670","PIN":null,"PID":29513081,"Designation1":"Lot A","Designation2":null,"Designation3":null,"ParcelStatus":"ACTIVE","RegionalDistrict":"0019","ParcelClass":"SUBDIVISION","SourceParcelID":null,"GeometrySource":"ICF","IsRemainder":"NO","ParcelStartDate":"2015-03-17T07:00:00.000Z","PositionalError":0.2557115,"LegalDescription":"LOT A TOWNSHIP 7A KOOTENAY DISTRICT PLAN EPP43670","CaptureMethod":"UNKNOWN","OwnerType":"PRIVATE","Compiled":1,"CreatedDate":"2021-01-18T23:34:56.000Z","ModifiedDate":"2025-08-28T20:34:28.000Z","StatedArea":null,"ErrorReportedBy":"LSA","Municipality":"0082","OBJECTID":49049,"created_user":"SDE","created_date":"2024-11-12T16:15:31.000Z","last_edited_user":"SDE","last_edited_date":"2026-03-25T16:06:10.000Z","Shape__Area":634.51434022,"Shape__Length":102.9728513132612,"CommonName":null,"SourceGlobalID":"{33337B93-834A-45C5-B293-4B0F17059EDC}","Comments":null,"UpdateStatus":"AUTO","UpdateSource":"PMBC"}},{"type":"Feature","geometry":{"type":"Polygon","coordinates":[[[-117.592124,49.079226],[-117.592319,49.079188],[-117.592435,49.07945],[-117.592435,49.07945],[-117.592235,49.079488],[-117.592124,49.079226]]]},"properties":{"GlobalID":"{18B863E7-8014-4B44-86BF-C1182DF8E5CF}","Name":"008040061","PlanID":"{7608E33F-3C3A-468C-A1CF-8BF396C55755}","PlanNumber":"NEP2352","PIN":null,"PID":8040061,"Designation1":"Lot 4","Designation2":"Block 8","Designation3":null,"ParcelStatus":"ACTIVE","RegionalDistrict":"0019","ParcelClass":"SUBDIVISION","SourceParcelID":null,"GeometrySource":"MODIFIED-ICF","IsRemainder":"NO","ParcelStartDate":null,"PositionalError":0.83198,"LegalDescription":"LOT 4 BLOCK 8 TOWNSHIP 7A KOOTENAY DISTRICT PLAN 2352","CaptureMethod":"UNKNOWN","OwnerType":"PRIVATE","Compiled":1,"CreatedDate":"2016-09-20T23:24:06.000Z","ModifiedDate":"2025-12-18T21:27:12.000Z","StatedArea":null,"ErrorReportedBy":"LSA","Municipality":"0082","OBJECTID":49050,"created_user":"SDE","created_date":"2024-11-12T16:15:31.000Z","last_edited_user":"SDE","last_edited_date":"2026-03-25T16:06:10.000Z","Shape__Area":456.041335855,"Shape__Length":90.71266873459567,"CommonName":null,"SourceGlobalID":"{B5A9211F-C566-4495-B157-FD2BFEA03763}","Comments":null,"UpdateStatus":"AUTO","UpdateSource":"PMBC"}},{"type":"Feature","geometry":{"type":"Polygon","coordinates":[[[-117.591527,49.07934],[-117.591705,49.079306],[-117.591826,49.079565],[-117.59164,49.0796],[-117.591527,49.07934]]]},"properties":{"GlobalID":"{EEA6875D-CA23-480B-A02E-979F88D47F08}","Name":"015359972","PlanID":"{7608E33F-3C3A-468C-A1CF-8BF396C55755}","PlanNumber":"NEP2352","PIN":null,"PID":15359972,"Designation1":"Lot 7","Designation2":"Block 8","Designation3":null,"ParcelStatus":"ACTIVE","RegionalDistrict":"0019","ParcelClass":"SUBDIVISION","SourceParcelID":null,"GeometrySource":"ICF","IsRemainder":"NO","ParcelStartDate":null,"PositionalError":2.5654348,"LegalDescription":"LOT 7 BLOCK 8 SECTION 32 TOWNSHIP 7A KOOTENAY DISTRICT PLAN 2352","CaptureMethod":"UNKNOWN","OwnerType":"PRIVATE","Compiled":1,"CreatedDate":"2016-09-20T23:24:06.000Z","ModifiedDate":"2025-12-18T21:27:12.000Z","StatedArea":null,"ErrorReportedBy":"LSA","Municipality":"0082","OBJECTID":49051,"created_user":"SDE","created_date":"2024-11-12T16:15:31.000Z","last_edited_user":"SDE","last_edited_date":"2026-03-25T16:06:10.000Z","Shape__Area":416.86069362,"Shape__Length":87.93136582106766,"CommonName":null,"SourceGlobalID":"{9FC12691-9D44-4AA2-A726-FF7BACF7258E}","Comments":null,"UpdateStatus":"AUTO","UpdateSource":"PMBC"}},{"type":"Feature","geometry":{"type":"Polygon","coordinates":[[[-117.591244,49.079733],[-117.591497,49.079685],[-117.591733,49.079926],[-117.591359,49.079996],[-117.591244,49.079733]]]},"properties":{"GlobalID":"{08190333-AF6D-49AD-8A71-DC594EBE3FB8}","Name":"013173341","PlanID":"{7608E33F-3C3A-468C-A1CF-8BF396C55755}","PlanNumber":"NEP2352","PIN":null,"PID":13173341,"Designation1":"Lot 14","Designation2":"Block 8","Designation3":null,"ParcelStatus":"ACTIVE","RegionalDistrict":"0019","ParcelClass":"SUBDIVISION","SourceParcelID":null,"GeometrySource":"ICF","IsRemainder":"NO","ParcelStartDate":null,"PositionalError":0.2625631,"LegalDescription":"LOT 14 BLOCK 8 TOWNSHIP 7A KOOTENAY DISTRICT PLAN 2352","CaptureMethod":"UNKNOWN","OwnerType":"PRIVATE","Compiled":1,"CreatedDate":"2021-01-18T23:34:56.000Z","ModifiedDate":"2025-04-14T18:14:58.000Z","StatedArea":null,"ErrorReportedBy":"LSA","Municipality":"0082","OBJECTID":49052,"created_user":"SDE","created_date":"2024-11-12T16:15:31.000Z","last_edited_user":"SDE","last_edited_date":"2026-03-25T16:06:10.000Z","Shape__Area":725.87254741,"Shape__Length":109.92044304398875,"CommonName":null,"SourceGlobalID":"{A87614CD-0B89-4539-BD2D-947E73BB9013}","Comments":null,"UpdateStatus":"AUTO","UpdateSource":"PMBC"}},{"type":"Feature","geometry":{"type":"Polygon","coordinates":[[[-117.590548,49.080666],[-117.590397,49.080351],[-117.590666,49.080301],[-117.590768,49.08053],[-117.590548,49.080666]]]},"properties":{"GlobalID":"{6F649AFB-70A8-49A0-871E-33FC527E3ED3}","Name":"012061719","PlanID":"{7608E33F-3C3A-468C-A1CF-8BF396C55755}","PlanNumber":"NEP2352","PIN":null,"PID":12061719,"Designation1":"Lot 1","Designation2":"Block 3","Designation3":null,"ParcelStatus":"ACTIVE","RegionalDistrict":"0019","ParcelClass":"SUBDIVISION","SourceParcelID":null,"GeometrySource":"ICF","IsRemainder":"NO","ParcelStartDate":null,"PositionalError":1.7649359,"LegalDescription":"LOT 1 BLOCK 3 TOWNSHIP 7A KOOTENAY DISTRICT PLAN 2352","CaptureMethod":"UNKNOWN","OwnerType":"PRIVATE","Compiled":1,"CreatedDate":"2016-09-20T23:24:06.000Z","ModifiedDate":"2021-10-01T20:10:52.000Z","StatedArea":null,"ErrorReportedBy":"LSA","Municipality":"0082","OBJECTID":49053,"created_user":"SDE","created_date":"2024-11-12T16:15:31.000Z","last_edited_user":"SDE","last_edited_date":"2026-03-25T16:06:10.000Z","Shape__Area":637.9064424,"Shape__Length":105.93136032406967,"CommonName":null,"SourceGlobalID":"{148722E1-7CE2-4878-B357-15981D941128}","Comments":null,"UpdateStatus":"AUTO","UpdateSource":"PMBC"}},{"type":"Feature","geometry":{"type":"Polygon","coordinates":[[[-118.603563,49.118328],[-118.603406,49.118382],[-118.603348,49.118312],[-118.603176,49.118103],[-118.602967,49.117847],[-118.602845,49.117699],[-118.604894,49.117851],[-118.60465,49.117939],[-118.603563,49.118328]]]},"properties":{"GlobalID":"{B739DAC9-70B3-418C-8558-76885D29E6CD}","Name":"Statutory RoW","PlanID":"{F93FE5F0-A3E3-4E1A-819F-A727D9E617E2}","PlanNumber":"KAP37526","PIN":13438550,"PID":18069134,"Designation1":"PART 2701","Designation2":"","Designation3":"","ParcelStatus":"ACTIVE","RegionalDistrict":"0019","ParcelClass":"INTEREST","SourceParcelID":null,"GeometrySource":"ICF","IsRemainder":"NO","ParcelStartDate":null,"PositionalError":13.34947183,"LegalDescription":"THAT PART OF DISTRICT LOT 2701 SIMILKAMEEN DIVISION YALE DISTRICT LYING WITHIN THE BOUNDARIES OF DISTRICT LOT 2875 SURVEYED AS DENVER MINERAL CLAIM SHOWN ON PLAN 37526","CaptureMethod":"UNKNOWN","OwnerType":"CROWN PROVINCIAL","Compiled":1,"CreatedDate":"2016-09-20T23:24:06.000Z","ModifiedDate":"2021-10-01T22:26:58.000Z","StatedArea":null,"ErrorReportedBy":"DATACOMPILATION","Municipality":"0163","OBJECTID":49054,"created_user":"SDE","created_date":"2024-11-12T16:15:31.000Z","last_edited_user":"SDE","last_edited_date":"2026-03-25T16:06:10.000Z","Shape__Area":5350.48339352,"Shape__Length":360.38408467267277,"CommonName":null,"SourceGlobalID":"{7A121A44-0C2B-4429-BAF1-97F0D77F3A41}","Comments":null,"UpdateStatus":"AUTO","UpdateSource":"PMBC"}},{"type":"Feature","geometry":{"type":"Polygon","coordinates":[[[-118.651446,49.113336],[-118.651325,49.113128],[-118.654956,49.112626],[-118.654697,49.113392],[-118.653219,49.113595],[-118.651446,49.113336]]]},"properties":{"GlobalID":"{BE525EB7-1D68-4328-9044-D349E13150DC}","Name":"Statutory RoW","PlanID":"{F93FE5F0-A3E3-4E1A-819F-A727D9E617E2}","PlanNumber":"KAP37526","PIN":13438550,"PID":18069177,"Designation1":"PART 824S","Designation2":"","Designation3":"","ParcelStatus":"ACTIVE","RegionalDistrict":"0019","ParcelClass":"INTEREST","SourceParcelID":null,"GeometrySource":"ICF","IsRemainder":"NO","ParcelStartDate":null,"PositionalError":13.34947183,"LegalDescription":"THAT PART OF THE SURFACE OF DISTRICT LOT 824S SIMILKAMEEN DIVISION YALE DISTRICT SURVEYED AS ORO PLATO MINERAL CLAIM SHOWN ON PLAN 37526","CaptureMethod":"UNKNOWN","OwnerType":"CROWN PROVINCIAL","Compiled":1,"CreatedDate":"2016-09-20T23:24:06.000Z","ModifiedDate":"2021-10-01T22:26:57.000Z","StatedArea":null,"ErrorReportedBy":"DATACOMPILATION","Municipality":"0163","OBJECTID":49055,"created_user":"SDE","created_date":"2024-11-12T16:15:31.000Z","last_edited_user":"SDE","last_edited_date":"2026-03-25T16:06:10.000Z","Shape__Area":16487.58664031,"Shape__Length":625.6001092242425,"CommonName":null,"SourceGlobalID":"{0435B250-D51A-4C34-A820-31AD41BF26E4}","Comments":null,"UpdateStatus":"AUTO","UpdateSource":"PMBC"}},{"type":"Feature","geometry":{"type":"Polygon","coordinates":[[[-118.615165,49.118535],[-118.615848,49.118665],[-118.615904,49.118676],[-118.613252,49.119055],[-118.612615,49.119007],[-118.612911,49.118434],[-118.613147,49.118459],[-118.614081,49.118329],[-118.615165,49.118535]]]},"properties":{"GlobalID":"{4AD9EDDC-8A22-4339-98B3-953990432943}","Name":"Statutory RoW","PlanID":"{F93FE5F0-A3E3-4E1A-819F-A727D9E617E2}","PlanNumber":"KAP37526","PIN":13438550,"PID":18069142,"Designation1":"PART 2701","Designation2":"","Designation3":"","ParcelStatus":"ACTIVE","RegionalDistrict":"0019","ParcelClass":"INTEREST","SourceParcelID":null,"GeometrySource":"ICF","IsRemainder":"NO","ParcelStartDate":null,"PositionalError":13.34947183,"LegalDescription":"THAT PART OF DISTRICT LOT 2701 SIMILKAMEEN DIVISION YALE DISTRICT LYING WITHIN THE BOUNDARIES OF DISTRICT LOT 2629 SURVEYED AS MAY MINERAL CLAIM SHOWN ON PLAN 37526","CaptureMethod":"UNKNOWN","OwnerType":"CROWN PROVINCIAL","Compiled":1,"CreatedDate":"2016-09-20T23:24:06.000Z","ModifiedDate":"2021-10-01T22:26:57.000Z","StatedArea":null,"ErrorReportedBy":"DATACOMPILATION","Municipality":"0163","OBJECTID":49056,"created_user":"SDE","created_date":"2024-11-12T16:15:31.000Z","last_edited_user":"SDE","last_edited_date":"2026-03-25T16:06:10.000Z","Shape__Area":10947.97269747,"Shape__Length":537.7123894429722,"CommonName":null,"SourceGlobalID":"{22F4267A-0D54-4BB4-AE7B-0705C420CB69}","Comments":null,"UpdateStatus":"AUTO","UpdateSource":"PMBC"}},{"type":"Feature","geometry":{"type":"Polygon","coordinates":[[[-118.572134,49.115891],[-118.572805,49.115495],[-118.580773,49.116054],[-118.58081,49.116082],[-118.580986,49.11621],[-118.580319,49.116608],[-118.572324,49.116032],[-118.572315,49.116024],[-118.572198,49.115939],[-118.572134,49.115891]]]},"properties":{"GlobalID":"{CC6E2437-F470-4EF2-88C2-61F85556DCD7}","Name":"Statutory RoW","PlanID":"{F93FE5F0-A3E3-4E1A-819F-A727D9E617E2}","PlanNumber":"KAP37526","PIN":13438550,"PID":18069096,"Designation1":"PART 2701","Designation2":"","Designation3":"","ParcelStatus":"ACTIVE","RegionalDistrict":"0019","ParcelClass":"INTEREST","SourceParcelID":null,"GeometrySource":"ICF","IsRemainder":"NO","ParcelStartDate":null,"PositionalError":13.34947183,"LegalDescription":"THAT PART OF DISTRICT LOT 2701 SIMILKAMEEN DIVISION YALE DISTRICT LYING WITHIN THE BOUNDARIES OF DISTRICT LOT 1850 SURVEYED AS MULLAN MINERAL CLAIM SHOWN ON PLAN 37526","CaptureMethod":"UNKNOWN","OwnerType":"CROWN PROVINCIAL","Compiled":1,"CreatedDate":"2016-09-20T23:24:06.000Z","ModifiedDate":"2021-10-01T22:26:58.000Z","StatedArea":null,"ErrorReportedBy":"DATACOMPILATION","Municipality":"0163","OBJECTID":49057,"created_user":"SDE","created_date":"2024-11-12T16:15:31.000Z","last_edited_user":"SDE","last_edited_date":"2026-03-25T16:06:10.000Z","Shape__Area":38931.57621577,"Shape__Length":1347.7293770456154,"CommonName":null,"SourceGlobalID":"{9B10F685-7AC3-469E-8BF9-889ECC08A697}","Comments":null,"UpdateStatus":"AUTO","UpdateSource":"PMBC"}},{"type":"Feature","geometry":{"type":"Polygon","coordinates":[[[-118.619405,49.117591],[-118.619125,49.118214],[-118.615904,49.118676],[-118.615848,49.118665],[-118.615165,49.118535],[-118.614081,49.118329],[-118.619405,49.117591]]]},"properties":{"GlobalID":"{B38EB4F3-F7E8-4CA0-B8B5-78B754719CE1}","Name":"Statutory RoW","PlanID":"{F93FE5F0-A3E3-4E1A-819F-A727D9E617E2}","PlanNumber":"KAP37526","PIN":13438550,"PID":18069151,"Designation1":"PART 2701","Designation2":"","Designation3":"","ParcelStatus":"ACTIVE","RegionalDistrict":"0019","ParcelClass":"INTEREST","SourceParcelID":null,"GeometrySource":"ICF","IsRemainder":"NO","ParcelStartDate":null,"PositionalError":13.34947183,"LegalDescription":"THAT PART OF DISTRICT LOT 2701 SIMILKAMEEN DIVISION YALE DISTRICT LYING WITHIN THE BOUNDARIES OF DISTRICT LOT 2628 SURVEYED AS LITTLE DALLES MINERAL CLAIM SHOWN ON PLAN 37526","CaptureMethod":"UNKNOWN","OwnerType":"CROWN PROVINCIAL","Compiled":1,"CreatedDate":"2016-09-20T23:24:06.000Z","ModifiedDate":"2021-10-01T22:26:57.000Z","StatedArea":null,"ErrorReportedBy":"DATACOMPILATION","Municipality":"0163","OBJECTID":49058,"created_user":"SDE","created_date":"2024-11-12T16:15:31.000Z","last_edited_user":"SDE","last_edited_date":"2026-03-25T16:06:10.000Z","Shape__Area":20564.61580544,"Shape__Length":848.5425155357327,"CommonName":null,"SourceGlobalID":"{BC534567-FCAC-4201-BBF5-797BF83A45FF}","Comments":null,"UpdateStatus":"AUTO","UpdateSource":"PMBC"}},{"type":"Feature","geometry":{"type":"Polygon","coordinates":[[[-118.666048,49.112861],[-118.666223,49.113467],[-118.659577,49.112659],[-118.659426,49.112011],[-118.666048,49.112861]]]},"properties":{"GlobalID":"{30692BDE-347B-4761-BC21-098D4A58F3E4}","Name":"Statutory RoW","PlanID":"{F93FE5F0-A3E3-4E1A-819F-A727D9E617E2}","PlanNumber":"KAP37526","PIN":13438550,"PID":18069185,"Designation1":"PART 2067","Designation2":"","Designation3":"","ParcelStatus":"ACTIVE","RegionalDistrict":"0019","ParcelClass":"INTEREST","SourceParcelID":null,"GeometrySource":"ICF","IsRemainder":"NO","ParcelStartDate":null,"PositionalError":13.34947183,"LegalDescription":"THAT PART OF THE SURFACE OF DISTRICT LOT 2067 SIMILKAMEEN DIVISION YALE DISTRICT SURVEYED AS TEXAS MINERAL CLAIM SHOWN ON PLAN 37526","CaptureMethod":"UNKNOWN","OwnerType":"CROWN PROVINCIAL","Compiled":1,"CreatedDate":"2016-09-20T23:24:06.000Z","ModifiedDate":"2021-10-01T22:26:57.000Z","StatedArea":null,"ErrorReportedBy":"DATACOMPILATION","Municipality":"0163","OBJECTID":49059,"created_user":"SDE","created_date":"2024-11-12T16:15:31.000Z","last_edited_user":"SDE","last_edited_date":"2026-03-25T16:06:10.000Z","Shape__Area":32682.67750317,"Shape__Length":1127.4435785103035,"CommonName":null,"SourceGlobalID":"{765FE216-50E8-44D8-AF5C-B21D55CE80DC}","Comments":null,"UpdateStatus":"AUTO","UpdateSource":"PMBC"}},{"type":"Feature","geometry":{"type":"Polygon","coordinates":[[[-118.602171,49.118221],[-118.602159,49.118221],[-118.600357,49.118095],[-118.597668,49.117889],[-118.597651,49.117886],[-118.597731,49.117689],[-118.597789,49.117546],[-118.597814,49.117485],[-118.597848,49.117401],[-118.597879,49.117324],[-118.602845,49.117699],[-118.602967,49.117847],[-118.603176,49.118103],[-118.602171,49.118221]]]},"properties":{"GlobalID":"{D47EE488-6AF2-411F-BA8D-0E72398CC3BF}","Name":"Statutory RoW","PlanID":"{F93FE5F0-A3E3-4E1A-819F-A727D9E617E2}","PlanNumber":"KAP37526","PIN":13438550,"PID":18069126,"Designation1":"PART 2701","Designation2":"","Designation3":"","ParcelStatus":"ACTIVE","RegionalDistrict":"0019","ParcelClass":"INTEREST","SourceParcelID":null,"GeometrySource":"ICF","IsRemainder":"NO","ParcelStartDate":null,"PositionalError":13.34947183,"LegalDescription":"THAT PART OF DISTRICT LOT 2701 SIMILKAMEEN DIVISION YALE DISTRICT LYING WITHIN THE BOUNDARIES OF DISTRICT LOT 160S SURVEYED AS CUSTER FRACTIONAL MINERAL CLAIM SHOWN ON PLAN 37526","CaptureMethod":"UNKNOWN","OwnerType":"CROWN PROVINCIAL","Compiled":1,"CreatedDate":"2016-09-20T23:24:06.000Z","ModifiedDate":"2021-10-01T22:26:58.000Z","StatedArea":null,"ErrorReportedBy":"DATACOMPILATION","Municipality":"0163","OBJECTID":49060,"created_user":"SDE","created_date":"2024-11-12T16:15:31.000Z","last_edited_user":"SDE","last_edited_date":"2026-03-25T16:06:10.000Z","Shape__Area":24137.289596295,"Shape__Length":886.9885177662086,"CommonName":null,"SourceGlobalID":"{767E3D5F-71B7-44C8-8A11-11AA2B85F820}","Comments":null,"UpdateStatus":"AUTO","UpdateSource":"PMBC"}},{"type":"Feature","geometry":{"type":"Polygon","coordinates":[[[-118.57167,49.115414],[-118.571891,49.115429],[-118.572134,49.115891],[-118.571949,49.115998],[-118.571872,49.115994],[-118.569757,49.115837],[-118.568435,49.115742],[-118.564578,49.115464],[-118.561574,49.115242],[-118.561284,49.115223],[-118.551717,49.114525],[-118.542159,49.113827],[-118.541766,49.113799],[-118.541768,49.113223],[-118.542159,49.113251],[-118.545247,49.11348],[-118.546438,49.113564],[-118.547227,49.113625],[-118.549287,49.113774],[-118.549575,49.113797],[-118.550569,49.113869],[-118.555505,49.114232],[-118.557887,49.114403],[-118.562314,49.114727],[-118.568919,49.115212],[-118.570844,49.115353],[-118.570995,49.115364],[-118.57167,49.115414]]]},"properties":{"GlobalID":"{D867B737-CF1D-4B2D-BF0B-6D93593D4C35}","Name":"Statutory RoW","PlanID":"{F93FE5F0-A3E3-4E1A-819F-A727D9E617E2}","PlanNumber":"KAP37526","PIN":13438550,"PID":18069029,"Designation1":"PART 2701","Designation2":"","Designation3":"","ParcelStatus":"ACTIVE","RegionalDistrict":"0019","ParcelClass":"INTEREST","SourceParcelID":null,"GeometrySource":"ICF","IsRemainder":"NO","ParcelStartDate":null,"PositionalError":13.34947183,"LegalDescription":"THOSE PARTS OF DISTRICT 2701 SIMILKAMEEN DIVISION YALE DISTRICT SHOWN ON PLAN 37526","CaptureMethod":"UNKNOWN","OwnerType":"CROWN PROVINCIAL","Compiled":1,"CreatedDate":"2016-09-20T23:24:06.000Z","ModifiedDate":"2021-10-01T22:26:58.000Z","StatedArea":null,"ErrorReportedBy":"DATACOMPILATION","Municipality":"0163","OBJECTID":49061,"created_user":"SDE","created_date":"2024-11-12T16:15:31.000Z","last_edited_user":"SDE","last_edited_date":"2026-03-25T16:06:10.000Z","Shape__Area":140113.259197705,"Shape__Length":4565.044354735169,"CommonName":null,"SourceGlobalID":"{95CD5D09-8B26-4502-ABFF-87BD462E1D8C}","Comments":null,"UpdateStatus":"AUTO","UpdateSource":"PMBC"}},{"type":"Feature","geometry":{"type":"Polygon","coordinates":[[[-118.588969,49.11663],[-118.589113,49.117302],[-118.584422,49.11698],[-118.584446,49.116916],[-118.583517,49.116856],[-118.583532,49.11684],[-118.584018,49.116314],[-118.58478,49.116371],[-118.584803,49.116321],[-118.586549,49.116446],[-118.588248,49.116568],[-118.588681,49.116605],[-118.588969,49.11663]]]},"properties":{"GlobalID":"{E63D93C0-5FF5-4382-A695-203938BBA7FB}","Name":"Statutory RoW","PlanID":"{F93FE5F0-A3E3-4E1A-819F-A727D9E617E2}","PlanNumber":"KAP37526","PIN":13438550,"PID":18069100,"Designation1":"PART 2701","Designation2":"","Designation3":"","ParcelStatus":"ACTIVE","RegionalDistrict":"0019","ParcelClass":"INTEREST","SourceParcelID":null,"GeometrySource":"ICF","IsRemainder":"NO","ParcelStartDate":null,"PositionalError":13.34947183,"LegalDescription":"THAT PART OF DISTRICT LOT 2701 SIMILKAMEEN DIVISION YALE DISTRICT LYING WITHIN THE BOUNDARIES OF DISTRICT LOT 993S SURVEYED AS DIAMOND JOE FRACTIONAL MINERAL CLAIM SHOWN ON PLAN 37526","CaptureMethod":"UNKNOWN","OwnerType":"CROWN PROVINCIAL","Compiled":1,"CreatedDate":"2016-09-20T23:24:06.000Z","ModifiedDate":"2021-10-01T22:26:58.000Z","StatedArea":null,"ErrorReportedBy":"DATACOMPILATION","Municipality":"0163","OBJECTID":49062,"created_user":"SDE","created_date":"2024-11-12T16:15:31.000Z","last_edited_user":"SDE","last_edited_date":"2026-03-25T16:06:10.000Z","Shape__Area":28303.84207461,"Shape__Length":933.3603021135655,"CommonName":null,"SourceGlobalID":"{5380AAF8-88AE-42A6-91EB-72746A633D15}","Comments":null,"UpdateStatus":"AUTO","UpdateSource":"PMBC"}},{"type":"Feature","geometry":{"type":"MultiPolygon","coordinates":[[[[-118.591585,49.116856],[-118.591591,49.116843],[-118.5916,49.116821],[-118.593995,49.116997],[-118.593988,49.117043],[-118.594476,49.117077],[-118.594494,49.117107],[-118.594705,49.11745],[-118.59542,49.117725],[-118.594159,49.117634],[-118.593891,49.117615],[-118.593887,49.117638],[-118.593883,49.117661],[-118.591337,49.117466],[-118.591585,49.116856]]],[[[-118.597814,49.117485],[-118.597789,49.117546],[-118.597731,49.117689],[-118.597651,49.117886],[-118.596425,49.117798],[-118.595033,49.117264],[-118.594963,49.117149],[-118.59494,49.117111],[-118.597879,49.117324],[-118.597848,49.117401],[-118.597814,49.117485]]]]},"properties":{"GlobalID":"{C3D2E171-47A2-43EA-BC79-55919782C56B}","Name":"Statutory RoW","PlanID":"{F93FE5F0-A3E3-4E1A-819F-A727D9E617E2}","PlanNumber":"KAP37526","PIN":13438550,"PID":18069118,"Designation1":"PART 2701","Designation2":"","Designation3":"","ParcelStatus":"ACTIVE","RegionalDistrict":"0019","ParcelClass":"INTEREST","SourceParcelID":null,"GeometrySource":"ICF","IsRemainder":"NO","ParcelStartDate":null,"PositionalError":13.34947183,"LegalDescription":"THAT PART OF DISTRICT LOT 2701 SIMILKAMEEN DIVISION YALE DISTRICT LYING WITHIN THE BOUNDARIES OF DISTRICT LOT 3548 SURVEYED AS TIGER MINERAL CLAIM SHOWN ON PLAN 37526","CaptureMethod":"UNKNOWN","OwnerType":"CROWN PROVINCIAL","Compiled":1,"CreatedDate":"2016-09-20T23:24:06.000Z","ModifiedDate":"2021-10-01T22:26:57.000Z","StatedArea":null,"ErrorReportedBy":"DATACOMPILATION","Municipality":"0163","OBJECTID":49063,"created_user":"SDE","created_date":"2024-11-12T16:15:31.000Z","last_edited_user":"SDE","last_edited_date":"2026-03-25T16:06:10.000Z","Shape__Area":27769.46362178,"Shape__Length":1207.3728237420476,"CommonName":null,"SourceGlobalID":"{55067914-F7CF-48CB-A203-56E7AAED074C}","Comments":null,"UpdateStatus":"AUTO","UpdateSource":"PMBC"}},{"type":"Feature","geometry":{"type":"Polygon","coordinates":[[[-118.498414,49.033183],[-118.500785,49.029507],[-118.500809,49.029467],[-118.500826,49.029423],[-118.500836,49.029377],[-118.500839,49.029331],[-118.500835,49.029284],[-118.500825,49.029238],[-118.500808,49.029188],[-118.503815,49.029171],[-118.501637,49.031722],[-118.501294,49.031965],[-118.501267,49.031967],[-118.501241,49.031973],[-118.501216,49.031983],[-118.501192,49.031997],[-118.501171,49.032014],[-118.501153,49.032034],[-118.501138,49.032056],[-118.501089,49.032245],[-118.500822,49.032519],[-118.500435,49.032725],[-118.499634,49.032916],[-118.498482,49.033187],[-118.498414,49.033183]]]},"properties":{"GlobalID":"{B7618C88-C6F4-46BD-929D-857CCFE3D6AB}","Name":"010929266","PlanID":"{A818D445-C97B-4796-B77E-93ADAA66A8AD}","PlanNumber":"KAP2899","PIN":3659541,"PID":10929266,"Designation1":"Lot 73","Designation2":null,"Designation3":null,"ParcelStatus":"ACTIVE","RegionalDistrict":"0019","ParcelClass":"SUBDIVISION","SourceParcelID":null,"GeometrySource":"MODIFIED-ICF","IsRemainder":"NO","ParcelStartDate":null,"PositionalError":2.17727925,"LegalDescription":"LOT 73 DISTRICT LOT 538 SIMILKAMEEN DIVISION YALE DISTRICT PLAN 2899","CaptureMethod":"UNKNOWN","OwnerType":"PRIVATE","Compiled":1,"CreatedDate":"2016-09-20T23:24:06.000Z","ModifiedDate":"2021-10-05T16:05:06.000Z","StatedArea":null,"ErrorReportedBy":"PMBC-OPERATIONS","Municipality":"0163","OBJECTID":49064,"created_user":"SDE","created_date":"2024-11-12T16:15:31.000Z","last_edited_user":"SDE","last_edited_date":"2026-03-25T16:06:10.000Z","Shape__Area":72728.408610645,"Shape__Length":1328.9897089307879,"CommonName":null,"SourceGlobalID":"{8F21C516-0A8C-40B0-8167-7B0C4972A0A1}","Comments":null,"UpdateStatus":"AUTO","UpdateSource":"PMBC"}},{"type":"Feature","geometry":{"type":"Polygon","coordinates":[[[-118.193147,49.066017],[-118.193403,49.065616],[-118.194883,49.064804],[-118.195179,49.065202],[-118.193182,49.066003],[-118.193147,49.066017]]]},"properties":{"GlobalID":"{D5545AC9-2DCE-4929-BAA0-AD20A84B2828}","Name":"011287853","PlanID":"{8FE66B0A-7CA1-4886-9E85-1DB00C4EDC78}","PlanNumber":"KAP2041","PIN":3616071,"PID":11287853,"Designation1":"Lot 2","Designation2":null,"Designation3":null,"ParcelStatus":"ACTIVE","RegionalDistrict":"0019","ParcelClass":"SUBDIVISION","SourceParcelID":null,"GeometrySource":"ICF","IsRemainder":"NO","ParcelStartDate":null,"PositionalError":8.70497719,"LegalDescription":"LOT 2 DISTRICT LOT 2885 SIMILKAMEEN DIVISION YALE DISTRICT PLAN 2041","CaptureMethod":"UNKNOWN","OwnerType":"PRIVATE","Compiled":1,"CreatedDate":"2016-09-20T23:24:06.000Z","ModifiedDate":"2021-10-14T18:12:37.000Z","StatedArea":null,"ErrorReportedBy":"LSA","Municipality":"0163","OBJECTID":49065,"created_user":"SDE","created_date":"2024-11-12T16:15:31.000Z","last_edited_user":"SDE","last_edited_date":"2026-03-25T16:06:10.000Z","Shape__Area":5824.28302678,"Shape__Length":412.325870443466,"CommonName":null,"SourceGlobalID":"{2B9C6659-C729-4EA6-B8C6-734FA4DFE2D5}","Comments":null,"UpdateStatus":"AUTO","UpdateSource":"PMBC"}},{"type":"Feature","geometry":{"type":"Polygon","coordinates":[[[-118.196444,49.064657],[-118.196782,49.064705],[-118.197329,49.064702],[-118.197829,49.067072],[-118.196329,49.067084],[-118.196665,49.06514],[-118.196302,49.064751],[-118.195179,49.065202],[-118.194883,49.064804],[-118.195091,49.064699],[-118.196113,49.064722],[-118.196444,49.064657]]]},"properties":{"GlobalID":"{7162C165-1E34-4349-90F6-0B5F5BAC4B6C}","Name":"024412546","PlanID":"{71B4144C-3B65-46F3-B931-2D78D3891DC6}","PlanNumber":"KAP63850","PIN":null,"PID":24412546,"Designation1":"Lot 1","Designation2":null,"Designation3":null,"ParcelStatus":"ACTIVE","RegionalDistrict":"0019","ParcelClass":"SUBDIVISION","SourceParcelID":null,"GeometrySource":"ICF","IsRemainder":"NO","ParcelStartDate":"1999-02-23T08:00:00.000Z","PositionalError":9.23984334,"LegalDescription":"LOT 1 DISTRICT LOT 2885 SIMILKAMEEN DIVISION YALE DISTRICT PLAN KAP63850","CaptureMethod":"UNKNOWN","OwnerType":"PRIVATE","Compiled":1,"CreatedDate":"2016-09-20T23:24:06.000Z","ModifiedDate":"2021-10-14T18:12:37.000Z","StatedArea":null,"ErrorReportedBy":"LSA","Municipality":"0163","OBJECTID":49066,"created_user":"SDE","created_date":"2024-11-12T16:15:31.000Z","last_edited_user":"SDE","last_edited_date":"2026-03-25T16:06:10.000Z","Shape__Area":24158.18181675,"Shape__Length":973.4183715095537,"CommonName":null,"SourceGlobalID":"{5AA94064-CD06-4287-9150-1BD6854BF576}","Comments":null,"UpdateStatus":"AUTO","UpdateSource":"PMBC"}},{"type":"Feature","geometry":{"type":"Polygon","coordinates":[[[-118.470021,49.135359],[-118.470049,49.135288],[-118.470082,49.135218],[-118.47012,49.135151],[-118.470163,49.135086],[-118.470813,49.134224],[-118.47085,49.134173],[-118.470881,49.134118],[-118.470907,49.13406],[-118.470926,49.134],[-118.470939,49.133938],[-118.470945,49.133875],[-118.470944,49.133812],[-118.470937,49.133749],[-118.470924,49.133687],[-118.470904,49.133627],[-118.470878,49.133569],[-118.470846,49.133515],[-118.470563,49.133072],[-118.470522,49.133005],[-118.470486,49.132934],[-118.470456,49.13286],[-118.470432,49.132784],[-118.470415,49.132706],[-118.470404,49.132628],[-118.4704,49.132548],[-118.470402,49.132469],[-118.47041,49.13239],[-118.470425,49.132312],[-118.470447,49.132235],[-118.470475,49.13216],[-118.470508,49.132088],[-118.470548,49.132019],[-118.470777,49.131642],[-118.470808,49.131585],[-118.470834,49.131526],[-118.470855,49.131465],[-118.470871,49.131402],[-118.470881,49.131338],[-118.470885,49.131273],[-118.470884,49.131209],[-118.470877,49.131144],[-118.471408,49.131291],[-118.471502,49.131314],[-118.471647,49.131356],[-118.47171,49.131373],[-118.471696,49.131439],[-118.471679,49.131504],[-118.471368,49.13221],[-118.471344,49.132271],[-118.471327,49.132334],[-118.471316,49.132398],[-118.471312,49.132463],[-118.471315,49.132528],[-118.471324,49.132592],[-118.471341,49.132656],[-118.471364,49.132717],[-118.471393,49.132775],[-118.471778,49.133515],[-118.471799,49.133589],[-118.471814,49.133665],[-118.471823,49.133741],[-118.471826,49.133818],[-118.471823,49.133895],[-118.471814,49.133972],[-118.471798,49.134047],[-118.471777,49.134121],[-118.471749,49.134193],[-118.471716,49.134263],[-118.471678,49.13433],[-118.471634,49.134393],[-118.471586,49.134453],[-118.470935,49.135319],[-118.470894,49.135377],[-118.470856,49.135438],[-118.470822,49.135501],[-118.470792,49.135565],[-118.47075,49.135552],[-118.470422,49.135464],[-118.470021,49.135359]]]},"properties":{"GlobalID":"{9E4C92C1-953F-4364-B12E-5BACC826024C}","Name":"014792842","PlanID":"{F0DB3B36-A152-4C45-B118-275779D2B1D7}","PlanNumber":"NO_PLAN","PIN":36302291,"PID":14792842,"Designation1":"652","Designation2":"","Designation3":"","ParcelStatus":"ACTIVE","RegionalDistrict":"0019","ParcelClass":"SUBDIVISION","SourceParcelID":null,"GeometrySource":"ICF","IsRemainder":"NO","ParcelStartDate":null,"PositionalError":13.34456374,"LegalDescription":"BLOCK A ON PLAN CG2307 OF THE SURFACE OF DISTRICT LOT 652 SIMILKAMEEN DIVISION YALE DISTRICT KNOWN AS THE \"SEATTLE\" MINERAL CLAIM","CaptureMethod":"UNKNOWN","OwnerType":"CROWN PROVINCIAL","Compiled":1,"CreatedDate":"2016-09-20T23:24:06.000Z","ModifiedDate":"2025-03-26T22:41:18.000Z","StatedArea":null,"ErrorReportedBy":"DATACOMPILATION","Municipality":"0163","OBJECTID":49067,"created_user":"SDE","created_date":"2024-11-12T16:15:31.000Z","last_edited_user":"SDE","last_edited_date":"2026-03-25T16:06:10.000Z","Shape__Area":31211.560811135,"Shape__Length":1113.1036581658414,"CommonName":null,"SourceGlobalID":"{0F20545C-428C-432B-A5F6-7D7394AC2722}","Comments":null,"UpdateStatus":"AUTO","UpdateSource":"PMBC"}},{"type":"Feature","geometry":{"type":"MultiPolygon","coordinates":[[[[-118.465593,49.126103],[-118.465558,49.126004],[-118.465898,49.126088],[-118.465904,49.126259],[-118.465912,49.126494],[-118.46589,49.126478],[-118.465865,49.126465],[-118.465849,49.126454],[-118.465831,49.126446],[-118.465796,49.126426],[-118.465759,49.126408],[-118.465686,49.126376],[-118.465593,49.126103]]],[[[-118.468944,49.128182],[-118.469175,49.128178],[-118.469306,49.128254],[-118.469344,49.12828],[-118.469383,49.128304],[-118.469434,49.128338],[-118.469508,49.128388],[-118.469518,49.128393],[-118.469526,49.128399],[-118.469533,49.128407],[-118.469608,49.128457],[-118.469624,49.128471],[-118.469642,49.128483],[-118.469659,49.128497],[-118.469678,49.12851],[-118.469694,49.128525],[-118.469713,49.128537],[-118.46974,49.128561],[-118.46977,49.128582],[-118.469797,49.128607],[-118.469827,49.128628],[-118.469838,49.128639],[-118.46985,49.128647],[-118.469856,49.128655],[-118.469863,49.128661],[-118.469871,49.128666],[-118.469892,49.128686],[-118.469915,49.128704],[-118.469921,49.128712],[-118.469928,49.128718],[-118.469936,49.128724],[-118.469947,49.128735],[-118.469959,49.128745],[-118.469972,49.128754],[-118.470096,49.128872],[-118.470231,49.129002],[-118.470363,49.129134],[-118.470493,49.129269],[-118.470626,49.129414],[-118.470678,49.129476],[-118.470731,49.129536],[-118.470815,49.129635],[-118.470876,49.129712],[-118.470954,49.129811],[-118.47105,49.129937],[-118.471131,49.130047],[-118.471211,49.13016],[-118.47113,49.130288],[-118.471072,49.130379],[-118.471155,49.130402],[-118.471212,49.130417],[-118.471413,49.130473],[-118.471463,49.130552],[-118.471509,49.130635],[-118.471546,49.130694],[-118.471579,49.130755],[-118.471608,49.130818],[-118.471633,49.130868],[-118.471652,49.130921],[-118.471678,49.131006],[-118.471698,49.131094],[-118.47171,49.131182],[-118.471715,49.131272],[-118.47171,49.131373],[-118.471647,49.131356],[-118.471502,49.131314],[-118.471408,49.131291],[-118.470877,49.131144],[-118.470874,49.131133],[-118.470861,49.131078],[-118.470843,49.131025],[-118.470822,49.130974],[-118.470796,49.130925],[-118.470726,49.1308],[-118.470653,49.130677],[-118.4706,49.130592],[-118.470544,49.130509],[-118.470514,49.130459],[-118.470311,49.130173],[-118.470265,49.130115],[-118.470222,49.130055],[-118.47006,49.129859],[-118.469894,49.129666],[-118.469812,49.129575],[-118.469728,49.129486],[-118.469621,49.129376],[-118.469577,49.129331],[-118.469531,49.129288],[-118.469487,49.129244],[-118.469442,49.1292],[-118.469276,49.129048],[-118.469257,49.129032],[-118.46924,49.129013],[-118.469113,49.12891],[-118.468984,49.128811],[-118.468973,49.128802],[-118.468961,49.128794],[-118.468948,49.128788],[-118.468881,49.128739],[-118.468871,49.128731],[-118.46886,49.128725],[-118.468849,49.12872],[-118.468816,49.128697],[-118.468806,49.128689],[-118.468796,49.128682],[-118.468784,49.128678],[-118.468751,49.128655],[-118.468723,49.128639],[-118.468696,49.128621],[-118.468688,49.128618],[-118.46868,49.128614],[-118.468673,49.128609],[-118.468663,49.128601],[-118.468652,49.128595],[-118.468641,49.12859],[-118.46863,49.128582],[-118.468619,49.128576],[-118.468606,49.128571],[-118.468585,49.128556],[-118.468561,49.128544],[-118.468549,49.128536],[-118.468537,49.12853],[-118.468524,49.128525],[-118.468514,49.128517],[-118.468502,49.128511],[-118.46849,49.128506],[-118.468483,49.128501],[-118.468475,49.128497],[-118.468467,49.128495],[-118.46845,49.128484],[-118.468431,49.128476],[-118.468425,49.128472],[-118.468419,49.128468],[-118.468413,49.128466],[-118.468406,49.128464],[-118.468395,49.128456],[-118.468383,49.128449],[-118.46837,49.128445],[-118.468334,49.128426],[-118.468297,49.128411],[-118.468292,49.128407],[-118.468286,49.128403],[-118.468279,49.128401],[-118.468273,49.128399],[-118.468267,49.128395],[-118.468261,49.128392],[-118.468254,49.128389],[-118.468248,49.128388],[-118.468242,49.128384],[-118.468236,49.12838],[-118.46823,49.128378],[-118.468223,49.128376],[-118.468217,49.128372],[-118.468211,49.128369],[-118.468205,49.128367],[-118.468198,49.128365],[-118.468149,49.128342],[-118.46814,49.128337],[-118.468131,49.128333],[-118.468122,49.128331],[-118.467836,49.128209],[-118.467817,49.128201],[-118.468944,49.128182]]],[[[-118.469871,49.119229],[-118.470041,49.119225],[-118.470058,49.119343],[-118.470084,49.119526],[-118.470205,49.12035],[-118.470214,49.120434],[-118.470217,49.120518],[-118.470215,49.120603],[-118.470207,49.120686],[-118.470193,49.120769],[-118.470173,49.120851],[-118.470148,49.120932],[-118.470117,49.12101],[-118.47008,49.121093],[-118.470038,49.121174],[-118.469989,49.121251],[-118.469957,49.121301],[-118.469922,49.121349],[-118.469884,49.121396],[-118.469837,49.121452],[-118.469787,49.121506],[-118.469735,49.12156],[-118.469678,49.121609],[-118.469621,49.121663],[-118.46959,49.121686],[-118.46956,49.121712],[-118.469426,49.121806],[-118.469289,49.121895],[-118.469252,49.121915],[-118.469217,49.121937],[-118.468986,49.122052],[-118.468944,49.122067],[-118.468904,49.122086],[-118.468862,49.122101],[-118.468822,49.12212],[-118.468694,49.122166],[-118.46865,49.122178],[-118.468606,49.122193],[-118.468562,49.122205],[-118.468519,49.122219],[-118.468344,49.122263],[-118.466893,49.121899],[-118.46693,49.121891],[-118.467075,49.121876],[-118.467698,49.121815],[-118.467801,49.121804],[-118.467851,49.121794],[-118.467901,49.121788],[-118.467934,49.121781],[-118.467967,49.121777],[-118.468192,49.121724],[-118.468223,49.121713],[-118.468255,49.121705],[-118.468285,49.121693],[-118.468316,49.121685],[-118.468522,49.121605],[-118.46855,49.121591],[-118.46858,49.121579],[-118.468606,49.121564],[-118.468633,49.121552],[-118.468789,49.12146],[-118.468837,49.12143],[-118.468883,49.121396],[-118.468929,49.121363],[-118.468973,49.121327],[-118.469024,49.121283],[-118.469072,49.121235],[-118.469124,49.121181],[-118.469173,49.121123],[-118.469218,49.121062],[-118.469259,49.120999],[-118.469297,49.120931],[-118.469329,49.120859],[-118.469354,49.120786],[-118.469374,49.12071],[-118.469386,49.120633],[-118.469392,49.120556],[-118.469392,49.120478],[-118.469384,49.1204],[-118.469261,49.119553],[-118.469236,49.119378],[-118.469217,49.119248],[-118.469288,49.119247],[-118.469469,49.11924],[-118.469871,49.119229]]],[[[-118.472797,49.141861],[-118.472719,49.141652],[-118.473005,49.141785],[-118.473099,49.14183],[-118.473192,49.14188],[-118.473267,49.141921],[-118.473341,49.141964],[-118.473413,49.14201],[-118.473483,49.142054],[-118.473551,49.142101],[-118.473617,49.142151],[-118.473681,49.142199],[-118.473742,49.14225],[-118.4738,49.142304],[-118.473851,49.14235],[-118.473899,49.142399],[-118.473977,49.142482],[-118.47405,49.142568],[-118.474119,49.142658],[-118.474182,49.142752],[-118.474241,49.142849],[-118.474289,49.142942],[-118.47433,49.143038],[-118.474366,49.143136],[-118.474395,49.143237],[-118.474417,49.143339],[-118.474432,49.143442],[-118.474441,49.143546],[-118.474443,49.14365],[-118.474437,49.143741],[-118.474426,49.143832],[-118.47441,49.143921],[-118.474397,49.143979],[-118.474382,49.144036],[-118.474366,49.144093],[-118.474347,49.14415],[-118.474328,49.144207],[-118.474309,49.144265],[-118.474286,49.144322],[-118.474263,49.144375],[-118.474239,49.144432],[-118.474212,49.144486],[-118.474185,49.144543],[-118.474155,49.144597],[-118.474124,49.14465],[-118.474103,49.144688],[-118.474094,49.144707],[-118.474059,49.144761],[-118.474025,49.144814],[-118.473989,49.144867],[-118.473951,49.144917],[-118.473913,49.14497],[-118.473872,49.14502],[-118.473831,49.145073],[-118.473789,49.145123],[-118.473743,49.145173],[-118.473699,49.145222],[-118.473651,49.145272],[-118.473604,49.145321],[-118.473554,49.145371],[-118.473504,49.145417],[-118.473453,49.145466],[-118.473399,49.145512],[-118.473346,49.145558],[-118.473287,49.145607],[-118.473234,49.145646],[-118.473176,49.145691],[-118.473117,49.145733],[-118.473058,49.145775],[-118.472263,49.146336],[-118.472234,49.146355],[-118.472192,49.146389],[-118.472185,49.146392],[-118.472179,49.146395],[-118.472173,49.146399],[-118.472167,49.146405],[-118.472094,49.146472],[-118.472022,49.146542],[-118.472013,49.146555],[-118.472002,49.146566],[-118.47199,49.146576],[-118.471967,49.146603],[-118.471954,49.146623],[-118.471938,49.146641],[-118.471917,49.146669],[-118.471898,49.146698],[-118.471874,49.146734],[-118.471853,49.146771],[-118.471848,49.146778],[-118.471844,49.146786],[-118.471841,49.146794],[-118.471605,49.147236],[-118.471572,49.147297],[-118.471529,49.147365],[-118.471483,49.147431],[-118.471456,49.147467],[-118.471427,49.147501],[-118.471399,49.14729],[-118.471263,49.146325],[-118.471332,49.146247],[-118.471404,49.146172],[-118.471413,49.146167],[-118.47142,49.146161],[-118.471427,49.146153],[-118.471433,49.146145],[-118.471442,49.14614],[-118.47145,49.146134],[-118.471457,49.146127],[-118.471464,49.146119],[-118.471475,49.146111],[-118.471486,49.146102],[-118.471495,49.146092],[-118.471522,49.146071],[-118.471551,49.146046],[-118.471569,49.146034],[-118.471586,49.146019],[-118.471607,49.146006],[-118.471626,49.145989],[-118.471643,49.145978],[-118.47166,49.145966],[-118.472104,49.145653],[-118.472455,49.145409],[-118.472507,49.145371],[-118.472555,49.145337],[-118.472604,49.145298],[-118.472652,49.14526],[-118.472698,49.145222],[-118.472743,49.145184],[-118.472787,49.145146],[-118.472831,49.145104],[-118.472875,49.145066],[-118.472915,49.145024],[-118.472955,49.144982],[-118.472995,49.144944],[-118.473033,49.144902],[-118.473071,49.144856],[-118.473106,49.144814],[-118.473142,49.144772],[-118.473174,49.14473],[-118.473209,49.144684],[-118.473239,49.144642],[-118.47327,49.144597],[-118.473298,49.144551],[-118.473327,49.144505],[-118.473354,49.144459],[-118.47338,49.144413],[-118.473405,49.144368],[-118.473428,49.144322],[-118.473449,49.144276],[-118.47347,49.14423],[-118.473491,49.144181],[-118.473508,49.144135],[-118.473525,49.144085],[-118.473543,49.14404],[-118.473558,49.14399],[-118.473571,49.143944],[-118.473583,49.143895],[-118.473601,49.143812],[-118.473612,49.143728],[-118.473618,49.143643],[-118.473617,49.143558],[-118.47361,49.143473],[-118.473597,49.14339],[-118.473578,49.143307],[-118.473553,49.143226],[-118.473522,49.143147],[-118.473484,49.143067],[-118.473441,49.14299],[-118.473393,49.142916],[-118.47334,49.142846],[-118.473299,49.142792],[-118.473255,49.142741],[-118.473207,49.142693],[-118.47317,49.142655],[-118.473131,49.14262],[-118.473092,49.142583],[-118.47305,49.142548],[-118.472963,49.142479],[-118.472871,49.142418],[-118.472774,49.142353],[-118.472706,49.142315],[-118.472637,49.142281],[-118.472558,49.142241],[-118.472478,49.142204],[-118.472015,49.141987],[-118.472797,49.141861]]]]},"properties":{"GlobalID":"{206E407A-31A8-4839-8DEB-340BC90B75FD}","Name":"015438082","PlanID":"{F0DB3B36-A152-4C45-B118-275779D2B1D7}","PlanNumber":"NO_PLAN","PIN":null,"PID":15438082,"Designation1":"PART 605S","Designation2":"","Designation3":"","ParcelStatus":"ACTIVE","RegionalDistrict":"0019","ParcelClass":"SUBDIVISION","SourceParcelID":null,"GeometrySource":"MODIFIED-ICF","IsRemainder":"NO","ParcelStartDate":null,"PositionalError":13.34456374,"LegalDescription":"THAT PART OF DISTRICT LOT 605S SIMILKAMEEN DIVISION YALE DISTRICT AS SHOWN ON PLAN 531","CaptureMethod":"UNKNOWN","OwnerType":"CROWN PROVINCIAL","Compiled":1,"CreatedDate":"2016-09-20T23:24:06.000Z","ModifiedDate":"2025-03-26T22:41:18.000Z","StatedArea":null,"ErrorReportedBy":"DATACOMPILATION","Municipality":"0163","OBJECTID":49068,"created_user":"SDE","created_date":"2024-11-12T16:15:31.000Z","last_edited_user":"SDE","last_edited_date":"2026-03-25T16:06:10.000Z","Shape__Area":88547.887467795,"Shape__Length":3666.242216543243,"CommonName":null,"SourceGlobalID":"{F8EB967A-06EF-4189-BD4E-EA18260AE5FB}","Comments":null,"UpdateStatus":"AUTO","UpdateSource":"PMBC"}},{"type":"Feature","geometry":{"type":"Polygon","coordinates":[[[-119.148649,49.076136],[-119.148647,49.076002],[-119.148644,49.075857],[-119.148496,49.075861],[-119.148484,49.075166],[-119.153721,49.07516],[-119.153731,49.07599],[-119.153731,49.076126],[-119.148649,49.076136]]]},"properties":{"GlobalID":"{84F6CE32-6473-4321-B808-1F9C4118E25F}","Name":"002882035","PlanID":"{B5526796-F3BB-4930-9A8F-95858EEC2E36}","PlanNumber":"KAP35306","PIN":null,"PID":2882035,"Designation1":"Lot 1","Designation2":null,"Designation3":null,"ParcelStatus":"ACTIVE","RegionalDistrict":"0019","ParcelClass":"SUBDIVISION","SourceParcelID":null,"GeometrySource":"ICF","IsRemainder":"NO","ParcelStartDate":null,"PositionalError":5.42491601,"LegalDescription":"LOT 1 DISTRICT LOT 1306S SIMILKAMEEN DIVISION YALE DISTRICT PLAN 35306","CaptureMethod":"UNKNOWN","OwnerType":"PRIVATE","Compiled":1,"CreatedDate":"2016-09-20T23:24:06.000Z","ModifiedDate":"2021-10-25T22:36:00.000Z","StatedArea":null,"ErrorReportedBy":"PMBC-OPERATIONS","Municipality":"0163","OBJECTID":49069,"created_user":"SDE","created_date":"2024-11-12T16:15:31.000Z","last_edited_user":"SDE","last_edited_date":"2026-03-25T16:06:10.000Z","Shape__Area":40836.1172308,"Shape__Length":980.4488034882695,"CommonName":null,"SourceGlobalID":"{02F0CB9B-3285-4A72-80DE-292E9DB7C776}","Comments":null,"UpdateStatus":"AUTO","UpdateSource":"PMBC"}},{"type":"Feature","geometry":{"type":"Polygon","coordinates":[[[-119.14845,49.073803],[-119.153696,49.073793],[-119.153721,49.07516],[-119.148484,49.075166],[-119.14845,49.073803]]]},"properties":{"GlobalID":"{A656BF43-A48B-4670-A3E0-2DDB7492E080}","Name":"002882043","PlanID":"{B5526796-F3BB-4930-9A8F-95858EEC2E36}","PlanNumber":"KAP35306","PIN":null,"PID":2882043,"Designation1":"Lot 2","Designation2":null,"Designation3":null,"ParcelStatus":"ACTIVE","RegionalDistrict":"0019","ParcelClass":"SUBDIVISION","SourceParcelID":null,"GeometrySource":"ICF","IsRemainder":"NO","ParcelStartDate":null,"PositionalError":8.60569426,"LegalDescription":"LOT 2 DISTRICT LOT 1306S SIMILKAMEEN DIVISION YALE DISTRICT PLAN 35306","CaptureMethod":"UNKNOWN","OwnerType":"PRIVATE","Compiled":1,"CreatedDate":"2016-09-20T23:24:06.000Z","ModifiedDate":"2021-10-25T22:36:00.000Z","StatedArea":null,"ErrorReportedBy":"PMBC-OPERATIONS","Municipality":"0163","OBJECTID":49070,"created_user":"SDE","created_date":"2024-11-12T16:15:31.000Z","last_edited_user":"SDE","last_edited_date":"2026-03-25T16:06:10.000Z","Shape__Area":58127.12505775,"Shape__Length":1069.4170011676345,"CommonName":null,"SourceGlobalID":"{E0041644-3631-4294-A285-9403776F5284}","Comments":null,"UpdateStatus":"AUTO","UpdateSource":"PMBC"}},{"type":"Feature","geometry":{"type":"Polygon","coordinates":[[[-119.159233,49.076288],[-119.159254,49.079725],[-119.157234,49.079734],[-119.157207,49.076294],[-119.159233,49.076288]]]},"properties":{"GlobalID":"{5345DFDD-CEC9-4469-BD99-F4FA30082480}","Name":"002934906","PlanID":"{906BDCD1-DA03-4179-BA9E-93ED18813275}","PlanNumber":"KAP34802","PIN":null,"PID":2934906,"Designation1":"Lot 1","Designation2":null,"Designation3":null,"ParcelStatus":"ACTIVE","RegionalDistrict":"0019","ParcelClass":"SUBDIVISION","SourceParcelID":null,"GeometrySource":"ICF","IsRemainder":"NO","ParcelStartDate":null,"PositionalError":4.66252054,"LegalDescription":"LOT 1 DISTRICT LOT 245S SIMILKAMEEN DIVISION YALE DISTRICT PLAN 34802","CaptureMethod":"UNKNOWN","OwnerType":"PRIVATE","Compiled":1,"CreatedDate":"2016-09-20T23:24:06.000Z","ModifiedDate":"2021-10-25T22:36:00.000Z","StatedArea":null,"ErrorReportedBy":"PMBC-OPERATIONS","Municipality":"0163","OBJECTID":49071,"created_user":"SDE","created_date":"2024-11-12T16:15:31.000Z","last_edited_user":"SDE","last_edited_date":"2026-03-25T16:06:10.000Z","Shape__Area":56506.05112959,"Shape__Length":1060.301512204311,"CommonName":null,"SourceGlobalID":"{897965AF-F241-4AA9-9937-24F231DD41AD}","Comments":null,"UpdateStatus":"AUTO","UpdateSource":"PMBC"}},{"type":"Feature","geometry":{"type":"Polygon","coordinates":[[[-119.148534,49.077709],[-119.148668,49.077777],[-119.148697,49.077791],[-119.148722,49.077809],[-119.148745,49.077831],[-119.148764,49.077856],[-119.148779,49.077884],[-119.14879,49.077914],[-119.148796,49.077945],[-119.148774,49.07799],[-119.148746,49.078032],[-119.148713,49.07807],[-119.148674,49.078103],[-119.148632,49.07813],[-119.148586,49.078151],[-119.148537,49.078166],[-119.148487,49.078174],[-119.148437,49.078174],[-119.148387,49.078168],[-119.148338,49.078155],[-119.148292,49.078135],[-119.148248,49.078109],[-119.148249,49.076139],[-119.148492,49.076137],[-119.148491,49.077652],[-119.148493,49.077662],[-119.148497,49.077672],[-119.148502,49.077682],[-119.148508,49.07769],[-119.148516,49.077698],[-119.148524,49.077704],[-119.148534,49.077709]]]},"properties":{"GlobalID":"{F31EBD84-6E90-436B-BF78-B337AB9F442C}","Name":"Road","PlanID":"{BD646780-7E01-4ECF-B27C-E8F00DB24E11}","PlanNumber":"EPP45667","PIN":null,"PID":null,"Designation1":null,"Designation2":null,"Designation3":null,"ParcelStatus":"ACTIVE","RegionalDistrict":"0019","ParcelClass":"ROAD","SourceParcelID":null,"GeometrySource":"MODIFIED-ICIS","IsRemainder":"NO","ParcelStartDate":null,"PositionalError":5.42634299,"LegalDescription":null,"CaptureMethod":"UNKNOWN","OwnerType":"CROWN PROVINCIAL","Compiled":1,"CreatedDate":"2016-09-20T23:24:06.000Z","ModifiedDate":"2021-10-25T22:36:00.000Z","StatedArea":null,"ErrorReportedBy":"PMBC-OPERATIONS","Municipality":"0163","OBJECTID":49072,"created_user":"SDE","created_date":"2024-11-12T16:15:31.000Z","last_edited_user":"SDE","last_edited_date":"2026-03-25T16:06:10.000Z","Shape__Area":4813.646895185,"Shape__Length":502.0306064562059,"CommonName":null,"SourceGlobalID":"{17B0C6B7-75F3-4D49-A9E7-FD1826331FA9}","Comments":null,"UpdateStatus":"AUTO","UpdateSource":"PMBC"}},{"type":"Feature","geometry":{"type":"Polygon","coordinates":[[[-119.153732,49.076307],[-119.155689,49.076299],[-119.155719,49.079739],[-119.153751,49.079746],[-119.15375,49.079576],[-119.15375,49.079534],[-119.153751,49.077942],[-119.153732,49.076307]]]},"properties":{"GlobalID":"{F87BC337-6937-43FC-8349-C5DBED21C410}","Name":"002934931","PlanID":"{906BDCD1-DA03-4179-BA9E-93ED18813275}","PlanNumber":"KAP34802","PIN":null,"PID":2934931,"Designation1":"Lot 3","Designation2":null,"Designation3":null,"ParcelStatus":"ACTIVE","RegionalDistrict":"0019","ParcelClass":"SUBDIVISION","SourceParcelID":null,"GeometrySource":"ICF","IsRemainder":"NO","ParcelStartDate":null,"PositionalError":3.78718457,"LegalDescription":"LOT 3 DISTRICT LOT 245S SIMILKAMEEN DIVISION YALE DISTRICT PLAN 34802","CaptureMethod":"UNKNOWN","OwnerType":"PRIVATE","Compiled":1,"CreatedDate":"2016-09-20T23:24:06.000Z","ModifiedDate":"2021-10-25T22:36:00.000Z","StatedArea":null,"ErrorReportedBy":"PMBC-OPERATIONS","Municipality":"0163","OBJECTID":49073,"created_user":"SDE","created_date":"2024-11-12T16:15:31.000Z","last_edited_user":"SDE","last_edited_date":"2026-03-25T16:06:10.000Z","Shape__Area":54694.35783273,"Shape__Length":1051.6013003648393,"CommonName":null,"SourceGlobalID":"{18DCB72E-4BB9-4C20-B609-83301FF6CDED}","Comments":null,"UpdateStatus":"AUTO","UpdateSource":"PMBC"}},{"type":"Feature","geometry":{"type":"Polygon","coordinates":[[[-119.157207,49.076294],[-119.157234,49.079734],[-119.155719,49.079739],[-119.155689,49.076299],[-119.157207,49.076294]]]},"properties":{"GlobalID":"{20AD4806-A6FC-45BE-806A-4EDC87329FB7}","Name":"002934914","PlanID":"{906BDCD1-DA03-4179-BA9E-93ED18813275}","PlanNumber":"KAP34802","PIN":null,"PID":2934914,"Designation1":"Lot 2","Designation2":null,"Designation3":null,"ParcelStatus":"ACTIVE","RegionalDistrict":"0019","ParcelClass":"SUBDIVISION","SourceParcelID":null,"GeometrySource":"ICF","IsRemainder":"NO","ParcelStartDate":null,"PositionalError":4.07176697,"LegalDescription":"LOT 2 DISTRICT LOT 245S SIMILKAMEEN DIVISION YALE DISTRICT PLAN 34802","CaptureMethod":"UNKNOWN","OwnerType":"PRIVATE","Compiled":1,"CreatedDate":"2016-09-20T23:24:06.000Z","ModifiedDate":"2021-10-25T22:36:00.000Z","StatedArea":null,"ErrorReportedBy":"PMBC-OPERATIONS","Municipality":"0163","OBJECTID":49074,"created_user":"SDE","created_date":"2024-11-12T16:15:31.000Z","last_edited_user":"SDE","last_edited_date":"2026-03-25T16:06:10.000Z","Shape__Area":42376.39153491,"Shape__Length":986.5468428517997,"CommonName":null,"SourceGlobalID":"{C5D36095-7352-44D4-B52B-079C58C7315F}","Comments":null,"UpdateStatus":"AUTO","UpdateSource":"PMBC"}},{"type":"Feature","geometry":{"type":"Polygon","coordinates":[[[-119.153732,49.076307],[-119.153751,49.077942],[-119.148796,49.077945],[-119.14879,49.077914],[-119.148779,49.077884],[-119.148764,49.077856],[-119.148745,49.077831],[-119.148722,49.077809],[-119.148697,49.077791],[-119.148668,49.077777],[-119.148534,49.077709],[-119.148524,49.077704],[-119.148516,49.077698],[-119.148508,49.07769],[-119.148502,49.077682],[-119.148497,49.077672],[-119.148493,49.077662],[-119.148491,49.077652],[-119.148492,49.076137],[-119.148649,49.076136],[-119.153731,49.076126],[-119.153732,49.076307]]]},"properties":{"GlobalID":"{2661F087-D77F-4475-91B5-947B6A3EE187}","Name":"029468442","PlanID":"{BD646780-7E01-4ECF-B27C-E8F00DB24E11}","PlanNumber":"EPP45667","PIN":null,"PID":29468442,"Designation1":"Lot A","Designation2":null,"Designation3":null,"ParcelStatus":"ACTIVE","RegionalDistrict":"0019","ParcelClass":"SUBDIVISION","SourceParcelID":null,"GeometrySource":"ICIS CADASTRE","IsRemainder":"NO","ParcelStartDate":"2015-01-13T08:00:00.000Z","PositionalError":5.42634299,"LegalDescription":"LOT A DISTRICT LOT 1306S SIMILKAMEEN DIVISION YALE DISTRICT PLAN EPP45667","CaptureMethod":"UNKNOWN","OwnerType":"PRIVATE","Compiled":1,"CreatedDate":"2016-09-20T23:24:06.000Z","ModifiedDate":"2021-10-25T22:36:00.000Z","StatedArea":null,"ErrorReportedBy":"PMBC-OPERATIONS","Municipality":"0163","OBJECTID":49075,"created_user":"SDE","created_date":"2024-11-12T16:15:31.000Z","last_edited_user":"SDE","last_edited_date":"2026-03-25T16:06:10.000Z","Shape__Area":76823.67293451,"Shape__Length":1156.2373503382005,"CommonName":null,"SourceGlobalID":"{B5577367-6CBF-4120-890B-952E6FFD800D}","Comments":null,"UpdateStatus":"AUTO","UpdateSource":"PMBC"}},{"type":"Feature","geometry":{"type":"MultiPolygon","coordinates":[[[[-118.248814,49.101775],[-118.249431,49.101775],[-118.249548,49.101986],[-118.24886,49.101986],[-118.248752,49.101986],[-118.248735,49.101948],[-118.24872,49.101906],[-118.248708,49.101863],[-118.248701,49.101819],[-118.248697,49.101775],[-118.248814,49.101775]]],[[[-118.249724,49.101774],[-118.251639,49.101774],[-118.251722,49.101823],[-118.251349,49.101985],[-118.249841,49.101985],[-118.249724,49.101774]]]]},"properties":{"GlobalID":"{7576F335-C155-459B-9E37-C9223EC00BF7}","Name":"001899686","PlanID":"{AE4A86F6-184F-46B2-A44D-1FB007777B14}","PlanNumber":"KAP15989","PIN":null,"PID":1899686,"Designation1":"Lot B","Designation2":null,"Designation3":null,"ParcelStatus":"ACTIVE","RegionalDistrict":"0019","ParcelClass":"SUBDIVISION","SourceParcelID":null,"GeometrySource":"ICF","IsRemainder":"NO","ParcelStartDate":null,"PositionalError":0.21614782,"LegalDescription":"LOT B DISTRICT LOT 768S SIMILKAMEEN DIVISION YALE DISTRICT PLAN 15989","CaptureMethod":"UNKNOWN","OwnerType":"PRIVATE","Compiled":0,"CreatedDate":"2021-10-28T19:03:31.000Z","ModifiedDate":"2025-02-20T23:34:40.000Z","StatedArea":null,"ErrorReportedBy":"PMBC-OPERATIONS","Municipality":"0163","OBJECTID":49076,"created_user":"SDE","created_date":"2024-11-12T16:15:31.000Z","last_edited_user":"SDE","last_edited_date":"2026-03-25T16:06:10.000Z","Shape__Area":4380.95595623,"Shape__Length":476.1787597579047,"CommonName":null,"SourceGlobalID":"{FE7A530D-6F27-4BC5-ADCD-C5F605ABAE6F}","Comments":null,"UpdateStatus":"AUTO","UpdateSource":"PMBC"}},{"type":"Feature","geometry":{"type":"MultiPolygon","coordinates":[[[[-118.248825,49.101564],[-118.249373,49.101564],[-118.24938,49.101682],[-118.249431,49.101775],[-118.248814,49.101775],[-118.248697,49.101775],[-118.248694,49.101704],[-118.248695,49.101634],[-118.248699,49.101564],[-118.24874,49.101564],[-118.248791,49.101564],[-118.248825,49.101564]]],[[[-118.249649,49.101563],[-118.251279,49.101562],[-118.251639,49.101774],[-118.249724,49.101774],[-118.249653,49.101647],[-118.249649,49.101563]]]]},"properties":{"GlobalID":"{4711A6B0-84A3-4356-9E65-8E61BD673B57}","Name":"008736022","PlanID":"{AE4A86F6-184F-46B2-A44D-1FB007777B14}","PlanNumber":"KAP15989","PIN":null,"PID":8736022,"Designation1":"Lot A","Designation2":null,"Designation3":null,"ParcelStatus":"ACTIVE","RegionalDistrict":"0019","ParcelClass":"SUBDIVISION","SourceParcelID":null,"GeometrySource":"ICF","IsRemainder":"NO","ParcelStartDate":null,"PositionalError":0.00659117,"LegalDescription":"LOT A DISTRICT LOT 768\"S\" SIMILKAMEEN DIVISION YALE DISTRICT PLAN 15989","CaptureMethod":"UNKNOWN","OwnerType":"PRIVATE","Compiled":0,"CreatedDate":"2021-10-28T19:03:12.000Z","ModifiedDate":"2025-02-20T23:34:40.000Z","StatedArea":null,"ErrorReportedBy":"PMBC-OPERATIONS","Municipality":"0163","OBJECTID":49077,"created_user":"SDE","created_date":"2024-11-12T16:15:31.000Z","last_edited_user":"SDE","last_edited_date":"2026-03-25T16:06:10.000Z","Shape__Area":4249.67077395,"Shape__Length":468.8083057461841,"CommonName":null,"SourceGlobalID":"{1E48E74D-5571-439C-B944-589930A4B5C6}","Comments":null,"UpdateStatus":"AUTO","UpdateSource":"PMBC"}},{"type":"Feature","geometry":{"type":"MultiPolygon","coordinates":[[[[-118.248834,49.101287],[-118.249427,49.101259],[-118.249362,49.101312],[-118.249373,49.101564],[-118.248825,49.101564],[-118.248791,49.101564],[-118.24874,49.101564],[-118.248699,49.101564],[-118.248707,49.101483],[-118.24872,49.101403],[-118.24874,49.101325],[-118.248748,49.101301],[-118.248752,49.10129],[-118.248767,49.10129],[-118.248834,49.101287]]],[[[-118.249656,49.101248],[-118.251262,49.101172],[-118.251279,49.101562],[-118.249649,49.101563],[-118.249541,49.101563],[-118.24953,49.101349],[-118.249656,49.101248]]]]},"properties":{"GlobalID":"{AE95E7C4-3C70-48F3-B344-16C97C74BEFA}","Name":"003809391","PlanID":"{907EE5D9-19E1-4773-8883-710DFDFB8C34}","PlanNumber":"KAP10342","PIN":null,"PID":3809391,"Designation1":"Lot A","Designation2":null,"Designation3":null,"ParcelStatus":"ACTIVE","RegionalDistrict":"0019","ParcelClass":"SUBDIVISION","SourceParcelID":null,"GeometrySource":"ICF","IsRemainder":"NO","ParcelStartDate":null,"PositionalError":0.1934432,"LegalDescription":"LOT A DISTRICT LOT 768S SIMILKAMEEN DIVISION YALE DISTRICT PLAN 10342","CaptureMethod":"UNKNOWN","OwnerType":"PRIVATE","Compiled":0,"CreatedDate":"2021-10-28T19:02:50.000Z","ModifiedDate":"2025-02-20T23:34:40.000Z","StatedArea":null,"ErrorReportedBy":"PMBC-OPERATIONS","Municipality":"0163","OBJECTID":49078,"created_user":"SDE","created_date":"2024-11-12T16:15:31.000Z","last_edited_user":"SDE","last_edited_date":"2026-03-25T16:06:10.000Z","Shape__Area":6409.704392915,"Shape__Length":491.1788047632895,"CommonName":null,"SourceGlobalID":"{06B51485-53D3-4904-9D1C-6631A145E76C}","Comments":null,"UpdateStatus":"AUTO","UpdateSource":"PMBC"}},{"type":"Feature","geometry":{"type":"MultiPolygon","coordinates":[[[[-118.252761,49.104392],[-118.254249,49.103276],[-118.254764,49.103592],[-118.253459,49.104588],[-118.253429,49.104615],[-118.252761,49.104392]]],[[[-118.251563,49.105999],[-118.251487,49.105984],[-118.251445,49.105984],[-118.251373,49.10598],[-118.251338,49.105984],[-118.251299,49.105966],[-118.251257,49.105953],[-118.251214,49.105946],[-118.25117,49.105946],[-118.251134,49.105954],[-118.251097,49.105957],[-118.25106,49.105954],[-118.250991,49.105931],[-118.250964,49.105916],[-118.25094,49.105897],[-118.250919,49.105874],[-118.250889,49.105849],[-118.25086,49.105823],[-118.252635,49.104488],[-118.253305,49.104706],[-118.253274,49.104733],[-118.251687,49.105946],[-118.251651,49.105973],[-118.251598,49.106011],[-118.251563,49.105999]]]]},"properties":{"GlobalID":"{63EF600E-9650-4DA4-B1FC-B4A63CF364C1}","Name":"009774360","PlanID":"{DF6642BF-A783-468B-ADC4-D0A6C1782F72}","PlanNumber":"KAP8884","PIN":null,"PID":9774360,"Designation1":"Lot 4","Designation2":null,"Designation3":null,"ParcelStatus":"ACTIVE","RegionalDistrict":"0019","ParcelClass":"SUBDIVISION","SourceParcelID":null,"GeometrySource":"ICF","IsRemainder":"NO","ParcelStartDate":null,"PositionalError":16.59351012,"LegalDescription":"LOT 4 DISTRICT LOT 768S SIMILKAMEEN DIVISION YALE DISTRICT PLAN 8884","CaptureMethod":"UNKNOWN","OwnerType":"PRIVATE","Compiled":1,"CreatedDate":"2016-09-20T23:24:06.000Z","ModifiedDate":"2025-02-20T23:34:40.000Z","StatedArea":null,"ErrorReportedBy":"PMBC-OPERATIONS","Municipality":"0163","OBJECTID":49079,"created_user":"SDE","created_date":"2024-11-12T16:15:31.000Z","last_edited_user":"SDE","last_edited_date":"2026-03-25T16:06:10.000Z","Shape__Area":18857.22178215,"Shape__Length":925.6948699291069,"CommonName":null,"SourceGlobalID":"{BA3F3425-87D6-4F65-92FF-38C356A6002E}","Comments":null,"UpdateStatus":"AUTO","UpdateSource":"PMBC"}},{"type":"Feature","geometry":{"type":"MultiPolygon","coordinates":[[[[-118.249956,49.10507],[-118.250833,49.104424],[-118.251155,49.104485],[-118.251563,49.104584],[-118.250495,49.105393],[-118.250461,49.105378],[-118.250366,49.105328],[-118.25023,49.105271],[-118.250194,49.105259],[-118.250091,49.10521],[-118.250075,49.105194],[-118.250056,49.105181],[-118.250036,49.105172],[-118.250011,49.105149],[-118.249975,49.105103],[-118.249956,49.10507]]],[[[-118.251056,49.104213],[-118.253179,49.10265],[-118.253717,49.102966],[-118.251695,49.104489],[-118.251149,49.104348],[-118.250957,49.10431],[-118.251067,49.104222],[-118.251056,49.104213]]]]},"properties":{"GlobalID":"{F34D67D8-1D14-4749-B438-FD9AA2E7C588}","Name":"005433576","PlanID":"{DF6642BF-A783-468B-ADC4-D0A6C1782F72}","PlanNumber":"KAP8884","PIN":null,"PID":5433576,"Designation1":"Lot 6","Designation2":null,"Designation3":null,"ParcelStatus":"ACTIVE","RegionalDistrict":"0019","ParcelClass":"SUBDIVISION","SourceParcelID":null,"GeometrySource":"ICF","IsRemainder":"NO","ParcelStartDate":null,"PositionalError":16.8056361,"LegalDescription":"LOT 6 DISTRICT LOT 768S SIMILKAMEEN DIVISION YALE DISTRICT PLAN 8884","CaptureMethod":"UNKNOWN","OwnerType":"PRIVATE","Compiled":1,"CreatedDate":"2016-09-20T23:24:06.000Z","ModifiedDate":"2025-02-20T23:34:40.000Z","StatedArea":null,"ErrorReportedBy":"PMBC-OPERATIONS","Municipality":"0163","OBJECTID":49080,"created_user":"SDE","created_date":"2024-11-12T16:15:31.000Z","last_edited_user":"SDE","last_edited_date":"2026-03-25T16:06:10.000Z","Shape__Area":18486.49284344,"Shape__Length":907.7537449690957,"CommonName":null,"SourceGlobalID":"{0CFD4CCB-5754-40D9-A23D-947286B37F82}","Comments":null,"UpdateStatus":"AUTO","UpdateSource":"PMBC"}},{"type":"Feature","geometry":{"type":"MultiPolygon","coordinates":[[[[-118.2563,49.104477],[-118.256309,49.104483],[-118.255829,49.104848],[-118.255811,49.104836],[-118.25551,49.104878],[-118.256147,49.104388],[-118.2563,49.104477]]],[[[-118.254663,49.105626],[-118.254624,49.105631],[-118.254587,49.105641],[-118.254546,49.105647],[-118.254505,49.105649],[-118.255227,49.105095],[-118.255545,49.105068],[-118.254821,49.105621],[-118.254663,49.105626]]]]},"properties":{"GlobalID":"{E0616CCF-7848-4AD4-BC96-8EBE900BD3C3}","Name":"008713600","PlanID":"{F5E2BA62-4B33-4161-94F8-963619907337}","PlanNumber":"KAP16077","PIN":null,"PID":8713600,"Designation1":"Lot F","Designation2":null,"Designation3":null,"ParcelStatus":"ACTIVE","RegionalDistrict":"0019","ParcelClass":"SUBDIVISION","SourceParcelID":null,"GeometrySource":"MODIFIED-ICF","IsRemainder":"NO","ParcelStartDate":null,"PositionalError":16.36713681,"LegalDescription":"LOT F DISTRICT LOT 768S SIMILKAMEEN DIVISION YALE DISTRICT PLAN 16077","CaptureMethod":"UNKNOWN","OwnerType":"PRIVATE","Compiled":1,"CreatedDate":"2016-09-20T23:24:06.000Z","ModifiedDate":"2021-10-28T19:17:34.000Z","StatedArea":null,"ErrorReportedBy":"PMBC-OPERATIONS","Municipality":"0163","OBJECTID":49081,"created_user":"SDE","created_date":"2024-11-12T16:15:31.000Z","last_edited_user":"SDE","last_edited_date":"2026-03-25T16:06:10.000Z","Shape__Area":2219.39892638,"Shape__Length":374.3656498170346,"CommonName":null,"SourceGlobalID":"{DBF857F8-AC73-42B9-9DA1-AB0EA6DF1773}","Comments":null,"UpdateStatus":"AUTO","UpdateSource":"PMBC"}},{"type":"Feature","geometry":{"type":"MultiPolygon","coordinates":[[[[-118.250016,49.103333],[-118.250035,49.103299],[-118.250811,49.102848],[-118.252166,49.102057],[-118.252349,49.102164],[-118.250278,49.103566],[-118.250016,49.103333]]],[[[-118.249528,49.103889],[-118.249444,49.103805],[-118.249411,49.103756],[-118.249384,49.103733],[-118.249803,49.103484],[-118.250028,49.103783],[-118.249648,49.104039],[-118.249639,49.104016],[-118.249609,49.10397],[-118.24959,49.10395],[-118.249563,49.103931],[-118.249528,49.103889]]]]},"properties":{"GlobalID":"{87BB8DF1-9862-4FD9-BFDB-4D563F734403}","Name":"002938201","PlanID":"{A5CB2577-6A67-4809-8AFA-971F61DCBA7E}","PlanNumber":"KAP34550","PIN":null,"PID":2938201,"Designation1":"Lot B","Designation2":null,"Designation3":null,"ParcelStatus":"ACTIVE","RegionalDistrict":"0019","ParcelClass":"SUBDIVISION","SourceParcelID":null,"GeometrySource":"ICF","IsRemainder":"NO","ParcelStartDate":null,"PositionalError":17.45118762,"LegalDescription":"LOT B DISTRICT LOT 786S SIMILKAMEEN DIVISION YALE DISTRICT PLAN 34550 (SEE PLAN AS TO LIMITED ACCESS)","CaptureMethod":"UNKNOWN","OwnerType":"PRIVATE","Compiled":1,"CreatedDate":"2016-09-20T23:24:06.000Z","ModifiedDate":"2021-10-28T19:17:34.000Z","StatedArea":null,"ErrorReportedBy":"PMBC-OPERATIONS","Municipality":"0163","OBJECTID":49082,"created_user":"SDE","created_date":"2024-11-12T16:15:31.000Z","last_edited_user":"SDE","last_edited_date":"2026-03-25T16:06:10.000Z","Shape__Area":6981.570451885,"Shape__Length":636.6774493223024,"CommonName":null,"SourceGlobalID":"{AE4C6ACE-FE0C-4298-B224-06785DD075FC}","Comments":null,"UpdateStatus":"AUTO","UpdateSource":"PMBC"}},{"type":"Feature","geometry":{"type":"MultiPolygon","coordinates":[[[[-118.250129,49.103001],[-118.250641,49.102727],[-118.250811,49.102848],[-118.250035,49.103299],[-118.250156,49.103077],[-118.250129,49.103001]]],[[[-118.249151,49.103532],[-118.249805,49.10318],[-118.249708,49.103356],[-118.249803,49.103484],[-118.249384,49.103733],[-118.249361,49.103716],[-118.249337,49.103702],[-118.249314,49.103683],[-118.249292,49.103661],[-118.249274,49.103647],[-118.249257,49.10363],[-118.249243,49.103611],[-118.249222,49.103588],[-118.249151,49.103532]]]]},"properties":{"GlobalID":"{19094122-2ADC-4530-ABB0-1172F04F8345}","Name":"003740277","PlanID":"{0116135C-31AD-49FF-8244-EC17A0F535AB}","PlanNumber":"KAP31370","PIN":null,"PID":3740277,"Designation1":"Lot A","Designation2":null,"Designation3":null,"ParcelStatus":"ACTIVE","RegionalDistrict":"0019","ParcelClass":"SUBDIVISION","SourceParcelID":null,"GeometrySource":"ICF","IsRemainder":"NO","ParcelStartDate":null,"PositionalError":15.00078006,"LegalDescription":"LOT A DISTRICT LOT 768S SIMILKAMEEN DIVISION YALE DISTRICT PLAN 31370 (SEE PLAN AS TO LIMITED ACCESS)","CaptureMethod":"UNKNOWN","OwnerType":"PRIVATE","Compiled":1,"CreatedDate":"2016-09-20T23:24:06.000Z","ModifiedDate":"2025-02-20T23:34:40.000Z","StatedArea":null,"ErrorReportedBy":"PMBC-OPERATIONS","Municipality":"0163","OBJECTID":49083,"created_user":"SDE","created_date":"2024-11-12T16:15:31.000Z","last_edited_user":"SDE","last_edited_date":"2026-03-25T16:06:10.000Z","Shape__Area":2411.41340099,"Shape__Length":344.89769728402115,"CommonName":null,"SourceGlobalID":"{22ED8B40-3B20-42F3-B752-0B23E37A6E29}","Comments":null,"UpdateStatus":"AUTO","UpdateSource":"PMBC"}},{"type":"Feature","geometry":{"type":"MultiPolygon","coordinates":[[[[-118.254209,49.105656],[-118.254093,49.105695],[-118.253987,49.10573],[-118.254754,49.105134],[-118.255227,49.105095],[-118.254505,49.105649],[-118.254415,49.105651],[-118.254337,49.105645],[-118.254294,49.105645],[-118.254251,49.105649],[-118.254209,49.105656]]],[[[-118.254932,49.105007],[-118.25592,49.104255],[-118.256147,49.104388],[-118.25551,49.104878],[-118.255401,49.104973],[-118.254932,49.105007]]]]},"properties":{"GlobalID":"{D3FFD253-515A-459B-BEC3-58B06384BD90}","Name":"009585869","PlanID":"{6D69F0FB-279D-4A33-B5D7-13189CA7DF2E}","PlanNumber":"KAP10245","PIN":null,"PID":9585869,"Designation1":"Lot A","Designation2":null,"Designation3":null,"ParcelStatus":"ACTIVE","RegionalDistrict":"0019","ParcelClass":"SUBDIVISION","SourceParcelID":null,"GeometrySource":"ICF","IsRemainder":"NO","ParcelStartDate":null,"PositionalError":16.36716663,"LegalDescription":"LOT A DISTRICT LOT 768S SIMILKAMEEN DIVISION YALE DISTRICT PLAN 10245","CaptureMethod":"UNKNOWN","OwnerType":"PRIVATE","Compiled":1,"CreatedDate":"2016-09-20T23:24:06.000Z","ModifiedDate":"2021-10-28T19:17:34.000Z","StatedArea":null,"ErrorReportedBy":"PMBC-OPERATIONS","Municipality":"0163","OBJECTID":49084,"created_user":"SDE","created_date":"2024-11-12T16:15:31.000Z","last_edited_user":"SDE","last_edited_date":"2026-03-25T16:06:10.000Z","Shape__Area":4063.27844748,"Shape__Length":494.4810911383323,"CommonName":null,"SourceGlobalID":"{E563A16B-43B9-420A-8B40-E1D789D1EEF1}","Comments":null,"UpdateStatus":"AUTO","UpdateSource":"PMBC"}},{"type":"Feature","geometry":{"type":"MultiPolygon","coordinates":[[[[-118.255756,49.105103],[-118.25507,49.105609],[-118.254957,49.105607],[-118.254861,49.105614],[-118.254837,49.105618],[-118.254821,49.105621],[-118.255545,49.105068],[-118.255672,49.105057],[-118.255756,49.105103]]],[[[-118.255981,49.104938],[-118.255829,49.104848],[-118.256309,49.104483],[-118.256471,49.104577],[-118.255981,49.104938]]]]},"properties":{"GlobalID":"{9EC65549-9698-4065-8430-475B40975D0A}","Name":"008713588","PlanID":"{F5E2BA62-4B33-4161-94F8-963619907337}","PlanNumber":"KAP16077","PIN":null,"PID":8713588,"Designation1":"Lot E","Designation2":null,"Designation3":null,"ParcelStatus":"ACTIVE","RegionalDistrict":"0019","ParcelClass":"SUBDIVISION","SourceParcelID":null,"GeometrySource":"MODIFIED-ICF","IsRemainder":"NO","ParcelStartDate":null,"PositionalError":16.36725803,"LegalDescription":"LOT E DISTRICT LOT 768S SIMILKAMEEN DIVISION YALE DISTRICT PLAN 16077","CaptureMethod":"UNKNOWN","OwnerType":"PRIVATE","Compiled":1,"CreatedDate":"2016-09-20T23:24:06.000Z","ModifiedDate":"2021-10-28T19:17:34.000Z","StatedArea":null,"ErrorReportedBy":"PMBC-OPERATIONS","Municipality":"0163","OBJECTID":49085,"created_user":"SDE","created_date":"2024-11-12T16:15:31.000Z","last_edited_user":"SDE","last_edited_date":"2026-03-25T16:06:10.000Z","Shape__Area":1898.79170129,"Shape__Length":330.25006280229337,"CommonName":null,"SourceGlobalID":"{C0D97A9F-6697-4577-B395-EB07AC6E5E9A}","Comments":null,"UpdateStatus":"AUTO","UpdateSource":"PMBC"}},{"type":"Feature","geometry":{"type":"MultiPolygon","coordinates":[[[[-118.250495,49.105393],[-118.251563,49.104584],[-118.25199,49.104687],[-118.252615,49.104481],[-118.252635,49.104488],[-118.25086,49.105823],[-118.250755,49.105736],[-118.250741,49.105722],[-118.250729,49.105706],[-118.250719,49.105689],[-118.25069,49.105587],[-118.250688,49.105564],[-118.250673,49.105511],[-118.250668,49.105501],[-118.250662,49.105491],[-118.250655,49.105482],[-118.250646,49.105475],[-118.250636,49.105469],[-118.250608,49.105457],[-118.25058,49.105442],[-118.250555,49.105423],[-118.250495,49.105393]]],[[[-118.251695,49.104489],[-118.253717,49.102966],[-118.254249,49.103276],[-118.252761,49.104392],[-118.252612,49.104343],[-118.251973,49.104562],[-118.251695,49.104489]]]]},"properties":{"GlobalID":"{7E87C1EE-8A2C-40D8-9233-21C9BB9C93DA}","Name":"009774378","PlanID":"{DF6642BF-A783-468B-ADC4-D0A6C1782F72}","PlanNumber":"KAP8884","PIN":null,"PID":9774378,"Designation1":"Lot 5","Designation2":null,"Designation3":null,"ParcelStatus":"ACTIVE","RegionalDistrict":"0019","ParcelClass":"SUBDIVISION","SourceParcelID":null,"GeometrySource":"ICF","IsRemainder":"NO","ParcelStartDate":null,"PositionalError":16.69047059,"LegalDescription":"LOT 5 DISTRICT LOT 768S SIMILKAMEEN DIVISION YALE DISTRICT PLAN 8884","CaptureMethod":"UNKNOWN","OwnerType":"PRIVATE","Compiled":1,"CreatedDate":"2016-09-20T23:24:06.000Z","ModifiedDate":"2025-02-20T23:34:40.000Z","StatedArea":null,"ErrorReportedBy":"PMBC-OPERATIONS","Municipality":"0163","OBJECTID":49086,"created_user":"SDE","created_date":"2024-11-12T16:15:31.000Z","last_edited_user":"SDE","last_edited_date":"2026-03-25T16:06:10.000Z","Shape__Area":17789.011677485,"Shape__Length":987.4813599542432,"CommonName":null,"SourceGlobalID":"{0CB7B1E8-A0D9-4335-9913-1C1CC474F1CE}","Comments":null,"UpdateStatus":"AUTO","UpdateSource":"PMBC"}},{"type":"Feature","geometry":{"type":"Polygon","coordinates":[[[-118.250314,49.10405],[-118.250556,49.104235],[-118.2502,49.104496],[-118.249765,49.104683],[-118.249758,49.104666],[-118.249749,49.104649],[-118.249745,49.104632],[-118.249739,49.104615],[-118.24973,49.104599],[-118.249702,49.104557],[-118.249675,49.104508],[-118.249656,49.104485],[-118.249631,49.104426],[-118.249969,49.104302],[-118.250314,49.10405]]]},"properties":{"GlobalID":"{2552D277-7F23-4267-A015-B255907F546C}","Name":"007546785","PlanID":"{98511157-9E79-4738-846C-28202150F7CE}","PlanNumber":"KAP20975","PIN":null,"PID":7546785,"Designation1":"Lot 1","Designation2":null,"Designation3":null,"ParcelStatus":"ACTIVE","RegionalDistrict":"0019","ParcelClass":"SUBDIVISION","SourceParcelID":null,"GeometrySource":"ICF","IsRemainder":"NO","ParcelStartDate":null,"PositionalError":8.21145323,"LegalDescription":"LOT 1 DISTRICT LOT 768S SIMILKAMEEN DIVISION YALE DISTRICT PLAN 20975 (SEE PLAN AS TO LIMITED ACCESS)","CaptureMethod":"UNKNOWN","OwnerType":"PRIVATE","Compiled":1,"CreatedDate":"2016-09-20T23:24:06.000Z","ModifiedDate":"2021-10-28T19:17:34.000Z","StatedArea":null,"ErrorReportedBy":"PMBC-OPERATIONS","Municipality":"0163","OBJECTID":49087,"created_user":"SDE","created_date":"2024-11-12T16:15:31.000Z","last_edited_user":"SDE","last_edited_date":"2026-03-25T16:06:10.000Z","Shape__Area":1965.734063515,"Shape__Length":200.23540875977676,"CommonName":null,"SourceGlobalID":"{ADCFE8A0-ED7E-4ACC-B34C-4801FB2800A6}","Comments":null,"UpdateStatus":"AUTO","UpdateSource":"PMBC"}},{"type":"Feature","geometry":{"type":"MultiPolygon","coordinates":[[[[-118.255403,49.105624],[-118.255357,49.105624],[-118.255283,49.105621],[-118.255901,49.105185],[-118.256063,49.105275],[-118.255584,49.105614],[-118.255567,49.10561],[-118.255533,49.10561],[-118.255403,49.105624]]],[[[-118.256284,49.105121],[-118.256128,49.105027],[-118.256637,49.104675],[-118.256798,49.104768],[-118.256284,49.105121]]]]},"properties":{"GlobalID":"{85A34BA6-9A57-42E6-A50C-D204635303A3}","Name":"008713553","PlanID":"{F5E2BA62-4B33-4161-94F8-963619907337}","PlanNumber":"KAP16077","PIN":null,"PID":8713553,"Designation1":"Lot C","Designation2":null,"Designation3":null,"ParcelStatus":"ACTIVE","RegionalDistrict":"0019","ParcelClass":"SUBDIVISION","SourceParcelID":null,"GeometrySource":"ICF","IsRemainder":"NO","ParcelStartDate":null,"PositionalError":16.3674111,"LegalDescription":"LOT C DISTRICT LOT 768S SIMILKAMEEN DIVISION YALE DISTRICT PLAN 16077","CaptureMethod":"UNKNOWN","OwnerType":"PRIVATE","Compiled":1,"CreatedDate":"2016-09-20T23:24:06.000Z","ModifiedDate":"2021-10-28T19:17:34.000Z","StatedArea":null,"ErrorReportedBy":"PMBC-OPERATIONS","Municipality":"0163","OBJECTID":49088,"created_user":"SDE","created_date":"2024-11-12T16:15:31.000Z","last_edited_user":"SDE","last_edited_date":"2026-03-25T16:06:10.000Z","Shape__Area":1754.59234532,"Shape__Length":294.4605363381427,"CommonName":null,"SourceGlobalID":"{88E0B891-FE08-436D-B6CC-5B5DCFBC9A02}","Comments":null,"UpdateStatus":"AUTO","UpdateSource":"PMBC"}},{"type":"Feature","geometry":{"type":"MultiPolygon","coordinates":[[[[-118.253289,49.106022],[-118.253194,49.106068],[-118.253169,49.106083],[-118.253104,49.106114],[-118.253009,49.106144],[-118.252914,49.106167],[-118.252873,49.106173],[-118.252946,49.106105],[-118.252989,49.105933],[-118.254211,49.105004],[-118.254636,49.105145],[-118.254754,49.105134],[-118.253987,49.10573],[-118.253825,49.105778],[-118.253783,49.105795],[-118.25374,49.105809],[-118.253709,49.10582],[-118.253589,49.105893],[-118.253429,49.105961],[-118.253289,49.106022]]],[[[-118.254676,49.105027],[-118.254238,49.104881],[-118.255425,49.103966],[-118.25592,49.104255],[-118.254932,49.105007],[-118.254676,49.105027]]]]},"properties":{"GlobalID":"{84A3FE73-D450-44E9-A7F8-43CC292E177A}","Name":"009585877","PlanID":"{6D69F0FB-279D-4A33-B5D7-13189CA7DF2E}","PlanNumber":"KAP10245","PIN":null,"PID":9585877,"Designation1":"Lot B","Designation2":null,"Designation3":null,"ParcelStatus":"ACTIVE","RegionalDistrict":"0019","ParcelClass":"SUBDIVISION","SourceParcelID":null,"GeometrySource":"ICF","IsRemainder":"NO","ParcelStartDate":null,"PositionalError":16.36789412,"LegalDescription":"LOT B DISTRICT LOT 768S SIMILKAMEEN DIVISION YALE DISTRICT PLAN 10245","CaptureMethod":"UNKNOWN","OwnerType":"PRIVATE","Compiled":1,"CreatedDate":"2016-09-20T23:24:06.000Z","ModifiedDate":"2021-10-28T19:17:34.000Z","StatedArea":null,"ErrorReportedBy":"PMBC-OPERATIONS","Municipality":"0163","OBJECTID":49089,"created_user":"SDE","created_date":"2024-11-12T16:15:31.000Z","last_edited_user":"SDE","last_edited_date":"2026-03-25T16:06:10.000Z","Shape__Area":11319.524969885,"Shape__Length":738.2382150010385,"CommonName":null,"SourceGlobalID":"{B70FF2E3-79A0-49D8-924B-6DDFFCBB46E4}","Comments":null,"UpdateStatus":"AUTO","UpdateSource":"PMBC"}},{"type":"Feature","geometry":{"type":"MultiPolygon","coordinates":[[[[-118.25507,49.105609],[-118.255756,49.105103],[-118.255901,49.105185],[-118.255283,49.105621],[-118.25511,49.10561],[-118.25507,49.105609]]],[[[-118.256128,49.105027],[-118.255981,49.104938],[-118.256471,49.104577],[-118.256637,49.104675],[-118.256128,49.105027]]]]},"properties":{"GlobalID":"{DDA52691-8E32-4EF5-A6BD-01F6E17FB80B}","Name":"008713570","PlanID":"{F5E2BA62-4B33-4161-94F8-963619907337}","PlanNumber":"KAP16077","PIN":null,"PID":8713570,"Designation1":"Lot D","Designation2":null,"Designation3":null,"ParcelStatus":"ACTIVE","RegionalDistrict":"0019","ParcelClass":"SUBDIVISION","SourceParcelID":null,"GeometrySource":"ICF","IsRemainder":"NO","ParcelStartDate":null,"PositionalError":16.3674111,"LegalDescription":"LOT D DISTRICT LOT 768S SIMILKAMEEN DIVISION YALE DISTRICT PLAN 16077","CaptureMethod":"UNKNOWN","OwnerType":"PRIVATE","Compiled":1,"CreatedDate":"2016-09-20T23:24:06.000Z","ModifiedDate":"2021-10-28T19:17:34.000Z","StatedArea":null,"ErrorReportedBy":"PMBC-OPERATIONS","Municipality":"0163","OBJECTID":49090,"created_user":"SDE","created_date":"2024-11-12T16:15:31.000Z","last_edited_user":"SDE","last_edited_date":"2026-03-25T16:06:10.000Z","Shape__Area":1761.04295477,"Shape__Length":309.6570980379194,"CommonName":null,"SourceGlobalID":"{01B88C99-4F61-49B7-8266-51CC89C46096}","Comments":null,"UpdateStatus":"AUTO","UpdateSource":"PMBC"}},{"type":"Feature","geometry":{"type":"MultiPolygon","coordinates":[[[[-118.256328,49.105423],[-118.256593,49.105572],[-118.256671,49.105671],[-118.256448,49.105837],[-118.256413,49.105839],[-118.256377,49.105834],[-118.256343,49.105824],[-118.25628,49.105786],[-118.256225,49.105748],[-118.256203,49.105733],[-118.256179,49.105722],[-118.256154,49.105713],[-118.256126,49.105698],[-118.256006,49.10566],[-118.256328,49.105423]]],[[[-118.257006,49.105427],[-118.256971,49.105423],[-118.25674,49.105397],[-118.256532,49.10527],[-118.25704,49.104911],[-118.257397,49.105114],[-118.257006,49.105427]]]]},"properties":{"GlobalID":"{7F4EF35D-E28F-443D-8C64-E748B6A68B8C}","Name":"008713529","PlanID":"{F5E2BA62-4B33-4161-94F8-963619907337}","PlanNumber":"KAP16077","PIN":null,"PID":8713529,"Designation1":"Lot A","Designation2":null,"Designation3":null,"ParcelStatus":"ACTIVE","RegionalDistrict":"0019","ParcelClass":"SUBDIVISION","SourceParcelID":null,"GeometrySource":"ICF","IsRemainder":"NO","ParcelStartDate":null,"PositionalError":16.36795767,"LegalDescription":"LOT A DISTRICT LOT 768S SIMILKAMEEN DIVISION YALE DISTRICT PLAN 16077","CaptureMethod":"UNKNOWN","OwnerType":"PRIVATE","Compiled":1,"CreatedDate":"2016-09-20T23:24:06.000Z","ModifiedDate":"2021-10-28T19:17:34.000Z","StatedArea":null,"ErrorReportedBy":"PMBC-OPERATIONS","Municipality":"0163","OBJECTID":49091,"created_user":"SDE","created_date":"2024-11-12T16:15:31.000Z","last_edited_user":"SDE","last_edited_date":"2026-03-25T16:06:10.000Z","Shape__Area":3092.56300842,"Shape__Length":311.0798213431859,"CommonName":null,"SourceGlobalID":"{CE52C114-005E-4CC5-9DC1-5D6271803C79}","Comments":null,"UpdateStatus":"AUTO","UpdateSource":"PMBC"}},{"type":"Feature","geometry":{"type":"MultiPolygon","coordinates":[[[[-118.253459,49.104588],[-118.254764,49.103592],[-118.255124,49.103795],[-118.253904,49.104725],[-118.253459,49.104588]]],[[[-118.251651,49.105973],[-118.251687,49.105946],[-118.253274,49.104733],[-118.253719,49.104866],[-118.25228,49.105965],[-118.252244,49.105992],[-118.252177,49.105992],[-118.252012,49.105996],[-118.251988,49.105995],[-118.251964,49.105992],[-118.251897,49.105992],[-118.251781,49.105992],[-118.251678,49.105984],[-118.251668,49.105982],[-118.251659,49.105978],[-118.251651,49.105973]]]]},"properties":{"GlobalID":"{D4B9D662-8C2D-4923-A53E-CFE47909C26C}","Name":"018270964","PlanID":"{CC1F74C4-002C-46BB-9104-5EFD7014281B}","PlanNumber":"KAP49824","PIN":null,"PID":18270964,"Designation1":"Lot 2","Designation2":null,"Designation3":null,"ParcelStatus":"ACTIVE","RegionalDistrict":"0019","ParcelClass":"SUBDIVISION","SourceParcelID":null,"GeometrySource":"ICF","IsRemainder":"NO","ParcelStartDate":null,"PositionalError":16.5144565,"LegalDescription":"LOT 2 DISTRICT LOT 768S SIMILKAMEEN DIVISION YALE DISTRICT PLAN KAP49824 \"SEE PLAN AS TO LIMITED ACCESS\"","CaptureMethod":"UNKNOWN","OwnerType":"PRIVATE","Compiled":1,"CreatedDate":"2016-09-20T23:24:06.000Z","ModifiedDate":"2025-02-20T23:34:40.000Z","StatedArea":null,"ErrorReportedBy":"PMBC-OPERATIONS","Municipality":"0163","OBJECTID":49092,"created_user":"SDE","created_date":"2024-11-12T16:15:31.000Z","last_edited_user":"SDE","last_edited_date":"2026-03-25T16:06:10.000Z","Shape__Area":10866.30821776,"Shape__Length":779.3089002169771,"CommonName":null,"SourceGlobalID":"{9FB8C565-2D35-4C77-BE23-637883CE681D}","Comments":null,"UpdateStatus":"AUTO","UpdateSource":"PMBC"}},{"type":"Feature","geometry":{"type":"MultiPolygon","coordinates":[[[[-118.255584,49.105614],[-118.256063,49.105275],[-118.256328,49.105423],[-118.256006,49.10566],[-118.25596,49.105647],[-118.255912,49.105637],[-118.255754,49.105637],[-118.255666,49.105629],[-118.255584,49.105614]]],[[[-118.256284,49.105121],[-118.256798,49.104768],[-118.25704,49.104911],[-118.256532,49.10527],[-118.256284,49.105121]]]]},"properties":{"GlobalID":"{09F78F29-7F92-4A41-B1EF-A0C898D285B1}","Name":"008713545","PlanID":"{F5E2BA62-4B33-4161-94F8-963619907337}","PlanNumber":"KAP16077","PIN":null,"PID":8713545,"Designation1":"Lot B","Designation2":null,"Designation3":null,"ParcelStatus":"ACTIVE","RegionalDistrict":"0019","ParcelClass":"SUBDIVISION","SourceParcelID":null,"GeometrySource":"ICF","IsRemainder":"NO","ParcelStartDate":null,"PositionalError":16.36756214,"LegalDescription":"LOT B DISTRICT LOT 768S SIMILKAMEEN DIVISION YALE DISTRICT PLAN 16077","CaptureMethod":"UNKNOWN","OwnerType":"PRIVATE","Compiled":1,"CreatedDate":"2016-09-20T23:24:06.000Z","ModifiedDate":"2021-10-28T19:17:34.000Z","StatedArea":null,"ErrorReportedBy":"PMBC-OPERATIONS","Municipality":"0163","OBJECTID":49093,"created_user":"SDE","created_date":"2024-11-12T16:15:31.000Z","last_edited_user":"SDE","last_edited_date":"2026-03-25T16:06:10.000Z","Shape__Area":2429.01963693,"Shape__Length":300.8007416150924,"CommonName":null,"SourceGlobalID":"{E5DA62EE-5DD5-45B6-AF80-CAA0E314167A}","Comments":null,"UpdateStatus":"AUTO","UpdateSource":"PMBC"}},{"type":"Feature","geometry":{"type":"MultiPolygon","coordinates":[[[[-118.254104,49.104836],[-118.25415,49.104801],[-118.255323,49.103905],[-118.255425,49.103966],[-118.254238,49.104881],[-118.254104,49.104836]]],[[[-118.252765,49.106167],[-118.252614,49.106147],[-118.252469,49.106133],[-118.252418,49.106121],[-118.252523,49.106042],[-118.252568,49.106007],[-118.253965,49.104942],[-118.25398,49.10493],[-118.254211,49.105004],[-118.252989,49.105933],[-118.252946,49.106105],[-118.252873,49.106173],[-118.252837,49.106174],[-118.252802,49.10617],[-118.252765,49.106167]]]]},"properties":{"GlobalID":"{54954DD0-A7F1-4F32-90B5-FACF614F8C91}","Name":"009585893","PlanID":"{6D69F0FB-279D-4A33-B5D7-13189CA7DF2E}","PlanNumber":"KAP10245","PIN":null,"PID":9585893,"Designation1":"Lot C","Designation2":null,"Designation3":null,"ParcelStatus":"ACTIVE","RegionalDistrict":"0019","ParcelClass":"SUBDIVISION","SourceParcelID":null,"GeometrySource":"MODIFIED-ICF","IsRemainder":"NO","ParcelStartDate":null,"PositionalError":16.39900568,"LegalDescription":"LOT C DISTRICT LOT 768S SIMILKAMEEN DIVISION YALE DISTRICT PLAN 10245","CaptureMethod":"UNKNOWN","OwnerType":"PRIVATE","Compiled":1,"CreatedDate":"2016-09-20T23:24:06.000Z","ModifiedDate":"2021-10-28T19:17:34.000Z","StatedArea":null,"ErrorReportedBy":"PMBC-OPERATIONS","Municipality":"0163","OBJECTID":49094,"created_user":"SDE","created_date":"2024-11-12T16:15:31.000Z","last_edited_user":"SDE","last_edited_date":"2026-03-25T16:06:10.000Z","Shape__Area":4728.314884515,"Shape__Length":683.6809219612807,"CommonName":null,"SourceGlobalID":"{8F8B6F67-E644-4CD8-ACFB-E1F794E17C86}","Comments":null,"UpdateStatus":"AUTO","UpdateSource":"PMBC"}},{"type":"Feature","geometry":{"type":"MultiPolygon","coordinates":[[[[-118.250278,49.103566],[-118.252349,49.102164],[-118.252596,49.102309],[-118.250565,49.10382],[-118.250278,49.103566]]],[[[-118.249625,49.104382],[-118.249652,49.104275],[-118.249667,49.104172],[-118.249664,49.104123],[-118.249648,49.104039],[-118.250028,49.103783],[-118.250116,49.103901],[-118.250314,49.10405],[-118.249969,49.104302],[-118.249631,49.104426],[-118.249625,49.104382]]]]},"properties":{"GlobalID":"{EC212099-1855-4D86-8271-04EB5C54E0CB}","Name":"002938197","PlanID":"{A5CB2577-6A67-4809-8AFA-971F61DCBA7E}","PlanNumber":"KAP34550","PIN":null,"PID":2938197,"Designation1":"Lot A","Designation2":null,"Designation3":null,"ParcelStatus":"ACTIVE","RegionalDistrict":"0019","ParcelClass":"SUBDIVISION","SourceParcelID":null,"GeometrySource":"ICF","IsRemainder":"NO","ParcelStartDate":null,"PositionalError":17.1642768,"LegalDescription":"LOT A DISTRICT LOT 768S SIMILKAMEEN DIVISION YALE DISTRICT PLAN 34550 (SEE PLAN AS TO LIMITED ACCESS)","CaptureMethod":"UNKNOWN","OwnerType":"PRIVATE","Compiled":1,"CreatedDate":"2016-09-20T23:24:06.000Z","ModifiedDate":"2021-10-28T19:17:34.000Z","StatedArea":null,"ErrorReportedBy":"PMBC-OPERATIONS","Municipality":"0163","OBJECTID":49095,"created_user":"SDE","created_date":"2024-11-12T16:15:31.000Z","last_edited_user":"SDE","last_edited_date":"2026-03-25T16:06:10.000Z","Shape__Area":8331.410473645,"Shape__Length":686.1775066719756,"CommonName":null,"SourceGlobalID":"{1FD15EA5-A0CE-4382-AB93-CD0AD0B37D6A}","Comments":null,"UpdateStatus":"AUTO","UpdateSource":"PMBC"}},{"type":"Feature","geometry":{"type":"MultiPolygon","coordinates":[[[[-118.253904,49.104725],[-118.255124,49.103795],[-118.255323,49.103905],[-118.25415,49.104801],[-118.253904,49.104725]]],[[[-118.25233,49.105996],[-118.252244,49.105992],[-118.25228,49.105965],[-118.253719,49.104866],[-118.253965,49.104942],[-118.252568,49.106007],[-118.252523,49.106042],[-118.252439,49.10603],[-118.252385,49.10601],[-118.25233,49.105996]]]]},"properties":{"GlobalID":"{0248962B-9927-4A69-B9A4-73E9EAAE38B8}","Name":"018270956","PlanID":"{CC1F74C4-002C-46BB-9104-5EFD7014281B}","PlanNumber":"KAP49824","PIN":null,"PID":18270956,"Designation1":"Lot 1","Designation2":null,"Designation3":null,"ParcelStatus":"ACTIVE","RegionalDistrict":"0019","ParcelClass":"SUBDIVISION","SourceParcelID":null,"GeometrySource":"ICF","IsRemainder":"NO","ParcelStartDate":null,"PositionalError":16.44941375,"LegalDescription":"LOT 1 DISTRICT LOT 768S SIMILKAMEEN DIVISION YALE DISTRICT PLAN KAP49824 \"SEE PLAN AS TO LIMITED ACCESS\"","CaptureMethod":"UNKNOWN","OwnerType":"PRIVATE","Compiled":1,"CreatedDate":"2016-09-20T23:24:06.000Z","ModifiedDate":"2025-02-20T23:34:40.000Z","StatedArea":null,"ErrorReportedBy":"PMBC-OPERATIONS","Municipality":"0163","OBJECTID":49096,"created_user":"SDE","created_date":"2024-11-12T16:15:31.000Z","last_edited_user":"SDE","last_edited_date":"2026-03-25T16:06:10.000Z","Shape__Area":5652.186411615,"Shape__Length":674.2927508260416,"CommonName":null,"SourceGlobalID":"{8242FF3F-D0A6-46F7-A64C-A86B15243B0A}","Comments":null,"UpdateStatus":"AUTO","UpdateSource":"PMBC"}},{"type":"Feature","geometry":{"type":"Polygon","coordinates":[[[-118.542806,49.012668],[-118.542983,49.012655],[-118.543662,49.013599],[-118.543929,49.014539],[-118.543388,49.014541],[-118.543399,49.016088],[-118.542972,49.01609],[-118.542463,49.014543],[-118.542297,49.014041],[-118.542524,49.013621],[-118.542524,49.013621],[-118.542849,49.013017],[-118.542806,49.012668]]]},"properties":{"GlobalID":"{821985EF-1BA6-4062-8DE1-1369C8425ACE}","Name":"030126681","PlanID":"{2824A279-8B53-44BC-81B6-67888941D320}","PlanNumber":"EPP68246","PIN":null,"PID":30126681,"Designation1":"Lot 1","Designation2":null,"Designation3":null,"ParcelStatus":"ACTIVE","RegionalDistrict":"0019","ParcelClass":"SUBDIVISION","SourceParcelID":null,"GeometrySource":"SPDS","IsRemainder":null,"ParcelStartDate":"2017-04-26T07:00:00.000Z","PositionalError":0.2165595,"LegalDescription":"LOT 1 DISTRICT LOTS 1737 AND 2701 SIMILKAMEEN DIVISION YALE DISTRICT PLAN EPP68246","CaptureMethod":"SPDS","OwnerType":"PRIVATE","Compiled":0,"CreatedDate":"2017-08-14T18:04:43.000Z","ModifiedDate":"2026-03-18T18:29:54.000Z","StatedArea":"23683","ErrorReportedBy":"LSA","Municipality":"0163","OBJECTID":49097,"created_user":"SDE","created_date":"2024-11-12T16:15:31.000Z","last_edited_user":"SDE","last_edited_date":"2026-03-25T16:06:10.000Z","Shape__Area":23663.79759233,"Shape__Length":871.1088002881158,"CommonName":null,"SourceGlobalID":"{787855BC-BC5D-4903-A758-27C7815C198B}","Comments":null,"UpdateStatus":"AUTO","UpdateSource":"PMBC"}},{"type":"Feature","geometry":{"type":"Polygon","coordinates":[[[-118.447016,49.011454],[-118.451475,49.010106],[-118.451473,49.010244],[-118.447174,49.011561],[-118.447015,49.011585],[-118.447016,49.011454]]]},"properties":{"GlobalID":"{5B1F80C7-75BA-4861-824B-DF899A0B4376}","Name":"003155030","PlanID":"{5C556F32-DABA-4CB8-B02B-EDD521AB9946}","PlanNumber":"KAP894B","PIN":null,"PID":3155030,"Designation1":"PART 519","Designation2":null,"Designation3":null,"ParcelStatus":"ACTIVE","RegionalDistrict":"0019","ParcelClass":"SUBDIVISION","SourceParcelID":null,"GeometrySource":"ICF","IsRemainder":"NO","ParcelStartDate":null,"PositionalError":8.30403599,"LegalDescription":"THAT PART OF DISTRICT LOT 519 SIMILKAMEEN DIVISION YALE DISTRICT SHOWN AS CASCADE POWER AND LIGHT COMPANY RIGHT OF WAY ON PLAN B894","CaptureMethod":"UNKNOWN","OwnerType":"PRIVATE","Compiled":1,"CreatedDate":"2016-09-20T23:24:06.000Z","ModifiedDate":"2021-10-29T17:19:18.000Z","StatedArea":null,"ErrorReportedBy":"PMBC-OPERATIONS","Municipality":"0163","OBJECTID":49098,"created_user":"SDE","created_date":"2024-11-12T16:15:31.000Z","last_edited_user":"SDE","last_edited_date":"2026-03-25T16:06:10.000Z","Shape__Area":5306.30716399,"Shape__Length":747.6080138676615,"CommonName":null,"SourceGlobalID":"{A41FC06A-3B3E-42A3-94D3-9C18AC579007}","Comments":null,"UpdateStatus":"AUTO","UpdateSource":"PMBC"}},{"type":"Feature","geometry":{"type":"Polygon","coordinates":[[[-119.090424,49.800648],[-119.088941,49.800563],[-119.088756,49.800551],[-119.088571,49.800534],[-119.088387,49.800513],[-119.088203,49.800488],[-119.087987,49.800455],[-119.087773,49.800416],[-119.087559,49.800369],[-119.087347,49.800317],[-119.087137,49.800258],[-119.086929,49.800192],[-119.086723,49.80012],[-119.086519,49.800042],[-119.086318,49.799958],[-119.08612,49.799867],[-119.085924,49.799771],[-119.084247,49.798888],[-119.084619,49.798613],[-119.08547,49.799071],[-119.086732,49.799518],[-119.08764,49.799604],[-119.088518,49.799687],[-119.089557,49.800006],[-119.092131,49.800235],[-119.093265,49.800906],[-119.094693,49.800239],[-119.09483,49.800188],[-119.094964,49.800131],[-119.095095,49.800068],[-119.095222,49.799998],[-119.095347,49.799922],[-119.095467,49.79984],[-119.095583,49.799753],[-119.095695,49.79966],[-119.095802,49.799561],[-119.095904,49.799458],[-119.096001,49.799349],[-119.096093,49.799236],[-119.096179,49.799119],[-119.096259,49.798998],[-119.096333,49.798872],[-119.096402,49.798744],[-119.096463,49.798612],[-119.096519,49.798478],[-119.096567,49.79834],[-119.096609,49.798201],[-119.096644,49.79806],[-119.096673,49.797917],[-119.096694,49.797773],[-119.096708,49.797628],[-119.096694,49.797155],[-119.096682,49.797009],[-119.096662,49.796863],[-119.096636,49.796718],[-119.096604,49.796574],[-119.096564,49.796433],[-119.096519,49.796293],[-119.096467,49.796155],[-119.096408,49.79602],[-119.096343,49.795888],[-119.096273,49.795759],[-119.096196,49.795634],[-119.096114,49.795512],[-119.096026,49.795394],[-119.095933,49.79528],[-119.095834,49.79517],[-119.095731,49.795066],[-119.095623,49.794966],[-119.094354,49.793751],[-119.094239,49.79365],[-119.094128,49.793545],[-119.094023,49.793434],[-119.093923,49.793319],[-119.093828,49.793199],[-119.09374,49.793075],[-119.093657,49.792947],[-119.09358,49.792815],[-119.093509,49.792679],[-119.093445,49.79254],[-119.093388,49.792399],[-119.093337,49.792255],[-119.093293,49.792109],[-119.093256,49.791961],[-119.093226,49.791811],[-119.093203,49.79166],[-119.093187,49.791508],[-119.093179,49.791356],[-119.093177,49.791203],[-119.093183,49.79105],[-119.093196,49.790898],[-119.093215,49.790747],[-119.093242,49.790596],[-119.093276,49.790448],[-119.093317,49.7903],[-119.093365,49.790155],[-119.093709,49.789253],[-119.093864,49.789098],[-119.094428,49.787646],[-119.0945,49.787495],[-119.094578,49.787348],[-119.094662,49.787203],[-119.094752,49.787062],[-119.094847,49.786925],[-119.094947,49.786791],[-119.095053,49.786662],[-119.095164,49.786537],[-119.09528,49.786417],[-119.095401,49.786302],[-119.095526,49.786191],[-119.095656,49.786086],[-119.09579,49.785986],[-119.095928,49.785891],[-119.096069,49.785802],[-119.096214,49.785719],[-119.096362,49.785641],[-119.096513,49.78557],[-119.097722,49.784957],[-119.097886,49.784874],[-119.098046,49.784785],[-119.098203,49.78469],[-119.098356,49.784589],[-119.098505,49.784482],[-119.09865,49.78437],[-119.098791,49.784253],[-119.098928,49.78413],[-119.09906,49.784003],[-119.099187,49.78387],[-119.099309,49.783733],[-119.099975,49.783966],[-119.0998,49.784172],[-119.099684,49.784301],[-119.099562,49.784425],[-119.099436,49.784544],[-119.099305,49.784659],[-119.09917,49.784768],[-119.099031,49.784872],[-119.098889,49.784971],[-119.098742,49.785064],[-119.098592,49.785152],[-119.098439,49.785234],[-119.097025,49.785981],[-119.096877,49.786054],[-119.096732,49.786134],[-119.09659,49.78622],[-119.096453,49.786311],[-119.096319,49.786408],[-119.096189,49.786511],[-119.096064,49.786619],[-119.095943,49.786733],[-119.095828,49.786851],[-119.095717,49.786974],[-119.095612,49.787101],[-119.095512,49.787233],[-119.095417,49.787369],[-119.095329,49.787509],[-119.095246,49.787652],[-119.09517,49.787799],[-119.095099,49.787948],[-119.094261,49.790136],[-119.09422,49.790261],[-119.094185,49.790389],[-119.094156,49.790519],[-119.094135,49.790649],[-119.094119,49.790781],[-119.094111,49.790913],[-119.094109,49.791046],[-119.094115,49.791178],[-119.094126,49.79131],[-119.094145,49.791441],[-119.09417,49.791571],[-119.094202,49.7917],[-119.09424,49.791827],[-119.094285,49.791952],[-119.094336,49.792074],[-119.094393,49.792193],[-119.094456,49.79231],[-119.094525,49.792423],[-119.0946,49.792533],[-119.09468,49.792638],[-119.094765,49.792739],[-119.094856,49.792836],[-119.094951,49.792928],[-119.095051,49.793015],[-119.096727,49.79462],[-119.096841,49.794727],[-119.09695,49.79484],[-119.097055,49.794957],[-119.097154,49.795079],[-119.097247,49.795205],[-119.097334,49.795335],[-119.097416,49.795469],[-119.097492,49.795606],[-119.097561,49.795747],[-119.097624,49.795891],[-119.097681,49.796037],[-119.097731,49.796186],[-119.097774,49.796336],[-119.097811,49.796489],[-119.097841,49.796643],[-119.097863,49.796798],[-119.097879,49.796954],[-119.097888,49.797111],[-119.09789,49.797268],[-119.097885,49.797425],[-119.097873,49.797581],[-119.097854,49.797737],[-119.097827,49.797891],[-119.097795,49.798045],[-119.097755,49.798196],[-119.097708,49.798346],[-119.097655,49.798494],[-119.097595,49.798639],[-119.097529,49.798781],[-119.097457,49.79892],[-119.097378,49.799056],[-119.097294,49.799188],[-119.097203,49.799317],[-119.097107,49.799441],[-119.097006,49.79956],[-119.096899,49.799675],[-119.096788,49.799785],[-119.096671,49.79989],[-119.09655,49.79999],[-119.096425,49.800084],[-119.096295,49.800173],[-119.096162,49.800256],[-119.096025,49.800332],[-119.095885,49.800403],[-119.095741,49.800467],[-119.095595,49.800524],[-119.095447,49.800575],[-119.094918,49.800864],[-119.093906,49.801615],[-119.092687,49.801919],[-119.091721,49.802392],[-119.091515,49.802855],[-119.090877,49.802713],[-119.089871,49.80333],[-119.08877,49.804328],[-119.087212,49.806053],[-119.087159,49.806042],[-119.086059,49.8058],[-119.086593,49.804786],[-119.087799,49.803632],[-119.089856,49.802483],[-119.090634,49.802135],[-119.090783,49.802179],[-119.090925,49.802168],[-119.092259,49.801507],[-119.090424,49.800648]]]},"properties":{"GlobalID":"{8C1E2FDF-B368-4448-962D-F1E0BD423678}","Name":"Road","PlanID":"{8AC21B87-3101-4C47-8FFA-29F586171663}","PlanNumber":"EPC995","PIN":null,"PID":null,"Designation1":null,"Designation2":null,"Designation3":null,"ParcelStatus":"ACTIVE","RegionalDistrict":"0016","ParcelClass":"ROAD","SourceParcelID":null,"GeometrySource":"PMBC-OPERATIONS","IsRemainder":"NO","ParcelStartDate":null,"PositionalError":1.43765167,"LegalDescription":null,"CaptureMethod":"COGO","OwnerType":"CROWN PROVINCIAL","Compiled":0,"CreatedDate":"2021-10-29T16:10:50.000Z","ModifiedDate":"2021-10-29T16:27:39.000Z","StatedArea":"267039","ErrorReportedBy":"LSA","Municipality":"0163","OBJECTID":49099,"created_user":"SDE","created_date":"2024-11-12T16:15:31.000Z","last_edited_user":"SDE","last_edited_date":"2026-03-25T16:06:10.000Z","Shape__Area":266796.163455,"Shape__Length":7449.36595983072,"CommonName":null,"SourceGlobalID":"{2B1A8F2D-6095-498A-AE9D-1F2769C4B6D3}","Comments":null,"UpdateStatus":"AUTO","UpdateSource":"PMBC"}},{"type":"Feature","geometry":{"type":"Polygon","coordinates":[[[-117.814022,49.100563],[-117.814044,49.100553],[-117.814067,49.100547],[-117.814091,49.100545],[-117.814115,49.100546],[-117.814136,49.100547],[-117.814156,49.100544],[-117.814176,49.100538],[-117.814194,49.100528],[-117.814211,49.100516],[-117.814515,49.100724],[-117.814514,49.100792],[-117.814065,49.10087],[-117.813894,49.100654],[-117.813866,49.100618],[-117.813945,49.100592],[-117.814022,49.100563]]]},"properties":{"GlobalID":"{E5D93C00-2AD0-48D8-8767-2AC43CC41D02}","Name":"027899772","PlanID":"{64B2713E-DE2F-4B8C-9793-F77882308130}","PlanNumber":"NES3660","PIN":null,"PID":27899772,"Designation1":"Lot 16","Designation2":null,"Designation3":null,"ParcelStatus":"ACTIVE","RegionalDistrict":"0019","ParcelClass":"BARE LAND STRATA","SourceParcelID":"29016","GeometrySource":"ICF","IsRemainder":"NO","ParcelStartDate":"2009-05-01T07:00:00.000Z","PositionalError":0.89031912,"LegalDescription":"STRATA LOT 16 TOWNSHIP 28 KOOTENAY DISTRICT STRATA PLAN NES3660 TOGETHER WITH AN INTEREST IN THE COMMON PROPERTY IN PROPORTION TO THE UNIT ENTITLEMENT OF THE STRATA LOT AS SHOWN ON FORM V","CaptureMethod":"COGO IN SOURCE","OwnerType":"PRIVATE","Compiled":1,"CreatedDate":"2016-09-20T23:24:06.000Z","ModifiedDate":"2026-03-13T23:29:49.000Z","StatedArea":null,"ErrorReportedBy":"PMBC-OPERATIONS","Municipality":"0121","OBJECTID":49100,"created_user":"SDE","created_date":"2024-11-12T16:15:31.000Z","last_edited_user":"SDE","last_edited_date":"2026-03-25T16:06:10.000Z","Shape__Area":1123.34320437,"Shape__Length":133.4432779705393,"CommonName":null,"SourceGlobalID":"{D5F3A295-4D24-4B74-918C-F5839642F573}","Comments":null,"UpdateStatus":"AUTO","UpdateSource":"PMBC"}},{"type":"Feature","geometry":{"type":"Polygon","coordinates":[[[-117.812552,49.101471],[-117.812567,49.101474],[-117.812583,49.101475],[-117.812599,49.101473],[-117.812615,49.101469],[-117.81263,49.101462],[-117.812643,49.101454],[-117.812655,49.101443],[-117.812958,49.101703],[-117.812735,49.101831],[-117.812456,49.101857],[-117.812552,49.101471]]]},"properties":{"GlobalID":"{DBC1B498-C4A3-4C6C-9FFA-8973BEFF3A12}","Name":"027899632","PlanID":"{64B2713E-DE2F-4B8C-9793-F77882308130}","PlanNumber":"NES3660","PIN":null,"PID":27899632,"Designation1":"Lot 2","Designation2":null,"Designation3":null,"ParcelStatus":"ACTIVE","RegionalDistrict":"0019","ParcelClass":"BARE LAND STRATA","SourceParcelID":"29002","GeometrySource":"ICF","IsRemainder":"NO","ParcelStartDate":"2009-05-01T07:00:00.000Z","PositionalError":0.14329272,"LegalDescription":"STRATA LOT 2 TOWNSHIP 28 KOOTENAY DISTRICT STRATA PLAN NES3660 TOGETHER WITH AN INTEREST IN THE COMMON PROPERTY IN PROPORTION TO THE UNIT ENTITLEMENT OF THE STRATA LOT AS SHOWN ON FORM V","CaptureMethod":"COGO IN SOURCE","OwnerType":"PRIVATE","Compiled":1,"CreatedDate":"2016-09-20T23:24:06.000Z","ModifiedDate":"2026-03-13T23:29:49.000Z","StatedArea":null,"ErrorReportedBy":"PMBC-OPERATIONS","Municipality":"0121","OBJECTID":49101,"created_user":"SDE","created_date":"2024-11-12T16:15:31.000Z","last_edited_user":"SDE","last_edited_date":"2026-03-25T16:06:10.000Z","Shape__Area":981.326765115,"Shape__Length":130.98592831046957,"CommonName":null,"SourceGlobalID":"{7F032DD0-42F4-4E45-AF47-35D832D6C7A2}","Comments":null,"UpdateStatus":"AUTO","UpdateSource":"PMBC"}},{"type":"Feature","geometry":{"type":"Polygon","coordinates":[[[-117.81375,49.100274],[-117.814071,49.100246],[-117.814122,49.100415],[-117.814106,49.100415],[-117.81409,49.100418],[-117.814075,49.100423],[-117.814061,49.100431],[-117.814048,49.100441],[-117.814038,49.100454],[-117.814029,49.100467],[-117.814026,49.100476],[-117.814021,49.100484],[-117.814015,49.100492],[-117.814009,49.100498],[-117.814001,49.100504],[-117.813943,49.10053],[-117.813883,49.100552],[-117.813822,49.10057],[-117.813812,49.100529],[-117.813754,49.100289],[-117.81375,49.100274]]]},"properties":{"GlobalID":"{61C59015-BF5A-4D51-85EC-02508AAD16BF}","Name":"027899730","PlanID":"{64B2713E-DE2F-4B8C-9793-F77882308130}","PlanNumber":"NES3660","PIN":null,"PID":27899730,"Designation1":"Lot 12","Designation2":null,"Designation3":null,"ParcelStatus":"ACTIVE","RegionalDistrict":"0019","ParcelClass":"BARE LAND STRATA","SourceParcelID":"29012","GeometrySource":"ICF","IsRemainder":"NO","ParcelStartDate":"2009-05-01T07:00:00.000Z","PositionalError":0.80904378,"LegalDescription":"STRATA LOT 12 TOWNSHIP 28 KOOTENAY DISTRICT STRATA PLAN NES3660 TOGETHER WITH AN INTEREST IN THE COMMON PROPERTY IN PROPORTION TO THE UNIT ENTITLEMENT OF THE STRATA LOT AS SHOWN ON FORM V","CaptureMethod":"COGO IN SOURCE","OwnerType":"PRIVATE","Compiled":1,"CreatedDate":"2016-09-20T23:24:06.000Z","ModifiedDate":"2026-03-13T23:29:49.000Z","StatedArea":null,"ErrorReportedBy":"PMBC-OPERATIONS","Municipality":"0121","OBJECTID":49102,"created_user":"SDE","created_date":"2024-11-12T16:15:31.000Z","last_edited_user":"SDE","last_edited_date":"2026-03-25T16:06:10.000Z","Shape__Area":651.139790475,"Shape__Length":105.33025558413837,"CommonName":null,"SourceGlobalID":"{FD77CA3C-0305-44EE-8514-FE84F069BD3A}","Comments":null,"UpdateStatus":"AUTO","UpdateSource":"PMBC"}},{"type":"Feature","geometry":{"type":"Polygon","coordinates":[[[-117.814122,49.100415],[-117.814071,49.100246],[-117.81462,49.10019],[-117.814549,49.100337],[-117.814192,49.100431],[-117.814175,49.100423],[-117.814158,49.100418],[-117.81414,49.100415],[-117.814122,49.100415]]]},"properties":{"GlobalID":"{1B80D1C3-3DEF-4378-AD47-CE5313966D6C}","Name":"027899748","PlanID":"{64B2713E-DE2F-4B8C-9793-F77882308130}","PlanNumber":"NES3660","PIN":null,"PID":27899748,"Designation1":"Lot 13","Designation2":null,"Designation3":null,"ParcelStatus":"ACTIVE","RegionalDistrict":"0019","ParcelClass":"BARE LAND STRATA","SourceParcelID":"29013","GeometrySource":"ICF","IsRemainder":"NO","ParcelStartDate":"2009-05-01T07:00:00.000Z","PositionalError":0.80904378,"LegalDescription":"STRATA LOT 13 TOWNSHIP 28 KOOTENAY DISTRICT STRATA PLAN NES3660 TOGETHER WITH AN INTEREST IN THE COMMON PROPERTY IN PROPORTION TO THE UNIT ENTITLEMENT OF THE STRATA LOT AS SHOWN ON FORM V","CaptureMethod":"COGO IN SOURCE","OwnerType":"PRIVATE","Compiled":1,"CreatedDate":"2016-09-20T23:24:06.000Z","ModifiedDate":"2026-03-13T23:29:49.000Z","StatedArea":null,"ErrorReportedBy":"PMBC-OPERATIONS","Municipality":"0121","OBJECTID":49103,"created_user":"SDE","created_date":"2024-11-12T16:15:31.000Z","last_edited_user":"SDE","last_edited_date":"2026-03-25T16:06:10.000Z","Shape__Area":668.883244445,"Shape__Length":110.51827580034842,"CommonName":null,"SourceGlobalID":"{4651D17C-199A-4B75-B056-1937F061CA26}","Comments":null,"UpdateStatus":"AUTO","UpdateSource":"PMBC"}},{"type":"Feature","geometry":{"type":"Polygon","coordinates":[[[-117.812084,49.101756],[-117.812442,49.101416],[-117.812481,49.101433],[-117.812517,49.101455],[-117.812528,49.101462],[-117.812539,49.101467],[-117.812552,49.101471],[-117.812456,49.101857],[-117.812375,49.101865],[-117.812084,49.101756]]]},"properties":{"GlobalID":"{CA0216B2-1DCD-4176-AB82-1544A8AE5F79}","Name":"027899641","PlanID":"{64B2713E-DE2F-4B8C-9793-F77882308130}","PlanNumber":"NES3660","PIN":null,"PID":27899641,"Designation1":"Lot 3","Designation2":null,"Designation3":null,"ParcelStatus":"ACTIVE","RegionalDistrict":"0019","ParcelClass":"BARE LAND STRATA","SourceParcelID":"29003","GeometrySource":"ICF","IsRemainder":"NO","ParcelStartDate":"2009-05-01T07:00:00.000Z","PositionalError":0.11885723,"LegalDescription":"STRATA LOT 3 TOWNSHIP 28 KOOTENAY DISTRICT STRATA PLAN NES3660 TOGETHER WITH AN INTEREST IN THE COMMON PROPERTY IN PROPORTION TO THE UNIT ENTITLEMENT OF THE STRATA LOT AS SHOWN ON FORM V","CaptureMethod":"COGO IN SOURCE","OwnerType":"PRIVATE","Compiled":1,"CreatedDate":"2016-09-20T23:24:06.000Z","ModifiedDate":"2026-03-13T23:58:26.000Z","StatedArea":null,"ErrorReportedBy":"PMBC-OPERATIONS","Municipality":"0121","OBJECTID":49104,"created_user":"SDE","created_date":"2024-11-12T16:15:31.000Z","last_edited_user":"SDE","last_edited_date":"2026-03-25T16:06:10.000Z","Shape__Area":898.32568198,"Shape__Length":130.02819616134212,"CommonName":null,"SourceGlobalID":"{76BE5797-5F0B-46A9-B9E9-313FEA8B0EB9}","Comments":null,"UpdateStatus":"AUTO","UpdateSource":"PMBC"}},{"type":"Feature","geometry":{"type":"Polygon","coordinates":[[[-117.814192,49.100431],[-117.814549,49.100337],[-117.81462,49.10019],[-117.814846,49.100167],[-117.814907,49.100205],[-117.814912,49.100421],[-117.814227,49.10048],[-117.814225,49.100469],[-117.814221,49.10046],[-117.814216,49.100451],[-117.814209,49.100443],[-117.814201,49.100436],[-117.814192,49.100431]]]},"properties":{"GlobalID":"{8AB9043B-A1A5-4BAC-99B7-D211750A0F34}","Name":"027899756","PlanID":"{64B2713E-DE2F-4B8C-9793-F77882308130}","PlanNumber":"NES3660","PIN":null,"PID":27899756,"Designation1":"Lot 14","Designation2":null,"Designation3":null,"ParcelStatus":"ACTIVE","RegionalDistrict":"0019","ParcelClass":"BARE LAND STRATA","SourceParcelID":"29014","GeometrySource":"ICF","IsRemainder":"NO","ParcelStartDate":"2009-05-01T07:00:00.000Z","PositionalError":0.85415741,"LegalDescription":"STRATA LOT 14 TOWNSHIP 28 KOOTENAY DISTRICT STRATA PLAN NES3660 TOGETHER WITH AN INTEREST IN THE COMMON PROPERTY IN PROPORTION TO THE UNIT ENTITLEMENT OF THE STRATA LOT AS SHOWN ON FORM V","CaptureMethod":"COGO IN SOURCE","OwnerType":"PRIVATE","Compiled":1,"CreatedDate":"2016-09-20T23:24:06.000Z","ModifiedDate":"2026-03-13T23:29:49.000Z","StatedArea":null,"ErrorReportedBy":"PMBC-OPERATIONS","Municipality":"0121","OBJECTID":49105,"created_user":"SDE","created_date":"2024-11-12T16:15:31.000Z","last_edited_user":"SDE","last_edited_date":"2026-03-25T16:06:10.000Z","Shape__Area":934.34827733,"Shape__Length":148.81036486728573,"CommonName":null,"SourceGlobalID":"{59A1487F-5EEC-44CC-8236-A547334B4A92}","Comments":null,"UpdateStatus":"AUTO","UpdateSource":"PMBC"}},{"type":"Feature","geometry":{"type":"Polygon","coordinates":[[[-117.812817,49.101064],[-117.812967,49.10092],[-117.812995,49.100895],[-117.813024,49.100872],[-117.813459,49.101087],[-117.813307,49.101269],[-117.813081,49.101178],[-117.812915,49.101108],[-117.812817,49.101064]]]},"properties":{"GlobalID":"{6C600481-C494-4CAD-91DC-244B615AF0BA}","Name":"027899799","PlanID":"{64B2713E-DE2F-4B8C-9793-F77882308130}","PlanNumber":"NES3660","PIN":null,"PID":27899799,"Designation1":"Lot 18","Designation2":null,"Designation3":null,"ParcelStatus":"ACTIVE","RegionalDistrict":"0019","ParcelClass":"BARE LAND STRATA","SourceParcelID":"29018","GeometrySource":"ICF","IsRemainder":"NO","ParcelStartDate":"2009-05-01T07:00:00.000Z","PositionalError":0.85187602,"LegalDescription":"STRATA LOT 18 TOWNSHIP 28 KOOTENAY DISTRICT STRATA PLAN NES3660 TOGETHER WITH AN INTEREST IN THE COMMON PROPERTY IN PROPORTION TO THE UNIT ENTITLEMENT OF THE STRATA LOT AS SHOWN ON FORM V","CaptureMethod":"COGO IN SOURCE","OwnerType":"PRIVATE","Compiled":1,"CreatedDate":"2016-09-20T23:24:06.000Z","ModifiedDate":"2026-03-13T23:29:49.000Z","StatedArea":null,"ErrorReportedBy":"PMBC-OPERATIONS","Municipality":"0121","OBJECTID":49106,"created_user":"SDE","created_date":"2024-11-12T16:15:31.000Z","last_edited_user":"SDE","last_edited_date":"2026-03-25T16:06:10.000Z","Shape__Area":1020.816281625,"Shape__Length":131.48859726680408,"CommonName":null,"SourceGlobalID":"{AF893213-4BBF-4D1C-B998-35E2084324EF}","Comments":null,"UpdateStatus":"AUTO","UpdateSource":"PMBC"}},{"type":"Feature","geometry":{"type":"Polygon","coordinates":[[[-117.812171,49.100702],[-117.812275,49.100608],[-117.812275,49.100607],[-117.81236,49.100531],[-117.812383,49.100547],[-117.81285,49.100857],[-117.812894,49.100887],[-117.812755,49.101022],[-117.812755,49.101022],[-117.812744,49.101033],[-117.812643,49.100986],[-117.812508,49.10092],[-117.812375,49.100853],[-117.812315,49.100818],[-117.812258,49.100779],[-117.812204,49.100735],[-117.812171,49.100702]]]},"properties":{"GlobalID":"{3EB74C47-1834-4A36-A0F4-EACCA42E45EF}","Name":"027899691","PlanID":"{64B2713E-DE2F-4B8C-9793-F77882308130}","PlanNumber":"NES3660","PIN":null,"PID":27899691,"Designation1":"Lot 8","Designation2":null,"Designation3":null,"ParcelStatus":"ACTIVE","RegionalDistrict":"0019","ParcelClass":"BARE LAND STRATA","SourceParcelID":"29008","GeometrySource":"ICF","IsRemainder":"NO","ParcelStartDate":"2009-05-01T07:00:00.000Z","PositionalError":0.20959128,"LegalDescription":"STRATA LOT 8 TOWNSHIP 28 KOOTENAY DISTRICT STRATA PLAN NES3660 TOGETHER WITH AN INTEREST IN THE COMMON PROPERTY IN PROPORTION TO THE UNIT ENTITLEMENT OF THE STRATA LOT AS SHOWN ON FORM V","CaptureMethod":"COGO IN SOURCE","OwnerType":"PRIVATE","Compiled":1,"CreatedDate":"2016-09-20T23:24:06.000Z","ModifiedDate":"2026-03-13T23:29:49.000Z","StatedArea":null,"ErrorReportedBy":"PMBC-OPERATIONS","Municipality":"0121","OBJECTID":49107,"created_user":"SDE","created_date":"2024-11-12T16:15:31.000Z","last_edited_user":"SDE","last_edited_date":"2026-03-25T16:06:10.000Z","Shape__Area":1278.15033701,"Shape__Length":154.60805164288936,"CommonName":null,"SourceGlobalID":"{28147A36-CB77-48E2-AED1-7DE260B9B1AE}","Comments":null,"UpdateStatus":"AUTO","UpdateSource":"PMBC"}},{"type":"Feature","geometry":{"type":"Polygon","coordinates":[[[-117.814211,49.100516],[-117.814217,49.10051],[-117.814221,49.100503],[-117.814224,49.100496],[-117.814226,49.100488],[-117.814227,49.10048],[-117.814912,49.100421],[-117.814918,49.100543],[-117.814828,49.100626],[-117.814598,49.100698],[-117.814515,49.100724],[-117.814211,49.100516]]]},"properties":{"GlobalID":"{9D93DEAC-1B3F-45AB-A022-3E04493EC221}","Name":"027899764","PlanID":"{64B2713E-DE2F-4B8C-9793-F77882308130}","PlanNumber":"NES3660","PIN":null,"PID":27899764,"Designation1":"Lot 15","Designation2":null,"Designation3":null,"ParcelStatus":"ACTIVE","RegionalDistrict":"0019","ParcelClass":"BARE LAND STRATA","SourceParcelID":null,"GeometrySource":"MODIFIED-ICF","IsRemainder":"NO","ParcelStartDate":"2009-05-01T07:00:00.000Z","PositionalError":0.89689213,"LegalDescription":"STRATA LOT 15 TOWNSHIP 28 KOOTENAY DISTRICT STRATA PLAN NES3660 TOGETHER WITH AN INTEREST IN THE COMMON PROPERTY IN PROPORTION TO THE UNIT ENTITLEMENT OF THE STRATA LOT AS SHOWN ON FORM V","CaptureMethod":"COGO IN SOURCE","OwnerType":"PRIVATE","Compiled":0,"CreatedDate":"2019-09-09T17:03:50.000Z","ModifiedDate":"2026-03-13T23:29:49.000Z","StatedArea":null,"ErrorReportedBy":"PMBC-OPERATIONS","Municipality":"0121","OBJECTID":49108,"created_user":"SDE","created_date":"2024-11-12T16:15:31.000Z","last_edited_user":"SDE","last_edited_date":"2026-03-25T16:06:10.000Z","Shape__Area":1077.880138145,"Shape__Length":136.90925179859806,"CommonName":null,"SourceGlobalID":"{9475E67C-EF60-4E4F-A2FD-CC772C70B6F6}","Comments":null,"UpdateStatus":"AUTO","UpdateSource":"PMBC"}},{"type":"Feature","geometry":{"type":"Polygon","coordinates":[[[-117.813024,49.100872],[-117.813092,49.100826],[-117.813164,49.100786],[-117.813239,49.100752],[-117.813316,49.100724],[-117.813395,49.100702],[-117.813476,49.100686],[-117.813558,49.100676],[-117.813585,49.100715],[-117.813727,49.10091],[-117.813575,49.100947],[-117.813459,49.101087],[-117.813024,49.100872]]]},"properties":{"GlobalID":"{725562F4-1CD7-4550-B958-5C0E756D81F4}","Name":"027899781","PlanID":"{64B2713E-DE2F-4B8C-9793-F77882308130}","PlanNumber":"NES3660","PIN":null,"PID":27899781,"Designation1":"Lot 17","Designation2":null,"Designation3":null,"ParcelStatus":"ACTIVE","RegionalDistrict":"0019","ParcelClass":"BARE LAND STRATA","SourceParcelID":"29017","GeometrySource":"ICF","IsRemainder":"NO","ParcelStartDate":"2009-05-01T07:00:00.000Z","PositionalError":0.83268921,"LegalDescription":"STRATA LOT 17 TOWNSHIP 28 KOOTENAY DISTRICT STRATA PLAN NES3660 TOGETHER WITH AN INTEREST IN THE COMMON PROPERTY IN PROPORTION TO THE UNIT ENTITLEMENT OF THE STRATA LOT AS SHOWN ON FORM V","CaptureMethod":"COGO IN SOURCE","OwnerType":"PRIVATE","Compiled":1,"CreatedDate":"2016-09-20T23:24:06.000Z","ModifiedDate":"2026-03-13T23:29:49.000Z","StatedArea":null,"ErrorReportedBy":"PMBC-OPERATIONS","Municipality":"0121","OBJECTID":49109,"created_user":"SDE","created_date":"2024-11-12T16:15:31.000Z","last_edited_user":"SDE","last_edited_date":"2026-03-25T16:06:10.000Z","Shape__Area":1237.032681545,"Shape__Length":143.56731458152817,"CommonName":null,"SourceGlobalID":"{7ED6ED1F-7CDD-4907-A32F-451E15674846}","Comments":null,"UpdateStatus":"AUTO","UpdateSource":"PMBC"}},{"type":"Feature","geometry":{"type":"Polygon","coordinates":[[[-117.812655,49.101443],[-117.812672,49.101415],[-117.81268,49.101406],[-117.812808,49.101277],[-117.81294,49.101331],[-117.813205,49.101438],[-117.81324,49.101452],[-117.813228,49.101464],[-117.813041,49.101656],[-117.812976,49.101693],[-117.812958,49.101703],[-117.812655,49.101443]]]},"properties":{"GlobalID":"{C90F93C1-BC47-4345-B8BF-75A3AE7BFA6D}","Name":"027899624","PlanID":"{64B2713E-DE2F-4B8C-9793-F77882308130}","PlanNumber":"NES3660","PIN":null,"PID":27899624,"Designation1":"Lot 1","Designation2":null,"Designation3":null,"ParcelStatus":"ACTIVE","RegionalDistrict":"0019","ParcelClass":"BARE LAND STRATA","SourceParcelID":"29001","GeometrySource":"ICF","IsRemainder":"NO","ParcelStartDate":"2009-05-01T07:00:00.000Z","PositionalError":0.19258262,"LegalDescription":"STRATA LOT 1 TOWNSHIP 28 KOOTENAY DISTRICT STRATA PLAN NES3660 TOGETHER WITH AN INTEREST IN THE COMMON PROPERTY IN PROPORTION TO THE UNIT ENTITLEMENT OF THE STRATA LOT AS SHOWN ON FORM V","CaptureMethod":"COGO IN SOURCE","OwnerType":"PRIVATE","Compiled":1,"CreatedDate":"2016-09-20T23:24:06.000Z","ModifiedDate":"2026-03-13T23:58:26.000Z","StatedArea":null,"ErrorReportedBy":"PMBC-OPERATIONS","Municipality":"0121","OBJECTID":49110,"created_user":"SDE","created_date":"2024-11-12T16:15:31.000Z","last_edited_user":"SDE","last_edited_date":"2026-03-25T16:06:10.000Z","Shape__Area":1040.86123019,"Shape__Length":130.0115697083371,"CommonName":null,"SourceGlobalID":"{F917F624-8C92-4A2A-B2B6-1C8CCD52BF04}","Comments":null,"UpdateStatus":"AUTO","UpdateSource":"PMBC"}},{"type":"Feature","geometry":{"type":"Polygon","coordinates":[[[-118.437168,49.031587],[-118.437353,49.031889],[-118.437263,49.031939],[-118.437241,49.031903],[-118.437176,49.031797],[-118.4367,49.031923],[-118.436647,49.031836],[-118.436588,49.03174],[-118.436832,49.031676],[-118.437063,49.031615],[-118.437168,49.031587]]]},"properties":{"GlobalID":"{9BF9034F-5F54-4946-A539-1BA80D047E8A}","Name":"030034736","PlanID":"{DF2CE8D2-5F09-40D3-A2B9-BC67BAA5A200}","PlanNumber":"EPP68469","PIN":null,"PID":30034736,"Designation1":"Lot 1","Designation2":null,"Designation3":null,"ParcelStatus":"ACTIVE","RegionalDistrict":"0019","ParcelClass":"SUBDIVISION","SourceParcelID":null,"GeometrySource":"SPDS","IsRemainder":null,"ParcelStartDate":"2016-12-22T08:00:00.000Z","PositionalError":0.08924064,"LegalDescription":"LOT 1 DISTRICT LOT 108 SIMILKAMEEN DIVISION YALE DISTRICT PLAN EPP68469","CaptureMethod":"SPDS","OwnerType":"PRIVATE","Compiled":0,"CreatedDate":"2017-01-24T22:53:54.000Z","ModifiedDate":"2021-11-03T23:52:42.000Z","StatedArea":"1131","ErrorReportedBy":"PMBC-OPERATIONS","Municipality":"0044","OBJECTID":49111,"created_user":"SDE","created_date":"2024-11-12T16:15:31.000Z","last_edited_user":"SDE","last_edited_date":"2026-03-25T16:06:10.000Z","Shape__Area":1129.858502925,"Shape__Length":166.97281359961872,"CommonName":null,"SourceGlobalID":"{052245D1-8242-4728-9C0A-0C06001D88D5}","Comments":null,"UpdateStatus":"AUTO","UpdateSource":"PMBC"}},{"type":"Feature","geometry":{"type":"Polygon","coordinates":[[[-118.436134,49.030998],[-118.436096,49.030936],[-118.43604,49.030845],[-118.436499,49.030724],[-118.436545,49.0308],[-118.436591,49.030877],[-118.436134,49.030998]]]},"properties":{"GlobalID":"{BB0CF4B6-A8EF-46AF-8880-58355AC814A8}","Name":"024261271","PlanID":"{459DC7C6-CC44-40D2-BFB2-BC5B2CE3491E}","PlanNumber":"KAP23","PIN":null,"PID":24261271,"Designation1":"Parcel A","Designation2":"Block 8","Designation3":null,"ParcelStatus":"ACTIVE","RegionalDistrict":"0019","ParcelClass":"SUBDIVISION","SourceParcelID":"21000083005","GeometrySource":"ICF","IsRemainder":"NO","ParcelStartDate":"1998-09-28T07:00:00.000Z","PositionalError":0.75819666,"LegalDescription":"PARCEL A (KM96342) BLOCK 8 DISTRICT LOT 108 SIMILKAMEEN DIVISION YALE DIVISION PLAN 23","CaptureMethod":"COGO IN SOURCE","OwnerType":"PRIVATE","Compiled":1,"CreatedDate":"2016-09-20T23:24:06.000Z","ModifiedDate":"2021-11-03T23:52:42.000Z","StatedArea":null,"ErrorReportedBy":"PMBC-OPERATIONS","Municipality":"0044","OBJECTID":49112,"created_user":"SDE","created_date":"2024-11-12T16:15:31.000Z","last_edited_user":"SDE","last_edited_date":"2026-03-25T16:06:10.000Z","Shape__Area":659.34464324,"Shape__Length":108.71953109550954,"CommonName":null,"SourceGlobalID":"{31E6A8B8-947A-4233-8261-C13E8E94E999}","Comments":null,"UpdateStatus":"AUTO","UpdateSource":"PMBC"}},{"type":"Feature","geometry":{"type":"Polygon","coordinates":[[[-118.437283,49.031556],[-118.437385,49.03153],[-118.437545,49.031781],[-118.437457,49.031831],[-118.437283,49.031556]]]},"properties":{"GlobalID":"{AE758EB8-C8BD-460C-945E-4C51C751D13F}","Name":"012785962","PlanID":"{459DC7C6-CC44-40D2-BFB2-BC5B2CE3491E}","PlanNumber":"KAP23","PIN":null,"PID":12785962,"Designation1":"Lot 9","Designation2":"Block 7","Designation3":null,"ParcelStatus":"ACTIVE","RegionalDistrict":"0019","ParcelClass":"SUBDIVISION","SourceParcelID":"21000078000","GeometrySource":"ICF","IsRemainder":"NO","ParcelStartDate":null,"PositionalError":0.0895443,"LegalDescription":"LOT 9 BLOCK 7 DISTRICT LOT 108 SIMILKAMEEN DIVISION YALE DISTRICT PLAN 23","CaptureMethod":"COGO IN SOURCE","OwnerType":"PRIVATE","Compiled":1,"CreatedDate":"2016-09-20T23:24:06.000Z","ModifiedDate":"2025-08-04T12:56:06.000Z","StatedArea":null,"ErrorReportedBy":"PMBC-OPERATIONS","Municipality":"0044","OBJECTID":49113,"created_user":"SDE","created_date":"2024-11-12T16:15:31.000Z","last_edited_user":"SDE","last_edited_date":"2026-03-25T16:06:10.000Z","Shape__Area":253.983100735,"Shape__Length":79.81135021609111,"CommonName":null,"SourceGlobalID":"{386D34F4-64C3-439F-8C68-FDAF6D470113}","Comments":null,"UpdateStatus":"AUTO","UpdateSource":"PMBC"}},{"type":"Feature","geometry":{"type":"Polygon","coordinates":[[[-118.436949,49.032116],[-118.436852,49.03217],[-118.436804,49.032093],[-118.436765,49.03203],[-118.437036,49.031957],[-118.437241,49.031903],[-118.437263,49.031939],[-118.437085,49.032039],[-118.436974,49.032101],[-118.436949,49.032116]]]},"properties":{"GlobalID":"{824C1624-8036-41B1-99D4-7E4BB64C3DED}","Name":"026565781","PlanID":"{2CF3F57F-0402-4287-9ABB-CE5FB4534DF0}","PlanNumber":"KAP6691","PIN":null,"PID":26565781,"Designation1":null,"Designation2":null,"Designation3":null,"ParcelStatus":"ACTIVE","RegionalDistrict":"0019","ParcelClass":"SUBDIVISION","SourceParcelID":"21000080005","GeometrySource":"ICF","IsRemainder":"NO","ParcelStartDate":"2006-01-31T08:00:00.000Z","PositionalError":0.08924064,"LegalDescription":"PARCEL \"A\" (DD LA9161) DISTRICT LOT 108 SIMILKAMEEN DIVISION YALE DISTRICT PLAN 6691","CaptureMethod":"COGO IN SOURCE","OwnerType":"PRIVATE","Compiled":1,"CreatedDate":"2016-09-20T23:24:06.000Z","ModifiedDate":"2021-11-03T23:52:42.000Z","StatedArea":null,"ErrorReportedBy":"PMBC-OPERATIONS","Municipality":"0044","OBJECTID":49114,"created_user":"SDE","created_date":"2024-11-12T16:15:31.000Z","last_edited_user":"SDE","last_edited_date":"2026-03-25T16:06:10.000Z","Shape__Area":398.768838485,"Shape__Length":98.23090343141592,"CommonName":null,"SourceGlobalID":"{A4E120DE-B555-4E9F-9E86-D31096014F6F}","Comments":null,"UpdateStatus":"AUTO","UpdateSource":"PMBC"}},{"type":"Feature","geometry":{"type":"Polygon","coordinates":[[[-118.43618,49.031074],[-118.436638,49.030953],[-118.436684,49.03103],[-118.436227,49.03115],[-118.43618,49.031074]]]},"properties":{"GlobalID":"{98B59640-EF14-4710-841F-41F9FDEDA170}","Name":"012795895","PlanID":"{459DC7C6-CC44-40D2-BFB2-BC5B2CE3491E}","PlanNumber":"KAP23","PIN":null,"PID":12795895,"Designation1":"Lot 6","Designation2":"Block 8","Designation3":null,"ParcelStatus":"ACTIVE","RegionalDistrict":"0019","ParcelClass":"SUBDIVISION","SourceParcelID":"21000085000","GeometrySource":"ICF","IsRemainder":"NO","ParcelStartDate":null,"PositionalError":0.72788551,"LegalDescription":"LOT 6 BLOCK 8 DISTRICT LOT 108 SIMILKAMEEN DIVISION YALE DISTRICT PLAN 23","CaptureMethod":"COGO IN SOURCE","OwnerType":"PRIVATE","Compiled":1,"CreatedDate":"2016-09-20T23:24:06.000Z","ModifiedDate":"2021-11-03T23:52:42.000Z","StatedArea":null,"ErrorReportedBy":"PMBC-OPERATIONS","Municipality":"0044","OBJECTID":49115,"created_user":"SDE","created_date":"2024-11-12T16:15:31.000Z","last_edited_user":"SDE","last_edited_date":"2026-03-25T16:06:10.000Z","Shape__Area":329.15211727,"Shape__Length":90.31446186730037,"CommonName":null,"SourceGlobalID":"{F9B8A6BC-444E-4AAC-87CB-9D85CFAC0002}","Comments":null,"UpdateStatus":"AUTO","UpdateSource":"PMBC"}},{"type":"Feature","geometry":{"type":"Polygon","coordinates":[[[-118.435403,49.031164],[-118.435858,49.03104],[-118.435873,49.031066],[-118.435418,49.031189],[-118.435403,49.031164]]]},"properties":{"GlobalID":"{C8CBD861-9770-4AE0-9E1A-9B09E962DC8D}","Name":"003559751","PlanID":"{459DC7C6-CC44-40D2-BFB2-BC5B2CE3491E}","PlanNumber":"KAP23","PIN":null,"PID":3559751,"Designation1":"Lot 21","Designation2":"Block 1","Designation3":null,"ParcelStatus":"ACTIVE","RegionalDistrict":"0019","ParcelClass":"SUBDIVISION","SourceParcelID":"21000010000","GeometrySource":"ICF","IsRemainder":"NO","ParcelStartDate":null,"PositionalError":0.92703021,"LegalDescription":"THAT PART OF LOT 21 LYING TO THE NORTH WEST OF A LINE DRAWN PARALLEL TO AND 10 FEET PERPENDICULARLY DISTANT FROM THE NORTH WESTERLY BOUNDARY OF SAID LOT BLOCK 1 DISTRICT LOT 108 SIMILKAMEEN DIVISION YALE DISTRICT PLAN 23","CaptureMethod":"COGO IN SOURCE","OwnerType":"PRIVATE","Compiled":1,"CreatedDate":"2016-09-20T23:24:06.000Z","ModifiedDate":"2021-11-03T23:52:42.000Z","StatedArea":null,"ErrorReportedBy":"PMBC-OPERATIONS","Municipality":"0044","OBJECTID":49116,"created_user":"SDE","created_date":"2024-11-12T16:15:31.000Z","last_edited_user":"SDE","last_edited_date":"2026-03-25T16:06:10.000Z","Shape__Area":110.802614595,"Shape__Length":78.1312982185878,"CommonName":null,"SourceGlobalID":"{FB5FEDFB-C5A4-4872-B7BC-15FF96030368}","Comments":null,"UpdateStatus":"AUTO","UpdateSource":"PMBC"}},{"type":"Feature","geometry":{"type":"Polygon","coordinates":[[[-118.437096,49.031056],[-118.437212,49.031025],[-118.437398,49.031331],[-118.437282,49.031362],[-118.437096,49.031056]]]},"properties":{"GlobalID":"{970AA40D-6E16-40BB-8F4E-34A98B8CA0FC}","Name":"012786276","PlanID":"{459DC7C6-CC44-40D2-BFB2-BC5B2CE3491E}","PlanNumber":"KAP23","PIN":null,"PID":12786276,"Designation1":"Lot 15","Designation2":"Block 8","Designation3":null,"ParcelStatus":"ACTIVE","RegionalDistrict":"0019","ParcelClass":"SUBDIVISION","SourceParcelID":null,"GeometrySource":"ICF","IsRemainder":"NO","ParcelStartDate":null,"PositionalError":0.09578831,"LegalDescription":"LOT 15 BLOCK 8 DISTRICT LOT 108 SIMILKAMEEN DIVISION YALE DISTRICT PLAN 23","CaptureMethod":"COGO IN SOURCE","OwnerType":"PRIVATE","Compiled":1,"CreatedDate":"2016-09-20T23:24:06.000Z","ModifiedDate":"2025-08-04T12:56:06.000Z","StatedArea":null,"ErrorReportedBy":"PMBC-OPERATIONS","Municipality":"0044","OBJECTID":49117,"created_user":"SDE","created_date":"2024-11-12T16:15:31.000Z","last_edited_user":"SDE","last_edited_date":"2026-03-25T16:06:10.000Z","Shape__Area":334.864312225,"Shape__Length":91.5943569839208,"CommonName":null,"SourceGlobalID":"{DF380B8C-526C-4CB4-9E4F-7762ADBC23C0}","Comments":null,"UpdateStatus":"AUTO","UpdateSource":"PMBC"}},{"type":"Feature","geometry":{"type":"Polygon","coordinates":[[[-118.436996,49.031082],[-118.437182,49.031388],[-118.437065,49.031419],[-118.43688,49.031114],[-118.436996,49.031082]]]},"properties":{"GlobalID":"{392CE22F-13B9-454F-9CDC-85EC881B341B}","Name":"012786217","PlanID":"{459DC7C6-CC44-40D2-BFB2-BC5B2CE3491E}","PlanNumber":"KAP23","PIN":null,"PID":12786217,"Designation1":"Lot 13","Designation2":"Block 8","Designation3":null,"ParcelStatus":"ACTIVE","RegionalDistrict":"0019","ParcelClass":"SUBDIVISION","SourceParcelID":null,"GeometrySource":"ICF","IsRemainder":"NO","ParcelStartDate":null,"PositionalError":0.10038331,"LegalDescription":"LOT 13 BLOCK 8 DISTRICT LOT 108 SIMILKAMEEN DIVISION YALE DISTRICT PLAN 23","CaptureMethod":"COGO IN SOURCE","OwnerType":"PRIVATE","Compiled":1,"CreatedDate":"2016-09-20T23:24:06.000Z","ModifiedDate":"2021-11-03T23:52:42.000Z","StatedArea":null,"ErrorReportedBy":"PMBC-OPERATIONS","Municipality":"0044","OBJECTID":49118,"created_user":"SDE","created_date":"2024-11-12T16:15:31.000Z","last_edited_user":"SDE","last_edited_date":"2026-03-25T16:06:10.000Z","Shape__Area":336.150393855,"Shape__Length":91.55372658556776,"CommonName":null,"SourceGlobalID":"{1EFDA41B-0053-4F4F-A729-8CFC26ECDC8E}","Comments":null,"UpdateStatus":"AUTO","UpdateSource":"PMBC"}},{"type":"Feature","geometry":{"type":"Polygon","coordinates":[[[-118.435921,49.031143],[-118.435968,49.031219],[-118.435512,49.031341],[-118.435465,49.031265],[-118.435921,49.031143]]]},"properties":{"GlobalID":"{A8005DF5-3FE7-4961-A095-CDC7120B665D}","Name":"012793523","PlanID":"{459DC7C6-CC44-40D2-BFB2-BC5B2CE3491E}","PlanNumber":"KAP23","PIN":null,"PID":12793523,"Designation1":"Lot 19","Designation2":"Block 1","Designation3":null,"ParcelStatus":"ACTIVE","RegionalDistrict":"0019","ParcelClass":"SUBDIVISION","SourceParcelID":"21000009000","GeometrySource":"ICF","IsRemainder":"NO","ParcelStartDate":null,"PositionalError":0.9422808,"LegalDescription":"LOT 19 BLOCK 1 DISTRICT LOT 108 SIMILKAMEEN DIVISION YALE DISTRICT PLAN 23","CaptureMethod":"COGO IN SOURCE","OwnerType":"PRIVATE","Compiled":1,"CreatedDate":"2016-09-20T23:24:06.000Z","ModifiedDate":"2021-11-03T23:52:42.000Z","StatedArea":null,"ErrorReportedBy":"PMBC-OPERATIONS","Municipality":"0044","OBJECTID":49119,"created_user":"SDE","created_date":"2024-11-12T16:15:31.000Z","last_edited_user":"SDE","last_edited_date":"2026-03-25T16:06:10.000Z","Shape__Area":329.11896628,"Shape__Length":90.2526058181695,"CommonName":null,"SourceGlobalID":"{02CC8478-E6F6-4DFB-B824-9EA74F7396CF}","Comments":null,"UpdateStatus":"AUTO","UpdateSource":"PMBC"}},{"type":"Feature","geometry":{"type":"Polygon","coordinates":[[[-118.437168,49.031587],[-118.437283,49.031556],[-118.437457,49.031831],[-118.437353,49.031889],[-118.437168,49.031587]]]},"properties":{"GlobalID":"{5A931E28-9508-4B04-8D56-63275EB732B4}","Name":"012786004","PlanID":"{459DC7C6-CC44-40D2-BFB2-BC5B2CE3491E}","PlanNumber":"KAP23","PIN":null,"PID":12786004,"Designation1":"Lot 10","Designation2":"Block 7","Designation3":null,"ParcelStatus":"ACTIVE","RegionalDistrict":"0019","ParcelClass":"SUBDIVISION","SourceParcelID":null,"GeometrySource":"ICF","IsRemainder":"NO","ParcelStartDate":null,"PositionalError":0.08947569,"LegalDescription":"LOT 10 BLOCK 7 DISTRICT LOT 108 SIMILKAMEEN DIVISION YALE DISTRICT PLAN 23","CaptureMethod":"COGO IN SOURCE","OwnerType":"PRIVATE","Compiled":1,"CreatedDate":"2016-09-20T23:24:06.000Z","ModifiedDate":"2025-06-10T15:48:56.000Z","StatedArea":null,"ErrorReportedBy":"PMBC-OPERATIONS","Municipality":"0044","OBJECTID":49120,"created_user":"SDE","created_date":"2024-11-12T16:15:31.000Z","last_edited_user":"SDE","last_edited_date":"2026-03-25T16:06:10.000Z","Shape__Area":320.639497835,"Shape__Length":88.244111331264,"CommonName":null,"SourceGlobalID":"{1B018DD0-8219-41F0-AE12-5AB6DF450FB6}","Comments":null,"UpdateStatus":"AUTO","UpdateSource":"PMBC"}},{"type":"Feature","geometry":{"type":"Polygon","coordinates":[[[-118.436416,49.031237],[-118.436532,49.031206],[-118.436718,49.031511],[-118.436602,49.031542],[-118.436416,49.031237]]]},"properties":{"GlobalID":"{740A35E2-D1EE-4BCE-A4D8-1C7508C73121}","Name":"012786110","PlanID":"{459DC7C6-CC44-40D2-BFB2-BC5B2CE3491E}","PlanNumber":"KAP23","PIN":null,"PID":12786110,"Designation1":"Lot 9","Designation2":"Block 8","Designation3":null,"ParcelStatus":"ACTIVE","RegionalDistrict":"0019","ParcelClass":"SUBDIVISION","SourceParcelID":"21000086000","GeometrySource":"ICF","IsRemainder":"NO","ParcelStartDate":null,"PositionalError":0.11137945,"LegalDescription":"LOT 9 BLOCK 8 DISTRICT LOT 108 SIMILKAMEEN DIVISION YALE DISTRICT PLAN 23","CaptureMethod":"COGO IN SOURCE","OwnerType":"PRIVATE","Compiled":1,"CreatedDate":"2016-09-20T23:24:06.000Z","ModifiedDate":"2021-11-03T23:52:42.000Z","StatedArea":null,"ErrorReportedBy":"PMBC-OPERATIONS","Municipality":"0044","OBJECTID":49121,"created_user":"SDE","created_date":"2024-11-12T16:15:31.000Z","last_edited_user":"SDE","last_edited_date":"2026-03-25T16:06:10.000Z","Shape__Area":333.90346155,"Shape__Length":91.3539136426565,"CommonName":null,"SourceGlobalID":"{32E068F0-3200-47C7-BC4C-FE03F2FE8217}","Comments":null,"UpdateStatus":"AUTO","UpdateSource":"PMBC"}},{"type":"Feature","geometry":{"type":"Polygon","coordinates":[[[-118.437282,49.031362],[-118.437182,49.031388],[-118.436996,49.031082],[-118.437096,49.031056],[-118.437282,49.031362]]]},"properties":{"GlobalID":"{36142CD4-D928-4538-AD60-1D217CF3F786}","Name":"012786250","PlanID":"{459DC7C6-CC44-40D2-BFB2-BC5B2CE3491E}","PlanNumber":"KAP23","PIN":null,"PID":12786250,"Designation1":"Lot 14","Designation2":"Block 8","Designation3":null,"ParcelStatus":"ACTIVE","RegionalDistrict":"0019","ParcelClass":"SUBDIVISION","SourceParcelID":"21000087000","GeometrySource":"ICF","IsRemainder":"NO","ParcelStartDate":null,"PositionalError":0.09797289,"LegalDescription":"LOT 14 BLOCK 8 DISTRICT LOT 108 SIMILKAMEEN DIVISION YALE DISTRICT PLAN 23","CaptureMethod":"COGO IN SOURCE","OwnerType":"PRIVATE","Compiled":1,"CreatedDate":"2016-09-20T23:24:06.000Z","ModifiedDate":"2021-11-03T23:52:42.000Z","StatedArea":null,"ErrorReportedBy":"PMBC-OPERATIONS","Municipality":"0044","OBJECTID":49122,"created_user":"SDE","created_date":"2024-11-12T16:15:31.000Z","last_edited_user":"SDE","last_edited_date":"2026-03-25T16:06:10.000Z","Shape__Area":289.516419325,"Shape__Length":89.12221064274893,"CommonName":null,"SourceGlobalID":"{F00423D1-7C61-41B7-9E03-CB7110B208E7}","Comments":null,"UpdateStatus":"AUTO","UpdateSource":"PMBC"}},{"type":"Feature","geometry":{"type":"Polygon","coordinates":[[[-118.436602,49.031542],[-118.436485,49.031573],[-118.436299,49.031267],[-118.436416,49.031237],[-118.436602,49.031542]]]},"properties":{"GlobalID":"{A58CA67E-7D93-41CC-81AA-08A65AEF8350}","Name":"012786039","PlanID":"{459DC7C6-CC44-40D2-BFB2-BC5B2CE3491E}","PlanNumber":"KAP23","PIN":null,"PID":12786039,"Designation1":"Lot 8","Designation2":"Block 8","Designation3":null,"ParcelStatus":"ACTIVE","RegionalDistrict":"0019","ParcelClass":"SUBDIVISION","SourceParcelID":null,"GeometrySource":"ICF","IsRemainder":"NO","ParcelStartDate":null,"PositionalError":0.11137945,"LegalDescription":"LOT 8 BLOCK 8 DISTRICT LOT 108 SIMILKAMEEN DIVISION YALE DISTRICT PLAN 23","CaptureMethod":"COGO IN SOURCE","OwnerType":"PRIVATE","Compiled":1,"CreatedDate":"2016-09-20T23:24:06.000Z","ModifiedDate":"2021-11-03T23:52:42.000Z","StatedArea":null,"ErrorReportedBy":"PMBC-OPERATIONS","Municipality":"0044","OBJECTID":49123,"created_user":"SDE","created_date":"2024-11-12T16:15:31.000Z","last_edited_user":"SDE","last_edited_date":"2026-03-25T16:06:10.000Z","Shape__Area":336.55252848,"Shape__Length":91.53498913866149,"CommonName":null,"SourceGlobalID":"{7DF8750C-C2B7-42E3-9C1E-8F2F19A229B0}","Comments":null,"UpdateStatus":"AUTO","UpdateSource":"PMBC"}},{"type":"Feature","geometry":{"type":"Polygon","coordinates":[[[-118.436014,49.031698],[-118.435827,49.031392],[-118.436038,49.031336],[-118.43623,49.03164],[-118.436014,49.031698]]]},"properties":{"GlobalID":"{33516E29-AA8F-495F-9AD5-8195C0299093}","Name":"024176435","PlanID":"{459DC7C6-CC44-40D2-BFB2-BC5B2CE3491E}","PlanNumber":"KAP23","PIN":null,"PID":24176435,"Designation1":"Parcel B","Designation2":"Block 1","Designation3":null,"ParcelStatus":"ACTIVE","RegionalDistrict":"0019","ParcelClass":"SUBDIVISION","SourceParcelID":"21000008005","GeometrySource":"ICF","IsRemainder":"NO","ParcelStartDate":"1998-06-17T07:00:00.000Z","PositionalError":0.7653564,"LegalDescription":"PARCEL B (DD KM57564) BLOCK 1 DISTRICT LOT 108 SIMILKAMEEN DIVISION YALE DISTRICT PLAN 23","CaptureMethod":"COGO IN SOURCE","OwnerType":"PRIVATE","Compiled":1,"CreatedDate":"2016-09-20T23:24:06.000Z","ModifiedDate":"2021-11-03T23:52:42.000Z","StatedArea":null,"ErrorReportedBy":"PMBC-OPERATIONS","Municipality":"0044","OBJECTID":49124,"created_user":"SDE","created_date":"2024-11-12T16:15:31.000Z","last_edited_user":"SDE","last_edited_date":"2026-03-25T16:06:10.000Z","Shape__Area":617.0587716,"Shape__Length":106.9206943963516,"CommonName":null,"SourceGlobalID":"{BF462936-9276-4D2E-AC94-D7932B02ADE2}","Comments":null,"UpdateStatus":"AUTO","UpdateSource":"PMBC"}},{"type":"Feature","geometry":{"type":"Polygon","coordinates":[[[-118.43618,49.031074],[-118.436134,49.030998],[-118.436591,49.030877],[-118.436638,49.030953],[-118.43618,49.031074]]]},"properties":{"GlobalID":"{8933DCB9-EF92-47E3-8689-B0B81708D6CD}","Name":"012795887","PlanID":"{459DC7C6-CC44-40D2-BFB2-BC5B2CE3491E}","PlanNumber":"KAP23","PIN":null,"PID":12795887,"Designation1":"Lot 5","Designation2":"Block 8","Designation3":null,"ParcelStatus":"ACTIVE","RegionalDistrict":"0019","ParcelClass":"SUBDIVISION","SourceParcelID":"21000084000","GeometrySource":"ICF","IsRemainder":"NO","ParcelStartDate":null,"PositionalError":0.73750466,"LegalDescription":"LOT 5 BLOCK 8 DISTRICT LOT 108 SIMILKAMEEN DIVISION YALE DISTRICT PLAN 23","CaptureMethod":"COGO IN SOURCE","OwnerType":"PRIVATE","Compiled":1,"CreatedDate":"2016-09-20T23:24:06.000Z","ModifiedDate":"2021-11-03T23:52:42.000Z","StatedArea":null,"ErrorReportedBy":"PMBC-OPERATIONS","Municipality":"0044","OBJECTID":49125,"created_user":"SDE","created_date":"2024-11-12T16:15:31.000Z","last_edited_user":"SDE","last_edited_date":"2026-03-25T16:06:10.000Z","Shape__Area":329.46148344,"Shape__Length":90.37432268127222,"CommonName":null,"SourceGlobalID":"{EA94CE19-F526-46F5-A5D4-20749131B414}","Comments":null,"UpdateStatus":"AUTO","UpdateSource":"PMBC"}},{"type":"Feature","geometry":{"type":"Polygon","coordinates":[[[-118.435512,49.031341],[-118.435968,49.031219],[-118.436014,49.031295],[-118.435559,49.031417],[-118.435512,49.031341]]]},"properties":{"GlobalID":"{E0911009-6E40-4ACD-84DE-D2ED2265894B}","Name":"012793515","PlanID":"{459DC7C6-CC44-40D2-BFB2-BC5B2CE3491E}","PlanNumber":"KAP23","PIN":null,"PID":12793515,"Designation1":"Lot 18","Designation2":"Block 1","Designation3":null,"ParcelStatus":"ACTIVE","RegionalDistrict":"0019","ParcelClass":"SUBDIVISION","SourceParcelID":null,"GeometrySource":"ICF","IsRemainder":"NO","ParcelStartDate":null,"PositionalError":0.95364824,"LegalDescription":"LOT 18 BLOCK 1 DISTRICT LOT 108 SIMILKAMEEN DIVISION YALE DISTRICT PLAN 23","CaptureMethod":"COGO IN SOURCE","OwnerType":"PRIVATE","Compiled":1,"CreatedDate":"2016-09-20T23:24:06.000Z","ModifiedDate":"2025-06-10T15:48:56.000Z","StatedArea":null,"ErrorReportedBy":"PMBC-OPERATIONS","Municipality":"0044","OBJECTID":49126,"created_user":"SDE","created_date":"2024-11-12T16:15:31.000Z","last_edited_user":"SDE","last_edited_date":"2026-03-25T16:06:10.000Z","Shape__Area":329.238077675,"Shape__Length":90.24982369340877,"CommonName":null,"SourceGlobalID":"{88B0A201-0BAD-4E6E-BF54-B5B5D9D2B8A6}","Comments":null,"UpdateStatus":"AUTO","UpdateSource":"PMBC"}},{"type":"Feature","geometry":{"type":"Polygon","coordinates":[[[-118.436591,49.030877],[-118.437048,49.030757],[-118.437094,49.030833],[-118.436638,49.030953],[-118.436591,49.030877]]]},"properties":{"GlobalID":"{8ED4DEA4-EDAA-4B32-B313-95B7334C3B79}","Name":"012795976","PlanID":"{459DC7C6-CC44-40D2-BFB2-BC5B2CE3491E}","PlanNumber":"KAP23","PIN":null,"PID":12795976,"Designation1":"Lot 18","Designation2":"Block 8","Designation3":null,"ParcelStatus":"ACTIVE","RegionalDistrict":"0019","ParcelClass":"SUBDIVISION","SourceParcelID":"21000089000","GeometrySource":"ICF","IsRemainder":"NO","ParcelStartDate":null,"PositionalError":0.73723351,"LegalDescription":"LOT 18 BLOCK 8 DISTRICT LOT 108 SIMILKAMEEN DIVISION YALE DISTRICT PLAN 23","CaptureMethod":"COGO IN SOURCE","OwnerType":"PRIVATE","Compiled":1,"CreatedDate":"2016-09-20T23:24:06.000Z","ModifiedDate":"2025-06-10T15:48:56.000Z","StatedArea":null,"ErrorReportedBy":"PMBC-OPERATIONS","Municipality":"0044","OBJECTID":49127,"created_user":"SDE","created_date":"2024-11-12T16:15:31.000Z","last_edited_user":"SDE","last_edited_date":"2026-03-25T16:06:10.000Z","Shape__Area":328.498558115,"Shape__Length":90.11847714071095,"CommonName":null,"SourceGlobalID":"{FDB10D8C-3899-4B0D-AF92-796ED23018BA}","Comments":null,"UpdateStatus":"AUTO","UpdateSource":"PMBC"}},{"type":"Feature","geometry":{"type":"Polygon","coordinates":[[[-118.437141,49.03091],[-118.437149,49.030922],[-118.437187,49.030986],[-118.43673,49.031106],[-118.436684,49.03103],[-118.437141,49.03091]]]},"properties":{"GlobalID":"{91CA561E-BD2C-438B-B8FB-F8322C297EC3}","Name":"012795925","PlanID":"{459DC7C6-CC44-40D2-BFB2-BC5B2CE3491E}","PlanNumber":"KAP23","PIN":null,"PID":12795925,"Designation1":"Lot 16","Designation2":"Block 8","Designation3":null,"ParcelStatus":"ACTIVE","RegionalDistrict":"0019","ParcelClass":"SUBDIVISION","SourceParcelID":"21000088000","GeometrySource":"ICF","IsRemainder":"NO","ParcelStartDate":null,"PositionalError":0.72934218,"LegalDescription":"LOT 16 BLOCK 8 DISTRICT LOT 108 SIMILKAMEEN DIVISION YALE DISTRICT PLAN 23","CaptureMethod":"COGO IN SOURCE","OwnerType":"PRIVATE","Compiled":1,"CreatedDate":"2016-09-20T23:24:06.000Z","ModifiedDate":"2021-11-03T23:52:42.000Z","StatedArea":null,"ErrorReportedBy":"PMBC-OPERATIONS","Municipality":"0044","OBJECTID":49128,"created_user":"SDE","created_date":"2024-11-12T16:15:31.000Z","last_edited_user":"SDE","last_edited_date":"2026-03-25T16:06:10.000Z","Shape__Area":327.555968765,"Shape__Length":90.13706983563458,"CommonName":null,"SourceGlobalID":"{2917F846-122C-41F5-AFB2-B94814B483A7}","Comments":null,"UpdateStatus":"AUTO","UpdateSource":"PMBC"}},{"type":"Feature","geometry":{"type":"Polygon","coordinates":[[[-118.437141,49.03091],[-118.436684,49.03103],[-118.436638,49.030953],[-118.437094,49.030833],[-118.437141,49.03091]]]},"properties":{"GlobalID":"{000A3787-B849-48CA-A982-9CFB49659D5A}","Name":"012795950","PlanID":"{459DC7C6-CC44-40D2-BFB2-BC5B2CE3491E}","PlanNumber":"KAP23","PIN":null,"PID":12795950,"Designation1":"Lot 17","Designation2":"Block 8","Designation3":null,"ParcelStatus":"ACTIVE","RegionalDistrict":"0019","ParcelClass":"SUBDIVISION","SourceParcelID":null,"GeometrySource":"ICF","IsRemainder":"NO","ParcelStartDate":null,"PositionalError":0.72940495,"LegalDescription":"LOT 17 BLOCK 8 DISTRICT LOT 108 SIMILKAMEEN DIVISION YALE DISTRICT PLAN 23","CaptureMethod":"COGO IN SOURCE","OwnerType":"PRIVATE","Compiled":1,"CreatedDate":"2016-09-20T23:24:06.000Z","ModifiedDate":"2021-11-03T23:52:42.000Z","StatedArea":null,"ErrorReportedBy":"PMBC-OPERATIONS","Municipality":"0044","OBJECTID":49129,"created_user":"SDE","created_date":"2024-11-12T16:15:31.000Z","last_edited_user":"SDE","last_edited_date":"2026-03-25T16:06:10.000Z","Shape__Area":328.78509013,"Shape__Length":90.17914912729357,"CommonName":null,"SourceGlobalID":"{D71828ED-8A0D-4091-986F-9C5FD37C0BF1}","Comments":null,"UpdateStatus":"AUTO","UpdateSource":"PMBC"}},{"type":"Feature","geometry":{"type":"Polygon","coordinates":[[[-118.43695,49.03145],[-118.436764,49.031145],[-118.43688,49.031114],[-118.437065,49.031419],[-118.43695,49.03145]]]},"properties":{"GlobalID":"{55C5634D-2558-4502-93B1-A5A7F5E89D3B}","Name":"012786161","PlanID":"{459DC7C6-CC44-40D2-BFB2-BC5B2CE3491E}","PlanNumber":"KAP23","PIN":null,"PID":12786161,"Designation1":"Lot 12","Designation2":"Block 8","Designation3":null,"ParcelStatus":"ACTIVE","RegionalDistrict":"0019","ParcelClass":"SUBDIVISION","SourceParcelID":null,"GeometrySource":"ICF","IsRemainder":"NO","ParcelStartDate":null,"PositionalError":0.10247321,"LegalDescription":"LOT 12 BLOCK 8 DISTRICT LOT 108 SIMILKAMEEN DIVISION YALE DISTRICT PLAN 23","CaptureMethod":"COGO IN SOURCE","OwnerType":"PRIVATE","Compiled":1,"CreatedDate":"2016-09-20T23:24:06.000Z","ModifiedDate":"2021-11-03T23:52:42.000Z","StatedArea":null,"ErrorReportedBy":"PMBC-OPERATIONS","Municipality":"0044","OBJECTID":49130,"created_user":"SDE","created_date":"2024-11-12T16:15:31.000Z","last_edited_user":"SDE","last_edited_date":"2026-03-25T16:06:10.000Z","Shape__Area":333.38417886,"Shape__Length":91.29727032261167,"CommonName":null,"SourceGlobalID":"{F0D8D9E5-54BF-4750-9AC0-07DC584AD5E8}","Comments":null,"UpdateStatus":"AUTO","UpdateSource":"PMBC"}},{"type":"Feature","geometry":{"type":"Polygon","coordinates":[[[-118.436227,49.03115],[-118.436684,49.03103],[-118.43673,49.031106],[-118.436274,49.031226],[-118.436227,49.03115]]]},"properties":{"GlobalID":"{B423AE79-78A3-4182-9F3E-D141FD91C1F3}","Name":"012795909","PlanID":"{459DC7C6-CC44-40D2-BFB2-BC5B2CE3491E}","PlanNumber":"KAP23","PIN":null,"PID":12795909,"Designation1":"Lot 7","Designation2":"Block 8","Designation3":null,"ParcelStatus":"ACTIVE","RegionalDistrict":"0019","ParcelClass":"SUBDIVISION","SourceParcelID":"21000085100","GeometrySource":"ICF","IsRemainder":"NO","ParcelStartDate":null,"PositionalError":0.72421383,"LegalDescription":"LOT 7 BLOCK 8 DISTRICT LOT 108 SIMILKAMEEN DIVISION YALE DISTRICT PLAN 23","CaptureMethod":"COGO IN SOURCE","OwnerType":"PRIVATE","Compiled":1,"CreatedDate":"2016-09-20T23:24:06.000Z","ModifiedDate":"2025-08-04T12:56:06.000Z","StatedArea":null,"ErrorReportedBy":"PMBC-OPERATIONS","Municipality":"0044","OBJECTID":49131,"created_user":"SDE","created_date":"2024-11-12T16:15:31.000Z","last_edited_user":"SDE","last_edited_date":"2026-03-25T16:06:10.000Z","Shape__Area":328.005714025,"Shape__Length":90.1963181772972,"CommonName":null,"SourceGlobalID":"{7D493088-8C21-4E2D-8395-524FCFA03BF7}","Comments":null,"UpdateStatus":"AUTO","UpdateSource":"PMBC"}},{"type":"Feature","geometry":{"type":"Polygon","coordinates":[[[-118.436648,49.031175],[-118.436764,49.031145],[-118.43695,49.03145],[-118.436834,49.03148],[-118.436648,49.031175]]]},"properties":{"GlobalID":"{B6879EE5-3EA0-4635-97F8-746B13275F10}","Name":"012786136","PlanID":"{459DC7C6-CC44-40D2-BFB2-BC5B2CE3491E}","PlanNumber":"KAP23","PIN":null,"PID":12786136,"Designation1":"Lot 11","Designation2":"Block 8","Designation3":null,"ParcelStatus":"ACTIVE","RegionalDistrict":"0019","ParcelClass":"SUBDIVISION","SourceParcelID":null,"GeometrySource":"ICF","IsRemainder":"NO","ParcelStartDate":null,"PositionalError":0.10488358,"LegalDescription":"LOT 11 BLOCK 8 DISTRICT LOT 108 SIMILKAMEEN DIVISION YALE DISTRICT PLAN 23","CaptureMethod":"COGO IN SOURCE","OwnerType":"PRIVATE","Compiled":1,"CreatedDate":"2016-09-20T23:24:06.000Z","ModifiedDate":"2025-08-04T12:56:06.000Z","StatedArea":null,"ErrorReportedBy":"PMBC-OPERATIONS","Municipality":"0044","OBJECTID":49132,"created_user":"SDE","created_date":"2024-11-12T16:15:31.000Z","last_edited_user":"SDE","last_edited_date":"2026-03-25T16:06:10.000Z","Shape__Area":333.348602275,"Shape__Length":91.32109046311042,"CommonName":null,"SourceGlobalID":"{C5087FC5-3812-49E6-82FE-9F33C84C39A6}","Comments":null,"UpdateStatus":"AUTO","UpdateSource":"PMBC"}},{"type":"Feature","geometry":{"type":"Polygon","coordinates":[[[-118.436545,49.0308],[-118.437001,49.030681],[-118.437048,49.030757],[-118.436591,49.030877],[-118.436545,49.0308]]]},"properties":{"GlobalID":"{F83ED655-4BC5-41BD-91AC-CED95788E534}","Name":"012795984","PlanID":"{459DC7C6-CC44-40D2-BFB2-BC5B2CE3491E}","PlanNumber":"KAP23","PIN":null,"PID":12795984,"Designation1":"Lot 19","Designation2":"Block 8","Designation3":null,"ParcelStatus":"ACTIVE","RegionalDistrict":"0019","ParcelClass":"SUBDIVISION","SourceParcelID":"21000090000","GeometrySource":"ICF","IsRemainder":"NO","ParcelStartDate":null,"PositionalError":0.7441732,"LegalDescription":"LOT 19 BLOCK 8 DISTRICT LOT 108 SIMILKAMEEN DIVISION YALE DISTRICT PLAN 23","CaptureMethod":"COGO IN SOURCE","OwnerType":"PRIVATE","Compiled":1,"CreatedDate":"2016-09-20T23:24:06.000Z","ModifiedDate":"2021-11-03T23:52:42.000Z","StatedArea":null,"ErrorReportedBy":"PMBC-OPERATIONS","Municipality":"0044","OBJECTID":49133,"created_user":"SDE","created_date":"2024-11-12T16:15:31.000Z","last_edited_user":"SDE","last_edited_date":"2026-03-25T16:06:10.000Z","Shape__Area":327.77756889,"Shape__Length":90.03427935311396,"CommonName":null,"SourceGlobalID":"{89C521ED-58D5-4548-8D1A-49D46B14A85C}","Comments":null,"UpdateStatus":"AUTO","UpdateSource":"PMBC"}},{"type":"Feature","geometry":{"type":"Polygon","coordinates":[[[-118.43608,49.032201],[-118.4361,49.032196],[-118.4361,49.032196],[-118.436184,49.032173],[-118.436289,49.032145],[-118.436389,49.032118],[-118.436504,49.032087],[-118.43654,49.032145],[-118.436559,49.032176],[-118.436631,49.032294],[-118.436546,49.032341],[-118.436403,49.032422],[-118.436403,49.032422],[-118.436265,49.0325],[-118.43608,49.032201]]]},"properties":{"GlobalID":"{041089E1-1129-4078-825C-86489560B44D}","Name":"024793094","PlanID":"{A51061CA-5D13-417F-BD9A-C0C0AF2785C1}","PlanNumber":"KAP66917","PIN":null,"PID":24793094,"Designation1":"Lot 1","Designation2":null,"Designation3":null,"ParcelStatus":"ACTIVE","RegionalDistrict":"0019","ParcelClass":"SUBDIVISION","SourceParcelID":"21000019005","GeometrySource":"ICF","IsRemainder":"NO","ParcelStartDate":"2000-06-12T07:00:00.000Z","PositionalError":0.22087033,"LegalDescription":"LOT 1 DISTRICT LOT 108 SIMILKAMEEN DIVISION YALE DISTRICT PLAN KAP66917","CaptureMethod":"COGO IN SOURCE","OwnerType":"PRIVATE","Compiled":1,"CreatedDate":"2016-09-20T23:24:06.000Z","ModifiedDate":"2025-08-04T12:56:06.000Z","StatedArea":null,"ErrorReportedBy":"PMBC-OPERATIONS","Municipality":"0044","OBJECTID":49134,"created_user":"SDE","created_date":"2024-11-12T16:15:31.000Z","last_edited_user":"SDE","last_edited_date":"2026-03-25T16:06:10.000Z","Shape__Area":1014.38180687,"Shape__Length":129.37929651405366,"CommonName":null,"SourceGlobalID":"{280151BA-4CFB-4387-86C2-39D2A52D5ACA}","Comments":null,"UpdateStatus":"AUTO","UpdateSource":"PMBC"}},{"type":"Feature","geometry":{"type":"Polygon","coordinates":[[[-118.435989,49.03077],[-118.436451,49.030648],[-118.436499,49.030724],[-118.43604,49.030845],[-118.435989,49.03077]]]},"properties":{"GlobalID":"{BF357792-0845-4FD3-AFC7-BD36CEB71069}","Name":"012795861","PlanID":"{459DC7C6-CC44-40D2-BFB2-BC5B2CE3491E}","PlanNumber":"KAP23","PIN":null,"PID":12795861,"Designation1":"Lot 2","Designation2":"Block 8","Designation3":null,"ParcelStatus":"ACTIVE","RegionalDistrict":"0019","ParcelClass":"SUBDIVISION","SourceParcelID":"21000082000","GeometrySource":"ICF","IsRemainder":"NO","ParcelStartDate":null,"PositionalError":0.94615753,"LegalDescription":"LOT 2 BLOCK 8 DISTRICT LOT 108 SIMILKAMEEN DIVISION YALE DISTRICT PLAN 23","CaptureMethod":"COGO IN SOURCE","OwnerType":"PRIVATE","Compiled":1,"CreatedDate":"2016-09-20T23:24:06.000Z","ModifiedDate":"2021-11-03T23:52:42.000Z","StatedArea":null,"ErrorReportedBy":"PMBC-OPERATIONS","Municipality":"0044","OBJECTID":49135,"created_user":"SDE","created_date":"2024-11-12T16:15:31.000Z","last_edited_user":"SDE","last_edited_date":"2026-03-25T16:06:10.000Z","Shape__Area":332.00644788,"Shape__Length":90.81280504461007,"CommonName":null,"SourceGlobalID":"{A3B666A6-72EB-4E30-B62A-14B0019531D8}","Comments":null,"UpdateStatus":"AUTO","UpdateSource":"PMBC"}},{"type":"Feature","geometry":{"type":"Polygon","coordinates":[[[-118.4367,49.031923],[-118.437176,49.031797],[-118.437241,49.031903],[-118.437036,49.031957],[-118.436765,49.03203],[-118.4367,49.031923]]]},"properties":{"GlobalID":"{4192D457-3C89-495B-8F80-D217E644A38B}","Name":"010081704","PlanID":"{2CF3F57F-0402-4287-9ABB-CE5FB4534DF0}","PlanNumber":"KAP6691","PIN":null,"PID":10081704,"Designation1":"Lot 2","Designation2":null,"Designation3":null,"ParcelStatus":"ACTIVE","RegionalDistrict":"0019","ParcelClass":"SUBDIVISION","SourceParcelID":"21000080000","GeometrySource":"ICF","IsRemainder":"NO","ParcelStartDate":null,"PositionalError":0.08897294,"LegalDescription":"LOT 2 DISTRICT LOT 108 SIMILKAMEEN DIVISION YALE DISTRICT PLAN 6691","CaptureMethod":"COGO IN SOURCE","OwnerType":"PRIVATE","Compiled":1,"CreatedDate":"2016-09-20T23:24:06.000Z","ModifiedDate":"2025-08-04T12:56:06.000Z","StatedArea":null,"ErrorReportedBy":"PMBC-OPERATIONS","Municipality":"0044","OBJECTID":49136,"created_user":"SDE","created_date":"2024-11-12T16:15:31.000Z","last_edited_user":"SDE","last_edited_date":"2026-03-25T16:06:10.000Z","Shape__Area":475.9662718,"Shape__Length":100.4182959579712,"CommonName":null,"SourceGlobalID":"{3015287D-B3E5-43F5-AA2B-F5C503787DFE}","Comments":null,"UpdateStatus":"AUTO","UpdateSource":"PMBC"}},{"type":"Feature","geometry":{"type":"Polygon","coordinates":[[[-118.435418,49.031189],[-118.435873,49.031066],[-118.435921,49.031143],[-118.435465,49.031265],[-118.435418,49.031189]]]},"properties":{"GlobalID":"{6FC82BB4-09B3-4FB3-94E5-9C8C32EB8885}","Name":"003559491","PlanID":"{459DC7C6-CC44-40D2-BFB2-BC5B2CE3491E}","PlanNumber":"KAP23","PIN":null,"PID":3559491,"Designation1":"Lot 20","Designation2":"Block 1","Designation3":null,"ParcelStatus":"ACTIVE","RegionalDistrict":"0019","ParcelClass":"SUBDIVISION","SourceParcelID":null,"GeometrySource":"ICF","IsRemainder":"NO","ParcelStartDate":null,"PositionalError":0.93344623,"LegalDescription":"LOT 20 BLOCK 1 DISTRICT LOT 108 SIMILKAMEEN DIVISION YALE DISTRICT PLAN 23","CaptureMethod":"COGO IN SOURCE","OwnerType":"PRIVATE","Compiled":1,"CreatedDate":"2016-09-20T23:24:06.000Z","ModifiedDate":"2025-06-10T15:48:56.000Z","StatedArea":null,"ErrorReportedBy":"PMBC-OPERATIONS","Municipality":"0044","OBJECTID":49137,"created_user":"SDE","created_date":"2024-11-12T16:15:31.000Z","last_edited_user":"SDE","last_edited_date":"2026-03-25T16:06:10.000Z","Shape__Area":328.96660317,"Shape__Length":90.23681487279181,"CommonName":null,"SourceGlobalID":"{501602D6-B3A2-4FAF-B989-0642CA290C5A}","Comments":null,"UpdateStatus":"AUTO","UpdateSource":"PMBC"}},{"type":"Feature","geometry":{"type":"Polygon","coordinates":[[[-118.436718,49.031511],[-118.436532,49.031206],[-118.436648,49.031175],[-118.436834,49.03148],[-118.436718,49.031511]]]},"properties":{"GlobalID":"{34564A60-8BA8-4F6A-A96B-242F7CDB80C7}","Name":"012786128","PlanID":"{459DC7C6-CC44-40D2-BFB2-BC5B2CE3491E}","PlanNumber":"KAP23","PIN":null,"PID":12786128,"Designation1":"Lot 10","Designation2":"Block 8","Designation3":null,"ParcelStatus":"ACTIVE","RegionalDistrict":"0019","ParcelClass":"SUBDIVISION","SourceParcelID":null,"GeometrySource":"ICF","IsRemainder":"NO","ParcelStartDate":null,"PositionalError":0.10742516,"LegalDescription":"LOT 10 BLOCK 8 DISTRICT LOT 108 SIMILKAMEEN DIVISION YALE DISTRICT PLAN 23","CaptureMethod":"COGO IN SOURCE","OwnerType":"PRIVATE","Compiled":1,"CreatedDate":"2016-09-20T23:24:06.000Z","ModifiedDate":"2021-11-03T23:52:42.000Z","StatedArea":null,"ErrorReportedBy":"PMBC-OPERATIONS","Municipality":"0044","OBJECTID":49138,"created_user":"SDE","created_date":"2024-11-12T16:15:31.000Z","last_edited_user":"SDE","last_edited_date":"2026-03-25T16:06:10.000Z","Shape__Area":333.98264586,"Shape__Length":91.35629684553712,"CommonName":null,"SourceGlobalID":"{E62A3720-A70F-4BEE-8499-7B63A885420F}","Comments":null,"UpdateStatus":"AUTO","UpdateSource":"PMBC"}},{"type":"Feature","geometry":{"type":"Polygon","coordinates":[[[-118.437641,49.031727],[-118.437545,49.031781],[-118.437385,49.03153],[-118.437501,49.031499],[-118.437641,49.031727]]]},"properties":{"GlobalID":"{6C354A87-4543-4CB6-BD49-4EEAC2C17112}","Name":"012785946","PlanID":"{459DC7C6-CC44-40D2-BFB2-BC5B2CE3491E}","PlanNumber":"KAP23","PIN":null,"PID":12785946,"Designation1":"Lot 8","Designation2":"Block 7","Designation3":null,"ParcelStatus":"ACTIVE","RegionalDistrict":"0019","ParcelClass":"SUBDIVISION","SourceParcelID":null,"GeometrySource":"ICF","IsRemainder":"NO","ParcelStartDate":null,"PositionalError":0.0895443,"LegalDescription":"LOT 8 BLOCK 7 DISTRICT LOT 108 SIMILKAMEEN DIVISION YALE DISTRICT PLAN 23","CaptureMethod":"COGO IN SOURCE","OwnerType":"PRIVATE","Compiled":1,"CreatedDate":"2016-09-20T23:24:06.000Z","ModifiedDate":"2021-11-03T23:52:42.000Z","StatedArea":null,"ErrorReportedBy":"PMBC-OPERATIONS","Municipality":"0044","OBJECTID":49139,"created_user":"SDE","created_date":"2024-11-12T16:15:31.000Z","last_edited_user":"SDE","last_edited_date":"2026-03-25T16:06:10.000Z","Shape__Area":258.822668885,"Shape__Length":76.13353100536048,"CommonName":null,"SourceGlobalID":"{EF3819BC-2FDB-44DB-AE37-6B5C33D80208}","Comments":null,"UpdateStatus":"AUTO","UpdateSource":"PMBC"}},{"type":"Feature","geometry":{"type":"Polygon","coordinates":[[[-117.777486,49.077628],[-117.777599,49.077604],[-117.777711,49.077576],[-117.77786,49.077544],[-117.778007,49.077507],[-117.77818,49.077458],[-117.778351,49.077402],[-117.77852,49.07734],[-117.77852,49.077389],[-117.778518,49.077986],[-117.777665,49.078001],[-117.777486,49.077628]]]},"properties":{"GlobalID":"{1E5B408B-F5F0-49CB-8A12-8B824CFCC6E5}","Name":"018879403","PlanID":"{69BFB62E-4AF3-4057-A1F0-C3DEE5B5D2C1}","PlanNumber":"NEP21502","PIN":null,"PID":18879403,"Designation1":"Lot 1","Designation2":null,"Designation3":null,"ParcelStatus":"ACTIVE","RegionalDistrict":"0019","ParcelClass":"SUBDIVISION","SourceParcelID":null,"GeometrySource":"PMBC-OPERATIONS","IsRemainder":"NO","ParcelStartDate":"1994-08-23T07:00:00.000Z","PositionalError":1.2998464,"LegalDescription":"LOT 1 SECTION 36 TOWNSHIP 9A KOOTENAY DISTRICT PLAN NEP21502","CaptureMethod":"COGO","OwnerType":"PRIVATE","Compiled":1,"CreatedDate":"2016-09-20T23:24:06.000Z","ModifiedDate":"2026-01-05T18:53:56.000Z","StatedArea":null,"ErrorReportedBy":"LSA","Municipality":"0163","OBJECTID":49140,"created_user":"SDE","created_date":"2024-11-12T16:15:31.000Z","last_edited_user":"SDE","last_edited_date":"2026-03-25T16:06:10.000Z","Shape__Area":3885.43244975,"Shape__Length":259.95447498245335,"CommonName":null,"SourceGlobalID":"{27D5DC45-808C-44D3-9D4F-95806A334B23}","Comments":null,"UpdateStatus":"AUTO","UpdateSource":"PMBC"}},{"type":"Feature","geometry":{"type":"Polygon","coordinates":[[[-117.777399,49.078275],[-117.777125,49.077683],[-117.777206,49.077673],[-117.777347,49.077653],[-117.777486,49.077628],[-117.777665,49.078001],[-117.778518,49.077986],[-117.778518,49.078167],[-117.77747,49.07843],[-117.777399,49.078275]]]},"properties":{"GlobalID":"{9FA792AB-C31A-4B7B-A02A-7EDD314E8BE1}","Name":"018879411","PlanID":"{69BFB62E-4AF3-4057-A1F0-C3DEE5B5D2C1}","PlanNumber":"NEP21502","PIN":null,"PID":18879411,"Designation1":"Lot 2","Designation2":null,"Designation3":null,"ParcelStatus":"ACTIVE","RegionalDistrict":"0019","ParcelClass":"SUBDIVISION","SourceParcelID":null,"GeometrySource":"PMBC-OPERATIONS","IsRemainder":"NO","ParcelStartDate":"1994-08-23T07:00:00.000Z","PositionalError":1.2998464,"LegalDescription":"LOT 2 SECTION 36 TOWNSHIP 9A KOOTENAY DISTRICT PLAN NEP21502","CaptureMethod":"COGO","OwnerType":"PRIVATE","Compiled":1,"CreatedDate":"2016-09-20T23:24:06.000Z","ModifiedDate":"2026-01-05T18:53:56.000Z","StatedArea":null,"ErrorReportedBy":"LSA","Municipality":"0163","OBJECTID":49141,"created_user":"SDE","created_date":"2024-11-12T16:15:31.000Z","last_edited_user":"SDE","last_edited_date":"2026-03-25T16:06:10.000Z","Shape__Area":4016.55832693,"Shape__Length":321.7518304071754,"CommonName":null,"SourceGlobalID":"{6D752287-86AB-4D18-BB1F-2C4B465BF429}","Comments":null,"UpdateStatus":"AUTO","UpdateSource":"PMBC"}},{"type":"Feature","geometry":{"type":"Polygon","coordinates":[[[-118.458154,49.009996],[-118.458142,49.007504],[-118.458385,49.007504],[-118.458395,49.009963],[-118.458154,49.009996]]]},"properties":{"GlobalID":"{E755EA9F-03E5-4539-95B4-45D57FC5482F}","Name":"012684775","PlanID":"{EC075DF1-2DC4-4CF4-84EC-E9E75727A52C}","PlanNumber":"KAP140","PIN":null,"PID":12684775,"Designation1":"REM Lot 16","Designation2":null,"Designation3":null,"ParcelStatus":"ACTIVE","RegionalDistrict":"0019","ParcelClass":"SUBDIVISION","SourceParcelID":null,"GeometrySource":"MODIFIED-ICF","IsRemainder":"YES","ParcelStartDate":"2016-08-10T07:00:00.000Z","PositionalError":5.7255137,"LegalDescription":"LOT 16 DISTRICT LOT 500 SIMILKAMEEN DIVISION YALE DISTRICT PLAN 140 EXCEPT PLANS B796 AND B1599","CaptureMethod":"UNKNOWN","OwnerType":"PRIVATE","Compiled":0,"CreatedDate":"2019-12-20T22:22:00.000Z","ModifiedDate":"2021-11-05T18:00:01.000Z","StatedArea":"4832","ErrorReportedBy":"PMBC-OPERATIONS","Municipality":"0163","OBJECTID":49142,"created_user":"SDE","created_date":"2024-11-12T16:15:31.000Z","last_edited_user":"SDE","last_edited_date":"2026-03-25T16:06:10.000Z","Shape__Area":4874.668493705,"Shape__Length":586.3041535285876,"CommonName":null,"SourceGlobalID":"{F3ADD7A3-963B-4EDA-9015-AD09CA10033A}","Comments":null,"UpdateStatus":"AUTO","UpdateSource":"PMBC"}},{"type":"Feature","geometry":{"type":"Polygon","coordinates":[[[-118.452547,49.012428],[-118.452303,49.012454],[-118.452147,49.012461],[-118.452001,49.012461],[-118.451643,49.012438],[-118.451447,49.012424],[-118.451479,49.011202],[-118.452632,49.011043],[-118.452625,49.012416],[-118.452547,49.012428]]]},"properties":{"GlobalID":"{3E9FFE42-7AA3-4247-A126-A22E46FDCF39}","Name":"001489739","PlanID":"{FBBC5BB7-9E91-4677-9C89-94C8581260C6}","PlanNumber":"KAP35317","PIN":null,"PID":1489739,"Designation1":"Lot 1","Designation2":null,"Designation3":null,"ParcelStatus":"ACTIVE","RegionalDistrict":"0019","ParcelClass":"SUBDIVISION","SourceParcelID":null,"GeometrySource":"ICF","IsRemainder":"NO","ParcelStartDate":null,"PositionalError":5.73812239,"LegalDescription":"LOT 1 DISTRICT LOT 519 SIMILKAMEEN DIVISION YALE DISTRICT PLAN 35317","CaptureMethod":"UNKNOWN","OwnerType":"PRIVATE","Compiled":1,"CreatedDate":"2016-09-20T23:24:06.000Z","ModifiedDate":"2021-11-05T17:53:33.000Z","StatedArea":null,"ErrorReportedBy":"LSA","Municipality":"0163","OBJECTID":49143,"created_user":"SDE","created_date":"2024-11-12T16:15:31.000Z","last_edited_user":"SDE","last_edited_date":"2026-03-25T16:06:10.000Z","Shape__Area":12528.43975733,"Shape__Length":461.55444010989805,"CommonName":null,"SourceGlobalID":"{BD867FB9-E227-42A9-ACCF-0ACB80CE84ED}","Comments":null,"UpdateStatus":"AUTO","UpdateSource":"PMBC"}},{"type":"Feature","geometry":{"type":"Polygon","coordinates":[[[-118.46597,49.009139],[-118.46589,49.009205],[-118.46412,49.00945],[-118.464239,49.00942],[-118.464357,49.009384],[-118.464473,49.009341],[-118.464587,49.009293],[-118.464698,49.009239],[-118.464806,49.009179],[-118.46491,49.009114],[-118.465012,49.009043],[-118.465394,49.00899],[-118.465386,49.007523],[-118.465885,49.007524],[-118.465975,49.007573],[-118.465971,49.008887],[-118.46597,49.008928],[-118.46597,49.009139]]]},"properties":{"GlobalID":"{55FD396C-5D19-4412-A5D1-30027420F3E3}","Name":"007597797","PlanID":"{40C81303-087A-495E-8830-B3B4077509EE}","PlanNumber":"KAP38131","PIN":null,"PID":7597797,"Designation1":"Lot 1","Designation2":null,"Designation3":null,"ParcelStatus":"ACTIVE","RegionalDistrict":"0019","ParcelClass":"SUBDIVISION","SourceParcelID":null,"GeometrySource":"ICF","IsRemainder":"NO","ParcelStartDate":null,"PositionalError":3.35827631,"LegalDescription":"LOT 1 DISTRICT LOT 500 SIMILKAMEEN DIVISION YALE DISTRICT PLAN 38131","CaptureMethod":"UNKNOWN","OwnerType":"PRIVATE","Compiled":1,"CreatedDate":"2016-09-20T23:24:06.000Z","ModifiedDate":"2021-11-05T18:00:01.000Z","StatedArea":"9396","ErrorReportedBy":"PMBC-OPERATIONS","Municipality":"0163","OBJECTID":49144,"created_user":"SDE","created_date":"2024-11-12T16:15:31.000Z","last_edited_user":"SDE","last_edited_date":"2026-03-25T16:06:10.000Z","Shape__Area":9697.802255225,"Shape__Length":632.8477794807983,"CommonName":null,"SourceGlobalID":"{6659B6AA-F7A0-4919-979B-B0E913AF4319}","Comments":null,"UpdateStatus":"AUTO","UpdateSource":"PMBC"}},{"type":"Feature","geometry":{"type":"Polygon","coordinates":[[[-118.444323,49.013055],[-118.444432,49.012962],[-118.444544,49.012873],[-118.444659,49.012788],[-118.444777,49.012706],[-118.444897,49.012628],[-118.445022,49.012552],[-118.445149,49.012479],[-118.445278,49.01241],[-118.445409,49.012345],[-118.4456,49.012256],[-118.445794,49.012174],[-118.445991,49.012099],[-118.44619,49.01203],[-118.446392,49.011968],[-118.446595,49.011912],[-118.4468,49.011864],[-118.447007,49.011822],[-118.447006,49.011999],[-118.447005,49.012304],[-118.447004,49.012468],[-118.446931,49.012476],[-118.446749,49.0125],[-118.44654,49.012545],[-118.446345,49.012599],[-118.445865,49.012732],[-118.445473,49.012846],[-118.445119,49.013025],[-118.444925,49.01317],[-118.444762,49.013341],[-118.444708,49.013414],[-118.444323,49.013055]]]},"properties":{"GlobalID":"{4CD8E308-85CC-41D7-A58E-ABBE15780DF6}","Name":"009032126","PlanID":"{07C61E0B-F554-400F-A48D-E0EC01DAC051}","PlanNumber":"KAP899B","PIN":null,"PID":9032126,"Designation1":"PART 519","Designation2":null,"Designation3":null,"ParcelStatus":"ACTIVE","RegionalDistrict":"0019","ParcelClass":"SUBDIVISION","SourceParcelID":null,"GeometrySource":"ICF","IsRemainder":"NO","ParcelStartDate":null,"PositionalError":4.8306227,"LegalDescription":"THAT PART OF DISTRICT LOT 519 SHOWN ON PLAN B899; SIMILKAMEEN DIVISION YALE DISTRICT","CaptureMethod":"UNKNOWN","OwnerType":"PRIVATE","Compiled":1,"CreatedDate":"2016-09-20T23:24:06.000Z","ModifiedDate":"2025-07-30T20:47:14.000Z","StatedArea":null,"ErrorReportedBy":"LSA","Municipality":"0163","OBJECTID":49145,"created_user":"SDE","created_date":"2024-11-12T16:15:31.000Z","last_edited_user":"SDE","last_edited_date":"2026-03-25T16:06:10.000Z","Shape__Area":11997.45508314,"Shape__Length":569.8993504564842,"CommonName":null,"SourceGlobalID":"{CD9AAC51-C028-4B17-A3D1-21442B29FBAE}","Comments":null,"UpdateStatus":"AUTO","UpdateSource":"PMBC"}},{"type":"Feature","geometry":{"type":"Polygon","coordinates":[[[-118.464947,49.008729],[-118.464951,49.009052],[-118.464435,49.009124],[-118.464518,49.009082],[-118.464598,49.009035],[-118.464675,49.008982],[-118.464749,49.008926],[-118.464819,49.008864],[-118.464885,49.008799],[-118.464947,49.008729]]]},"properties":{"GlobalID":"{3B84F708-3717-4150-B7D3-6EB017E6F789}","Name":"014956373","PlanID":"{F0DB3B36-A152-4C45-B118-275779D2B1D7}","PlanNumber":"NO_PLAN","PIN":null,"PID":14956373,"Designation1":"PART 500","Designation2":null,"Designation3":null,"ParcelStatus":"ACTIVE","RegionalDistrict":"0019","ParcelClass":"SUBDIVISION","SourceParcelID":null,"GeometrySource":"ICF","IsRemainder":"NO","ParcelStartDate":null,"PositionalError":2.20681759,"LegalDescription":"THAT PART OF DISTRICT LOT 500 SHOWN RED ON PLAN ATTACHED TO DD 27768 SIMILKAMEEN DIVISION YALE DISTRICT","CaptureMethod":"UNKNOWN","OwnerType":"PRIVATE","Compiled":1,"CreatedDate":"2016-09-20T23:24:06.000Z","ModifiedDate":"2021-11-05T18:00:01.000Z","StatedArea":null,"ErrorReportedBy":"PMBC-OPERATIONS","Municipality":"0163","OBJECTID":49146,"created_user":"SDE","created_date":"2024-11-12T16:15:31.000Z","last_edited_user":"SDE","last_edited_date":"2026-03-25T16:06:10.000Z","Shape__Area":556.32094281,"Shape__Length":132.62936209123254,"CommonName":null,"SourceGlobalID":"{65F75784-4568-4995-B418-02352C9B66B5}","Comments":null,"UpdateStatus":"AUTO","UpdateSource":"PMBC"}},{"type":"Feature","geometry":{"type":"Polygon","coordinates":[[[-118.464947,49.008729],[-118.464885,49.008799],[-118.464819,49.008864],[-118.464749,49.008926],[-118.464675,49.008982],[-118.464598,49.009035],[-118.464518,49.009082],[-118.464435,49.009124],[-118.463992,49.009185],[-118.464009,49.007519],[-118.464941,49.00752],[-118.464947,49.008729]]]},"properties":{"GlobalID":"{846253CB-35CC-480E-9490-590B59281D3E}","Name":"003532747","PlanID":"{53508F96-43B3-4AFF-A93F-54510B640D79}","PlanNumber":"KAP11606","PIN":null,"PID":3532747,"Designation1":"Lot 1","Designation2":null,"Designation3":null,"ParcelStatus":"ACTIVE","RegionalDistrict":"0019","ParcelClass":"SUBDIVISION","SourceParcelID":null,"GeometrySource":"ICF","IsRemainder":"NO","ParcelStartDate":null,"PositionalError":2.35617547,"LegalDescription":"LOT 1 DISTRICT LOT 500 SIMILKAMEEN DIVISION YALE DISTRICT PLAN 11606","CaptureMethod":"UNKNOWN","OwnerType":"PRIVATE","Compiled":1,"CreatedDate":"2016-09-20T23:24:06.000Z","ModifiedDate":"2021-11-05T18:00:01.000Z","StatedArea":null,"ErrorReportedBy":"PMBC-OPERATIONS","Municipality":"0163","OBJECTID":49147,"created_user":"SDE","created_date":"2024-11-12T16:15:31.000Z","last_edited_user":"SDE","last_edited_date":"2026-03-25T16:06:10.000Z","Shape__Area":11723.30738478,"Shape__Length":479.06273093913177,"CommonName":null,"SourceGlobalID":"{3896A6C8-3B8B-4F96-A368-9E65AA89547B}","Comments":null,"UpdateStatus":"AUTO","UpdateSource":"PMBC"}},{"type":"Feature","geometry":{"type":"Polygon","coordinates":[[[-118.459074,49.012511],[-118.458391,49.012509],[-118.458381,49.012015],[-118.459072,49.012014],[-118.459074,49.012511]]]},"properties":{"GlobalID":"{A7AA8679-BD9C-47D6-B290-6D4BBC42F09B}","Name":"008589038","PlanID":"{390F593E-0422-4737-B2F4-4D924648CF71}","PlanNumber":"KAP14938","PIN":null,"PID":8589038,"Designation1":"Lot 4","Designation2":null,"Designation3":null,"ParcelStatus":"ACTIVE","RegionalDistrict":"0019","ParcelClass":"SUBDIVISION","SourceParcelID":null,"GeometrySource":"ICF","IsRemainder":"NO","ParcelStartDate":null,"PositionalError":9.088356,"LegalDescription":"LOT 4 DISTRICT LOT 500 SIMILKAMEEN DIVISION YALE DISTRICT PLAN 14938","CaptureMethod":"UNKNOWN","OwnerType":"PRIVATE","Compiled":1,"CreatedDate":"2016-09-20T23:24:06.000Z","ModifiedDate":"2021-11-05T18:00:01.000Z","StatedArea":null,"ErrorReportedBy":"PMBC-OPERATIONS","Municipality":"0163","OBJECTID":49148,"created_user":"SDE","created_date":"2024-11-12T16:15:31.000Z","last_edited_user":"SDE","last_edited_date":"2026-03-25T16:06:10.000Z","Shape__Area":2769.20282097,"Shape__Length":210.72010301775822,"CommonName":null,"SourceGlobalID":"{EE20E59E-6E90-4054-9906-1941DC00C9A3}","Comments":null,"UpdateStatus":"AUTO","UpdateSource":"PMBC"}},{"type":"Feature","geometry":{"type":"Polygon","coordinates":[[[-118.461293,49.010517],[-118.461302,49.009841],[-118.463195,49.009579],[-118.463192,49.009746],[-118.463226,49.011233],[-118.463227,49.011257],[-118.463254,49.012567],[-118.463254,49.012598],[-118.461826,49.01262],[-118.461823,49.012557],[-118.461739,49.012557],[-118.46174,49.010996],[-118.461292,49.011],[-118.461291,49.010753],[-118.461291,49.010738],[-118.461291,49.010562],[-118.461293,49.010517]]]},"properties":{"GlobalID":"{CB0B945D-D823-4CD1-B4E4-C23F866E4EEE}","Name":"008331812","PlanID":"{1AB2E1DC-797D-49D1-8E0E-0CEF5B68721E}","PlanNumber":"KAP17987","PIN":null,"PID":8331812,"Designation1":"Lot B","Designation2":null,"Designation3":null,"ParcelStatus":"ACTIVE","RegionalDistrict":"0019","ParcelClass":"SUBDIVISION","SourceParcelID":null,"GeometrySource":"ICF","IsRemainder":"NO","ParcelStartDate":null,"PositionalError":4.59152603,"LegalDescription":"LOT B DISTRICT LOT 500 SIMILKAMEEN DIVISION YALE DISTRICT PLAN 17987","CaptureMethod":"UNKNOWN","OwnerType":"PRIVATE","Compiled":1,"CreatedDate":"2016-09-20T23:24:06.000Z","ModifiedDate":"2021-11-05T17:57:22.000Z","StatedArea":null,"ErrorReportedBy":"LSA","Municipality":"0163","OBJECTID":49149,"created_user":"SDE","created_date":"2024-11-12T16:15:31.000Z","last_edited_user":"SDE","last_edited_date":"2026-03-25T16:06:10.000Z","Shape__Area":39603.64725124,"Shape__Length":930.0807623987237,"CommonName":null,"SourceGlobalID":"{C1374D6E-E5AC-4452-A9A8-ED52543BB775}","Comments":null,"UpdateStatus":"AUTO","UpdateSource":"PMBC"}},{"type":"Feature","geometry":{"type":"Polygon","coordinates":[[[-118.454765,49.008819],[-118.45478,49.00797],[-118.455111,49.007973],[-118.455118,49.007496],[-118.456441,49.007497],[-118.456428,49.010236],[-118.454753,49.010469],[-118.454765,49.008819]]]},"properties":{"GlobalID":"{D8899444-D42D-49EC-8A03-9257C48C86CA}","Name":"004694279","PlanID":"{2F0D1D30-3649-4A4E-A40A-A0D2C0FB91A4}","PlanNumber":"KAP12226","PIN":null,"PID":4694279,"Designation1":"Lot 1","Designation2":null,"Designation3":null,"ParcelStatus":"ACTIVE","RegionalDistrict":"0019","ParcelClass":"SUBDIVISION","SourceParcelID":null,"GeometrySource":"ICF","IsRemainder":"NO","ParcelStartDate":null,"PositionalError":7.1353184,"LegalDescription":"LOT 1 DISTRICT LOT 500 SIMILKAMEEN DIVISION YALE DISTRICT PLAN 12226","CaptureMethod":"UNKNOWN","OwnerType":"PRIVATE","Compiled":1,"CreatedDate":"2016-09-20T23:24:06.000Z","ModifiedDate":"2021-11-05T18:00:01.000Z","StatedArea":null,"ErrorReportedBy":"PMBC-OPERATIONS","Municipality":"0163","OBJECTID":49150,"created_user":"SDE","created_date":"2024-11-12T16:15:31.000Z","last_edited_user":"SDE","last_edited_date":"2026-03-25T16:06:10.000Z","Shape__Area":37428.63487503,"Shape__Length":881.5931501998298,"CommonName":null,"SourceGlobalID":"{2A968F3B-3C56-4130-AF65-C67F9D79368A}","Comments":null,"UpdateStatus":"AUTO","UpdateSource":"PMBC"}},{"type":"Feature","geometry":{"type":"Polygon","coordinates":[[[-118.460017,49.012511],[-118.459074,49.012511],[-118.459072,49.012014],[-118.459066,49.010885],[-118.459068,49.010721],[-118.459069,49.010676],[-118.45908,49.010149],[-118.460044,49.010016],[-118.460014,49.010631],[-118.460014,49.010676],[-118.460012,49.010841],[-118.460017,49.012511]]]},"properties":{"GlobalID":"{B8F739AE-D390-471A-9B69-3E49CA87C353}","Name":"008915725","PlanID":"{390F593E-0422-4737-B2F4-4D924648CF71}","PlanNumber":"KAP14938","PIN":null,"PID":8915725,"Designation1":"Lot 3","Designation2":null,"Designation3":null,"ParcelStatus":"ACTIVE","RegionalDistrict":"0019","ParcelClass":"SUBDIVISION","SourceParcelID":null,"GeometrySource":"ICF","IsRemainder":"NO","ParcelStartDate":null,"PositionalError":9.13833316,"LegalDescription":"LOT 3 DISTRICT LOT 500 SIMILKAMEEN DIVISION YALE DISTRICT PLAN 14938","CaptureMethod":"UNKNOWN","OwnerType":"PRIVATE","Compiled":1,"CreatedDate":"2016-09-20T23:24:06.000Z","ModifiedDate":"2021-11-05T18:00:01.000Z","StatedArea":null,"ErrorReportedBy":"PMBC-OPERATIONS","Municipality":"0163","OBJECTID":49151,"created_user":"SDE","created_date":"2024-11-12T16:15:31.000Z","last_edited_user":"SDE","last_edited_date":"2026-03-25T16:06:10.000Z","Shape__Area":18682.839665045,"Shape__Length":681.0498175665023,"CommonName":null,"SourceGlobalID":"{C546D993-EA21-4709-9E63-25F5BD4AAF5E}","Comments":null,"UpdateStatus":"AUTO","UpdateSource":"PMBC"}},{"type":"Feature","geometry":{"type":"Polygon","coordinates":[[[-118.453389,49.012183],[-118.453146,49.012262],[-118.452931,49.012332],[-118.452816,49.012369],[-118.452843,49.011013],[-118.454653,49.010763],[-118.454639,49.01225],[-118.454459,49.012224],[-118.454343,49.012205],[-118.454202,49.012137],[-118.454095,49.01211],[-118.453998,49.012094],[-118.453897,49.012091],[-118.453813,49.012102],[-118.453775,49.012109],[-118.453625,49.012141],[-118.453577,49.012145],[-118.453389,49.012183]]]},"properties":{"GlobalID":"{2F8B4F0A-961D-457D-9C5A-409DDE6D5A21}","Name":"003880109","PlanID":"{5E5276F8-54E7-486C-9838-07E3EAE32458}","PlanNumber":"KAP30646","PIN":null,"PID":3880109,"Designation1":"Lot A","Designation2":null,"Designation3":null,"ParcelStatus":"ACTIVE","RegionalDistrict":"0019","ParcelClass":"SUBDIVISION","SourceParcelID":null,"GeometrySource":"ICF","IsRemainder":"NO","ParcelStartDate":null,"PositionalError":9.05364789,"LegalDescription":"LOT A DISTRICT LOT 500 SIMILKAMEEN DIVISION YALE DISTRICT PLAN 30646","CaptureMethod":"UNKNOWN","OwnerType":"PRIVATE","Compiled":1,"CreatedDate":"2016-09-20T23:24:06.000Z","ModifiedDate":"2021-11-05T18:00:01.000Z","StatedArea":null,"ErrorReportedBy":"PMBC-OPERATIONS","Municipality":"0163","OBJECTID":49152,"created_user":"SDE","created_date":"2024-11-12T16:15:31.000Z","last_edited_user":"SDE","last_edited_date":"2026-03-25T16:06:10.000Z","Shape__Area":19234.209721465,"Shape__Length":594.9007750626299,"CommonName":null,"SourceGlobalID":"{6A43B6EE-091E-4F4A-A40B-A81D43A73E30}","Comments":null,"UpdateStatus":"AUTO","UpdateSource":"PMBC"}},{"type":"Feature","geometry":{"type":"Polygon","coordinates":[[[-118.456441,49.007497],[-118.458142,49.007504],[-118.458154,49.009996],[-118.458074,49.010007],[-118.456428,49.010236],[-118.456441,49.007497]]]},"properties":{"GlobalID":"{1F0D5897-71A3-4DEE-B4F6-74A3220C65B0}","Name":"011153601","PlanID":"{EC075DF1-2DC4-4CF4-84EC-E9E75727A52C}","PlanNumber":"KAP140","PIN":null,"PID":11153601,"Designation1":"Lot 16","Designation2":null,"Designation3":null,"ParcelStatus":"ACTIVE","RegionalDistrict":"0019","ParcelClass":"SUBDIVISION","SourceParcelID":null,"GeometrySource":"ICF","IsRemainder":"NO","ParcelStartDate":null,"PositionalError":6.00039059,"LegalDescription":"THAT PART LOT 16 SHOWN ON PLAN B1599 DISTRICT LOT 500 SIMILKAMEEN DIVISION YALE DISTRICT PLAN 140","CaptureMethod":"UNKNOWN","OwnerType":"PRIVATE","Compiled":1,"CreatedDate":"2016-09-20T23:24:06.000Z","ModifiedDate":"2021-11-05T18:00:01.000Z","StatedArea":null,"ErrorReportedBy":"PMBC-OPERATIONS","Municipality":"0163","OBJECTID":49153,"created_user":"SDE","created_date":"2024-11-12T16:15:31.000Z","last_edited_user":"SDE","last_edited_date":"2026-03-25T16:06:10.000Z","Shape__Area":36455.595353695,"Shape__Length":835.1885658578561,"CommonName":null,"SourceGlobalID":"{D91E5425-DD9C-46B4-B73F-185F5ED64DE6}","Comments":null,"UpdateStatus":"AUTO","UpdateSource":"PMBC"}},{"type":"Feature","geometry":{"type":"Polygon","coordinates":[[[-118.463412,49.007517],[-118.464009,49.007519],[-118.463992,49.009185],[-118.463394,49.009268],[-118.463412,49.007517]]]},"properties":{"GlobalID":"{B292F775-C955-4F92-83D2-894B3D646682}","Name":"009481630","PlanID":"{53508F96-43B3-4AFF-A93F-54510B640D79}","PlanNumber":"KAP11606","PIN":null,"PID":9481630,"Designation1":"Lot 2","Designation2":null,"Designation3":null,"ParcelStatus":"ACTIVE","RegionalDistrict":"0019","ParcelClass":"SUBDIVISION","SourceParcelID":null,"GeometrySource":"ICF","IsRemainder":"NO","ParcelStartDate":null,"PositionalError":2.70917568,"LegalDescription":"LOT 2 DISTRICT LOT 500 SIMILKAMEEN DIVISION YALE DISTRICT PLAN 11606","CaptureMethod":"UNKNOWN","OwnerType":"PRIVATE","Compiled":1,"CreatedDate":"2016-09-20T23:24:06.000Z","ModifiedDate":"2021-11-05T18:00:01.000Z","StatedArea":null,"ErrorReportedBy":"PMBC-OPERATIONS","Municipality":"0163","OBJECTID":49154,"created_user":"SDE","created_date":"2024-11-12T16:15:31.000Z","last_edited_user":"SDE","last_edited_date":"2026-03-25T16:06:10.000Z","Shape__Area":8294.43358077,"Shape__Length":468.30376562706186,"CommonName":null,"SourceGlobalID":"{261370CD-8179-4839-A5CD-3450BD894CF4}","Comments":null,"UpdateStatus":"AUTO","UpdateSource":"PMBC"}},{"type":"Feature","geometry":{"type":"Polygon","coordinates":[[[-118.456915,49.012356],[-118.456483,49.012357],[-118.456487,49.012018],[-118.456657,49.012018],[-118.456852,49.012018],[-118.458105,49.012015],[-118.458106,49.012354],[-118.457125,49.012356],[-118.456915,49.012356]]]},"properties":{"GlobalID":"{E06353BC-4575-415B-A27B-579F57E410DD}","Name":"008915741","PlanID":"{390F593E-0422-4737-B2F4-4D924648CF71}","PlanNumber":"KAP14938","PIN":null,"PID":8915741,"Designation1":"Lot 6","Designation2":null,"Designation3":null,"ParcelStatus":"ACTIVE","RegionalDistrict":"0019","ParcelClass":"SUBDIVISION","SourceParcelID":null,"GeometrySource":"ICF","IsRemainder":"NO","ParcelStartDate":null,"PositionalError":9.12141041,"LegalDescription":"LOT 6 DISTRICT LOT 500 SIMILKAMEEN DIVISION YALE DISTRICT PLAN 14938","CaptureMethod":"UNKNOWN","OwnerType":"PRIVATE","Compiled":1,"CreatedDate":"2016-09-20T23:24:06.000Z","ModifiedDate":"2021-11-05T18:00:01.000Z","StatedArea":null,"ErrorReportedBy":"PMBC-OPERATIONS","Municipality":"0163","OBJECTID":49155,"created_user":"SDE","created_date":"2024-11-12T16:15:31.000Z","last_edited_user":"SDE","last_edited_date":"2026-03-25T16:06:10.000Z","Shape__Area":4461.8101031,"Shape__Length":312.38302112831605,"CommonName":null,"SourceGlobalID":"{42CF738E-B6F9-4FFB-A865-4F00BCBB8D6E}","Comments":null,"UpdateStatus":"AUTO","UpdateSource":"PMBC"}},{"type":"Feature","geometry":{"type":"Polygon","coordinates":[[[-118.447004,49.012468],[-118.447005,49.012304],[-118.447006,49.011999],[-118.447007,49.011822],[-118.449265,49.011509],[-118.451479,49.011202],[-118.451468,49.011618],[-118.451447,49.012424],[-118.451206,49.012416],[-118.451069,49.012424],[-118.450916,49.012432],[-118.450793,49.012428],[-118.450589,49.012405],[-118.450449,49.012378],[-118.450297,49.012344],[-118.450115,49.012325],[-118.449865,49.012283],[-118.449729,49.012263],[-118.449572,49.01226],[-118.449431,49.012275],[-118.449271,49.012294],[-118.449084,49.012305],[-118.448812,49.012324],[-118.448532,49.012359],[-118.448299,49.012389],[-118.448081,49.012412],[-118.4479,49.012427],[-118.447696,49.012447],[-118.447455,49.012496],[-118.447289,49.012531],[-118.44706,49.012466],[-118.447004,49.012468]]]},"properties":{"GlobalID":"{5AD4EE56-8D5D-449E-A9F9-5996C70D19EC}","Name":"004261950","PlanID":"{F0DB3B36-A152-4C45-B118-275779D2B1D7}","PlanNumber":"NO_PLAN","PIN":null,"PID":4261950,"Designation1":"PART 519","Designation2":null,"Designation3":null,"ParcelStatus":"ACTIVE","RegionalDistrict":"0019","ParcelClass":"SUBDIVISION","SourceParcelID":null,"GeometrySource":"ICF","IsRemainder":"NO","ParcelStartDate":null,"PositionalError":6.9186478,"LegalDescription":"THAT PART OF DISTRICT LOT 519 SIMILKAMEEN DIVISION YALE DISTRICT AS SHOWN ON PLAN B894 CONTAINING 6.5 ACRES MORE OR LESS; BEING ALL THAT PORTION THEREOF LYING NORTH OF THE RIGHT-OF-WAY OF THE KETTLE RIVER VALLEY RAILWAY COMPANY AS SAID RIGHT-OF-WAY IS SHOWN ON PLAN B894","CaptureMethod":"UNKNOWN","OwnerType":"PRIVATE","Compiled":1,"CreatedDate":"2016-09-20T23:24:06.000Z","ModifiedDate":"2025-07-30T20:47:14.000Z","StatedArea":null,"ErrorReportedBy":"LSA","Municipality":"0163","OBJECTID":49156,"created_user":"SDE","created_date":"2024-11-12T16:15:31.000Z","last_edited_user":"SDE","last_edited_date":"2026-03-25T16:06:10.000Z","Shape__Area":31395.00643715,"Shape__Length":873.8478898860673,"CommonName":null,"SourceGlobalID":"{82C00B16-9E72-49CE-9135-D5AB0FE532FE}","Comments":null,"UpdateStatus":"AUTO","UpdateSource":"PMBC"}},{"type":"Feature","geometry":{"type":"Polygon","coordinates":[[[-118.458385,49.007504],[-118.459239,49.007505],[-118.459477,49.007507],[-118.459423,49.00982],[-118.459213,49.009849],[-118.458395,49.009963],[-118.458385,49.007504]]]},"properties":{"GlobalID":"{8A0BD556-C58A-41E6-AE88-4F9BF5A3FF35}","Name":"012684341","PlanID":"{EC075DF1-2DC4-4CF4-84EC-E9E75727A52C}","PlanNumber":"KAP140","PIN":null,"PID":12684341,"Designation1":"Lot 16","Designation2":null,"Designation3":null,"ParcelStatus":"ACTIVE","RegionalDistrict":"0019","ParcelClass":"SUBDIVISION","SourceParcelID":null,"GeometrySource":"ICF","IsRemainder":"NO","ParcelStartDate":null,"PositionalError":5.96666937,"LegalDescription":"THAT PART OF LOT 16 SHOWN ON PLAN B796; DISTRICT LOT 500 SIMILKAMEEN DIVISION YALE DISTRICT PLAN 140","CaptureMethod":"UNKNOWN","OwnerType":"PRIVATE","Compiled":1,"CreatedDate":"2016-09-20T23:24:06.000Z","ModifiedDate":"2021-11-05T18:00:01.000Z","StatedArea":null,"ErrorReportedBy":"PMBC-OPERATIONS","Municipality":"0163","OBJECTID":49157,"created_user":"SDE","created_date":"2024-11-12T16:15:31.000Z","last_edited_user":"SDE","last_edited_date":"2026-03-25T16:06:10.000Z","Shape__Area":20559.890631885,"Shape__Length":687.2500166883318,"CommonName":null,"SourceGlobalID":"{232E456E-4384-4A21-A5F5-1AB1B25CA57F}","Comments":null,"UpdateStatus":"AUTO","UpdateSource":"PMBC"}},{"type":"Feature","geometry":{"type":"Polygon","coordinates":[[[-118.461907,49.009086],[-118.461907,49.009114],[-118.461906,49.009475],[-118.459423,49.00982],[-118.459477,49.007507],[-118.461928,49.007513],[-118.461907,49.009086]]]},"properties":{"GlobalID":"{6757AE8C-968A-4098-9770-204B28D3EBBE}","Name":"008328706","PlanID":"{EDB6B6D1-2A0B-4032-B23B-D269EEA75315}","PlanNumber":"KAP3217","PIN":null,"PID":8328706,"Designation1":"Lot 1","Designation2":null,"Designation3":null,"ParcelStatus":"ACTIVE","RegionalDistrict":"0019","ParcelClass":"SUBDIVISION","SourceParcelID":null,"GeometrySource":"ICF","IsRemainder":"NO","ParcelStartDate":null,"PositionalError":5.96666937,"LegalDescription":"LOT 1 DISTRICT LOT 500 SIMILKAMEEN DIVISION YALE DISTRICT PLAN 3217","CaptureMethod":"UNKNOWN","OwnerType":"PRIVATE","Compiled":1,"CreatedDate":"2016-09-20T23:24:06.000Z","ModifiedDate":"2021-11-05T18:00:01.000Z","StatedArea":null,"ErrorReportedBy":"PMBC-OPERATIONS","Municipality":"0163","OBJECTID":49158,"created_user":"SDE","created_date":"2024-11-12T16:15:31.000Z","last_edited_user":"SDE","last_edited_date":"2026-03-25T16:06:10.000Z","Shape__Area":42795.90938005,"Shape__Length":840.1810170689021,"CommonName":null,"SourceGlobalID":"{00E63D55-AC9E-45C7-B26D-931078039112}","Comments":null,"UpdateStatus":"AUTO","UpdateSource":"PMBC"}},{"type":"Feature","geometry":{"type":"Polygon","coordinates":[[[-118.456483,49.012357],[-118.456915,49.012356],[-118.457125,49.012356],[-118.458106,49.012354],[-118.458107,49.012697],[-118.457357,49.012694],[-118.457125,49.012694],[-118.45648,49.012693],[-118.456483,49.012357]]]},"properties":{"GlobalID":"{83504E33-D244-4DCA-9B81-C4BE6C328F1F}","Name":"008915733","PlanID":"{390F593E-0422-4737-B2F4-4D924648CF71}","PlanNumber":"KAP14938","PIN":null,"PID":8915733,"Designation1":"Lot 5","Designation2":null,"Designation3":null,"ParcelStatus":"ACTIVE","RegionalDistrict":"0019","ParcelClass":"SUBDIVISION","SourceParcelID":null,"GeometrySource":"ICF","IsRemainder":"NO","ParcelStartDate":null,"PositionalError":9.1681457,"LegalDescription":"LOT 5 DISTRICT LOT 500 SIMILKAMEEN DIVISION YALE DISTRICT PLAN 14938","CaptureMethod":"UNKNOWN","OwnerType":"PRIVATE","Compiled":1,"CreatedDate":"2016-09-20T23:24:06.000Z","ModifiedDate":"2021-11-05T18:00:01.000Z","StatedArea":null,"ErrorReportedBy":"PMBC-OPERATIONS","Municipality":"0163","OBJECTID":49159,"created_user":"SDE","created_date":"2024-11-12T16:15:31.000Z","last_edited_user":"SDE","last_edited_date":"2026-03-25T16:06:10.000Z","Shape__Area":4477.649292935,"Shape__Length":313.0722217389962,"CommonName":null,"SourceGlobalID":"{E0AE6EFD-7723-4599-8345-7B78F0EDF62C}","Comments":null,"UpdateStatus":"AUTO","UpdateSource":"PMBC"}},{"type":"Feature","geometry":{"type":"Polygon","coordinates":[[[-118.462822,49.009348],[-118.462713,49.009363],[-118.46251,49.009391],[-118.461906,49.009475],[-118.461907,49.009114],[-118.461907,49.009086],[-118.461928,49.007513],[-118.46284,49.007516],[-118.462822,49.009348]]]},"properties":{"GlobalID":"{ACC1A45E-1BF4-4B95-866C-ED04221A4BE8}","Name":"009481681","PlanID":"{53508F96-43B3-4AFF-A93F-54510B640D79}","PlanNumber":"KAP11606","PIN":null,"PID":9481681,"Designation1":"Lot 4","Designation2":null,"Designation3":null,"ParcelStatus":"ACTIVE","RegionalDistrict":"0019","ParcelClass":"SUBDIVISION","SourceParcelID":null,"GeometrySource":"ICF","IsRemainder":"NO","ParcelStartDate":null,"PositionalError":4.80199652,"LegalDescription":"LOT 4 DISTRICT LOT 500 SIMILKAMEEN DIVISION YALE DISTRICT PLAN 11606","CaptureMethod":"UNKNOWN","OwnerType":"PRIVATE","Compiled":1,"CreatedDate":"2016-09-20T23:24:06.000Z","ModifiedDate":"2021-11-05T18:00:01.000Z","StatedArea":null,"ErrorReportedBy":"PMBC-OPERATIONS","Municipality":"0163","OBJECTID":49160,"created_user":"SDE","created_date":"2024-11-12T16:15:31.000Z","last_edited_user":"SDE","last_edited_date":"2026-03-25T16:06:10.000Z","Shape__Area":14114.770286725,"Shape__Length":556.9055268788013,"CommonName":null,"SourceGlobalID":"{5B4D0CB7-F8B5-4B6E-8581-648DEB54ECB4}","Comments":null,"UpdateStatus":"AUTO","UpdateSource":"PMBC"}}]}
